"日付","取引所コード","株式債券種別ｺｰﾄﾞ","銘柄コード","ISIN","前場始値","前場高値","前場安値","前場終値","後場始値","後場高値","後場安値","後場終値","日通し始値","日通し高値","日通し安値","日通し終値","特別気配コード","特別気配値段","清算値段／証拠金算定基準値段","売買高","売買代金","VWAP"
"20201214","01","11","    13010","JP3257200000","2830.0000","2887.0000","2830.0000","2881.0000","2881.0000","2888.0000","2867.0000","2888.0000","2830.0000","2888.0000","2830.0000","2888.0000"," ","0.0000","0.0000","31200","89584200","2871.2885"
"20201214","01","11","    13050","JP3027620008","1878.0000","1897.0000","1878.0000","1896.0000","1892.0000","1892.0000","1879.0000","1881.0000","1878.0000","1897.0000","1878.0000","1881.0000"," ","0.0000","0.0000","222630","420414470","1888.3999"
"20201214","01","11","    13060","JP3027630007","1856.0000","1876.0000","1856.0000","1873.0000","1871.0000","1871.0000","1857.0000","1861.0000","1856.0000","1876.0000","1856.0000","1861.0000"," ","0.0000","0.0000","1280580","2387938340","1864.7319"
"20201214","01","11","    13080","JP3039100007","1838.0000","1856.0000","1838.0000","1854.0000","1851.0000","1851.0000","1838.0000","1841.0000","1838.0000","1856.0000","1838.0000","1841.0000"," ","0.0000","0.0000","563100","1040137200","1847.1625"
"20201214","01","11","    13090","JP3046510008","41350.0000","41950.0000","41350.0000","41950.0000","41950.0000","41950.0000","41800.0000","41800.0000","41350.0000","41950.0000","41350.0000","41800.0000"," ","0.0000","0.0000","149","6224900","41777.8523"
"20201214","01","11","    13110","JP3040140000","819.0000","827.0000","819.0000","825.0000","825.0000","825.0000","819.0000","819.0000","819.0000","827.0000","819.0000","819.0000"," ","0.0000","0.0000","9790","8048120","822.0756"
"20201214","01","11","    13120","JP3046520007","19990.0000","20250.0000","19990.0000","20250.0000","20190.0000","20220.0000","20190.0000","20220.0000","19990.0000","20250.0000","19990.0000","20220.0000"," ","0.0000","0.0000","41","824480","20109.2683"
"20201214","01","11","    13200","JP3027640006","27420.0000","27600.0000","27420.0000","27560.0000","27530.0000","27550.0000","27440.0000","27460.0000","27420.0000","27600.0000","27420.0000","27460.0000"," ","0.0000","0.0000","72465","1995452290","27536.7735"
"20201214","01","11","    13210","JP3027650005","27480.0000","27660.0000","27480.0000","27620.0000","27580.0000","27600.0000","27500.0000","27530.0000","27480.0000","27660.0000","27480.0000","27530.0000"," ","0.0000","0.0000","137341","3785517730","27562.9108"
"20201214","01","11","    13220","JP3046760009","7990.0000","7990.0000","7760.0000","7830.0000","7850.0000","7850.0000","7800.0000","7840.0000","7990.0000","7990.0000","7760.0000","7840.0000"," ","0.0000","0.0000","1350","10576100","7834.1481"
"20201214","01","11","    13230","JP3046780007","344.0000","350.0000","344.0000","350.0000","350.0000","350.0000","347.0000","347.0000","344.0000","350.0000","344.0000","347.0000"," ","0.0000","0.0000","9100","3140500","345.1099"
"20201214","01","11","    13240","JP3046790006","136.0000","137.0000","135.0000","136.0000","136.0000","137.0000","135.0000","135.0000","136.0000","137.0000","135.0000","135.0000"," ","0.0000","0.0000","25400","3456000","136.0630"
"20201214","01","11","    13250","JP3046800003","164.0000","165.0000","163.0000","164.0000","164.0000","165.0000","164.0000","165.0000","164.0000","165.0000","163.0000","165.0000"," ","0.0000","0.0000","44800","7361600","164.3214"
"20201214","01","11","    13280","JP3046490003","4900.0000","4900.0000","4885.0000","4885.0000","4895.0000","4895.0000","4885.0000","4895.0000","4900.0000","4900.0000","4885.0000","4895.0000"," ","0.0000","0.0000","12180","59592450","4892.6478"
"20201214","01","11","    13290","JP3027710007","27600.0000","27770.0000","27600.0000","27720.0000","27700.0000","27720.0000","27620.0000","27650.0000","27600.0000","27770.0000","27600.0000","27650.0000"," ","0.0000","0.0000","10034","278384420","27744.1120"
"20201214","01","11","    13300","JP3027660004","27550.0000","27710.0000","27540.0000","27670.0000","27640.0000","27650.0000","27550.0000","27580.0000","27550.0000","27710.0000","27540.0000","27580.0000"," ","0.0000","0.0000","44840","1238835700","27627.9148"
"20201214","01","11","    13320","JP3718800000","425.0000","432.0000","425.0000","431.0000","429.0000","431.0000","426.0000","427.0000","425.0000","432.0000","425.0000","427.0000"," ","0.0000","0.0000","1738500","744506900","428.2467"
"20201214","01","11","    13330","JP3876600002","2187.0000","2215.0000","2183.0000","2211.0000","2210.0000","2210.0000","2185.0000","2187.0000","2187.0000","2215.0000","2183.0000","2187.0000"," ","0.0000","0.0000","147200","323420100","2197.1474"
"20201214","01","11","    13430","JP3047010008","1838.0000","1839.0000","1829.0000","1837.0000","1837.0000","1839.0000","1828.0000","1828.0000","1838.0000","1839.0000","1828.0000","1828.0000"," ","0.0000","0.0000","215750","395856850","1834.7942"
"20201214","01","11","    13440","JP3047020007","796.0000","802.0000","796.0000","800.0000","799.0000","799.0000","797.0000","797.0000","796.0000","802.0000","796.0000","797.0000"," ","0.0000","0.0000","3330","2662120","799.4354"
"20201214","01","11","    13450","JP3047030006","1741.0000","1741.0000","1730.0000","1736.0000","1735.0000","1738.0000","1730.0000","1730.0000","1741.0000","1741.0000","1730.0000","1730.0000"," ","0.0000","0.0000","129300","224553500","1736.6860"
"20201214","01","11","    13460","JP3047040005","27630.0000","27790.0000","27630.0000","27750.0000","27720.0000","27740.0000","27630.0000","27670.0000","27630.0000","27790.0000","27630.0000","27670.0000"," ","0.0000","0.0000","19080","528996520","27725.1845"
"20201214","01","11","    13480","JP3047060003","1858.0000","1875.0000","1858.0000","1874.0000","1872.0000","1872.0000","1858.0000","1859.0000","1858.0000","1875.0000","1858.0000","1859.0000"," ","0.0000","0.0000","198770","371019460","1866.5767"
"20201214","01","11","    13520","JP3839400003","1029.0000","1039.0000","1024.0000","1024.0000","1025.0000","1027.0000","1020.0000","1020.0000","1029.0000","1039.0000","1020.0000","1020.0000"," ","0.0000","0.0000","2200","2253700","1024.4091"
"20201214","01","11","    13560","JP3047770007","1458.0000","1459.0000","1429.0000","1430.0000","1435.0000","1457.0000","1435.0000","1453.0000","1458.0000","1459.0000","1429.0000","1453.0000"," ","0.0000","0.0000","392510","566487320","1443.2430"
"20201214","01","11","    13570","JP3047780006","527.0000","527.0000","520.0000","522.0000","523.0000","527.0000","522.0000","525.0000","527.0000","527.0000","520.0000","525.0000"," ","0.0000","0.0000","47585974","24918226489","523.6465"
"20201214","01","11","    13580","JP3047790005","25360.0000","25660.0000","25360.0000","25580.0000","25530.0000","25550.0000","25370.0000","25410.0000","25360.0000","25660.0000","25360.0000","25410.0000"," ","0.0000","0.0000","14405","367659290","25523.0330"
"20201214","01","11","    13600","JP3047810001","1281.0000","1281.0000","1265.0000","1269.0000","1272.0000","1281.0000","1271.0000","1277.0000","1281.0000","1281.0000","1265.0000","1277.0000"," ","0.0000","0.0000","5532110","7043315200","1273.1698"
"20201214","01","11","    13640","JP3047840008","16580.0000","16730.0000","16580.0000","16700.0000","16630.0000","16640.0000","16590.0000","16590.0000","16580.0000","16730.0000","16580.0000","16590.0000"," ","0.0000","0.0000","216","3591150","16625.6944"
"20201214","01","11","    13650","JP3047850007","20940.0000","21190.0000","20940.0000","21120.0000","21090.0000","21100.0000","20950.0000","21000.0000","20940.0000","21190.0000","20940.0000","21000.0000"," ","0.0000","0.0000","28171","593970130","21084.4532"
"20201214","01","11","    13660","JP3047860006","1373.0000","1373.0000","1357.0000","1362.0000","1364.0000","1373.0000","1362.0000","1369.0000","1373.0000","1373.0000","1357.0000","1369.0000"," ","0.0000","0.0000","271824","370775328","1364.0272"
"20201214","01","11","    13670","JP3047870005","15610.0000","15910.0000","15580.0000","15890.0000","15840.0000","15840.0000","15610.0000","15660.0000","15610.0000","15910.0000","15580.0000","15660.0000"," ","0.0000","0.0000","20133","317218400","15756.1417"
"20201214","01","11","    13680","JP3047880004","2120.0000","2120.0000","2075.0000","2080.0000","2085.0000","2115.0000","2085.0000","2111.0000","2120.0000","2120.0000","2075.0000","2111.0000"," ","0.0000","0.0000","68687","144036056","2096.9915"
"20201214","01","11","    13690","JP3047890003","26840.0000","26990.0000","26840.0000","26970.0000","26960.0000","26960.0000","26880.0000","26880.0000","26840.0000","26990.0000","26840.0000","26880.0000"," ","0.0000","0.0000","254","6831350","26895.0787"
"20201214","01","11","    13750","JP3947010009","1720.0000","1727.0000","1700.0000","1718.0000","1718.0000","1718.0000","1689.0000","1692.0000","1720.0000","1727.0000","1689.0000","1692.0000"," ","0.0000","0.0000","240800","410154800","1703.3007"
"20201214","01","11","    13760","JP3216200000","1559.0000","1559.0000","1546.0000","1555.0000","1555.0000","1566.0000","1554.0000","1563.0000","1559.0000","1566.0000","1546.0000","1563.0000"," ","0.0000","0.0000","6300","9821000","1558.8889"
"20201214","01","11","    13770","JP3315000004","3530.0000","3555.0000","3505.0000","3555.0000","3555.0000","3555.0000","3505.0000","3510.0000","3530.0000","3555.0000","3505.0000","3510.0000"," ","0.0000","0.0000","61600","217123500","3524.7321"
"20201214","01","11","    13790","JP3843250006","2120.0000","2140.0000","2119.0000","2138.0000","2139.0000","2139.0000","2118.0000","2118.0000","2120.0000","2140.0000","2118.0000","2118.0000"," ","0.0000","0.0000","71800","152610400","2125.4930"
"20201214","01","11","    13840","JP3845670003","710.0000","711.0000","709.0000","709.0000","711.0000","713.0000","710.0000","712.0000","710.0000","713.0000","709.0000","712.0000"," ","0.0000","0.0000","6400","4552500","711.3281"
"20201214","01","11","    13970","JP3047920008","26880.0000","26880.0000","26880.0000","26880.0000","0.0000","0.0000","0.0000","0.0000","26880.0000","26880.0000","26880.0000","26880.0000"," ","0.0000","0.0000","1","26880","26880.0000"
"20201214","01","11","    13980","JP3047930007","1746.0000","1747.0000","1742.0000","1743.0000","1743.0000","1744.0000","1738.0000","1738.0000","1746.0000","1747.0000","1738.0000","1738.0000"," ","0.0000","0.0000","860","1498900","1742.9070"
"20201214","01","11","    13990","JP3048170009","1423.0000","1429.0000","1423.0000","1429.0000","1432.0000","1432.0000","1425.0000","1425.0000","1423.0000","1432.0000","1423.0000","1425.0000"," ","0.0000","0.0000","110","156940","1426.7273"
"20201214","01","11","    14130","JP3792100004","2153.0000","2184.0000","2153.0000","2176.0000","2176.0000","2177.0000","2159.0000","2163.0000","2153.0000","2184.0000","2153.0000","2163.0000"," ","0.0000","0.0000","17200","37285100","2167.7384"
"20201214","01","11","    14140","JP3360250009","5140.0000","5160.0000","5120.0000","5130.0000","5120.0000","5130.0000","5070.0000","5100.0000","5140.0000","5160.0000","5070.0000","5100.0000"," ","0.0000","0.0000","150200","767431000","5109.3941"
"20201214","01","11","    14170","JP3910620008","1678.0000","1693.0000","1674.0000","1685.0000","1685.0000","1685.0000","1673.0000","1677.0000","1678.0000","1693.0000","1673.0000","1677.0000"," ","0.0000","0.0000","263700","443151500","1680.5138"
"20201214","01","11","    14190","JP3470900006","1434.0000","1452.0000","1428.0000","1446.0000","1449.0000","1452.0000","1439.0000","1442.0000","1434.0000","1452.0000","1428.0000","1442.0000"," ","0.0000","0.0000","192400","278139700","1445.6325"
"20201214","01","11","    14200","JP3337550002","717.0000","720.0000","717.0000","720.0000","720.0000","720.0000","720.0000","720.0000","717.0000","720.0000","717.0000","720.0000"," ","0.0000","0.0000","4200","3018700","718.7381"
"20201214","01","11","    14290","JP3686140009","618.0000","632.0000","618.0000","630.0000","630.0000","630.0000","626.0000","627.0000","618.0000","632.0000","618.0000","627.0000"," ","0.0000","0.0000","36100","22637200","627.0693"
"20201214","01","11","    14300","JP3802210009","717.0000","723.0000","716.0000","722.0000","721.0000","721.0000","715.0000","717.0000","717.0000","723.0000","715.0000","717.0000"," ","0.0000","0.0000","19100","13727100","718.6963"
"20201214","01","11","    14330","JP3835550009","1672.0000","1702.0000","1640.0000","1687.0000","1687.0000","1687.0000","1639.0000","1648.0000","1672.0000","1702.0000","1639.0000","1648.0000"," ","0.0000","0.0000","66700","111239900","1667.7646"
"20201214","01","11","    14350","JP3153950005","176.0000","176.0000","174.0000","176.0000","176.0000","176.0000","174.0000","175.0000","176.0000","176.0000","174.0000","175.0000"," ","0.0000","0.0000","243300","42574700","174.9885"
"20201214","01","11","    14460","JP3244530006","515.0000","529.0000","512.0000","526.0000","525.0000","526.0000","520.0000","524.0000","515.0000","529.0000","512.0000","524.0000"," ","0.0000","0.0000","37000","19353100","523.0568"
"20201214","01","11","    14480","JP3400060004","621.0000","637.0000","621.0000","637.0000","636.0000","663.0000","636.0000","661.0000","621.0000","663.0000","621.0000","661.0000"," ","0.0000","0.0000","247800","159680900","644.3943"
"20201214","01","11","    14560","JP3047940006","4870.0000","4870.0000","4840.0000","4850.0000","4845.0000","4865.0000","4845.0000","4860.0000","4870.0000","4870.0000","4840.0000","4860.0000"," ","0.0000","0.0000","6081","29496795","4850.6487"
"20201214","01","11","    14570","JP3047950005","5990.0000","5990.0000","5920.0000","5930.0000","5940.0000","5980.0000","5940.0000","5980.0000","5990.0000","5990.0000","5920.0000","5980.0000"," ","0.0000","0.0000","348","2071040","5951.2644"
"20201214","01","11","    14580","JP3047970003","15870.0000","16060.0000","15870.0000","16010.0000","15990.0000","16000.0000","15880.0000","15900.0000","15870.0000","16060.0000","15870.0000","15900.0000"," ","0.0000","0.0000","260786","4167529500","15980.6489"
"20201214","01","11","    14590","JP3047980002","2097.0000","2097.0000","2069.0000","2078.0000","2081.0000","2094.0000","2079.0000","2088.0000","2097.0000","2097.0000","2069.0000","2088.0000"," ","0.0000","0.0000","3670480","7640901039","2081.7171"
"20201214","01","11","    14600","JP3048190007","23240.0000","23240.0000","23100.0000","23100.0000","0.0000","0.0000","0.0000","0.0000","23240.0000","23240.0000","23100.0000","23100.0000"," ","0.0000","0.0000","2","46340","23170.0000"
"20201214","01","11","    14640","JP3048000008","12510.0000","12750.0000","12510.0000","12740.0000","12730.0000","12730.0000","12580.0000","12580.0000","12510.0000","12750.0000","12510.0000","12580.0000"," ","0.0000","0.0000","338","4280250","12663.4615"
"20201214","01","11","    14650","JP3048010007","5780.0000","5780.0000","5780.0000","5780.0000","5790.0000","5790.0000","5790.0000","5790.0000","5780.0000","5790.0000","5780.0000","5790.0000"," ","0.0000","0.0000","27","156160","5783.7037"
"20201214","01","11","    14660","JP3048020006","2734.0000","2734.0000","2683.0000","2685.0000","2692.0000","2723.0000","2692.0000","2720.0000","2734.0000","2734.0000","2683.0000","2720.0000"," ","0.0000","0.0000","672","1814527","2700.1890"
"20201214","01","11","    14670","JP3048030005","11790.0000","12260.0000","11790.0000","12130.0000","12130.0000","12230.0000","11960.0000","12120.0000","11790.0000","12260.0000","11790.0000","12120.0000"," ","0.0000","0.0000","240","2896900","12070.4167"
"20201214","01","11","    14680","JP3048040004","0.0000","0.0000","0.0000","0.0000","0.0000","0.0000","0.0000","0.0000","0.0000","0.0000","0.0000","0.0000"," ","0.0000","0.0000","0","0","0.0000"
"20201214","01","11","    14690","JP3048050003","2737.0000","2737.0000","2680.0000","2680.0000","2681.0000","2717.0000","2670.0000","2717.0000","2737.0000","2737.0000","2670.0000","2717.0000"," ","0.0000","0.0000","2920","7876970","2697.5925"
"20201214","01","11","    14700","JP3048060002","22330.0000","22460.0000","22330.0000","22450.0000","22650.0000","22650.0000","22650.0000","22650.0000","22330.0000","22650.0000","22330.0000","22650.0000"," ","0.0000","0.0000","24","537600","22400.0000"
"20201214","01","11","    14710","JP3048070001","3740.0000","3740.0000","3710.0000","3710.0000","0.0000","0.0000","0.0000","0.0000","3740.0000","3740.0000","3710.0000","3710.0000"," ","0.0000","0.0000","37","137455","3715.0000"
"20201214","01","11","    14720","JP3048080000","1083.0000","1085.0000","1078.0000","1078.0000","1085.0000","1088.0000","1076.0000","1085.0000","1083.0000","1088.0000","1076.0000","1085.0000"," ","0.0000","0.0000","5512","5957189","1080.7672"
"20201214","01","11","    14730","JP3048090009","1819.0000","1836.0000","1819.0000","1836.0000","1833.0000","1833.0000","1823.0000","1823.0000","1819.0000","1836.0000","1819.0000","1823.0000"," ","0.0000","0.0000","65230","119444100","1831.1222"
"20201214","01","11","    14740","JP3048100006","16460.0000","16570.0000","16460.0000","16570.0000","16480.0000","16480.0000","16480.0000","16480.0000","16460.0000","16570.0000","16460.0000","16480.0000"," ","0.0000","0.0000","2773","45942880","16567.9336"
"20201214","01","11","    14750","JP3048120004","1830.0000","1849.0000","1830.0000","1847.0000","1845.0000","1845.0000","1832.0000","1834.0000","1830.0000","1849.0000","1830.0000","1834.0000"," ","0.0000","0.0000","217988","400586240","1837.6527"
"20201214","01","11","    14760","JP3048130003","1763.0000","1765.0000","1755.0000","1760.0000","1762.0000","1765.0000","1756.0000","1760.0000","1763.0000","1765.0000","1755.0000","1760.0000"," ","0.0000","0.0000","17226","30352841","1762.0365"
"20201214","01","11","    14770","JP3048140002","1803.0000","1820.0000","1803.0000","1820.0000","1818.0000","1818.0000","1808.0000","1808.0000","1803.0000","1820.0000","1803.0000","1808.0000"," ","0.0000","0.0000","59","107182","1816.6441"
"20201214","01","11","    14780","JP3048150001","1924.0000","1945.0000","1923.0000","1945.0000","1943.0000","1943.0000","1926.0000","1927.0000","1924.0000","1945.0000","1923.0000","1927.0000"," ","0.0000","0.0000","7988","15437212","1932.5503"
"20201214","01","11","    14790","JP3048220002","21650.0000","21650.0000","21650.0000","21650.0000","21690.0000","21690.0000","21680.0000","21680.0000","21650.0000","21690.0000","21650.0000","21680.0000"," ","0.0000","0.0000","12","260110","21675.8333"
"20201214","01","11","    14800","JP3048230001","18100.0000","18200.0000","18100.0000","18200.0000","0.0000","0.0000","0.0000","0.0000","18100.0000","18200.0000","18100.0000","18200.0000"," ","0.0000","0.0000","27","490360","18161.4815"
"20201214","01","11","    14810","JP3048240000","1794.0000","1800.0000","1787.0000","1800.0000","1811.0000","1811.0000","1806.0000","1806.0000","1794.0000","1811.0000","1787.0000","1806.0000"," ","0.0000","0.0000","25","44969","1798.7600"
"20201214","01","11","    14820","JP3048250009","2467.0000","2470.0000","2467.0000","2469.0000","2469.0000","2470.0000","2469.0000","2470.0000","2467.0000","2470.0000","2467.0000","2470.0000"," ","0.0000","0.0000","6129","15126440","2468.0111"
"20201214","01","11","    14830","JP3048260008","1746.0000","1760.0000","1745.0000","1760.0000","1760.0000","1760.0000","1760.0000","1760.0000","1746.0000","1760.0000","1745.0000","1760.0000"," ","0.0000","0.0000","28","49131","1754.6786"
"20201214","01","11","    14840","JP3048270007","1765.0000","1765.0000","1765.0000","1765.0000","1776.0000","1776.0000","1776.0000","1776.0000","1765.0000","1776.0000","1765.0000","1776.0000"," ","0.0000","0.0000","230","408040","1774.0870"
"20201214","01","11","    14850","JP3048280006","0.0000","0.0000","0.0000","0.0000","28170.0000","28170.0000","28170.0000","28170.0000","28170.0000","28170.0000","28170.0000","28170.0000"," ","0.0000","0.0000","10","281700","28170.0000"
"20201214","01","11","    14860","JP3048330009","21310.0000","21350.0000","21310.0000","21350.0000","21350.0000","21350.0000","21350.0000","21350.0000","21310.0000","21350.0000","21310.0000","21350.0000"," ","0.0000","0.0000","2426","51793240","21349.2333"
"20201214","01","11","    14870","JP3048340008","19370.0000","19380.0000","19370.0000","19380.0000","19400.0000","19400.0000","19370.0000","19370.0000","19370.0000","19400.0000","19370.0000","19370.0000"," ","0.0000","0.0000","20124","389902030","19374.9766"
"20201214","01","11","    14880","JP3048350007","1765.0000","1765.0000","1754.0000","1760.0000","1760.0000","1762.0000","1754.0000","1757.0000","1765.0000","1765.0000","1754.0000","1757.0000"," ","0.0000","0.0000","10930","19241790","1760.4565"
"20201214","01","11","    14890","JP3048390003","29720.0000","30100.0000","29720.0000","30100.0000","30100.0000","30100.0000","29850.0000","29910.0000","29720.0000","30100.0000","29720.0000","29910.0000"," ","0.0000","0.0000","909","27209090","29932.9923"
"20201214","01","11","    14900","JP3048400000","0.0000","0.0000","0.0000","0.0000","0.0000","0.0000","0.0000","0.0000","0.0000","0.0000","0.0000","0.0000"," ","0.0000","0.0000","0","0","0.0000"
"20201214","01","11","    14920","JP3048420008","14840.0000","15000.0000","14840.0000","14950.0000","14980.0000","14980.0000","14950.0000","14950.0000","14840.0000","15000.0000","14840.0000","14950.0000"," ","0.0000","0.0000","230","3422740","14881.4783"
"20201214","01","11","    14930","JP3048430007","14970.0000","15000.0000","14970.0000","15000.0000","15090.0000","15090.0000","15020.0000","15020.0000","14970.0000","15090.0000","14970.0000","15020.0000"," ","0.0000","0.0000","99","1491540","15066.0606"
"20201214","01","11","    14940","JP3048440006","17160.0000","17200.0000","17160.0000","17190.0000","17300.0000","17300.0000","17240.0000","17240.0000","17160.0000","17300.0000","17160.0000","17240.0000"," ","0.0000","0.0000","25","431640","17265.6000"
"20201214","01","11","    14950","JP3048450005","10000.0000","10000.0000","9980.0000","10000.0000","10000.0000","10090.0000","10000.0000","10010.0000","10000.0000","10090.0000","9980.0000","10010.0000"," ","0.0000","0.0000","1050","10511200","10010.6667"
"20201214","01","11","    14960","JP3048460004","2675.0000","2675.0000","2668.0000","2670.0000","2672.0000","2673.0000","2669.0000","2672.0000","2675.0000","2675.0000","2668.0000","2672.0000"," ","0.0000","0.0000","1365","3647232","2671.9648"
"20201214","01","11","    14970","JP3048470003","2360.0000","2362.0000","2358.0000","2361.0000","2362.0000","2362.0000","2357.0000","2361.0000","2360.0000","2362.0000","2357.0000","2361.0000"," ","0.0000","0.0000","9804","23154446","2361.7346"
"20201214","01","11","    14980","JP3048600005","13420.0000","13600.0000","13420.0000","13600.0000","13530.0000","13530.0000","13530.0000","13530.0000","13420.0000","13600.0000","13420.0000","13530.0000"," ","0.0000","0.0000","112","1518620","13559.1071"
"20201214","01","11","    14990","JP3048670008","7980.0000","7980.0000","7930.0000","7930.0000","0.0000","0.0000","0.0000","0.0000","7980.0000","7980.0000","7930.0000","7930.0000"," ","0.0000","0.0000","39","311120","7977.4359"
"20201214","01","11","    15140","JP3400750000","115.0000","116.0000","115.0000","116.0000","115.0000","116.0000","115.0000","115.0000","115.0000","116.0000","115.0000","115.0000"," ","0.0000","0.0000","105600","12157000","115.1231"
"20201214","01","11","    15150","JP3680800004","5770.0000","5810.0000","5700.0000","5730.0000","5730.0000","5750.0000","5720.0000","5730.0000","5770.0000","5810.0000","5700.0000","5730.0000"," ","0.0000","0.0000","11000","63152000","5741.0909"
"20201214","01","11","    15180","JP3894000003","710.0000","732.0000","709.0000","728.0000","728.0000","733.0000","719.0000","719.0000","710.0000","733.0000","709.0000","719.0000"," ","0.0000","0.0000","131800","95471500","724.3665"
"20201214","01","11","    15400","JP3047190008","5900.0000","5900.0000","5880.0000","5890.0000","5890.0000","5890.0000","5880.0000","5880.0000","5900.0000","5900.0000","5880.0000","5880.0000"," ","0.0000","0.0000","154837","911728370","5888.3107"
"20201214","01","11","    15410","JP3047200005","3130.0000","3135.0000","3100.0000","3115.0000","3110.0000","3125.0000","3110.0000","3115.0000","3130.0000","3135.0000","3100.0000","3115.0000"," ","0.0000","0.0000","27454","85607015","3118.1983"
"20201214","01","11","    15420","JP3047210004","7490.0000","7500.0000","7450.0000","7460.0000","7460.0000","7480.0000","7450.0000","7480.0000","7490.0000","7500.0000","7450.0000","7480.0000"," ","0.0000","0.0000","4028","30090900","7470.4320"
"20201214","01","11","    15430","JP3047220003","67900.0000","67900.0000","67600.0000","67900.0000","67700.0000","67900.0000","67600.0000","67800.0000","67900.0000","67900.0000","67600.0000","67800.0000"," ","0.0000","0.0000","81","5485900","67727.1605"
"20201214","01","11","    15450","JP3047240001","13070.0000","13090.0000","13050.0000","13080.0000","13070.0000","13090.0000","13040.0000","13060.0000","13070.0000","13090.0000","13040.0000","13060.0000"," ","0.0000","0.0000","70642","922436370","13057.9028"
"20201214","01","11","    15460","JP3047250000","30600.0000","30650.0000","30550.0000","30600.0000","30600.0000","30650.0000","30550.0000","30550.0000","30600.0000","30650.0000","30550.0000","30550.0000"," ","0.0000","0.0000","3172","97069900","30602.1122"
"20201214","01","11","    15470","JP3047260009","4175.0000","4185.0000","4170.0000","4185.0000","4180.0000","4185.0000","4175.0000","4175.0000","4175.0000","4185.0000","4170.0000","4175.0000"," ","0.0000","0.0000","24480","102294100","4178.6806"
"20201214","01","11","    15500","JP3047290006","2756.0000","2767.0000","2756.0000","2765.0000","2763.0000","2768.0000","2760.0000","2764.0000","2756.0000","2768.0000","2756.0000","2764.0000"," ","0.0000","0.0000","3210","8863590","2761.2430"
"20201214","01","11","    15510","JP3047300003","5080.0000","5090.0000","5070.0000","5090.0000","5090.0000","5110.0000","5080.0000","5110.0000","5080.0000","5110.0000","5070.0000","5110.0000"," ","0.0000","0.0000","1010","5139600","5088.7129"
"20201214","01","11","    15520","JP3047310002","5890.0000","5900.0000","5860.0000","5870.0000","5870.0000","5910.0000","5860.0000","5890.0000","5890.0000","5910.0000","5860.0000","5890.0000"," ","0.0000","0.0000","211926","1246256170","5880.6195"
"20201214","01","11","    15540","JP3047330000","2440.0000","2449.0000","2434.0000","2448.0000","2434.0000","2447.0000","2434.0000","2444.0000","2440.0000","2449.0000","2434.0000","2444.0000"," ","0.0000","0.0000","3850","9401400","2441.9221"
"20201214","01","11","    15550","JP3047340009","1501.0000","1506.0000","1500.0000","1505.0000","1505.0000","1511.0000","1505.0000","1506.0000","1501.0000","1511.0000","1500.0000","1506.0000"," ","0.0000","0.0000","7090","10679390","1506.2609"
"20201214","01","11","    15590","JP3047360007","2991.0000","2998.0000","2990.0000","2998.0000","2998.0000","2998.0000","2990.0000","2990.0000","2991.0000","2998.0000","2990.0000","2990.0000"," ","0.0000","0.0000","487","1458060","2993.9630"
"20201214","01","11","    15600","JP3047370006","4245.0000","4270.0000","4240.0000","4270.0000","4270.0000","4275.0000","4270.0000","4275.0000","4245.0000","4275.0000","4240.0000","4275.0000"," ","0.0000","0.0000","499","2123680","4255.8717"
"20201214","01","11","    15630","JP3047400001","3480.0000","3525.0000","3475.0000","3510.0000","3495.0000","3505.0000","3485.0000","3495.0000","3480.0000","3525.0000","3475.0000","3495.0000"," ","0.0000","0.0000","10114","35372990","3497.4283"
"20201214","01","11","    15660","JP3047420009","44900.0000","44950.0000","44900.0000","44900.0000","44900.0000","44950.0000","44850.0000","44850.0000","44900.0000","44950.0000","44850.0000","44850.0000"," ","0.0000","0.0000","456","20473700","44898.4649"
"20201214","01","11","    15670","JP3047430008","1231.0000","1250.0000","1231.0000","1250.0000","0.0000","0.0000","0.0000","0.0000","1231.0000","1250.0000","1231.0000","1250.0000"," ","0.0000","0.0000","120","148860","1240.5000"
"20201214","01","11","    15680","JP3047440007","20050.0000","20490.0000","20050.0000","20440.0000","20390.0000","20390.0000","20090.0000","20120.0000","20050.0000","20490.0000","20050.0000","20120.0000"," ","0.0000","0.0000","94910","1923452100","20266.0636"
"20201214","01","11","    15690","JP3047450006","2503.0000","2503.0000","2478.0000","2480.0000","2484.0000","2501.0000","2484.0000","2501.0000","2503.0000","2503.0000","2478.0000","2501.0000"," ","0.0000","0.0000","35350","87942170","2487.7559"
"20201214","01","11","    15700","JP3047460005","27270.0000","27610.0000","27260.0000","27510.0000","27470.0000","27490.0000","27290.0000","27330.0000","27270.0000","27610.0000","27260.0000","27330.0000"," ","0.0000","0.0000","4916249","134968588850","27453.5706"
"20201214","01","11","    15710","JP3047470004","1131.0000","1131.0000","1124.0000","1126.0000","1126.0000","1130.0000","1125.0000","1128.0000","1131.0000","1131.0000","1124.0000","1128.0000"," ","0.0000","0.0000","687568","775299394","1127.5967"
"20201214","01","11","    15720","JP3047520006","10350.0000","10350.0000","10130.0000","10220.0000","10220.0000","10350.0000","10210.0000","10350.0000","10350.0000","10350.0000","10130.0000","10350.0000"," ","0.0000","0.0000","260","2658000","10223.0769"
"20201214","01","11","    15730","JP3047530005","6750.0000","6750.0000","6740.0000","6740.0000","6750.0000","6810.0000","6750.0000","6810.0000","6750.0000","6810.0000","6740.0000","6810.0000"," ","0.0000","0.0000","350","2372000","6777.1429"
"20201214","01","11","    15740","JP3047500008","0.0000","0.0000","0.0000","0.0000","1584.0000","1589.0000","1584.0000","1589.0000","1584.0000","1589.0000","1584.0000","1589.0000"," ","0.0000","0.0000","170","269740","1586.7059"
"20201214","01","11","    15770","JP3047560002","19650.0000","19930.0000","19650.0000","19900.0000","19890.0000","19890.0000","19750.0000","19820.0000","19650.0000","19930.0000","19650.0000","19820.0000"," ","0.0000","0.0000","2057","40777780","19823.9086"
"20201214","01","11","    15780","JP3047570001","2136.0000","2151.0000","2136.0000","2148.0000","2146.0000","2146.0000","2139.0000","2143.0000","2136.0000","2151.0000","2136.0000","2143.0000"," ","0.0000","0.0000","431","924202","2144.3202"
"20201214","01","11","    15790","JP3047580000","29010.0000","29400.0000","29010.0000","29290.0000","29240.0000","29260.0000","29040.0000","29100.0000","29010.0000","29400.0000","29010.0000","29100.0000"," ","0.0000","0.0000","464260","13578094700","29246.7469"
"20201214","01","11","    15800","JP3047590009","3015.0000","3015.0000","2993.0000","2997.0000","3000.0000","3010.0000","2999.0000","3010.0000","3015.0000","3015.0000","2993.0000","3010.0000"," ","0.0000","0.0000","447590","1342452710","2999.2911"
"20201214","01","11","    15850","JP3047620004","1420.0000","1445.0000","1420.0000","1445.0000","1444.0000","1445.0000","1441.0000","1441.0000","1420.0000","1445.0000","1420.0000","1441.0000"," ","0.0000","0.0000","780","1124460","1441.6154"
"20201214","01","11","    15860","JP3047630003","1598.0000","1603.0000","1598.0000","1598.0000","0.0000","0.0000","0.0000","0.0000","1598.0000","1603.0000","1598.0000","1598.0000"," ","0.0000","0.0000","14","22382","1598.7143"
"20201214","01","11","    15910","JP3047670009","16210.0000","16380.0000","16210.0000","16360.0000","16350.0000","16350.0000","16240.0000","16240.0000","16210.0000","16380.0000","16210.0000","16240.0000"," ","0.0000","0.0000","8141","132668190","16296.3014"
"20201214","01","11","    15920","JP3047680008","1490.0000","1506.0000","1490.0000","1506.0000","1503.0000","1503.0000","1493.0000","1496.0000","1490.0000","1506.0000","1490.0000","1496.0000"," ","0.0000","0.0000","5106","7661859","1500.5599"
"20201214","01","11","    15930","JP3047690007","16640.0000","16810.0000","16640.0000","16800.0000","16750.0000","16750.0000","16650.0000","16670.0000","16640.0000","16810.0000","16640.0000","16670.0000"," ","0.0000","0.0000","4424","74111230","16752.0863"
"20201214","01","11","    15950","JP3047700004","1752.0000","1752.0000","1743.0000","1746.0000","1748.0000","1749.0000","1740.0000","1743.0000","1752.0000","1752.0000","1740.0000","1743.0000"," ","0.0000","0.0000","12760","22268700","1745.1959"
"20201214","01","11","    15960","JP3047710003","1599.0000","1599.0000","1599.0000","1599.0000","0.0000","0.0000","0.0000","0.0000","1599.0000","1599.0000","1599.0000","1599.0000"," ","0.0000","0.0000","10","15990","1599.0000"
"20201214","01","11","    15970","JP3047720002","1750.0000","1751.0000","1743.0000","1749.0000","1749.0000","1751.0000","1743.0000","1743.0000","1750.0000","1751.0000","1743.0000","1743.0000"," ","0.0000","0.0000","21500","37571410","1747.5074"
"20201214","01","11","    15980","JP3047730001","0.0000","0.0000","0.0000","0.0000","0.0000","0.0000","0.0000","0.0000","0.0000","0.0000","0.0000","0.0000"," ","0.0000","0.0000","0","0","0.0000"
"20201214","01","11","    15990","JP3047740000","16540.0000","16550.0000","16540.0000","16550.0000","16580.0000","16580.0000","16580.0000","16580.0000","16540.0000","16580.0000","16540.0000","16580.0000"," ","0.0000","0.0000","29","479740","16542.7586"
"20201214","01","11","    16050","JP3294460005","577.0000","582.0000","574.0000","581.0000","578.0000","584.0000","576.0000","582.0000","577.0000","584.0000","574.0000","582.0000"," ","0.0000","0.0000","6334600","3672576200","579.7645"
"20201214","01","11","    16150","JP3040170007","124.0000","126.0000","124.0000","125.0000","125.0000","126.0000","124.0000","125.0000","124.0000","126.0000","124.0000","125.0000"," ","0.0000","0.0000","1899000","237133400","124.8728"
"20201214","01","11","    16170","JP3046560003","27500.0000","27500.0000","27500.0000","27500.0000","27500.0000","27580.0000","27500.0000","27500.0000","27500.0000","27580.0000","27500.0000","27500.0000"," ","0.0000","0.0000","12","330080","27506.6667"
"20201214","01","11","    16180","JP3046570002","7650.0000","7780.0000","7650.0000","7770.0000","7750.0000","7750.0000","7720.0000","7730.0000","7650.0000","7780.0000","7650.0000","7730.0000"," ","0.0000","0.0000","349","2689840","7707.2779"
"20201214","01","11","    16190","JP3046580001","20060.0000","20200.0000","20060.0000","20200.0000","20180.0000","20180.0000","20180.0000","20180.0000","20060.0000","20200.0000","20060.0000","20180.0000"," ","0.0000","0.0000","5","100690","20138.0000"
"20201214","01","11","    16200","JP3046590000","26510.0000","26710.0000","26500.0000","26690.0000","26660.0000","26660.0000","26430.0000","26430.0000","26510.0000","26710.0000","26430.0000","26430.0000"," ","0.0000","0.0000","534","14248130","26681.8914"
"20201214","01","11","    16210","JP3046600007","24600.0000","24800.0000","24600.0000","24800.0000","24790.0000","24790.0000","24600.0000","24600.0000","24600.0000","24800.0000","24600.0000","24600.0000"," ","0.0000","0.0000","28","691940","24712.1429"
"20201214","01","11","    16220","JP3046610006","19780.0000","20140.0000","19780.0000","20140.0000","20170.0000","20170.0000","20090.0000","20090.0000","19780.0000","20170.0000","19780.0000","20090.0000"," ","0.0000","0.0000","95","1900000","20000.0000"
"20201214","01","11","    16230","JP3046620005","12930.0000","13110.0000","12930.0000","13030.0000","13000.0000","13000.0000","12950.0000","12950.0000","12930.0000","13110.0000","12930.0000","12950.0000"," ","0.0000","0.0000","188","2457180","13070.1064"
"20201214","01","11","    16240","JP3046630004","38300.0000","39150.0000","38300.0000","39150.0000","39000.0000","39000.0000","38800.0000","38800.0000","38300.0000","39150.0000","38300.0000","38800.0000"," ","0.0000","0.0000","313","12246900","39127.4760"
"20201214","01","11","    16250","JP3046640003","25230.0000","25270.0000","25210.0000","25270.0000","0.0000","0.0000","0.0000","0.0000","25230.0000","25270.0000","25210.0000","25270.0000"," ","0.0000","0.0000","29","732490","25258.2759"
"20201214","01","11","    16260","JP3046650002","28580.0000","28750.0000","28490.0000","28750.0000","28700.0000","28740.0000","28670.0000","28670.0000","28580.0000","28750.0000","28490.0000","28670.0000"," ","0.0000","0.0000","57","1634650","28678.0702"
"20201214","01","11","    16270","JP3046660001","6000.0000","6060.0000","6000.0000","6060.0000","6060.0000","6060.0000","5990.0000","5990.0000","6000.0000","6060.0000","5990.0000","5990.0000"," ","0.0000","0.0000","1570","9443170","6014.7580"
"20201214","01","11","    16280","JP3046670000","14410.0000","14410.0000","14170.0000","14360.0000","14340.0000","14360.0000","14210.0000","14240.0000","14410.0000","14410.0000","14170.0000","14240.0000"," ","0.0000","0.0000","386","5501980","14253.8342"
"20201214","01","11","    16290","JP3046680009","34000.0000","34500.0000","33950.0000","34350.0000","34350.0000","34350.0000","34100.0000","34100.0000","34000.0000","34500.0000","33950.0000","34100.0000"," ","0.0000","0.0000","140","4779600","34140.0000"
"20201214","01","11","    16300","JP3046690008","22170.0000","22340.0000","22170.0000","22340.0000","0.0000","0.0000","0.0000","0.0000","22170.0000","22340.0000","22170.0000","22340.0000"," ","0.0000","0.0000","6","133870","22311.6667"
"20201214","01","11","    16310","JP3046700005","6460.0000","6530.0000","6450.0000","6520.0000","6520.0000","6520.0000","6470.0000","6500.0000","6460.0000","6530.0000","6450.0000","6500.0000"," ","0.0000","0.0000","1599","10363490","6481.2320"
"20201214","01","11","    16320","JP3046710004","11900.0000","11990.0000","11900.0000","11990.0000","11930.0000","11930.0000","11930.0000","11930.0000","11900.0000","11990.0000","11900.0000","11930.0000"," ","0.0000","0.0000","70","833990","11914.1429"
"20201214","01","11","    16330","JP3046720003","26960.0000","27400.0000","26960.0000","27400.0000","27420.0000","27420.0000","27140.0000","27140.0000","26960.0000","27420.0000","26960.0000","27140.0000"," ","0.0000","0.0000","77","2094640","27203.1169"
"20201214","01","11","    16510","JP3048490001","910.0000","920.0000","910.0000","920.0000","916.0000","917.0000","916.0000","916.0000","910.0000","920.0000","910.0000","916.0000"," ","0.0000","0.0000","2300","2104060","914.8087"
"20201214","01","11","    16520","JP3048500007","0.0000","0.0000","0.0000","0.0000","2251.0000","2251.0000","2251.0000","2251.0000","2251.0000","2251.0000","2251.0000","2251.0000"," ","0.0000","0.0000","10","22510","2251.0000"
"20201214","01","11","    16530","JP3048510006","2276.0000","2300.0000","2276.0000","2300.0000","2292.0000","2292.0000","2286.0000","2286.0000","2276.0000","2300.0000","2276.0000","2286.0000"," ","0.0000","0.0000","810","1854610","2289.6420"
"20201214","01","11","    16540","JP3048520005","0.0000","0.0000","0.0000","0.0000","0.0000","0.0000","0.0000","0.0000","0.0000","0.0000","0.0000","0.0000"," ","0.0000","0.0000","0","0","0.0000"
"20201214","01","11","    16550","JP3048530004","2740.0000","2745.0000","2738.0000","2743.0000","2743.0000","2744.0000","2739.0000","2740.0000","2740.0000","2745.0000","2738.0000","2740.0000"," ","0.0000","0.0000","206510","566331631","2742.3933"
"20201214","01","11","    16560","JP3048540003","2587.0000","2587.0000","2584.0000","2587.0000","2586.0000","2587.0000","2586.0000","2586.0000","2587.0000","2587.0000","2584.0000","2586.0000"," ","0.0000","0.0000","1075","2780080","2586.1209"
"20201214","01","11","    16570","JP3048550002","2476.0000","2476.0000","2467.0000","2471.0000","2471.0000","2472.0000","2465.0000","2468.0000","2476.0000","2476.0000","2465.0000","2468.0000"," ","0.0000","0.0000","2886","7135663","2472.5097"
"20201214","01","11","    16580","JP3048560001","2126.0000","2128.0000","2120.0000","2123.0000","2122.0000","2124.0000","2115.0000","2116.0000","2126.0000","2128.0000","2115.0000","2116.0000"," ","0.0000","0.0000","6701","14223456","2122.5871"
"20201214","01","11","    16590","JP3048570000","1857.0000","1865.0000","1857.0000","1861.0000","1865.0000","1866.0000","1861.0000","1863.0000","1857.0000","1866.0000","1857.0000","1863.0000"," ","0.0000","0.0000","7368","13721010","1862.2435"
"20201214","01","11","    16600","JP3048580009","9600.0000","9610.0000","9560.0000","9580.0000","9590.0000","9600.0000","9560.0000","9590.0000","9600.0000","9610.0000","9560.0000","9590.0000"," ","0.0000","0.0000","318","3047630","9583.7421"
"20201214","01","11","    16620","JP3421100003","1811.0000","1854.0000","1810.0000","1854.0000","1858.0000","1863.0000","1850.0000","1857.0000","1811.0000","1863.0000","1810.0000","1857.0000"," ","0.0000","0.0000","129900","240319800","1850.0370"
"20201214","01","11","    16630","JP3277020008","1519.0000","1519.0000","1485.0000","1485.0000","1495.0000","1500.0000","1485.0000","1499.0000","1519.0000","1519.0000","1485.0000","1499.0000"," ","0.0000","0.0000","26300","39437400","1499.5209"
"20201214","01","11","    16700","JP3047070002","122.0000","122.0000","122.0000","122.0000","122.0000","123.0000","122.0000","123.0000","122.0000","123.0000","122.0000","123.0000"," ","0.0000","0.0000","400","48900","122.2500"
"20201214","01","11","    16710","JP3047080001","937.0000","937.0000","934.0000","934.0000","936.0000","942.0000","936.0000","939.0000","937.0000","942.0000","934.0000","939.0000"," ","0.0000","0.0000","1280752","1200350729","937.2234"
"20201214","01","11","    16770","JP3047090000","51300.0000","51300.0000","51300.0000","51300.0000","51400.0000","51400.0000","51300.0000","51400.0000","51300.0000","51400.0000","51300.0000","51400.0000"," ","0.0000","0.0000","180","9242000","51344.4444"
"20201214","01","11","    16780","JP3047100007","171.0000","172.0000","170.0000","172.0000","172.0000","172.0000","171.0000","172.0000","171.0000","172.0000","170.0000","172.0000"," ","0.0000","0.0000","278600","47693900","171.1913"
"20201214","01","11","    16790","JP3047110006","27710.0000","27710.0000","27710.0000","27710.0000","27700.0000","27700.0000","27690.0000","27690.0000","27710.0000","27710.0000","27690.0000","27690.0000"," ","0.0000","0.0000","160","4432100","27700.6250"
"20201214","01","11","    16800","JP3047120005","2841.0000","2861.0000","2841.0000","2861.0000","2861.0000","2863.0000","2853.0000","2853.0000","2841.0000","2863.0000","2841.0000","2853.0000"," ","0.0000","0.0000","5930","16900420","2849.9865"
"20201214","01","11","    16810","JP3047130004","1657.0000","1658.0000","1650.0000","1650.0000","1649.0000","1655.0000","1648.0000","1650.0000","1657.0000","1658.0000","1648.0000","1650.0000"," ","0.0000","0.0000","5920","9802570","1655.8395"
"20201214","01","11","    16820","JP3047140003","182.0000","182.0000","180.0000","182.0000","181.0000","182.0000","181.0000","181.0000","182.0000","182.0000","180.0000","181.0000"," ","0.0000","0.0000","7200","1301400","180.7500"
"20201214","01","11","    16980","JP3047170000","1574.0000","1587.0000","1574.0000","1586.0000","1588.0000","1588.0000","1576.0000","1576.0000","1574.0000","1588.0000","1574.0000","1576.0000"," ","0.0000","0.0000","1430","2257810","1578.8881"
"20201214","01","11","    16990","JP3047180009","114.0000","115.0000","114.0000","115.0000","114.0000","116.0000","114.0000","115.0000","114.0000","116.0000","114.0000","115.0000"," ","0.0000","0.0000","4184570","480094250","114.7296"
"20201214","01","11","    17120","JP3485700003","701.0000","704.0000","698.0000","701.0000","701.0000","702.0000","697.0000","698.0000","701.0000","704.0000","697.0000","698.0000"," ","0.0000","0.0000","31700","22199100","700.2871"
"20201214","01","11","    17160","JP3473700007","2603.0000","2635.0000","2573.0000","2600.0000","2600.0000","2600.0000","2570.0000","2590.0000","2603.0000","2635.0000","2570.0000","2590.0000"," ","0.0000","0.0000","26300","68288800","2596.5323"
"20201214","01","11","    17170","JP3920400003","690.0000","698.0000","684.0000","694.0000","692.0000","694.0000","689.0000","694.0000","690.0000","698.0000","684.0000","694.0000"," ","0.0000","0.0000","39500","27299700","691.1316"
"20201214","01","11","    17190","JP3767810009","728.0000","741.0000","727.0000","740.0000","740.0000","740.0000","727.0000","730.0000","728.0000","741.0000","727.0000","730.0000"," ","0.0000","0.0000","648100","474578800","732.2617"
"20201214","01","11","    17200","JP3567410000","505.0000","512.0000","503.0000","511.0000","512.0000","512.0000","503.0000","506.0000","505.0000","512.0000","503.0000","506.0000"," ","0.0000","0.0000","447900","227400500","507.7037"
"20201214","01","11","    17210","JP3305530002","3090.0000","3150.0000","3090.0000","3150.0000","3155.0000","3155.0000","3110.0000","3150.0000","3090.0000","3155.0000","3090.0000","3150.0000"," ","0.0000","0.0000","477600","1498255500","3137.0509"
"20201214","01","11","    17260","JP3799610005","696.0000","709.0000","695.0000","709.0000","709.0000","709.0000","700.0000","705.0000","696.0000","709.0000","695.0000","705.0000"," ","0.0000","0.0000","198700","140063600","704.8998"
"20201214","01","11","    17620","JP3457900003","2009.0000","2046.0000","2009.0000","2046.0000","2046.0000","2046.0000","2027.0000","2036.0000","2009.0000","2046.0000","2009.0000","2036.0000"," ","0.0000","0.0000","38900","79104100","2033.5244"
"20201214","01","11","    17660","JP3590900001","7850.0000","8160.0000","7850.0000","8160.0000","8140.0000","8170.0000","8070.0000","8090.0000","7850.0000","8170.0000","7850.0000","8090.0000"," ","0.0000","0.0000","40300","324856000","8060.9429"
"20201214","01","11","    17680","JP3435700004","895.0000","895.0000","889.0000","894.0000","890.0000","895.0000","890.0000","895.0000","895.0000","895.0000","889.0000","895.0000"," ","0.0000","0.0000","5200","4648000","893.8462"
"20201214","01","11","    17800","JP3934300009","927.0000","942.0000","927.0000","942.0000","944.0000","944.0000","938.0000","938.0000","927.0000","944.0000","927.0000","938.0000"," ","0.0000","0.0000","27100","25328600","934.6347"
"20201214","01","11","    18010","JP3443600006","3715.0000","3780.0000","3715.0000","3770.0000","3755.0000","3770.0000","3750.0000","3760.0000","3715.0000","3780.0000","3715.0000","3760.0000"," ","0.0000","0.0000","551400","2072678500","3758.9382"
"20201214","01","11","    18020","JP3190000004","916.0000","944.0000","916.0000","941.0000","940.0000","940.0000","933.0000","933.0000","916.0000","944.0000","916.0000","933.0000"," ","0.0000","0.0000","2006400","1874030800","934.0265"
"20201214","01","11","    18030","JP3358800005","818.0000","830.0000","816.0000","828.0000","825.0000","826.0000","817.0000","821.0000","818.0000","830.0000","816.0000","821.0000"," ","0.0000","0.0000","2361200","1939569100","821.4336"
"20201214","01","11","    18050","JP3629800008","1099.0000","1111.0000","1098.0000","1106.0000","1107.0000","1107.0000","1099.0000","1102.0000","1099.0000","1111.0000","1098.0000","1102.0000"," ","0.0000","0.0000","48700","53771800","1104.1437"
"20201214","01","11","    18080","JP3768600003","1199.0000","1199.0000","1185.0000","1192.0000","1190.0000","1190.0000","1179.0000","1181.0000","1199.0000","1199.0000","1179.0000","1181.0000"," ","0.0000","0.0000","1761500","2094498600","1189.0426"
"20201214","01","11","    18100","JP3863600007","781.0000","806.0000","781.0000","804.0000","804.0000","810.0000","800.0000","808.0000","781.0000","810.0000","781.0000","808.0000"," ","0.0000","0.0000","39700","31821200","801.5416"
"20201214","01","11","    18110","JP3427800002","4735.0000","4735.0000","4595.0000","4595.0000","4600.0000","4675.0000","4600.0000","4675.0000","4735.0000","4735.0000","4595.0000","4675.0000"," ","0.0000","0.0000","2100","9805000","4669.0476"
"20201214","01","11","    18120","JP3210200006","1370.0000","1399.0000","1370.0000","1395.0000","1388.0000","1391.0000","1378.0000","1380.0000","1370.0000","1399.0000","1370.0000","1380.0000"," ","0.0000","0.0000","1093600","1513179200","1383.6679"
"20201214","01","11","    18130","JP3825600004","1698.0000","1719.0000","1695.0000","1711.0000","1711.0000","1711.0000","1697.0000","1698.0000","1698.0000","1719.0000","1695.0000","1698.0000"," ","0.0000","0.0000","58000","98885900","1704.9293"
"20201214","01","11","    18140","JP3485400000","864.0000","879.0000","859.0000","876.0000","877.0000","892.0000","861.0000","878.0000","864.0000","892.0000","859.0000","878.0000"," ","0.0000","0.0000","16400","14314100","872.8110"
"20201214","01","11","    18150","JP3545600003","1813.0000","1849.0000","1813.0000","1849.0000","1847.0000","1847.0000","1832.0000","1837.0000","1813.0000","1849.0000","1813.0000","1837.0000"," ","0.0000","0.0000","46100","84646100","1836.1410"
"20201214","01","11","    18200","JP3659200004","2045.0000","2071.0000","2043.0000","2067.0000","2057.0000","2068.0000","2053.0000","2067.0000","2045.0000","2071.0000","2043.0000","2067.0000"," ","0.0000","0.0000","415600","855765500","2059.1085"
"20201214","01","11","    18210","JP3889200006","430.0000","433.0000","430.0000","433.0000","432.0000","433.0000","430.0000","430.0000","430.0000","433.0000","430.0000","430.0000"," ","0.0000","0.0000","453600","195625600","431.2734"
"20201214","01","11","    18220","JP3498600000","3515.0000","3565.0000","3515.0000","3565.0000","3555.0000","3555.0000","3515.0000","3515.0000","3515.0000","3565.0000","3515.0000","3515.0000"," ","0.0000","0.0000","25000","88247000","3529.8800"
"20201214","01","11","    18240","JP3861200008","962.0000","975.0000","944.0000","961.0000","968.0000","984.0000","958.0000","963.0000","962.0000","984.0000","944.0000","963.0000"," ","0.0000","0.0000","1023800","986367900","963.4381"
"20201214","01","11","    18260","JP3319600007","450.0000","453.0000","450.0000","453.0000","453.0000","453.0000","451.0000","452.0000","450.0000","453.0000","450.0000","452.0000"," ","0.0000","0.0000","11200","5055100","451.3482"
"20201214","01","11","    18270","JP3643600004","405.0000","409.0000","404.0000","409.0000","409.0000","419.0000","407.0000","412.0000","405.0000","419.0000","404.0000","412.0000"," ","0.0000","0.0000","22100","9037200","408.9231"
"20201214","01","11","    18330","JP3194800003","2458.0000","2484.0000","2455.0000","2483.0000","2483.0000","2483.0000","2460.0000","2472.0000","2458.0000","2484.0000","2455.0000","2472.0000"," ","0.0000","0.0000","69200","170883500","2469.4147"
"20201214","01","11","    18350","JP3595400007","2823.0000","2857.0000","2822.0000","2856.0000","2856.0000","2856.0000","2813.0000","2818.0000","2823.0000","2857.0000","2813.0000","2818.0000"," ","0.0000","0.0000","56000","158628900","2832.6589"
"20201214","01","11","    18470","JP3141400006","1788.0000","1832.0000","1786.0000","1808.0000","1801.0000","1815.0000","1788.0000","1788.0000","1788.0000","1832.0000","1786.0000","1788.0000"," ","0.0000","0.0000","26700","48239600","1806.7266"
"20201214","01","11","    18480","JP3820650004","617.0000","629.0000","617.0000","628.0000","629.0000","629.0000","623.0000","628.0000","617.0000","629.0000","617.0000","628.0000"," ","0.0000","0.0000","14500","9095300","627.2621"
"20201214","01","11","    18520","JP3110000001","3970.0000","4005.0000","3950.0000","4000.0000","4000.0000","4005.0000","3965.0000","3965.0000","3970.0000","4005.0000","3950.0000","3965.0000"," ","0.0000","0.0000","40200","160011000","3980.3731"
"20201214","01","11","    18600","JP3627000007","642.0000","656.0000","642.0000","653.0000","653.0000","654.0000","649.0000","650.0000","642.0000","656.0000","642.0000","650.0000"," ","0.0000","0.0000","329800","214515900","650.4424"
"20201214","01","11","    18610","JP3266800006","2574.0000","2589.0000","2563.0000","2586.0000","2575.0000","2575.0000","2554.0000","2560.0000","2574.0000","2589.0000","2554.0000","2560.0000"," ","0.0000","0.0000","121700","312691800","2569.3657"
"20201214","01","11","    18660","JP3240000004","2603.0000","2608.0000","2603.0000","2608.0000","2608.0000","2608.0000","2608.0000","2608.0000","2603.0000","2608.0000","2603.0000","2608.0000"," ","0.0000","0.0000","1200","3129100","2607.5833"
"20201214","01","11","    18670","JP3154400000","2785.0000","2808.0000","2785.0000","2807.0000","2800.0000","2811.0000","2800.0000","2811.0000","2785.0000","2811.0000","2785.0000","2811.0000"," ","0.0000","0.0000","2800","7850100","2803.6071"
"20201214","01","11","    18700","JP3933200002","869.0000","885.0000","869.0000","884.0000","886.0000","886.0000","871.0000","879.0000","869.0000","886.0000","869.0000","879.0000"," ","0.0000","0.0000","33500","29445500","878.9701"
"20201214","01","11","    18710","JP3801400007","600.0000","606.0000","598.0000","605.0000","605.0000","605.0000","602.0000","602.0000","600.0000","606.0000","598.0000","602.0000"," ","0.0000","0.0000","65800","39619700","602.1231"
"20201214","01","11","    18730","JP3783500006","247.0000","248.0000","243.0000","248.0000","245.0000","248.0000","241.0000","243.0000","247.0000","248.0000","241.0000","243.0000"," ","0.0000","0.0000","303300","74314300","245.0191"
"20201214","01","11","    18780","JP3486800000","9660.0000","9860.0000","9650.0000","9860.0000","9850.0000","9850.0000","9710.0000","9710.0000","9660.0000","9860.0000","9650.0000","9710.0000"," ","0.0000","0.0000","176000","1718316000","9763.1591"
"20201214","01","11","    18790","JP3380300008","851.0000","856.0000","843.0000","845.0000","844.0000","851.0000","839.0000","844.0000","851.0000","856.0000","839.0000","844.0000"," ","0.0000","0.0000","49400","41754200","845.2267"
"20201214","01","11","    18810","JP3750200002","2737.0000","2778.0000","2737.0000","2778.0000","2767.0000","2767.0000","2739.0000","2749.0000","2737.0000","2778.0000","2737.0000","2749.0000"," ","0.0000","0.0000","128400","353353400","2751.9735"
"20201214","01","11","    18820","JP3558000000","3915.0000","3925.0000","3870.0000","3890.0000","3890.0000","3900.0000","3860.0000","3875.0000","3915.0000","3925.0000","3860.0000","3875.0000"," ","0.0000","0.0000","15700","61130500","3893.6624"
"20201214","01","11","    18830","JP3861600009","1730.0000","1756.0000","1727.0000","1756.0000","1756.0000","1756.0000","1740.0000","1747.0000","1730.0000","1756.0000","1727.0000","1747.0000"," ","0.0000","0.0000","175500","306077400","1744.0308"
"20201214","01","11","    18840","JP3740200005","7600.0000","7660.0000","7580.0000","7660.0000","7700.0000","7720.0000","7630.0000","7640.0000","7600.0000","7720.0000","7580.0000","7640.0000"," ","0.0000","0.0000","8100","61874000","7638.7654"
"20201214","01","11","    18850","JP3556000002","2007.0000","2033.0000","2001.0000","2030.0000","2026.0000","2026.0000","1996.0000","1997.0000","2007.0000","2033.0000","1996.0000","1997.0000"," ","0.0000","0.0000","33700","67717300","2009.4154"
"20201214","01","11","    18870","JP3707200006","574.0000","578.0000","572.0000","577.0000","578.0000","578.0000","567.0000","567.0000","574.0000","578.0000","567.0000","567.0000"," ","0.0000","0.0000","91700","52418300","571.6281"
"20201214","01","11","    18880","JP3990800009","1190.0000","1193.0000","1182.0000","1190.0000","1190.0000","1190.0000","1175.0000","1180.0000","1190.0000","1193.0000","1175.0000","1180.0000"," ","0.0000","0.0000","43900","52001000","1184.5330"
"20201214","01","11","    18900","JP3609800002","426.0000","435.0000","426.0000","433.0000","433.0000","434.0000","429.0000","429.0000","426.0000","435.0000","426.0000","429.0000"," ","0.0000","0.0000","287900","123974300","430.6158"
"20201214","01","11","    18930","JP3309000002","865.0000","888.0000","861.0000","888.0000","888.0000","888.0000","872.0000","874.0000","865.0000","888.0000","861.0000","874.0000"," ","0.0000","0.0000","988900","866007000","875.7276"
"20201214","01","11","    18980","JP3414600001","825.0000","833.0000","820.0000","833.0000","833.0000","833.0000","828.0000","831.0000","825.0000","833.0000","820.0000","831.0000"," ","0.0000","0.0000","70800","58707500","829.2020"
"20201214","01","11","    18990","JP3805600008","5400.0000","5530.0000","5400.0000","5530.0000","5540.0000","5540.0000","5460.0000","5460.0000","5400.0000","5540.0000","5400.0000","5460.0000"," ","0.0000","0.0000","20000","108719000","5435.9500"
"20201214","01","11","    19090","JP3740800002","1547.0000","1559.0000","1538.0000","1548.0000","1537.0000","1549.0000","1533.0000","1536.0000","1547.0000","1559.0000","1533.0000","1536.0000"," ","0.0000","0.0000","18900","29189900","1544.4392"
"20201214","01","11","    19110","JP3409800004","1914.0000","1999.0000","1910.0000","1998.0000","2000.0000","2039.0000","1995.0000","1999.0000","1914.0000","2039.0000","1910.0000","1999.0000"," ","0.0000","0.0000","1333400","2659120600","1994.2407"
"20201214","01","11","    19140","JP3697400004","508.0000","516.0000","508.0000","512.0000","510.0000","511.0000","507.0000","507.0000","508.0000","516.0000","507.0000","507.0000"," ","0.0000","0.0000","84900","43329000","510.3534"
"20201214","01","11","    19210","JP3631400003","425.0000","432.0000","423.0000","431.0000","432.0000","437.0000","426.0000","427.0000","425.0000","437.0000","423.0000","427.0000"," ","0.0000","0.0000","66200","28429200","429.4441"
"20201214","01","11","    19250","JP3505000004","3197.0000","3240.0000","3191.0000","3221.0000","3211.0000","3219.0000","3199.0000","3212.0000","3197.0000","3240.0000","3191.0000","3212.0000"," ","0.0000","0.0000","1264900","4063015500","3212.1239"
"20201214","01","11","    19260","JP3965800000","1780.0000","1804.0000","1776.0000","1795.0000","1790.0000","1790.0000","1772.0000","1775.0000","1780.0000","1804.0000","1772.0000","1775.0000"," ","0.0000","0.0000","156300","278764900","1783.5246"
"20201214","01","11","    19280","JP3420600003","1953.0000","1998.0000","1946.0000","1994.0000","1989.0000","1992.0000","1970.0000","1971.0000","1953.0000","1998.0000","1946.0000","1971.0000"," ","0.0000","0.0000","2190200","4330034650","1977.0042"
"20201214","01","11","    19290","JP3684800000","805.0000","810.0000","803.0000","806.0000","805.0000","807.0000","802.0000","802.0000","805.0000","810.0000","802.0000","802.0000"," ","0.0000","0.0000","69100","55626600","805.0159"
"20201214","01","11","    19300","JP3845000003","1276.0000","1296.0000","1275.0000","1289.0000","1290.0000","1294.0000","1281.0000","1292.0000","1276.0000","1296.0000","1275.0000","1292.0000"," ","0.0000","0.0000","15900","20449700","1286.1447"
"20201214","01","11","    19340","JP3946200007","760.0000","763.0000","740.0000","748.0000","752.0000","752.0000","732.0000","735.0000","760.0000","763.0000","732.0000","735.0000"," ","0.0000","0.0000","156000","116455500","746.5096"
"20201214","01","11","    19380","JP3510600004","2406.0000","2452.0000","2392.0000","2442.0000","2437.0000","2444.0000","2395.0000","2440.0000","2406.0000","2452.0000","2392.0000","2440.0000"," ","0.0000","0.0000","51400","124955100","2431.0331"
"20201214","01","11","    19390","JP3962600007","2900.0000","2900.0000","2870.0000","2900.0000","2907.0000","2913.0000","2881.0000","2884.0000","2900.0000","2913.0000","2870.0000","2884.0000"," ","0.0000","0.0000","12900","37370500","2896.9380"
"20201214","01","11","    19410","JP3524000001","2163.0000","2175.0000","2156.0000","2175.0000","2165.0000","2168.0000","2153.0000","2157.0000","2163.0000","2175.0000","2153.0000","2157.0000"," ","0.0000","0.0000","50000","108067200","2161.3440"
"20201214","01","11","    19420","JP3230600003","816.0000","827.0000","815.0000","827.0000","824.0000","824.0000","818.0000","819.0000","816.0000","827.0000","815.0000","819.0000"," ","0.0000","0.0000","367200","300940100","819.5536"
"20201214","01","11","    19440","JP3263000006","1652.0000","1674.0000","1643.0000","1674.0000","1674.0000","1674.0000","1655.0000","1658.0000","1652.0000","1674.0000","1643.0000","1658.0000"," ","0.0000","0.0000","491000","814166300","1658.1798"
"20201214","01","11","    19450","JP3585400009","865.0000","872.0000","860.0000","872.0000","872.0000","881.0000","868.0000","869.0000","865.0000","881.0000","860.0000","869.0000"," ","0.0000","0.0000","24100","21017000","872.0747"
"20201214","01","11","    19460","JP3552230009","3960.0000","4050.0000","3935.0000","4050.0000","4035.0000","4050.0000","4005.0000","4030.0000","3960.0000","4050.0000","3935.0000","4030.0000"," ","0.0000","0.0000","15700","62880000","4005.0955"
"20201214","01","11","    19490","JP3407800006","2633.0000","2690.0000","2633.0000","2681.0000","2681.0000","2681.0000","2658.0000","2660.0000","2633.0000","2690.0000","2633.0000","2660.0000"," ","0.0000","0.0000","32100","85503000","2663.6449"
"20201214","01","11","    19500","JP3736200001","2109.0000","2155.0000","2109.0000","2155.0000","2151.0000","2151.0000","2132.0000","2138.0000","2109.0000","2155.0000","2109.0000","2138.0000"," ","0.0000","0.0000","54600","116740500","2138.1044"
"20201214","01","11","    19510","JP3254200003","2880.0000","2937.0000","2879.0000","2933.0000","2930.0000","2930.0000","2883.0000","2892.0000","2880.0000","2937.0000","2879.0000","2892.0000"," ","0.0000","0.0000","613000","1783477500","2909.4250"
"20201214","01","11","    19520","JP3380250005","2210.0000","2269.0000","2206.0000","2269.0000","2267.0000","2275.0000","2236.0000","2275.0000","2210.0000","2275.0000","2206.0000","2275.0000"," ","0.0000","0.0000","47600","107115900","2250.3340"
"20201214","01","11","    19540","JP3703200000","2834.0000","2865.0000","2834.0000","2864.0000","2843.0000","2859.0000","2786.0000","2800.0000","2834.0000","2865.0000","2786.0000","2800.0000"," ","0.0000","0.0000","43600","122879600","2818.3394"
"20201214","01","11","    19590","JP3247050002","3130.0000","3190.0000","3125.0000","3190.0000","3180.0000","3180.0000","3155.0000","3160.0000","3130.0000","3190.0000","3125.0000","3160.0000"," ","0.0000","0.0000","101800","322168500","3164.7200"
"20201214","01","11","    19610","JP3325600009","1183.0000","1195.0000","1177.0000","1195.0000","1195.0000","1195.0000","1181.0000","1184.0000","1183.0000","1195.0000","1177.0000","1184.0000"," ","0.0000","0.0000","221300","262679800","1186.9851"
"20201214","01","11","    19630","JP3667600005","909.0000","943.0000","908.0000","940.0000","941.0000","958.0000","941.0000","957.0000","909.0000","958.0000","908.0000","957.0000"," ","0.0000","0.0000","2552100","2411983100","945.0974"
"20201214","01","11","    19640","JP3519800001","1820.0000","1859.0000","1805.0000","1849.0000","1836.0000","1836.0000","1795.0000","1800.0000","1820.0000","1859.0000","1795.0000","1800.0000"," ","0.0000","0.0000","44500","80972300","1819.6022"
"20201214","01","11","    19670","JP3940800000","760.0000","765.0000","755.0000","765.0000","766.0000","766.0000","751.0000","754.0000","760.0000","766.0000","751.0000","754.0000"," ","0.0000","0.0000","30000","22759400","758.6467"
"20201214","01","11","    19680","JP3447200001","2484.0000","2501.0000","2456.0000","2480.0000","2480.0000","2480.0000","2432.0000","2445.0000","2484.0000","2501.0000","2432.0000","2445.0000"," ","0.0000","0.0000","31600","77657700","2457.5222"
"20201214","01","11","    19690","JP3455200000","1492.0000","1508.0000","1491.0000","1507.0000","1520.0000","1520.0000","1501.0000","1501.0000","1492.0000","1520.0000","1491.0000","1501.0000"," ","0.0000","0.0000","155600","234030300","1504.0508"
"20201214","01","11","    19720","JP3330800008","2750.0000","2800.0000","2750.0000","2776.0000","2766.0000","2766.0000","2740.0000","2745.0000","2750.0000","2800.0000","2740.0000","2745.0000"," ","0.0000","0.0000","6300","17403700","2762.4921"
"20201214","01","11","    19730","JP3733800001","1723.0000","1770.0000","1719.0000","1770.0000","1769.0000","1769.0000","1755.0000","1760.0000","1723.0000","1770.0000","1719.0000","1760.0000"," ","0.0000","0.0000","756600","1327502800","1754.5636"
"20201214","01","11","    19750","JP3112800002","3195.0000","3205.0000","3075.0000","3205.0000","3180.0000","3215.0000","3145.0000","3190.0000","3195.0000","3215.0000","3075.0000","3190.0000"," ","0.0000","0.0000","12000","38142500","3178.5417"
"20201214","01","11","    19760","JP3918200001","778.0000","786.0000","776.0000","786.0000","790.0000","790.0000","781.0000","782.0000","778.0000","790.0000","776.0000","782.0000"," ","0.0000","0.0000","48000","37617300","783.6938"
"20201214","01","11","    19790","JP3441200007","2787.0000","2824.0000","2782.0000","2824.0000","2797.0000","2815.0000","2797.0000","2811.0000","2787.0000","2824.0000","2782.0000","2811.0000"," ","0.0000","0.0000","45500","127684500","2806.2527"
"20201214","01","11","    19800","JP3486000007","2892.0000","2935.0000","2855.0000","2935.0000","2920.0000","2922.0000","2868.0000","2887.0000","2892.0000","2935.0000","2855.0000","2887.0000"," ","0.0000","0.0000","37400","108396800","2898.3102"
"20201214","01","11","    19820","JP3793400007","1899.0000","1903.0000","1884.0000","1903.0000","1890.0000","1896.0000","1864.0000","1868.0000","1899.0000","1903.0000","1864.0000","1868.0000"," ","0.0000","0.0000","17100","32136300","1879.3158"
"20201214","01","11","    20010","JP3723000000","1650.0000","1662.0000","1649.0000","1661.0000","1661.0000","1661.0000","1640.0000","1642.0000","1650.0000","1662.0000","1640.0000","1642.0000"," ","0.0000","0.0000","102800","169761100","1651.3726"
"20201214","01","11","    20020","JP3676800000","1677.0000","1693.0000","1675.0000","1690.0000","1692.0000","1695.0000","1674.0000","1674.0000","1677.0000","1695.0000","1674.0000","1674.0000"," ","0.0000","0.0000","413800","695779500","1681.4391"
"20201214","01","11","    20030","JP3683200004","6550.0000","6550.0000","6530.0000","6530.0000","6580.0000","6600.0000","6550.0000","6560.0000","6550.0000","6600.0000","6530.0000","6560.0000"," ","0.0000","0.0000","1400","9188000","6562.8571"
"20201214","01","11","    20040","JP3366400004","3025.0000","3085.0000","3025.0000","3085.0000","3075.0000","3090.0000","3065.0000","3090.0000","3025.0000","3090.0000","3025.0000","3090.0000"," ","0.0000","0.0000","51800","159404500","3077.3069"
"20201214","01","11","    20090","JP3636200002","1056.0000","1065.0000","1049.0000","1061.0000","1060.0000","1060.0000","1038.0000","1038.0000","1056.0000","1065.0000","1038.0000","1038.0000"," ","0.0000","0.0000","75800","79881000","1053.8391"
"20201214","01","11","    20530","JP3525400002","1444.0000","1455.0000","1437.0000","1445.0000","1446.0000","1448.0000","1420.0000","1433.0000","1444.0000","1455.0000","1420.0000","1433.0000"," ","0.0000","0.0000","38300","55103500","1438.7337"
"20201214","01","11","    20600","JP3802960009","890.0000","900.0000","890.0000","900.0000","899.0000","899.0000","893.0000","893.0000","890.0000","900.0000","890.0000","893.0000"," ","0.0000","0.0000","47400","42418400","894.9030"
"20201214","01","11","    21070","JP3614600009","1221.0000","1229.0000","1217.0000","1229.0000","1226.0000","1226.0000","1226.0000","1226.0000","1221.0000","1229.0000","1217.0000","1226.0000"," ","0.0000","0.0000","1900","2323500","1222.8947"
"20201214","01","11","    21080","JP3732600006","1670.0000","1697.0000","1660.0000","1695.0000","1684.0000","1686.0000","1643.0000","1645.0000","1670.0000","1697.0000","1643.0000","1645.0000"," ","0.0000","0.0000","26000","43255600","1663.6769"
"20201214","01","11","    21090","JP3890400009","1818.0000","1845.0000","1815.0000","1844.0000","1843.0000","1843.0000","1816.0000","1825.0000","1818.0000","1845.0000","1815.0000","1825.0000"," ","0.0000","0.0000","48800","89333200","1830.5984"
"20201214","01","11","    21120","JP3168800005","220.0000","225.0000","220.0000","225.0000","224.0000","226.0000","222.0000","224.0000","220.0000","226.0000","220.0000","224.0000"," ","0.0000","0.0000","73300","16340500","222.9263"
"20201214","01","11","    21170","JP3676600004","1855.0000","1863.0000","1850.0000","1863.0000","1863.0000","1863.0000","1848.0000","1848.0000","1855.0000","1863.0000","1848.0000","1848.0000"," ","0.0000","0.0000","7400","13705200","1852.0541"
"20201214","01","11","    21200","JP3758140002","393.0000","399.0000","393.0000","399.0000","399.0000","400.0000","396.0000","397.0000","393.0000","400.0000","393.0000","397.0000"," ","0.0000","0.0000","270200","107255900","396.9500"
"20201214","01","11","    21210","JP3882750007","2591.0000","2663.0000","2587.0000","2639.0000","2644.0000","2648.0000","2623.0000","2625.0000","2591.0000","2663.0000","2587.0000","2625.0000"," ","0.0000","0.0000","469000","1236415400","2636.2802"
"20201214","01","11","    21240","JP3386130003","1872.0000","1908.0000","1872.0000","1898.0000","1890.0000","1891.0000","1874.0000","1879.0000","1872.0000","1908.0000","1872.0000","1879.0000"," ","0.0000","0.0000","97500","184123500","1888.4462"
"20201214","01","11","    21270","JP3689050007","6790.0000","6810.0000","6630.0000","6680.0000","6690.0000","6700.0000","6650.0000","6680.0000","6790.0000","6810.0000","6630.0000","6680.0000"," ","0.0000","0.0000","591300","3950432000","6680.9268"
"20201214","01","11","    21300","JP3921700005","2097.0000","2128.0000","2041.0000","2082.0000","2053.0000","2060.0000","2027.0000","2038.0000","2097.0000","2128.0000","2027.0000","2038.0000"," ","0.0000","0.0000","103200","212878500","2062.7762"
"20201214","01","11","    21390","JP3520800008","344.0000","344.0000","322.0000","331.0000","331.0000","335.0000","328.0000","333.0000","344.0000","344.0000","322.0000","333.0000"," ","0.0000","0.0000","80300","26692000","332.4035"
"20201214","01","11","    21460","JP3949500007","3230.0000","3310.0000","3230.0000","3300.0000","3310.0000","3310.0000","3265.0000","3295.0000","3230.0000","3310.0000","3230.0000","3295.0000"," ","0.0000","0.0000","201500","660900500","3279.9032"
"20201214","01","11","    21480","JP3104880004","2415.0000","2447.0000","2357.0000","2371.0000","2393.0000","2393.0000","2349.0000","2356.0000","2415.0000","2447.0000","2349.0000","2356.0000"," ","0.0000","0.0000","151600","361878700","2387.0627"
"20201214","01","11","    21510","JP3462680004","1288.0000","1289.0000","1266.0000","1276.0000","1276.0000","1276.0000","1249.0000","1255.0000","1288.0000","1289.0000","1249.0000","1255.0000"," ","0.0000","0.0000","250800","318236100","1268.8840"
"20201214","01","11","    21530","JP3130480001","1066.0000","1071.0000","1057.0000","1065.0000","1067.0000","1067.0000","1048.0000","1051.0000","1066.0000","1071.0000","1048.0000","1051.0000"," ","0.0000","0.0000","68500","72540900","1058.9912"
"20201214","01","11","    21540","JP3635580008","1124.0000","1139.0000","1110.0000","1137.0000","1132.0000","1138.0000","1132.0000","1137.0000","1124.0000","1139.0000","1110.0000","1137.0000"," ","0.0000","0.0000","117300","132595800","1130.3990"
"20201214","01","11","    21570","JP3297360004","452.0000","463.0000","452.0000","460.0000","460.0000","460.0000","456.0000","458.0000","452.0000","463.0000","452.0000","458.0000"," ","0.0000","0.0000","348900","159969300","458.4961"
"20201214","01","11","    21630","JP3126230006","914.0000","934.0000","904.0000","934.0000","934.0000","934.0000","929.0000","933.0000","914.0000","934.0000","904.0000","933.0000"," ","0.0000","0.0000","43000","39882800","927.5070"
"20201214","01","11","    21680","JP3781490002","2059.0000","2124.0000","2041.0000","2108.0000","2100.0000","2102.0000","2062.0000","2083.0000","2059.0000","2124.0000","2041.0000","2083.0000"," ","0.0000","0.0000","231200","483019400","2089.1843"
"20201214","01","11","    21690","JP3347040002","1359.0000","1378.0000","1352.0000","1378.0000","1375.0000","1381.0000","1369.0000","1381.0000","1359.0000","1381.0000","1352.0000","1381.0000"," ","0.0000","0.0000","7900","10831800","1371.1139"
"20201214","01","11","    21700","JP3977020001","575.0000","587.0000","568.0000","584.0000","583.0000","585.0000","579.0000","580.0000","575.0000","587.0000","568.0000","580.0000"," ","0.0000","0.0000","283900","164677400","580.0542"
"20201214","01","11","    21740","JP3386390003","741.0000","749.0000","739.0000","749.0000","750.0000","751.0000","743.0000","743.0000","741.0000","751.0000","739.0000","743.0000"," ","0.0000","0.0000","145600","108627500","746.0680"
"20201214","01","11","    21750","JP3162350007","3630.0000","3670.0000","3590.0000","3665.0000","3670.0000","3670.0000","3620.0000","3625.0000","3630.0000","3670.0000","3590.0000","3625.0000"," ","0.0000","0.0000","196800","715170000","3633.9939"
"20201214","01","11","    21800","JP3322500004","662.0000","662.0000","655.0000","660.0000","660.0000","660.0000","656.0000","656.0000","662.0000","662.0000","655.0000","656.0000"," ","0.0000","0.0000","9000","5920700","657.8556"
"20201214","01","11","    21810","JP3547670004","2016.0000","2020.0000","1986.0000","2006.0000","1998.0000","1998.0000","1970.0000","1973.0000","2016.0000","2020.0000","1970.0000","1973.0000"," ","0.0000","0.0000","563800","1121557100","1989.2818"
"20201214","01","11","    21830","JP3974530002","711.0000","729.0000","711.0000","728.0000","725.0000","729.0000","725.0000","727.0000","711.0000","729.0000","711.0000","727.0000"," ","0.0000","0.0000","29400","21260800","723.1565"
"20201214","01","11","    21930","JP3266170004","328.0000","331.0000","324.0000","327.0000","328.0000","328.0000","323.0000","323.0000","328.0000","331.0000","323.0000","323.0000"," ","0.0000","0.0000","402500","131409300","326.4827"
"20201214","01","11","    21960","JP3162620003","308.0000","311.0000","306.0000","310.0000","309.0000","310.0000","306.0000","308.0000","308.0000","311.0000","306.0000","308.0000"," ","0.0000","0.0000","97500","30006500","307.7590"
"20201214","01","11","    21980","JP3101120008","630.0000","634.0000","627.0000","630.0000","618.0000","631.0000","618.0000","627.0000","630.0000","634.0000","618.0000","627.0000"," ","0.0000","0.0000","38800","24201100","623.7397"
"20201214","01","11","    22010","JP3926400007","3830.0000","3875.0000","3825.0000","3865.0000","3855.0000","3860.0000","3835.0000","3840.0000","3830.0000","3875.0000","3825.0000","3840.0000"," ","0.0000","0.0000","140800","541625500","3846.7720"
"20201214","01","11","    22040","JP3646000004","4025.0000","4065.0000","4025.0000","4065.0000","4070.0000","4075.0000","4035.0000","4035.0000","4025.0000","4075.0000","4025.0000","4035.0000"," ","0.0000","0.0000","5400","21805000","4037.9630"
"20201214","01","11","    22060","JP3161200005","4590.0000","4635.0000","4580.0000","4625.0000","4630.0000","4645.0000","4585.0000","4585.0000","4590.0000","4645.0000","4580.0000","4585.0000"," ","0.0000","0.0000","103200","475083000","4603.5174"
"20201214","01","11","    22070","JP3920200007","1450.0000","1480.0000","1450.0000","1480.0000","1475.0000","1475.0000","1453.0000","1460.0000","1450.0000","1480.0000","1450.0000","1460.0000"," ","0.0000","0.0000","13100","19155800","1462.2748"
"20201214","01","11","    22090","JP3149200002","2676.0000","2690.0000","2654.0000","2680.0000","2671.0000","2685.0000","2646.0000","2656.0000","2676.0000","2690.0000","2646.0000","2656.0000"," ","0.0000","0.0000","25000","66744200","2669.7680"
"20201214","01","11","    22110","JP3821200007","2555.0000","2563.0000","2537.0000","2562.0000","2559.0000","2559.0000","2523.0000","2528.0000","2555.0000","2563.0000","2523.0000","2528.0000"," ","0.0000","0.0000","96500","245640300","2545.4953"
"20201214","01","11","    22120","JP3935600001","1754.0000","1767.0000","1746.0000","1765.0000","1765.0000","1765.0000","1746.0000","1746.0000","1754.0000","1767.0000","1746.0000","1746.0000"," ","0.0000","0.0000","348300","610627700","1753.1659"
"20201214","01","11","    22150","JP3479400008","1009.0000","1010.0000","1005.0000","1009.0000","1009.0000","1009.0000","1006.0000","1008.0000","1009.0000","1010.0000","1005.0000","1008.0000"," ","0.0000","0.0000","13100","13210900","1008.4656"
"20201214","01","11","    22170","JP3927600001","5980.0000","5990.0000","5950.0000","5950.0000","5990.0000","6000.0000","5910.0000","6000.0000","5980.0000","6000.0000","5910.0000","6000.0000"," ","0.0000","0.0000","4500","26929000","5984.2222"
"20201214","01","11","    22200","JP3219800004","4950.0000","4990.0000","4940.0000","4970.0000","4985.0000","4985.0000","4955.0000","4965.0000","4950.0000","4990.0000","4940.0000","4965.0000"," ","0.0000","0.0000","19700","97922000","4970.6599"
"20201214","01","11","    22220","JP3299600001","5390.0000","5450.0000","5390.0000","5420.0000","5410.0000","5410.0000","5360.0000","5370.0000","5390.0000","5450.0000","5360.0000","5370.0000"," ","0.0000","0.0000","72200","389044000","5388.4211"
"20201214","01","11","    22290","JP3220580009","3090.0000","3125.0000","3075.0000","3120.0000","3115.0000","3115.0000","3080.0000","3080.0000","3090.0000","3125.0000","3075.0000","3080.0000"," ","0.0000","0.0000","274000","847818500","3094.2281"
"20201214","01","11","    22640","JP3926800008","5000.0000","5100.0000","4990.0000","5100.0000","5080.0000","5080.0000","5020.0000","5030.0000","5000.0000","5100.0000","4990.0000","5030.0000"," ","0.0000","0.0000","89600","451838000","5042.8348"
"20201214","01","11","    22660","JP3984800007","1949.0000","1977.0000","1943.0000","1969.0000","1955.0000","1957.0000","1944.0000","1948.0000","1949.0000","1977.0000","1943.0000","1948.0000"," ","0.0000","0.0000","23900","46698700","1953.9205"
"20201214","01","11","    22670","JP3931600005","5390.0000","5410.0000","5340.0000","5370.0000","5360.0000","5370.0000","5300.0000","5300.0000","5390.0000","5410.0000","5300.0000","5300.0000"," ","0.0000","0.0000","502800","2689843000","5349.7275"
"20201214","01","11","    22690","JP3918000005","7490.0000","7510.0000","7470.0000","7500.0000","7480.0000","7480.0000","7400.0000","7400.0000","7490.0000","7510.0000","7400.0000","7400.0000"," ","0.0000","0.0000","377900","2810303000","7436.6314"
"20201214","01","11","    22700","JP3947800003","2284.0000","2295.0000","2271.0000","2293.0000","2299.0000","2299.0000","2261.0000","2262.0000","2284.0000","2299.0000","2261.0000","2262.0000"," ","0.0000","0.0000","229700","523214300","2277.8158"
"20201214","01","11","    22810","JP3833200003","3160.0000","3220.0000","3155.0000","3215.0000","3215.0000","3215.0000","3150.0000","3155.0000","3160.0000","3220.0000","3150.0000","3155.0000"," ","0.0000","0.0000","123800","393454000","3178.1422"
"20201214","01","11","    22820","JP3743000006","4695.0000","4770.0000","4690.0000","4770.0000","4765.0000","4770.0000","4710.0000","4725.0000","4695.0000","4770.0000","4690.0000","4725.0000"," ","0.0000","0.0000","199600","944704000","4732.9860"
"20201214","01","11","    22860","JP3772200006","583.0000","592.0000","583.0000","589.0000","589.0000","592.0000","587.0000","592.0000","583.0000","592.0000","583.0000","592.0000"," ","0.0000","0.0000","8200","4835600","589.7073"
"20201214","01","11","    22880","JP3876400007","1700.0000","1717.0000","1700.0000","1714.0000","1714.0000","1714.0000","1703.0000","1708.0000","1700.0000","1717.0000","1700.0000","1708.0000"," ","0.0000","0.0000","30900","52786900","1708.3139"
"20201214","01","11","    22920","JP3399300007","3410.0000","3425.0000","3390.0000","3410.0000","3400.0000","3400.0000","3340.0000","3340.0000","3410.0000","3425.0000","3340.0000","3340.0000"," ","0.0000","0.0000","36100","121774500","3373.2548"
"20201214","01","11","    22940","JP3206500005","2580.0000","2608.0000","2576.0000","2604.0000","2601.0000","2602.0000","2571.0000","2571.0000","2580.0000","2608.0000","2571.0000","2571.0000"," ","0.0000","0.0000","16800","43466000","2587.2619"
"20201214","01","11","    22960","JP3144500000","680.0000","693.0000","679.0000","691.0000","692.0000","692.0000","687.0000","689.0000","680.0000","693.0000","679.0000","689.0000"," ","0.0000","0.0000","416000","286179700","687.9320"
"20201214","01","11","    23010","JP3234400004","1380.0000","1440.0000","1380.0000","1439.0000","1439.0000","1442.0000","1424.0000","1431.0000","1380.0000","1442.0000","1380.0000","1431.0000"," ","0.0000","0.0000","193200","274045500","1418.4550"
"20201214","01","11","    23050","JP3399240005","1972.0000","2029.0000","1970.0000","2023.0000","2020.0000","2058.0000","2005.0000","2046.0000","1972.0000","2058.0000","1970.0000","2046.0000"," ","0.0000","0.0000","64500","130480500","2022.9535"
"20201214","01","11","    23070","JP3272600002","1224.0000","1242.0000","1210.0000","1240.0000","1231.0000","1247.0000","1231.0000","1238.0000","1224.0000","1247.0000","1210.0000","1238.0000"," ","0.0000","0.0000","20100","24804800","1234.0697"
"20201214","01","11","    23090","JP3359000001","1360.0000","1381.0000","1360.0000","1377.0000","1374.0000","1376.0000","1368.0000","1369.0000","1360.0000","1381.0000","1360.0000","1369.0000"," ","0.0000","0.0000","31700","43489400","1371.9054"
"20201214","01","11","    23110","JP3167250004","1013.0000","1019.0000","1001.0000","1016.0000","1007.0000","1014.0000","999.0000","999.0000","1013.0000","1019.0000","999.0000","999.0000"," ","0.0000","0.0000","22800","22916000","1005.0877"
"20201214","01","11","    23170","JP3351050004","2152.0000","2169.0000","2140.0000","2169.0000","2164.0000","2164.0000","2130.0000","2135.0000","2152.0000","2169.0000","2130.0000","2135.0000"," ","0.0000","0.0000","171800","368195600","2143.1641"
"20201214","01","11","    23250","JP3718600004","2189.0000","2289.0000","2135.0000","2155.0000","2205.0000","2218.0000","2166.0000","2179.0000","2189.0000","2289.0000","2135.0000","2179.0000"," ","0.0000","0.0000","36600","80767600","2206.7650"
"20201214","01","11","    23260","JP3549020000","8570.0000","8630.0000","8520.0000","8560.0000","8530.0000","8530.0000","8430.0000","8430.0000","8570.0000","8630.0000","8430.0000","8430.0000"," ","0.0000","0.0000","98500","837376000","8501.2792"
"20201214","01","11","    23270","JP3379900008","2950.0000","2968.0000","2938.0000","2956.0000","2956.0000","2956.0000","2928.0000","2928.0000","2950.0000","2968.0000","2928.0000","2928.0000"," ","0.0000","0.0000","89900","264380800","2940.8320"
"20201214","01","11","    23310","JP3431900004","5500.0000","5560.0000","5480.0000","5560.0000","5560.0000","5560.0000","5440.0000","5450.0000","5500.0000","5560.0000","5440.0000","5450.0000"," ","0.0000","0.0000","140900","772925000","5485.6281"
"20201214","01","11","    23350","JP3244950006","1272.0000","1304.0000","1270.0000","1299.0000","1300.0000","1300.0000","1280.0000","1289.0000","1272.0000","1304.0000","1270.0000","1289.0000"," ","0.0000","0.0000","120000","154765900","1289.7158"
"20201214","01","11","    23370","JP3120010008","313.0000","327.0000","313.0000","326.0000","325.0000","326.0000","321.0000","321.0000","313.0000","327.0000","313.0000","321.0000"," ","0.0000","0.0000","1231600","396515700","321.9517"
"20201214","01","11","    23520","JP3160770008","2050.0000","2075.0000","2035.0000","2060.0000","2050.0000","2083.0000","2046.0000","2081.0000","2050.0000","2083.0000","2035.0000","2081.0000"," ","0.0000","0.0000","33200","68438700","2061.4066"
"20201214","01","11","    23530","JP3728000005","145.0000","145.0000","144.0000","144.0000","144.0000","145.0000","143.0000","144.0000","145.0000","145.0000","143.0000","144.0000"," ","0.0000","0.0000","748800","107881500","144.0725"
"20201214","01","11","    23590","JP3284000001","1408.0000","1422.0000","1398.0000","1419.0000","1421.0000","1438.0000","1414.0000","1438.0000","1408.0000","1438.0000","1398.0000","1438.0000"," ","0.0000","0.0000","30000","42661900","1422.0633"
"20201214","01","11","    23710","JP3206000006","2927.0000","2940.0000","2903.0000","2929.0000","2929.0000","2929.0000","2878.0000","2885.0000","2927.0000","2940.0000","2878.0000","2885.0000"," ","0.0000","0.0000","464600","1349553800","2904.7650"
"20201214","01","11","    23720","JP3105170009","1719.0000","1761.0000","1719.0000","1758.0000","1758.0000","1763.0000","1742.0000","1745.0000","1719.0000","1763.0000","1719.0000","1745.0000"," ","0.0000","0.0000","97900","171093600","1747.6364"
"20201214","01","11","    23740","JP3424980005","862.0000","894.0000","861.0000","894.0000","891.0000","895.0000","869.0000","877.0000","862.0000","895.0000","861.0000","877.0000"," ","0.0000","0.0000","144200","126673800","878.4591"
"20201214","01","11","    23760","JP3311350007","687.0000","687.0000","675.0000","682.0000","682.0000","682.0000","676.0000","676.0000","687.0000","687.0000","675.0000","676.0000"," ","0.0000","0.0000","5200","3532900","679.4038"
"20201214","01","11","    23780","JP3978800005","920.0000","948.0000","920.0000","947.0000","943.0000","947.0000","937.0000","938.0000","920.0000","948.0000","920.0000","938.0000"," ","0.0000","0.0000","96000","89972300","937.2115"
"20201214","01","11","    23790","JP3548640006","2745.0000","2773.0000","2714.0000","2763.0000","2768.0000","2772.0000","2751.0000","2760.0000","2745.0000","2773.0000","2714.0000","2760.0000"," ","0.0000","0.0000","181800","501334900","2757.6177"
"20201214","01","11","    23840","JP3163500006","2583.0000","2626.0000","2562.0000","2592.0000","2588.0000","2590.0000","2568.0000","2575.0000","2583.0000","2626.0000","2562.0000","2575.0000"," ","0.0000","0.0000","92100","238913100","2594.0619"
"20201214","01","11","    23890","JP3197730009","1991.0000","1991.0000","1946.0000","1962.0000","1955.0000","2003.0000","1952.0000","1979.0000","1991.0000","2003.0000","1946.0000","1979.0000"," ","0.0000","0.0000","66900","131738600","1969.1868"
"20201214","01","11","    23950","JP3379950003","655.0000","672.0000","654.0000","670.0000","670.0000","670.0000","664.0000","666.0000","655.0000","672.0000","654.0000","666.0000"," ","0.0000","0.0000","216100","143655300","664.7631"
"20201214","01","11","    23980","JP3532800004","555.0000","568.0000","552.0000","565.0000","565.0000","566.0000","560.0000","561.0000","555.0000","568.0000","552.0000","561.0000"," ","0.0000","0.0000","196800","110531700","561.6448"
"20201214","01","11","    24100","JP3244450007","956.0000","964.0000","944.0000","964.0000","964.0000","964.0000","947.0000","950.0000","956.0000","964.0000","944.0000","950.0000"," ","0.0000","0.0000","16700","15966900","956.1018"
"20201214","01","11","    24120","JP3835630009","3080.0000","3090.0000","3015.0000","3080.0000","3080.0000","3085.0000","3055.0000","3065.0000","3080.0000","3090.0000","3015.0000","3065.0000"," ","0.0000","0.0000","269600","826487000","3065.6046"
"20201214","01","11","    24130","JP3435750009","8975.0000","9039.0000","8890.0000","8986.0000","8988.0000","9001.0000","8946.0000","8980.0000","8975.0000","9039.0000","8890.0000","8980.0000"," ","0.0000","0.0000","2570000","23058032700","8971.9972"
"20201214","01","11","    24180","JP3835670005","260.0000","260.0000","256.0000","258.0000","258.0000","258.0000","255.0000","255.0000","260.0000","260.0000","255.0000","255.0000"," ","0.0000","0.0000","96800","24944300","257.6890"
"20201214","01","11","    24240","JP3830600007","386.0000","389.0000","385.0000","386.0000","385.0000","387.0000","384.0000","385.0000","386.0000","389.0000","384.0000","385.0000"," ","0.0000","0.0000","13400","5168500","385.7090"
"20201214","01","11","    24270","JP3105270007","1479.0000","1486.0000","1446.0000","1463.0000","1464.0000","1485.0000","1459.0000","1462.0000","1479.0000","1486.0000","1446.0000","1462.0000"," ","0.0000","0.0000","1166200","1713703100","1469.4762"
"20201214","01","11","    24280","JP3155370004","488.0000","494.0000","485.0000","491.0000","490.0000","490.0000","486.0000","486.0000","488.0000","494.0000","485.0000","486.0000"," ","0.0000","0.0000","69400","33871400","488.0605"
"20201214","01","11","    24290","JP3990220000","2066.0000","2117.0000","2055.0000","2110.0000","2110.0000","2110.0000","2090.0000","2104.0000","2066.0000","2117.0000","2055.0000","2104.0000"," ","0.0000","0.0000","76500","160461300","2097.5333"
"20201214","01","11","    24320","JP3548610009","1950.0000","1958.0000","1886.0000","1898.0000","1897.0000","1906.0000","1885.0000","1886.0000","1950.0000","1958.0000","1885.0000","1886.0000"," ","0.0000","0.0000","1035300","1966293600","1899.2501"
"20201214","01","11","    24330","JP3766550002","1437.0000","1461.0000","1437.0000","1458.0000","1452.0000","1454.0000","1436.0000","1437.0000","1437.0000","1461.0000","1436.0000","1437.0000"," ","0.0000","0.0000","546000","787918100","1443.0734"
"20201214","01","11","    24400","JP3274180003","531.0000","539.0000","530.0000","535.0000","531.0000","534.0000","528.0000","529.0000","531.0000","539.0000","528.0000","529.0000"," ","0.0000","0.0000","428100","227642100","531.7498"
"20201214","01","11","    24450","JP3161560002","524.0000","530.0000","522.0000","525.0000","525.0000","526.0000","525.0000","525.0000","524.0000","530.0000","522.0000","525.0000"," ","0.0000","0.0000","32800","17242900","525.6982"
"20201214","01","11","    24530","JP3389670005","896.0000","900.0000","885.0000","894.0000","889.0000","897.0000","888.0000","890.0000","896.0000","900.0000","885.0000","890.0000"," ","0.0000","0.0000","43400","38771000","893.3410"
"20201214","01","11","    24610","JP3802840003","436.0000","439.0000","435.0000","438.0000","438.0000","439.0000","436.0000","437.0000","436.0000","439.0000","435.0000","437.0000"," ","0.0000","0.0000","112300","49075000","436.9991"
"20201214","01","11","    24620","JP3386120004","2004.0000","2058.0000","2004.0000","2041.0000","2041.0000","2051.0000","2033.0000","2034.0000","2004.0000","2058.0000","2004.0000","2034.0000"," ","0.0000","0.0000","26900","54698700","2033.4089"
"20201214","01","11","    24640","JP3800290003","450.0000","452.0000","440.0000","451.0000","451.0000","451.0000","443.0000","443.0000","450.0000","452.0000","440.0000","443.0000"," ","0.0000","0.0000","32200","14362300","446.0342"
"20201214","01","11","    24710","JP3163900008","758.0000","768.0000","753.0000","760.0000","760.0000","760.0000","751.0000","752.0000","758.0000","768.0000","751.0000","752.0000"," ","0.0000","0.0000","530500","402371500","758.4760"
"20201214","01","11","    24750","JP3505940001","2773.0000","2816.0000","2771.0000","2808.0000","2801.0000","2815.0000","2791.0000","2805.0000","2773.0000","2816.0000","2771.0000","2805.0000"," ","0.0000","0.0000","17200","48176100","2800.9360"
"20201214","01","11","    24770","JP3783300001","5370.0000","5370.0000","5260.0000","5300.0000","5300.0000","5380.0000","5250.0000","5320.0000","5370.0000","5380.0000","5250.0000","5320.0000"," ","0.0000","0.0000","28100","149261000","5311.7794"
"20201214","01","11","    24850","JP3539150007","405.0000","413.0000","405.0000","412.0000","412.0000","414.0000","411.0000","411.0000","405.0000","414.0000","405.0000","411.0000"," ","0.0000","0.0000","51400","21052900","409.5895"
"20201214","01","11","    24870","JP3347020004","1507.0000","1521.0000","1505.0000","1518.0000","1534.0000","1534.0000","1520.0000","1525.0000","1507.0000","1534.0000","1505.0000","1525.0000"," ","0.0000","0.0000","6300","9564700","1518.2063"
"20201214","01","11","    24890","JP3121970002","608.0000","616.0000","594.0000","605.0000","608.0000","617.0000","603.0000","607.0000","608.0000","617.0000","594.0000","607.0000"," ","0.0000","0.0000","669500","406894100","607.7582"
"20201214","01","11","    24910","JP3778390009","3485.0000","3605.0000","3475.0000","3595.0000","3595.0000","3620.0000","3545.0000","3605.0000","3485.0000","3620.0000","3475.0000","3605.0000"," ","0.0000","0.0000","211000","755135500","3578.8412"
"20201214","01","11","    24920","JP3153480003","944.0000","958.0000","932.0000","941.0000","936.0000","937.0000","921.0000","923.0000","944.0000","958.0000","921.0000","923.0000"," ","0.0000","0.0000","688300","643746700","935.2705"
"20201214","01","11","    25010","JP3320800000","2049.0000","2073.0000","2046.0000","2070.0000","2073.0000","2076.0000","2058.0000","2059.0000","2049.0000","2076.0000","2046.0000","2059.0000"," ","0.0000","0.0000","218100","449517800","2061.0628"
"20201214","01","11","    25020","JP3116000005","4418.0000","4461.0000","4410.0000","4437.0000","4434.0000","4446.0000","4415.0000","4415.0000","4418.0000","4461.0000","4410.0000","4415.0000"," ","0.0000","0.0000","1478400","6548980400","4429.7757"
"20201214","01","11","    25030","JP3258000003","2350.0000","2367.5000","2337.5000","2364.0000","2365.5000","2391.5000","2355.5000","2362.0000","2350.0000","2391.5000","2337.5000","2362.0000"," ","0.0000","0.0000","2285500","5402362950","2363.7554"
"20201214","01","11","    25100","JP3048610004","1000.0000","1000.0000","999.0000","1000.0000","1000.0000","1000.0000","1000.0000","1000.0000","1000.0000","1000.0000","999.0000","1000.0000"," ","0.0000","0.0000","31500","31499980","999.9994"
"20201214","01","11","    25110","JP3048620003","1009.0000","1009.0000","1005.0000","1006.0000","1008.0000","1009.0000","1008.0000","1008.0000","1009.0000","1009.0000","1005.0000","1008.0000"," ","0.0000","0.0000","17720","17832650","1006.3572"
"20201214","01","11","    25120","JP3048630002","1062.0000","1062.0000","1060.0000","1061.0000","1061.0000","1061.0000","1058.0000","1058.0000","1062.0000","1062.0000","1058.0000","1058.0000"," ","0.0000","0.0000","54760","58098720","1060.9701"
"20201214","01","11","    25130","JP3048640001","1222.0000","1222.0000","1221.0000","1222.0000","1222.0000","1222.0000","1220.0000","1220.0000","1222.0000","1222.0000","1220.0000","1220.0000"," ","0.0000","0.0000","20890","25527400","1221.9914"
"20201214","01","11","    25140","JP3048650000","1278.0000","1279.0000","1277.0000","1278.0000","1277.0000","1278.0000","1276.0000","1276.0000","1278.0000","1279.0000","1276.0000","1276.0000"," ","0.0000","0.0000","3360","4289920","1276.7619"
"20201214","01","11","    25150","JP3048660009","897.0000","901.0000","897.0000","901.0000","901.0000","902.0000","899.0000","899.0000","897.0000","902.0000","897.0000","899.0000"," ","0.0000","0.0000","19630","17670140","900.1600"
"20201214","01","11","    25160","JP3048700003","911.0000","916.0000","902.0000","908.0000","906.0000","911.0000","902.0000","909.0000","911.0000","916.0000","902.0000","909.0000"," ","0.0000","0.0000","833840","756231920","906.9269"
"20201214","01","11","    25170","JP3048710002","1013.0000","1013.0000","1007.0000","1007.0000","1008.0000","1008.0000","1008.0000","1008.0000","1013.0000","1013.0000","1007.0000","1008.0000"," ","0.0000","0.0000","1990","2011340","1010.7236"
"20201214","01","11","    25180","JP3048720001","1060.0000","1060.0000","1040.0000","1050.0000","1044.0000","1046.0000","1044.0000","1045.0000","1060.0000","1060.0000","1040.0000","1045.0000"," ","0.0000","0.0000","434","456818","1052.5760"
"20201214","01","11","    25190","JP3048730000","1029.0000","1029.0000","1028.0000","1028.0000","1028.0000","1031.0000","1028.0000","1031.0000","1029.0000","1031.0000","1028.0000","1031.0000"," ","0.0000","0.0000","1670","1719470","1029.6228"
"20201214","01","11","    25200","JP3048740009","1121.0000","1131.0000","1121.0000","1129.0000","1129.0000","1129.0000","1123.0000","1123.0000","1121.0000","1131.0000","1121.0000","1123.0000"," ","0.0000","0.0000","2610","2943560","1127.8008"
"20201214","01","11","    25210","JP3048760007","1289.0000","1292.0000","1289.0000","1292.0000","1292.0000","1292.0000","1288.0000","1288.0000","1289.0000","1292.0000","1288.0000","1288.0000"," ","0.0000","0.0000","69250","89340790","1290.1197"
"20201214","01","11","    25220","JP3048790004","3185.0000","3190.0000","3175.0000","3190.0000","3190.0000","3190.0000","3175.0000","3175.0000","3185.0000","3190.0000","3175.0000","3175.0000"," ","0.0000","0.0000","1112","3541280","3184.6043"
"20201214","01","11","    25230","JP3048800001","0.0000","0.0000","0.0000","0.0000","0.0000","0.0000","0.0000","0.0000","0.0000","0.0000","0.0000","0.0000"," ","0.0000","0.0000","0","0","0.0000"
"20201214","01","11","    25240","JP3048830008","0.0000","0.0000","0.0000","0.0000","0.0000","0.0000","0.0000","0.0000","0.0000","0.0000","0.0000","0.0000"," ","0.0000","0.0000","0","0","0.0000"
"20201214","01","11","    25250","JP3048840007","0.0000","0.0000","0.0000","0.0000","0.0000","0.0000","0.0000","0.0000","0.0000","0.0000","0.0000","0.0000"," ","0.0000","0.0000","0","0","0.0000"
"20201214","01","11","    25260","JP3048850006","16410.0000","16410.0000","16410.0000","16410.0000","0.0000","0.0000","0.0000","0.0000","16410.0000","16410.0000","16410.0000","16410.0000"," ","0.0000","0.0000","2500","41025000","16410.0000"
"20201214","01","11","    25270","JP3048860005","1025.0000","1028.0000","1022.0000","1022.0000","1021.0000","1021.0000","1021.0000","1021.0000","1025.0000","1028.0000","1021.0000","1021.0000"," ","0.0000","0.0000","230","235660","1024.6087"
"20201214","01","11","    25280","JP3048870004","1004.0000","1008.0000","1002.0000","1008.0000","1005.0000","1007.0000","1003.0000","1003.0000","1004.0000","1008.0000","1002.0000","1003.0000"," ","0.0000","0.0000","1250","1254430","1003.5440"
"20201214","01","11","    25290","JP3048890002","953.0000","965.0000","950.0000","965.0000","961.0000","962.0000","958.0000","958.0000","953.0000","965.0000","950.0000","958.0000"," ","0.0000","0.0000","1537","1473610","958.7573"
"20201214","01","11","    25300","JP3048900009","12500.0000","12600.0000","12480.0000","12600.0000","12600.0000","12700.0000","12600.0000","12700.0000","12500.0000","12700.0000","12480.0000","12700.0000"," ","0.0000","0.0000","322","4041940","12552.6087"
"20201214","01","11","    25310","JP3459600007","1270.0000","1271.0000","1245.0000","1271.0000","1271.0000","1272.0000","1254.0000","1259.0000","1270.0000","1272.0000","1245.0000","1259.0000"," ","0.0000","0.0000","357100","449975500","1260.0826"
"20201214","01","11","    25330","JP3307400006","404.0000","408.0000","403.0000","408.0000","406.0000","407.0000","404.0000","404.0000","404.0000","408.0000","403.0000","404.0000"," ","0.0000","0.0000","98600","39905700","404.7231"
"20201214","01","11","    25400","JP3953800004","1911.0000","1918.0000","1897.0000","1897.0000","1905.0000","1905.0000","1896.0000","1900.0000","1911.0000","1918.0000","1896.0000","1900.0000"," ","0.0000","0.0000","13600","25897800","1904.2500"
"20201214","01","11","    25520","JP3048910008","1821.0000","1825.0000","1815.0000","1819.0000","1825.0000","1825.0000","1812.0000","1812.0000","1821.0000","1825.0000","1812.0000","1812.0000"," ","0.0000","0.0000","334","607712","1819.4970"
"20201214","01","11","    25530","JP3048920007","1429.0000","1429.0000","1340.0000","1340.0000","1340.0000","1349.0000","1335.0000","1349.0000","1429.0000","1429.0000","1335.0000","1349.0000"," ","0.0000","0.0000","510","694150","1361.0784"
"20201214","01","11","    25540","JP3048930006","1028.0000","1028.0000","1026.0000","1026.0000","1027.0000","1028.0000","1027.0000","1027.0000","1028.0000","1028.0000","1026.0000","1027.0000"," ","0.0000","0.0000","9000","9242980","1026.9978"
"20201214","01","11","    25550","JP3048940005","1749.0000","1757.0000","1742.0000","1752.0000","1751.0000","1751.0000","1742.0000","1742.0000","1749.0000","1757.0000","1742.0000","1742.0000"," ","0.0000","0.0000","1460","2551090","1747.3219"
"20201214","01","11","    25560","JP3048950004","1750.0000","1750.0000","1739.0000","1745.0000","1746.0000","1748.0000","1739.0000","1741.0000","1750.0000","1750.0000","1739.0000","1741.0000"," ","0.0000","0.0000","7280","12713960","1746.4231"
"20201214","01","11","    25570","JP3048970002","1800.0000","1806.0000","1800.0000","1806.0000","0.0000","0.0000","0.0000","0.0000","1800.0000","1806.0000","1800.0000","1806.0000"," ","0.0000","0.0000","20","36060","1803.0000"
"20201214","01","11","    25580","JP3048980001","10920.0000","10930.0000","10900.0000","10930.0000","10930.0000","10930.0000","10900.0000","10900.0000","10920.0000","10930.0000","10900.0000","10900.0000"," ","0.0000","0.0000","5191","56679940","10918.8865"
"20201214","01","11","    25590","JP3048990000","10730.0000","10740.0000","10710.0000","10730.0000","10730.0000","10740.0000","10710.0000","10720.0000","10730.0000","10740.0000","10710.0000","10720.0000"," ","0.0000","0.0000","2257","24213930","10728.3695"
"20201214","01","11","    25600","JP3049010006","23850.0000","23850.0000","23850.0000","23850.0000","0.0000","0.0000","0.0000","0.0000","23850.0000","23850.0000","23850.0000","23850.0000"," ","0.0000","0.0000","8","190800","23850.0000"
"20201214","01","11","    25610","JP3049020005","2736.0000","2737.0000","2736.0000","2736.0000","2737.0000","2738.0000","2736.0000","2736.0000","2736.0000","2738.0000","2736.0000","2736.0000"," ","0.0000","0.0000","4273","11691499","2736.1336"
"20201214","01","11","    25620","JP3049030004","2611.0000","2613.0000","2611.0000","2613.0000","2614.0000","2615.0000","2611.0000","2611.0000","2611.0000","2615.0000","2611.0000","2611.0000"," ","0.0000","0.0000","1310","3422690","2612.7405"
"20201214","01","11","    25630","JP3049040003","2387.0000","2388.0000","2385.0000","2387.0000","2388.0000","2388.0000","2384.0000","2385.0000","2387.0000","2388.0000","2384.0000","2385.0000"," ","0.0000","0.0000","1169","2790100","2386.7408"
"20201214","01","11","    25640","JP3049050002","1600.0000","1612.0000","1600.0000","1612.0000","1612.0000","1612.0000","1606.0000","1606.0000","1600.0000","1612.0000","1600.0000","1606.0000"," ","0.0000","0.0000","139","222699","1602.1511"
"20201214","01","11","    25650","JP3049060001","1001.0000","1001.0000","995.0000","998.0000","1002.0000","1002.0000","995.0000","995.0000","1001.0000","1002.0000","995.0000","995.0000"," ","0.0000","0.0000","30963","30937537","999.1776"
"20201214","01","11","    25660","JP3049070000","969.0000","969.0000","963.0000","966.0000","966.0000","967.0000","964.0000","964.0000","969.0000","969.0000","963.0000","964.0000"," ","0.0000","0.0000","5550","5366600","966.9550"
"20201214","01","11","    25670","JP3049080009","236.0000","236.0000","235.0000","235.0000","237.0000","237.0000","237.0000","237.0000","236.0000","237.0000","235.0000","237.0000"," ","0.0000","0.0000","460","108600","236.0870"
"20201214","01","11","    25680","JP3049090008","2223.0000","2226.0000","2220.0000","2225.0000","2225.0000","2226.0000","2220.0000","2220.0000","2223.0000","2226.0000","2220.0000","2220.0000"," ","0.0000","0.0000","17830","39657080","2224.1772"
"20201214","01","11","    25690","JP3049100005","2238.0000","2240.0000","2238.0000","2240.0000","2239.0000","2240.0000","2235.0000","2235.0000","2238.0000","2240.0000","2235.0000","2235.0000"," ","0.0000","0.0000","7350","16454260","2238.6748"
"20201214","01","11","    25790","JP3293200006","1610.0000","1670.0000","1608.0000","1664.0000","1660.0000","1664.0000","1634.0000","1635.0000","1610.0000","1670.0000","1608.0000","1635.0000"," ","0.0000","0.0000","685800","1129297300","1646.6861"
"20201214","01","11","    25870","JP3336560002","3905.0000","3910.0000","3885.0000","3895.0000","3900.0000","3900.0000","3850.0000","3855.0000","3905.0000","3910.0000","3850.0000","3855.0000"," ","0.0000","0.0000","313100","1214335500","3878.4270"
"20201214","01","11","    25900","JP3488400007","5790.0000","5880.0000","5790.0000","5880.0000","5880.0000","5910.0000","5750.0000","5750.0000","5790.0000","5910.0000","5750.0000","5750.0000"," ","0.0000","0.0000","56900","330825000","5814.1476"
"20201214","01","11","    25930","JP3143000002","6960.0000","7030.0000","6910.0000","7000.0000","6990.0000","7000.0000","6850.0000","6850.0000","6960.0000","7030.0000","6850.0000","6850.0000"," ","0.0000","0.0000","224300","1552273000","6920.5216"
"20201214","01","11","    25935","JP3143000101","2145.0000","2147.0000","2136.0000","2142.0000","2147.0000","2147.0000","2136.0000","2136.0000","2145.0000","2147.0000","2136.0000","2136.0000"," ","0.0000","0.0000","3300","7063500","2140.4545"
"20201214","01","11","    25940","JP3236300004","2191.0000","2203.0000","2189.0000","2203.0000","2204.0000","2205.0000","2172.0000","2176.0000","2191.0000","2205.0000","2172.0000","2176.0000"," ","0.0000","0.0000","30700","67142400","2187.0489"
"20201214","01","11","    25970","JP3950820005","1219.0000","1239.0000","1216.0000","1239.0000","1239.0000","1240.0000","1237.0000","1239.0000","1219.0000","1240.0000","1216.0000","1239.0000"," ","0.0000","0.0000","32300","39669900","1228.1703"
"20201214","01","11","    25990","JP3389650007","1228.0000","1228.0000","1227.0000","1228.0000","1224.0000","1233.0000","1224.0000","1233.0000","1228.0000","1233.0000","1224.0000","1233.0000"," ","0.0000","0.0000","2700","3320500","1229.8148"
"20201214","01","11","    26020","JP3677200002","3040.0000","3065.0000","3040.0000","3050.0000","3050.0000","3055.0000","3030.0000","3035.0000","3040.0000","3065.0000","3030.0000","3035.0000"," ","0.0000","0.0000","79700","242742000","3045.6964"
"20201214","01","11","    26070","JP3816400000","2920.0000","2962.0000","2905.0000","2959.0000","2952.0000","2955.0000","2896.0000","2899.0000","2920.0000","2962.0000","2896.0000","2899.0000"," ","0.0000","0.0000","215000","628838600","2924.8307"
"20201214","01","11","    26120","JP3214400008","3910.0000","3915.0000","3905.0000","3905.0000","3900.0000","3910.0000","3900.0000","3910.0000","3910.0000","3915.0000","3900.0000","3910.0000"," ","0.0000","0.0000","1900","7424000","3907.3684"
"20201214","01","11","    26130","JP3840000008","3525.0000","3590.0000","3525.0000","3590.0000","3590.0000","3595.0000","3565.0000","3570.0000","3525.0000","3595.0000","3525.0000","3570.0000"," ","0.0000","0.0000","28100","100340500","3570.8363"
"20201214","01","11","    26200","JP3049120003","2492.0000","2492.0000","2468.0000","2468.0000","2477.0000","2477.0000","2477.0000","2477.0000","2492.0000","2492.0000","2468.0000","2477.0000"," ","0.0000","0.0000","79","196115","2482.4684"
"20201214","01","11","    26210","JP3049130002","2459.0000","2459.0000","2445.0000","2459.0000","2447.0000","2447.0000","2447.0000","2447.0000","2459.0000","2459.0000","2445.0000","2447.0000"," ","0.0000","0.0000","499","1224143","2453.1924"
"20201214","01","11","    26220","JP3049140001","2657.0000","2657.0000","2607.0000","2608.0000","2624.0000","2624.0000","2608.0000","2608.0000","2657.0000","2657.0000","2607.0000","2608.0000"," ","0.0000","0.0000","20","52661","2633.0500"
"20201214","01","11","    26230","JP3049150000","2555.0000","2555.0000","2555.0000","2555.0000","2547.0000","2547.0000","2547.0000","2547.0000","2555.0000","2555.0000","2547.0000","2547.0000"," ","0.0000","0.0000","451","1148705","2547.0177"
"20201214","01","11","    26240","JP3049160009","2670.0000","2685.0000","2670.0000","2682.0000","2680.0000","2680.0000","2671.0000","2672.0000","2670.0000","2685.0000","2670.0000","2672.0000"," ","0.0000","0.0000","2125","5704778","2684.6014"
"20201214","01","11","    26250","JP3049170008","1790.0000","1800.0000","1790.0000","1800.0000","1802.0000","1802.0000","1799.0000","1799.0000","1790.0000","1802.0000","1790.0000","1799.0000"," ","0.0000","0.0000","148","266321","1799.4662"
"20201214","01","11","    26510","JP3982100004","4760.0000","4805.0000","4750.0000","4790.0000","4790.0000","4790.0000","4740.0000","4760.0000","4760.0000","4805.0000","4740.0000","4760.0000"," ","0.0000","0.0000","218400","1041580000","4769.1392"
"20201214","01","11","    26590","JP3324500002","4215.0000","4255.0000","4215.0000","4255.0000","4255.0000","4255.0000","4220.0000","4235.0000","4215.0000","4255.0000","4215.0000","4235.0000"," ","0.0000","0.0000","27700","117279000","4233.8989"
"20201214","01","11","    26640","JP3226450009","2930.0000","2939.0000","2922.0000","2939.0000","2940.0000","2960.0000","2929.0000","2957.0000","2930.0000","2960.0000","2922.0000","2957.0000"," ","0.0000","0.0000","117300","345071200","2941.7835"
"20201214","01","11","    26700","JP3152740001","5510.0000","5630.0000","5510.0000","5620.0000","5630.0000","5630.0000","5530.0000","5530.0000","5510.0000","5630.0000","5510.0000","5530.0000"," ","0.0000","0.0000","199500","1110896000","5568.4010"
"20201214","01","11","    26740","JP3765120005","715.0000","719.0000","710.0000","719.0000","714.0000","721.0000","710.0000","710.0000","715.0000","721.0000","710.0000","710.0000"," ","0.0000","0.0000","27400","19601200","715.3723"
"20201214","01","11","    26760","JP3457710006","1150.0000","1170.0000","1150.0000","1170.0000","1170.0000","1170.0000","1162.0000","1169.0000","1150.0000","1170.0000","1150.0000","1169.0000"," ","0.0000","0.0000","13500","15670800","1160.8000"
"20201214","01","11","    26780","JP3119920001","4275.0000","4340.0000","4225.0000","4315.0000","4300.0000","4355.0000","4285.0000","4340.0000","4275.0000","4355.0000","4225.0000","4340.0000"," ","0.0000","0.0000","195300","841703500","4309.7977"
"20201214","01","11","    26810","JP3282400005","1251.0000","1257.0000","1247.0000","1255.0000","1252.0000","1254.0000","1245.0000","1250.0000","1251.0000","1257.0000","1245.0000","1250.0000"," ","0.0000","0.0000","128600","160812300","1250.4844"
"20201214","01","11","    26850","JP3856000009","1889.0000","1930.0000","1889.0000","1929.0000","1927.0000","1930.0000","1911.0000","1913.0000","1889.0000","1930.0000","1889.0000","1913.0000"," ","0.0000","0.0000","208700","400240600","1917.7796"
"20201214","01","11","    26860","JP3536900008","415.0000","417.0000","414.0000","416.0000","416.0000","417.0000","414.0000","416.0000","415.0000","417.0000","414.0000","416.0000"," ","0.0000","0.0000","36300","15084300","415.5455"
"20201214","01","11","    26870","JP3346250008","419.0000","419.0000","417.0000","417.0000","417.0000","418.0000","416.0000","418.0000","419.0000","419.0000","416.0000","418.0000"," ","0.0000","0.0000","3200","1336000","417.5000"
"20201214","01","11","    26890","JP3226700007","1430.0000","1435.0000","1430.0000","1435.0000","1435.0000","1440.0000","1435.0000","1440.0000","1430.0000","1440.0000","1430.0000","1440.0000"," ","0.0000","0.0000","2600","3736500","1437.1154"
"20201214","01","11","    26920","JP3143700007","5600.0000","5630.0000","5560.0000","5630.0000","5630.0000","5630.0000","5560.0000","5560.0000","5600.0000","5630.0000","5560.0000","5560.0000"," ","0.0000","0.0000","4700","26224000","5579.5745"
"20201214","01","11","    26950","JP3268200007","6760.0000","6770.0000","6570.0000","6640.0000","6620.0000","6640.0000","6570.0000","6570.0000","6760.0000","6770.0000","6570.0000","6570.0000"," ","0.0000","0.0000","214400","1422185000","6633.3256"
"20201214","01","11","    26980","JP3244550004","1910.0000","1918.0000","1898.0000","1914.0000","1906.0000","1909.0000","1897.0000","1898.0000","1910.0000","1918.0000","1897.0000","1898.0000"," ","0.0000","0.0000","34600","65895000","1904.4798"
"20201214","01","11","    27150","JP3457690000","1046.0000","1046.0000","1025.0000","1044.0000","1037.0000","1043.0000","1032.0000","1033.0000","1046.0000","1046.0000","1025.0000","1033.0000"," ","0.0000","0.0000","31600","32844800","1039.3924"
"20201214","01","11","    27220","JP3101100000","910.0000","920.0000","900.0000","918.0000","918.0000","931.0000","910.0000","911.0000","910.0000","931.0000","900.0000","911.0000"," ","0.0000","0.0000","104600","95916200","916.9809"
"20201214","01","11","    27260","JP3781650001","1209.0000","1227.0000","1209.0000","1225.0000","1223.0000","1229.0000","1218.0000","1218.0000","1209.0000","1229.0000","1209.0000","1218.0000"," ","0.0000","0.0000","81600","99665600","1221.3922"
"20201214","01","11","    27290","JP3390250003","1350.0000","1358.0000","1350.0000","1355.0000","1353.0000","1357.0000","1346.0000","1347.0000","1350.0000","1358.0000","1346.0000","1347.0000"," ","0.0000","0.0000","25300","34170300","1350.6047"
"20201214","01","11","    27300","JP3164470001","1009.0000","1016.0000","1003.0000","1016.0000","1017.0000","1017.0000","1005.0000","1008.0000","1009.0000","1017.0000","1003.0000","1008.0000"," ","0.0000","0.0000","475000","479700400","1009.8956"
"20201214","01","11","    27330","JP3125100002","5080.0000","5190.0000","5060.0000","5180.0000","5170.0000","5180.0000","5100.0000","5100.0000","5080.0000","5190.0000","5060.0000","5100.0000"," ","0.0000","0.0000","29800","152787000","5127.0805"
"20201214","01","11","    27340","JP3310350008","572.0000","577.0000","571.0000","574.0000","573.0000","575.0000","570.0000","570.0000","572.0000","577.0000","570.0000","570.0000"," ","0.0000","0.0000","82300","47126900","572.6233"
"20201214","01","11","    27350","JP3993950009","843.0000","859.0000","843.0000","857.0000","857.0000","857.0000","847.0000","854.0000","843.0000","859.0000","843.0000","854.0000"," ","0.0000","0.0000","50100","42636200","851.0220"
"20201214","01","11","    27370","JP3553900006","3340.0000","3385.0000","3340.0000","3375.0000","3355.0000","3355.0000","3325.0000","3325.0000","3340.0000","3385.0000","3325.0000","3325.0000"," ","0.0000","0.0000","5000","16740500","3348.1000"
"20201214","01","11","    27420","JP3773750009","3675.0000","3675.0000","3630.0000","3675.0000","3675.0000","3675.0000","3615.0000","3625.0000","3675.0000","3675.0000","3615.0000","3625.0000"," ","0.0000","0.0000","15000","54728500","3648.5667"
"20201214","01","11","    27490","JP3386190007","288.0000","289.0000","288.0000","289.0000","290.0000","290.0000","285.0000","286.0000","288.0000","290.0000","285.0000","286.0000"," ","0.0000","0.0000","93000","26725900","287.3753"
"20201214","01","11","    27520","JP3807770007","1365.0000","1383.0000","1365.0000","1382.0000","1380.0000","1381.0000","1372.0000","1373.0000","1365.0000","1383.0000","1365.0000","1373.0000"," ","0.0000","0.0000","63200","86946600","1375.7373"
"20201214","01","11","    27530","JP3124450002","2885.0000","2894.0000","2866.0000","2886.0000","2887.0000","2887.0000","2860.0000","2860.0000","2885.0000","2894.0000","2860.0000","2860.0000"," ","0.0000","0.0000","9500","27319700","2875.7579"
"20201214","01","11","    27600","JP3571600000","3175.0000","3180.0000","3140.0000","3180.0000","3185.0000","3185.0000","3150.0000","3155.0000","3175.0000","3185.0000","3140.0000","3155.0000"," ","0.0000","0.0000","27000","85535500","3167.9815"
"20201214","01","11","    27640","JP3796000002","174.0000","185.0000","174.0000","184.0000","185.0000","189.0000","183.0000","186.0000","174.0000","189.0000","174.0000","186.0000"," ","0.0000","0.0000","323900","59273000","182.9978"
"20201214","01","11","    27670","JP3802680003","386.0000","401.0000","386.0000","400.0000","401.0000","401.0000","395.0000","399.0000","386.0000","401.0000","386.0000","399.0000"," ","0.0000","0.0000","160900","63583200","395.1722"
"20201214","01","11","    27680","JP3663900003","233.0000","238.0000","232.0000","238.0000","237.0000","238.0000","236.0000","237.0000","233.0000","238.0000","232.0000","237.0000"," ","0.0000","0.0000","6954900","1641401200","236.0064"
"20201214","01","11","    27840","JP3126340003","2063.0000","2124.0000","2062.0000","2113.0000","2111.0000","2111.0000","2079.0000","2082.0000","2063.0000","2124.0000","2062.0000","2082.0000"," ","0.0000","0.0000","298100","623173300","2090.4841"
"20201214","01","11","    27910","JP3483050005","5940.0000","6000.0000","5920.0000","5970.0000","5950.0000","5960.0000","5900.0000","5920.0000","5940.0000","6000.0000","5900.0000","5920.0000"," ","0.0000","0.0000","34000","201897000","5938.1471"
"20201214","01","11","    27920","JP3770080004","934.0000","960.0000","934.0000","958.0000","957.0000","962.0000","951.0000","960.0000","934.0000","962.0000","934.0000","960.0000"," ","0.0000","0.0000","241700","230140700","952.1750"
"20201214","01","11","    27960","JP3802320006","778.0000","782.0000","777.0000","782.0000","782.0000","783.0000","781.0000","781.0000","778.0000","783.0000","777.0000","781.0000"," ","0.0000","0.0000","3900","3046700","781.2051"
"20201214","01","11","    28010","JP3240400006","6560.0000","6660.0000","6550.0000","6640.0000","6640.0000","6650.0000","6570.0000","6590.0000","6560.0000","6660.0000","6550.0000","6590.0000"," ","0.0000","0.0000","296100","1953712000","6598.1493"
"20201214","01","11","    28020","JP3119600009","2358.0000","2400.0000","2356.5000","2394.0000","2392.0000","2400.0000","2354.5000","2360.0000","2358.0000","2400.0000","2354.5000","2360.0000"," ","0.0000","0.0000","1793100","4262911050","2377.3973"
"20201214","01","11","    28090","JP3244800003","2180.0000","2221.0000","2175.0000","2221.0000","2220.0000","2220.0000","2197.0000","2200.0000","2180.0000","2221.0000","2175.0000","2200.0000"," ","0.0000","0.0000","254700","561152300","2203.1892"
"20201214","01","11","    28100","JP3765400001","3920.0000","3950.0000","3910.0000","3940.0000","3950.0000","3950.0000","3885.0000","3885.0000","3920.0000","3950.0000","3885.0000","3885.0000"," ","0.0000","0.0000","202100","791605500","3916.9000"
"20201214","01","11","    28110","JP3208200000","3780.0000","3800.0000","3770.0000","3795.0000","3800.0000","3800.0000","3740.0000","3755.0000","3780.0000","3800.0000","3740.0000","3755.0000"," ","0.0000","0.0000","166300","626972000","3770.1263"
"20201214","01","11","    28120","JP3930100007","1002.0000","1003.0000","997.0000","1002.0000","997.0000","1007.0000","997.0000","1007.0000","1002.0000","1007.0000","997.0000","1007.0000"," ","0.0000","0.0000","8200","8228300","1003.4512"
"20201214","01","11","    28150","JP3125800007","7150.0000","7200.0000","7130.0000","7200.0000","7200.0000","7200.0000","7110.0000","7110.0000","7150.0000","7200.0000","7110.0000","7110.0000"," ","0.0000","0.0000","26500","189179000","7138.8302"
"20201214","01","11","    28180","JP3801590005","1709.0000","1710.0000","1701.0000","1709.0000","1710.0000","1710.0000","1706.0000","1710.0000","1709.0000","1710.0000","1701.0000","1710.0000"," ","0.0000","0.0000","2700","4613500","1708.7037"
"20201214","01","11","    28190","JP3165930003","2447.0000","2447.0000","2435.0000","2447.0000","2440.0000","2447.0000","2433.0000","2433.0000","2447.0000","2447.0000","2433.0000","2433.0000"," ","0.0000","0.0000","4800","11704200","2438.3750"
"20201214","01","11","    28200","JP3943100002","2190.0000","2190.0000","2154.0000","2154.0000","2145.0000","2174.0000","2100.0000","2158.0000","2190.0000","2190.0000","2100.0000","2158.0000"," ","0.0000","0.0000","14500","31310200","2159.3241"
"20201214","01","11","    28710","JP3665200006","2840.0000","2857.0000","2814.0000","2849.0000","2846.0000","2846.0000","2808.0000","2812.0000","2840.0000","2857.0000","2808.0000","2812.0000"," ","0.0000","0.0000","466200","1319230500","2829.7523"
"20201214","01","11","    28740","JP3957000007","864.0000","872.0000","862.0000","872.0000","872.0000","872.0000","862.0000","863.0000","864.0000","872.0000","862.0000","863.0000"," ","0.0000","0.0000","103600","89742900","866.2442"
"20201214","01","11","    28750","JP3613000003","5250.0000","5280.0000","5230.0000","5270.0000","5270.0000","5270.0000","5200.0000","5200.0000","5250.0000","5280.0000","5200.0000","5200.0000"," ","0.0000","0.0000","217200","1135592000","5228.3241"
"20201214","01","11","    28820","JP3130740008","1866.0000","1885.0000","1866.0000","1881.0000","1881.0000","1882.0000","1869.0000","1872.0000","1866.0000","1885.0000","1866.0000","1872.0000"," ","0.0000","0.0000","14600","27376800","1875.1233"
"20201214","01","11","    28830","JP3500150002","1981.0000","1981.0000","1953.0000","1960.0000","1958.0000","1958.0000","1955.0000","1955.0000","1981.0000","1981.0000","1953.0000","1955.0000"," ","0.0000","0.0000","4100","8044000","1961.9512"
"20201214","01","11","    28840","JP3958400008","820.0000","841.0000","820.0000","837.0000","836.0000","839.0000","828.0000","831.0000","820.0000","841.0000","820.0000","831.0000"," ","0.0000","0.0000","106100","88326800","832.4863"
"20201214","01","11","    28970","JP3675600005","8800.0000","8900.0000","8800.0000","8900.0000","8880.0000","8890.0000","8710.0000","8730.0000","8800.0000","8900.0000","8710.0000","8730.0000"," ","0.0000","0.0000","276000","2426026000","8789.9493"
"20201214","01","11","    28990","JP3648200008","2313.0000","2343.0000","2305.0000","2325.0000","2335.0000","2335.0000","2299.0000","2314.0000","2313.0000","2343.0000","2299.0000","2314.0000"," ","0.0000","0.0000","17300","40093600","2317.5491"
"20201214","01","11","    29040","JP3142200009","1177.0000","1182.0000","1171.0000","1182.0000","1185.0000","1200.0000","1184.0000","1196.0000","1177.0000","1200.0000","1171.0000","1196.0000"," ","0.0000","0.0000","7300","8670600","1187.7534"
"20201214","01","11","    29080","JP3818700001","2045.0000","2072.0000","2039.0000","2068.0000","2070.0000","2070.0000","2042.0000","2047.0000","2045.0000","2072.0000","2039.0000","2047.0000"," ","0.0000","0.0000","49500","101617900","2052.8869"
"20201214","01","11","    29100","JP3984200000","1633.0000","1655.0000","1630.0000","1652.0000","1650.0000","1651.0000","1615.0000","1620.0000","1633.0000","1655.0000","1615.0000","1620.0000"," ","0.0000","0.0000","46600","75920500","1629.1953"
"20201214","01","11","    29140","JP3726800000","2179.0000","2199.5000","2176.0000","2198.0000","2195.0000","2197.0000","2184.0000","2184.0000","2179.0000","2199.5000","2176.0000","2184.0000"," ","0.0000","0.0000","5485400","12006298450","2188.7736"
"20201214","01","11","    29150","JP3281850002","1877.0000","1897.0000","1877.0000","1897.0000","1899.0000","1903.0000","1874.0000","1882.0000","1877.0000","1903.0000","1874.0000","1882.0000"," ","0.0000","0.0000","12200","23012100","1886.2377"
"20201214","01","11","    29180","JP3994400004","1439.0000","1460.0000","1435.0000","1452.0000","1448.0000","1456.0000","1440.0000","1449.0000","1439.0000","1460.0000","1435.0000","1449.0000"," ","0.0000","0.0000","64800","93925700","1449.4707"
"20201214","01","11","    29220","JP3651060000","1950.0000","1965.0000","1939.0000","1959.0000","1960.0000","1960.0000","1946.0000","1954.0000","1950.0000","1965.0000","1939.0000","1954.0000"," ","0.0000","0.0000","16300","31828800","1952.6871"
"20201214","01","11","    29240","JP3148950003","830.0000","830.0000","823.0000","827.0000","822.0000","824.0000","821.0000","824.0000","830.0000","830.0000","821.0000","824.0000"," ","0.0000","0.0000","5700","4698700","824.3333"
"20201214","01","11","    29250","JP3801800008","3245.0000","3255.0000","3205.0000","3250.0000","3250.0000","3250.0000","3125.0000","3155.0000","3245.0000","3255.0000","3125.0000","3155.0000"," ","0.0000","0.0000","31300","100569500","3213.0831"
"20201214","01","11","    29300","JP3240100002","491.0000","495.0000","488.0000","495.0000","495.0000","495.0000","489.0000","490.0000","491.0000","495.0000","488.0000","490.0000"," ","0.0000","0.0000","599500","294811000","491.7615"
"20201214","01","11","    29310","JP3944370000","789.0000","808.0000","785.0000","806.0000","802.0000","808.0000","801.0000","801.0000","789.0000","808.0000","785.0000","801.0000"," ","0.0000","0.0000","517300","413600000","799.5361"
"20201214","01","11","    29710","JP3048810000","112800.0000","113000.0000","112400.0000","112600.0000","112800.0000","113300.0000","112700.0000","113100.0000","112800.0000","113300.0000","112400.0000","113100.0000"," ","0.0000","0.0000","497","56102300","112881.8913"
"20201214","01","11","    29720","JP3048880003","96500.0000","96800.0000","96100.0000","96500.0000","96600.0000","97000.0000","96200.0000","96200.0000","96500.0000","97000.0000","96100.0000","96200.0000"," ","0.0000","0.0000","423","40823200","96508.7470"
"20201214","01","11","    29750","JP3399340003","1400.0000","1427.0000","1396.0000","1426.0000","1416.0000","1423.0000","1398.0000","1404.0000","1400.0000","1427.0000","1396.0000","1404.0000"," ","0.0000","0.0000","37000","52095500","1407.9865"
"20201214","01","11","    29790","JP3048960003","120400.0000","121000.0000","119400.0000","120100.0000","120000.0000","121500.0000","120000.0000","120900.0000","120400.0000","121500.0000","119400.0000","120900.0000"," ","0.0000","0.0000","2753","331846800","120540.0654"
"20201214","01","11","    29820","JP3160560003","161.0000","163.0000","161.0000","163.0000","163.0000","164.0000","162.0000","164.0000","161.0000","164.0000","161.0000","164.0000"," ","0.0000","0.0000","211400","34355700","162.5151"
"20201214","01","11","    30010","JP3211400001","1413.0000","1435.0000","1413.0000","1422.0000","1427.0000","1454.0000","1423.0000","1447.0000","1413.0000","1454.0000","1413.0000","1447.0000"," ","0.0000","0.0000","118400","169561100","1432.1039"
"20201214","01","11","    30020","JP3275200008","3475.0000","3500.0000","3465.0000","3485.0000","3475.0000","3485.0000","3465.0000","3465.0000","3475.0000","3500.0000","3465.0000","3465.0000"," ","0.0000","0.0000","58300","202614000","3475.3688"
"20201214","01","11","    30030","JP3360800001","1122.0000","1141.0000","1117.0000","1138.0000","1138.0000","1138.0000","1123.0000","1124.0000","1122.0000","1141.0000","1117.0000","1124.0000"," ","0.0000","0.0000","1211600","1367370000","1128.5655"
"20201214","01","11","    30040","JP3370400008","0.0000","0.0000","0.0000","0.0000","894.0000","894.0000","894.0000","894.0000","894.0000","894.0000","894.0000","894.0000"," ","0.0000","0.0000","29800","26641200","894.0000"
"20201214","01","11","    30230","JP3967450002","905.0000","913.0000","904.0000","910.0000","906.0000","909.0000","904.0000","909.0000","905.0000","913.0000","904.0000","909.0000"," ","0.0000","0.0000","32200","29240200","908.0807"
"20201214","01","11","    30280","JP3126470008","2424.0000","2477.0000","2403.0000","2477.0000","2474.0000","2474.0000","2428.0000","2434.0000","2424.0000","2477.0000","2403.0000","2434.0000"," ","0.0000","0.0000","300100","730734100","2434.9687"
"20201214","01","11","    30300","JP3770350001","567.0000","569.0000","562.0000","564.0000","565.0000","567.0000","561.0000","563.0000","567.0000","569.0000","561.0000","563.0000"," ","0.0000","0.0000","33200","18729600","564.1446"
"20201214","01","11","    30310","JP3967050000","1796.0000","1861.0000","1795.0000","1834.0000","1840.0000","1840.0000","1808.0000","1812.0000","1796.0000","1861.0000","1795.0000","1812.0000"," ","0.0000","0.0000","559300","1022710500","1828.5544"
"20201214","01","11","    30340","JP3266160005","1139.0000","1159.0000","1126.0000","1156.0000","1156.0000","1156.0000","1148.0000","1149.0000","1139.0000","1159.0000","1126.0000","1149.0000"," ","0.0000","0.0000","149200","171270200","1147.9236"
"20201214","01","11","    30360","JP3126210008","1457.0000","1489.0000","1457.0000","1486.0000","1486.0000","1486.0000","1460.0000","1462.0000","1457.0000","1489.0000","1457.0000","1462.0000"," ","0.0000","0.0000","59600","87688000","1471.2752"
"20201214","01","11","    30380","JP3291200008","3480.0000","3530.0000","3415.0000","3530.0000","3530.0000","3540.0000","3470.0000","3480.0000","3480.0000","3540.0000","3415.0000","3480.0000"," ","0.0000","0.0000","2184700","7640939500","3497.4777"
"20201214","01","11","    30400","JP3436300002","1921.0000","1947.0000","1910.0000","1940.0000","1936.0000","1938.0000","1907.0000","1911.0000","1921.0000","1947.0000","1907.0000","1911.0000"," ","0.0000","0.0000","138200","266081200","1925.3343"
"20201214","01","11","    30460","JP3386110005","6700.0000","6780.0000","6670.0000","6710.0000","6710.0000","6720.0000","6610.0000","6650.0000","6700.0000","6780.0000","6610.0000","6650.0000"," ","0.0000","0.0000","73000","487276000","6675.0137"
"20201214","01","11","    30480","JP3800390001","1106.0000","1137.0000","1105.0000","1137.0000","1137.0000","1137.0000","1122.0000","1128.0000","1106.0000","1137.0000","1105.0000","1128.0000"," ","0.0000","0.0000","468900","527575200","1125.1337"
"20201214","01","11","    30500","JP3548660004","1191.0000","1202.0000","1172.0000","1201.0000","1205.0000","1205.0000","1182.0000","1185.0000","1191.0000","1205.0000","1172.0000","1185.0000"," ","0.0000","0.0000","893000","1060896800","1188.0143"
"20201214","01","11","    30530","JP3836400006","298.0000","299.0000","291.0000","295.0000","295.0000","296.0000","290.0000","291.0000","298.0000","299.0000","290.0000","291.0000"," ","0.0000","0.0000","388700","114130200","293.6203"
"20201214","01","11","    30540","JP3765220003","602.0000","610.0000","602.0000","608.0000","608.0000","608.0000","602.0000","605.0000","602.0000","610.0000","602.0000","605.0000"," ","0.0000","0.0000","33700","20428800","606.1958"
"20201214","01","11","    30640","JP3922950005","5500.0000","5540.0000","5400.0000","5510.0000","5520.0000","5520.0000","5430.0000","5430.0000","5500.0000","5540.0000","5400.0000","5430.0000"," ","0.0000","0.0000","1047000","5735585000","5478.1137"
"20201214","01","11","    30670","JP3570800007","603.0000","610.0000","603.0000","605.0000","606.0000","606.0000","599.0000","599.0000","603.0000","610.0000","599.0000","599.0000"," ","0.0000","0.0000","13600","8209000","603.6029"
"20201214","01","11","    30730","JP3499650004","592.0000","603.0000","591.0000","601.0000","602.0000","603.0000","596.0000","597.0000","592.0000","603.0000","591.0000","597.0000"," ","0.0000","0.0000","262500","155856300","593.7383"
"20201214","01","11","    30760","JP3105090009","2175.0000","2182.0000","2160.0000","2170.0000","2170.0000","2170.0000","2157.0000","2163.0000","2175.0000","2182.0000","2157.0000","2163.0000"," ","0.0000","0.0000","106100","229713300","2165.0641"
"20201214","01","11","    30790","JP3548710007","1040.0000","1041.0000","1040.0000","1041.0000","1044.0000","1057.0000","1041.0000","1042.0000","1040.0000","1057.0000","1040.0000","1042.0000"," ","0.0000","0.0000","6000","6273100","1045.5167"
"20201214","01","11","    30820","JP3240300008","675.0000","678.0000","671.0000","676.0000","675.0000","677.0000","673.0000","673.0000","675.0000","678.0000","671.0000","673.0000"," ","0.0000","0.0000","24900","16795800","674.5301"
"20201214","01","11","    30850","JP3100090004","2119.0000","2130.0000","2112.0000","2128.0000","2130.0000","2134.0000","2116.0000","2116.0000","2119.0000","2134.0000","2112.0000","2116.0000"," ","0.0000","0.0000","285500","605593100","2121.1667"
"20201214","01","11","    30860","JP3386380004","875.0000","895.0000","873.0000","894.0000","895.0000","898.0000","890.0000","895.0000","875.0000","898.0000","873.0000","895.0000"," ","0.0000","0.0000","1067300","952104300","892.0681"
"20201214","01","11","    30870","JP3639100001","1501.0000","1519.0000","1496.0000","1519.0000","1519.0000","1524.0000","1514.0000","1524.0000","1501.0000","1524.0000","1496.0000","1524.0000"," ","0.0000","0.0000","151400","229270900","1514.3388"
"20201214","01","11","    30880","JP3869010003","4605.0000","4690.0000","4600.0000","4670.0000","4670.0000","4670.0000","4630.0000","4650.0000","4605.0000","4690.0000","4600.0000","4650.0000"," ","0.0000","0.0000","294400","1369177000","4650.7371"
"20201214","01","11","    30910","JP3831550003","2435.0000","2446.0000","2434.0000","2443.0000","2443.0000","2443.0000","2415.0000","2421.0000","2435.0000","2446.0000","2415.0000","2421.0000"," ","0.0000","0.0000","44500","108228300","2432.0966"
"20201214","01","11","    30920","JP3399310006","2699.0000","2714.0000","2645.0000","2663.0000","2661.0000","2661.0000","2591.0000","2592.0000","2699.0000","2714.0000","2591.0000","2592.0000"," ","0.0000","0.0000","1241600","3274504500","2637.3264"
"20201214","01","11","    30930","JP3637270004","692.0000","705.0000","688.0000","704.0000","705.0000","706.0000","689.0000","694.0000","692.0000","706.0000","688.0000","694.0000"," ","0.0000","0.0000","28700","20065200","699.1359"
"20201214","01","11","    30970","JP3922930007","12930.0000","13140.0000","12840.0000","13050.0000","13050.0000","13120.0000","12970.0000","13030.0000","12930.0000","13140.0000","12840.0000","13030.0000"," ","0.0000","0.0000","55900","726519000","12996.7621"
"20201214","01","11","    30980","JP3297330007","7800.0000","7860.0000","7650.0000","7700.0000","7700.0000","7710.0000","7660.0000","7660.0000","7800.0000","7860.0000","7650.0000","7660.0000"," ","0.0000","0.0000","60000","461767000","7696.1167"
"20201214","01","11","    30990","JP3894900004","610.0000","620.0000","609.0000","618.0000","618.0000","622.0000","616.0000","620.0000","610.0000","622.0000","609.0000","620.0000"," ","0.0000","0.0000","2886100","1783891200","618.0975"
"20201214","01","11","    31010","JP3619800000","1347.0000","1363.0000","1342.0000","1358.0000","1357.0000","1357.0000","1346.0000","1351.0000","1347.0000","1363.0000","1342.0000","1351.0000"," ","0.0000","0.0000","322900","436483300","1351.7600"
"20201214","01","11","    31030","JP3951200009","395.0000","404.0000","395.0000","402.0000","399.0000","401.0000","397.0000","399.0000","395.0000","404.0000","395.0000","399.0000"," ","0.0000","0.0000","565500","225824900","399.3367"
"20201214","01","11","    31040","JP3820800005","3805.0000","3805.0000","3735.0000","3785.0000","3785.0000","3785.0000","3745.0000","3750.0000","3805.0000","3805.0000","3735.0000","3750.0000"," ","0.0000","0.0000","17400","65466500","3762.4425"
"20201214","01","11","    31050","JP3678000005","786.0000","801.0000","784.0000","799.0000","800.0000","800.0000","790.0000","792.0000","786.0000","801.0000","784.0000","792.0000"," ","0.0000","0.0000","484700","385048000","794.4048"
"20201214","01","11","    31060","JP3268800004","1875.0000","1905.0000","1875.0000","1902.0000","1902.0000","1904.0000","1890.0000","1893.0000","1875.0000","1905.0000","1875.0000","1893.0000"," ","0.0000","0.0000","37700","71424400","1894.5464"
"20201214","01","11","    31070","JP3505400006","8190.0000","8290.0000","7970.0000","8090.0000","8100.0000","8290.0000","8080.0000","8290.0000","8190.0000","8290.0000","7970.0000","8290.0000"," ","0.0000","0.0000","335500","2744488000","8180.2921"
"20201214","01","11","    31090","JP3348400007","1031.0000","1039.0000","1028.0000","1032.0000","1032.0000","1034.0000","1029.0000","1030.0000","1031.0000","1039.0000","1028.0000","1030.0000"," ","0.0000","0.0000","65600","67744900","1032.6966"
"20201214","01","11","    31100","JP3684400009","4475.0000","4500.0000","4450.0000","4480.0000","4455.0000","4460.0000","4400.0000","4420.0000","4475.0000","4500.0000","4400.0000","4420.0000"," ","0.0000","0.0000","102300","453840500","4436.3685"
"20201214","01","11","    31160","JP3635400009","1698.0000","1751.0000","1693.0000","1740.0000","1737.0000","1760.0000","1733.0000","1736.0000","1698.0000","1760.0000","1693.0000","1736.0000"," ","0.0000","0.0000","1020600","1773132700","1737.3434"
"20201214","01","11","    31320","JP3862960006","2012.0000","2043.0000","2008.0000","2040.0000","2035.0000","2035.0000","2000.0000","2010.0000","2012.0000","2043.0000","2000.0000","2010.0000"," ","0.0000","0.0000","94800","191174500","2016.6086"
"20201214","01","11","    31340","JP3772000000","1594.0000","1627.0000","1585.0000","1598.0000","1603.0000","1628.0000","1593.0000","1620.0000","1594.0000","1628.0000","1585.0000","1620.0000"," ","0.0000","0.0000","475000","764952700","1610.4267"
"20201214","01","11","    31390","JP3967250006","2981.0000","3015.0000","2981.0000","2989.0000","2989.0000","2996.0000","2982.0000","2990.0000","2981.0000","3015.0000","2981.0000","2990.0000"," ","0.0000","0.0000","43400","129819600","2991.2350"
"20201214","01","11","    31410","JP3274280001","4050.0000","4080.0000","4030.0000","4070.0000","4070.0000","4070.0000","4005.0000","4005.0000","4050.0000","4080.0000","4005.0000","4005.0000"," ","0.0000","0.0000","486100","1961810500","4035.8167"
"20201214","01","11","    31480","JP3269940007","3850.0000","3880.0000","3840.0000","3880.0000","3860.0000","3860.0000","3780.0000","3780.0000","3850.0000","3880.0000","3780.0000","3780.0000"," ","0.0000","0.0000","69200","264016500","3815.2673"
"20201214","01","11","    31500","JP3952860009","2110.0000","2185.0000","2076.0000","2175.0000","2187.0000","2187.0000","2156.0000","2176.0000","2110.0000","2187.0000","2076.0000","2176.0000"," ","0.0000","0.0000","443300","950760800","2144.7345"
"20201214","01","11","    31510","JP3778280002","856.0000","875.0000","856.0000","873.0000","877.0000","877.0000","863.0000","864.0000","856.0000","877.0000","856.0000","864.0000"," ","0.0000","0.0000","67500","58492600","866.5570"
"20201214","01","11","    31530","JP3931700003","982.0000","987.0000","980.0000","985.0000","981.0000","985.0000","980.0000","983.0000","982.0000","987.0000","980.0000","983.0000"," ","0.0000","0.0000","10800","10613500","982.7315"
"20201214","01","11","    31540","JP3254190006","820.0000","832.0000","820.0000","832.0000","831.0000","832.0000","812.0000","815.0000","820.0000","832.0000","812.0000","815.0000"," ","0.0000","0.0000","116400","95352000","819.1753"
"20201214","01","11","    31560","JP3944360001","2198.0000","2233.0000","2198.0000","2220.0000","2217.0000","2217.0000","2206.0000","2206.0000","2198.0000","2233.0000","2198.0000","2206.0000"," ","0.0000","0.0000","70000","154852800","2212.1829"
"20201214","01","11","    31570","JP3390360000","1008.0000","1008.0000","1008.0000","1008.0000","1008.0000","1008.0000","1003.0000","1003.0000","1008.0000","1008.0000","1003.0000","1003.0000"," ","0.0000","0.0000","1600","1606300","1003.9375"
"20201214","01","11","    31590","JP3346330008","384.0000","384.0000","370.0000","374.0000","374.0000","374.0000","368.0000","371.0000","384.0000","384.0000","368.0000","371.0000"," ","0.0000","0.0000","67400","25343900","376.0223"
"20201214","01","11","    31600","JP3190430003","661.0000","674.0000","661.0000","674.0000","673.0000","673.0000","668.0000","668.0000","661.0000","674.0000","661.0000","668.0000"," ","0.0000","0.0000","14300","9568300","669.1119"
"20201214","01","11","    31660","JP3196630002","1312.0000","1315.0000","1311.0000","1315.0000","1315.0000","1315.0000","1310.0000","1310.0000","1312.0000","1315.0000","1310.0000","1310.0000"," ","0.0000","0.0000","6200","8131000","1311.4516"
"20201214","01","11","    31670","JP3552260006","1016.0000","1033.0000","1016.0000","1032.0000","1032.0000","1032.0000","1017.0000","1018.0000","1016.0000","1033.0000","1016.0000","1018.0000"," ","0.0000","0.0000","186900","191309500","1023.5928"
"20201214","01","11","    31680","JP3272780002","762.0000","788.0000","761.0000","777.0000","777.0000","779.0000","753.0000","759.0000","762.0000","788.0000","753.0000","759.0000"," ","0.0000","0.0000","110900","85054900","766.9513"
"20201214","01","11","    31690","JP3883750006","745.0000","755.0000","722.0000","741.0000","742.0000","745.0000","726.0000","730.0000","745.0000","755.0000","722.0000","730.0000"," ","0.0000","0.0000","393800","289809100","735.9297"
"20201214","01","11","    31720","JP3539050009","1151.0000","1174.0000","1143.0000","1169.0000","1170.0000","1177.0000","1150.0000","1152.0000","1151.0000","1177.0000","1143.0000","1152.0000"," ","0.0000","0.0000","30400","35224500","1158.7007"
"20201214","01","11","    31730","JP3181400007","764.0000","764.0000","764.0000","764.0000","762.0000","762.0000","762.0000","762.0000","764.0000","764.0000","762.0000","762.0000"," ","0.0000","0.0000","1700","1297000","762.9412"
"20201214","01","11","    31750","JP3160620005","403.0000","405.0000","402.0000","405.0000","404.0000","406.0000","404.0000","406.0000","403.0000","406.0000","402.0000","406.0000"," ","0.0000","0.0000","5500","2225000","404.5455"
"20201214","01","11","    31760","JP3342500000","997.0000","1015.0000","993.0000","1011.0000","1009.0000","1011.0000","1003.0000","1007.0000","997.0000","1015.0000","993.0000","1007.0000"," ","0.0000","0.0000","34600","34847900","1007.1647"
"20201214","01","11","    31780","JP3512720008","1223.0000","1237.0000","1222.0000","1233.0000","1233.0000","1233.0000","1217.0000","1223.0000","1223.0000","1237.0000","1217.0000","1223.0000"," ","0.0000","0.0000","45600","55823700","1224.2039"
"20201214","01","11","    31790","JP3359940008","861.0000","873.0000","846.0000","872.0000","873.0000","880.0000","869.0000","872.0000","861.0000","880.0000","846.0000","872.0000"," ","0.0000","0.0000","88400","76734700","868.0396"
"20201214","01","11","    31800","JP3800480000","2917.0000","2923.0000","2776.0000","2780.0000","2805.0000","2889.0000","2738.0000","2855.0000","2917.0000","2923.0000","2738.0000","2855.0000"," ","0.0000","0.0000","170000","479213000","2818.9000"
"20201214","01","11","    31820","JP3174190003","3005.0000","3090.0000","2920.0000","3090.0000","3080.0000","3080.0000","3050.0000","3065.0000","3005.0000","3090.0000","2920.0000","3065.0000"," ","0.0000","0.0000","455200","1382786700","3037.7564"
"20201214","01","11","    31830","JP3154390003","1196.0000","1218.0000","1187.0000","1218.0000","1218.0000","1218.0000","1198.0000","1209.0000","1196.0000","1218.0000","1187.0000","1209.0000"," ","0.0000","0.0000","14600","17595800","1205.1918"
"20201214","01","11","    31860","JP3758210003","1338.0000","1361.0000","1328.0000","1357.0000","1357.0000","1358.0000","1340.0000","1340.0000","1338.0000","1361.0000","1328.0000","1340.0000"," ","0.0000","0.0000","202400","272794300","1347.7979"
"20201214","01","11","    31910","JP3392920009","1465.0000","1493.0000","1458.0000","1493.0000","1494.0000","1494.0000","1468.0000","1469.0000","1465.0000","1494.0000","1458.0000","1469.0000"," ","0.0000","0.0000","107300","158350300","1475.7717"
"20201214","01","11","    31930","JP3635900008","1490.0000","1505.0000","1485.0000","1501.0000","1503.0000","1503.0000","1478.0000","1480.0000","1490.0000","1505.0000","1478.0000","1480.0000"," ","0.0000","0.0000","86400","128922300","1492.1563"
"20201214","01","11","    31940","JP3257900005","3485.0000","3495.0000","3485.0000","3495.0000","3495.0000","3495.0000","3485.0000","3485.0000","3485.0000","3495.0000","3485.0000","3485.0000"," ","0.0000","0.0000","2500","8722000","3488.8000"
"20201214","01","11","    31960","JP3851950000","1301.0000","1325.0000","1301.0000","1324.0000","1324.0000","1327.0000","1307.0000","1309.0000","1301.0000","1327.0000","1301.0000","1309.0000"," ","0.0000","0.0000","92700","122045300","1316.5620"
"20201214","01","11","    31970","JP3396210001","1642.0000","1662.0000","1638.0000","1659.0000","1660.0000","1664.0000","1656.0000","1659.0000","1642.0000","1664.0000","1638.0000","1659.0000"," ","0.0000","0.0000","981800","1626328000","1656.4759"
"20201214","01","11","    31980","JP3162250009","1290.0000","1301.0000","1285.0000","1300.0000","1299.0000","1299.0000","1280.0000","1281.0000","1290.0000","1301.0000","1280.0000","1281.0000"," ","0.0000","0.0000","52000","67035300","1289.1404"
"20201214","01","11","    31990","JP3993830003","1339.0000","1369.0000","1329.0000","1366.0000","1365.0000","1372.0000","1350.0000","1357.0000","1339.0000","1372.0000","1329.0000","1357.0000"," ","0.0000","0.0000","37600","50966300","1355.4867"
"20201214","01","11","    32010","JP3700800000","1030.0000","1037.0000","1023.0000","1037.0000","1034.0000","1035.0000","1024.0000","1026.0000","1030.0000","1037.0000","1023.0000","1026.0000"," ","0.0000","0.0000","77700","79931100","1028.7143"
"20201214","01","11","    32020","JP3487400008","106.0000","109.0000","105.0000","108.0000","108.0000","109.0000","108.0000","108.0000","106.0000","109.0000","105.0000","108.0000"," ","0.0000","0.0000","565400","60942500","107.7865"
"20201214","01","11","    32040","JP3552170007","473.0000","473.0000","465.0000","468.0000","466.0000","469.0000","466.0000","469.0000","473.0000","473.0000","465.0000","469.0000"," ","0.0000","0.0000","10200","4773700","468.0098"
"20201214","01","11","    32050","JP3488600002","195.0000","195.0000","194.0000","194.0000","195.0000","195.0000","194.0000","194.0000","195.0000","195.0000","194.0000","194.0000"," ","0.0000","0.0000","38200","7425500","194.3848"
"20201214","01","11","    32210","JP3957600004","1881.0000","1898.0000","1878.0000","1890.0000","1896.0000","1909.0000","1873.0000","1880.0000","1881.0000","1909.0000","1873.0000","1880.0000"," ","0.0000","0.0000","19000","35868800","1887.8316"
"20201214","01","11","    32220","JP3949450005","1123.0000","1138.0000","1122.0000","1137.0000","1137.0000","1137.0000","1123.0000","1125.0000","1123.0000","1138.0000","1122.0000","1125.0000"," ","0.0000","0.0000","153300","173106700","1129.2022"
"20201214","01","11","    32260","JP3046440008","566000.0000","569000.0000","562000.0000","565000.0000","565000.0000","566000.0000","559000.0000","563000.0000","566000.0000","569000.0000","559000.0000","563000.0000"," ","0.0000","0.0000","2647","1492943000","564013.2225"
"20201214","01","11","    32270","JP3046450007","86500.0000","88500.0000","86500.0000","88000.0000","87600.0000","88300.0000","87500.0000","87500.0000","86500.0000","88500.0000","86500.0000","87500.0000"," ","0.0000","0.0000","10072","883957700","87763.8701"
"20201214","01","11","    32280","JP3324700008","1629.0000","1646.0000","1629.0000","1637.0000","1640.0000","1642.0000","1615.0000","1620.0000","1629.0000","1646.0000","1615.0000","1620.0000"," ","0.0000","0.0000","28400","46328400","1631.2817"
"20201214","01","11","    32310","JP3762900003","2266.0000","2341.0000","2266.0000","2331.0000","2335.0000","2336.0000","2311.0000","2313.0000","2266.0000","2341.0000","2266.0000","2313.0000"," ","0.0000","0.0000","475100","1101056800","2317.5264"
"20201214","01","11","    32320","JP3332510001","478.0000","484.0000","478.0000","483.0000","481.0000","483.0000","478.0000","478.0000","478.0000","484.0000","478.0000","478.0000"," ","0.0000","0.0000","44100","21182400","480.3265"
"20201214","01","11","    32340","JP3046470005","139300.0000","139300.0000","136800.0000","137200.0000","137100.0000","138100.0000","137100.0000","137900.0000","139300.0000","139300.0000","136800.0000","137900.0000"," ","0.0000","0.0000","3528","485746100","137683.1349"
"20201214","01","11","    32440","JP3322970009","1710.0000","1737.0000","1708.0000","1735.0000","1733.0000","1734.0000","1718.0000","1722.0000","1710.0000","1737.0000","1708.0000","1722.0000"," ","0.0000","0.0000","223100","385198100","1726.5715"
"20201214","01","11","    32450","JP3548720006","418.0000","426.0000","418.0000","424.0000","424.0000","424.0000","420.0000","420.0000","418.0000","426.0000","418.0000","420.0000"," ","0.0000","0.0000","121800","51397100","421.9795"
"20201214","01","11","    32460","JP3283670002","649.0000","659.0000","649.0000","657.0000","660.0000","660.0000","653.0000","653.0000","649.0000","660.0000","649.0000","653.0000"," ","0.0000","0.0000","24400","15979000","654.8770"
"20201214","01","11","    32490","JP3046500009","174600.0000","175000.0000","172500.0000","174900.0000","174900.0000","175300.0000","173500.0000","174900.0000","174600.0000","175300.0000","172500.0000","174900.0000"," ","0.0000","0.0000","2904","506657400","174468.8017"
"20201214","01","11","    32520","JP3714200007","1743.0000","1770.0000","1739.0000","1769.0000","1769.0000","1769.0000","1740.0000","1741.0000","1743.0000","1770.0000","1739.0000","1741.0000"," ","0.0000","0.0000","136900","239629800","1750.4003"
"20201214","01","11","    32540","JP3833300001","1750.0000","1751.0000","1749.0000","1750.0000","1749.0000","1750.0000","1743.0000","1743.0000","1750.0000","1751.0000","1743.0000","1743.0000"," ","0.0000","0.0000","356400","622913300","1747.7926"
"20201214","01","11","    32670","JP3802930002","2041.0000","2081.0000","2028.0000","2077.0000","2066.0000","2072.0000","2044.0000","2050.0000","2041.0000","2081.0000","2028.0000","2050.0000"," ","0.0000","0.0000","14600","30040600","2057.5753"
"20201214","01","11","    32690","JP3047160001","304000.0000","304000.0000","298200.0000","301000.0000","301500.0000","301500.0000","299500.0000","301000.0000","304000.0000","304000.0000","298200.0000","301000.0000"," ","0.0000","0.0000","2291","688870600","300685.5522"
"20201214","01","11","    32710","JP3345720001","310.0000","326.0000","308.0000","318.0000","318.0000","318.0000","313.0000","314.0000","310.0000","326.0000","308.0000","314.0000"," ","0.0000","0.0000","446200","141275600","316.6195"
"20201214","01","11","    32750","JP3765350008","1308.0000","1310.0000","1308.0000","1310.0000","1311.0000","1311.0000","1310.0000","1311.0000","1308.0000","1311.0000","1308.0000","1311.0000"," ","0.0000","0.0000","4500","5892300","1309.4000"
"20201214","01","11","    32760","JP3695050009","1244.0000","1258.0000","1243.0000","1258.0000","1258.0000","1258.0000","1249.0000","1253.0000","1244.0000","1258.0000","1243.0000","1253.0000"," ","0.0000","0.0000","31300","39207200","1252.6262"
"20201214","01","11","    32770","JP3335000000","746.0000","753.0000","746.0000","753.0000","753.0000","753.0000","749.0000","749.0000","746.0000","753.0000","746.0000","749.0000"," ","0.0000","0.0000","13400","10049900","749.9925"
"20201214","01","11","    32780","JP3047480003","176800.0000","177000.0000","175000.0000","176400.0000","176400.0000","178000.0000","175800.0000","177200.0000","176800.0000","178000.0000","175000.0000","177200.0000"," ","0.0000","0.0000","3072","542995500","176756.3477"
"20201214","01","11","    32790","JP3047490002","410500.0000","411500.0000","405500.0000","406500.0000","406500.0000","411000.0000","405500.0000","410000.0000","410500.0000","411500.0000","405500.0000","410000.0000"," ","0.0000","0.0000","2638","1077848500","408585.4814"
"20201214","01","11","    32800","JP3163350006","698.0000","706.0000","698.0000","706.0000","706.0000","711.0000","706.0000","711.0000","698.0000","711.0000","698.0000","711.0000"," ","0.0000","0.0000","3900","2757100","706.9487"
"20201214","01","11","    32810","JP3047510007","159000.0000","159100.0000","156600.0000","158900.0000","158900.0000","158900.0000","156800.0000","157700.0000","159000.0000","159100.0000","156600.0000","157700.0000"," ","0.0000","0.0000","14426","2280801900","158103.5561"
"20201214","01","11","    32820","JP3047540004","288300.0000","288300.0000","283100.0000","285300.0000","286000.0000","286100.0000","283600.0000","284600.0000","288300.0000","288300.0000","283100.0000","284600.0000"," ","0.0000","0.0000","1441","410530800","284892.9910"
"20201214","01","11","    32830","JP3047550003","320000.0000","321000.0000","318000.0000","321000.0000","321000.0000","321500.0000","318500.0000","320000.0000","320000.0000","321500.0000","318000.0000","320000.0000"," ","0.0000","0.0000","4736","1513558000","319585.7264"
"20201214","01","11","    32840","JP3802060008","740.0000","754.0000","740.0000","752.0000","750.0000","752.0000","734.0000","735.0000","740.0000","754.0000","734.0000","735.0000"," ","0.0000","0.0000","144200","107419900","744.9369"
"20201214","01","11","    32870","JP3047610005","496000.0000","501000.0000","494500.0000","497500.0000","497500.0000","500000.0000","496000.0000","497000.0000","496000.0000","501000.0000","494500.0000","497000.0000"," ","0.0000","0.0000","1238","616186500","497727.3829"
"20201214","01","11","    32880","JP3173540000","3910.0000","3930.0000","3850.0000","3890.0000","3905.0000","3905.0000","3840.0000","3870.0000","3910.0000","3930.0000","3840.0000","3870.0000"," ","0.0000","0.0000","327000","1265948500","3871.4021"
"20201214","01","11","    32890","JP3569200003","524.0000","537.0000","523.0000","536.0000","536.0000","538.0000","533.0000","535.0000","524.0000","538.0000","523.0000","535.0000"," ","0.0000","0.0000","2476100","1318924900","532.6622"
"20201214","01","11","    32900","JP3047640002","246000.0000","248600.0000","245900.0000","246600.0000","246600.0000","248300.0000","246600.0000","248000.0000","246000.0000","248600.0000","245900.0000","248000.0000"," ","0.0000","0.0000","451","111558100","247357.2062"
"20201214","01","11","    32910","JP3131090007","2064.0000","2133.0000","2064.0000","2123.0000","2124.0000","2129.0000","2108.0000","2111.0000","2064.0000","2133.0000","2064.0000","2111.0000"," ","0.0000","0.0000","498100","1051785000","2111.5941"
"20201214","01","11","    32920","JP3047650001","124000.0000","124500.0000","123500.0000","123700.0000","123700.0000","124300.0000","123200.0000","123300.0000","124000.0000","124500.0000","123200.0000","123300.0000"," ","0.0000","0.0000","3568","441659300","123783.4361"
"20201214","01","11","    32940","JP3130350006","795.0000","798.0000","793.0000","793.0000","796.0000","796.0000","792.0000","795.0000","795.0000","798.0000","792.0000","795.0000"," ","0.0000","0.0000","6600","5245700","794.8030"
"20201214","01","11","    32950","JP3047660000","144400.0000","144700.0000","143100.0000","144000.0000","144300.0000","144900.0000","143800.0000","144200.0000","144400.0000","144900.0000","143100.0000","144200.0000"," ","0.0000","0.0000","4170","600586700","144025.5875"
"20201214","01","11","    32960","JP3047750009","360000.0000","362000.0000","356500.0000","358000.0000","358000.0000","358000.0000","356000.0000","357000.0000","360000.0000","362000.0000","356000.0000","357000.0000"," ","0.0000","0.0000","1513","541269000","357745.5387"
"20201214","01","11","    32980","JP3047760008","14120.0000","14270.0000","14070.0000","14260.0000","14250.0000","14300.0000","14200.0000","14300.0000","14120.0000","14300.0000","14070.0000","14300.0000"," ","0.0000","0.0000","27864","396534290","14231.0612"
"20201214","01","11","    32990","JP3912500000","500.0000","503.0000","500.0000","500.0000","501.0000","501.0000","497.0000","498.0000","500.0000","503.0000","497.0000","498.0000"," ","0.0000","0.0000","46000","22991400","499.8130"
"20201214","01","11","    33020","JP3540800004","2596.0000","2621.0000","2576.0000","2616.0000","2616.0000","2616.0000","2578.0000","2579.0000","2596.0000","2621.0000","2576.0000","2579.0000"," ","0.0000","0.0000","82700","214573800","2594.6046"
"20201214","01","11","    33090","JP3047820000","78100.0000","78100.0000","76700.0000","77000.0000","76600.0000","77800.0000","76500.0000","77600.0000","78100.0000","78100.0000","76500.0000","77600.0000"," ","0.0000","0.0000","14111","1090564500","77284.7070"
"20201214","01","11","    33150","JP3889610006","71.0000","71.0000","70.0000","71.0000","71.0000","71.0000","70.0000","71.0000","71.0000","71.0000","70.0000","71.0000"," ","0.0000","0.0000","499500","35400500","70.8719"
"20201214","01","11","    33190","JP3309050007","914.0000","922.0000","903.0000","914.0000","923.0000","923.0000","908.0000","910.0000","914.0000","923.0000","903.0000","910.0000"," ","0.0000","0.0000","66700","60946600","913.7421"
"20201214","01","11","    33210","JP3886200009","620.0000","639.0000","620.0000","628.0000","627.0000","627.0000","621.0000","621.0000","620.0000","639.0000","620.0000","621.0000"," ","0.0000","0.0000","6100","3810000","624.5902"
"20201214","01","11","    33280","JP3758110005","2593.0000","2663.0000","2582.0000","2587.0000","2587.0000","2594.0000","2566.0000","2572.0000","2593.0000","2663.0000","2566.0000","2572.0000"," ","0.0000","0.0000","114500","297944400","2602.1345"
"20201214","01","11","    33330","JP3110500000","1685.0000","1714.0000","1679.0000","1700.0000","1694.0000","1694.0000","1678.0000","1681.0000","1685.0000","1714.0000","1678.0000","1681.0000"," ","0.0000","0.0000","210200","356323500","1695.1641"
"20201214","01","11","    33410","JP3729200000","1505.0000","1528.0000","1501.0000","1525.0000","1521.0000","1524.0000","1512.0000","1522.0000","1505.0000","1528.0000","1501.0000","1522.0000"," ","0.0000","0.0000","62700","95155600","1517.6332"
"20201214","01","11","    33490","JP3298400007","17250.0000","17350.0000","17140.0000","17320.0000","17320.0000","17320.0000","17150.0000","17240.0000","17250.0000","17350.0000","17140.0000","17240.0000"," ","0.0000","0.0000","107400","1851642000","17240.6145"
"20201214","01","11","    33600","JP3274150006","5430.0000","5560.0000","5420.0000","5560.0000","5570.0000","5570.0000","5530.0000","5540.0000","5430.0000","5570.0000","5420.0000","5540.0000"," ","0.0000","0.0000","221000","1222014000","5529.4751"
"20201214","01","11","    33610","JP3552240008","816.0000","823.0000","814.0000","817.0000","815.0000","820.0000","812.0000","820.0000","816.0000","823.0000","812.0000","820.0000"," ","0.0000","0.0000","15100","12341500","817.3179"
"20201214","01","11","    33710","JP3436040004","2850.0000","2993.0000","2850.0000","2981.0000","2981.0000","2992.0000","2956.0000","2981.0000","2850.0000","2993.0000","2850.0000","2981.0000"," ","0.0000","0.0000","95900","284165100","2963.1397"
"20201214","01","11","    33760","JP3203200005","452.0000","454.0000","452.0000","454.0000","454.0000","454.0000","452.0000","454.0000","452.0000","454.0000","452.0000","454.0000"," ","0.0000","0.0000","8700","3939700","452.8391"
"20201214","01","11","    33820","JP3422950000","3619.0000","3667.0000","3604.0000","3648.0000","3620.0000","3645.0000","3620.0000","3623.0000","3619.0000","3667.0000","3604.0000","3623.0000"," ","0.0000","0.0000","2161400","7847895800","3630.9317"
"20201214","01","11","    33870","JP3269930008","605.0000","615.0000","602.0000","615.0000","615.0000","619.0000","612.0000","615.0000","605.0000","619.0000","602.0000","615.0000"," ","0.0000","0.0000","650800","398478600","612.2904"
"20201214","01","11","    33880","JP3917600003","1449.0000","1464.0000","1449.0000","1457.0000","1458.0000","1468.0000","1456.0000","1468.0000","1449.0000","1468.0000","1449.0000","1468.0000"," ","0.0000","0.0000","11400","16655200","1460.9825"
"20201214","01","11","    33910","JP3536150000","16400.0000","16490.0000","16330.0000","16410.0000","16390.0000","16410.0000","16240.0000","16240.0000","16400.0000","16490.0000","16240.0000","16240.0000"," ","0.0000","0.0000","96300","1572231000","16326.3863"
"20201214","01","11","    33920","JP3549350001","655.0000","660.0000","649.0000","649.0000","649.0000","663.0000","637.0000","660.0000","655.0000","663.0000","637.0000","660.0000"," ","0.0000","0.0000","30700","20023000","652.2150"
"20201214","01","11","    33930","JP3399270002","702.0000","755.0000","702.0000","750.0000","746.0000","757.0000","744.0000","752.0000","702.0000","757.0000","702.0000","752.0000"," ","0.0000","0.0000","69000","51170000","741.5942"
"20201214","01","11","    33950","JP3337070001","1405.0000","1415.0000","1400.0000","1415.0000","1416.0000","1429.0000","1413.0000","1427.0000","1405.0000","1429.0000","1400.0000","1427.0000"," ","0.0000","0.0000","122000","172754000","1416.0164"
"20201214","01","11","    33960","JP3802860001","1348.0000","1362.0000","1342.0000","1354.0000","1348.0000","1371.0000","1348.0000","1360.0000","1348.0000","1371.0000","1342.0000","1360.0000"," ","0.0000","0.0000","5900","7991700","1354.5254"
"20201214","01","11","    33970","JP3636650008","1398.0000","1414.0000","1395.0000","1412.0000","1415.0000","1415.0000","1401.0000","1402.0000","1398.0000","1415.0000","1395.0000","1402.0000"," ","0.0000","0.0000","263300","370063200","1405.4812"
"20201214","01","11","    34010","JP3544000007","1975.0000","1994.0000","1968.0000","1993.0000","1989.0000","1992.0000","1983.0000","1985.0000","1975.0000","1994.0000","1968.0000","1985.0000"," ","0.0000","0.0000","678700","1347658200","1985.6464"
"20201214","01","11","    34020","JP3621000003","623.2000","629.9000","622.8000","627.5000","625.8000","627.5000","623.2000","623.3000","623.2000","629.9000","622.8000","623.3000"," ","0.0000","0.0000","4056700","2538195140","625.6798"
"20201214","01","11","    34050","JP3269600007","1117.0000","1138.0000","1117.0000","1134.0000","1133.0000","1133.0000","1125.0000","1126.0000","1117.0000","1138.0000","1117.0000","1126.0000"," ","0.0000","0.0000","817200","921691700","1127.8655"
"20201214","01","11","    34070","JP3111200006","1024.0000","1049.0000","1024.0000","1043.0000","1041.0000","1043.0000","1030.5000","1031.5000","1024.0000","1049.0000","1024.0000","1031.5000"," ","0.0000","0.0000","3122300","3234978850","1036.0884"
"20201214","01","11","    34080","JP3312600004","2119.0000","2119.0000","2075.0000","2080.0000","2085.0000","2102.0000","2077.0000","2098.0000","2119.0000","2119.0000","2075.0000","2098.0000"," ","0.0000","0.0000","21500","45012900","2093.6233"
"20201214","01","11","    34150","JP3399710007","517.0000","529.0000","513.0000","528.0000","527.0000","537.0000","525.0000","533.0000","517.0000","537.0000","513.0000","533.0000"," ","0.0000","0.0000","449200","237694800","529.1514"
"20201214","01","11","    34210","JP3145800003","1426.0000","1450.0000","1390.0000","1414.0000","1415.0000","1415.0000","1371.0000","1384.0000","1426.0000","1450.0000","1371.0000","1384.0000"," ","0.0000","0.0000","107000","150934700","1410.6047"
"20201214","01","11","    34310","JP3908700002","2255.0000","2310.0000","2231.0000","2303.0000","2295.0000","2304.0000","2287.0000","2304.0000","2255.0000","2310.0000","2231.0000","2304.0000"," ","0.0000","0.0000","45900","105296600","2294.0436"
"20201214","01","11","    34330","JP3552290003","1340.0000","1364.0000","1339.0000","1361.0000","1364.0000","1364.0000","1346.0000","1351.0000","1340.0000","1364.0000","1339.0000","1351.0000"," ","0.0000","0.0000","199500","269531900","1351.0371"
"20201214","01","11","    34340","JP3126360001","980.0000","980.0000","976.0000","980.0000","980.0000","985.0000","979.0000","982.0000","980.0000","985.0000","976.0000","982.0000"," ","0.0000","0.0000","12000","11777700","981.4750"
"20201214","01","11","    34360","JP3322930003","2295.0000","2363.0000","2288.0000","2337.0000","2332.0000","2352.0000","2326.0000","2342.0000","2295.0000","2363.0000","2288.0000","2342.0000"," ","0.0000","0.0000","5377600","12551293700","2333.9954"
"20201214","01","11","    34430","JP3226300006","4300.0000","4345.0000","4290.0000","4300.0000","4295.0000","4315.0000","4235.0000","4280.0000","4300.0000","4345.0000","4235.0000","4280.0000"," ","0.0000","0.0000","20900","89594500","4286.8182"
"20201214","01","11","    34450","JP3100350002","5050.0000","5170.0000","4970.0000","5080.0000","5100.0000","5100.0000","5030.0000","5070.0000","5050.0000","5170.0000","4970.0000","5070.0000"," ","0.0000","0.0000","69600","354212500","5089.2601"
"20201214","01","11","    34460","JP3386660009","3785.0000","3850.0000","3765.0000","3800.0000","3800.0000","3800.0000","3710.0000","3735.0000","3785.0000","3850.0000","3710.0000","3735.0000"," ","0.0000","0.0000","11900","44791500","3763.9916"
"20201214","01","11","    34470","JP3384730002","680.0000","691.0000","680.0000","691.0000","688.0000","688.0000","684.0000","687.0000","680.0000","691.0000","680.0000","687.0000"," ","0.0000","0.0000","50600","34715100","686.0692"
"20201214","01","11","    34510","JP3047830009","108500.0000","108900.0000","108400.0000","108600.0000","108900.0000","108900.0000","108400.0000","108400.0000","108500.0000","108900.0000","108400.0000","108400.0000"," ","0.0000","0.0000","1082","117627400","108712.9390"
"20201214","01","11","    34520","JP3799770007","718.0000","733.0000","711.0000","723.0000","727.0000","727.0000","712.0000","714.0000","718.0000","733.0000","711.0000","714.0000"," ","0.0000","0.0000","171000","123095300","719.8556"
"20201214","01","11","    34530","JP3047900000","240500.0000","242200.0000","240100.0000","241200.0000","241200.0000","243200.0000","240700.0000","241400.0000","240500.0000","243200.0000","240100.0000","241400.0000"," ","0.0000","0.0000","1624","392381300","241614.1010"
"20201214","01","11","    34540","JP3802290001","900.0000","926.0000","899.0000","921.0000","924.0000","931.0000","921.0000","924.0000","900.0000","931.0000","899.0000","924.0000"," ","0.0000","0.0000","38500","35337800","917.8649"
"20201214","01","11","    34550","JP3047910009","126700.0000","127500.0000","126100.0000","127300.0000","127200.0000","127400.0000","126000.0000","126600.0000","126700.0000","127500.0000","126000.0000","126600.0000"," ","0.0000","0.0000","504","63911300","126808.1349"
"20201214","01","11","    34570","JP3765420009","1240.0000","1252.0000","1238.0000","1248.0000","1248.0000","1248.0000","1234.0000","1239.0000","1240.0000","1252.0000","1234.0000","1239.0000"," ","0.0000","0.0000","42200","52443100","1242.7275"
"20201214","01","11","    34580","JP3346080009","1323.0000","1323.0000","1280.0000","1296.0000","1296.0000","1310.0000","1286.0000","1297.0000","1323.0000","1323.0000","1280.0000","1297.0000"," ","0.0000","0.0000","126200","164078100","1300.1434"
"20201214","01","11","    34590","JP3047960004","105500.0000","105500.0000","104400.0000","104700.0000","104900.0000","105200.0000","104200.0000","104200.0000","105500.0000","105500.0000","104200.0000","104200.0000"," ","0.0000","0.0000","994","104472000","105102.6157"
"20201214","01","11","    34620","JP3048110005","140000.0000","140300.0000","139300.0000","140300.0000","140100.0000","140600.0000","138500.0000","139300.0000","140000.0000","140600.0000","138500.0000","139300.0000"," ","0.0000","0.0000","9262","1292428100","139540.9307"
"20201214","01","11","    34630","JP3048160000","70000.0000","70200.0000","69200.0000","69500.0000","70000.0000","71000.0000","70000.0000","71000.0000","70000.0000","71000.0000","69200.0000","71000.0000"," ","0.0000","0.0000","1588","111572900","70260.0126"
"20201214","01","11","    34640","JP3833810009","1484.0000","1494.0000","1472.0000","1485.0000","1480.0000","1485.0000","1471.0000","1478.0000","1484.0000","1494.0000","1471.0000","1478.0000"," ","0.0000","0.0000","10700","15847600","1481.0841"
"20201214","01","11","    34650","JP3277620005","2719.0000","2744.0000","2687.0000","2744.0000","2744.0000","2747.0000","2677.0000","2677.0000","2719.0000","2747.0000","2677.0000","2677.0000"," ","0.0000","0.0000","62700","169936700","2710.3142"
"20201214","01","11","    34660","JP3048180008","156700.0000","158000.0000","155100.0000","158000.0000","157400.0000","157800.0000","156100.0000","156900.0000","156700.0000","158000.0000","155100.0000","156900.0000"," ","0.0000","0.0000","3772","591636800","156849.6288"
"20201214","01","11","    34670","JP3108170006","626.0000","629.0000","624.0000","627.0000","627.0000","627.0000","624.0000","624.0000","626.0000","629.0000","624.0000","624.0000"," ","0.0000","0.0000","9700","6071300","625.9072"
"20201214","01","11","    34680","JP3048200004","48500.0000","48800.0000","48350.0000","48700.0000","48700.0000","48700.0000","48250.0000","48450.0000","48500.0000","48800.0000","48250.0000","48450.0000"," ","0.0000","0.0000","2433","118090200","48536.8681"
"20201214","01","11","    34700","JP3048290005","114300.0000","114300.0000","113400.0000","113500.0000","113800.0000","114000.0000","113600.0000","113600.0000","114300.0000","114300.0000","113400.0000","113600.0000"," ","0.0000","0.0000","349","39725600","113826.9341"
"20201214","01","11","    34710","JP3048300002","494500.0000","497500.0000","492000.0000","496500.0000","496000.0000","500000.0000","496000.0000","500000.0000","494500.0000","500000.0000","492000.0000","500000.0000"," ","0.0000","0.0000","1721","856154500","497475.0145"
"20201214","01","11","    34720","JP3048310001","69700.0000","70200.0000","69600.0000","69900.0000","69900.0000","70000.0000","69700.0000","69900.0000","69700.0000","70200.0000","69600.0000","69900.0000"," ","0.0000","0.0000","670","46788800","69834.0299"
"20201214","01","11","    34750","JP3273750004","1405.0000","1466.0000","1362.0000","1415.0000","1415.0000","1415.0000","1365.0000","1370.0000","1405.0000","1466.0000","1362.0000","1370.0000"," ","0.0000","0.0000","1077800","1517052100","1407.5451"
"20201214","01","11","    34760","JP3048370005","37600.0000","37850.0000","37500.0000","37650.0000","37650.0000","37650.0000","37500.0000","37500.0000","37600.0000","37850.0000","37500.0000","37500.0000"," ","0.0000","0.0000","4134","155536100","37623.6333"
"20201214","01","11","    34780","JP3048380004","114400.0000","115800.0000","113800.0000","115800.0000","115000.0000","115800.0000","114800.0000","115400.0000","114400.0000","115800.0000","113800.0000","115400.0000"," ","0.0000","0.0000","758","87184400","115018.9974"
"20201214","01","11","    34800","JP3386630002","3620.0000","3675.0000","3610.0000","3650.0000","3620.0000","3630.0000","3535.0000","3535.0000","3620.0000","3675.0000","3535.0000","3535.0000"," ","0.0000","0.0000","36700","132232000","3603.0518"
"20201214","01","11","    34810","JP3048480002","394000.0000","395500.0000","392000.0000","393000.0000","393500.0000","394000.0000","392500.0000","393500.0000","394000.0000","395500.0000","392000.0000","393500.0000"," ","0.0000","0.0000","719","283093000","393731.5716"
"20201214","01","11","    34840","JP3547690002","826.0000","834.0000","826.0000","829.0000","826.0000","834.0000","825.0000","825.0000","826.0000","834.0000","825.0000","825.0000"," ","0.0000","0.0000","15800","13086100","828.2342"
"20201214","01","11","    34860","JP3274380009","911.0000","928.0000","893.0000","901.0000","901.0000","917.0000","901.0000","917.0000","911.0000","928.0000","893.0000","917.0000"," ","0.0000","0.0000","59700","54244300","908.6147"
"20201214","01","11","    34870","JP3048680007","156300.0000","156300.0000","154800.0000","155900.0000","156100.0000","156200.0000","155500.0000","156000.0000","156300.0000","156300.0000","154800.0000","156000.0000"," ","0.0000","0.0000","1628","253625100","155789.3735"
"20201214","01","11","    34880","JP3048690006","91500.0000","91800.0000","91100.0000","91400.0000","91300.0000","91600.0000","91200.0000","91400.0000","91500.0000","91800.0000","91100.0000","91400.0000"," ","0.0000","0.0000","502","45902200","91438.6454"
"20201214","01","11","    34920","JP3048750008","88500.0000","88600.0000","88200.0000","88400.0000","88500.0000","88700.0000","88300.0000","88600.0000","88500.0000","88700.0000","88200.0000","88600.0000"," ","0.0000","0.0000","1750","154824200","88470.9714"
"20201214","01","11","    34930","JP3048770006","129000.0000","129400.0000","127900.0000","128400.0000","128400.0000","129000.0000","127900.0000","128900.0000","129000.0000","129400.0000","127900.0000","128900.0000"," ","0.0000","0.0000","2490","319719600","128401.4458"
"20201214","01","11","    35010","JP3410200004","2233.0000","2237.0000","2219.0000","2236.0000","2248.0000","2248.0000","2228.0000","2228.0000","2233.0000","2248.0000","2219.0000","2228.0000"," ","0.0000","0.0000","6200","13835800","2231.5806"
"20201214","01","11","    35120","JP3749000000","455.0000","455.0000","452.0000","453.0000","453.0000","454.0000","446.0000","448.0000","455.0000","455.0000","446.0000","448.0000"," ","0.0000","0.0000","16200","7291900","450.1173"
"20201214","01","11","    35130","JP3141200000","1285.0000","1300.0000","1285.0000","1300.0000","1310.0000","1311.0000","1301.0000","1309.0000","1285.0000","1311.0000","1285.0000","1309.0000"," ","0.0000","0.0000","2700","3516200","1302.2963"
"20201214","01","11","    35210","JP3755800004","92.0000","92.0000","91.0000","92.0000","92.0000","92.0000","91.0000","92.0000","92.0000","92.0000","91.0000","92.0000"," ","0.0000","0.0000","116900","10749000","91.9504"
"20201214","01","11","    35240","JP3683600005","1506.0000","1512.0000","1486.0000","1506.0000","1500.0000","1504.0000","1493.0000","1500.0000","1506.0000","1512.0000","1486.0000","1500.0000"," ","0.0000","0.0000","28800","43157400","1498.5208"
"20201214","01","11","    35260","JP3118400005","1007.0000","1022.0000","1007.0000","1017.0000","1015.0000","1019.0000","1009.0000","1019.0000","1007.0000","1022.0000","1007.0000","1019.0000"," ","0.0000","0.0000","20600","20863400","1012.7864"
"20201214","01","11","    35290","JP3120200005","509.0000","515.0000","508.0000","511.0000","511.0000","520.0000","511.0000","513.0000","509.0000","520.0000","508.0000","513.0000"," ","0.0000","0.0000","33300","17074700","512.7538"
"20201214","01","11","    35380","JP3154270007","710.0000","711.0000","709.0000","711.0000","710.0000","711.0000","701.0000","701.0000","710.0000","711.0000","701.0000","701.0000"," ","0.0000","0.0000","7000","4946400","706.6286"
"20201214","01","11","    35390","JP3389690003","2454.0000","2454.0000","2344.0000","2371.0000","2373.0000","2415.0000","2350.0000","2385.0000","2454.0000","2454.0000","2344.0000","2385.0000"," ","0.0000","0.0000","142500","339604800","2383.1916"
"20201214","01","11","    35430","JP3305580007","1840.0000","1851.0000","1831.0000","1850.0000","1852.0000","1852.0000","1839.0000","1839.0000","1840.0000","1852.0000","1831.0000","1839.0000"," ","0.0000","0.0000","212200","390920500","1842.2267"
"20201214","01","11","    35440","JP3319750000","2024.0000","2026.0000","2024.0000","2026.0000","2050.0000","2050.0000","2020.0000","2027.0000","2024.0000","2050.0000","2020.0000","2027.0000"," ","0.0000","0.0000","6300","12837500","2037.6984"
"20201214","01","11","    35460","JP3500050004","1291.0000","1335.0000","1287.0000","1330.0000","1313.0000","1315.0000","1293.0000","1300.0000","1291.0000","1335.0000","1287.0000","1300.0000"," ","0.0000","0.0000","66800","87315500","1307.1183"
"20201214","01","11","    35470","JP3266180003","1560.0000","1572.0000","1559.0000","1565.0000","1564.0000","1567.0000","1550.0000","1550.0000","1560.0000","1572.0000","1550.0000","1550.0000"," ","0.0000","0.0000","37100","57840600","1559.0458"
"20201214","01","11","    35480","JP3778450001","667.0000","680.0000","666.0000","679.0000","678.0000","678.0000","671.0000","675.0000","667.0000","680.0000","666.0000","675.0000"," ","0.0000","0.0000","29500","19878500","673.8475"
"20201214","01","11","    35490","JP3266190002","8920.0000","9040.0000","8880.0000","9000.0000","8970.0000","8980.0000","8880.0000","8930.0000","8920.0000","9040.0000","8880.0000","8930.0000"," ","0.0000","0.0000","97400","871925000","8952.0021"
"20201214","01","11","    35510","JP3493000008","884.0000","896.0000","877.0000","882.0000","885.0000","885.0000","871.0000","873.0000","884.0000","896.0000","871.0000","873.0000"," ","0.0000","0.0000","12800","11289500","881.9922"
"20201214","01","11","    35530","JP3256400007","619.0000","637.0000","619.0000","637.0000","639.0000","643.0000","636.0000","643.0000","619.0000","643.0000","619.0000","643.0000"," ","0.0000","0.0000","25000","15891500","635.6600"
"20201214","01","11","    35590","JP3801640008","910.0000","930.0000","910.0000","924.0000","925.0000","925.0000","916.0000","923.0000","910.0000","930.0000","910.0000","923.0000"," ","0.0000","0.0000","27200","24966100","917.8713"
"20201214","01","11","    35610","JP3507780009","592.0000","600.0000","592.0000","599.0000","599.0000","599.0000","592.0000","592.0000","592.0000","600.0000","592.0000","592.0000"," ","0.0000","0.0000","31200","18569700","595.1827"
"20201214","01","11","    35630","JP3397150008","3490.0000","3555.0000","3480.0000","3535.0000","3540.0000","3550.0000","3515.0000","3550.0000","3490.0000","3555.0000","3480.0000","3550.0000"," ","0.0000","0.0000","806900","2850299000","3532.4067"
"20201214","01","11","    35650","JP3120110006","1857.0000","1927.0000","1850.0000","1917.0000","1907.0000","1913.0000","1889.0000","1899.0000","1857.0000","1927.0000","1850.0000","1899.0000"," ","0.0000","0.0000","242900","461296200","1899.1198"
"20201214","01","11","    35690","JP3413800008","1617.0000","1656.0000","1616.0000","1646.0000","1640.0000","1649.0000","1634.0000","1645.0000","1617.0000","1656.0000","1616.0000","1645.0000"," ","0.0000","0.0000","134800","221649400","1644.2834"
"20201214","01","11","    35710","JP3434600007","918.0000","918.0000","915.0000","915.0000","913.0000","913.0000","904.0000","904.0000","918.0000","918.0000","904.0000","904.0000"," ","0.0000","0.0000","10000","9091000","909.1000"
"20201214","01","11","    35770","JP3564600009","1130.0000","1138.0000","1126.0000","1138.0000","1130.0000","1130.0000","1122.0000","1122.0000","1130.0000","1138.0000","1122.0000","1122.0000"," ","0.0000","0.0000","3900","4395700","1127.1026"
"20201214","01","11","    35800","JP3304600004","985.0000","988.0000","976.0000","985.0000","987.0000","989.0000","978.0000","985.0000","985.0000","989.0000","976.0000","985.0000"," ","0.0000","0.0000","51500","50665900","983.8039"
"20201214","01","11","    35910","JP3992400006","2040.0000","2059.0000","2020.0000","2052.0000","2051.0000","2051.0000","2026.0000","2032.0000","2040.0000","2059.0000","2020.0000","2032.0000"," ","0.0000","0.0000","105300","214730900","2039.2298"
"20201214","01","11","    35930","JP3840800001","3430.0000","3480.0000","3430.0000","3475.0000","3465.0000","3470.0000","3435.0000","3435.0000","3430.0000","3480.0000","3430.0000","3435.0000"," ","0.0000","0.0000","71700","247440500","3451.0530"
"20201214","01","11","    36070","JP3267800005","295.0000","295.0000","290.0000","290.0000","290.0000","293.0000","287.0000","292.0000","295.0000","295.0000","287.0000","292.0000"," ","0.0000","0.0000","11500","3356200","291.8435"
"20201214","01","11","    36080","JP3538690003","212.0000","221.0000","211.0000","221.0000","221.0000","222.0000","218.0000","220.0000","212.0000","222.0000","211.0000","220.0000"," ","0.0000","0.0000","359900","78515000","218.1578"
"20201214","01","11","    36110","JP3863900001","2405.0000","2454.0000","2401.0000","2408.0000","2409.0000","2432.0000","2370.0000","2410.0000","2405.0000","2454.0000","2370.0000","2410.0000"," ","0.0000","0.0000","32000","77205400","2412.6688"
"20201214","01","11","    36120","JP3990210001","1274.0000","1297.0000","1263.0000","1295.0000","1290.0000","1294.0000","1280.0000","1285.0000","1274.0000","1297.0000","1263.0000","1285.0000"," ","0.0000","0.0000","176900","227417900","1285.5732"
"20201214","01","11","    36260","JP3104890003","2072.0000","2095.0000","2065.0000","2091.0000","2090.0000","2090.0000","2062.0000","2063.0000","2072.0000","2095.0000","2062.0000","2063.0000"," ","0.0000","0.0000","436100","904106500","2073.1633"
"20201214","01","11","    36270","JP3832370005","581.0000","594.0000","578.0000","593.0000","593.0000","593.0000","586.0000","588.0000","581.0000","594.0000","578.0000","588.0000"," ","0.0000","0.0000","66300","39001100","588.2519"
"20201214","01","11","    36300","JP3551420007","3310.0000","3345.0000","3280.0000","3335.0000","3330.0000","3330.0000","3275.0000","3285.0000","3310.0000","3345.0000","3275.0000","3285.0000"," ","0.0000","0.0000","44400","146910000","3308.7838"
"20201214","01","11","    36320","JP3274070006","592.0000","597.0000","591.0000","593.0000","592.0000","592.0000","588.0000","590.0000","592.0000","597.0000","588.0000","590.0000"," ","0.0000","0.0000","471800","279203000","591.7825"
"20201214","01","11","    36330","JP3836100002","6200.0000","6200.0000","6020.0000","6020.0000","6020.0000","6060.0000","6000.0000","6050.0000","6200.0000","6200.0000","6000.0000","6050.0000"," ","0.0000","0.0000","73800","447044000","6057.5068"
"20201214","01","11","    36350","JP3283460008","6440.0000","6500.0000","6410.0000","6490.0000","6490.0000","6510.0000","6450.0000","6450.0000","6440.0000","6510.0000","6410.0000","6450.0000"," ","0.0000","0.0000","438200","2833272000","6465.7052"
"20201214","01","11","    36360","JP3902200009","4275.0000","4305.0000","4275.0000","4305.0000","4280.0000","4285.0000","4230.0000","4250.0000","4275.0000","4305.0000","4230.0000","4250.0000"," ","0.0000","0.0000","16700","71339500","4271.8263"
"20201214","01","11","    36390","JP3855700005","565.0000","570.0000","558.0000","568.0000","568.0000","568.0000","556.0000","559.0000","565.0000","570.0000","556.0000","559.0000"," ","0.0000","0.0000","81700","46018400","563.2607"
"20201214","01","11","    36400","JP3551410008","2488.0000","2490.0000","2486.0000","2488.0000","2475.0000","2490.0000","2475.0000","2486.0000","2488.0000","2490.0000","2475.0000","2486.0000"," ","0.0000","0.0000","7200","17895900","2485.5417"
"20201214","01","11","    36480","JP3160460006","830.0000","866.0000","830.0000","864.0000","863.0000","863.0000","840.0000","842.0000","830.0000","866.0000","830.0000","842.0000"," ","0.0000","0.0000","25300","21427400","846.9328"
"20201214","01","11","    36490","JP3801450002","1290.0000","1320.0000","1281.0000","1301.0000","1293.0000","1305.0000","1292.0000","1303.0000","1290.0000","1320.0000","1281.0000","1303.0000"," ","0.0000","0.0000","63700","82685100","1298.0392"
"20201214","01","11","    36550","JP3831460005","4450.0000","4500.0000","4415.0000","4500.0000","4475.0000","4490.0000","4430.0000","4430.0000","4450.0000","4500.0000","4415.0000","4430.0000"," ","0.0000","0.0000","35600","158611500","4455.3792"
"20201214","01","11","    36560","JP3268870007","1020.0000","1028.0000","1009.0000","1012.0000","1012.0000","1012.0000","1000.0000","1002.0000","1020.0000","1028.0000","1000.0000","1002.0000"," ","0.0000","0.0000","254100","257009900","1011.4518"
"20201214","01","11","    36570","JP3855950006","1065.0000","1069.0000","1049.0000","1066.0000","1065.0000","1066.0000","1049.0000","1051.0000","1065.0000","1069.0000","1049.0000","1051.0000"," ","0.0000","0.0000","160500","169608700","1056.7520"
"20201214","01","11","    36580","JP3130820008","2676.0000","2776.0000","2626.0000","2774.0000","2774.0000","2774.0000","2709.0000","2738.0000","2676.0000","2776.0000","2626.0000","2738.0000"," ","0.0000","0.0000","147100","400136600","2720.1672"
"20201214","01","11","    36590","JP3758190007","3140.0000","3170.0000","3075.0000","3150.0000","3145.0000","3145.0000","3095.0000","3105.0000","3140.0000","3170.0000","3075.0000","3105.0000"," ","0.0000","0.0000","1691400","5269141000","3115.2542"
"20201214","01","11","    36600","JP3102320003","415.0000","428.0000","415.0000","424.0000","422.0000","424.0000","414.0000","416.0000","415.0000","428.0000","414.0000","416.0000"," ","0.0000","0.0000","705800","296580900","420.2053"
"20201214","01","11","    36610","JP3167310006","2589.0000","2655.0000","2561.0000","2640.0000","2635.0000","2657.0000","2621.0000","2645.0000","2589.0000","2657.0000","2561.0000","2645.0000"," ","0.0000","0.0000","151300","397956600","2630.2485"
"20201214","01","11","    36620","JP3160890004","1150.0000","1191.0000","1147.0000","1163.0000","1160.0000","1187.0000","1156.0000","1183.0000","1150.0000","1191.0000","1147.0000","1183.0000"," ","0.0000","0.0000","307400","359392700","1169.1370"
"20201214","01","11","    36650","JP3164590006","1404.0000","1433.0000","1351.0000","1375.0000","1382.0000","1383.0000","1355.0000","1361.0000","1404.0000","1433.0000","1351.0000","1361.0000"," ","0.0000","0.0000","839500","1156196600","1377.2443"
"20201214","01","11","    36660","JP3545230009","707.0000","716.0000","704.0000","712.0000","712.0000","714.0000","707.0000","708.0000","707.0000","716.0000","704.0000","708.0000"," ","0.0000","0.0000","79800","56646200","709.8521"
"20201214","01","11","    36670","JP3164580007","472.0000","478.0000","466.0000","475.0000","475.0000","481.0000","474.0000","479.0000","472.0000","481.0000","466.0000","479.0000"," ","0.0000","0.0000","209800","99494600","474.2355"
"20201214","01","11","    36680","JP3305960001","979.0000","979.0000","963.0000","970.0000","970.0000","970.0000","961.0000","962.0000","979.0000","979.0000","961.0000","962.0000"," ","0.0000","0.0000","573300","554134300","966.5695"
"20201214","01","11","    36720","JP3201800004","424.0000","440.0000","424.0000","440.0000","438.0000","442.0000","435.0000","435.0000","424.0000","442.0000","424.0000","435.0000"," ","0.0000","0.0000","201100","87376200","434.4913"
"20201214","01","11","    36730","JP3831490002","714.0000","724.0000","705.0000","724.0000","722.0000","726.0000","718.0000","723.0000","714.0000","726.0000","705.0000","723.0000"," ","0.0000","0.0000","781200","561769200","719.1106"
"20201214","01","11","    36750","JP3272760004","373.0000","391.0000","371.0000","390.0000","392.0000","394.0000","386.0000","387.0000","373.0000","394.0000","371.0000","387.0000"," ","0.0000","0.0000","140300","53840600","383.7534"
"20201214","01","11","    36760","JP3765110006","1249.0000","1250.0000","1231.0000","1246.0000","1240.0000","1247.0000","1227.0000","1239.0000","1249.0000","1250.0000","1227.0000","1239.0000"," ","0.0000","0.0000","55400","68749500","1240.9657"
"20201214","01","11","    36770","JP3350940007","1134.0000","1144.0000","1124.0000","1137.0000","1132.0000","1137.0000","1126.0000","1126.0000","1134.0000","1144.0000","1124.0000","1126.0000"," ","0.0000","0.0000","127300","144233800","1133.0228"
"20201214","01","11","    36780","JP3921230003","7220.0000","7300.0000","7140.0000","7290.0000","7260.0000","7260.0000","7190.0000","7210.0000","7220.0000","7300.0000","7140.0000","7210.0000"," ","0.0000","0.0000","77200","557664000","7223.6269"
"20201214","01","11","    36790","JP3386490001","345.0000","361.0000","345.0000","357.0000","357.0000","357.0000","351.0000","354.0000","345.0000","361.0000","345.0000","354.0000"," ","0.0000","0.0000","837200","295637800","353.1269"
"20201214","01","11","    36810","JP3829750003","3245.0000","3335.0000","3195.0000","3315.0000","3310.0000","3310.0000","3210.0000","3220.0000","3245.0000","3335.0000","3195.0000","3220.0000"," ","0.0000","0.0000","1530500","5003430500","3269.1477"
"20201214","01","11","    36820","JP3168300006","798.0000","827.0000","794.0000","826.0000","825.0000","838.0000","824.0000","835.0000","798.0000","838.0000","794.0000","835.0000"," ","0.0000","0.0000","25900","21357100","824.5985"
"20201214","01","11","    36830","JP3311540003","6780.0000","7000.0000","6610.0000","6830.0000","6770.0000","6820.0000","6430.0000","6460.0000","6780.0000","7000.0000","6430.0000","6460.0000"," ","0.0000","0.0000","610700","4119362000","6745.3119"
"20201214","01","11","    36860","JP3548760002","358.0000","363.0000","344.0000","353.0000","354.0000","354.0000","344.0000","346.0000","358.0000","363.0000","344.0000","346.0000"," ","0.0000","0.0000","911500","320679500","351.8151"
"20201214","01","11","    36870","JP3802950000","979.0000","979.0000","971.0000","976.0000","975.0000","975.0000","965.0000","965.0000","979.0000","979.0000","965.0000","965.0000"," ","0.0000","0.0000","66500","64554800","970.7489"
"20201214","01","11","    36880","JP3855650002","1247.0000","1267.0000","1245.0000","1263.0000","1263.0000","1263.0000","1243.0000","1248.0000","1247.0000","1267.0000","1243.0000","1248.0000"," ","0.0000","0.0000","34700","43458700","1252.4121"
"20201214","01","11","    36940","JP3197690005","2897.0000","2955.0000","2885.0000","2926.0000","2918.0000","2918.0000","2888.0000","2905.0000","2897.0000","2955.0000","2885.0000","2905.0000"," ","0.0000","0.0000","222000","647287800","2915.7108"
"20201214","01","11","    36960","JP3423570005","2770.0000","2848.0000","2678.0000","2759.0000","2751.0000","2790.0000","2719.0000","2740.0000","2770.0000","2848.0000","2678.0000","2740.0000"," ","0.0000","0.0000","708500","1957372600","2762.6995"
"20201214","01","11","    36970","JP3355400007","14050.0000","14210.0000","13760.0000","14170.0000","14190.0000","14190.0000","13940.0000","13960.0000","14050.0000","14210.0000","13760.0000","13960.0000"," ","0.0000","0.0000","148100","2079673000","14042.3565"
"20201214","01","11","    37080","JP3624900001","5200.0000","5230.0000","5200.0000","5230.0000","5230.0000","5230.0000","5160.0000","5190.0000","5200.0000","5230.0000","5160.0000","5190.0000"," ","0.0000","0.0000","9800","50939000","5197.8571"
"20201214","01","11","    37380","JP3893700009","1839.0000","1867.0000","1834.0000","1865.0000","1862.0000","1864.0000","1844.0000","1852.0000","1839.0000","1867.0000","1834.0000","1852.0000"," ","0.0000","0.0000","87700","162347900","1851.1733"
"20201214","01","11","    37410","JP3422190003","2970.0000","3010.0000","2970.0000","3010.0000","3010.0000","3015.0000","3000.0000","3015.0000","2970.0000","3015.0000","2970.0000","3015.0000"," ","0.0000","0.0000","17400","52118000","2995.2874"
"20201214","01","11","    37510","JP3385840008","739.0000","784.0000","733.0000","765.0000","760.0000","761.0000","749.0000","749.0000","739.0000","784.0000","733.0000","749.0000"," ","0.0000","0.0000","332700","253714700","762.5930"
"20201214","01","11","    37620","JP3545130001","2091.0000","2107.0000","2068.0000","2084.0000","2084.0000","2090.0000","2065.0000","2072.0000","2091.0000","2107.0000","2065.0000","2072.0000"," ","0.0000","0.0000","303300","630605700","2079.1484"
"20201214","01","11","    37630","JP3833730009","1433.0000","1444.0000","1418.0000","1427.0000","1442.0000","1442.0000","1416.0000","1423.0000","1433.0000","1444.0000","1416.0000","1423.0000"," ","0.0000","0.0000","19400","27690500","1427.3454"
"20201214","01","11","    37650","JP3235900002","2640.0000","2669.0000","2624.0000","2668.0000","2667.0000","2670.0000","2652.0000","2656.0000","2640.0000","2670.0000","2624.0000","2656.0000"," ","0.0000","0.0000","370300","982387800","2652.9511"
"20201214","01","11","    37690","JP3385890003","14360.0000","14410.0000","14070.0000","14160.0000","14180.0000","14180.0000","13970.0000","14000.0000","14360.0000","14410.0000","13970.0000","14000.0000"," ","0.0000","0.0000","233500","3295571000","14113.7944"
"20201214","01","11","    37700","JP3345770006","492.0000","495.0000","485.0000","495.0000","490.0000","490.0000","485.0000","487.0000","492.0000","495.0000","485.0000","487.0000"," ","0.0000","0.0000","20100","9816000","488.3582"
"20201214","01","11","    37710","JP3351070002","1611.0000","1643.0000","1606.0000","1632.0000","1627.0000","1632.0000","1604.0000","1611.0000","1611.0000","1643.0000","1604.0000","1611.0000"," ","0.0000","0.0000","24200","39203500","1619.9793"
"20201214","01","11","    37740","JP3152820001","4205.0000","4345.0000","4190.0000","4285.0000","4285.0000","4290.0000","4205.0000","4205.0000","4205.0000","4345.0000","4190.0000","4205.0000"," ","0.0000","0.0000","210600","898087000","4264.4207"
"20201214","01","11","    37780","JP3317300006","699.0000","711.0000","695.0000","709.0000","710.0000","710.0000","705.0000","705.0000","699.0000","711.0000","695.0000","705.0000"," ","0.0000","0.0000","206000","145258400","705.1379"
"20201214","01","11","    37840","JP3159980006","1218.0000","1234.0000","1215.0000","1229.0000","1229.0000","1229.0000","1218.0000","1218.0000","1218.0000","1234.0000","1215.0000","1218.0000"," ","0.0000","0.0000","25900","31688800","1223.5058"
"20201214","01","11","    37880","JP3386040004","9890.0000","10030.0000","9710.0000","9780.0000","9760.0000","9760.0000","9630.0000","9690.0000","9890.0000","10030.0000","9630.0000","9690.0000"," ","0.0000","0.0000","203300","1984913000","9763.4678"
"20201214","01","11","    38170","JP3161450006","2515.0000","2524.0000","2499.0000","2524.0000","2523.0000","2523.0000","2485.0000","2501.0000","2515.0000","2524.0000","2485.0000","2501.0000"," ","0.0000","0.0000","18300","45835900","2504.6940"
"20201214","01","11","    38260","JP3350930008","647.0000","655.0000","647.0000","654.0000","655.0000","655.0000","653.0000","655.0000","647.0000","655.0000","647.0000","655.0000"," ","0.0000","0.0000","27800","18134900","652.3345"
"20201214","01","11","    38340","JP3115800009","878.0000","890.0000","873.0000","884.0000","886.0000","886.0000","876.0000","876.0000","878.0000","890.0000","873.0000","876.0000"," ","0.0000","0.0000","117100","103106500","880.4996"
"20201214","01","11","    38350","JP3130790003","1040.0000","1086.0000","1025.0000","1027.0000","1024.0000","1040.0000","1022.0000","1034.0000","1040.0000","1086.0000","1022.0000","1034.0000"," ","0.0000","0.0000","303200","314182100","1036.2206"
"20201214","01","11","    38360","JP3548680002","1197.0000","1224.0000","1192.0000","1195.0000","1190.0000","1197.0000","1182.0000","1185.0000","1197.0000","1224.0000","1182.0000","1185.0000"," ","0.0000","0.0000","89700","107672900","1200.3668"
"20201214","01","11","    38370","JP3122030004","2967.0000","3030.0000","2938.0000","3025.0000","3025.0000","3060.0000","3000.0000","3040.0000","2967.0000","3060.0000","2938.0000","3040.0000"," ","0.0000","0.0000","58500","176467500","3016.5385"
"20201214","01","11","    38430","JP3826720009","1034.0000","1109.0000","1025.0000","1109.0000","1109.0000","1109.0000","1104.0000","1109.0000","1034.0000","1109.0000","1025.0000","1109.0000"," ","0.0000","0.0000","1414800","1546706300","1093.2332"
"20201214","01","11","    38440","JP3305560009","3105.0000","3130.0000","3030.0000","3060.0000","3055.0000","3055.0000","3025.0000","3030.0000","3105.0000","3130.0000","3025.0000","3030.0000"," ","0.0000","0.0000","144100","439028000","3046.6898"
"20201214","01","11","    38520","JP3311510006","1770.0000","1778.0000","1760.0000","1775.0000","1772.0000","1779.0000","1765.0000","1774.0000","1770.0000","1779.0000","1760.0000","1774.0000"," ","0.0000","0.0000","14100","24966600","1770.6809"
"20201214","01","11","    38530","JP3153470004","1067.0000","1093.0000","1052.0000","1084.0000","1081.0000","1086.0000","1069.0000","1073.0000","1067.0000","1093.0000","1052.0000","1073.0000"," ","0.0000","0.0000","416200","447651200","1075.5675"
"20201214","01","11","    38540","JP3105180008","1578.0000","1630.0000","1575.0000","1623.0000","1621.0000","1636.0000","1611.0000","1626.0000","1578.0000","1636.0000","1575.0000","1626.0000"," ","0.0000","0.0000","232500","376118600","1617.7144"
"20201214","01","11","    38610","JP3174410005","538.0000","547.0000","538.0000","545.0000","545.0000","546.0000","540.0000","540.0000","538.0000","547.0000","538.0000","540.0000"," ","0.0000","0.0000","1958900","1061816300","542.0472"
"20201214","01","11","    38630","JP3721600009","1205.0000","1218.0000","1198.0000","1217.0000","1216.0000","1216.0000","1200.0000","1204.0000","1205.0000","1218.0000","1198.0000","1204.0000"," ","0.0000","0.0000","515900","623100900","1207.7940"
"20201214","01","11","    38640","JP3901200000","323.0000","327.0000","322.0000","326.0000","324.0000","326.0000","322.0000","324.0000","323.0000","327.0000","322.0000","324.0000"," ","0.0000","0.0000","71100","23067900","324.4430"
"20201214","01","11","    38650","JP3841800000","376.0000","383.0000","375.0000","383.0000","382.0000","383.0000","380.0000","380.0000","376.0000","383.0000","375.0000","380.0000"," ","0.0000","0.0000","377500","143587700","380.3648"
"20201214","01","11","    38770","JP3513400006","1313.0000","1326.0000","1307.0000","1326.0000","1327.0000","1339.0000","1313.0000","1318.0000","1313.0000","1339.0000","1307.0000","1318.0000"," ","0.0000","0.0000","13800","18232900","1321.2246"
"20201214","01","11","    38780","JP3631000001","803.0000","807.0000","798.0000","803.0000","803.0000","803.0000","799.0000","799.0000","803.0000","807.0000","798.0000","799.0000"," ","0.0000","0.0000","11000","8812800","801.1636"
"20201214","01","11","    38800","JP3440400004","1804.0000","1838.0000","1803.0000","1830.0000","1830.0000","1832.0000","1814.0000","1814.0000","1804.0000","1838.0000","1803.0000","1814.0000"," ","0.0000","0.0000","177500","323301500","1821.4169"
"20201214","01","11","    38960","JP3127000002","494.0000","494.0000","480.0000","483.0000","489.0000","491.0000","482.0000","486.0000","494.0000","494.0000","480.0000","486.0000"," ","0.0000","0.0000","20800","10118400","486.4615"
"20201214","01","11","    39010","JP3860210008","2852.0000","2872.0000","2789.0000","2796.0000","2795.0000","2795.0000","2731.0000","2741.0000","2852.0000","2872.0000","2731.0000","2741.0000"," ","0.0000","0.0000","63000","175774600","2790.0730"
"20201214","01","11","    39020","JP3921250001","2658.0000","2705.0000","2623.0000","2629.0000","2627.0000","2629.0000","2602.0000","2611.0000","2658.0000","2705.0000","2602.0000","2611.0000"," ","0.0000","0.0000","744700","1970981500","2646.6785"
"20201214","01","11","    39030","JP3273810006","828.0000","860.0000","828.0000","853.0000","848.0000","852.0000","833.0000","836.0000","828.0000","860.0000","828.0000","836.0000"," ","0.0000","0.0000","996700","842428600","845.2178"
"20201214","01","11","    39090","JP3360120004","1030.0000","1074.0000","1016.0000","1019.0000","1021.0000","1037.0000","1016.0000","1023.0000","1030.0000","1074.0000","1016.0000","1023.0000"," ","0.0000","0.0000","396500","412804700","1041.1216"
"20201214","01","11","    39120","JP3922980002","1007.0000","1020.0000","1006.0000","1010.0000","1014.0000","1014.0000","1000.0000","1000.0000","1007.0000","1020.0000","1000.0000","1000.0000"," ","0.0000","0.0000","71100","71739800","1008.9986"
"20201214","01","11","    39150","JP3546300009","4320.0000","4370.0000","4300.0000","4360.0000","4355.0000","4375.0000","4305.0000","4305.0000","4320.0000","4375.0000","4300.0000","4305.0000"," ","0.0000","0.0000","120800","523519000","4333.7666"
"20201214","01","11","    39160","JP3549060006","1493.0000","1513.0000","1478.0000","1503.0000","1510.0000","1518.0000","1503.0000","1503.0000","1493.0000","1518.0000","1478.0000","1503.0000"," ","0.0000","0.0000","169900","255323700","1502.7881"
"20201214","01","11","    39180","JP3801470000","1273.0000","1363.0000","1273.0000","1358.0000","1356.0000","1377.0000","1333.0000","1376.0000","1273.0000","1377.0000","1273.0000","1376.0000"," ","0.0000","0.0000","129800","174112600","1341.3914"
"20201214","01","11","    39190","JP3780550004","1646.0000","1665.0000","1631.0000","1659.0000","1659.0000","1671.0000","1645.0000","1662.0000","1646.0000","1671.0000","1631.0000","1662.0000"," ","0.0000","0.0000","31600","52345200","1656.4937"
"20201214","01","11","    39200","JP3104940006","1190.0000","1207.0000","1170.0000","1204.0000","1196.0000","1203.0000","1190.0000","1203.0000","1190.0000","1207.0000","1170.0000","1203.0000"," ","0.0000","0.0000","28900","34530100","1194.8131"
"20201214","01","11","    39210","JP3758230001","2643.0000","2687.0000","2580.0000","2648.0000","2610.0000","2619.0000","2580.0000","2597.0000","2643.0000","2687.0000","2580.0000","2597.0000"," ","0.0000","0.0000","94000","246266400","2619.8553"
"20201214","01","11","    39220","JP3801050000","3260.0000","3295.0000","3180.0000","3220.0000","3220.0000","3285.0000","3200.0000","3270.0000","3260.0000","3295.0000","3180.0000","3270.0000"," ","0.0000","0.0000","112200","363269500","3237.6961"
"20201214","01","11","    39240","JP3968840003","1133.0000","1133.0000","1120.0000","1125.0000","1132.0000","1132.0000","1131.0000","1131.0000","1133.0000","1133.0000","1120.0000","1131.0000"," ","0.0000","0.0000","2400","2708300","1128.4583"
"20201214","01","11","    39250","JP3505980007","4200.0000","4240.0000","4185.0000","4235.0000","4220.0000","4220.0000","4165.0000","4175.0000","4200.0000","4240.0000","4165.0000","4175.0000"," ","0.0000","0.0000","35300","148358500","4202.7904"
"20201214","01","11","    39260","JP3173560008","1385.0000","1392.0000","1359.0000","1387.0000","1383.0000","1387.0000","1336.0000","1336.0000","1385.0000","1392.0000","1336.0000","1336.0000"," ","0.0000","0.0000","156500","213820100","1366.2626"
"20201214","01","11","    39280","JP3860330004","892.0000","895.0000","875.0000","890.0000","886.0000","893.0000","878.0000","884.0000","892.0000","895.0000","875.0000","884.0000"," ","0.0000","0.0000","156300","138435400","885.7031"
"20201214","01","11","    39320","JP3107000006","4450.0000","4475.0000","4420.0000","4455.0000","4455.0000","4470.0000","4430.0000","4430.0000","4450.0000","4475.0000","4420.0000","4430.0000"," ","0.0000","0.0000","53700","238931500","4449.3762"
"20201214","01","11","    39340","JP3835680004","1700.0000","1730.0000","1681.0000","1730.0000","1731.0000","1750.0000","1719.0000","1745.0000","1700.0000","1750.0000","1681.0000","1745.0000"," ","0.0000","0.0000","68100","117003600","1718.1145"
"20201214","01","11","    39370","JP3160910000","3305.0000","3305.0000","3220.0000","3275.0000","3255.0000","3300.0000","3240.0000","3270.0000","3305.0000","3305.0000","3220.0000","3270.0000"," ","0.0000","0.0000","88000","287333500","3265.1534"
"20201214","01","11","    39380","JP3966750006","5360.0000","5370.0000","5360.0000","5360.0000","5360.0000","5370.0000","5360.0000","5360.0000","5360.0000","5370.0000","5360.0000","5360.0000"," ","0.0000","0.0000","268300","1438343000","5360.9504"
"20201214","01","11","    39390","JP3215100003","770.0000","783.0000","766.0000","771.0000","770.0000","776.0000","768.0000","776.0000","770.0000","783.0000","766.0000","776.0000"," ","0.0000","0.0000","172500","133397400","773.3183"
"20201214","01","11","    39400","JP3762500001","365.0000","369.0000","363.0000","365.0000","365.0000","369.0000","363.0000","368.0000","365.0000","369.0000","363.0000","368.0000"," ","0.0000","0.0000","157800","57742000","365.9189"
"20201214","01","11","    39410","JP3981400009","827.0000","835.0000","825.0000","833.0000","832.0000","833.0000","828.0000","829.0000","827.0000","835.0000","825.0000","829.0000"," ","0.0000","0.0000","526800","437499700","830.4854"
"20201214","01","11","    39460","JP3554000004","1710.0000","1710.0000","1667.0000","1703.0000","1713.0000","1713.0000","1690.0000","1707.0000","1710.0000","1713.0000","1667.0000","1707.0000"," ","0.0000","0.0000","48600","81983500","1686.9033"
"20201214","01","11","    39500","JP3345900009","2988.0000","3025.0000","2974.0000","3015.0000","3015.0000","3020.0000","2964.0000","2982.0000","2988.0000","3025.0000","2964.0000","2982.0000"," ","0.0000","0.0000","38500","115195700","2992.0961"
"20201214","01","11","    39620","JP3507750002","7870.0000","8000.0000","7800.0000","7910.0000","7900.0000","7900.0000","7820.0000","7840.0000","7870.0000","8000.0000","7800.0000","7840.0000"," ","0.0000","0.0000","597100","4713505000","7893.9960"
"20201214","01","11","    39630","JP3372300008","309.0000","310.0000","306.0000","306.0000","306.0000","308.0000","305.0000","308.0000","309.0000","310.0000","305.0000","308.0000"," ","0.0000","0.0000","116500","35916000","308.2918"
"20201214","01","11","    39640","JP3172060000","1459.0000","1478.0000","1451.0000","1474.0000","1474.0000","1474.0000","1447.0000","1450.0000","1459.0000","1478.0000","1447.0000","1450.0000"," ","0.0000","0.0000","33400","48767200","1460.0958"
"20201214","01","11","    39680","JP3421350004","1383.0000","1410.0000","1363.0000","1400.0000","1392.0000","1395.0000","1382.0000","1391.0000","1383.0000","1410.0000","1363.0000","1391.0000"," ","0.0000","0.0000","62400","86669500","1388.9343"
"20201214","01","11","    39690","JP3160930008","2568.0000","2597.0000","2557.0000","2572.0000","2581.0000","2588.0000","2558.0000","2577.0000","2568.0000","2597.0000","2557.0000","2577.0000"," ","0.0000","0.0000","24600","63317300","2573.8740"
"20201214","01","11","    39750","JP3105330009","421.0000","427.0000","421.0000","427.0000","427.0000","429.0000","424.0000","425.0000","421.0000","429.0000","421.0000","425.0000"," ","0.0000","0.0000","58000","24662500","425.2155"
"20201214","01","11","    39780","JP3863030007","694.0000","713.0000","692.0000","712.0000","714.0000","715.0000","702.0000","703.0000","694.0000","715.0000","692.0000","703.0000"," ","0.0000","0.0000","126000","88921100","705.7230"
"20201214","01","11","    39810","JP3799710003","1885.0000","1926.0000","1871.0000","1900.0000","1900.0000","1900.0000","1866.0000","1883.0000","1885.0000","1926.0000","1866.0000","1883.0000"," ","0.0000","0.0000","168600","318945300","1891.7278"
"20201214","01","11","    39830","JP3201900002","4455.0000","4455.0000","4335.0000","4350.0000","4345.0000","4360.0000","4305.0000","4335.0000","4455.0000","4455.0000","4305.0000","4335.0000"," ","0.0000","0.0000","29800","130005000","4362.5839"
"20201214","01","11","    39840","JP3944410004","3840.0000","3880.0000","3810.0000","3850.0000","3850.0000","3860.0000","3815.0000","3855.0000","3840.0000","3880.0000","3810.0000","3855.0000"," ","0.0000","0.0000","36700","140895000","3839.1008"
"20201214","01","11","    39850","JP3545850004","1151.0000","1167.0000","1138.0000","1160.0000","1162.0000","1177.0000","1156.0000","1169.0000","1151.0000","1177.0000","1138.0000","1169.0000"," ","0.0000","0.0000","166800","193706800","1161.3118"
"20201214","01","11","    39920","JP3654100001","700.0000","702.0000","691.0000","695.0000","695.0000","701.0000","692.0000","694.0000","700.0000","702.0000","691.0000","694.0000"," ","0.0000","0.0000","64100","44652400","696.6053"
"20201214","01","11","    39960","JP3312170008","878.0000","889.0000","872.0000","884.0000","884.0000","929.0000","884.0000","916.0000","878.0000","929.0000","872.0000","916.0000"," ","0.0000","0.0000","119300","107070600","897.4904"
"20201214","01","11","    40040","JP3368000000","2289.0000","2292.0000","2245.0000","2248.0000","2259.0000","2259.0000","2237.0000","2250.0000","2289.0000","2292.0000","2237.0000","2250.0000"," ","0.0000","0.0000","1826300","4116133100","2253.8099"
"20201214","01","11","    40050","JP3401400001","409.0000","417.0000","409.0000","415.0000","415.0000","415.0000","410.0000","412.0000","409.0000","417.0000","409.0000","412.0000"," ","0.0000","0.0000","7546200","3115051500","412.7974"
"20201214","01","11","    40080","JP3405600002","4015.0000","4080.0000","3965.0000","4005.0000","4005.0000","4005.0000","3925.0000","3950.0000","4015.0000","4080.0000","3925.0000","3950.0000"," ","0.0000","0.0000","16400","65612500","4000.7622"
"20201214","01","11","    40210","JP3670800006","6230.0000","6280.0000","6180.0000","6210.0000","6190.0000","6200.0000","6120.0000","6150.0000","6230.0000","6280.0000","6120.0000","6150.0000"," ","0.0000","0.0000","319200","1969479000","6170.0470"
"20201214","01","11","    40220","JP3967400007","2279.0000","2318.0000","2244.0000","2312.0000","2312.0000","2312.0000","2280.0000","2309.0000","2279.0000","2318.0000","2244.0000","2309.0000"," ","0.0000","0.0000","59500","136516000","2294.3866"
"20201214","01","11","    40230","JP3271600003","6310.0000","6620.0000","6250.0000","6560.0000","6590.0000","6670.0000","6580.0000","6630.0000","6310.0000","6670.0000","6250.0000","6630.0000"," ","0.0000","0.0000","186000","1221127000","6565.1989"
"20201214","01","11","    40250","JP3461000006","6690.0000","6740.0000","6690.0000","6690.0000","6690.0000","6690.0000","6620.0000","6620.0000","6690.0000","6740.0000","6620.0000","6620.0000"," ","0.0000","0.0000","12500","83228000","6658.2400"
"20201214","01","11","    40270","JP3539300008","1627.0000","1631.0000","1619.0000","1627.0000","1627.0000","1629.0000","1607.0000","1614.0000","1627.0000","1631.0000","1607.0000","1614.0000"," ","0.0000","0.0000","18300","29657500","1620.6284"
"20201214","01","11","    40280","JP3136800004","631.0000","645.0000","630.0000","644.0000","643.0000","644.0000","637.0000","638.0000","631.0000","645.0000","630.0000","638.0000"," ","0.0000","0.0000","225900","144821700","641.0876"
"20201214","01","11","    40310","JP3211800002","1230.0000","1230.0000","1218.0000","1230.0000","1230.0000","1230.0000","1223.0000","1228.0000","1230.0000","1230.0000","1218.0000","1228.0000"," ","0.0000","0.0000","5800","7107300","1225.3966"
"20201214","01","11","    40410","JP3726200003","2888.0000","2949.0000","2885.0000","2943.0000","2955.0000","2955.0000","2900.0000","2906.0000","2888.0000","2955.0000","2885.0000","2906.0000"," ","0.0000","0.0000","65000","189777900","2919.6600"
"20201214","01","11","    40420","JP3595200001","1760.0000","1782.0000","1760.0000","1774.0000","1770.0000","1771.0000","1749.0000","1755.0000","1760.0000","1782.0000","1749.0000","1755.0000"," ","0.0000","0.0000","774300","1364322800","1762.0080"
"20201214","01","11","    40430","JP3625000009","2355.0000","2383.0000","2351.0000","2368.0000","2367.0000","2367.0000","2341.0000","2344.0000","2355.0000","2383.0000","2341.0000","2344.0000"," ","0.0000","0.0000","355000","837502100","2359.1608"
"20201214","01","11","    40440","JP3425000001","2271.0000","2340.0000","2271.0000","2330.0000","2330.0000","2330.0000","2304.0000","2312.0000","2271.0000","2340.0000","2271.0000","2312.0000"," ","0.0000","0.0000","81000","187483000","2314.6049"
"20201214","01","11","    40450","JP3556400004","1292.0000","1308.0000","1283.0000","1308.0000","1309.0000","1309.0000","1290.0000","1290.0000","1292.0000","1309.0000","1283.0000","1290.0000"," ","0.0000","0.0000","352600","456856100","1295.6781"
"20201214","01","11","    40460","JP3485900009","2650.0000","2672.0000","2640.0000","2665.0000","2674.0000","2674.0000","2633.0000","2638.0000","2650.0000","2674.0000","2633.0000","2638.0000"," ","0.0000","0.0000","29500","78072400","2646.5220"
"20201214","01","11","    40470","JP3232600001","796.0000","803.0000","787.0000","798.0000","799.0000","805.0000","797.0000","800.0000","796.0000","805.0000","787.0000","800.0000"," ","0.0000","0.0000","1468100","1170891800","797.5559"
"20201214","01","11","    40610","JP3549600009","3830.0000","3860.0000","3810.0000","3840.0000","3840.0000","3840.0000","3805.0000","3825.0000","3830.0000","3860.0000","3805.0000","3825.0000"," ","0.0000","0.0000","357800","1370378000","3830.0112"
"20201214","01","11","    40620","JP3148800000","5020.0000","5090.0000","4975.0000","5000.0000","5000.0000","5000.0000","4935.0000","4995.0000","5020.0000","5090.0000","4935.0000","4995.0000"," ","0.0000","0.0000","839400","4192890500","4995.1042"
"20201214","01","11","    40630","JP3371200001","17160.0000","17340.0000","17120.0000","17200.0000","17170.0000","17190.0000","17030.0000","17030.0000","17160.0000","17340.0000","17030.0000","17030.0000"," ","0.0000","0.0000","822800","14095282000","17130.8726"
"20201214","01","11","    40640","JP3690000009","1288.0000","1324.0000","1288.0000","1319.0000","1323.0000","1327.0000","1305.0000","1312.0000","1288.0000","1327.0000","1288.0000","1312.0000"," ","0.0000","0.0000","54700","71787800","1312.3912"
"20201214","01","11","    40780","JP3312800000","2033.0000","2045.0000","2018.0000","2033.0000","2033.0000","2033.0000","2007.0000","2019.0000","2033.0000","2045.0000","2007.0000","2019.0000"," ","0.0000","0.0000","24100","48797400","2024.7884"
"20201214","01","11","    40820","JP3474350000","803.0000","814.0000","797.0000","800.0000","802.0000","810.0000","797.0000","804.0000","803.0000","814.0000","797.0000","804.0000"," ","0.0000","0.0000","116300","93413700","803.2132"
"20201214","01","11","    40880","JP3160670000","1842.0000","1881.0000","1838.0000","1874.0000","1880.0000","1880.0000","1854.0000","1861.0000","1842.0000","1881.0000","1838.0000","1861.0000"," ","0.0000","0.0000","1057900","1972041200","1864.1093"
"20201214","01","11","    40910","JP3711600001","1888.0000","1978.0000","1874.0000","1969.0000","1965.0000","1980.0000","1934.0000","1954.0000","1888.0000","1980.0000","1874.0000","1954.0000"," ","0.0000","0.0000","2385700","4642066900","1945.7882"
"20201214","01","11","    40920","JP3691600005","2560.0000","2576.0000","2554.0000","2567.0000","2567.0000","2575.0000","2554.0000","2558.0000","2560.0000","2576.0000","2554.0000","2558.0000"," ","0.0000","0.0000","32800","84140600","2565.2622"
"20201214","01","11","    40930","JP3599400003","1600.0000","1948.0000","1595.0000","1948.0000","1948.0000","1948.0000","1942.0000","1948.0000","1600.0000","1948.0000","1595.0000","1948.0000"," ","0.0000","0.0000","242800","455590000","1876.4003"
"20201214","01","11","    40950","JP3744600002","1103.0000","1113.0000","1095.0000","1110.0000","1110.0000","1110.0000","1092.0000","1097.0000","1103.0000","1113.0000","1092.0000","1097.0000"," ","0.0000","0.0000","103200","113464500","1099.4622"
"20201214","01","11","    40970","JP3285800003","840.0000","859.0000","840.0000","843.0000","846.0000","846.0000","817.0000","826.0000","840.0000","859.0000","817.0000","826.0000"," ","0.0000","0.0000","197700","166009000","839.7016"
"20201214","01","11","    40980","JP3509000000","2354.0000","2440.0000","2354.0000","2372.0000","2372.0000","2372.0000","2320.0000","2363.0000","2354.0000","2440.0000","2320.0000","2363.0000"," ","0.0000","0.0000","52300","124017400","2371.2696"
"20201214","01","11","    40990","JP3349600001","1204.0000","1228.0000","1204.0000","1222.0000","1213.0000","1217.0000","1198.0000","1200.0000","1204.0000","1228.0000","1198.0000","1200.0000"," ","0.0000","0.0000","31700","38296400","1208.0883"
"20201214","01","11","    41000","JP3627400009","2503.0000","2639.0000","2483.0000","2604.0000","2610.0000","2669.0000","2568.0000","2607.0000","2503.0000","2669.0000","2483.0000","2607.0000"," ","0.0000","0.0000","149000","384720700","2582.0181"
"20201214","01","11","    41090","JP3399720006","3400.0000","3445.0000","3400.0000","3425.0000","3440.0000","3440.0000","3415.0000","3425.0000","3400.0000","3445.0000","3400.0000","3425.0000"," ","0.0000","0.0000","35100","120087500","3421.2963"
"20201214","01","11","    41120","JP3852600000","4510.0000","4580.0000","4510.0000","4560.0000","4545.0000","4570.0000","4530.0000","4530.0000","4510.0000","4580.0000","4510.0000","4530.0000"," ","0.0000","0.0000","29000","131994000","4551.5172"
"20201214","01","11","    41140","JP3715200006","5500.0000","5570.0000","5480.0000","5560.0000","5560.0000","5570.0000","5540.0000","5540.0000","5500.0000","5570.0000","5480.0000","5540.0000"," ","0.0000","0.0000","94900","525868000","5541.2856"
"20201214","01","11","    41160","JP3492200005","2400.0000","2400.0000","2387.0000","2400.0000","2400.0000","2400.0000","2361.0000","2372.0000","2400.0000","2400.0000","2361.0000","2372.0000"," ","0.0000","0.0000","44100","105340000","2388.6621"
"20201214","01","11","    41180","JP3215800008","3480.0000","3520.0000","3480.0000","3515.0000","3500.0000","3520.0000","3450.0000","3455.0000","3480.0000","3520.0000","3450.0000","3455.0000"," ","0.0000","0.0000","205800","717203000","3484.9514"
"20201214","01","11","    41510","JP3256000005","2827.0000","2845.0000","2812.0000","2844.0000","2836.0000","2838.0000","2789.0000","2792.0000","2827.0000","2845.0000","2789.0000","2792.0000"," ","0.0000","0.0000","842000","2367112500","2811.2975"
"20201214","01","11","    41820","JP3896800004","2309.0000","2322.0000","2295.0000","2310.0000","2307.0000","2311.0000","2299.0000","2304.0000","2309.0000","2322.0000","2295.0000","2304.0000"," ","0.0000","0.0000","563200","1298945100","2306.3656"
"20201214","01","11","    41830","JP3888300005","2865.0000","2914.0000","2865.0000","2888.0000","2888.0000","2889.0000","2865.0000","2875.0000","2865.0000","2914.0000","2865.0000","2875.0000"," ","0.0000","0.0000","806100","2325994600","2885.4914"
"20201214","01","11","    41850","JP3385980002","2820.0000","2833.0000","2806.0000","2824.0000","2825.0000","2825.0000","2784.0000","2793.0000","2820.0000","2833.0000","2784.0000","2793.0000"," ","0.0000","0.0000","1241400","3482055400","2804.9423"
"20201214","01","11","    41860","JP3571800006","7010.0000","7080.0000","6990.0000","7040.0000","7040.0000","7040.0000","6950.0000","6960.0000","7010.0000","7080.0000","6950.0000","6960.0000"," ","0.0000","0.0000","122200","856646000","7010.1964"
"20201214","01","11","    41870","JP3187000009","3035.0000","3035.0000","2995.0000","3005.0000","3000.0000","3010.0000","2952.0000","2952.0000","3035.0000","3035.0000","2952.0000","2952.0000"," ","0.0000","0.0000","112500","335951400","2986.2347"
"20201214","01","11","    41880","JP3897700005","650.0000","664.8000","649.1000","658.4000","658.7000","658.7000","650.4000","653.9000","650.0000","664.8000","649.1000","653.9000"," ","0.0000","0.0000","7287400","4779030490","655.7936"
"20201214","01","11","    41890","JP3277040006","2786.0000","2856.0000","2772.0000","2837.0000","2831.0000","2831.0000","2791.0000","2806.0000","2786.0000","2856.0000","2772.0000","2806.0000"," ","0.0000","0.0000","96200","271117900","2818.2734"
"20201214","01","11","    42020","JP3485800001","719.0000","728.0000","718.0000","727.0000","726.0000","726.0000","721.0000","722.0000","719.0000","728.0000","718.0000","722.0000"," ","0.0000","0.0000","1164900","842934100","723.6107"
"20201214","01","11","    42030","JP3409400003","3545.0000","3625.0000","3545.0000","3620.0000","3620.0000","3620.0000","3595.0000","3605.0000","3545.0000","3625.0000","3545.0000","3605.0000"," ","0.0000","0.0000","86700","312106500","3599.8443"
"20201214","01","11","    42040","JP3419400001","1910.0000","1948.0000","1910.0000","1944.0000","1939.0000","1941.0000","1928.0000","1931.0000","1910.0000","1948.0000","1910.0000","1931.0000"," ","0.0000","0.0000","775500","1497982400","1931.6343"
"20201214","01","11","    42050","JP3725400000","1387.0000","1414.0000","1387.0000","1409.0000","1412.0000","1416.0000","1405.0000","1412.0000","1387.0000","1416.0000","1387.0000","1412.0000"," ","0.0000","0.0000","609200","858165300","1408.6758"
"20201214","01","11","    42060","JP3100800006","3705.0000","3720.0000","3660.0000","3720.0000","3710.0000","3710.0000","3630.0000","3635.0000","3705.0000","3720.0000","3630.0000","3635.0000"," ","0.0000","0.0000","99600","364861000","3663.2631"
"20201214","01","11","    42080","JP3158800007","1895.0000","1922.0000","1891.0000","1918.0000","1916.0000","1916.0000","1905.0000","1910.0000","1895.0000","1922.0000","1891.0000","1910.0000"," ","0.0000","0.0000","397000","758792200","1911.3154"
"20201214","01","11","    42120","JP3420200002","2160.0000","2226.0000","2152.0000","2224.0000","2232.0000","2245.0000","2205.0000","2219.0000","2160.0000","2245.0000","2152.0000","2219.0000"," ","0.0000","0.0000","74000","163279500","2206.4797"
"20201214","01","11","    42150","JP3462200001","699.0000","706.0000","698.0000","703.0000","705.0000","705.0000","698.0000","701.0000","699.0000","706.0000","698.0000","701.0000"," ","0.0000","0.0000","122800","86266500","702.4959"
"20201214","01","11","    42160","JP3117200000","1575.0000","1578.0000","1568.0000","1575.0000","1568.0000","1568.0000","1549.0000","1551.0000","1575.0000","1578.0000","1549.0000","1551.0000"," ","0.0000","0.0000","18700","29216000","1562.3529"
"20201214","01","11","    42180","JP3662400005","1645.0000","1660.0000","1645.0000","1653.0000","1657.0000","1658.0000","1645.0000","1648.0000","1645.0000","1660.0000","1645.0000","1648.0000"," ","0.0000","0.0000","16600","27385800","1649.7470"
"20201214","01","11","    42200","JP3973000007","452.0000","464.0000","452.0000","462.0000","460.0000","462.0000","458.0000","461.0000","452.0000","464.0000","452.0000","461.0000"," ","0.0000","0.0000","47800","22007000","460.3975"
"20201214","01","11","    42210","JP3178400002","1840.0000","1884.0000","1840.0000","1870.0000","1870.0000","1871.0000","1859.0000","1867.0000","1840.0000","1884.0000","1840.0000","1867.0000"," ","0.0000","0.0000","47000","86973800","1850.5064"
"20201214","01","11","    42280","JP3419800002","534.0000","539.0000","534.0000","538.0000","538.0000","541.0000","536.0000","538.0000","534.0000","541.0000","534.0000","538.0000"," ","0.0000","0.0000","114100","61338000","537.5811"
"20201214","01","11","    42290","JP3274800006","2447.0000","2447.0000","2427.0000","2440.0000","2428.0000","2436.0000","2428.0000","2436.0000","2447.0000","2447.0000","2427.0000","2436.0000"," ","0.0000","0.0000","4500","10959200","2435.3778"
"20201214","01","11","    42310","JP3440800005","420.0000","420.0000","410.0000","416.0000","413.0000","415.0000","412.0000","415.0000","420.0000","420.0000","410.0000","415.0000"," ","0.0000","0.0000","54900","22812300","415.5246"
"20201214","01","11","    42380","JP3910570005","1193.0000","1203.0000","1190.0000","1196.0000","1196.0000","1203.0000","1195.0000","1203.0000","1193.0000","1203.0000","1190.0000","1203.0000"," ","0.0000","0.0000","23000","27558600","1198.2000"
"20201214","01","11","    42450","JP3480590003","1159.0000","1195.0000","1142.0000","1191.0000","1194.0000","1194.0000","1161.0000","1165.0000","1159.0000","1195.0000","1142.0000","1165.0000"," ","0.0000","0.0000","235900","275380800","1167.3624"
"20201214","01","11","    42460","JP3481300006","809.0000","845.0000","809.0000","843.0000","848.0000","848.0000","831.0000","831.0000","809.0000","848.0000","809.0000","831.0000"," ","0.0000","0.0000","163100","135795100","832.5880"
"20201214","01","11","    42480","JP3463300008","1018.0000","1032.0000","1015.0000","1029.0000","1028.0000","1028.0000","1016.0000","1019.0000","1018.0000","1032.0000","1015.0000","1019.0000"," ","0.0000","0.0000","64400","65836200","1022.3012"
"20201214","01","11","    42490","JP3927450001","2178.0000","2260.0000","2178.0000","2246.0000","2246.0000","2299.0000","2240.0000","2299.0000","2178.0000","2299.0000","2178.0000","2299.0000"," ","0.0000","0.0000","24000","54593100","2274.7125"
"20201214","01","11","    42720","JP3694400007","964.0000","974.0000","960.0000","972.0000","973.0000","973.0000","964.0000","969.0000","964.0000","974.0000","960.0000","969.0000"," ","0.0000","0.0000","479800","464922200","968.9917"
"20201214","01","11","    42750","JP3205320009","700.0000","736.0000","696.0000","718.0000","725.0000","731.0000","712.0000","719.0000","700.0000","736.0000","696.0000","719.0000"," ","0.0000","0.0000","225300","161961300","718.8695"
"20201214","01","11","    42820","JP3130770005","1018.0000","1035.0000","1009.0000","1031.0000","1029.0000","1029.0000","1016.0000","1019.0000","1018.0000","1035.0000","1009.0000","1019.0000"," ","0.0000","0.0000","90900","92879100","1021.7723"
"20201214","01","11","    42840","JP3436400000","1005.0000","1023.0000","997.0000","1020.0000","1019.0000","1019.0000","1009.0000","1012.0000","1005.0000","1023.0000","997.0000","1012.0000"," ","0.0000","0.0000","50300","50855900","1011.0517"
"20201214","01","11","    42860","JP3980300002","1900.0000","1944.0000","1861.0000","1922.0000","1926.0000","1926.0000","1887.0000","1910.0000","1900.0000","1944.0000","1861.0000","1910.0000"," ","0.0000","0.0000","106200","202423400","1906.0584"
"20201214","01","11","    42900","JP3833620002","941.0000","949.0000","936.0000","948.0000","942.0000","944.0000","929.0000","933.0000","941.0000","949.0000","929.0000","933.0000"," ","0.0000","0.0000","176600","165382100","936.4785"
"20201214","01","11","    42950","JP3802690002","779.0000","788.0000","777.0000","788.0000","788.0000","790.0000","782.0000","790.0000","779.0000","790.0000","777.0000","790.0000"," ","0.0000","0.0000","22400","17585800","785.0804"
"20201214","01","11","    42980","JP3833740008","1043.0000","1046.0000","1032.0000","1045.0000","1039.0000","1040.0000","1023.0000","1023.0000","1043.0000","1046.0000","1023.0000","1023.0000"," ","0.0000","0.0000","43100","44452500","1031.3805"
"20201214","01","11","    42990","JP3765250000","1150.0000","1163.0000","1138.0000","1144.0000","1144.0000","1144.0000","1129.0000","1129.0000","1150.0000","1163.0000","1129.0000","1129.0000"," ","0.0000","0.0000","22900","26152500","1142.0306"
"20201214","01","11","    43010","JP3124500004","2591.0000","2604.0000","2584.0000","2600.0000","2594.0000","2594.0000","2569.0000","2573.0000","2591.0000","2604.0000","2569.0000","2573.0000"," ","0.0000","0.0000","17500","45274000","2587.0857"
"20201214","01","11","    43070","JP3762800005","3440.0000","3475.0000","3425.0000","3455.0000","3440.0000","3445.0000","3390.0000","3400.0000","3440.0000","3475.0000","3390.0000","3400.0000"," ","0.0000","0.0000","639400","2188982500","3423.4947"
"20201214","01","11","    43100","JP3639420003","1415.0000","1444.0000","1415.0000","1439.0000","1439.0000","1439.0000","1420.0000","1420.0000","1415.0000","1444.0000","1415.0000","1420.0000"," ","0.0000","0.0000","8400","11957000","1423.4524"
"20201214","01","11","    43120","JP3311570000","1030.0000","1038.0000","1023.0000","1030.0000","1029.0000","1029.0000","1015.0000","1022.0000","1030.0000","1038.0000","1015.0000","1022.0000"," ","0.0000","0.0000","351600","361237900","1027.4115"
"20201214","01","11","    43180","JP3266000003","1161.0000","1161.0000","1143.0000","1146.0000","1140.0000","1140.0000","1128.0000","1135.0000","1161.0000","1161.0000","1128.0000","1135.0000"," ","0.0000","0.0000","33500","38196000","1140.1791"
"20201214","01","11","    43190","JP3467200006","236.0000","240.0000","233.0000","234.0000","234.0000","234.0000","232.0000","233.0000","236.0000","240.0000","232.0000","233.0000"," ","0.0000","0.0000","68900","16173200","234.7344"
"20201214","01","11","    43200","JP3346350006","572.0000","574.0000","566.0000","568.0000","570.0000","571.0000","559.0000","562.0000","572.0000","574.0000","559.0000","562.0000"," ","0.0000","0.0000","44700","25314400","566.3177"
"20201214","01","11","    43210","JP3281630008","749.0000","750.0000","749.0000","750.0000","750.0000","750.0000","749.0000","749.0000","749.0000","750.0000","749.0000","749.0000"," ","0.0000","0.0000","1255300","940608600","749.3098"
"20201214","01","11","    43230","JP3712550007","1545.0000","1567.0000","1525.0000","1563.0000","1556.0000","1563.0000","1545.0000","1548.0000","1545.0000","1567.0000","1525.0000","1548.0000"," ","0.0000","0.0000","28900","44753700","1548.5709"
"20201214","01","11","    43240","JP3551520004","3260.0000","3360.0000","3260.0000","3350.0000","3360.0000","3360.0000","3315.0000","3335.0000","3260.0000","3360.0000","3260.0000","3335.0000"," ","0.0000","0.0000","736700","2451693000","3327.9395"
"20201214","01","11","    43260","JP3152790006","1070.0000","1083.0000","1061.0000","1079.0000","1079.0000","1088.0000","1078.0000","1087.0000","1070.0000","1088.0000","1061.0000","1087.0000"," ","0.0000","0.0000","256600","276636000","1078.0826"
"20201214","01","11","    43310","JP3539350003","565.0000","574.0000","558.0000","570.0000","569.0000","570.0000","564.0000","565.0000","565.0000","574.0000","558.0000","565.0000"," ","0.0000","0.0000","92200","52188800","566.0390"
"20201214","01","11","    43330","JP3601600004","927.0000","927.0000","915.0000","915.0000","926.0000","926.0000","920.0000","920.0000","927.0000","927.0000","915.0000","920.0000"," ","0.0000","0.0000","3200","2947300","921.0313"
"20201214","01","11","    43370","JP3801570007","2877.0000","2925.0000","2877.0000","2917.0000","2918.0000","2918.0000","2891.0000","2902.0000","2877.0000","2925.0000","2877.0000","2902.0000"," ","0.0000","0.0000","17700","51377700","2902.6949"
"20201214","01","11","    43430","JP3131420006","2348.0000","2412.0000","2348.0000","2408.0000","2390.0000","2409.0000","2373.0000","2375.0000","2348.0000","2412.0000","2348.0000","2375.0000"," ","0.0000","0.0000","57700","138066900","2392.8406"
"20201214","01","11","    43440","JP3431200009","302.0000","307.0000","302.0000","305.0000","304.0000","306.0000","303.0000","305.0000","302.0000","307.0000","302.0000","305.0000"," ","0.0000","0.0000","604100","183836500","304.3147"
"20201214","01","11","    43450","JP3346970001","1030.0000","1038.0000","990.0000","1009.0000","1006.0000","1013.0000","999.0000","1004.0000","1030.0000","1038.0000","990.0000","1004.0000"," ","0.0000","0.0000","176500","177891900","1007.8861"
"20201214","01","11","    43460","JP3758020006","863.0000","894.0000","862.0000","893.0000","894.0000","894.0000","885.0000","885.0000","863.0000","894.0000","862.0000","885.0000"," ","0.0000","0.0000","51300","45425900","885.4951"
"20201214","01","11","    43480","JP3153450006","3385.0000","3445.0000","3365.0000","3415.0000","3405.0000","3420.0000","3380.0000","3380.0000","3385.0000","3445.0000","3365.0000","3380.0000"," ","0.0000","0.0000","135300","459920500","3399.2646"
"20201214","01","11","    43500","JP3920940008","629.0000","654.0000","619.0000","653.0000","652.0000","665.0000","652.0000","665.0000","629.0000","665.0000","619.0000","665.0000"," ","0.0000","0.0000","180600","117588000","651.0963"
"20201214","01","11","    43620","JP3720000003","1484.0000","1486.0000","1478.0000","1484.0000","1484.0000","1484.0000","1466.0000","1473.0000","1484.0000","1486.0000","1466.0000","1473.0000"," ","0.0000","0.0000","19900","29426500","1478.7186"
"20201214","01","11","    43680","JP3822600007","3810.0000","3865.0000","3805.0000","3835.0000","3820.0000","3850.0000","3805.0000","3810.0000","3810.0000","3865.0000","3805.0000","3810.0000"," ","0.0000","0.0000","60700","232625000","3832.3723"
"20201214","01","11","    43690","JP3636000006","13810.0000","14080.0000","13770.0000","13770.0000","13770.0000","13770.0000","13630.0000","13630.0000","13810.0000","14080.0000","13630.0000","13630.0000"," ","0.0000","0.0000","48000","660500000","13760.4167"
"20201214","01","11","    43820","JP3783070000","2935.0000","2962.0000","2901.0000","2961.0000","2950.0000","2954.0000","2904.0000","2911.0000","2935.0000","2962.0000","2901.0000","2911.0000"," ","0.0000","0.0000","93300","272681900","2922.6356"
"20201214","01","11","    43840","JP3967180005","4805.0000","4945.0000","4640.0000","4715.0000","4750.0000","4790.0000","4705.0000","4785.0000","4805.0000","4945.0000","4640.0000","4785.0000"," ","0.0000","0.0000","222900","1065454000","4779.9641"
"20201214","01","11","    43920","JP3166650006","285.0000","289.0000","285.0000","287.0000","286.0000","287.0000","281.0000","281.0000","285.0000","289.0000","281.0000","281.0000"," ","0.0000","0.0000","126400","36038800","285.1171"
"20201214","01","11","    43960","JP3350960005","1615.0000","1674.0000","1615.0000","1668.0000","1674.0000","1674.0000","1646.0000","1646.0000","1615.0000","1674.0000","1615.0000","1646.0000"," ","0.0000","0.0000","152300","252065700","1655.0604"
"20201214","01","11","    44010","JP3114800000","1839.0000","1864.0000","1827.0000","1847.0000","1847.0000","1849.0000","1837.0000","1843.0000","1839.0000","1864.0000","1827.0000","1843.0000"," ","0.0000","0.0000","349400","644525800","1844.6646"
"20201214","01","11","    44030","JP3753400005","4975.0000","5060.0000","4950.0000","5060.0000","5050.0000","5060.0000","5010.0000","5010.0000","4975.0000","5060.0000","4950.0000","5010.0000"," ","0.0000","0.0000","192900","966381000","5009.7512"
"20201214","01","11","    44040","JP3910400005","1292.0000","1298.0000","1283.0000","1298.0000","1298.0000","1298.0000","1284.0000","1285.0000","1292.0000","1298.0000","1283.0000","1285.0000"," ","0.0000","0.0000","33600","43342600","1289.9583"
"20201214","01","11","    44060","JP3382600009","311.0000","317.0000","286.0000","314.0000","317.0000","344.0000","311.0000","334.0000","311.0000","344.0000","286.0000","334.0000"," ","0.0000","0.0000","56601800","17835355600","315.1023"
"20201214","01","11","    44100","JP3772600007","1111.0000","1138.0000","1111.0000","1117.0000","1125.0000","1144.0000","1117.0000","1139.0000","1111.0000","1144.0000","1111.0000","1139.0000"," ","0.0000","0.0000","28800","32492900","1128.2257"
"20201214","01","11","    44200","JP3130650009","1283.0000","1305.0000","1281.0000","1304.0000","1305.0000","1332.0000","1304.0000","1331.0000","1283.0000","1332.0000","1281.0000","1331.0000"," ","0.0000","0.0000","74600","98126200","1315.3646"
"20201214","01","11","    44230","JP3126240005","1540.0000","1565.0000","1540.0000","1565.0000","1563.0000","1563.0000","1541.0000","1545.0000","1540.0000","1565.0000","1540.0000","1545.0000"," ","0.0000","0.0000","105000","162863600","1551.0819"
"20201214","01","11","    44270","JP3164480000","7150.0000","7220.0000","7030.0000","7110.0000","7120.0000","7120.0000","7030.0000","7040.0000","7150.0000","7220.0000","7030.0000","7040.0000"," ","0.0000","0.0000","40300","286203000","7101.8114"
"20201214","01","11","    44300","JP3564800005","1117.0000","1133.0000","1111.0000","1124.0000","1126.0000","1126.0000","1105.0000","1112.0000","1117.0000","1133.0000","1105.0000","1112.0000"," ","0.0000","0.0000","47900","53593300","1118.8580"
"20201214","01","11","    44330","JP3791990009","1470.0000","1476.0000","1451.0000","1458.0000","1467.0000","1467.0000","1444.0000","1449.0000","1470.0000","1476.0000","1444.0000","1449.0000"," ","0.0000","0.0000","44200","64418800","1457.4389"
"20201214","01","11","    44390","JP3606150005","1201.0000","1220.0000","1201.0000","1220.0000","1206.0000","1215.0000","1196.0000","1196.0000","1201.0000","1220.0000","1196.0000","1196.0000"," ","0.0000","0.0000","15100","18256100","1209.0132"
"20201214","01","11","    44400","JP3159930001","2588.0000","2666.0000","2561.0000","2650.0000","2650.0000","2674.0000","2620.0000","2647.0000","2588.0000","2674.0000","2561.0000","2647.0000"," ","0.0000","0.0000","51500","135618400","2633.3670"
"20201214","01","11","    44410","JP3630000002","1531.0000","1542.0000","1480.0000","1488.0000","1488.0000","1488.0000","1465.0000","1478.0000","1531.0000","1542.0000","1465.0000","1478.0000"," ","0.0000","0.0000","456000","678434300","1487.7945"
"20201214","01","11","    44460","JP3977060007","1575.0000","1606.0000","1539.0000","1583.0000","1583.0000","1601.0000","1573.0000","1590.0000","1575.0000","1606.0000","1539.0000","1590.0000"," ","0.0000","0.0000","308200","486728800","1579.2628"
"20201214","01","11","    44520","JP3205800000","7750.0000","7831.0000","7748.0000","7824.0000","7832.0000","7840.0000","7791.0000","7791.0000","7750.0000","7840.0000","7748.0000","7791.0000"," ","0.0000","0.0000","1005200","7841646900","7801.0813"
"20201214","01","11","    44610","JP3475000000","4440.0000","4520.0000","4420.0000","4505.0000","4475.0000","4485.0000","4410.0000","4420.0000","4440.0000","4520.0000","4410.0000","4420.0000"," ","0.0000","0.0000","20700","92091500","4448.8647"
"20201214","01","11","    44620","JP3136900002","2215.0000","2270.0000","2215.0000","2248.0000","2248.0000","2263.0000","2222.0000","2222.0000","2215.0000","2270.0000","2215.0000","2222.0000"," ","0.0000","0.0000","11200","25076200","2238.9464"
"20201214","01","11","    44630","JP3666700004","944.0000","956.0000","944.0000","956.0000","956.0000","969.0000","952.0000","960.0000","944.0000","969.0000","944.0000","960.0000"," ","0.0000","0.0000","16700","15892100","951.6228"
"20201214","01","11","    44650","JP3657250001","3065.0000","3140.0000","3065.0000","3105.0000","3110.0000","3155.0000","3110.0000","3145.0000","3065.0000","3155.0000","3065.0000","3145.0000"," ","0.0000","0.0000","52200","163158000","3125.6322"
"20201214","01","11","    44710","JP3337600005","4750.0000","4900.0000","4750.0000","4875.0000","4890.0000","4905.0000","4870.0000","4875.0000","4750.0000","4905.0000","4750.0000","4875.0000"," ","0.0000","0.0000","161800","787498000","4867.1075"
"20201214","01","11","    45020","JP3463000004","3900.0000","3905.0000","3879.0000","3886.0000","3881.0000","3890.0000","3871.0000","3885.0000","3900.0000","3905.0000","3871.0000","3885.0000"," ","0.0000","0.0000","3455300","13431490700","3887.2140"
"20201214","01","11","    45030","JP3942400007","1525.5000","1541.5000","1515.5000","1541.5000","1539.5000","1539.5000","1531.5000","1533.0000","1525.5000","1541.5000","1515.5000","1533.0000"," ","0.0000","0.0000","5423000","8307936150","1531.9816"
"20201214","01","11","    45060","JP3495000006","1362.0000","1405.0000","1362.0000","1405.0000","1400.0000","1405.0000","1394.0000","1400.0000","1362.0000","1405.0000","1362.0000","1400.0000"," ","0.0000","0.0000","996700","1390907500","1395.5127"
"20201214","01","11","    45070","JP3347200002","5560.0000","5604.0000","5554.0000","5570.0000","5560.0000","5576.0000","5549.0000","5550.0000","5560.0000","5604.0000","5549.0000","5550.0000"," ","0.0000","0.0000","980600","5454192700","5562.0974"
"20201214","01","11","    45120","JP3991200001","259.0000","264.0000","259.0000","263.0000","263.0000","263.0000","261.0000","263.0000","259.0000","264.0000","259.0000","263.0000"," ","0.0000","0.0000","15000","3936600","262.4400"
"20201214","01","11","    45140","JP3541200006","1782.0000","1817.0000","1782.0000","1813.0000","1816.0000","1816.0000","1783.0000","1785.0000","1782.0000","1817.0000","1782.0000","1785.0000"," ","0.0000","0.0000","156300","281260200","1799.4894"
"20201214","01","11","    45160","JP3717600005","7280.0000","7400.0000","7270.0000","7370.0000","7340.0000","7340.0000","7250.0000","7270.0000","7280.0000","7400.0000","7250.0000","7270.0000"," ","0.0000","0.0000","176100","1287286000","7309.9716"
"20201214","01","11","    45170","JP3799800002","2489.0000","2489.0000","2481.0000","2488.0000","2484.0000","2488.0000","2483.0000","2488.0000","2489.0000","2489.0000","2481.0000","2488.0000"," ","0.0000","0.0000","4000","9946000","2486.5000"
"20201214","01","11","    45190","JP3519400000","5079.0000","5110.0000","5069.0000","5090.0000","5084.0000","5095.0000","5055.0000","5070.0000","5079.0000","5110.0000","5055.0000","5070.0000"," ","0.0000","0.0000","1069800","5429980800","5075.6971"
"20201214","01","11","    45210","JP3207000005","3940.0000","3980.0000","3910.0000","3960.0000","3950.0000","3960.0000","3935.0000","3945.0000","3940.0000","3980.0000","3910.0000","3945.0000"," ","0.0000","0.0000","124800","493056000","3950.7692"
"20201214","01","11","    45230","JP3160400002","7568.0000","7660.0000","7567.0000","7643.0000","7623.0000","7650.0000","7611.0000","7650.0000","7568.0000","7660.0000","7567.0000","7650.0000"," ","0.0000","0.0000","705400","5382708700","7630.7183"
"20201214","01","11","    45260","JP3972600005","1415.0000","1428.0000","1406.0000","1417.0000","1407.0000","1410.0000","1399.0000","1400.0000","1415.0000","1428.0000","1399.0000","1400.0000"," ","0.0000","0.0000","103200","145659900","1411.4331"
"20201214","01","11","    45270","JP3982400008","3200.0000","3235.0000","3190.0000","3225.0000","3215.0000","3220.0000","3170.0000","3175.0000","3200.0000","3235.0000","3170.0000","3175.0000"," ","0.0000","0.0000","294600","942148500","3198.0601"
"20201214","01","11","    45280","JP3197600004","3188.0000","3234.0000","3181.0000","3230.0000","3217.0000","3226.0000","3191.0000","3191.0000","3188.0000","3234.0000","3181.0000","3191.0000"," ","0.0000","0.0000","679200","2175008200","3202.3089"
"20201214","01","11","    45300","JP3784600003","6220.0000","6350.0000","6210.0000","6340.0000","6330.0000","6330.0000","6270.0000","6270.0000","6220.0000","6350.0000","6210.0000","6270.0000"," ","0.0000","0.0000","108200","679946000","6284.1590"
"20201214","01","11","    45310","JP3946400003","324.0000","330.0000","319.0000","330.0000","329.0000","329.0000","325.0000","327.0000","324.0000","330.0000","319.0000","327.0000"," ","0.0000","0.0000","129400","42189000","326.0355"
"20201214","01","11","    45340","JP3922800002","3990.0000","4060.0000","3990.0000","4060.0000","4060.0000","4060.0000","4030.0000","4035.0000","3990.0000","4060.0000","3990.0000","4035.0000"," ","0.0000","0.0000","39000","157557000","4039.9231"
"20201214","01","11","    45360","JP3336000009","1714.0000","1744.0000","1713.0000","1742.0000","1736.0000","1738.0000","1711.0000","1717.0000","1714.0000","1744.0000","1711.0000","1717.0000"," ","0.0000","0.0000","906100","1563181700","1725.1757"
"20201214","01","11","    45380","JP3823600006","2971.0000","3020.0000","2956.0000","3020.0000","3000.0000","3010.0000","2965.0000","2982.0000","2971.0000","3020.0000","2956.0000","2982.0000"," ","0.0000","0.0000","20400","60940500","2987.2794"
"20201214","01","11","    45390","JP3701600003","2360.0000","2403.0000","2337.0000","2403.0000","2403.0000","2442.0000","2380.0000","2442.0000","2360.0000","2442.0000","2337.0000","2442.0000"," ","0.0000","0.0000","4800","11435900","2382.4792"
"20201214","01","11","    45400","JP3535800001","3300.0000","3345.0000","3295.0000","3335.0000","3340.0000","3340.0000","3310.0000","3310.0000","3300.0000","3345.0000","3295.0000","3310.0000"," ","0.0000","0.0000","91300","302977500","3318.4830"
"20201214","01","11","    45410","JP3687200000","1009.0000","1018.0000","1007.0000","1018.0000","1016.0000","1016.0000","1011.0000","1012.0000","1009.0000","1018.0000","1007.0000","1012.0000"," ","0.0000","0.0000","282300","286149200","1013.6351"
"20201214","01","11","    45430","JP3546800008","4025.0000","4054.0000","4022.0000","4043.0000","4040.0000","4049.0000","4013.0000","4013.0000","4025.0000","4054.0000","4013.0000","4013.0000"," ","0.0000","0.0000","1971700","7942521200","4028.2605"
"20201214","01","11","    45440","JP3822000000","2908.0000","2929.0000","2897.0000","2911.0000","2908.0000","2908.0000","2879.0000","2899.0000","2908.0000","2929.0000","2879.0000","2899.0000"," ","0.0000","0.0000","376600","1093425800","2903.4142"
"20201214","01","11","    45470","JP3240600001","2198.0000","2246.0000","2193.0000","2236.0000","2235.0000","2236.0000","2213.0000","2235.0000","2198.0000","2246.0000","2193.0000","2235.0000"," ","0.0000","0.0000","96100","213976400","2226.6015"
"20201214","01","11","    45480","JP3414000004","1042.0000","1060.0000","1039.0000","1059.0000","1052.0000","1053.0000","1040.0000","1044.0000","1042.0000","1060.0000","1039.0000","1044.0000"," ","0.0000","0.0000","61600","64430400","1045.9481"
"20201214","01","11","    45490","JP3160700005","2031.0000","2051.0000","2022.0000","2051.0000","2044.0000","2045.0000","2011.0000","2014.0000","2031.0000","2051.0000","2011.0000","2014.0000"," ","0.0000","0.0000","168500","342026400","2029.8303"
"20201214","01","11","    45500","JP3678100003","960.0000","967.0000","960.0000","966.0000","968.0000","968.0000","959.0000","959.0000","960.0000","968.0000","959.0000","959.0000"," ","0.0000","0.0000","41500","39917900","961.8771"
"20201214","01","11","    45510","JP3635800000","3330.0000","3415.0000","3315.0000","3410.0000","3415.0000","3415.0000","3385.0000","3400.0000","3330.0000","3415.0000","3315.0000","3400.0000"," ","0.0000","0.0000","44100","149616500","3392.6644"
"20201214","01","11","    45520","JP3701000006","2539.0000","2566.0000","2509.0000","2555.0000","2551.0000","2552.0000","2520.0000","2524.0000","2539.0000","2566.0000","2509.0000","2524.0000"," ","0.0000","0.0000","315200","801456700","2542.6926"
"20201214","01","11","    45530","JP3623150004","1884.0000","1904.0000","1872.0000","1904.0000","1900.0000","1900.0000","1882.0000","1888.0000","1884.0000","1904.0000","1872.0000","1888.0000"," ","0.0000","0.0000","68000","128496000","1889.6471"
"20201214","01","11","    45540","JP3816200004","1256.0000","1289.0000","1256.0000","1289.0000","1286.0000","1294.0000","1279.0000","1287.0000","1256.0000","1294.0000","1256.0000","1287.0000"," ","0.0000","0.0000","73900","94782100","1282.5724"
"20201214","01","11","    45550","JP3323050009","4865.0000","4940.0000","4855.0000","4940.0000","4920.0000","4925.0000","4900.0000","4910.0000","4865.0000","4940.0000","4855.0000","4910.0000"," ","0.0000","0.0000","113800","558677000","4909.2882"
"20201214","01","11","    45590","JP3428850006","1921.0000","1947.0000","1915.0000","1947.0000","1948.0000","1948.0000","1926.0000","1931.0000","1921.0000","1948.0000","1915.0000","1931.0000"," ","0.0000","0.0000","50500","97591300","1932.5010"
"20201214","01","11","    45680","JP3475350009","3370.0000","3416.0000","3350.0000","3396.0000","3394.0000","3407.0000","3345.0000","3349.0000","3370.0000","3416.0000","3345.0000","3349.0000"," ","0.0000","0.0000","5340000","18022917700","3375.0782"
"20201214","01","11","    45690","JP3247090008","1951.0000","1990.0000","1945.0000","1990.0000","1986.0000","1986.0000","1951.0000","1960.0000","1951.0000","1990.0000","1945.0000","1960.0000"," ","0.0000","0.0000","224500","441466500","1966.4432"
"20201214","01","11","    45740","JP3442200006","1636.0000","1648.0000","1626.0000","1641.0000","1640.0000","1642.0000","1624.0000","1638.0000","1636.0000","1648.0000","1624.0000","1638.0000"," ","0.0000","0.0000","634800","1037951500","1635.0843"
"20201214","01","11","    45770","JP3486150000","3825.0000","3885.0000","3805.0000","3875.0000","3890.0000","3890.0000","3830.0000","3835.0000","3825.0000","3890.0000","3805.0000","3835.0000"," ","0.0000","0.0000","40000","153908000","3847.7000"
"20201214","01","11","    45780","JP3188220002","4448.0000","4512.0000","4440.0000","4512.0000","4500.0000","4503.0000","4469.0000","4479.0000","4448.0000","4512.0000","4440.0000","4479.0000"," ","0.0000","0.0000","798100","3573074200","4476.9756"
"20201214","01","11","    45810","JP3442850008","6660.0000","6810.0000","6650.0000","6810.0000","6820.0000","6820.0000","6740.0000","6760.0000","6660.0000","6820.0000","6650.0000","6760.0000"," ","0.0000","0.0000","88300","597037000","6761.4609"
"20201214","01","11","    45870","JP3836750004","5490.0000","5510.0000","5410.0000","5450.0000","5440.0000","5450.0000","5390.0000","5390.0000","5490.0000","5510.0000","5390.0000","5390.0000"," ","0.0000","0.0000","316300","1716739000","5427.5656"
"20201214","01","11","    46110","JP3495400008","993.0000","997.0000","987.0000","996.0000","996.0000","996.0000","975.0000","983.0000","993.0000","997.0000","975.0000","983.0000"," ","0.0000","0.0000","33200","32734300","985.9729"
"20201214","01","11","    46120","JP3749400002","11670.0000","12310.0000","11660.0000","12170.0000","12120.0000","12140.0000","11750.0000","11810.0000","11670.0000","12310.0000","11660.0000","11810.0000"," ","0.0000","0.0000","616300","7373612000","11964.3226"
"20201214","01","11","    46130","JP3229400001","3070.0000","3125.0000","3070.0000","3125.0000","3125.0000","3125.0000","3085.0000","3085.0000","3070.0000","3125.0000","3070.0000","3085.0000"," ","0.0000","0.0000","296500","917671000","3095.0118"
"20201214","01","11","    46150","JP3378600005","208.0000","212.0000","202.0000","208.0000","208.0000","210.0000","204.0000","205.0000","208.0000","212.0000","202.0000","205.0000"," ","0.0000","0.0000","259500","53890100","207.6690"
"20201214","01","11","    46170","JP3522600000","989.0000","1006.0000","989.0000","1005.0000","1005.0000","1006.0000","996.0000","1001.0000","989.0000","1006.0000","989.0000","1001.0000"," ","0.0000","0.0000","201300","201394000","1000.4670"
"20201214","01","11","    46190","JP3739000002","1250.0000","1260.0000","1250.0000","1254.0000","1254.0000","1255.0000","1246.0000","1247.0000","1250.0000","1260.0000","1246.0000","1247.0000"," ","0.0000","0.0000","15400","19259400","1250.6104"
"20201214","01","11","    46200","JP3811200009","568.0000","574.0000","564.0000","564.0000","563.0000","563.0000","551.0000","556.0000","568.0000","574.0000","551.0000","556.0000"," ","0.0000","0.0000","46600","26157200","561.3133"
"20201214","01","11","    46260","JP3449100001","6160.0000","6270.0000","6150.0000","6270.0000","6240.0000","6280.0000","6190.0000","6210.0000","6160.0000","6280.0000","6150.0000","6210.0000"," ","0.0000","0.0000","37900","235806000","6221.7942"
"20201214","01","11","    46310","JP3493400000","2670.0000","2710.0000","2668.0000","2705.0000","2695.0000","2698.0000","2668.0000","2673.0000","2670.0000","2710.0000","2668.0000","2673.0000"," ","0.0000","0.0000","229700","617089400","2686.5015"
"20201214","01","11","    46330","JP3314800008","1210.0000","1225.0000","1210.0000","1219.0000","1219.0000","1219.0000","1200.0000","1201.0000","1210.0000","1225.0000","1200.0000","1201.0000"," ","0.0000","0.0000","91300","110436500","1209.6002"
"20201214","01","11","    46340","JP3606600009","2001.0000","2021.0000","2001.0000","2019.0000","2016.0000","2017.0000","1994.0000","2003.0000","2001.0000","2021.0000","1994.0000","2003.0000"," ","0.0000","0.0000","88700","177970200","2006.4284"
"20201214","01","11","    46360","JP3538570007","941.0000","947.0000","918.0000","935.0000","935.0000","938.0000","918.0000","924.0000","941.0000","947.0000","918.0000","924.0000"," ","0.0000","0.0000","87900","81936600","932.1570"
"20201214","01","11","    46410","JP3126350002","2257.0000","2307.0000","2255.0000","2297.0000","2300.0000","2306.0000","2280.0000","2294.0000","2257.0000","2307.0000","2255.0000","2294.0000"," ","0.0000","0.0000","92000","210838900","2291.7272"
"20201214","01","11","    46510","JP3322600002","261.0000","267.0000","258.0000","266.0000","266.0000","267.0000","263.0000","263.0000","261.0000","267.0000","258.0000","263.0000"," ","0.0000","0.0000","761200","200900400","263.9259"
"20201214","01","11","    46530","JP3480520000","968.0000","968.0000","960.0000","965.0000","965.0000","967.0000","960.0000","967.0000","968.0000","968.0000","960.0000","967.0000"," ","0.0000","0.0000","11100","10706600","964.5586"
"20201214","01","11","    46580","JP3699500009","783.0000","798.0000","782.0000","795.0000","791.0000","794.0000","785.0000","787.0000","783.0000","798.0000","782.0000","787.0000"," ","0.0000","0.0000","39400","31120000","789.8477"
"20201214","01","11","    46610","JP3198900007","18270.0000","18590.0000","18220.0000","18540.0000","18530.0000","18530.0000","18220.0000","18240.0000","18270.0000","18590.0000","18220.0000","18240.0000"," ","0.0000","0.0000","648600","11934541500","18400.4648"
"20201214","01","11","    46620","JP3802740005","901.0000","923.0000","901.0000","922.0000","923.0000","931.0000","920.0000","928.0000","901.0000","931.0000","901.0000","928.0000"," ","0.0000","0.0000","72700","66863800","919.7221"
"20201214","01","11","    46650","JP3505900005","2926.0000","2987.0000","2904.0000","2987.0000","2974.0000","2986.0000","2950.0000","2955.0000","2926.0000","2987.0000","2904.0000","2955.0000"," ","0.0000","0.0000","138900","410755700","2957.2045"
"20201214","01","11","    46660","JP3780100008","1706.0000","1737.0000","1701.0000","1731.0000","1733.0000","1747.0000","1711.0000","1716.0000","1706.0000","1747.0000","1701.0000","1716.0000"," ","0.0000","0.0000","1720300","2961606700","1721.5641"
"20201214","01","11","    46680","JP3916100005","581.0000","582.0000","573.0000","579.0000","580.0000","580.0000","572.0000","572.0000","581.0000","582.0000","572.0000","572.0000"," ","0.0000","0.0000","89400","51467000","575.6935"
"20201214","01","11","    46710","JP3802650006","1638.0000","1675.0000","1638.0000","1674.0000","1667.0000","1667.0000","1650.0000","1654.0000","1638.0000","1675.0000","1638.0000","1654.0000"," ","0.0000","0.0000","12400","20547900","1657.0887"
"20201214","01","11","    46740","JP3271100004","1312.0000","1337.0000","1307.0000","1329.0000","1329.0000","1329.0000","1321.0000","1329.0000","1312.0000","1337.0000","1307.0000","1329.0000"," ","0.0000","0.0000","46400","61617400","1327.9612"
"20201214","01","11","    46760","JP3819400007","1129.0000","1149.0000","1125.0000","1145.0000","1142.0000","1143.0000","1131.0000","1134.0000","1129.0000","1149.0000","1125.0000","1134.0000"," ","0.0000","0.0000","480100","545923100","1137.1029"
"20201214","01","11","    46780","JP3359850009","420.0000","422.0000","420.0000","422.0000","422.0000","422.0000","421.0000","421.0000","420.0000","422.0000","420.0000","421.0000"," ","0.0000","0.0000","4400","1851500","420.7955"
"20201214","01","11","    46790","JP3472000003","546.0000","549.0000","546.0000","546.0000","550.0000","550.0000","546.0000","546.0000","546.0000","550.0000","546.0000","546.0000"," ","0.0000","0.0000","2800","1531800","547.0714"
"20201214","01","11","    46800","JP3966800009","958.0000","1019.0000","958.0000","1011.0000","1009.0000","1018.0000","997.0000","997.0000","958.0000","1019.0000","958.0000","997.0000"," ","0.0000","0.0000","1700300","1701400800","1000.6474"
"20201214","01","11","    46810","JP3974450003","1570.0000","1608.0000","1564.0000","1606.0000","1601.0000","1602.0000","1582.0000","1584.0000","1570.0000","1608.0000","1564.0000","1584.0000"," ","0.0000","0.0000","363100","577217400","1589.6926"
"20201214","01","11","    46840","JP3173400007","21390.0000","21650.0000","21270.0000","21430.0000","21400.0000","21400.0000","21280.0000","21300.0000","21390.0000","21650.0000","21270.0000","21300.0000"," ","0.0000","0.0000","207100","4427178000","21377.0063"
"20201214","01","11","    46860","JP3388450003","6900.0000","7060.0000","6900.0000","7010.0000","7000.0000","7020.0000","6970.0000","6980.0000","6900.0000","7060.0000","6900.0000","6980.0000"," ","0.0000","0.0000","160000","1118313000","6989.4563"
"20201214","01","11","    46870","JP3539000004","995.0000","1017.0000","992.0000","1015.0000","1016.0000","1019.0000","1011.0000","1018.0000","995.0000","1019.0000","992.0000","1018.0000"," ","0.0000","0.0000","55900","56523300","1011.1503"
"20201214","01","11","    46890","JP3933800009","634.0000","635.7000","628.3000","630.2000","629.5000","629.5000","619.1000","620.9000","634.0000","635.7000","619.1000","620.9000"," ","0.0000","0.0000","9575600","5993690520","625.9337"
"20201214","01","11","    46940","JP3799700004","3555.0000","3555.0000","3495.0000","3530.0000","3515.0000","3600.0000","3490.0000","3515.0000","3555.0000","3600.0000","3490.0000","3515.0000"," ","0.0000","0.0000","92800","327794000","3532.2629"
"20201214","01","11","    46960","JP3993850001","280.0000","288.0000","278.0000","284.0000","286.0000","287.0000","283.0000","287.0000","280.0000","288.0000","278.0000","287.0000"," ","0.0000","0.0000","40300","11482400","284.9231"
"20201214","01","11","    47040","JP3637300009","5750.0000","5820.0000","5750.0000","5790.0000","5790.0000","5800.0000","5750.0000","5750.0000","5750.0000","5820.0000","5750.0000","5750.0000"," ","0.0000","0.0000","506000","2921292000","5773.3043"
"20201214","01","11","    47080","JP3922200005","1353.0000","1370.0000","1351.0000","1364.0000","1358.0000","1359.0000","1348.0000","1351.0000","1353.0000","1370.0000","1348.0000","1351.0000"," ","0.0000","0.0000","138600","187980200","1356.2785"
"20201214","01","11","    47090","JP3153600006","1253.0000","1272.0000","1253.0000","1268.0000","1258.0000","1265.0000","1255.0000","1262.0000","1253.0000","1272.0000","1253.0000","1262.0000"," ","0.0000","0.0000","30600","38593200","1261.2157"
"20201214","01","11","    47140","JP3974300000","313.0000","316.0000","313.0000","315.0000","313.0000","314.0000","307.0000","307.0000","313.0000","316.0000","307.0000","307.0000"," ","0.0000","0.0000","666900","207050500","310.4671"
"20201214","01","11","    47160","JP3689500001","11400.0000","11520.0000","11340.0000","11500.0000","11420.0000","11460.0000","11300.0000","11300.0000","11400.0000","11520.0000","11300.0000","11300.0000"," ","0.0000","0.0000","100000","1138047000","11380.4700"
"20201214","01","11","    47180","JP3993750003","1010.0000","1010.0000","999.0000","999.0000","1001.0000","1001.0000","991.0000","996.0000","1010.0000","1010.0000","991.0000","996.0000"," ","0.0000","0.0000","22000","21948500","997.6591"
"20201214","01","11","    47190","JP3126330004","3570.0000","3585.0000","3565.0000","3585.0000","3570.0000","3570.0000","3500.0000","3500.0000","3570.0000","3585.0000","3500.0000","3500.0000"," ","0.0000","0.0000","6400","22599000","3531.0938"
"20201214","01","11","    47220","JP3826200002","1770.0000","1797.0000","1764.0000","1792.0000","1792.0000","1792.0000","1765.0000","1769.0000","1770.0000","1797.0000","1764.0000","1769.0000"," ","0.0000","0.0000","58100","103450600","1780.5611"
"20201214","01","11","    47250","JP3346300001","1509.0000","1519.0000","1499.0000","1512.0000","1510.0000","1510.0000","1493.0000","1504.0000","1509.0000","1519.0000","1493.0000","1504.0000"," ","0.0000","0.0000","30300","45558500","1503.5809"
"20201214","01","11","    47260","JP3436150001","3805.0000","3870.0000","3750.0000","3785.0000","3770.0000","3770.0000","3715.0000","3725.0000","3805.0000","3870.0000","3715.0000","3725.0000"," ","0.0000","0.0000","113800","430186500","3780.1977"
"20201214","01","11","    47280","JP3552450003","869.0000","878.0000","856.0000","875.0000","875.0000","879.0000","864.0000","864.0000","869.0000","879.0000","856.0000","864.0000"," ","0.0000","0.0000","8400","7283200","867.0476"
"20201214","01","11","    47320","JP3944130008","2094.0000","2121.0000","2090.0000","2116.0000","2165.0000","2165.0000","2112.0000","2112.0000","2094.0000","2165.0000","2090.0000","2112.0000"," ","0.0000","0.0000","661300","1401255100","2118.9401"
"20201214","01","11","    47330","JP3173500004","6840.0000","6880.0000","6760.0000","6860.0000","6860.0000","6860.0000","6680.0000","6680.0000","6840.0000","6880.0000","6680.0000","6680.0000"," ","0.0000","0.0000","51500","347317000","6744.0194"
"20201214","01","11","    47390","JP3143900003","3815.0000","3840.0000","3805.0000","3815.0000","3825.0000","3825.0000","3795.0000","3800.0000","3815.0000","3840.0000","3795.0000","3800.0000"," ","0.0000","0.0000","496400","1892857500","3813.1698"
"20201214","01","11","    47430","JP3530000003","932.0000","940.0000","921.0000","935.0000","932.0000","935.0000","926.0000","929.0000","932.0000","940.0000","921.0000","929.0000"," ","0.0000","0.0000","129100","120270100","931.6042"
"20201214","01","11","    47450","JP3576500007","625.0000","627.0000","620.0000","625.0000","625.0000","626.0000","621.0000","624.0000","625.0000","627.0000","620.0000","624.0000"," ","0.0000","0.0000","61300","38219000","623.4747"
"20201214","01","11","    47460","JP3590850008","4595.0000","4600.0000","4555.0000","4575.0000","4595.0000","4595.0000","4565.0000","4565.0000","4595.0000","4600.0000","4555.0000","4565.0000"," ","0.0000","0.0000","8000","36629500","4578.6875"
"20201214","01","11","    47510","JP3311400000","7220.0000","7240.0000","6970.0000","7020.0000","7030.0000","7050.0000","6960.0000","6960.0000","7220.0000","7240.0000","6960.0000","6960.0000"," ","0.0000","0.0000","892400","6265136000","7020.5468"
"20201214","01","11","    47550","JP3967200001","1030.0000","1036.0000","1023.0000","1034.0000","1033.0000","1033.0000","1024.0000","1024.0000","1030.0000","1036.0000","1023.0000","1024.0000"," ","0.0000","0.0000","4540200","4669934100","1028.5745"
"20201214","01","11","    47620","JP3164430005","980.0000","980.0000","973.0000","976.0000","976.0000","977.0000","973.0000","977.0000","980.0000","980.0000","973.0000","977.0000"," ","0.0000","0.0000","5900","5762300","976.6610"
"20201214","01","11","    47630","JP3269700005","1048.0000","1068.0000","1041.0000","1056.0000","1056.0000","1056.0000","1047.0000","1053.0000","1048.0000","1068.0000","1041.0000","1053.0000"," ","0.0000","0.0000","116100","122395400","1054.2239"
"20201214","01","11","    47650","JP3922100007","461.0000","470.0000","460.0000","469.0000","469.0000","470.0000","463.0000","463.0000","461.0000","470.0000","460.0000","463.0000"," ","0.0000","0.0000","300100","139813600","465.8900"
"20201214","01","11","    47670","JP3538450002","287.0000","288.0000","285.0000","287.0000","286.0000","288.0000","286.0000","286.0000","287.0000","288.0000","285.0000","286.0000"," ","0.0000","0.0000","153500","44005200","286.6788"
"20201214","01","11","    47680","JP3188200004","5140.0000","5220.0000","5120.0000","5170.0000","5160.0000","5180.0000","5110.0000","5110.0000","5140.0000","5220.0000","5110.0000","5110.0000"," ","0.0000","0.0000","466300","2403547000","5154.5078"
"20201214","01","11","    47760","JP3312100005","2655.0000","2669.0000","2621.0000","2630.0000","2630.0000","2630.0000","2600.0000","2605.0000","2655.0000","2669.0000","2600.0000","2605.0000"," ","0.0000","0.0000","406300","1065522600","2622.5021"
"20201214","01","11","    47790","JP3436170009","866.0000","867.0000","866.0000","866.0000","867.0000","867.0000","866.0000","866.0000","866.0000","867.0000","866.0000","866.0000"," ","0.0000","0.0000","13200","11437900","866.5076"
"20201214","01","11","    47920","JP3588100002","969.0000","999.0000","968.0000","990.0000","990.0000","990.0000","968.0000","972.0000","969.0000","999.0000","968.0000","972.0000"," ","0.0000","0.0000","115600","113283800","979.9637"
"20201214","01","11","    48010","JP3425600008","2271.0000","2290.0000","2270.0000","2285.0000","2289.0000","2294.0000","2277.0000","2284.0000","2271.0000","2294.0000","2270.0000","2284.0000"," ","0.0000","0.0000","15700","35827000","2281.9745"
"20201214","01","11","    48090","JP3781700004","1623.0000","1632.0000","1613.0000","1627.0000","1627.0000","1631.0000","1613.0000","1623.0000","1623.0000","1632.0000","1613.0000","1623.0000"," ","0.0000","0.0000","15200","24677700","1623.5329"
"20201214","01","11","    48120","JP3551530003","6760.0000","6760.0000","6660.0000","6750.0000","6740.0000","6760.0000","6690.0000","6710.0000","6760.0000","6760.0000","6660.0000","6710.0000"," ","0.0000","0.0000","60000","403134000","6718.9000"
"20201214","01","11","    48130","JP3108060009","783.0000","807.0000","780.0000","796.0000","796.0000","799.0000","783.0000","785.0000","783.0000","807.0000","780.0000","785.0000"," ","0.0000","0.0000","229900","182633100","794.4023"
"20201214","01","11","    48190","JP3549070005","4200.0000","4290.0000","4170.0000","4290.0000","4295.0000","4295.0000","4240.0000","4260.0000","4200.0000","4295.0000","4170.0000","4260.0000"," ","0.0000","0.0000","87700","372909000","4252.0981"
"20201214","01","11","    48200","JP3130200003","854.0000","870.0000","854.0000","870.0000","869.0000","869.0000","862.0000","865.0000","854.0000","870.0000","854.0000","865.0000"," ","0.0000","0.0000","64000","55183100","862.2359"
"20201214","01","11","    48250","JP3154500007","5720.0000","5760.0000","5680.0000","5750.0000","5750.0000","5750.0000","5670.0000","5670.0000","5720.0000","5760.0000","5670.0000","5670.0000"," ","0.0000","0.0000","15500","88400000","5703.2258"
"20201214","01","11","    48260","JP3346170008","938.0000","956.0000","936.0000","950.0000","951.0000","951.0000","940.0000","940.0000","938.0000","956.0000","936.0000","940.0000"," ","0.0000","0.0000","28000","26452900","944.7464"
"20201214","01","11","    48280","JP3618800001","3355.0000","3410.0000","3355.0000","3375.0000","3375.0000","3420.0000","3375.0000","3375.0000","3355.0000","3420.0000","3355.0000","3375.0000"," ","0.0000","0.0000","7800","26318000","3374.1026"
"20201214","01","11","    48290","JP3689470007","218.0000","223.0000","216.0000","222.0000","220.0000","229.0000","220.0000","222.0000","218.0000","229.0000","216.0000","222.0000"," ","0.0000","0.0000","521800","116354100","222.9860"
"20201214","01","11","    48390","JP3990770004","2837.0000","2875.0000","2837.0000","2869.0000","2863.0000","2863.0000","2848.0000","2856.0000","2837.0000","2875.0000","2837.0000","2856.0000"," ","0.0000","0.0000","11900","34001900","2857.3025"
"20201214","01","11","    48450","JP3548520000","839.0000","854.0000","835.0000","845.0000","848.0000","859.0000","841.0000","854.0000","839.0000","859.0000","835.0000","854.0000"," ","0.0000","0.0000","326100","276644900","848.3438"
"20201214","01","11","    48470","JP3153100007","696.0000","707.0000","695.0000","706.0000","705.0000","705.0000","701.0000","704.0000","696.0000","707.0000","695.0000","704.0000"," ","0.0000","0.0000","38800","27276500","703.0026"
"20201214","01","11","    48480","JP3827800008","1779.0000","1793.0000","1773.0000","1789.0000","1780.0000","1780.0000","1768.0000","1774.0000","1779.0000","1793.0000","1768.0000","1774.0000"," ","0.0000","0.0000","57300","101778400","1776.2373"
"20201214","01","11","    48490","JP3168700007","3360.0000","3435.0000","3355.0000","3430.0000","3440.0000","3440.0000","3405.0000","3410.0000","3360.0000","3440.0000","3355.0000","3410.0000"," ","0.0000","0.0000","189000","645802000","3416.9418"
"20201214","01","11","    49010","JP3814000000","5629.0000","5708.0000","5625.0000","5695.0000","5685.0000","5687.0000","5648.0000","5666.0000","5629.0000","5708.0000","5625.0000","5666.0000"," ","0.0000","0.0000","1172000","6644543300","5669.4055"
"20201214","01","11","    49020","JP3300600008","374.0000","391.0000","374.0000","391.0000","391.0000","396.0000","391.0000","394.0000","374.0000","396.0000","374.0000","394.0000"," ","0.0000","0.0000","12520700","4859385100","388.1081"
"20201214","01","11","    49110","JP3351600006","7320.0000","7410.0000","7311.0000","7404.0000","7400.0000","7404.0000","7372.0000","7380.0000","7320.0000","7410.0000","7311.0000","7380.0000"," ","0.0000","0.0000","796900","5884866800","7384.6992"
"20201214","01","11","    49120","JP3965400009","2498.0000","2523.0000","2496.0000","2521.0000","2525.0000","2526.0000","2503.0000","2503.0000","2498.0000","2526.0000","2496.0000","2503.0000"," ","0.0000","0.0000","673000","1688534400","2508.9664"
"20201214","01","11","    49140","JP3454400007","2497.0000","2557.0000","2497.0000","2553.0000","2550.0000","2550.0000","2504.0000","2518.0000","2497.0000","2557.0000","2497.0000","2518.0000"," ","0.0000","0.0000","21800","54963800","2521.2752"
"20201214","01","11","    49170","JP3879400004","1697.0000","1708.0000","1691.0000","1706.0000","1701.0000","1704.0000","1687.0000","1694.0000","1697.0000","1708.0000","1687.0000","1694.0000"," ","0.0000","0.0000","125200","212393700","1696.4353"
"20201214","01","11","    49190","JP3910650005","6180.0000","6280.0000","6180.0000","6250.0000","6230.0000","6250.0000","6200.0000","6200.0000","6180.0000","6280.0000","6180.0000","6200.0000"," ","0.0000","0.0000","65600","407868000","6217.5000"
"20201214","01","11","    49210","JP3802670004","4300.0000","4425.0000","4285.0000","4405.0000","4410.0000","4425.0000","4385.0000","4400.0000","4300.0000","4425.0000","4285.0000","4400.0000"," ","0.0000","0.0000","594300","2609929000","4391.6019"
"20201214","01","11","    49220","JP3283650004","17300.0000","17710.0000","17220.0000","17680.0000","17720.0000","17720.0000","17630.0000","17630.0000","17300.0000","17720.0000","17220.0000","17630.0000"," ","0.0000","0.0000","163100","2872809000","17613.7891"
"20201214","01","11","    49230","JP3298900006","1396.0000","1414.0000","1396.0000","1410.0000","1408.0000","1409.0000","1397.0000","1403.0000","1396.0000","1414.0000","1396.0000","1403.0000"," ","0.0000","0.0000","20700","29074000","1404.5411"
"20201214","01","11","    49260","JP3347130001","1960.0000","1970.0000","1960.0000","1968.0000","1961.0000","1964.0000","1961.0000","1961.0000","1960.0000","1970.0000","1960.0000","1961.0000"," ","0.0000","0.0000","2100","4121100","1962.4286"
"20201214","01","11","    49270","JP3855900001","2093.0000","2119.0000","2093.0000","2119.0000","2120.0000","2120.0000","2103.0000","2104.0000","2093.0000","2120.0000","2093.0000","2104.0000"," ","0.0000","0.0000","494900","1042174900","2105.8293"
"20201214","01","11","    49280","JP3760450001","4370.0000","4435.0000","4365.0000","4425.0000","4405.0000","4425.0000","4390.0000","4395.0000","4370.0000","4435.0000","4365.0000","4395.0000"," ","0.0000","0.0000","47200","207729500","4401.0487"
"20201214","01","11","    49290","JP3119620007","1019.0000","1019.0000","1014.0000","1016.0000","1017.0000","1017.0000","1014.0000","1014.0000","1019.0000","1019.0000","1014.0000","1014.0000"," ","0.0000","0.0000","4200","4264600","1015.3810"
"20201214","01","11","    49510","JP3162800001","1982.0000","2016.0000","1974.0000","2016.0000","2015.0000","2015.0000","1995.0000","1997.0000","1982.0000","2016.0000","1974.0000","1997.0000"," ","0.0000","0.0000","28500","56990300","1999.6596"
"20201214","01","11","    49550","JP3108200001","1719.0000","1730.0000","1696.0000","1704.0000","1708.0000","1710.0000","1695.0000","1695.0000","1719.0000","1730.0000","1695.0000","1695.0000"," ","0.0000","0.0000","34500","59099900","1713.0406"
"20201214","01","11","    49560","JP3300800004","1626.0000","1661.0000","1625.0000","1657.0000","1661.0000","1661.0000","1638.0000","1643.0000","1626.0000","1661.0000","1625.0000","1643.0000"," ","0.0000","0.0000","33700","55464500","1645.8309"
"20201214","01","11","    49580","JP3768500005","2081.0000","2086.0000","2066.0000","2083.0000","2070.0000","2079.0000","2063.0000","2072.0000","2081.0000","2086.0000","2063.0000","2072.0000"," ","0.0000","0.0000","56600","117334500","2073.0477"
"20201214","01","11","    49630","JP3746900004","759.0000","766.0000","750.0000","761.0000","761.0000","761.0000","747.0000","748.0000","759.0000","766.0000","747.0000","748.0000"," ","0.0000","0.0000","41600","31384800","754.4423"
"20201214","01","11","    49670","JP3301100008","12690.0000","13080.0000","12690.0000","13080.0000","13080.0000","13080.0000","12860.0000","12860.0000","12690.0000","13080.0000","12690.0000","12860.0000"," ","0.0000","0.0000","152900","1975844000","12922.4591"
"20201214","01","11","    49680","JP3125000004","1164.0000","1182.0000","1162.0000","1182.0000","1183.0000","1183.0000","1168.0000","1169.0000","1164.0000","1183.0000","1162.0000","1169.0000"," ","0.0000","0.0000","24000","28123100","1171.7958"
"20201214","01","11","    49710","JP3920890005","2244.0000","2275.0000","2227.0000","2266.0000","2265.0000","2287.0000","2248.0000","2273.0000","2244.0000","2287.0000","2227.0000","2273.0000"," ","0.0000","0.0000","74500","168675400","2264.0993"
"20201214","01","11","    49730","JP3706600008","2798.0000","2800.0000","2759.0000","2759.0000","2759.0000","2789.0000","2759.0000","2765.0000","2798.0000","2800.0000","2759.0000","2765.0000"," ","0.0000","0.0000","11000","30614800","2783.1636"
"20201214","01","11","    49740","JP3460200003","2925.0000","2942.0000","2909.0000","2915.0000","2915.0000","2915.0000","2889.0000","2890.0000","2925.0000","2942.0000","2889.0000","2890.0000"," ","0.0000","0.0000","308900","898020600","2907.1564"
"20201214","01","11","    49750","JP3166200000","3800.0000","3875.0000","3800.0000","3875.0000","3855.0000","3880.0000","3850.0000","3855.0000","3800.0000","3880.0000","3800.0000","3855.0000"," ","0.0000","0.0000","41300","159380500","3859.0920"
"20201214","01","11","    49770","JP3679870000","685.0000","697.0000","684.0000","693.0000","693.0000","695.0000","685.0000","695.0000","685.0000","697.0000","684.0000","695.0000"," ","0.0000","0.0000","14700","10155600","690.8571"
"20201214","01","11","    49790","JP3174220008","1450.0000","1471.0000","1450.0000","1465.0000","1471.0000","1471.0000","1460.0000","1468.0000","1450.0000","1471.0000","1450.0000","1468.0000"," ","0.0000","0.0000","15400","22515300","1462.0325"
"20201214","01","11","    49800","JP3548770001","1292.0000","1322.0000","1288.0000","1320.0000","1322.0000","1322.0000","1308.0000","1317.0000","1292.0000","1322.0000","1288.0000","1317.0000"," ","0.0000","0.0000","174900","229579100","1312.6306"
"20201214","01","11","    49850","JP3100190002","6100.0000","6110.0000","6060.0000","6110.0000","6110.0000","6110.0000","6050.0000","6050.0000","6100.0000","6110.0000","6050.0000","6050.0000"," ","0.0000","0.0000","70000","425825000","6083.2143"
"20201214","01","11","    49920","JP3851000004","1120.0000","1128.0000","1109.0000","1116.0000","1119.0000","1121.0000","1112.0000","1113.0000","1120.0000","1128.0000","1109.0000","1113.0000"," ","0.0000","0.0000","116600","130432600","1118.6329"
"20201214","01","11","    49940","JP3444900009","3040.0000","3080.0000","3040.0000","3075.0000","3065.0000","3070.0000","3015.0000","3015.0000","3040.0000","3080.0000","3015.0000","3015.0000"," ","0.0000","0.0000","15300","46561500","3043.2353"
"20201214","01","11","    49960","JP3267600009","1064.0000","1083.0000","1064.0000","1079.0000","1071.0000","1079.0000","1059.0000","1063.0000","1064.0000","1083.0000","1059.0000","1063.0000"," ","0.0000","0.0000","140300","149773700","1067.5246"
"20201214","01","11","    49970","JP3741800001","540.0000","541.0000","537.0000","539.0000","537.0000","537.0000","531.0000","531.0000","540.0000","541.0000","531.0000","531.0000"," ","0.0000","0.0000","78500","41951400","534.4127"
"20201214","01","11","    50090","JP3812800005","890.0000","968.0000","889.0000","968.0000","970.0000","990.0000","963.0000","972.0000","890.0000","990.0000","889.0000","972.0000"," ","0.0000","0.0000","306400","293571900","958.1328"
"20201214","01","11","    50110","JP3665600007","1635.0000","1647.0000","1627.0000","1642.0000","1633.0000","1637.0000","1620.0000","1628.0000","1635.0000","1647.0000","1620.0000","1628.0000"," ","0.0000","0.0000","86500","141388400","1634.5480"
"20201214","01","11","    50130","JP3948400001","1203.0000","1210.0000","1203.0000","1205.0000","1205.0000","1218.0000","1205.0000","1209.0000","1203.0000","1218.0000","1203.0000","1209.0000"," ","0.0000","0.0000","9100","11005200","1209.3626"
"20201214","01","11","    50150","JP3836500003","1290.0000","1290.0000","1281.0000","1281.0000","1286.0000","1290.0000","1281.0000","1287.0000","1290.0000","1290.0000","1281.0000","1287.0000"," ","0.0000","0.0000","13000","16738000","1287.5385"
"20201214","01","11","    50170","JP3160300004","179.0000","182.0000","179.0000","181.0000","181.0000","184.0000","181.0000","183.0000","179.0000","184.0000","179.0000","183.0000"," ","0.0000","0.0000","350200","63558900","181.4931"
"20201214","01","11","    50180","JP3868850003","1021.0000","1031.0000","1021.0000","1029.0000","1028.0000","1028.0000","1018.0000","1025.0000","1021.0000","1031.0000","1018.0000","1025.0000"," ","0.0000","0.0000","20000","20495500","1024.7750"
"20201214","01","11","    50190","JP3142500002","2239.0000","2278.0000","2237.0000","2269.0000","2269.0000","2269.0000","2241.0000","2247.0000","2239.0000","2278.0000","2237.0000","2247.0000"," ","0.0000","0.0000","990100","2234791400","2257.1371"
"20201214","01","11","    50200","JP3386450005","352.2000","359.5000","350.9000","359.2000","359.3000","359.3000","355.4000","356.8000","352.2000","359.5000","350.9000","356.8000"," ","0.0000","0.0000","18180400","6481057670","356.4860"
"20201214","01","11","    50210","JP3298000005","1768.0000","1809.0000","1762.0000","1809.0000","1810.0000","1814.0000","1801.0000","1811.0000","1768.0000","1814.0000","1762.0000","1811.0000"," ","0.0000","0.0000","219800","396405400","1803.4823"
"20201214","01","11","    51010","JP3955800002","1584.0000","1615.0000","1578.0000","1613.0000","1608.0000","1608.0000","1594.0000","1596.0000","1584.0000","1615.0000","1578.0000","1596.0000"," ","0.0000","0.0000","551500","882115400","1599.4840"
"20201214","01","11","    51050","JP3610600003","1652.0000","1705.0000","1651.0000","1697.0000","1695.0000","1695.0000","1678.0000","1685.0000","1652.0000","1705.0000","1651.0000","1685.0000"," ","0.0000","0.0000","404000","680788100","1685.1191"
"20201214","01","11","    51080","JP3830800003","3648.0000","3702.0000","3641.0000","3693.0000","3687.0000","3692.0000","3658.0000","3661.0000","3648.0000","3702.0000","3641.0000","3661.0000"," ","0.0000","0.0000","1518100","5572747200","3670.8696"
"20201214","01","11","    51100","JP3404200002","903.0000","926.0000","902.0000","926.0000","926.0000","926.0000","918.0000","921.0000","903.0000","926.0000","902.0000","921.0000"," ","0.0000","0.0000","1388000","1274656500","918.3404"
"20201214","01","11","    51210","JP3811600000","392.0000","398.0000","391.0000","397.0000","397.0000","399.0000","395.0000","398.0000","392.0000","399.0000","391.0000","398.0000"," ","0.0000","0.0000","62500","24766100","396.2576"
"20201214","01","11","    51220","JP3192800005","4075.0000","4075.0000","4030.0000","4045.0000","4040.0000","4045.0000","4020.0000","4035.0000","4075.0000","4075.0000","4020.0000","4035.0000"," ","0.0000","0.0000","25100","101325500","4036.8725"
"20201214","01","11","    51420","JP3108000005","1460.0000","1477.0000","1453.0000","1477.0000","1477.0000","1477.0000","1454.0000","1457.0000","1460.0000","1477.0000","1453.0000","1457.0000"," ","0.0000","0.0000","34000","49789500","1464.3971"
"20201214","01","11","    51850","JP3807000009","707.0000","707.0000","702.0000","703.0000","705.0000","706.0000","702.0000","705.0000","707.0000","707.0000","702.0000","705.0000"," ","0.0000","0.0000","11300","7962400","704.6372"
"20201214","01","11","    51860","JP3679850002","2355.0000","2468.0000","2355.0000","2454.0000","2434.0000","2444.0000","2417.0000","2434.0000","2355.0000","2468.0000","2355.0000","2434.0000"," ","0.0000","0.0000","58400","141909600","2429.9589"
"20201214","01","11","    51870","JP3269800003","1000.0000","1002.0000","997.0000","1001.0000","1001.0000","1002.0000","1000.0000","1002.0000","1000.0000","1002.0000","997.0000","1002.0000"," ","0.0000","0.0000","8200","8206100","1000.7439"
"20201214","01","11","    51910","JP3564200008","555.0000","567.0000","555.0000","565.0000","562.0000","567.0000","562.0000","564.0000","555.0000","567.0000","555.0000","564.0000"," ","0.0000","0.0000","108500","61165300","563.7355"
"20201214","01","11","    51920","JP3904000001","1728.0000","1738.0000","1718.0000","1735.0000","1720.0000","1735.0000","1704.0000","1717.0000","1728.0000","1738.0000","1704.0000","1717.0000"," ","0.0000","0.0000","52400","90108500","1719.6279"
"20201214","01","11","    51950","JP3779000003","604.0000","613.0000","603.0000","613.0000","610.0000","612.0000","607.0000","609.0000","604.0000","613.0000","603.0000","609.0000"," ","0.0000","0.0000","127000","77244300","608.2228"
"20201214","01","11","    52010","JP3112000009","3390.0000","3490.0000","3390.0000","3485.0000","3490.0000","3510.0000","3470.0000","3475.0000","3390.0000","3510.0000","3390.0000","3475.0000"," ","0.0000","0.0000","1037900","3602245000","3470.7053"
"20201214","01","11","    52020","JP3686800008","436.0000","450.0000","436.0000","448.0000","447.0000","452.0000","445.0000","447.0000","436.0000","452.0000","436.0000","447.0000"," ","0.0000","0.0000","1236600","552616500","446.8838"
"20201214","01","11","    52040","JP3136000001","1898.0000","1913.0000","1898.0000","1913.0000","1914.0000","1921.0000","1910.0000","1921.0000","1898.0000","1921.0000","1898.0000","1921.0000"," ","0.0000","0.0000","4200","8021700","1909.9286"
"20201214","01","11","    52080","JP3126000003","969.0000","984.0000","966.0000","972.0000","970.0000","972.0000","962.0000","962.0000","969.0000","984.0000","962.0000","962.0000"," ","0.0000","0.0000","84200","81696600","970.2684"
"20201214","01","11","    52100","JP3752800007","889.0000","912.0000","889.0000","904.0000","904.0000","916.0000","896.0000","901.0000","889.0000","916.0000","889.0000","901.0000"," ","0.0000","0.0000","30100","27161800","902.3854"
"20201214","01","11","    52140","JP3733400000","2319.0000","2358.0000","2261.0000","2352.0000","2346.0000","2346.0000","2294.0000","2301.0000","2319.0000","2358.0000","2261.0000","2301.0000"," ","0.0000","0.0000","2176200","5021595900","2307.5066"
"20201214","01","11","    52180","JP3197630001","1671.0000","1776.0000","1670.0000","1713.0000","1718.0000","1744.0000","1699.0000","1721.0000","1671.0000","1776.0000","1670.0000","1721.0000"," ","0.0000","0.0000","530900","914048200","1721.6956"
"20201214","01","11","    52320","JP3400900001","3065.0000","3120.0000","3055.0000","3110.0000","3110.0000","3110.0000","3085.0000","3095.0000","3065.0000","3120.0000","3055.0000","3095.0000"," ","0.0000","0.0000","222000","686643500","3092.9887"
"20201214","01","11","    52330","JP3449020001","2697.0000","2743.0000","2683.0000","2733.0000","2728.0000","2729.0000","2700.0000","2707.0000","2697.0000","2743.0000","2683.0000","2707.0000"," ","0.0000","0.0000","594900","1613405900","2712.0624"
"20201214","01","11","    52610","JP3884600002","0.0000","0.0000","0.0000","0.0000","3800.0000","3800.0000","3795.0000","3800.0000","3800.0000","3800.0000","3795.0000","3800.0000"," ","0.0000","0.0000","1500","5698500","3799.0000"
"20201214","01","11","    52620","JP3745800007","807.0000","819.0000","807.0000","817.0000","814.0000","816.0000","810.0000","812.0000","807.0000","819.0000","807.0000","812.0000"," ","0.0000","0.0000","27700","22538400","813.6606"
"20201214","01","11","    52690","JP3708400001","326.0000","333.0000","326.0000","333.0000","328.0000","332.0000","327.0000","331.0000","326.0000","333.0000","326.0000","331.0000"," ","0.0000","0.0000","124200","40942700","329.6514"
"20201214","01","11","    52730","JP3887600009","4020.0000","4100.0000","4020.0000","4100.0000","4100.0000","4120.0000","4060.0000","4095.0000","4020.0000","4120.0000","4020.0000","4095.0000"," ","0.0000","0.0000","9700","39689000","4091.6495"
"20201214","01","11","    52880","JP3389640008","466.0000","471.0000","466.0000","470.0000","470.0000","471.0000","467.0000","470.0000","466.0000","471.0000","466.0000","470.0000"," ","0.0000","0.0000","95900","44945500","468.6705"
"20201214","01","11","    53010","JP3560800009","1187.0000","1199.0000","1181.0000","1192.0000","1190.0000","1191.0000","1183.0000","1188.0000","1187.0000","1199.0000","1181.0000","1188.0000"," ","0.0000","0.0000","999500","1188801800","1189.3965"
"20201214","01","11","    53020","JP3690400001","4000.0000","4110.0000","4000.0000","4075.0000","4065.0000","4070.0000","4015.0000","4025.0000","4000.0000","4110.0000","4000.0000","4025.0000"," ","0.0000","0.0000","142200","576467000","4053.9170"
"20201214","01","11","    53100","JP3616000000","1851.0000","1906.0000","1850.0000","1904.0000","1911.0000","1920.0000","1884.0000","1890.0000","1851.0000","1920.0000","1850.0000","1890.0000"," ","0.0000","0.0000","61300","116015900","1892.5922"
"20201214","01","11","    53310","JP3763000001","2970.0000","3005.0000","2970.0000","2995.0000","2996.0000","2996.0000","2973.0000","2979.0000","2970.0000","3005.0000","2970.0000","2979.0000"," ","0.0000","0.0000","47500","141917900","2987.7453"
"20201214","01","11","    53320","JP3596200000","5780.0000","5900.0000","5760.0000","5880.0000","5880.0000","5880.0000","5850.0000","5870.0000","5780.0000","5900.0000","5760.0000","5870.0000"," ","0.0000","0.0000","245100","1436767000","5861.9625"
"20201214","01","11","    53330","JP3695200000","1637.0000","1669.0000","1633.0000","1664.0000","1660.0000","1662.0000","1649.0000","1655.0000","1637.0000","1669.0000","1633.0000","1655.0000"," ","0.0000","0.0000","977800","1617251600","1653.9697"
"20201214","01","11","    53340","JP3738600000","1829.0000","1869.0000","1824.0000","1865.0000","1870.0000","1870.0000","1845.0000","1847.0000","1829.0000","1870.0000","1824.0000","1847.0000"," ","0.0000","0.0000","795900","1472900400","1850.6099"
"20201214","01","11","    53370","JP3506600000","483.0000","509.0000","479.0000","502.0000","503.0000","508.0000","493.0000","501.0000","483.0000","509.0000","479.0000","501.0000"," ","0.0000","0.0000","284500","141503200","497.3750"
"20201214","01","11","    53440","JP3879250003","11180.0000","11380.0000","11100.0000","11310.0000","11390.0000","11540.0000","11330.0000","11420.0000","11180.0000","11540.0000","11100.0000","11420.0000"," ","0.0000","0.0000","42800","488444000","11412.2430"
"20201214","01","11","    53510","JP3353200003","2335.0000","2389.0000","2335.0000","2379.0000","2378.0000","2378.0000","2335.0000","2361.0000","2335.0000","2389.0000","2335.0000","2361.0000"," ","0.0000","0.0000","22500","52958600","2353.7156"
"20201214","01","11","    53520","JP3272400007","3600.0000","3675.0000","3600.0000","3660.0000","3660.0000","3700.0000","3635.0000","3670.0000","3600.0000","3700.0000","3600.0000","3670.0000"," ","0.0000","0.0000","36200","132635000","3663.9503"
"20201214","01","11","    53570","JP3953600008","834.0000","835.0000","827.0000","834.0000","830.0000","833.0000","827.0000","830.0000","834.0000","835.0000","827.0000","830.0000"," ","0.0000","0.0000","27300","22670400","830.4176"
"20201214","01","11","    53580","JP3140800008","475.0000","485.0000","475.0000","485.0000","487.0000","487.0000","482.0000","485.0000","475.0000","487.0000","475.0000","485.0000"," ","0.0000","0.0000","50800","24501200","482.3071"
"20201214","01","11","    53630","JP3589400005","349.0000","357.0000","349.0000","355.0000","356.0000","360.0000","356.0000","360.0000","349.0000","360.0000","349.0000","360.0000"," ","0.0000","0.0000","68800","24551800","356.8576"
"20201214","01","11","    53670","JP3667000008","797.0000","797.0000","778.0000","786.0000","786.0000","795.0000","778.0000","795.0000","797.0000","797.0000","778.0000","795.0000"," ","0.0000","0.0000","28500","22446000","787.5789"
"20201214","01","11","    53840","JP3820900003","3860.0000","3890.0000","3835.0000","3890.0000","3880.0000","3890.0000","3820.0000","3835.0000","3860.0000","3890.0000","3820.0000","3835.0000"," ","0.0000","0.0000","56100","215880000","3848.1283"
"20201214","01","11","    53880","JP3266200009","1065.0000","1110.0000","1065.0000","1101.0000","1092.0000","1101.0000","1087.0000","1091.0000","1065.0000","1110.0000","1065.0000","1091.0000"," ","0.0000","0.0000","35400","38701200","1093.2542"
"20201214","01","11","    53910","JP3119800005","1033.0000","1033.0000","1032.0000","1032.0000","1032.0000","1039.0000","1032.0000","1039.0000","1033.0000","1039.0000","1032.0000","1039.0000"," ","0.0000","0.0000","11700","12112000","1035.2137"
"20201214","01","11","    53930","JP3660400007","2464.0000","2510.0000","2448.0000","2510.0000","2500.0000","2500.0000","2457.0000","2461.0000","2464.0000","2510.0000","2448.0000","2461.0000"," ","0.0000","0.0000","93700","232205700","2478.1825"
"20201214","01","11","    54010","JP3381000003","1341.0000","1368.5000","1338.5000","1354.0000","1353.0000","1353.5000","1337.0000","1337.5000","1341.0000","1368.5000","1337.0000","1337.5000"," ","0.0000","0.0000","3256200","4392486250","1348.9608"
"20201214","01","11","    54060","JP3289800009","536.0000","550.0000","535.0000","550.0000","550.0000","550.0000","541.0000","543.0000","536.0000","550.0000","535.0000","543.0000"," ","0.0000","0.0000","4077100","2223105200","545.2663"
"20201214","01","11","    54080","JP3646400006","392.0000","408.0000","392.0000","408.0000","409.0000","409.0000","398.0000","401.0000","392.0000","409.0000","392.0000","401.0000"," ","0.0000","0.0000","204300","81886400","400.8145"
"20201214","01","11","    54100","JP3307800007","1914.0000","1953.0000","1913.0000","1951.0000","1951.0000","1961.0000","1947.0000","1953.0000","1914.0000","1961.0000","1913.0000","1953.0000"," ","0.0000","0.0000","120400","234798000","1950.1495"
"20201214","01","11","    54110","JP3386030005","1069.0000","1082.0000","1064.0000","1073.0000","1073.0000","1073.0000","1049.0000","1055.0000","1069.0000","1082.0000","1049.0000","1055.0000"," ","0.0000","0.0000","3067700","3265047400","1064.3307"
"20201214","01","11","    54230","JP3579800008","647.0000","656.0000","647.0000","652.0000","652.0000","652.0000","644.0000","646.0000","647.0000","656.0000","644.0000","646.0000"," ","0.0000","0.0000","554100","359469400","648.7446"
"20201214","01","11","    54400","JP3247400009","1458.0000","1472.0000","1446.0000","1461.0000","1460.0000","1477.0000","1456.0000","1476.0000","1458.0000","1477.0000","1446.0000","1476.0000"," ","0.0000","0.0000","84900","124638800","1468.0660"
"20201214","01","11","    54440","JP3940400009","2763.0000","2781.0000","2742.0000","2775.0000","2771.0000","2779.0000","2761.0000","2768.0000","2763.0000","2781.0000","2742.0000","2768.0000"," ","0.0000","0.0000","90400","250450200","2770.4668"
"20201214","01","11","    54450","JP3584600005","2132.0000","2185.0000","2128.0000","2151.0000","2142.0000","2144.0000","2123.0000","2137.0000","2132.0000","2185.0000","2123.0000","2137.0000"," ","0.0000","0.0000","47600","101998500","2142.8256"
"20201214","01","11","    54490","JP3184600009","1238.0000","1265.0000","1237.0000","1265.0000","1265.0000","1265.0000","1245.0000","1245.0000","1238.0000","1265.0000","1237.0000","1245.0000"," ","0.0000","0.0000","15800","19734600","1249.0253"
"20201214","01","11","    54510","JP3959400007","2030.0000","2050.0000","2030.0000","2042.0000","2041.0000","2042.0000","2023.0000","2035.0000","2030.0000","2050.0000","2023.0000","2035.0000"," ","0.0000","0.0000","28600","58243000","2036.4685"
"20201214","01","11","    54630","JP3871200006","2265.0000","2281.0000","2253.0000","2274.0000","2267.0000","2269.0000","2241.0000","2246.0000","2265.0000","2281.0000","2241.0000","2246.0000"," ","0.0000","0.0000","550200","1243805800","2260.6430"
"20201214","01","11","    54640","JP3924000007","2725.0000","2736.0000","2682.0000","2724.0000","2733.0000","2782.0000","2687.0000","2741.0000","2725.0000","2782.0000","2682.0000","2741.0000"," ","0.0000","0.0000","25400","69283100","2727.6811"
"20201214","01","11","    54710","JP3491000000","4500.0000","4615.0000","4500.0000","4575.0000","4590.0000","4590.0000","4535.0000","4550.0000","4500.0000","4615.0000","4500.0000","4550.0000"," ","0.0000","0.0000","75700","345355000","4562.1532"
"20201214","01","11","    54760","JP3706400003","347.0000","349.0000","345.0000","347.0000","348.0000","348.0000","344.0000","348.0000","347.0000","349.0000","344.0000","348.0000"," ","0.0000","0.0000","24800","8597600","346.6774"
"20201214","01","11","    54800","JP3752600001","1799.0000","1837.0000","1789.0000","1828.0000","1821.0000","1838.0000","1819.0000","1825.0000","1799.0000","1838.0000","1789.0000","1825.0000"," ","0.0000","0.0000","123700","225447300","1822.5327"
"20201214","01","11","    54810","JP3342000001","1319.0000","1330.0000","1306.0000","1330.0000","1331.0000","1345.0000","1324.0000","1342.0000","1319.0000","1345.0000","1306.0000","1342.0000"," ","0.0000","0.0000","108600","144404900","1329.6952"
"20201214","01","11","    54820","JP3103600007","3130.0000","3135.0000","3025.0000","3040.0000","3050.0000","3050.0000","3005.0000","3015.0000","3130.0000","3135.0000","3005.0000","3015.0000"," ","0.0000","0.0000","94500","288423500","3052.1005"
"20201214","01","11","    54860","JP3786200000","1557.0000","1601.0000","1555.0000","1585.0000","1582.0000","1586.0000","1556.0000","1557.0000","1557.0000","1601.0000","1555.0000","1557.0000"," ","0.0000","0.0000","1331000","2100256300","1577.9536"
"20201214","01","11","    54910","JP3698000001","1053.0000","1120.0000","1044.0000","1065.0000","1063.0000","1086.0000","1049.0000","1073.0000","1053.0000","1120.0000","1044.0000","1073.0000"," ","0.0000","0.0000","581900","629443500","1081.7039"
"20201214","01","11","    55410","JP3448000004","2139.0000","2152.0000","2114.0000","2152.0000","2153.0000","2153.0000","2109.0000","2131.0000","2139.0000","2153.0000","2109.0000","2131.0000"," ","0.0000","0.0000","245400","523315800","2132.5012"
"20201214","01","11","    55630","JP3734600004","284.0000","307.0000","284.0000","302.0000","302.0000","307.0000","298.0000","305.0000","284.0000","307.0000","284.0000","305.0000"," ","0.0000","0.0000","9424500","2809184600","298.0725"
"20201214","01","11","    56020","JP3270800000","1713.0000","1726.0000","1702.0000","1704.0000","1704.0000","1714.0000","1696.0000","1701.0000","1713.0000","1726.0000","1696.0000","1701.0000"," ","0.0000","0.0000","38000","64823400","1705.8789"
"20201214","01","11","    56030","JP3286400001","1222.0000","1226.0000","1222.0000","1226.0000","1221.0000","1221.0000","1208.0000","1208.0000","1222.0000","1226.0000","1208.0000","1208.0000"," ","0.0000","0.0000","2400","2918100","1215.8750"
"20201214","01","11","    56120","JP3728600002","1289.0000","1290.0000","1283.0000","1284.0000","1280.0000","1290.0000","1279.0000","1290.0000","1289.0000","1290.0000","1279.0000","1290.0000"," ","0.0000","0.0000","9200","11817400","1284.5000"
"20201214","01","11","    56310","JP3721400004","2843.0000","2912.0000","2840.0000","2895.0000","2891.0000","2897.0000","2878.0000","2897.0000","2843.0000","2912.0000","2840.0000","2897.0000"," ","0.0000","0.0000","262200","756672400","2885.8596"
"20201214","01","11","    56320","JP3900800008","608.0000","678.0000","605.0000","678.0000","678.0000","678.0000","678.0000","678.0000","608.0000","678.0000","605.0000","678.0000"," ","0.0000","0.0000","444200","293773300","661.3537"
"20201214","01","11","    56580","JP3660000005","296.0000","302.0000","296.0000","297.0000","300.0000","301.0000","296.0000","299.0000","296.0000","302.0000","296.0000","299.0000"," ","0.0000","0.0000","63200","18856100","298.3560"
"20201214","01","11","    56590","JP3721800005","3825.0000","4040.0000","3825.0000","3965.0000","3965.0000","3970.0000","3850.0000","3890.0000","3825.0000","4040.0000","3825.0000","3890.0000"," ","0.0000","0.0000","35700","140350500","3931.3866"
"20201214","01","11","    56980","JP3169750001","630.0000","644.0000","630.0000","637.0000","637.0000","644.0000","637.0000","644.0000","630.0000","644.0000","630.0000","644.0000"," ","0.0000","0.0000","37000","23661300","639.4946"
"20201214","01","11","    57020","JP3480600000","762.0000","784.0000","761.0000","773.0000","773.0000","773.0000","759.0000","762.0000","762.0000","784.0000","759.0000","762.0000"," ","0.0000","0.0000","170000","130979900","770.4700"
"20201214","01","11","    57030","JP3700200003","1906.0000","1942.0000","1902.0000","1942.0000","1934.0000","1934.0000","1917.0000","1922.0000","1906.0000","1942.0000","1902.0000","1922.0000"," ","0.0000","0.0000","273500","526703600","1925.7901"
"20201214","01","11","    57060","JP3888400003","3530.0000","3600.0000","3515.0000","3575.0000","3575.0000","3610.0000","3565.0000","3585.0000","3530.0000","3610.0000","3515.0000","3585.0000"," ","0.0000","0.0000","745300","2664749000","3575.4045"
"20201214","01","11","    57070","JP3599000001","2402.0000","2423.0000","2362.0000","2416.0000","2416.0000","2424.0000","2390.0000","2401.0000","2402.0000","2424.0000","2362.0000","2401.0000"," ","0.0000","0.0000","205300","491832600","2395.6775"
"20201214","01","11","    57110","JP3903000002","2130.0000","2147.0000","2126.0000","2132.0000","2130.0000","2130.0000","2106.0000","2117.0000","2130.0000","2147.0000","2106.0000","2117.0000"," ","0.0000","0.0000","594700","1263499500","2124.5998"
"20201214","01","11","    57130","JP3402600005","4282.0000","4324.0000","4279.0000","4317.0000","4311.0000","4315.0000","4288.0000","4292.0000","4282.0000","4324.0000","4279.0000","4292.0000"," ","0.0000","0.0000","953100","4097841100","4299.4870"
"20201214","01","11","    57140","JP3638600001","3665.0000","3700.0000","3655.0000","3680.0000","3685.0000","3685.0000","3635.0000","3645.0000","3665.0000","3700.0000","3635.0000","3645.0000"," ","0.0000","0.0000","119100","435945500","3660.3317"
"20201214","01","11","    57150","JP3826800009","1280.0000","1296.0000","1278.0000","1293.0000","1292.0000","1292.0000","1275.0000","1280.0000","1280.0000","1296.0000","1275.0000","1280.0000"," ","0.0000","0.0000","92900","119147200","1282.5318"
"20201214","01","11","    57210","JP3359200007","43.0000","44.0000","43.0000","44.0000","43.0000","44.0000","43.0000","43.0000","43.0000","44.0000","43.0000","43.0000"," ","0.0000","0.0000","111700","4807400","43.0385"
"20201214","01","11","    57260","JP3407200009","957.0000","991.0000","955.0000","988.0000","986.0000","989.0000","981.0000","989.0000","957.0000","991.0000","955.0000","989.0000"," ","0.0000","0.0000","228400","223878800","980.2049"
"20201214","01","11","    57270","JP3601800000","798.0000","828.0000","798.0000","826.0000","825.0000","832.0000","814.0000","826.0000","798.0000","832.0000","798.0000","826.0000"," ","0.0000","0.0000","541600","445367900","822.3189"
"20201214","01","11","    57410","JP3826900007","1895.0000","1928.0000","1895.0000","1920.0000","1911.0000","1915.0000","1884.0000","1886.0000","1895.0000","1928.0000","1884.0000","1886.0000"," ","0.0000","0.0000","82500","156776200","1900.3176"
"20201214","01","11","    57570","JP3325100000","3915.0000","3915.0000","3805.0000","3835.0000","3835.0000","3880.0000","3835.0000","3880.0000","3915.0000","3915.0000","3805.0000","3880.0000"," ","0.0000","0.0000","2200","8515000","3870.4545"
"20201214","01","11","    58010","JP3827200001","2870.0000","2924.0000","2865.0000","2916.0000","2920.0000","2937.0000","2888.0000","2896.0000","2870.0000","2937.0000","2865.0000","2896.0000"," ","0.0000","0.0000","369100","1072498700","2905.7131"
"20201214","01","11","    58020","JP3407400005","1260.0000","1297.5000","1259.5000","1293.0000","1290.0000","1290.5000","1278.0000","1279.5000","1260.0000","1297.5000","1259.5000","1279.5000"," ","0.0000","0.0000","2131500","2732924600","1282.1603"
"20201214","01","11","    58030","JP3811000003","462.0000","480.0000","462.0000","477.0000","477.0000","478.0000","474.0000","477.0000","462.0000","480.0000","462.0000","477.0000"," ","0.0000","0.0000","2144700","1019080500","475.1623"
"20201214","01","11","    58050","JP3368400002","1792.0000","1847.0000","1782.0000","1824.0000","1824.0000","1831.0000","1800.0000","1811.0000","1792.0000","1847.0000","1782.0000","1811.0000"," ","0.0000","0.0000","228800","415580800","1816.3497"
"20201214","01","11","    58070","JP3586200002","2480.0000","2540.0000","2463.0000","2537.0000","2489.0000","2534.0000","2466.0000","2534.0000","2480.0000","2540.0000","2463.0000","2534.0000"," ","0.0000","0.0000","13600","34078500","2505.7721"
"20201214","01","11","    58090","JP3467400002","735.0000","778.0000","721.0000","751.0000","755.0000","756.0000","741.0000","745.0000","735.0000","778.0000","721.0000","745.0000"," ","0.0000","0.0000","1278400","959316600","750.4041"
"20201214","01","11","    58190","JP3215300009","1830.0000","1840.0000","1830.0000","1832.0000","1830.0000","1832.0000","1821.0000","1827.0000","1830.0000","1840.0000","1821.0000","1827.0000"," ","0.0000","0.0000","9500","17380700","1829.5474"
"20201214","01","11","    58210","JP3795080005","1189.0000","1197.0000","1164.0000","1180.0000","1180.0000","1180.0000","1156.0000","1162.0000","1189.0000","1197.0000","1156.0000","1162.0000"," ","0.0000","0.0000","25400","29693800","1169.0472"
"20201214","01","11","    58510","JP3975800008","1299.0000","1371.0000","1299.0000","1360.0000","1365.0000","1365.0000","1338.0000","1344.0000","1299.0000","1371.0000","1299.0000","1344.0000"," ","0.0000","0.0000","126900","170764200","1345.6596"
"20201214","01","11","    58520","JP3100600000","339.0000","352.0000","339.0000","352.0000","352.0000","354.0000","350.0000","354.0000","339.0000","354.0000","339.0000","354.0000"," ","0.0000","0.0000","144700","50455300","348.6890"
"20201214","01","11","    58570","JP3116700000","3325.0000","3335.0000","3300.0000","3335.0000","3335.0000","3335.0000","3310.0000","3310.0000","3325.0000","3335.0000","3300.0000","3310.0000"," ","0.0000","0.0000","172200","571793000","3320.5168"
"20201214","01","11","    59010","JP3613400005","1093.0000","1127.0000","1093.0000","1123.0000","1118.0000","1126.0000","1116.0000","1125.0000","1093.0000","1127.0000","1093.0000","1125.0000"," ","0.0000","0.0000","636200","711941600","1119.0531"
"20201214","01","11","    59020","JP3846600009","1431.0000","1454.0000","1430.0000","1449.0000","1449.0000","1454.0000","1444.0000","1450.0000","1431.0000","1454.0000","1430.0000","1450.0000"," ","0.0000","0.0000","19500","28246800","1448.5538"
"20201214","01","11","    59090","JP3305950002","948.0000","953.0000","945.0000","953.0000","952.0000","952.0000","943.0000","944.0000","948.0000","953.0000","943.0000","944.0000"," ","0.0000","0.0000","30300","28740900","948.5446"
"20201214","01","11","    59110","JP3955200005","2100.0000","2145.0000","2100.0000","2145.0000","2135.0000","2145.0000","2116.0000","2122.0000","2100.0000","2145.0000","2100.0000","2122.0000"," ","0.0000","0.0000","84900","180522500","2126.2956"
"20201214","01","11","    59120","JP3697600009","263.0000","267.0000","263.0000","266.0000","266.0000","267.0000","265.0000","265.0000","263.0000","267.0000","263.0000","265.0000"," ","0.0000","0.0000","433600","115008300","265.2405"
"20201214","01","11","    59150","JP3302600006","1670.0000","1686.0000","1670.0000","1686.0000","1686.0000","1691.0000","1676.0000","1682.0000","1670.0000","1691.0000","1670.0000","1682.0000"," ","0.0000","0.0000","6200","10426800","1681.7419"
"20201214","01","11","    59230","JP3457200008","2564.0000","2564.0000","2564.0000","2564.0000","2555.0000","2565.0000","2548.0000","2548.0000","2564.0000","2565.0000","2548.0000","2548.0000"," ","0.0000","0.0000","1800","4597500","2554.1667"
"20201214","01","11","    59290","JP3344400001","1181.0000","1216.0000","1180.0000","1213.0000","1212.0000","1213.0000","1205.0000","1207.0000","1181.0000","1216.0000","1180.0000","1207.0000"," ","0.0000","0.0000","396100","477626800","1205.8238"
"20201214","01","11","    59300","JP3831600006","949.0000","956.0000","947.0000","956.0000","956.0000","956.0000","945.0000","949.0000","949.0000","956.0000","945.0000","949.0000"," ","0.0000","0.0000","161400","153474700","950.8965"
"20201214","01","11","    59320","JP3326800004","780.0000","789.0000","773.0000","786.0000","786.0000","786.0000","779.0000","780.0000","780.0000","789.0000","773.0000","780.0000"," ","0.0000","0.0000","87300","68345700","782.8832"
"20201214","01","11","    59330","JP3126100001","929.0000","938.0000","924.0000","935.0000","937.0000","937.0000","926.0000","931.0000","929.0000","938.0000","924.0000","931.0000"," ","0.0000","0.0000","39600","36915200","932.2020"
"20201214","01","11","    59360","JP3611400007","0.0000","0.0000","0.0000","0.0000","742.0000","742.0000","742.0000","742.0000","742.0000","742.0000","742.0000","742.0000"," ","0.0000","0.0000","1400","1038800","742.0000"
"20201214","01","11","    59380","JP3626800001","2288.0000","2336.0000","2276.0000","2303.0000","2303.0000","2313.0000","2295.0000","2305.0000","2288.0000","2336.0000","2276.0000","2305.0000"," ","0.0000","0.0000","1170400","2699390100","2306.3825"
"20201214","01","11","    59420","JP3748600008","528.0000","536.0000","527.0000","528.0000","528.0000","534.0000","527.0000","534.0000","528.0000","536.0000","527.0000","534.0000"," ","0.0000","0.0000","37800","20037800","530.1005"
"20201214","01","11","    59430","JP3759400009","1644.0000","1684.0000","1639.0000","1684.0000","1679.0000","1689.0000","1674.0000","1678.0000","1644.0000","1689.0000","1639.0000","1678.0000"," ","0.0000","0.0000","84100","140255700","1667.7253"
"20201214","01","11","    59460","JP3527800001","2119.0000","2139.0000","2108.0000","2132.0000","2136.0000","2136.0000","2103.0000","2108.0000","2119.0000","2139.0000","2103.0000","2108.0000"," ","0.0000","0.0000","32600","69082100","2119.0828"
"20201214","01","11","    59470","JP3977400005","12070.0000","12110.0000","11990.0000","12080.0000","12050.0000","12050.0000","11950.0000","11960.0000","12070.0000","12110.0000","11950.0000","11960.0000"," ","0.0000","0.0000","116600","1400523000","12011.3465"
"20201214","01","11","    59490","JP3952550006","970.0000","1004.0000","969.0000","1002.0000","1000.0000","1005.0000","995.0000","997.0000","970.0000","1005.0000","969.0000","997.0000"," ","0.0000","0.0000","328600","327108300","995.4604"
"20201214","01","11","    59510","JP3492000009","870.0000","908.0000","870.0000","895.0000","891.0000","914.0000","891.0000","907.0000","870.0000","914.0000","870.0000","907.0000"," ","0.0000","0.0000","83900","75291500","897.3957"
"20201214","01","11","    59570","JP3682800002","459.0000","463.0000","450.0000","458.0000","458.0000","459.0000","450.0000","452.0000","459.0000","463.0000","450.0000","452.0000"," ","0.0000","0.0000","63300","28844700","455.6825"
"20201214","01","11","    59580","JP3338000007","1869.0000","1871.0000","1867.0000","1867.0000","1870.0000","1873.0000","1870.0000","1872.0000","1869.0000","1873.0000","1867.0000","1872.0000"," ","0.0000","0.0000","7500","14019900","1869.3200"
"20201214","01","11","    59590","JP3192000002","795.0000","800.0000","795.0000","799.0000","798.0000","798.0000","793.0000","793.0000","795.0000","800.0000","793.0000","793.0000"," ","0.0000","0.0000","82500","65607700","795.2448"
"20201214","01","11","    59700","JP3236750000","1501.0000","1549.0000","1501.0000","1543.0000","1548.0000","1550.0000","1532.0000","1540.0000","1501.0000","1550.0000","1501.0000","1540.0000"," ","0.0000","0.0000","95400","146509000","1535.7338"
"20201214","01","11","    59750","JP3598200008","1497.0000","1534.0000","1495.0000","1531.0000","1531.0000","1542.0000","1529.0000","1540.0000","1497.0000","1542.0000","1495.0000","1540.0000"," ","0.0000","0.0000","233000","355560000","1526.0086"
"20201214","01","11","    59760","JP3288200003","476.0000","483.0000","473.0000","482.0000","480.0000","482.0000","473.0000","478.0000","476.0000","483.0000","473.0000","478.0000"," ","0.0000","0.0000","171600","81941400","477.5140"
"20201214","01","11","    59810","JP3579400007","890.0000","905.0000","868.0000","900.0000","902.0000","920.0000","893.0000","913.0000","890.0000","920.0000","868.0000","913.0000"," ","0.0000","0.0000","826400","740834700","896.4602"
"20201214","01","11","    59850","JP3330600002","452.0000","453.0000","444.0000","448.0000","450.0000","450.0000","436.0000","436.0000","452.0000","453.0000","436.0000","436.0000"," ","0.0000","0.0000","89900","40048500","445.4783"
"20201214","01","11","    59860","JP3925800009","523.0000","564.0000","520.0000","552.0000","554.0000","560.0000","541.0000","541.0000","523.0000","564.0000","520.0000","541.0000"," ","0.0000","0.0000","1464500","798562700","545.2801"
"20201214","01","11","    59880","JP3780400002","1685.0000","1699.0000","1678.0000","1692.0000","1692.0000","1697.0000","1687.0000","1693.0000","1685.0000","1699.0000","1678.0000","1693.0000"," ","0.0000","0.0000","56700","95913700","1691.5996"
"20201214","01","11","    59890","JP3795200009","884.0000","926.0000","861.0000","910.0000","908.0000","908.0000","859.0000","872.0000","884.0000","926.0000","859.0000","872.0000"," ","0.0000","0.0000","436900","389017200","890.4033"
"20201214","01","11","    59910","JP3742600004","666.0000","696.0000","664.0000","695.0000","693.0000","694.0000","686.0000","690.0000","666.0000","696.0000","664.0000","690.0000"," ","0.0000","0.0000","459100","315301800","686.7824"
"20201214","01","11","    59920","JP3517800003","3005.0000","3005.0000","3005.0000","3005.0000","3025.0000","3030.0000","3025.0000","3030.0000","3005.0000","3030.0000","3005.0000","3030.0000"," ","0.0000","0.0000","2200","6648500","3022.0455"
"20201214","01","11","    59980","JP3213400009","1289.0000","1294.0000","1271.0000","1294.0000","1288.0000","1294.0000","1288.0000","1294.0000","1289.0000","1294.0000","1271.0000","1294.0000"," ","0.0000","0.0000","2700","3483300","1290.1111"
"20201214","01","11","    60050","JP3880800002","5670.0000","5710.0000","5640.0000","5690.0000","5700.0000","5700.0000","5600.0000","5620.0000","5670.0000","5710.0000","5600.0000","5620.0000"," ","0.0000","0.0000","295900","1673769000","5656.5360"
"20201214","01","11","    60130","JP3462600002","1793.0000","1830.0000","1784.0000","1829.0000","1830.0000","1830.0000","1819.0000","1828.0000","1793.0000","1830.0000","1784.0000","1828.0000"," ","0.0000","0.0000","357100","649052100","1817.5640"
"20201214","01","11","    60280","JP3545240008","8280.0000","8400.0000","8200.0000","8400.0000","8390.0000","8390.0000","8260.0000","8290.0000","8280.0000","8400.0000","8200.0000","8290.0000"," ","0.0000","0.0000","88400","733732000","8300.1357"
"20201214","01","11","    60290","JP3121920007","335.0000","369.0000","333.0000","342.0000","339.0000","340.0000","330.0000","338.0000","335.0000","369.0000","330.0000","338.0000"," ","0.0000","0.0000","542600","188963100","348.2549"
"20201214","01","11","    60320","JP3152870006","330.0000","331.0000","328.0000","328.0000","330.0000","330.0000","326.0000","329.0000","330.0000","331.0000","326.0000","329.0000"," ","0.0000","0.0000","16100","5287600","328.4224"
"20201214","01","11","    60350","JP3100640006","15660.0000","15670.0000","15360.0000","15560.0000","15560.0000","15560.0000","15330.0000","15420.0000","15660.0000","15670.0000","15330.0000","15420.0000"," ","0.0000","0.0000","74000","1145118000","15474.5676"
"20201214","01","11","    60360","JP3236320002","2127.0000","2220.0000","2118.0000","2170.0000","2185.0000","2188.0000","2134.0000","2139.0000","2127.0000","2220.0000","2118.0000","2139.0000"," ","0.0000","0.0000","269800","585053200","2168.4700"
"20201214","01","11","    60370","JP3802340004","793.0000","814.0000","787.0000","813.0000","810.0000","832.0000","809.0000","815.0000","793.0000","832.0000","787.0000","815.0000"," ","0.0000","0.0000","33500","27290500","814.6418"
"20201214","01","11","    60440","JP3325700007","990.0000","995.0000","981.0000","983.0000","981.0000","984.0000","975.0000","977.0000","990.0000","995.0000","975.0000","977.0000"," ","0.0000","0.0000","8900","8740200","982.0449"
"20201214","01","11","    60470","JP3273820005","733.0000","747.0000","731.0000","747.0000","746.0000","752.0000","743.0000","745.0000","733.0000","752.0000","731.0000","745.0000"," ","0.0000","0.0000","140200","104315700","744.0492"
"20201214","01","11","    60480","JP3548870009","213.0000","217.0000","213.0000","216.0000","214.0000","215.0000","213.0000","214.0000","213.0000","217.0000","213.0000","214.0000"," ","0.0000","0.0000","20000","4294200","214.7100"
"20201214","01","11","    60500","JP3130230000","3085.0000","3100.0000","3040.0000","3075.0000","3070.0000","3075.0000","3040.0000","3040.0000","3085.0000","3100.0000","3040.0000","3040.0000"," ","0.0000","0.0000","64900","198639000","3060.6934"
"20201214","01","11","    60540","JP3974740007","240.0000","240.0000","238.0000","239.0000","235.0000","237.0000","233.0000","235.0000","240.0000","240.0000","233.0000","235.0000"," ","0.0000","0.0000","56200","13224500","235.3114"
"20201214","01","11","    60550","JP3389680004","1419.0000","1437.0000","1413.0000","1432.0000","1432.0000","1434.0000","1407.0000","1409.0000","1419.0000","1437.0000","1407.0000","1409.0000"," ","0.0000","0.0000","214900","305206000","1420.2234"
"20201214","01","11","    60580","JP3835500004","956.0000","969.0000","950.0000","960.0000","965.0000","965.0000","957.0000","957.0000","956.0000","969.0000","950.0000","957.0000"," ","0.0000","0.0000","295000","283045400","959.4759"
"20201214","01","11","    60590","JP3157250006","305.0000","307.0000","305.0000","306.0000","306.0000","308.0000","306.0000","308.0000","305.0000","308.0000","305.0000","308.0000"," ","0.0000","0.0000","33000","10112000","306.4242"
"20201214","01","11","    60620","JP3512740006","1253.0000","1311.0000","1253.0000","1307.0000","1306.0000","1306.0000","1282.0000","1287.0000","1253.0000","1311.0000","1253.0000","1287.0000"," ","0.0000","0.0000","258900","333665200","1288.7802"
"20201214","01","11","    60700","JP3244520007","1999.0000","2094.0000","1979.0000","2091.0000","2091.0000","2095.0000","2052.0000","2094.0000","1999.0000","2095.0000","1979.0000","2094.0000"," ","0.0000","0.0000","503400","1036251300","2058.5048"
"20201214","01","11","    60710","JP3104960004","824.0000","830.0000","798.0000","807.0000","806.0000","817.0000","804.0000","812.0000","824.0000","830.0000","798.0000","812.0000"," ","0.0000","0.0000","251000","203578600","811.0701"
"20201214","01","11","    60730","JP3117350003","1479.0000","1505.0000","1476.0000","1488.0000","1485.0000","1494.0000","1483.0000","1488.0000","1479.0000","1505.0000","1476.0000","1488.0000"," ","0.0000","0.0000","153700","228507200","1486.7092"
"20201214","01","11","    60770","JP3165850003","785.0000","816.0000","785.0000","814.0000","815.0000","825.0000","812.0000","823.0000","785.0000","825.0000","785.0000","823.0000"," ","0.0000","0.0000","349800","283387800","810.1424"
"20201214","01","11","    60780","JP3778410005","1722.0000","1809.0000","1722.0000","1796.0000","1805.0000","1805.0000","1781.0000","1788.0000","1722.0000","1809.0000","1722.0000","1788.0000"," ","0.0000","0.0000","78400","137955200","1759.6327"
"20201214","01","11","    60800","JP3167320005","6510.0000","6530.0000","6400.0000","6430.0000","6440.0000","6440.0000","6330.0000","6340.0000","6510.0000","6530.0000","6330.0000","6340.0000"," ","0.0000","0.0000","120500","771063000","6398.8631"
"20201214","01","11","    60820","JP3966000006","2000.0000","2017.0000","1988.0000","2014.0000","2000.0000","2006.0000","1971.0000","1972.0000","2000.0000","2017.0000","1971.0000","1972.0000"," ","0.0000","0.0000","126800","252501500","1991.3368"
"20201214","01","11","    60830","JP3130050002","686.0000","690.0000","685.0000","690.0000","689.0000","690.0000","684.0000","684.0000","686.0000","690.0000","684.0000","684.0000"," ","0.0000","0.0000","5400","3706500","686.3889"
"20201214","01","11","    60870","JP3122480001","3070.0000","3105.0000","3065.0000","3090.0000","3105.0000","3105.0000","3050.0000","3085.0000","3070.0000","3105.0000","3050.0000","3085.0000"," ","0.0000","0.0000","9000","27734000","3081.5556"
"20201214","01","11","    60880","JP3348950001","1788.0000","1855.0000","1777.0000","1846.0000","1846.0000","1846.0000","1804.0000","1805.0000","1788.0000","1855.0000","1777.0000","1805.0000"," ","0.0000","0.0000","203000","370327400","1824.2729"
"20201214","01","11","    60890","JP3154160000","1004.0000","1039.0000","1003.0000","1039.0000","1038.0000","1038.0000","1028.0000","1030.0000","1004.0000","1039.0000","1003.0000","1030.0000"," ","0.0000","0.0000","134100","136965600","1021.3691"
"20201214","01","11","    60930","JP3162660009","318.0000","323.0000","314.0000","322.0000","322.0000","322.0000","318.0000","320.0000","318.0000","323.0000","314.0000","320.0000"," ","0.0000","0.0000","147100","46933400","319.0578"
"20201214","01","11","    60950","JP3921240002","6740.0000","6790.0000","6440.0000","6520.0000","6520.0000","6560.0000","6460.0000","6460.0000","6740.0000","6790.0000","6440.0000","6460.0000"," ","0.0000","0.0000","701300","4596162000","6553.7744"
"20201214","01","11","    60960","JP3979210006","2035.0000","2066.0000","2023.0000","2058.0000","2057.0000","2059.0000","2035.0000","2041.0000","2035.0000","2066.0000","2023.0000","2041.0000"," ","0.0000","0.0000","50900","104151700","2046.2024"
"20201214","01","11","    60980","JP3970300004","4205.0000","4212.0000","4140.0000","4164.0000","4164.0000","4166.0000","4132.0000","4136.0000","4205.0000","4212.0000","4132.0000","4136.0000"," ","0.0000","0.0000","3463900","14390411100","4154.3957"
"20201214","01","11","    60990","JP3167680002","3175.0000","3185.0000","3105.0000","3115.0000","3110.0000","3115.0000","3095.0000","3100.0000","3175.0000","3185.0000","3095.0000","3100.0000"," ","0.0000","0.0000","90500","282540500","3121.9945"
"20201214","01","11","    61010","JP3531800005","1644.0000","1693.0000","1635.0000","1690.0000","1688.0000","1688.0000","1626.0000","1634.0000","1644.0000","1693.0000","1626.0000","1634.0000"," ","0.0000","0.0000","850700","1411818400","1659.5961"
"20201214","01","11","    61030","JP3172100004","5930.0000","6060.0000","5930.0000","6020.0000","5990.0000","6010.0000","5960.0000","5970.0000","5930.0000","6060.0000","5930.0000","5970.0000"," ","0.0000","0.0000","159600","955330000","5985.7769"
"20201214","01","11","    61040","JP3592600005","2300.0000","2329.0000","2287.0000","2326.0000","2326.0000","2330.0000","2308.0000","2310.0000","2300.0000","2330.0000","2287.0000","2310.0000"," ","0.0000","0.0000","251800","582606200","2313.7657"
"20201214","01","11","    61130","JP3122800000","1097.0000","1114.0000","1092.0000","1111.0000","1110.0000","1112.0000","1094.0000","1097.0000","1097.0000","1114.0000","1092.0000","1097.0000"," ","0.0000","0.0000","2819100","3105396500","1101.5560"
"20201214","01","11","    61180","JP3102400003","977.0000","994.0000","972.0000","988.0000","988.0000","988.0000","972.0000","980.0000","977.0000","994.0000","972.0000","980.0000"," ","0.0000","0.0000","216300","212347000","981.7245"
"20201214","01","11","    61210","JP3461800009","986.0000","995.0000","986.0000","994.0000","987.0000","994.0000","987.0000","994.0000","986.0000","995.0000","986.0000","994.0000"," ","0.0000","0.0000","10000","9918000","991.8000"
"20201214","01","11","    61340","JP3809200003","2680.0000","2732.0000","2679.0000","2729.0000","2730.0000","2730.0000","2692.0000","2705.0000","2680.0000","2732.0000","2679.0000","2705.0000"," ","0.0000","0.0000","261200","708661500","2713.0992"
"20201214","01","11","    61350","JP3862800004","3975.0000","4130.0000","3975.0000","4130.0000","4130.0000","4130.0000","4075.0000","4090.0000","3975.0000","4130.0000","3975.0000","4090.0000"," ","0.0000","0.0000","122700","500627500","4080.0937"
"20201214","01","11","    61360","JP3170800001","1880.0000","1903.0000","1873.0000","1901.0000","1902.0000","1902.0000","1884.0000","1889.0000","1880.0000","1903.0000","1873.0000","1889.0000"," ","0.0000","0.0000","194200","366804700","1888.7987"
"20201214","01","11","    61380","JP3485000008","1355.0000","1396.0000","1355.0000","1396.0000","1391.0000","1391.0000","1380.0000","1380.0000","1355.0000","1396.0000","1355.0000","1380.0000"," ","0.0000","0.0000","2000","2757700","1378.8500"
"20201214","01","11","    61400","JP3114400009","433.0000","447.0000","431.0000","445.0000","444.0000","445.0000","441.0000","444.0000","433.0000","447.0000","431.0000","444.0000"," ","0.0000","0.0000","353500","156034700","441.3994"
"20201214","01","11","    61410","JP3924800000","1629.0000","1700.0000","1629.0000","1690.0000","1693.0000","1693.0000","1660.0000","1666.0000","1629.0000","1700.0000","1629.0000","1666.0000"," ","0.0000","0.0000","1766200","2949310200","1669.8620"
"20201214","01","11","    61430","JP3434200006","841.0000","877.0000","841.0000","877.0000","877.0000","877.0000","869.0000","872.0000","841.0000","877.0000","841.0000","872.0000"," ","0.0000","0.0000","203300","176481000","868.0817"
"20201214","01","11","    61460","JP3548600000","34250.0000","34350.0000","33750.0000","33950.0000","34000.0000","34000.0000","33600.0000","33600.0000","34250.0000","34350.0000","33600.0000","33600.0000"," ","0.0000","0.0000","178900","6060505000","33876.4952"
"20201214","01","11","    61510","JP3682300003","1757.0000","1813.0000","1757.0000","1796.0000","1801.0000","1801.0000","1774.0000","1784.0000","1757.0000","1813.0000","1757.0000","1784.0000"," ","0.0000","0.0000","28800","51342600","1782.7292"
"20201214","01","11","    61570","JP3675320000","2689.0000","2710.0000","2675.0000","2697.0000","2687.0000","2699.0000","2642.0000","2644.0000","2689.0000","2710.0000","2642.0000","2644.0000"," ","0.0000","0.0000","13900","37104900","2669.4173"
"20201214","01","11","    61650","JP3782950004","466.0000","481.0000","465.0000","470.0000","470.0000","470.0000","460.0000","465.0000","466.0000","481.0000","460.0000","465.0000"," ","0.0000","0.0000","67700","31684200","468.0089"
"20201214","01","11","    61670","JP3817400009","667.0000","667.0000","660.0000","660.0000","665.0000","668.0000","660.0000","663.0000","667.0000","668.0000","660.0000","663.0000"," ","0.0000","0.0000","16600","11000900","662.7048"
"20201214","01","11","    61710","JP3639200009","362.0000","366.0000","362.0000","364.0000","365.0000","366.0000","362.0000","364.0000","362.0000","366.0000","362.0000","364.0000"," ","0.0000","0.0000","19200","6980100","363.5469"
"20201214","01","11","    61750","JP3758220002","615.0000","640.0000","613.0000","628.0000","628.0000","632.0000","616.0000","617.0000","615.0000","640.0000","613.0000","617.0000"," ","0.0000","0.0000","393100","246859600","627.9817"
"20201214","01","11","    61780","JP3752900005","772.0000","780.6000","770.8000","778.0000","776.0000","778.3000","774.5000","774.5000","772.0000","780.6000","770.8000","774.5000"," ","0.0000","0.0000","6237200","4838814770","775.7992"
"20201214","01","11","    61830","JP3835760004","1700.0000","1739.0000","1699.0000","1739.0000","1735.0000","1736.0000","1702.0000","1706.0000","1700.0000","1739.0000","1699.0000","1706.0000"," ","0.0000","0.0000","111100","190872500","1718.0243"
"20201214","01","11","    61840","JP3218950008","1042.0000","1054.0000","1023.0000","1046.0000","1045.0000","1051.0000","1039.0000","1045.0000","1042.0000","1054.0000","1023.0000","1045.0000"," ","0.0000","0.0000","621500","648178700","1042.9263"
"20201214","01","11","    61850","JP3435770007","783.0000","784.0000","773.0000","776.0000","781.0000","784.0000","777.0000","778.0000","783.0000","784.0000","773.0000","778.0000"," ","0.0000","0.0000","30800","23991500","778.9448"
"20201214","01","11","    61860","JP3141300008","361.0000","362.0000","361.0000","361.0000","361.0000","362.0000","359.0000","362.0000","361.0000","362.0000","359.0000","362.0000"," ","0.0000","0.0000","14900","5373400","360.6309"
"20201214","01","11","    61870","JP3974460002","3450.0000","3450.0000","3375.0000","3415.0000","3415.0000","3430.0000","3390.0000","3425.0000","3450.0000","3450.0000","3375.0000","3425.0000"," ","0.0000","0.0000","38300","130787000","3414.8042"
"20201214","01","11","    61890","JP3274320005","1000.0000","1008.0000","979.0000","992.0000","981.0000","1000.0000","981.0000","1000.0000","1000.0000","1008.0000","979.0000","1000.0000"," ","0.0000","0.0000","22600","22468000","994.1593"
"20201214","01","11","    61910","JP3167240005","1329.0000","1354.0000","1325.0000","1346.0000","1340.0000","1343.0000","1320.0000","1320.0000","1329.0000","1354.0000","1320.0000","1320.0000"," ","0.0000","0.0000","134100","179395700","1337.7755"
"20201214","01","11","    61920","JP3765170000","172.0000","197.0000","170.0000","185.0000","184.0000","184.0000","179.0000","182.0000","172.0000","197.0000","170.0000","182.0000"," ","0.0000","0.0000","2699600","502291400","186.0614"
"20201214","01","11","    61940","JP3121890002","2755.0000","2755.0000","2708.0000","2727.0000","2707.0000","2734.0000","2701.0000","2710.0000","2755.0000","2755.0000","2701.0000","2710.0000"," ","0.0000","0.0000","37000","100639600","2719.9892"
"20201214","01","11","    61960","JP3399780000","6140.0000","6210.0000","6110.0000","6170.0000","6150.0000","6170.0000","6050.0000","6080.0000","6140.0000","6210.0000","6050.0000","6080.0000"," ","0.0000","0.0000","66500","407393000","6126.2105"
"20201214","01","11","    61970","JP3436250009","1475.0000","1480.0000","1471.0000","1476.0000","1480.0000","1480.0000","1467.0000","1473.0000","1475.0000","1480.0000","1467.0000","1473.0000"," ","0.0000","0.0000","123300","181887100","1475.1590"
"20201214","01","11","    61990","JP3423510001","2260.0000","2305.0000","2212.0000","2256.0000","2258.0000","2268.0000","2227.0000","2240.0000","2260.0000","2305.0000","2212.0000","2240.0000"," ","0.0000","0.0000","257300","579636100","2252.7637"
"20201214","01","11","    62000","JP3152670000","3405.0000","3500.0000","3405.0000","3500.0000","3505.0000","3525.0000","3485.0000","3510.0000","3405.0000","3525.0000","3405.0000","3510.0000"," ","0.0000","0.0000","50100","174574000","3484.5110"
"20201214","01","11","    62010","JP3634600005","8000.0000","8250.0000","7950.0000","8250.0000","8240.0000","8240.0000","8100.0000","8110.0000","8000.0000","8250.0000","7950.0000","8110.0000"," ","0.0000","0.0000","519700","4222164000","8124.2332"
"20201214","01","11","    62030","JP3840600005","842.0000","871.0000","837.0000","869.0000","865.0000","867.0000","861.0000","867.0000","842.0000","871.0000","837.0000","867.0000"," ","0.0000","0.0000","130300","111850600","858.4083"
"20201214","01","11","    62050","JP3180800009","404.0000","414.0000","401.0000","412.0000","410.0000","418.0000","410.0000","417.0000","404.0000","418.0000","401.0000","417.0000"," ","0.0000","0.0000","64300","26420800","410.8989"
"20201214","01","11","    62080","JP3135200008","1807.0000","1883.0000","1789.0000","1847.0000","1840.0000","1878.0000","1833.0000","1877.0000","1807.0000","1883.0000","1789.0000","1877.0000"," ","0.0000","0.0000","302000","558276100","1848.5964"
"20201214","01","11","    62100","JP3609000009","408.0000","414.0000","408.0000","412.0000","414.0000","417.0000","413.0000","414.0000","408.0000","417.0000","408.0000","414.0000"," ","0.0000","0.0000","28200","11635500","412.6064"
"20201214","01","11","    62170","JP3533000000","920.0000","920.0000","912.0000","919.0000","919.0000","919.0000","914.0000","917.0000","920.0000","920.0000","912.0000","917.0000"," ","0.0000","0.0000","10000","9178800","917.8800"
"20201214","01","11","    62180","JP3168400004","948.0000","957.0000","937.0000","954.0000","946.0000","952.0000","945.0000","945.0000","948.0000","957.0000","937.0000","945.0000"," ","0.0000","0.0000","10500","9951500","947.7619"
"20201214","01","11","    62220","JP3356500003","1778.0000","1813.0000","1770.0000","1797.0000","1797.0000","1804.0000","1781.0000","1782.0000","1778.0000","1813.0000","1770.0000","1782.0000"," ","0.0000","0.0000","63400","113492600","1790.1041"
"20201214","01","11","    62350","JP3197760006","2255.0000","2280.0000","2230.0000","2270.0000","2268.0000","2268.0000","2235.0000","2238.0000","2255.0000","2280.0000","2230.0000","2238.0000"," ","0.0000","0.0000","208100","469011100","2253.7775"
"20201214","01","11","    62360","JP3165100003","550.0000","554.0000","549.0000","549.0000","550.0000","554.0000","549.0000","552.0000","550.0000","554.0000","549.0000","552.0000"," ","0.0000","0.0000","8100","4460000","550.6173"
"20201214","01","11","    62370","JP3150100000","847.0000","849.0000","840.0000","843.0000","840.0000","843.0000","840.0000","840.0000","847.0000","849.0000","840.0000","840.0000"," ","0.0000","0.0000","39200","32989100","841.5587"
"20201214","01","11","    62380","JP3826770004","1098.0000","1106.0000","1085.0000","1091.0000","1088.0000","1088.0000","1072.0000","1073.0000","1098.0000","1106.0000","1072.0000","1073.0000"," ","0.0000","0.0000","92500","99955800","1080.6032"
"20201214","01","11","    62400","JP3936600000","1146.0000","1177.0000","1145.0000","1175.0000","1177.0000","1180.0000","1160.0000","1160.0000","1146.0000","1180.0000","1145.0000","1160.0000"," ","0.0000","0.0000","490200","571487100","1165.8244"
"20201214","01","11","    62470","JP3784200002","830.0000","837.0000","829.0000","834.0000","848.0000","848.0000","824.0000","827.0000","830.0000","848.0000","824.0000","827.0000"," ","0.0000","0.0000","49200","40862000","830.5285"
"20201214","01","11","    62500","JP3943000004","1330.0000","1352.0000","1301.0000","1339.0000","1343.0000","1343.0000","1316.0000","1323.0000","1330.0000","1352.0000","1301.0000","1323.0000"," ","0.0000","0.0000","234600","311438600","1327.5303"
"20201214","01","11","    62580","JP3795300007","8360.0000","8410.0000","8260.0000","8370.0000","8370.0000","8370.0000","8300.0000","8350.0000","8360.0000","8410.0000","8260.0000","8350.0000"," ","0.0000","0.0000","97600","812493000","8324.7234"
"20201214","01","11","    62620","JP3836300008","338.0000","343.0000","335.0000","342.0000","342.0000","345.0000","338.0000","339.0000","338.0000","345.0000","335.0000","339.0000"," ","0.0000","0.0000","73400","24952000","339.9455"
"20201214","01","11","    62640","JP3878150006","1260.0000","1297.0000","1253.0000","1285.0000","1285.0000","1287.0000","1274.0000","1276.0000","1260.0000","1297.0000","1253.0000","1276.0000"," ","0.0000","0.0000","213600","273637600","1281.0749"
"20201214","01","11","    62660","JP3468000009","1526.0000","1546.0000","1493.0000","1539.0000","1539.0000","1539.0000","1511.0000","1521.0000","1526.0000","1546.0000","1493.0000","1521.0000"," ","0.0000","0.0000","206900","314778900","1521.4060"
"20201214","01","11","    62680","JP3651210001","4350.0000","4380.0000","4300.0000","4370.0000","4360.0000","4360.0000","4315.0000","4330.0000","4350.0000","4380.0000","4300.0000","4330.0000"," ","0.0000","0.0000","307400","1334077500","4339.8748"
"20201214","01","11","    62690","JP3888250002","1762.0000","1807.0000","1761.0000","1801.0000","1800.0000","1808.0000","1793.0000","1802.0000","1762.0000","1808.0000","1761.0000","1802.0000"," ","0.0000","0.0000","120100","215655000","1795.6286"
"20201214","01","11","    62720","JP3979400003","1115.0000","1150.0000","1115.0000","1149.0000","1149.0000","1149.0000","1133.0000","1133.0000","1115.0000","1150.0000","1115.0000","1133.0000"," ","0.0000","0.0000","49000","55684500","1136.4184"
"20201214","01","11","    62730","JP3162600005","65880.0000","66370.0000","65330.0000","66200.0000","65950.0000","65950.0000","65120.0000","65130.0000","65880.0000","66370.0000","65120.0000","65130.0000"," ","0.0000","0.0000","172900","11335353000","65560.1677"
"20201214","01","11","    62770","JP3846000002","6410.0000","6750.0000","6400.0000","6750.0000","6760.0000","6760.0000","6690.0000","6740.0000","6410.0000","6760.0000","6400.0000","6740.0000"," ","0.0000","0.0000","28500","189700000","6656.1404"
"20201214","01","11","    62780","JP3950600001","3115.0000","3155.0000","3090.0000","3155.0000","3150.0000","3150.0000","3125.0000","3125.0000","3115.0000","3155.0000","3090.0000","3125.0000"," ","0.0000","0.0000","10700","33509000","3131.6822"
"20201214","01","11","    62820","JP3174200000","1675.0000","1690.0000","1675.0000","1677.0000","1675.0000","1675.0000","1652.0000","1662.0000","1675.0000","1690.0000","1652.0000","1662.0000"," ","0.0000","0.0000","44900","74847800","1666.9889"
"20201214","01","11","    62840","JP3678200001","6030.0000","6030.0000","5880.0000","5900.0000","5900.0000","5970.0000","5870.0000","5950.0000","6030.0000","6030.0000","5870.0000","5950.0000"," ","0.0000","0.0000","37500","222929000","5944.7733"
"20201214","01","11","    62870","JP3321400008","2163.0000","2230.0000","2160.0000","2230.0000","2239.0000","2240.0000","2221.0000","2234.0000","2163.0000","2240.0000","2160.0000","2234.0000"," ","0.0000","0.0000","70200","156057900","2223.0470"
"20201214","01","11","    62890","JP3264200001","4330.0000","4425.0000","4330.0000","4400.0000","4385.0000","4385.0000","4325.0000","4325.0000","4330.0000","4425.0000","4325.0000","4325.0000"," ","0.0000","0.0000","119700","522206500","4362.6274"
"20201214","01","11","    62910","JP3688100001","1659.0000","1674.0000","1634.0000","1648.0000","1647.0000","1669.0000","1638.0000","1653.0000","1659.0000","1674.0000","1634.0000","1653.0000"," ","0.0000","0.0000","281000","465074500","1655.0694"
"20201214","01","11","    62920","JP3225900004","1035.0000","1080.0000","1028.0000","1068.0000","1053.0000","1068.0000","1031.0000","1031.0000","1035.0000","1080.0000","1028.0000","1031.0000"," ","0.0000","0.0000","29800","31279700","1049.6544"
"20201214","01","11","    62930","JP3679000004","893.0000","912.0000","893.0000","908.0000","903.0000","906.0000","901.0000","902.0000","893.0000","912.0000","893.0000","902.0000"," ","0.0000","0.0000","42100","38035500","903.4561"
"20201214","01","11","    62940","JP3191400005","1065.0000","1084.0000","1065.0000","1081.0000","1081.0000","1085.0000","1077.0000","1081.0000","1065.0000","1085.0000","1065.0000","1081.0000"," ","0.0000","0.0000","39700","42773300","1077.4131"
"20201214","01","11","    62980","JP3990600003","1142.0000","1225.0000","1139.0000","1207.0000","1205.0000","1229.0000","1180.0000","1219.0000","1142.0000","1229.0000","1139.0000","1219.0000"," ","0.0000","0.0000","1114600","1334580700","1197.3629"
"20201214","01","11","    63010","JP3304200003","2737.0000","2781.5000","2736.0000","2775.0000","2773.0000","2778.5000","2767.5000","2775.0000","2737.0000","2781.5000","2736.0000","2775.0000"," ","0.0000","0.0000","3277200","9083323650","2771.6721"
"20201214","01","11","    63020","JP3405400007","2300.0000","2398.0000","2294.0000","2387.0000","2385.0000","2403.0000","2377.0000","2393.0000","2300.0000","2403.0000","2294.0000","2393.0000"," ","0.0000","0.0000","1005500","2390687100","2377.6102"
"20201214","01","11","    63050","JP3787000003","2905.0000","2941.0000","2896.0000","2937.0000","2939.0000","2939.0000","2924.0000","2932.0000","2905.0000","2941.0000","2896.0000","2932.0000"," ","0.0000","0.0000","365500","1070458300","2928.7505"
"20201214","01","11","    63060","JP3669200002","697.0000","703.0000","696.0000","699.0000","700.0000","700.0000","688.0000","688.0000","697.0000","703.0000","688.0000","688.0000"," ","0.0000","0.0000","100000","69529000","695.2900"
"20201214","01","11","    63090","JP3631600008","1939.0000","1942.0000","1916.0000","1935.0000","1933.0000","1938.0000","1918.0000","1920.0000","1939.0000","1942.0000","1916.0000","1920.0000"," ","0.0000","0.0000","18700","36059800","1928.3316"
"20201214","01","11","    63100","JP3139600005","1388.0000","1417.0000","1385.0000","1417.0000","1410.0000","1415.0000","1399.0000","1403.0000","1388.0000","1417.0000","1385.0000","1403.0000"," ","0.0000","0.0000","34800","48911000","1405.4885"
"20201214","01","11","    63150","JP3555700008","1958.0000","1958.0000","1890.0000","1925.0000","1920.0000","1932.0000","1891.0000","1898.0000","1958.0000","1958.0000","1890.0000","1898.0000"," ","0.0000","0.0000","478000","915149800","1914.5393"
"20201214","01","11","    63160","JP3878800006","1510.0000","1535.0000","1508.0000","1512.0000","1507.0000","1518.0000","1478.0000","1486.0000","1510.0000","1535.0000","1478.0000","1486.0000"," ","0.0000","0.0000","16700","25089600","1502.3713"
"20201214","01","11","    63170","JP3237200005","1398.0000","1421.0000","1398.0000","1421.0000","1421.0000","1421.0000","1401.0000","1404.0000","1398.0000","1421.0000","1398.0000","1404.0000"," ","0.0000","0.0000","21500","30264800","1407.6651"
"20201214","01","11","    63190","JP3379600004","188.0000","191.0000","187.0000","189.0000","190.0000","190.0000","187.0000","189.0000","188.0000","191.0000","187.0000","189.0000"," ","0.0000","0.0000","96700","18249200","188.7198"
"20201214","01","11","    63230","JP3982200002","5850.0000","5890.0000","5780.0000","5800.0000","5790.0000","5790.0000","5720.0000","5740.0000","5850.0000","5890.0000","5720.0000","5740.0000"," ","0.0000","0.0000","54600","315966000","5786.9231"
"20201214","01","11","    63250","JP3453200002","705.0000","720.0000","705.0000","715.0000","720.0000","727.0000","713.0000","722.0000","705.0000","727.0000","705.0000","722.0000"," ","0.0000","0.0000","13100","9375500","715.6870"
"20201214","01","11","    63260","JP3266400005","2197.0000","2292.0000","2193.5000","2284.0000","2278.5000","2281.0000","2262.5000","2263.0000","2197.0000","2292.0000","2193.5000","2263.0000"," ","0.0000","0.0000","3249500","7345230250","2260.4186"
"20201214","01","11","    63280","JP3165950001","4050.0000","4125.0000","4035.0000","4095.0000","4095.0000","4095.0000","4020.0000","4040.0000","4050.0000","4125.0000","4020.0000","4040.0000"," ","0.0000","0.0000","28000","113750500","4062.5179"
"20201214","01","11","    63300","JP3607800004","416.0000","438.0000","416.0000","437.0000","433.0000","435.0000","416.0000","421.0000","416.0000","438.0000","416.0000","421.0000"," ","0.0000","0.0000","374600","159599100","426.0521"
"20201214","01","11","    63310","JP3896000001","3195.0000","3220.0000","3050.0000","3160.0000","3160.0000","3160.0000","3070.0000","3080.0000","3195.0000","3220.0000","3050.0000","3080.0000"," ","0.0000","0.0000","349200","1087233500","3113.4980"
"20201214","01","11","    63320","JP3532200007","1354.0000","1373.0000","1350.0000","1357.0000","1357.0000","1357.0000","1341.0000","1346.0000","1354.0000","1373.0000","1341.0000","1346.0000"," ","0.0000","0.0000","133700","180864000","1352.7599"
"20201214","01","11","    63330","JP3541800003","1276.0000","1312.0000","1276.0000","1308.0000","1310.0000","1310.0000","1287.0000","1287.0000","1276.0000","1312.0000","1276.0000","1287.0000"," ","0.0000","0.0000","20900","27106200","1296.9474"
"20201214","01","11","    63350","JP3573400003","248.0000","253.0000","248.0000","252.0000","252.0000","253.0000","251.0000","252.0000","248.0000","253.0000","248.0000","252.0000"," ","0.0000","0.0000","23300","5837700","250.5451"
"20201214","01","11","    63390","JP3378200004","768.0000","791.0000","768.0000","788.0000","785.0000","786.0000","775.0000","776.0000","768.0000","791.0000","768.0000","776.0000"," ","0.0000","0.0000","149200","116303100","779.5114"
"20201214","01","11","    63400","JP3356000004","3630.0000","3705.0000","3630.0000","3690.0000","3675.0000","3675.0000","3605.0000","3615.0000","3630.0000","3705.0000","3605.0000","3615.0000"," ","0.0000","0.0000","21000","76377500","3637.0238"
"20201214","01","11","    63450","JP3103200006","940.0000","960.0000","936.0000","959.0000","955.0000","957.0000","942.0000","945.0000","940.0000","960.0000","936.0000","945.0000"," ","0.0000","0.0000","104700","99374300","949.1337"
"20201214","01","11","    63490","JP3305800009","723.0000","737.0000","720.0000","734.0000","730.0000","734.0000","727.0000","733.0000","723.0000","737.0000","720.0000","733.0000"," ","0.0000","0.0000","134600","98378300","730.8938"
"20201214","01","11","    63510","JP3536200003","1779.0000","1816.0000","1779.0000","1811.0000","1781.0000","1796.0000","1759.0000","1765.0000","1779.0000","1816.0000","1759.0000","1765.0000"," ","0.0000","0.0000","21900","38956500","1778.8356"
"20201214","01","11","    63550","JP3405800008","2027.0000","2051.0000","2023.0000","2051.0000","2051.0000","2051.0000","2012.0000","2012.0000","2027.0000","2051.0000","2012.0000","2012.0000"," ","0.0000","0.0000","9800","19887500","2029.3367"
"20201214","01","11","    63560","JP3698800004","301.0000","301.0000","298.0000","300.0000","301.0000","301.0000","299.0000","301.0000","301.0000","301.0000","298.0000","301.0000"," ","0.0000","0.0000","15200","4564700","300.3092"
"20201214","01","11","    63580","JP3313200002","2426.0000","2426.0000","2384.0000","2384.0000","2384.0000","2404.0000","2384.0000","2401.0000","2426.0000","2426.0000","2384.0000","2401.0000"," ","0.0000","0.0000","2900","6975200","2405.2414"
"20201214","01","11","    63610","JP3166000004","3420.0000","3445.0000","3405.0000","3445.0000","3430.0000","3435.0000","3410.0000","3425.0000","3420.0000","3445.0000","3405.0000","3425.0000"," ","0.0000","0.0000","306300","1048440500","3422.9203"
"20201214","01","11","    63620","JP3134400005","2849.0000","2850.0000","2845.0000","2850.0000","2850.0000","2850.0000","2841.0000","2847.0000","2849.0000","2850.0000","2841.0000","2847.0000"," ","0.0000","0.0000","5000","14238200","2847.6400"
"20201214","01","11","    63630","JP3636600003","868.0000","891.0000","868.0000","887.0000","887.0000","889.0000","881.0000","882.0000","868.0000","891.0000","868.0000","882.0000"," ","0.0000","0.0000","34600","30582000","883.8728"
"20201214","01","11","    63640","JP3841400009","1079.0000","1091.0000","1074.0000","1088.0000","1088.0000","1088.0000","1061.0000","1064.0000","1079.0000","1091.0000","1061.0000","1064.0000"," ","0.0000","0.0000","17200","18456000","1073.0233"
"20201214","01","11","    63670","JP3481800005","22215.0000","22840.0000","22215.0000","22790.0000","22745.0000","22755.0000","22600.0000","22625.0000","22215.0000","22840.0000","22215.0000","22625.0000"," ","0.0000","0.0000","511000","11564661000","22631.4305"
"20201214","01","11","    63680","JP3201600008","6010.0000","6150.0000","6010.0000","6070.0000","6090.0000","6120.0000","6060.0000","6080.0000","6010.0000","6150.0000","6010.0000","6080.0000"," ","0.0000","0.0000","66300","404005000","6093.5897"
"20201214","01","11","    63690","JP3554400006","2140.0000","2156.0000","2135.0000","2156.0000","2152.0000","2156.0000","2139.0000","2142.0000","2140.0000","2156.0000","2135.0000","2142.0000"," ","0.0000","0.0000","78700","168917900","2146.3520"
"20201214","01","11","    63700","JP3270000007","3885.0000","3955.0000","3860.0000","3955.0000","3950.0000","3950.0000","3910.0000","3915.0000","3885.0000","3955.0000","3860.0000","3915.0000"," ","0.0000","0.0000","291400","1141839500","3918.4609"
"20201214","01","11","    63710","JP3535400000","2793.0000","2867.0000","2791.0000","2853.0000","2865.0000","2868.0000","2840.0000","2854.0000","2793.0000","2868.0000","2791.0000","2854.0000"," ","0.0000","0.0000","85300","242888400","2847.4607"
"20201214","01","11","    63730","JP3489000004","689.0000","709.0000","689.0000","706.0000","706.0000","708.0000","702.0000","708.0000","689.0000","709.0000","689.0000","708.0000"," ","0.0000","0.0000","19000","13388100","704.6368"
"20201214","01","11","    63760","JP3668000007","1034.0000","1062.0000","1034.0000","1062.0000","1062.0000","1062.0000","1051.0000","1056.0000","1034.0000","1062.0000","1034.0000","1056.0000"," ","0.0000","0.0000","209700","221126300","1054.4888"
"20201214","01","11","    63780","JP3242000002","615.0000","700.0000","606.0000","685.0000","683.0000","705.0000","673.0000","690.0000","615.0000","705.0000","606.0000","690.0000"," ","0.0000","0.0000","3235500","2185653500","675.5226"
"20201214","01","11","    63790","JP3331600001","1172.0000","1197.0000","1171.0000","1194.0000","1192.0000","1195.0000","1181.0000","1182.0000","1172.0000","1197.0000","1171.0000","1182.0000"," ","0.0000","0.0000","68900","81757200","1186.6067"
"20201214","01","11","    63810","JP3122450004","1030.0000","1039.0000","1011.0000","1037.0000","1036.0000","1037.0000","1024.0000","1029.0000","1030.0000","1039.0000","1011.0000","1029.0000"," ","0.0000","0.0000","82400","84828200","1029.4684"
"20201214","01","11","    63830","JP3497400006","12650.0000","12900.0000","12620.0000","12870.0000","12830.0000","12830.0000","12570.0000","12580.0000","12650.0000","12900.0000","12570.0000","12580.0000"," ","0.0000","0.0000","523100","6651921000","12716.3468"
"20201214","01","11","    63870","JP3322950001","3010.0000","3080.0000","2982.0000","3070.0000","3085.0000","3085.0000","3005.0000","3015.0000","3010.0000","3085.0000","2982.0000","3015.0000"," ","0.0000","0.0000","200800","608600400","3030.8785"
"20201214","01","11","    63900","JP3213800000","997.0000","1046.0000","996.0000","1037.0000","1028.0000","1029.0000","1022.0000","1027.0000","997.0000","1046.0000","996.0000","1027.0000"," ","0.0000","0.0000","71100","72725500","1022.8622"
"20201214","01","11","    63930","JP3948000009","1520.0000","1543.0000","1520.0000","1529.0000","1539.0000","1539.0000","1516.0000","1527.0000","1520.0000","1543.0000","1516.0000","1527.0000"," ","0.0000","0.0000","5000","7623100","1524.6200"
"20201214","01","11","    63950","JP3465000002","879.0000","895.0000","879.0000","894.0000","893.0000","893.0000","882.0000","882.0000","879.0000","895.0000","879.0000","882.0000"," ","0.0000","0.0000","247800","219775100","886.9052"
"20201214","01","11","    64060","JP3818800009","2185.0000","2258.0000","2180.0000","2256.0000","2247.0000","2247.0000","2225.0000","2226.0000","2185.0000","2258.0000","2180.0000","2226.0000"," ","0.0000","0.0000","85100","189649100","2228.5441"
"20201214","01","11","    64070","JP3346800000","2280.0000","2307.0000","2269.0000","2302.0000","2305.0000","2307.0000","2269.0000","2283.0000","2280.0000","2307.0000","2269.0000","2283.0000"," ","0.0000","0.0000","497500","1139020500","2289.4884"
"20201214","01","11","    64090","JP3240800007","1609.0000","1618.0000","1601.0000","1614.0000","1614.0000","1617.0000","1601.0000","1609.0000","1609.0000","1618.0000","1601.0000","1609.0000"," ","0.0000","0.0000","53800","86606700","1609.7900"
"20201214","01","11","    64120","JP3834200002","1454.0000","1473.0000","1453.0000","1471.0000","1470.0000","1474.0000","1465.0000","1465.0000","1454.0000","1474.0000","1453.0000","1465.0000"," ","0.0000","0.0000","208100","305108100","1466.1610"
"20201214","01","11","    64130","JP3974400008","1315.0000","1327.0000","1306.0000","1318.0000","1311.0000","1328.0000","1311.0000","1324.0000","1315.0000","1328.0000","1306.0000","1324.0000"," ","0.0000","0.0000","21300","28121600","1320.2629"
"20201214","01","11","    64170","JP3326410002","2669.0000","2691.0000","2655.0000","2690.0000","2690.0000","2698.0000","2680.0000","2694.0000","2669.0000","2698.0000","2655.0000","2694.0000"," ","0.0000","0.0000","366600","983596100","2683.0226"
"20201214","01","11","    64180","JP3697800005","532.0000","538.0000","532.0000","538.0000","539.0000","539.0000","532.0000","532.0000","532.0000","539.0000","532.0000","532.0000"," ","0.0000","0.0000","50800","27170700","534.8563"
"20201214","01","11","    64190","JP3860220007","1610.0000","1623.0000","1610.0000","1618.0000","1618.0000","1618.0000","1598.0000","1598.0000","1610.0000","1623.0000","1598.0000","1598.0000"," ","0.0000","0.0000","19900","32019700","1609.0302"
"20201214","01","11","    64200","JP3805150004","4605.0000","4620.0000","4515.0000","4570.0000","4585.0000","4585.0000","4555.0000","4565.0000","4605.0000","4620.0000","4515.0000","4565.0000"," ","0.0000","0.0000","37100","169692500","4573.9218"
"20201214","01","11","    64280","JP3170100006","388.0000","392.0000","388.0000","390.0000","388.0000","394.0000","388.0000","394.0000","388.0000","394.0000","388.0000","394.0000"," ","0.0000","0.0000","27900","10904000","390.8244"
"20201214","01","11","    64300","JP3483100008","864.0000","889.0000","864.0000","889.0000","886.0000","886.0000","874.0000","883.0000","864.0000","889.0000","864.0000","883.0000"," ","0.0000","0.0000","59300","52002400","876.9376"
"20201214","01","11","    64320","JP3462660006","2424.0000","2456.0000","2405.0000","2445.0000","2440.0000","2446.0000","2431.0000","2435.0000","2424.0000","2456.0000","2405.0000","2435.0000"," ","0.0000","0.0000","222500","542184400","2436.7838"
"20201214","01","11","    64360","JP3124400007","2692.0000","2723.0000","2687.0000","2717.0000","2712.0000","2749.0000","2707.0000","2736.0000","2692.0000","2749.0000","2687.0000","2736.0000"," ","0.0000","0.0000","294400","802091400","2724.4952"
"20201214","01","11","    64400","JP3390400004","527.0000","555.0000","527.0000","554.0000","554.0000","554.0000","541.0000","545.0000","527.0000","555.0000","527.0000","545.0000"," ","0.0000","0.0000","269000","146770900","545.6167"
"20201214","01","11","    64440","JP3336400001","359.0000","364.0000","352.0000","364.0000","368.0000","377.0000","358.0000","372.0000","359.0000","377.0000","352.0000","372.0000"," ","0.0000","0.0000","441900","160604700","363.4413"
"20201214","01","11","    64450","JP3389400007","806.0000","818.0000","800.0000","814.0000","812.0000","812.0000","803.0000","810.0000","806.0000","818.0000","800.0000","810.0000"," ","0.0000","0.0000","217600","176010000","808.8695"
"20201214","01","11","    64480","JP3830000000","2058.0000","2106.0000","2051.0000","2105.0000","2092.0000","2092.0000","2069.0000","2079.0000","2058.0000","2106.0000","2051.0000","2079.0000"," ","0.0000","0.0000","570600","1187153000","2080.5345"
"20201214","01","11","    64540","JP3864800002","1400.0000","1421.0000","1400.0000","1420.0000","1428.0000","1430.0000","1402.0000","1405.0000","1400.0000","1430.0000","1400.0000","1405.0000"," ","0.0000","0.0000","71400","100693500","1410.2731"
"20201214","01","11","    64550","JP3925600003","1705.0000","1733.0000","1705.0000","1733.0000","1725.0000","1728.0000","1697.0000","1702.0000","1705.0000","1733.0000","1697.0000","1702.0000"," ","0.0000","0.0000","34200","58433500","1708.5819"
"20201214","01","11","    64570","JP3274400005","2050.0000","2084.0000","2044.0000","2078.0000","2080.0000","2080.0000","2061.0000","2066.0000","2050.0000","2084.0000","2044.0000","2066.0000"," ","0.0000","0.0000","364400","752767900","2065.7736"
"20201214","01","11","    64580","JP3372800007","1685.0000","1709.0000","1673.0000","1709.0000","1706.0000","1706.0000","1682.0000","1687.0000","1685.0000","1709.0000","1673.0000","1687.0000"," ","0.0000","0.0000","49000","82851100","1690.8388"
"20201214","01","11","    64590","JP3505800007","1161.0000","1206.0000","1149.0000","1203.0000","1207.0000","1220.0000","1190.0000","1199.0000","1161.0000","1220.0000","1149.0000","1199.0000"," ","0.0000","0.0000","210700","250512100","1188.9516"
"20201214","01","11","    64600","JP3419050004","1525.0000","1553.0000","1523.0000","1552.0000","1552.0000","1557.0000","1539.0000","1551.0000","1525.0000","1557.0000","1523.0000","1551.0000"," ","0.0000","0.0000","1061800","1641488700","1545.9490"
"20201214","01","11","    64610","JP3747400004","1042.0000","1062.0000","1039.0000","1058.0000","1053.0000","1054.0000","1043.0000","1044.0000","1042.0000","1062.0000","1039.0000","1044.0000"," ","0.0000","0.0000","28600","30039800","1050.3427"
"20201214","01","11","    64620","JP3970600007","2226.0000","2259.0000","2201.0000","2249.0000","2245.0000","2245.0000","2220.0000","2240.0000","2226.0000","2259.0000","2201.0000","2240.0000"," ","0.0000","0.0000","43300","96741900","2234.2240"
"20201214","01","11","    64630","JP3542400001","1466.0000","1504.0000","1458.0000","1485.0000","1486.0000","1486.0000","1463.0000","1471.0000","1466.0000","1504.0000","1458.0000","1471.0000"," ","0.0000","0.0000","120500","178149400","1478.4183"
"20201214","01","11","    64640","JP3534410000","933.0000","964.0000","933.0000","964.0000","965.0000","965.0000","950.0000","953.0000","933.0000","965.0000","933.0000","953.0000"," ","0.0000","0.0000","230300","219791200","954.3691"
"20201214","01","11","    64650","JP3845770001","9980.0000","10240.0000","9980.0000","10220.0000","10200.0000","10200.0000","10040.0000","10040.0000","9980.0000","10240.0000","9980.0000","10040.0000"," ","0.0000","0.0000","110200","1111264000","10084.0653"
"20201214","01","11","    64700","JP3449080005","800.0000","857.0000","798.0000","851.0000","856.0000","857.0000","841.0000","857.0000","800.0000","857.0000","798.0000","857.0000"," ","0.0000","0.0000","1383300","1169989800","845.7961"
"20201214","01","11","    64710","JP3720800006","912.0000","938.0000","910.0000","938.0000","938.0000","938.0000","927.0000","931.0000","912.0000","938.0000","910.0000","931.0000"," ","0.0000","0.0000","1775200","1649334200","929.0977"
"20201214","01","11","    64720","JP3165600002","249.0000","257.0000","248.0000","255.0000","255.0000","256.0000","253.0000","255.0000","249.0000","257.0000","248.0000","255.0000"," ","0.0000","0.0000","4899100","1241803400","253.4758"
"20201214","01","11","    64730","JP3292200007","772.0000","818.0000","770.0000","812.0000","810.0000","812.0000","806.0000","811.0000","772.0000","818.0000","770.0000","811.0000"," ","0.0000","0.0000","2194600","1767094500","805.2012"
"20201214","01","11","    64740","JP3813200007","4220.0000","4320.0000","4200.0000","4300.0000","4280.0000","4285.0000","4240.0000","4245.0000","4220.0000","4320.0000","4200.0000","4245.0000"," ","0.0000","0.0000","36600","156117000","4265.4918"
"20201214","01","11","    64790","JP3906000009","2126.0000","2165.0000","2126.0000","2159.0000","2151.0000","2156.0000","2141.0000","2150.0000","2126.0000","2165.0000","2126.0000","2150.0000"," ","0.0000","0.0000","886600","1905366400","2149.0711"
"20201214","01","11","    64800","JP3739400004","376.0000","386.0000","376.0000","383.0000","382.0000","383.0000","378.0000","379.0000","376.0000","386.0000","376.0000","379.0000"," ","0.0000","0.0000","312900","119375900","381.5145"
"20201214","01","11","    64810","JP3539250005","3335.0000","3375.0000","3325.0000","3350.0000","3340.0000","3345.0000","3305.0000","3310.0000","3335.0000","3375.0000","3305.0000","3310.0000"," ","0.0000","0.0000","479100","1595523500","3330.2515"
"20201214","01","11","    64820","JP3944500002","920.0000","925.0000","896.0000","910.0000","912.0000","912.0000","901.0000","902.0000","920.0000","925.0000","896.0000","902.0000"," ","0.0000","0.0000","140900","127690500","906.2491"
"20201214","01","11","    64850","JP3860300007","2384.0000","2384.0000","2384.0000","2384.0000","2384.0000","2384.0000","2350.0000","2350.0000","2384.0000","2384.0000","2350.0000","2350.0000"," ","0.0000","0.0000","3800","8957700","2357.2895"
"20201214","01","11","    64860","JP3130400009","974.0000","1003.0000","974.0000","1002.0000","1000.0000","1009.0000","996.0000","1000.0000","974.0000","1009.0000","974.0000","1000.0000"," ","0.0000","0.0000","162800","162467700","997.9588"
"20201214","01","11","    64890","JP3860400005","459.0000","461.0000","455.0000","458.0000","458.0000","458.0000","451.0000","451.0000","459.0000","461.0000","451.0000","451.0000"," ","0.0000","0.0000","24300","11041600","454.3868"
"20201214","01","11","    64900","JP3747800005","1600.0000","1612.0000","1598.0000","1606.0000","1606.0000","1606.0000","1571.0000","1583.0000","1600.0000","1612.0000","1571.0000","1583.0000"," ","0.0000","0.0000","49900","79534900","1593.8858"
"20201214","01","11","    64980","JP3240700009","645.0000","668.0000","645.0000","667.0000","666.0000","666.0000","651.0000","653.0000","645.0000","668.0000","645.0000","653.0000"," ","0.0000","0.0000","413700","271719900","656.8042"
"20201214","01","11","    65010","JP3788600009","4185.0000","4218.0000","4166.0000","4190.0000","4188.0000","4204.0000","4173.0000","4174.0000","4185.0000","4218.0000","4166.0000","4174.0000"," ","0.0000","0.0000","2850100","11939209900","4189.0495"
"20201214","01","11","    65030","JP3902400005","1488.5000","1545.5000","1487.0000","1540.5000","1539.0000","1539.5000","1529.5000","1531.5000","1488.5000","1545.5000","1487.0000","1531.5000"," ","0.0000","0.0000","3686300","5640426200","1530.1050"
"20201214","01","11","    65040","JP3820000002","3660.0000","3675.0000","3625.0000","3650.0000","3635.0000","3645.0000","3615.0000","3635.0000","3660.0000","3675.0000","3615.0000","3635.0000"," ","0.0000","0.0000","435000","1582682000","3638.3494"
"20201214","01","11","    65050","JP3617000009","1173.0000","1185.0000","1170.0000","1180.0000","1173.0000","1176.0000","1159.0000","1162.0000","1173.0000","1185.0000","1159.0000","1162.0000"," ","0.0000","0.0000","21500","25166500","1170.5349"
"20201214","01","11","    65060","JP3932000007","4830.0000","4875.0000","4820.0000","4850.0000","4845.0000","4850.0000","4820.0000","4830.0000","4830.0000","4875.0000","4820.0000","4830.0000"," ","0.0000","0.0000","1042100","5042060500","4838.3653"
"20201214","01","11","    65070","JP3375400003","1498.0000","1538.0000","1482.0000","1531.0000","1535.0000","1540.0000","1515.0000","1521.0000","1498.0000","1540.0000","1482.0000","1521.0000"," ","0.0000","0.0000","237400","359376700","1513.8024"
"20201214","01","11","    65080","JP3919800007","2176.0000","2243.0000","2176.0000","2235.0000","2236.0000","2241.0000","2202.0000","2206.0000","2176.0000","2243.0000","2176.0000","2206.0000"," ","0.0000","0.0000","484000","1071970100","2214.8143"
"20201214","01","11","    65130","JP3200400004","1342.0000","1342.0000","1337.0000","1337.0000","1334.0000","1339.0000","1334.0000","1339.0000","1342.0000","1342.0000","1334.0000","1339.0000"," ","0.0000","0.0000","8400","11243700","1338.5357"
"20201214","01","11","    65160","JP3340800006","5110.0000","5240.0000","5110.0000","5240.0000","5260.0000","5260.0000","5200.0000","5210.0000","5110.0000","5260.0000","5110.0000","5210.0000"," ","0.0000","0.0000","21800","113513000","5207.0183"
"20201214","01","11","    65170","JP3551600004","2122.0000","2143.0000","2122.0000","2137.0000","2119.0000","2124.0000","2095.0000","2113.0000","2122.0000","2143.0000","2095.0000","2113.0000"," ","0.0000","0.0000","21300","45070600","2115.9906"
"20201214","01","11","    65320","JP3835250006","16020.0000","16320.0000","15770.0000","16320.0000","16170.0000","16280.0000","16110.0000","16150.0000","16020.0000","16320.0000","15770.0000","16150.0000"," ","0.0000","0.0000","134800","2172307000","16115.0371"
"20201214","01","11","    65330","JP3549040008","2358.0000","2426.0000","2340.0000","2370.0000","2365.0000","2368.0000","2320.0000","2335.0000","2358.0000","2426.0000","2320.0000","2335.0000"," ","0.0000","0.0000","128600","303885700","2363.0303"
"20201214","01","11","    65350","JP3105210003","1477.0000","1545.0000","1409.0000","1448.0000","1444.0000","1448.0000","1405.0000","1416.0000","1477.0000","1545.0000","1405.0000","1416.0000"," ","0.0000","0.0000","1149000","1665665800","1449.6656"
"20201214","01","11","    65380","JP3244440008","760.0000","774.0000","742.0000","771.0000","769.0000","785.0000","763.0000","778.0000","760.0000","785.0000","742.0000","778.0000"," ","0.0000","0.0000","252000","193377100","767.3694"
"20201214","01","11","    65390","JP3167330004","853.0000","878.0000","853.0000","871.0000","871.0000","885.0000","867.0000","878.0000","853.0000","885.0000","853.0000","878.0000"," ","0.0000","0.0000","132900","116121400","873.7502"
"20201214","01","11","    65400","JP3426050005","916.0000","916.0000","902.0000","902.0000","907.0000","915.0000","907.0000","915.0000","916.0000","916.0000","902.0000","915.0000"," ","0.0000","0.0000","3200","2919700","912.4063"
"20201214","01","11","    65410","JP3274260003","7120.0000","7170.0000","6900.0000","7050.0000","7050.0000","7050.0000","6920.0000","6950.0000","7120.0000","7170.0000","6900.0000","6950.0000"," ","0.0000","0.0000","145200","1015069000","6990.8333"
"20201214","01","11","    65440","JP3389510003","4815.0000","4910.0000","4785.0000","4900.0000","4900.0000","4900.0000","4830.0000","4870.0000","4815.0000","4910.0000","4785.0000","4870.0000"," ","0.0000","0.0000","186700","907855000","4862.6406"
"20201214","01","11","    65460","JP3828350003","1490.0000","1494.0000","1489.0000","1489.0000","1492.0000","1495.0000","1489.0000","1492.0000","1490.0000","1495.0000","1489.0000","1492.0000"," ","0.0000","0.0000","5700","8500800","1491.3684"
"20201214","01","11","    65470","JP3274090004","480.0000","493.0000","480.0000","487.0000","485.0000","493.0000","485.0000","491.0000","480.0000","493.0000","480.0000","491.0000"," ","0.0000","0.0000","94600","46188200","488.2474"
"20201214","01","11","    65510","JP3534100007","333.0000","336.0000","331.0000","334.0000","332.0000","334.0000","330.0000","334.0000","333.0000","336.0000","330.0000","334.0000"," ","0.0000","0.0000","50000","16614300","332.2860"
"20201214","01","11","    65520","JP3282230006","581.0000","586.0000","576.0000","585.0000","585.0000","585.0000","580.0000","583.0000","581.0000","586.0000","576.0000","583.0000"," ","0.0000","0.0000","19200","11183400","582.4688"
"20201214","01","11","    65530","JP3433050006","1522.0000","1545.0000","1512.0000","1540.0000","1537.0000","1546.0000","1526.0000","1538.0000","1522.0000","1546.0000","1512.0000","1538.0000"," ","0.0000","0.0000","33000","50317700","1524.7788"
"20201214","01","11","    65550","JP3167340003","630.0000","630.0000","620.0000","622.0000","624.0000","629.0000","619.0000","621.0000","630.0000","630.0000","619.0000","621.0000"," ","0.0000","0.0000","33700","21014300","623.5697"
"20201214","01","11","    65600","JP3167710007","4600.0000","4600.0000","4485.0000","4530.0000","4530.0000","4535.0000","4485.0000","4500.0000","4600.0000","4600.0000","4485.0000","4500.0000"," ","0.0000","0.0000","47900","216981500","4529.8852"
"20201214","01","11","    65640","JP3887800005","3220.0000","3285.0000","3205.0000","3270.0000","3270.0000","3310.0000","3250.0000","3290.0000","3220.0000","3310.0000","3205.0000","3290.0000"," ","0.0000","0.0000","56400","184557500","3272.2961"
"20201214","01","11","    65690","JP3679860001","754.0000","765.0000","748.0000","762.0000","763.0000","763.0000","754.0000","757.0000","754.0000","765.0000","748.0000","757.0000"," ","0.0000","0.0000","212500","161158000","758.3906"
"20201214","01","11","    65710","JP3244750000","1500.0000","1505.0000","1489.0000","1501.0000","1501.0000","1501.0000","1486.0000","1488.0000","1500.0000","1505.0000","1486.0000","1488.0000"," ","0.0000","0.0000","104300","155701200","1492.8207"
"20201214","01","11","    65720","JP3100550007","639.0000","648.0000","639.0000","643.0000","643.0000","654.0000","641.0000","647.0000","639.0000","654.0000","639.0000","647.0000"," ","0.0000","0.0000","183600","118698200","646.5044"
"20201214","01","11","    65840","JP3325200008","909.0000","936.0000","901.0000","927.0000","921.0000","1004.0000","912.0000","973.0000","909.0000","1004.0000","901.0000","973.0000"," ","0.0000","0.0000","8092200","7640128800","944.1349"
"20201214","01","11","    65860","JP3862400003","5500.0000","5560.0000","5450.0000","5560.0000","5530.0000","5530.0000","5450.0000","5450.0000","5500.0000","5560.0000","5450.0000","5450.0000"," ","0.0000","0.0000","512000","2807054000","5482.5273"
"20201214","01","11","    65880","JP3594000006","3850.0000","3940.0000","3850.0000","3930.0000","3915.0000","3920.0000","3885.0000","3885.0000","3850.0000","3940.0000","3850.0000","3885.0000"," ","0.0000","0.0000","85000","331421500","3899.0765"
"20201214","01","11","    65900","JP3355000005","4230.0000","4395.0000","4190.0000","4380.0000","4380.0000","4500.0000","4330.0000","4480.0000","4230.0000","4500.0000","4190.0000","4480.0000"," ","0.0000","0.0000","66800","292497500","4378.7051"
"20201214","01","11","    65920","JP3870000001","4525.0000","4580.0000","4510.0000","4570.0000","4565.0000","4565.0000","4535.0000","4565.0000","4525.0000","4580.0000","4510.0000","4565.0000"," ","0.0000","0.0000","226000","1029450500","4555.0907"
"20201214","01","11","    65940","JP3734800000","12680.0000","12820.0000","12565.0000","12800.0000","12815.0000","12820.0000","12670.0000","12675.0000","12680.0000","12820.0000","12565.0000","12675.0000"," ","0.0000","0.0000","1890600","24062542500","12727.4635"
"20201214","01","11","    66150","JP3944330004","470.0000","482.0000","451.0000","478.0000","474.0000","474.0000","460.0000","461.0000","470.0000","482.0000","451.0000","461.0000"," ","0.0000","0.0000","257100","119184900","463.5741"
"20201214","01","11","    66160","JP3637280003","1360.0000","1393.0000","1336.0000","1387.0000","1392.0000","1404.0000","1367.0000","1381.0000","1360.0000","1404.0000","1336.0000","1381.0000"," ","0.0000","0.0000","29900","41150500","1376.2709"
"20201214","01","11","    66170","JP3591600006","1701.0000","1801.0000","1674.0000","1796.0000","1810.0000","1814.0000","1765.0000","1777.0000","1701.0000","1814.0000","1674.0000","1777.0000"," ","0.0000","0.0000","476400","831344100","1745.0548"
"20201214","01","11","    66190","JP3505970008","934.0000","955.0000","919.0000","926.0000","925.0000","925.0000","906.0000","909.0000","934.0000","955.0000","906.0000","909.0000"," ","0.0000","0.0000","1821400","1683637500","924.3645"
"20201214","01","11","    66200","JP3907850006","688.0000","688.0000","670.0000","671.0000","671.0000","673.0000","666.0000","667.0000","688.0000","688.0000","666.0000","667.0000"," ","0.0000","0.0000","38300","25792900","673.4439"
"20201214","01","11","    66220","JP3497800007","4890.0000","4945.0000","4880.0000","4935.0000","4925.0000","4930.0000","4900.0000","4910.0000","4890.0000","4945.0000","4880.0000","4910.0000"," ","0.0000","0.0000","45600","223998000","4912.2368"
"20201214","01","11","    66300","JP3930050004","2241.0000","2245.0000","2075.0000","2113.0000","2112.0000","2124.0000","2048.0000","2050.0000","2241.0000","2245.0000","2048.0000","2050.0000"," ","0.0000","0.0000","2481000","5226273400","2106.5189"
"20201214","01","11","    66320","JP3386410009","147.0000","150.0000","147.0000","149.0000","150.0000","151.0000","149.0000","150.0000","147.0000","151.0000","147.0000","150.0000"," ","0.0000","0.0000","1521200","227141900","149.3176"
"20201214","01","11","    66380","JP3907150001","528.0000","528.0000","517.0000","526.0000","529.0000","530.0000","522.0000","530.0000","528.0000","530.0000","517.0000","530.0000"," ","0.0000","0.0000","28800","15164600","526.5486"
"20201214","01","11","    66400","JP3476210004","2020.0000","2083.0000","2019.0000","2083.0000","2090.0000","2090.0000","2054.0000","2062.0000","2020.0000","2090.0000","2019.0000","2062.0000"," ","0.0000","0.0000","108100","222612000","2059.3154"
"20201214","01","11","    66410","JP3677600003","1139.0000","1165.0000","1135.0000","1165.0000","1165.0000","1165.0000","1156.0000","1158.0000","1139.0000","1165.0000","1135.0000","1158.0000"," ","0.0000","0.0000","132800","153546100","1156.2206"
"20201214","01","11","    66440","JP3187600006","557.0000","569.0000","557.0000","566.0000","567.0000","568.0000","562.0000","562.0000","557.0000","569.0000","557.0000","562.0000"," ","0.0000","0.0000","98900","55876600","564.9808"
"20201214","01","11","    66450","JP3197800000","8840.0000","9050.0000","8840.0000","9040.0000","9030.0000","9040.0000","8980.0000","9000.0000","8840.0000","9050.0000","8840.0000","9000.0000"," ","0.0000","0.0000","495000","4453020000","8996.0000"
"20201214","01","11","    66510","JP3682400001","1970.0000","2001.0000","1958.0000","2001.0000","2001.0000","2003.0000","1981.0000","1986.0000","1970.0000","2003.0000","1958.0000","1986.0000"," ","0.0000","0.0000","67500","134067100","1986.1793"
"20201214","01","11","    66520","JP3138800002","1835.0000","1883.0000","1835.0000","1882.0000","1875.0000","1875.0000","1856.0000","1856.0000","1835.0000","1883.0000","1835.0000","1856.0000"," ","0.0000","0.0000","37000","68875700","1861.5054"
"20201214","01","11","    66530","JP3414900005","2242.0000","2307.0000","2208.0000","2228.0000","2230.0000","2250.0000","2194.0000","2211.0000","2242.0000","2307.0000","2194.0000","2211.0000"," ","0.0000","0.0000","161600","360624300","2231.5860"
"20201214","01","11","    66540","JP3820500001","1305.0000","1312.0000","1298.0000","1303.0000","1305.0000","1305.0000","1298.0000","1299.0000","1305.0000","1312.0000","1298.0000","1299.0000"," ","0.0000","0.0000","14700","19132300","1301.5170"
"20201214","01","11","    66740","JP3385820000","2660.0000","2716.0000","2650.0000","2685.0000","2695.0000","2716.0000","2688.0000","2715.0000","2660.0000","2716.0000","2650.0000","2715.0000"," ","0.0000","0.0000","453900","1224563400","2697.8705"
"20201214","01","11","    66750","JP3471200000","1419.0000","1464.0000","1419.0000","1452.0000","1452.0000","1452.0000","1427.0000","1427.0000","1419.0000","1464.0000","1419.0000","1427.0000"," ","0.0000","0.0000","13200","19068800","1444.6061"
"20201214","01","11","    66760","JP3921080002","3310.0000","3355.0000","3295.0000","3350.0000","3345.0000","3350.0000","3290.0000","3325.0000","3310.0000","3355.0000","3290.0000","3325.0000"," ","0.0000","0.0000","32700","108704000","3324.2813"
"20201214","01","11","    66780","JP3545110003","1493.0000","1496.0000","1486.0000","1495.0000","1495.0000","1495.0000","1488.0000","1488.0000","1493.0000","1496.0000","1486.0000","1488.0000"," ","0.0000","0.0000","18700","27891700","1491.5348"
"20201214","01","11","    66990","JP3499480006","1350.0000","1417.0000","1313.0000","1402.0000","1400.0000","1426.0000","1345.0000","1363.0000","1350.0000","1426.0000","1313.0000","1363.0000"," ","0.0000","0.0000","547500","748179300","1366.5375"
"20201214","01","11","    67010","JP3733000008","5390.0000","5490.0000","5380.0000","5480.0000","5510.0000","5510.0000","5460.0000","5480.0000","5390.0000","5510.0000","5380.0000","5480.0000"," ","0.0000","0.0000","941000","5143299000","5465.7800"
"20201214","01","11","    67020","JP3818000006","13895.0000","14060.0000","13860.0000","14020.0000","13955.0000","13980.0000","13820.0000","13820.0000","13895.0000","14060.0000","13820.0000","13820.0000"," ","0.0000","0.0000","537900","7484043500","13913.4477"
"20201214","01","11","    67030","JP3194000000","913.0000","926.0000","909.0000","923.0000","920.0000","924.0000","917.0000","920.0000","913.0000","926.0000","909.0000","920.0000"," ","0.0000","0.0000","392800","361411800","920.0911"
"20201214","01","11","    67040","JP3150400004","847.0000","850.0000","847.0000","847.0000","849.0000","849.0000","845.0000","848.0000","847.0000","850.0000","845.0000","848.0000"," ","0.0000","0.0000","9100","7714000","847.6923"
"20201214","01","11","    67060","JP3550000008","2766.0000","2777.0000","2728.0000","2755.0000","2747.0000","2758.0000","2737.0000","2747.0000","2766.0000","2777.0000","2728.0000","2747.0000"," ","0.0000","0.0000","40200","110510500","2749.0174"
"20201214","01","11","    67070","JP3329600005","3865.0000","3895.0000","3830.0000","3885.0000","3900.0000","3935.0000","3880.0000","3895.0000","3865.0000","3935.0000","3830.0000","3895.0000"," ","0.0000","0.0000","92800","361189000","3892.1228"
"20201214","01","11","    67150","JP3646800007","1500.0000","1500.0000","1488.0000","1488.0000","1496.0000","1496.0000","1492.0000","1492.0000","1500.0000","1500.0000","1488.0000","1492.0000"," ","0.0000","0.0000","3700","5534300","1495.7568"
"20201214","01","11","    67180","JP3105050003","1700.0000","1701.0000","1685.0000","1693.0000","1670.0000","1695.0000","1654.0000","1659.0000","1700.0000","1701.0000","1654.0000","1659.0000"," ","0.0000","0.0000","21700","36309600","1673.2535"
"20201214","01","11","    67230","JP3164720009","1015.0000","1047.0000","1010.0000","1045.0000","1047.0000","1047.0000","1037.0000","1043.0000","1015.0000","1047.0000","1010.0000","1043.0000"," ","0.0000","0.0000","6007000","6224907500","1036.2756"
"20201214","01","11","    67240","JP3414750004","1613.0000","1679.0000","1610.0000","1668.0000","1669.0000","1673.0000","1656.0000","1661.0000","1613.0000","1679.0000","1610.0000","1661.0000"," ","0.0000","0.0000","1330300","2207109400","1659.1065"
"20201214","01","11","    67270","JP3993400005","971.0000","986.0000","947.0000","984.0000","981.0000","982.0000","970.0000","972.0000","971.0000","986.0000","947.0000","972.0000"," ","0.0000","0.0000","2025400","1967602400","971.4636"
"20201214","01","11","    67280","JP3126190002","4510.0000","4540.0000","4455.0000","4510.0000","4510.0000","4525.0000","4480.0000","4495.0000","4510.0000","4540.0000","4455.0000","4495.0000"," ","0.0000","0.0000","275900","1241713000","4500.5908"
"20201214","01","11","    67300","JP3108080007","755.0000","764.0000","744.0000","760.0000","755.0000","765.0000","752.0000","764.0000","755.0000","765.0000","744.0000","764.0000"," ","0.0000","0.0000","67700","51216500","756.5214"
"20201214","01","11","    67370","JP3651080008","3820.0000","3850.0000","3815.0000","3840.0000","3830.0000","3830.0000","3790.0000","3790.0000","3820.0000","3850.0000","3790.0000","3790.0000"," ","0.0000","0.0000","25100","95669500","3811.5339"
"20201214","01","11","    67400","JP3389660006","50.0000","50.0000","49.0000","50.0000","50.0000","50.0000","49.0000","50.0000","50.0000","50.0000","49.0000","50.0000"," ","0.0000","0.0000","2600200","129467800","49.7915"
"20201214","01","11","    67410","JP3716000009","954.0000","969.0000","950.0000","968.0000","970.0000","971.0000","958.0000","962.0000","954.0000","971.0000","950.0000","962.0000"," ","0.0000","0.0000","194700","187078100","960.8531"
"20201214","01","11","    67420","JP3248800009","438.0000","447.0000","438.0000","445.0000","442.0000","445.0000","440.0000","441.0000","438.0000","447.0000","438.0000","441.0000"," ","0.0000","0.0000","71300","31552400","442.5302"
"20201214","01","11","    67440","JP3759800000","2366.0000","2382.0000","2341.0000","2382.0000","2386.0000","2386.0000","2341.0000","2341.0000","2366.0000","2386.0000","2341.0000","2341.0000"," ","0.0000","0.0000","48200","113446400","2353.6598"
"20201214","01","11","    67450","JP3837400005","1295.0000","1299.0000","1279.0000","1299.0000","1299.0000","1302.0000","1291.0000","1300.0000","1295.0000","1302.0000","1279.0000","1300.0000"," ","0.0000","0.0000","30900","40072700","1296.8511"
"20201214","01","11","    67480","JP3418400002","685.0000","709.0000","685.0000","706.0000","706.0000","707.0000","696.0000","705.0000","685.0000","709.0000","685.0000","705.0000"," ","0.0000","0.0000","91300","63972100","700.6802"
"20201214","01","11","    67500","JP3168200008","4900.0000","4980.0000","4890.0000","4945.0000","4945.0000","4950.0000","4900.0000","4915.0000","4900.0000","4980.0000","4890.0000","4915.0000"," ","0.0000","0.0000","106700","525857500","4928.3739"
"20201214","01","11","    67520","JP3866800000","1162.5000","1174.0000","1160.0000","1171.5000","1168.0000","1171.0000","1163.0000","1168.5000","1162.5000","1174.0000","1160.0000","1168.5000"," ","0.0000","0.0000","4431500","5175089200","1167.7963"
"20201214","01","11","    67530","JP3359600008","1391.0000","1425.0000","1390.0000","1421.0000","1418.0000","1420.0000","1407.0000","1412.0000","1391.0000","1425.0000","1390.0000","1412.0000"," ","0.0000","0.0000","2044100","2886558000","1412.1413"
"20201214","01","11","    67540","JP3128800004","2300.0000","2320.0000","2295.0000","2317.0000","2313.0000","2319.0000","2311.0000","2319.0000","2300.0000","2320.0000","2295.0000","2319.0000"," ","0.0000","0.0000","1543800","3570984200","2313.1132"
"20201214","01","11","    67550","JP3818400008","2816.0000","2827.0000","2787.0000","2807.0000","2805.0000","2815.0000","2801.0000","2810.0000","2816.0000","2827.0000","2787.0000","2810.0000"," ","0.0000","0.0000","245300","688512300","2806.8174"
"20201214","01","11","    67580","JP3435000009","9825.0000","9835.0000","9741.0000","9799.0000","9794.0000","9824.0000","9781.0000","9783.0000","9825.0000","9835.0000","9741.0000","9783.0000"," ","0.0000","0.0000","3498300","34253386000","9791.4376"
"20201214","01","11","    67620","JP3538800008","13750.0000","14000.0000","13730.0000","13950.0000","13940.0000","14000.0000","13920.0000","14000.0000","13750.0000","14000.0000","13730.0000","14000.0000"," ","0.0000","0.0000","580900","8096573000","13937.9807"
"20201214","01","11","    67630","JP3541600007","1159.0000","1162.0000","1155.0000","1162.0000","1156.0000","1162.0000","1156.0000","1160.0000","1159.0000","1162.0000","1155.0000","1160.0000"," ","0.0000","0.0000","5400","6260800","1159.4074"
"20201214","01","11","    67680","JP3471000004","577.0000","599.0000","577.0000","591.0000","592.0000","592.0000","587.0000","589.0000","577.0000","599.0000","577.0000","589.0000"," ","0.0000","0.0000","546300","321796100","589.0465"
"20201214","01","11","    67700","JP3126400005","1270.0000","1297.0000","1269.0000","1297.0000","1297.0000","1297.0000","1271.0000","1277.0000","1270.0000","1297.0000","1269.0000","1277.0000"," ","0.0000","0.0000","1681500","2157239900","1282.9259"
"20201214","01","11","    67710","JP3132000005","939.0000","957.0000","923.0000","923.0000","920.0000","931.0000","920.0000","926.0000","939.0000","957.0000","920.0000","926.0000"," ","0.0000","0.0000","19200","17915300","933.0885"
"20201214","01","11","    67790","JP3737800007","670.0000","677.0000","642.0000","672.0000","664.0000","682.0000","654.0000","657.0000","670.0000","682.0000","642.0000","657.0000"," ","0.0000","0.0000","800900","528364300","659.7132"
"20201214","01","11","    67850","JP3397210000","1118.0000","1208.0000","1118.0000","1170.0000","1165.0000","1170.0000","1131.0000","1144.0000","1118.0000","1208.0000","1118.0000","1144.0000"," ","0.0000","0.0000","385000","445525600","1157.2094"
"20201214","01","11","    67880","JP3739700007","4170.0000","4200.0000","4080.0000","4090.0000","4090.0000","4090.0000","4055.0000","4065.0000","4170.0000","4200.0000","4055.0000","4065.0000"," ","0.0000","0.0000","19800","81125000","4097.2222"
"20201214","01","11","    67890","JP3983450002","1934.0000","1960.0000","1920.0000","1959.0000","1954.0000","1960.0000","1934.0000","1937.0000","1934.0000","1960.0000","1920.0000","1937.0000"," ","0.0000","0.0000","103000","199747900","1939.3000"
"20201214","01","11","    67940","JP3802800007","1225.0000","1231.0000","1210.0000","1222.0000","1225.0000","1228.0000","1219.0000","1228.0000","1225.0000","1231.0000","1210.0000","1228.0000"," ","0.0000","0.0000","146500","179083300","1222.4116"
"20201214","01","11","    67980","JP3162400000","2962.0000","3050.0000","2962.0000","3045.0000","3020.0000","3035.0000","3015.0000","3015.0000","2962.0000","3050.0000","2962.0000","3015.0000"," ","0.0000","0.0000","7600","22947000","3019.3421"
"20201214","01","11","    68000","JP3954200006","2585.0000","2619.0000","2563.0000","2616.0000","2612.0000","2628.0000","2604.0000","2624.0000","2585.0000","2628.0000","2563.0000","2624.0000"," ","0.0000","0.0000","104400","272548800","2610.6207"
"20201214","01","11","    68030","JP3539200000","106.0000","109.0000","104.0000","107.0000","107.0000","108.0000","106.0000","107.0000","106.0000","109.0000","104.0000","107.0000"," ","0.0000","0.0000","421800","44760200","106.1171"
"20201214","01","11","    68040","JP3845800006","975.0000","1007.0000","973.0000","1005.0000","1003.0000","1010.0000","997.0000","1003.0000","975.0000","1010.0000","973.0000","1003.0000"," ","0.0000","0.0000","814800","814196700","999.2596"
"20201214","01","11","    68060","JP3799000009","15190.0000","15220.0000","15100.0000","15220.0000","15180.0000","15200.0000","15130.0000","15170.0000","15190.0000","15220.0000","15100.0000","15170.0000"," ","0.0000","0.0000","85300","1294039000","15170.4455"
"20201214","01","11","    68070","JP3705600009","1537.0000","1576.0000","1537.0000","1571.0000","1570.0000","1591.0000","1559.0000","1587.0000","1537.0000","1591.0000","1537.0000","1587.0000"," ","0.0000","0.0000","408800","643109300","1573.1636"
"20201214","01","11","    68090","JP3538600002","890.0000","890.0000","875.0000","887.0000","890.0000","890.0000","876.0000","876.0000","890.0000","890.0000","875.0000","876.0000"," ","0.0000","0.0000","39500","34854800","882.4000"
"20201214","01","11","    68100","JP3791800000","1316.0000","1350.0000","1307.0000","1346.0000","1345.0000","1348.0000","1336.0000","1340.0000","1316.0000","1350.0000","1307.0000","1340.0000"," ","0.0000","0.0000","358700","479765900","1337.5130"
"20201214","01","11","    68140","JP3828400006","1180.0000","1201.0000","1178.0000","1198.0000","1191.0000","1191.0000","1179.0000","1181.0000","1180.0000","1201.0000","1178.0000","1181.0000"," ","0.0000","0.0000","49400","58688600","1188.0283"
"20201214","01","11","    68150","JP3952000002","2243.0000","2330.0000","2243.0000","2317.0000","2330.0000","2331.0000","2306.0000","2316.0000","2243.0000","2331.0000","2243.0000","2316.0000"," ","0.0000","0.0000","27500","63423500","2306.3091"
"20201214","01","11","    68170","JP3400800003","1116.0000","1157.0000","1090.0000","1157.0000","1152.0000","1152.0000","1118.0000","1131.0000","1116.0000","1157.0000","1090.0000","1131.0000"," ","0.0000","0.0000","162000","183211400","1130.9346"
"20201214","01","11","    68200","JP3101400004","2745.0000","2777.0000","2745.0000","2772.0000","2794.0000","2808.0000","2782.0000","2791.0000","2745.0000","2808.0000","2745.0000","2791.0000"," ","0.0000","0.0000","18600","51820700","2786.0591"
"20201214","01","11","    68230","JP3969700008","3300.0000","3320.0000","3255.0000","3305.0000","3305.0000","3310.0000","3235.0000","3245.0000","3300.0000","3320.0000","3235.0000","3245.0000"," ","0.0000","0.0000","33300","109044500","3274.6096"
"20201214","01","11","    68260","JP3854650003","494.0000","499.0000","492.0000","499.0000","500.0000","505.0000","500.0000","505.0000","494.0000","505.0000","492.0000","505.0000"," ","0.0000","0.0000","104500","52064800","498.2278"
"20201214","01","11","    68390","JP3825850005","432.0000","435.0000","430.0000","435.0000","432.0000","435.0000","432.0000","435.0000","432.0000","435.0000","430.0000","435.0000"," ","0.0000","0.0000","24700","10710100","433.6073"
"20201214","01","11","    68410","JP3955000009","1948.0000","1967.0000","1944.0000","1950.0000","1954.0000","1954.0000","1927.0000","1936.0000","1948.0000","1967.0000","1927.0000","1936.0000"," ","0.0000","0.0000","626300","1216122900","1941.7578"
"20201214","01","11","    68440","JP3377800002","2560.0000","2615.0000","2546.0000","2606.0000","2610.0000","2628.0000","2588.0000","2596.0000","2560.0000","2628.0000","2546.0000","2596.0000"," ","0.0000","0.0000","50800","132007400","2598.5709"
"20201214","01","11","    68450","JP3937200008","5140.0000","5200.0000","5080.0000","5200.0000","5180.0000","5210.0000","5090.0000","5100.0000","5140.0000","5210.0000","5080.0000","5100.0000"," ","0.0000","0.0000","530900","2722401000","5127.8979"
"20201214","01","11","    68480","JP3557200007","890.0000","895.0000","889.0000","889.0000","889.0000","895.0000","889.0000","895.0000","890.0000","895.0000","889.0000","895.0000"," ","0.0000","0.0000","9700","8659100","892.6907"
"20201214","01","11","    68490","JP3706800004","3510.0000","3520.0000","3460.0000","3475.0000","3470.0000","3475.0000","3415.0000","3435.0000","3510.0000","3520.0000","3415.0000","3435.0000"," ","0.0000","0.0000","294100","1014930500","3450.9708"
"20201214","01","11","    68500","JP3511000006","1478.0000","1478.0000","1437.0000","1445.0000","1453.0000","1453.0000","1436.0000","1443.0000","1478.0000","1478.0000","1436.0000","1443.0000"," ","0.0000","0.0000","17800","25881500","1454.0169"
"20201214","01","11","    68530","JP3255200002","402.0000","406.0000","402.0000","403.0000","402.0000","407.0000","402.0000","407.0000","402.0000","407.0000","402.0000","407.0000"," ","0.0000","0.0000","35300","14237900","403.3399"
"20201214","01","11","    68550","JP3735300000","1752.0000","1769.0000","1726.0000","1743.0000","1740.0000","1745.0000","1732.0000","1732.0000","1752.0000","1769.0000","1726.0000","1732.0000"," ","0.0000","0.0000","187900","327945500","1745.3193"
"20201214","01","11","    68560","JP3853000002","5650.0000","5730.0000","5640.0000","5730.0000","5730.0000","5730.0000","5650.0000","5680.0000","5650.0000","5730.0000","5640.0000","5680.0000"," ","0.0000","0.0000","108700","618075000","5686.0626"
"20201214","01","11","    68570","JP3122400009","7450.0000","7480.0000","7400.0000","7430.0000","7450.0000","7460.0000","7410.0000","7420.0000","7450.0000","7480.0000","7400.0000","7420.0000"," ","0.0000","0.0000","1162300","8643554000","7436.5947"
"20201214","01","11","    68580","JP3196800001","520.0000","531.0000","520.0000","530.0000","532.0000","532.0000","529.0000","531.0000","520.0000","532.0000","520.0000","531.0000"," ","0.0000","0.0000","16100","8463800","525.7019"
"20201214","01","11","    68590","JP3469800001","2000.0000","2023.0000","2000.0000","2010.0000","2002.0000","2010.0000","1990.0000","1997.0000","2000.0000","2023.0000","1990.0000","1997.0000"," ","0.0000","0.0000","54300","108884900","2005.2468"
"20201214","01","11","    68610","JP3236200006","52790.0000","52820.0000","52350.0000","52600.0000","52500.0000","52580.0000","52060.0000","52060.0000","52790.0000","52820.0000","52060.0000","52060.0000"," ","0.0000","0.0000","432900","22676144000","52381.9450"
"20201214","01","11","    68660","JP3783200003","4150.0000","4185.0000","4115.0000","4185.0000","4185.0000","4185.0000","4085.0000","4100.0000","4150.0000","4185.0000","4085.0000","4100.0000"," ","0.0000","0.0000","18200","75228500","4133.4341"
"20201214","01","11","    68690","JP3351100007","11620.0000","11640.0000","11365.0000","11525.0000","11525.0000","11530.0000","11365.0000","11365.0000","11620.0000","11640.0000","11365.0000","11365.0000"," ","0.0000","0.0000","522500","5975797000","11436.9321"
"20201214","01","11","    68710","JP3750400008","1135.0000","1187.0000","1135.0000","1182.0000","1179.0000","1183.0000","1166.0000","1170.0000","1135.0000","1187.0000","1135.0000","1170.0000"," ","0.0000","0.0000","501200","586503400","1170.1983"
"20201214","01","11","    68750","JP3920860008","3110.0000","3160.0000","3090.0000","3125.0000","3100.0000","3125.0000","3075.0000","3095.0000","3110.0000","3160.0000","3075.0000","3095.0000"," ","0.0000","0.0000","109900","342606500","3117.4386"
"20201214","01","11","    68770","JP3197650009","3970.0000","4040.0000","3960.0000","4015.0000","4000.0000","4000.0000","3975.0000","3980.0000","3970.0000","4040.0000","3960.0000","3980.0000"," ","0.0000","0.0000","59500","237957000","3999.2773"
"20201214","01","11","    68790","JP3802900005","363.0000","370.0000","363.0000","367.0000","368.0000","369.0000","363.0000","365.0000","363.0000","370.0000","363.0000","365.0000"," ","0.0000","0.0000","97700","35821500","366.6479"
"20201214","01","11","    69010","JP3323200000","2433.0000","2560.0000","2433.0000","2487.0000","2493.0000","2546.0000","2439.0000","2449.0000","2433.0000","2560.0000","2433.0000","2449.0000"," ","0.0000","0.0000","161300","402405000","2494.7613"
"20201214","01","11","    69020","JP3551500006","5712.0000","5829.0000","5687.0000","5811.0000","5793.0000","5807.0000","5744.0000","5746.0000","5712.0000","5829.0000","5687.0000","5746.0000"," ","0.0000","0.0000","1496700","8626446100","5763.6441"
"20201214","01","11","    69040","JP3772500009","869.0000","875.0000","867.0000","875.0000","875.0000","875.0000","871.0000","874.0000","869.0000","875.0000","867.0000","874.0000"," ","0.0000","0.0000","11400","9934500","871.4474"
"20201214","01","11","    69050","JP3283700007","1239.0000","1242.0000","1225.0000","1240.0000","1229.0000","1242.0000","1225.0000","1240.0000","1239.0000","1242.0000","1225.0000","1240.0000"," ","0.0000","0.0000","138400","171034300","1235.7970"
"20201214","01","11","    69080","JP3149800009","4700.0000","4770.0000","4700.0000","4735.0000","4715.0000","4720.0000","4685.0000","4705.0000","4700.0000","4770.0000","4685.0000","4705.0000"," ","0.0000","0.0000","39300","185115000","4710.3053"
"20201214","01","11","    69140","JP3197700002","1953.0000","1980.0000","1935.0000","1978.0000","1980.0000","1980.0000","1963.0000","1972.0000","1953.0000","1980.0000","1935.0000","1972.0000"," ","0.0000","0.0000","51300","100961000","1968.0507"
"20201214","01","11","    69150","JP3528450004","1626.0000","1664.0000","1624.0000","1664.0000","1664.0000","1664.0000","1651.0000","1654.0000","1626.0000","1664.0000","1624.0000","1654.0000"," ","0.0000","0.0000","28700","47241500","1646.0453"
"20201214","01","11","    69160","JP3100750003","1052.0000","1062.0000","1051.0000","1057.0000","1059.0000","1060.0000","1053.0000","1057.0000","1052.0000","1062.0000","1051.0000","1057.0000"," ","0.0000","0.0000","30600","32359900","1057.5131"
"20201214","01","11","    69200","JP3979200007","11780.0000","11900.0000","11610.0000","11740.0000","11740.0000","11740.0000","11420.0000","11440.0000","11780.0000","11900.0000","11420.0000","11440.0000"," ","0.0000","0.0000","1303400","15187301000","11652.0646"
"20201214","01","11","    69230","JP3399400005","3415.0000","3520.0000","3395.0000","3495.0000","3505.0000","3505.0000","3460.0000","3460.0000","3415.0000","3520.0000","3395.0000","3460.0000"," ","0.0000","0.0000","471500","1633479000","3464.4305"
"20201214","01","11","    69240","JP3150800005","1404.0000","1424.0000","1389.0000","1417.0000","1422.0000","1422.0000","1411.0000","1417.0000","1404.0000","1424.0000","1389.0000","1417.0000"," ","0.0000","0.0000","24400","34479500","1413.0943"
"20201214","01","11","    69250","JP3156400008","1288.0000","1315.0000","1288.0000","1314.0000","1310.0000","1310.0000","1299.0000","1303.0000","1288.0000","1315.0000","1288.0000","1303.0000"," ","0.0000","0.0000","488000","635860900","1302.9936"
"20201214","01","11","    69260","JP3193600008","402.0000","414.0000","402.0000","410.0000","408.0000","417.0000","406.0000","413.0000","402.0000","417.0000","402.0000","413.0000"," ","0.0000","0.0000","42600","17474000","410.1878"
"20201214","01","11","    69270","JP3802700009","298.0000","303.0000","298.0000","301.0000","299.0000","301.0000","298.0000","300.0000","298.0000","303.0000","298.0000","300.0000"," ","0.0000","0.0000","70700","21259900","300.7058"
"20201214","01","11","    69280","JP3165800008","1487.0000","1496.0000","1429.0000","1455.0000","1464.0000","1464.0000","1445.0000","1450.0000","1487.0000","1496.0000","1429.0000","1450.0000"," ","0.0000","0.0000","103200","150838300","1461.6114"
"20201214","01","11","    69290","JP3725200004","2948.0000","2994.0000","2940.0000","2991.0000","2996.0000","2996.0000","2964.0000","2964.0000","2948.0000","2996.0000","2940.0000","2964.0000"," ","0.0000","0.0000","39400","117124800","2972.7107"
"20201214","01","11","    69320","JP3169600008","543.0000","545.0000","539.0000","544.0000","545.0000","545.0000","542.0000","544.0000","543.0000","545.0000","539.0000","544.0000"," ","0.0000","0.0000","23200","12599600","543.0862"
"20201214","01","11","    69370","JP3827600002","1390.0000","1505.0000","1390.0000","1486.0000","1496.0000","1500.0000","1461.0000","1465.0000","1390.0000","1505.0000","1390.0000","1465.0000"," ","0.0000","0.0000","1321800","1929801300","1459.9798"
"20201214","01","11","    69380","JP3432400004","451.0000","457.0000","451.0000","456.0000","455.0000","465.0000","453.0000","460.0000","451.0000","465.0000","451.0000","460.0000"," ","0.0000","0.0000","80900","36992700","457.2645"
"20201214","01","11","    69410","JP3934200001","1605.0000","1632.0000","1605.0000","1620.0000","1610.0000","1625.0000","1609.0000","1617.0000","1605.0000","1632.0000","1605.0000","1617.0000"," ","0.0000","0.0000","105700","171192100","1619.6036"
"20201214","01","11","    69470","JP3412000006","2961.0000","2965.0000","2891.0000","2922.0000","2922.0000","2935.0000","2883.0000","2891.0000","2961.0000","2965.0000","2883.0000","2891.0000"," ","0.0000","0.0000","65600","190891900","2909.9375"
"20201214","01","11","    69510","JP3735000006","4555.0000","4620.0000","4540.0000","4620.0000","4610.0000","4655.0000","4600.0000","4630.0000","4555.0000","4655.0000","4540.0000","4630.0000"," ","0.0000","0.0000","170000","783352000","4607.9529"
"20201214","01","11","    69520","JP3209000003","1938.0000","1949.0000","1892.0000","1945.0000","1937.0000","1945.0000","1916.0000","1918.0000","1938.0000","1949.0000","1892.0000","1918.0000"," ","0.0000","0.0000","650500","1253926700","1927.6352"
"20201214","01","11","    69540","JP3802400006","26200.0000","26320.0000","26070.0000","26155.0000","26080.0000","26105.0000","25855.0000","25855.0000","26200.0000","26320.0000","25855.0000","25855.0000"," ","0.0000","0.0000","580400","15102787000","26021.3422"
"20201214","01","11","    69580","JP3712000003","411.0000","427.0000","411.0000","427.0000","425.0000","429.0000","422.0000","423.0000","411.0000","429.0000","411.0000","423.0000"," ","0.0000","0.0000","310800","131137100","421.9340"
"20201214","01","11","    69610","JP3169800004","3920.0000","4440.0000","3845.0000","4350.0000","4355.0000","4445.0000","4345.0000","4365.0000","3920.0000","4445.0000","3845.0000","4365.0000"," ","0.0000","0.0000","1041400","4419993500","4244.2803"
"20201214","01","11","    69620","JP3484400001","2493.0000","2522.0000","2459.0000","2505.0000","2505.0000","2558.0000","2485.0000","2531.0000","2493.0000","2558.0000","2459.0000","2531.0000"," ","0.0000","0.0000","89700","225045400","2508.8673"
"20201214","01","11","    69630","JP3982800009","9610.0000","9730.0000","9570.0000","9690.0000","9650.0000","9700.0000","9600.0000","9620.0000","9610.0000","9730.0000","9570.0000","9620.0000"," ","0.0000","0.0000","401300","3871217000","9646.6908"
"20201214","01","11","    69650","JP3771800004","5970.0000","6090.0000","5940.0000","6090.0000","6070.0000","6070.0000","5920.0000","5920.0000","5970.0000","6090.0000","5920.0000","5920.0000"," ","0.0000","0.0000","300800","1797944000","5977.2074"
"20201214","01","11","    69660","JP3892400007","3500.0000","4035.0000","3500.0000","3985.0000","3970.0000","3990.0000","3925.0000","3990.0000","3500.0000","4035.0000","3500.0000","3990.0000"," ","0.0000","0.0000","1760100","6796388500","3861.3650"
"20201214","01","11","    69670","JP3375800004","2296.0000","2337.0000","2286.0000","2326.0000","2322.0000","2324.0000","2303.0000","2306.0000","2296.0000","2337.0000","2286.0000","2306.0000"," ","0.0000","0.0000","880300","2035501400","2312.2815"
"20201214","01","11","    69710","JP3249600002","6090.0000","6212.0000","6090.0000","6205.0000","6193.0000","6220.0000","6181.0000","6211.0000","6090.0000","6220.0000","6090.0000","6211.0000"," ","0.0000","0.0000","623600","3861636600","6192.4897"
"20201214","01","11","    69730","JP3247200003","1315.0000","1315.0000","1315.0000","1315.0000","1336.0000","1336.0000","1320.0000","1332.0000","1315.0000","1336.0000","1315.0000","1332.0000"," ","0.0000","0.0000","2000","2645500","1322.7500"
"20201214","01","11","    69760","JP3452000007","4510.0000","4590.0000","4460.0000","4580.0000","4585.0000","4615.0000","4575.0000","4610.0000","4510.0000","4615.0000","4460.0000","4610.0000"," ","0.0000","0.0000","1367700","6256264500","4574.2959"
"20201214","01","11","    69810","JP3914400001","8711.0000","8824.0000","8676.0000","8813.0000","8813.0000","8821.0000","8784.0000","8797.0000","8711.0000","8824.0000","8676.0000","8797.0000"," ","0.0000","0.0000","1790200","15726477700","8784.7602"
"20201214","01","11","    69860","JP3824400000","871.0000","893.0000","866.0000","890.0000","889.0000","891.0000","884.0000","887.0000","871.0000","893.0000","866.0000","887.0000"," ","0.0000","0.0000","119700","105716700","883.1805"
"20201214","01","11","    69880","JP3684000007","8780.0000","8860.0000","8770.0000","8840.0000","8820.0000","8830.0000","8780.0000","8780.0000","8780.0000","8860.0000","8770.0000","8780.0000"," ","0.0000","0.0000","441300","3883929000","8801.1081"
"20201214","01","11","    69890","JP3844600001","916.0000","928.0000","915.0000","925.0000","922.0000","935.0000","922.0000","926.0000","916.0000","935.0000","915.0000","926.0000"," ","0.0000","0.0000","19000","17559700","924.1947"
"20201214","01","11","    69950","JP3566600007","1720.0000","1771.0000","1713.0000","1767.0000","1760.0000","1762.0000","1739.0000","1747.0000","1720.0000","1771.0000","1713.0000","1747.0000"," ","0.0000","0.0000","199600","348849100","1747.7410"
"20201214","01","11","    69960","JP3661800007","1226.0000","1245.0000","1215.0000","1243.0000","1246.0000","1249.0000","1221.0000","1226.0000","1226.0000","1249.0000","1215.0000","1226.0000"," ","0.0000","0.0000","718500","884033000","1230.3869"
"20201214","01","11","    69970","JP3701200002","1825.0000","1917.0000","1825.0000","1917.0000","1924.0000","1946.0000","1917.0000","1939.0000","1825.0000","1946.0000","1825.0000","1939.0000"," ","0.0000","0.0000","414600","790122800","1905.7472"
"20201214","01","11","    69990","JP3283400004","1530.0000","1557.0000","1530.0000","1543.0000","1543.0000","1546.0000","1526.0000","1529.0000","1530.0000","1557.0000","1526.0000","1529.0000"," ","0.0000","0.0000","81700","125716900","1538.7625"
"20201214","01","11","    70030","JP3891600003","345.0000","361.0000","343.0000","360.0000","357.0000","363.0000","357.0000","362.0000","345.0000","363.0000","343.0000","362.0000"," ","0.0000","0.0000","1760600","626563100","355.8804"
"20201214","01","11","    70040","JP3789000001","435.0000","456.0000","435.0000","451.0000","452.0000","453.0000","446.0000","446.0000","435.0000","456.0000","435.0000","446.0000"," ","0.0000","0.0000","1874200","838387100","447.3306"
"20201214","01","11","    70110","JP3900000005","2781.0000","2941.0000","2775.0000","2928.5000","2934.0000","2955.0000","2926.0000","2949.0000","2781.0000","2955.0000","2775.0000","2949.0000"," ","0.0000","0.0000","4689700","13645886350","2909.7568"
"20201214","01","11","    70120","JP3224200000","1825.0000","2005.0000","1819.0000","1973.0000","1980.0000","2000.0000","1971.0000","1991.0000","1825.0000","2005.0000","1819.0000","1991.0000"," ","0.0000","0.0000","5724600","11191239000","1954.9382"
"20201214","01","11","    70130","JP3134800006","1845.0000","1962.0000","1845.0000","1959.0000","1956.0000","1968.0000","1940.0000","1947.0000","1845.0000","1968.0000","1845.0000","1947.0000"," ","0.0000","0.0000","3073900","5935519700","1930.9411"
"20201214","01","11","    70140","JP3651400008","180.0000","189.0000","178.0000","184.0000","184.0000","184.0000","180.0000","180.0000","180.0000","189.0000","178.0000","180.0000"," ","0.0000","0.0000","2668100","488554100","183.1094"
"20201214","01","11","    70220","JP3322810007","162.0000","169.0000","160.0000","164.0000","163.0000","166.0000","163.0000","164.0000","162.0000","169.0000","160.0000","164.0000"," ","0.0000","0.0000","168400","27410400","162.7696"
"20201214","01","11","    70300","JP3400020008","793.0000","807.0000","790.0000","806.0000","806.0000","808.0000","798.0000","801.0000","793.0000","808.0000","790.0000","801.0000"," ","0.0000","0.0000","44500","35621900","800.4921"
"20201214","01","11","    70330","JP3869980007","1448.0000","1506.0000","1448.0000","1489.0000","1497.0000","1512.0000","1482.0000","1500.0000","1448.0000","1512.0000","1448.0000","1500.0000"," ","0.0000","0.0000","205800","306327700","1488.4728"
"20201214","01","11","    70340","JP3833830007","4250.0000","4340.0000","4245.0000","4315.0000","4300.0000","4350.0000","4280.0000","4320.0000","4250.0000","4350.0000","4245.0000","4320.0000"," ","0.0000","0.0000","29300","125927000","4297.8498"
"20201214","01","11","    70350","JP3128620006","804.0000","823.0000","801.0000","821.0000","821.0000","828.0000","817.0000","818.0000","804.0000","828.0000","801.0000","818.0000"," ","0.0000","0.0000","54300","44293500","815.7182"
"20201214","01","11","    70370","JP3545820007","1300.0000","1324.0000","1292.0000","1310.0000","1324.0000","1355.0000","1306.0000","1350.0000","1300.0000","1355.0000","1292.0000","1350.0000"," ","0.0000","0.0000","63700","84458300","1325.8760"
"20201214","01","11","    70380","JP3829550007","5080.0000","5090.0000","4945.0000","5070.0000","5070.0000","5070.0000","5000.0000","5030.0000","5080.0000","5090.0000","4945.0000","5030.0000"," ","0.0000","0.0000","22100","111120500","5028.0769"
"20201214","01","11","    70440","JP3801650007","2301.0000","2305.0000","2246.0000","2263.0000","2260.0000","2306.0000","2257.0000","2282.0000","2301.0000","2306.0000","2246.0000","2282.0000"," ","0.0000","0.0000","62300","141537600","2271.8716"
"20201214","01","11","    70590","JP3302000009","3255.0000","3255.0000","3200.0000","3215.0000","3215.0000","3215.0000","3155.0000","3170.0000","3255.0000","3255.0000","3155.0000","3170.0000"," ","0.0000","0.0000","22000","70272000","3194.1818"
"20201214","01","11","    70600","JP3263700001","1138.0000","1169.0000","1138.0000","1164.0000","1163.0000","1163.0000","1145.0000","1152.0000","1138.0000","1169.0000","1138.0000","1152.0000"," ","0.0000","0.0000","18400","21264400","1155.6739"
"20201214","01","11","    70850","JP3205100005","776.0000","792.0000","776.0000","784.0000","784.0000","784.0000","768.0000","770.0000","776.0000","792.0000","768.0000","770.0000"," ","0.0000","0.0000","147600","114613900","776.5169"
"20201214","01","11","    70880","JP3803060007","830.0000","837.0000","825.0000","832.0000","836.0000","839.0000","830.0000","839.0000","830.0000","839.0000","825.0000","839.0000"," ","0.0000","0.0000","71100","59321200","834.3347"
"20201214","01","11","    71020","JP3713600009","2472.0000","2506.0000","2466.0000","2506.0000","2512.0000","2512.0000","2470.0000","2478.0000","2472.0000","2512.0000","2466.0000","2478.0000"," ","0.0000","0.0000","14400","35763300","2483.5625"
"20201214","01","11","    71050","JP3753800006","1213.0000","1238.0000","1213.0000","1235.0000","1239.0000","1243.0000","1230.0000","1233.0000","1213.0000","1243.0000","1213.0000","1233.0000"," ","0.0000","0.0000","67800","83445300","1230.7566"
"20201214","01","11","    71220","JP3258800006","1310.0000","1311.0000","1304.0000","1310.0000","1304.0000","1319.0000","1304.0000","1319.0000","1310.0000","1319.0000","1304.0000","1319.0000"," ","0.0000","0.0000","6400","8395700","1311.8281"
"20201214","01","11","    71480","JP3166990006","508.0000","518.0000","508.0000","517.0000","515.0000","515.0000","509.0000","509.0000","508.0000","518.0000","508.0000","509.0000"," ","0.0000","0.0000","368000","188654700","512.6486"
"20201214","01","11","    71500","JP3357800006","652.0000","665.0000","644.0000","659.0000","660.0000","660.0000","649.0000","651.0000","652.0000","665.0000","644.0000","651.0000"," ","0.0000","0.0000","30100","19695500","654.3355"
"20201214","01","11","    71610","JP3387970001","872.0000","886.0000","872.0000","884.0000","884.0000","884.0000","867.0000","871.0000","872.0000","886.0000","867.0000","871.0000"," ","0.0000","0.0000","49900","43687700","875.5050"
"20201214","01","11","    71640","JP3429250008","4665.0000","4705.0000","4665.0000","4695.0000","4690.0000","4690.0000","4635.0000","4670.0000","4665.0000","4705.0000","4635.0000","4670.0000"," ","0.0000","0.0000","191800","896907500","4676.2643"
"20201214","01","11","    71670","JP3117700009","204.0000","208.0000","204.0000","207.0000","206.0000","207.0000","203.0000","204.0000","204.0000","208.0000","203.0000","204.0000"," ","0.0000","0.0000","5914800","1214771300","205.3783"
"20201214","01","11","    71720","JP3389470000","1499.0000","1520.0000","1490.0000","1508.0000","1508.0000","1515.0000","1496.0000","1504.0000","1499.0000","1520.0000","1490.0000","1504.0000"," ","0.0000","0.0000","242100","364509900","1505.6171"
"20201214","01","11","    71730","JP3584400000","1149.0000","1165.0000","1148.0000","1165.0000","1161.0000","1164.0000","1154.0000","1163.0000","1149.0000","1165.0000","1148.0000","1163.0000"," ","0.0000","0.0000","62500","72405700","1158.4912"
"20201214","01","11","    71800","JP3246500007","469.0000","480.0000","468.0000","479.0000","477.0000","477.0000","469.0000","470.0000","469.0000","480.0000","468.0000","470.0000"," ","0.0000","0.0000","721500","340501200","471.9351"
"20201214","01","11","    71810","JP3233250004","1880.0000","1897.0000","1873.0000","1884.0000","1881.0000","1885.0000","1866.0000","1871.0000","1880.0000","1897.0000","1866.0000","1871.0000"," ","0.0000","0.0000","1172000","2201084200","1878.0582"
"20201214","01","11","    71820","JP3946750001","849.0000","860.0000","849.0000","858.0000","860.0000","861.0000","857.0000","858.0000","849.0000","861.0000","849.0000","858.0000"," ","0.0000","0.0000","2441800","2092298800","856.8674"
"20201214","01","11","    71840","JP3632150003","291.0000","296.0000","291.0000","295.0000","295.0000","296.0000","290.0000","294.0000","291.0000","296.0000","290.0000","294.0000"," ","0.0000","0.0000","67600","19839400","293.4822"
"20201214","01","11","    71860","JP3305990008","381.0000","386.0000","380.0000","385.0000","384.0000","384.0000","378.0000","380.0000","381.0000","386.0000","378.0000","380.0000"," ","0.0000","0.0000","2282000","869271000","380.9251"
"20201214","01","11","    71870","JP3386590008","639.0000","639.0000","620.0000","634.0000","631.0000","646.0000","628.0000","635.0000","639.0000","646.0000","620.0000","635.0000"," ","0.0000","0.0000","88300","55896200","633.0260"
"20201214","01","11","    71890","JP3658850007","737.0000","742.0000","734.0000","742.0000","739.0000","740.0000","731.0000","735.0000","737.0000","742.0000","731.0000","735.0000"," ","0.0000","0.0000","301100","221741600","736.4384"
"20201214","01","11","    71900","JP3860150006","662.0000","675.0000","657.0000","674.0000","664.0000","669.0000","655.0000","657.0000","662.0000","675.0000","655.0000","657.0000"," ","0.0000","0.0000","31900","21147600","662.9342"
"20201214","01","11","    71910","JP3153160001","898.0000","923.0000","889.0000","905.0000","901.0000","903.0000","884.0000","895.0000","898.0000","923.0000","884.0000","895.0000"," ","0.0000","0.0000","99100","89282100","900.9294"
"20201214","01","11","    71920","JP3752500003","1141.0000","1150.0000","1134.0000","1144.0000","1144.0000","1144.0000","1131.0000","1131.0000","1141.0000","1150.0000","1131.0000","1131.0000"," ","0.0000","0.0000","21300","24238900","1137.9765"
"20201214","01","11","    71960","JP3204500007","1033.0000","1050.0000","1024.0000","1044.0000","1045.0000","1053.0000","1034.0000","1041.0000","1033.0000","1053.0000","1024.0000","1041.0000"," ","0.0000","0.0000","337100","350782000","1040.5874"
"20201214","01","11","    71980","JP3126290000","1772.0000","1849.0000","1772.0000","1849.0000","1850.0000","1850.0000","1811.0000","1811.0000","1772.0000","1850.0000","1772.0000","1811.0000"," ","0.0000","0.0000","128900","235164900","1824.3980"
"20201214","01","11","    71990","JP3833710001","2185.0000","2211.0000","2173.0000","2209.0000","2209.0000","2209.0000","2174.0000","2181.0000","2185.0000","2211.0000","2173.0000","2181.0000"," ","0.0000","0.0000","45800","100369900","2191.4825"
"20201214","01","11","    72010","JP3672400003","549.0000","564.2000","546.5000","562.1000","562.5000","562.6000","556.8000","559.3000","549.0000","564.2000","546.5000","559.3000"," ","0.0000","0.0000","21772100","12116354150","556.5083"
"20201214","01","11","    72020","JP3137200006","1037.0000","1060.0000","1024.0000","1056.0000","1058.0000","1059.0000","1049.0000","1051.0000","1037.0000","1060.0000","1024.0000","1051.0000"," ","0.0000","0.0000","2367400","2483949500","1049.2310"
"20201214","01","11","    72030","JP3633400001","7850.0000","7998.0000","7815.0000","7986.0000","7980.0000","7990.0000","7939.0000","7952.0000","7850.0000","7998.0000","7815.0000","7952.0000"," ","0.0000","0.0000","9071400","71922247400","7928.4617"
"20201214","01","11","    72050","JP3792600003","1018.0000","1046.0000","1006.0000","1041.0000","1043.0000","1044.0000","1033.0000","1037.0000","1018.0000","1046.0000","1006.0000","1037.0000"," ","0.0000","0.0000","2443400","2526987900","1034.2097"
"20201214","01","11","    72110","JP3899800001","195.0000","200.0000","194.0000","200.0000","200.0000","201.0000","198.0000","201.0000","195.0000","201.0000","194.0000","201.0000"," ","0.0000","0.0000","12578800","2501023900","198.8285"
"20201214","01","11","    72120","JP3166950000","640.0000","693.0000","640.0000","688.0000","694.0000","705.0000","691.0000","702.0000","640.0000","705.0000","640.0000","702.0000"," ","0.0000","0.0000","153200","104381700","681.3427"
"20201214","01","11","    72130","JP3979550005","547.0000","550.0000","547.0000","549.0000","550.0000","551.0000","548.0000","548.0000","547.0000","551.0000","547.0000","548.0000"," ","0.0000","0.0000","13600","7463100","548.7574"
"20201214","01","11","    72140","JP3385860006","666.0000","676.0000","666.0000","673.0000","675.0000","679.0000","670.0000","679.0000","666.0000","679.0000","666.0000","679.0000"," ","0.0000","0.0000","23700","15894300","670.6456"
"20201214","01","11","    72150","JP3802660005","591.0000","596.0000","590.0000","593.0000","593.0000","612.0000","593.0000","612.0000","591.0000","612.0000","590.0000","612.0000"," ","0.0000","0.0000","44500","26767100","601.5079"
"20201214","01","11","    72200","JP3912700006","1580.0000","1638.0000","1579.0000","1634.0000","1630.0000","1645.0000","1626.0000","1640.0000","1580.0000","1645.0000","1579.0000","1640.0000"," ","0.0000","0.0000","259200","422196900","1628.8461"
"20201214","01","11","    72220","JP3672000001","913.0000","945.0000","912.0000","945.0000","945.0000","956.0000","938.0000","951.0000","913.0000","956.0000","912.0000","951.0000"," ","0.0000","0.0000","149200","140937900","944.6240"
"20201214","01","11","    72240","JP3384600007","880.0000","906.0000","880.0000","903.0000","901.0000","902.0000","893.0000","893.0000","880.0000","906.0000","880.0000","893.0000"," ","0.0000","0.0000","579100","518810500","895.8910"
"20201214","01","11","    72260","JP3256900006","1445.0000","1470.0000","1445.0000","1467.0000","1467.0000","1467.0000","1442.0000","1450.0000","1445.0000","1470.0000","1442.0000","1450.0000"," ","0.0000","0.0000","62600","90898100","1452.0463"
"20201214","01","11","    72310","JP3630200008","1220.0000","1259.0000","1220.0000","1256.0000","1252.0000","1259.0000","1240.0000","1247.0000","1220.0000","1259.0000","1220.0000","1247.0000"," ","0.0000","0.0000","60500","75434000","1246.8430"
"20201214","01","11","    72360","JP3620200000","1305.0000","1368.0000","1305.0000","1359.0000","1359.0000","1366.0000","1343.0000","1362.0000","1305.0000","1368.0000","1305.0000","1362.0000"," ","0.0000","0.0000","39500","53300800","1349.3873"
"20201214","01","11","    72380","JP3108400007","134.0000","135.0000","132.0000","135.0000","134.0000","137.0000","134.0000","135.0000","134.0000","137.0000","132.0000","135.0000"," ","0.0000","0.0000","979900","132120500","134.8306"
"20201214","01","11","    72390","JP3465400004","1217.0000","1249.0000","1214.0000","1247.0000","1240.0000","1249.0000","1237.0000","1248.0000","1217.0000","1249.0000","1214.0000","1248.0000"," ","0.0000","0.0000","50500","62578900","1239.1861"
"20201214","01","11","    72400","JP3164800009","1131.0000","1198.0000","1131.0000","1195.0000","1195.0000","1195.0000","1177.0000","1183.0000","1131.0000","1198.0000","1131.0000","1183.0000"," ","0.0000","0.0000","400000","472068900","1180.1723"
"20201214","01","11","    72410","JP3824000008","531.0000","545.0000","531.0000","541.0000","540.0000","542.0000","536.0000","539.0000","531.0000","545.0000","531.0000","539.0000"," ","0.0000","0.0000","278200","150127800","539.6398"
"20201214","01","11","    72420","JP3220200004","2500.0000","2585.0000","2492.0000","2578.0000","2550.0000","2579.0000","2550.0000","2576.0000","2500.0000","2585.0000","2492.0000","2576.0000"," ","0.0000","0.0000","108200","276271600","2553.3420"
"20201214","01","11","    72440","JP3141600001","630.0000","649.0000","629.0000","648.0000","649.0000","653.0000","644.0000","648.0000","630.0000","653.0000","629.0000","648.0000"," ","0.0000","0.0000","338700","218403700","644.8293"
"20201214","01","11","    72450","JP3491800003","468.0000","483.0000","466.0000","483.0000","483.0000","486.0000","481.0000","485.0000","468.0000","486.0000","466.0000","485.0000"," ","0.0000","0.0000","219100","104774700","478.2049"
"20201214","01","11","    72460","JP3833600004","329.0000","341.0000","328.0000","341.0000","339.0000","339.0000","335.0000","336.0000","329.0000","341.0000","328.0000","336.0000"," ","0.0000","0.0000","408700","137270200","335.8703"
"20201214","01","11","    72470","JP3882800000","300.0000","301.0000","293.0000","300.0000","300.0000","301.0000","299.0000","301.0000","300.0000","301.0000","293.0000","301.0000"," ","0.0000","0.0000","69700","20878700","299.5509"
"20201214","01","11","    72500","JP3448400006","1058.0000","1092.0000","1058.0000","1090.0000","1090.0000","1097.0000","1072.0000","1075.0000","1058.0000","1097.0000","1058.0000","1075.0000"," ","0.0000","0.0000","105300","113648800","1079.2858"
"20201214","01","11","    72560","JP3208600001","396.0000","423.0000","396.0000","421.0000","423.0000","438.0000","420.0000","435.0000","396.0000","438.0000","396.0000","435.0000"," ","0.0000","0.0000","476400","200708200","421.3018"
"20201214","01","11","    72590","JP3102000001","3060.0000","3170.0000","3055.0000","3165.0000","3155.0000","3165.0000","3130.0000","3140.0000","3060.0000","3170.0000","3055.0000","3140.0000"," ","0.0000","0.0000","916300","2868483000","3130.5064"
"20201214","01","11","    72610","JP3868400007","663.0000","677.0000","662.0000","677.0000","673.0000","681.0000","673.0000","678.0000","663.0000","681.0000","662.0000","678.0000"," ","0.0000","0.0000","4694300","3161003400","673.3706"
"20201214","01","11","    72660","JP3149100004","838.0000","844.0000","832.0000","840.0000","840.0000","843.0000","835.0000","835.0000","838.0000","844.0000","832.0000","835.0000"," ","0.0000","0.0000","58300","48915600","839.0326"
"20201214","01","11","    72670","JP3854600008","3008.0000","3065.0000","3003.0000","3054.0000","3041.0000","3051.0000","3038.0000","3038.0000","3008.0000","3065.0000","3003.0000","3038.0000"," ","0.0000","0.0000","4590600","13943579000","3037.4197"
"20201214","01","11","    72690","JP3397200001","5290.0000","5344.0000","5290.0000","5320.0000","5328.0000","5340.0000","5275.0000","5290.0000","5290.0000","5344.0000","5275.0000","5290.0000"," ","0.0000","0.0000","1336000","7082741500","5301.4532"
"20201214","01","11","    72700","JP3814800003","2085.5000","2164.0000","2085.5000","2164.0000","2164.0000","2189.5000","2161.5000","2186.0000","2085.5000","2189.5000","2085.5000","2186.0000"," ","0.0000","0.0000","3616600","7822742000","2163.0100"
"20201214","01","11","    72710","JP3932850005","1337.0000","1379.0000","1321.0000","1366.0000","1380.0000","1419.0000","1364.0000","1412.0000","1337.0000","1419.0000","1321.0000","1412.0000"," ","0.0000","0.0000","74900","102925500","1374.1722"
"20201214","01","11","    72720","JP3942800008","2166.0000","2190.0000","2159.0000","2174.0000","2170.0000","2170.0000","2153.0000","2160.0000","2166.0000","2190.0000","2153.0000","2160.0000"," ","0.0000","0.0000","2029200","4394096700","2165.4330"
"20201214","01","11","    72760","JP3284600008","6970.0000","7090.0000","6940.0000","7070.0000","7050.0000","7120.0000","7030.0000","7060.0000","6970.0000","7120.0000","6940.0000","7060.0000"," ","0.0000","0.0000","541200","3817330000","7053.4553"
"20201214","01","11","    72770","JP3588200000","449.0000","450.0000","444.0000","450.0000","450.0000","450.0000","448.0000","450.0000","449.0000","450.0000","444.0000","450.0000"," ","0.0000","0.0000","12000","5390700","449.2250"
"20201214","01","11","    72780","JP3161160001","1306.0000","1367.0000","1306.0000","1363.0000","1358.0000","1368.0000","1357.0000","1363.0000","1306.0000","1368.0000","1306.0000","1363.0000"," ","0.0000","0.0000","328900","443976000","1349.8814"
"20201214","01","11","    72800","JP3895200008","479.0000","504.0000","475.0000","502.0000","503.0000","503.0000","491.0000","494.0000","479.0000","504.0000","475.0000","494.0000"," ","0.0000","0.0000","95600","47120300","492.8902"
"20201214","01","11","    72820","JP3634200004","2949.0000","3065.0000","2944.0000","3060.0000","3065.0000","3065.0000","3010.0000","3015.0000","2949.0000","3065.0000","2944.0000","3015.0000"," ","0.0000","0.0000","352800","1064445600","3017.1361"
"20201214","01","11","    72830","JP3101600009","487.0000","515.0000","487.0000","514.0000","514.0000","527.0000","511.0000","527.0000","487.0000","527.0000","487.0000","527.0000"," ","0.0000","0.0000","534300","272042400","509.1567"
"20201214","01","11","    72840","JP3920800004","888.0000","888.0000","883.0000","884.0000","884.0000","888.0000","883.0000","888.0000","888.0000","888.0000","883.0000","888.0000"," ","0.0000","0.0000","3500","3100100","885.7429"
"20201214","01","11","    72910","JP3749200006","489.0000","533.0000","489.0000","533.0000","529.0000","533.0000","520.0000","525.0000","489.0000","533.0000","489.0000","525.0000"," ","0.0000","0.0000","184600","95552800","517.6208"
"20201214","01","11","    72940","JP3961400003","1143.0000","1175.0000","1143.0000","1174.0000","1188.0000","1188.0000","1167.0000","1177.0000","1143.0000","1188.0000","1143.0000","1177.0000"," ","0.0000","0.0000","43700","51169400","1170.9245"
"20201214","01","11","    72960","JP3166900005","2032.0000","2066.0000","2027.0000","2064.0000","2064.0000","2064.0000","2036.0000","2052.0000","2032.0000","2066.0000","2027.0000","2052.0000"," ","0.0000","0.0000","149400","306097200","2048.8434"
"20201214","01","11","    73050","JP3125600001","1197.0000","1240.0000","1197.0000","1236.0000","1236.0000","1249.0000","1231.0000","1248.0000","1197.0000","1249.0000","1197.0000","1248.0000"," ","0.0000","0.0000","25800","31690900","1228.3295"
"20201214","01","11","    73090","JP3358000002","24440.0000","24540.0000","24370.0000","24505.0000","24435.0000","24435.0000","24240.0000","24240.0000","24440.0000","24540.0000","24240.0000","24240.0000"," ","0.0000","0.0000","122200","2975592000","24350.1800"
"20201214","01","11","    73130","JP3539230007","3210.0000","3315.0000","3195.0000","3300.0000","3290.0000","3295.0000","3280.0000","3290.0000","3210.0000","3315.0000","3195.0000","3290.0000"," ","0.0000","0.0000","105300","345425500","3280.3941"
"20201214","01","11","    73210","JP3229500008","524.0000","529.0000","524.0000","529.0000","526.0000","528.0000","522.0000","523.0000","524.0000","529.0000","522.0000","523.0000"," ","0.0000","0.0000","420200","220917200","525.7430"
"20201214","01","11","    73220","JP3333500001","1249.0000","1263.0000","1246.0000","1257.0000","1257.0000","1260.0000","1249.0000","1255.0000","1249.0000","1263.0000","1246.0000","1255.0000"," ","0.0000","0.0000","41600","52122900","1252.9543"
"20201214","01","11","    73270","JP3483850008","2380.0000","2413.0000","2371.0000","2411.0000","2400.0000","2400.0000","2375.0000","2380.0000","2380.0000","2413.0000","2371.0000","2380.0000"," ","0.0000","0.0000","58300","139187900","2387.4425"
"20201214","01","11","    73370","JP3796150005","610.0000","615.0000","607.0000","614.0000","613.0000","613.0000","609.0000","610.0000","610.0000","615.0000","607.0000","610.0000"," ","0.0000","0.0000","422700","258112800","610.6288"
"20201214","01","11","    73540","JP3500170000","2890.0000","2898.0000","2817.0000","2848.0000","2840.0000","2842.0000","2765.0000","2768.0000","2890.0000","2898.0000","2765.0000","2768.0000"," ","0.0000","0.0000","110700","311932200","2817.8157"
"20201214","01","11","    74080","JP3390000002","676.0000","690.0000","674.0000","689.0000","686.0000","687.0000","681.0000","685.0000","676.0000","690.0000","674.0000","685.0000"," ","0.0000","0.0000","42500","29032300","683.1129"
"20201214","01","11","    74140","JP3196700003","1228.0000","1232.0000","1223.0000","1225.0000","1225.0000","1225.0000","1208.0000","1210.0000","1228.0000","1232.0000","1208.0000","1210.0000"," ","0.0000","0.0000","21400","26047700","1217.1822"
"20201214","01","11","    74160","JP3773600006","690.0000","690.0000","686.0000","687.0000","688.0000","700.0000","687.0000","694.0000","690.0000","700.0000","686.0000","694.0000"," ","0.0000","0.0000","21200","14733400","694.9717"
"20201214","01","11","    74170","JP3653700009","1652.0000","1699.0000","1652.0000","1682.0000","1682.0000","1685.0000","1662.0000","1662.0000","1652.0000","1699.0000","1652.0000","1662.0000"," ","0.0000","0.0000","5700","9532600","1672.3860"
"20201214","01","11","    74190","JP3761600000","2685.0000","2735.0000","2680.0000","2731.0000","2731.0000","2731.0000","2683.0000","2701.0000","2685.0000","2735.0000","2680.0000","2701.0000"," ","0.0000","0.0000","130500","352873600","2704.0123"
"20201214","01","11","    74200","JP3322300009","806.0000","808.0000","803.0000","807.0000","808.0000","808.0000","801.0000","805.0000","806.0000","808.0000","801.0000","805.0000"," ","0.0000","0.0000","11200","9018800","805.2500"
"20201214","01","11","    74210","JP3212400000","1466.0000","1486.0000","1466.0000","1482.0000","1482.0000","1482.0000","1470.0000","1471.0000","1466.0000","1486.0000","1466.0000","1471.0000"," ","0.0000","0.0000","54300","80138900","1475.8545"
"20201214","01","11","    74270","JP3161170000","666.0000","669.0000","664.0000","668.0000","669.0000","673.0000","668.0000","672.0000","666.0000","673.0000","664.0000","672.0000"," ","0.0000","0.0000","10900","7290900","668.8899"
"20201214","01","11","    74330","JP3766400000","1075.0000","1084.0000","1069.0000","1077.0000","1076.0000","1079.0000","1073.0000","1075.0000","1075.0000","1084.0000","1069.0000","1075.0000"," ","0.0000","0.0000","55600","59871200","1076.8201"
"20201214","01","11","    74380","JP3306050000","1055.0000","1073.0000","1053.0000","1064.0000","1064.0000","1066.0000","1036.0000","1042.0000","1055.0000","1073.0000","1036.0000","1042.0000"," ","0.0000","0.0000","17800","18639200","1047.1461"
"20201214","01","11","    74420","JP3646600001","580.0000","580.0000","555.0000","575.0000","577.0000","579.0000","574.0000","579.0000","580.0000","580.0000","555.0000","579.0000"," ","0.0000","0.0000","61600","35355500","573.9529"
"20201214","01","11","    74450","JP3965600004","618.0000","627.0000","617.0000","626.0000","626.0000","626.0000","618.0000","618.0000","618.0000","627.0000","617.0000","618.0000"," ","0.0000","0.0000","37500","23298100","621.2827"
"20201214","01","11","    74470","JP3647000003","2672.0000","2714.0000","2665.0000","2711.0000","2717.0000","2717.0000","2668.0000","2692.0000","2672.0000","2717.0000","2665.0000","2692.0000"," ","0.0000","0.0000","32400","87157900","2690.0586"
"20201214","01","11","    74480","JP3385920008","323.0000","330.0000","311.0000","316.0000","316.0000","318.0000","313.0000","313.0000","323.0000","330.0000","311.0000","313.0000"," ","0.0000","0.0000","322400","103078600","319.7227"
"20201214","01","11","    74510","JP3976000004","2811.0000","2877.0000","2807.0000","2872.0000","2856.0000","2863.0000","2847.0000","2855.0000","2811.0000","2877.0000","2807.0000","2855.0000"," ","0.0000","0.0000","42600","121673600","2856.1878"
"20201214","01","11","    74530","JP3976300008","2016.0000","2069.0000","2013.0000","2054.0000","2054.0000","2062.0000","2048.0000","2055.0000","2016.0000","2069.0000","2013.0000","2055.0000"," ","0.0000","0.0000","2216100","4549177600","2052.7853"
"20201214","01","11","    74550","JP3882600004","301.0000","303.0000","300.0000","300.0000","299.0000","300.0000","294.0000","295.0000","301.0000","303.0000","294.0000","295.0000"," ","0.0000","0.0000","27200","8086300","297.2904"
"20201214","01","11","    74560","JP3868500004","1800.0000","1869.0000","1797.0000","1855.0000","1860.0000","1860.0000","1824.0000","1825.0000","1800.0000","1869.0000","1797.0000","1825.0000"," ","0.0000","0.0000","64900","119176500","1836.3097"
"20201214","01","11","    74580","JP3475200006","3700.0000","3740.0000","3670.0000","3735.0000","3730.0000","3730.0000","3690.0000","3695.0000","3700.0000","3740.0000","3670.0000","3695.0000"," ","0.0000","0.0000","121400","450311500","3709.3204"
"20201214","01","11","    74590","JP3268950007","2036.0000","2080.0000","2033.0000","2078.0000","2080.0000","2080.0000","2051.0000","2052.0000","2036.0000","2080.0000","2033.0000","2052.0000"," ","0.0000","0.0000","356800","733600200","2056.0544"
"20201214","01","11","    74630","JP3121950004","1308.0000","1339.0000","1306.0000","1339.0000","1338.0000","1339.0000","1313.0000","1317.0000","1308.0000","1339.0000","1306.0000","1317.0000"," ","0.0000","0.0000","57100","75576700","1323.5849"
"20201214","01","11","    74660","JP3163800000","1300.0000","1303.0000","1297.0000","1298.0000","1296.0000","1297.0000","1285.0000","1285.0000","1300.0000","1303.0000","1285.0000","1285.0000"," ","0.0000","0.0000","15100","19512500","1292.2185"
"20201214","01","11","    74670","JP3765600006","2510.0000","2515.0000","2486.0000","2515.0000","2511.0000","2511.0000","2476.0000","2483.0000","2510.0000","2515.0000","2476.0000","2483.0000"," ","0.0000","0.0000","14300","35709600","2497.1748"
"20201214","01","11","    74750","JP3126300007","2559.0000","2604.0000","2550.0000","2604.0000","2588.0000","2588.0000","2532.0000","2532.0000","2559.0000","2604.0000","2532.0000","2532.0000"," ","0.0000","0.0000","20700","52971800","2559.0242"
"20201214","01","11","    74760","JP3131300000","14910.0000","14940.0000","14740.0000","14910.0000","14950.0000","14950.0000","14840.0000","14860.0000","14910.0000","14950.0000","14740.0000","14860.0000"," ","0.0000","0.0000","47200","702412000","14881.6102"
"20201214","01","11","    74800","JP3398400006","1229.0000","1229.0000","1223.0000","1228.0000","1228.0000","1230.0000","1224.0000","1230.0000","1229.0000","1230.0000","1223.0000","1230.0000"," ","0.0000","0.0000","8100","9949000","1228.2716"
"20201214","01","11","    74810","JP3174150007","1440.0000","1450.0000","1440.0000","1450.0000","1469.0000","1469.0000","1455.0000","1466.0000","1440.0000","1469.0000","1440.0000","1466.0000"," ","0.0000","0.0000","7400","10780500","1456.8243"
"20201214","01","11","    74820","JP3359500000","1409.0000","1444.0000","1409.0000","1444.0000","1439.0000","1439.0000","1413.0000","1432.0000","1409.0000","1444.0000","1409.0000","1432.0000"," ","0.0000","0.0000","15500","22098000","1425.6774"
"20201214","01","11","    74830","JP3638000004","1940.0000","1943.0000","1919.0000","1942.0000","1935.0000","1937.0000","1916.0000","1919.0000","1940.0000","1943.0000","1916.0000","1919.0000"," ","0.0000","0.0000","53400","102826200","1925.5843"
"20201214","01","11","    74870","JP3196650000","1884.0000","1888.0000","1879.0000","1888.0000","1888.0000","1888.0000","1880.0000","1888.0000","1884.0000","1888.0000","1879.0000","1888.0000"," ","0.0000","0.0000","7200","13577200","1885.7222"
"20201214","01","11","    74940","JP3300000001","271.0000","280.0000","271.0000","280.0000","280.0000","284.0000","277.0000","284.0000","271.0000","284.0000","271.0000","284.0000"," ","0.0000","0.0000","299300","83471600","278.8894"
"20201214","01","11","    75040","JP3288900008","1630.0000","1635.0000","1620.0000","1629.0000","1635.0000","1635.0000","1611.0000","1627.0000","1630.0000","1635.0000","1611.0000","1627.0000"," ","0.0000","0.0000","13900","22594500","1625.5036"
"20201214","01","11","    75060","JP3765300003","1648.0000","1656.0000","1648.0000","1656.0000","1660.0000","1660.0000","1650.0000","1660.0000","1648.0000","1660.0000","1648.0000","1660.0000"," ","0.0000","0.0000","2400","3968300","1653.4583"
"20201214","01","11","    75080","JP3172450003","2306.0000","2386.0000","2306.0000","2376.0000","2351.0000","2362.0000","2326.0000","2330.0000","2306.0000","2386.0000","2306.0000","2330.0000"," ","0.0000","0.0000","70900","166194800","2344.0733"
"20201214","01","11","    75100","JP3463100002","1565.0000","1567.0000","1562.0000","1567.0000","1567.0000","1568.0000","1562.0000","1568.0000","1565.0000","1568.0000","1562.0000","1568.0000"," ","0.0000","0.0000","4500","7048000","1566.2222"
"20201214","01","11","    75120","JP3860270002","946.0000","950.0000","942.0000","948.0000","948.0000","948.0000","940.0000","942.0000","946.0000","950.0000","940.0000","942.0000"," ","0.0000","0.0000","51000","48179100","944.6882"
"20201214","01","11","    75130","JP3297380002","729.0000","729.0000","716.0000","727.0000","721.0000","723.0000","715.0000","718.0000","729.0000","729.0000","715.0000","718.0000"," ","0.0000","0.0000","332000","238852400","719.4349"
"20201214","01","11","    75140","JP3793500004","960.0000","989.0000","960.0000","988.0000","980.0000","989.0000","980.0000","989.0000","960.0000","989.0000","960.0000","989.0000"," ","0.0000","0.0000","23400","22955600","981.0085"
"20201214","01","11","    75160","JP3283750002","3260.0000","3315.0000","3225.0000","3295.0000","3300.0000","3300.0000","3235.0000","3245.0000","3260.0000","3315.0000","3225.0000","3245.0000"," ","0.0000","0.0000","283400","926332500","3268.6397"
"20201214","01","11","    75180","JP3758200004","3800.0000","3880.0000","3785.0000","3875.0000","3885.0000","3895.0000","3805.0000","3820.0000","3800.0000","3895.0000","3785.0000","3820.0000"," ","0.0000","0.0000","617800","2370004000","3836.1994"
"20201214","01","11","    75200","JP3161180009","2126.0000","2174.0000","2126.0000","2167.0000","2167.0000","2167.0000","2148.0000","2157.0000","2126.0000","2174.0000","2126.0000","2157.0000"," ","0.0000","0.0000","33300","71636900","2151.2583"
"20201214","01","11","    75220","JP3993900004","900.0000","903.0000","886.0000","893.0000","896.0000","896.0000","886.0000","886.0000","900.0000","903.0000","886.0000","886.0000"," ","0.0000","0.0000","194000","172815800","890.8031"
"20201214","01","11","    75240","JP3875000006","498.0000","502.0000","498.0000","500.0000","500.0000","500.0000","497.0000","497.0000","498.0000","502.0000","497.0000","497.0000"," ","0.0000","0.0000","16000","7974900","498.4313"
"20201214","01","11","    75250","JP3974500005","1680.0000","1681.0000","1668.0000","1678.0000","1680.0000","1681.0000","1677.0000","1677.0000","1680.0000","1681.0000","1668.0000","1677.0000"," ","0.0000","0.0000","3100","5200100","1677.4516"
"20201214","01","11","    75270","JP3351000009","91.0000","91.0000","90.0000","91.0000","90.0000","91.0000","89.0000","89.0000","91.0000","91.0000","89.0000","89.0000"," ","0.0000","0.0000","325500","29297900","90.0089"
"20201214","01","11","    75320","JP3639650005","2447.0000","2471.0000","2420.0000","2431.0000","2426.0000","2427.0000","2378.0000","2381.0000","2447.0000","2471.0000","2378.0000","2381.0000"," ","0.0000","0.0000","1396000","3360992300","2407.5876"
"20201214","01","11","    75370","JP3877500003","524.0000","536.0000","524.0000","534.0000","533.0000","533.0000","528.0000","528.0000","524.0000","536.0000","524.0000","528.0000"," ","0.0000","0.0000","50300","26665000","530.1193"
"20201214","01","11","    75450","JP3659300002","1502.0000","1534.0000","1493.0000","1532.0000","1531.0000","1531.0000","1514.0000","1518.0000","1502.0000","1534.0000","1493.0000","1518.0000"," ","0.0000","0.0000","844400","1283224300","1519.6877"
"20201214","01","11","    75500","JP3429300001","2667.0000","2695.0000","2663.0000","2694.0000","2694.0000","2694.0000","2668.0000","2672.0000","2667.0000","2695.0000","2663.0000","2672.0000"," ","0.0000","0.0000","180400","482767500","2676.0948"
"20201214","01","11","    75520","JP3770300006","1550.0000","1578.0000","1547.0000","1558.0000","1552.0000","1553.0000","1529.0000","1534.0000","1550.0000","1578.0000","1529.0000","1534.0000"," ","0.0000","0.0000","115400","178969500","1550.8622"
"20201214","01","11","    75540","JP3292400003","1755.0000","1764.0000","1742.0000","1752.0000","1752.0000","1752.0000","1733.0000","1733.0000","1755.0000","1764.0000","1733.0000","1733.0000"," ","0.0000","0.0000","43800","76312800","1742.3014"
"20201214","01","11","    75610","JP3765100007","899.0000","901.0000","897.0000","899.0000","898.0000","899.0000","898.0000","899.0000","899.0000","901.0000","897.0000","899.0000"," ","0.0000","0.0000","7800","7006900","898.3205"
"20201214","01","11","    75700","JP3768000006","2793.0000","2801.0000","2718.0000","2741.0000","2742.0000","2794.0000","2730.0000","2794.0000","2793.0000","2801.0000","2718.0000","2794.0000"," ","0.0000","0.0000","15400","42611500","2766.9805"
"20201214","01","11","    75750","JP3754500001","1626.0000","1626.0000","1605.0000","1618.0000","1618.0000","1622.0000","1596.0000","1605.0000","1626.0000","1626.0000","1596.0000","1605.0000"," ","0.0000","0.0000","218500","351357900","1608.0453"
"20201214","01","11","    75810","JP3310500008","1914.0000","1918.0000","1901.0000","1910.0000","1910.0000","1921.0000","1904.0000","1908.0000","1914.0000","1921.0000","1901.0000","1908.0000"," ","0.0000","0.0000","157700","301377100","1911.0786"
"20201214","01","11","    75900","JP3456500002","829.0000","840.0000","819.0000","838.0000","839.0000","849.0000","832.0000","840.0000","829.0000","849.0000","819.0000","840.0000"," ","0.0000","0.0000","234800","196013000","834.8083"
"20201214","01","11","    75930","JP3854700006","385.0000","393.0000","385.0000","393.0000","388.0000","389.0000","385.0000","387.0000","385.0000","393.0000","385.0000","387.0000"," ","0.0000","0.0000","158500","61409200","387.4397"
"20201214","01","11","    75940","JP3873000008","1989.0000","2017.0000","1982.0000","2012.0000","2016.0000","2016.0000","1982.0000","1998.0000","1989.0000","2017.0000","1982.0000","1998.0000"," ","0.0000","0.0000","18000","35922600","1995.7000"
"20201214","01","11","    75950","JP3126110000","3085.0000","3185.0000","3085.0000","3185.0000","3185.0000","3185.0000","3125.0000","3125.0000","3085.0000","3185.0000","3085.0000","3125.0000"," ","0.0000","0.0000","63500","199446500","3140.8898"
"20201214","01","11","    75960","JP3155800000","1875.0000","1875.0000","1834.0000","1852.0000","1855.0000","1855.0000","1835.0000","1835.0000","1875.0000","1875.0000","1834.0000","1835.0000"," ","0.0000","0.0000","13900","25808700","1856.7410"
"20201214","01","11","    75990","JP3235700006","552.0000","552.0000","537.0000","538.0000","538.0000","540.0000","532.0000","534.0000","552.0000","552.0000","532.0000","534.0000"," ","0.0000","0.0000","1020900","549443300","538.1950"
"20201214","01","11","    76000","JP3689100000","2397.0000","2419.0000","2387.0000","2410.0000","2400.0000","2407.0000","2394.0000","2400.0000","2397.0000","2419.0000","2387.0000","2400.0000"," ","0.0000","0.0000","55100","132391900","2402.7568"
"20201214","01","11","    76010","JP3856600006","394.0000","396.0000","390.0000","391.0000","391.0000","394.0000","390.0000","390.0000","394.0000","396.0000","390.0000","390.0000"," ","0.0000","0.0000","16100","6312400","392.0745"
"20201214","01","11","    76050","JP3812300006","2220.0000","2236.0000","2197.0000","2236.0000","2220.0000","2221.0000","2194.0000","2198.0000","2220.0000","2236.0000","2194.0000","2198.0000"," ","0.0000","0.0000","22400","49525100","2210.9420"
"20201214","01","11","    76060","JP3949400000","1539.0000","1578.0000","1530.0000","1574.0000","1574.0000","1577.0000","1563.0000","1564.0000","1539.0000","1578.0000","1530.0000","1564.0000"," ","0.0000","0.0000","236400","370343700","1566.5977"
"20201214","01","11","    76070","JP3384710004","2226.0000","2232.0000","2198.0000","2229.0000","2226.0000","2228.0000","2206.0000","2215.0000","2226.0000","2232.0000","2198.0000","2215.0000"," ","0.0000","0.0000","13600","30164200","2217.9559"
"20201214","01","11","    76080","JP3162670008","468.0000","482.0000","464.0000","468.0000","470.0000","477.0000","462.0000","468.0000","468.0000","482.0000","462.0000","468.0000"," ","0.0000","0.0000","356300","167647600","470.5237"
"20201214","01","11","    76090","JP3487600003","1556.0000","1625.0000","1556.0000","1615.0000","1615.0000","1620.0000","1597.0000","1615.0000","1556.0000","1625.0000","1556.0000","1615.0000"," ","0.0000","0.0000","32600","52177500","1600.5368"
"20201214","01","11","    76110","JP3765180009","1740.0000","1751.0000","1730.0000","1749.0000","1749.0000","1749.0000","1726.0000","1729.0000","1740.0000","1751.0000","1726.0000","1729.0000"," ","0.0000","0.0000","51200","88924300","1736.8027"
"20201214","01","11","    76130","JP3346700002","1575.0000","1616.0000","1572.0000","1612.0000","1617.0000","1617.0000","1587.0000","1593.0000","1575.0000","1617.0000","1572.0000","1593.0000"," ","0.0000","0.0000","177900","283532800","1593.7763"
"20201214","01","11","    76150","JP3250600008","225.0000","225.0000","223.0000","225.0000","224.0000","225.0000","223.0000","224.0000","225.0000","225.0000","223.0000","224.0000"," ","0.0000","0.0000","19200","4303700","224.1510"
"20201214","01","11","    76160","JP3305970000","1607.0000","1636.0000","1605.0000","1632.0000","1630.0000","1630.0000","1605.0000","1609.0000","1607.0000","1636.0000","1605.0000","1609.0000"," ","0.0000","0.0000","270100","436898000","1617.5417"
"20201214","01","11","    76180","JP3801520002","590.0000","602.0000","590.0000","601.0000","598.0000","598.0000","590.0000","590.0000","590.0000","602.0000","590.0000","590.0000"," ","0.0000","0.0000","73900","43981100","595.1434"
"20201214","01","11","    76190","JP3468820000","698.0000","702.0000","694.0000","702.0000","698.0000","699.0000","694.0000","699.0000","698.0000","702.0000","694.0000","699.0000"," ","0.0000","0.0000","8700","6063600","696.9655"
"20201214","01","11","    76280","JP3173100003","1440.0000","1459.0000","1431.0000","1459.0000","1464.0000","1464.0000","1442.0000","1443.0000","1440.0000","1464.0000","1431.0000","1443.0000"," ","0.0000","0.0000","11800","17060100","1445.7712"
"20201214","01","11","    76300","JP3142150006","5090.0000","5160.0000","5090.0000","5160.0000","5150.0000","5150.0000","5080.0000","5080.0000","5090.0000","5160.0000","5080.0000","5080.0000"," ","0.0000","0.0000","20300","103625000","5104.6798"
"20201214","01","11","    76370","JP3766500007","1479.0000","1480.0000","1444.0000","1450.0000","1461.0000","1472.0000","1442.0000","1448.0000","1479.0000","1480.0000","1442.0000","1448.0000"," ","0.0000","0.0000","12400","18062800","1456.6774"
"20201214","01","11","    76400","JP3629250006","360.0000","360.0000","350.0000","354.0000","350.0000","354.0000","350.0000","353.0000","360.0000","360.0000","350.0000","353.0000"," ","0.0000","0.0000","33300","11755000","353.0030"
"20201214","01","11","    76460","JP3895000002","742.0000","749.0000","737.0000","748.0000","744.0000","745.0000","739.0000","739.0000","742.0000","749.0000","737.0000","739.0000"," ","0.0000","0.0000","16500","12243600","742.0364"
"20201214","01","11","    76490","JP3397060009","7140.0000","7150.0000","7100.0000","7140.0000","7140.0000","7140.0000","7110.0000","7110.0000","7140.0000","7150.0000","7100.0000","7110.0000"," ","0.0000","0.0000","167800","1195497000","7124.5352"
"20201214","01","11","    76730","JP3482700006","1370.0000","1374.0000","1358.0000","1365.0000","1365.0000","1375.0000","1355.0000","1368.0000","1370.0000","1375.0000","1355.0000","1368.0000"," ","0.0000","0.0000","18000","24575600","1365.3111"
"20201214","01","11","    76790","JP3931410009","2428.0000","2453.0000","2421.0000","2448.0000","2432.0000","2456.0000","2416.0000","2447.0000","2428.0000","2456.0000","2416.0000","2447.0000"," ","0.0000","0.0000","48600","118739200","2443.1934"
"20201214","01","11","    77010","JP3357200009","3735.0000","3755.0000","3695.0000","3750.0000","3725.0000","3735.0000","3695.0000","3695.0000","3735.0000","3755.0000","3695.0000","3695.0000"," ","0.0000","0.0000","626000","2323905000","3712.3083"
"20201214","01","11","    77020","JP3386050003","903.0000","934.0000","899.0000","925.0000","930.0000","930.0000","923.0000","927.0000","903.0000","934.0000","899.0000","927.0000"," ","0.0000","0.0000","192900","178094400","923.2473"
"20201214","01","11","    77090","JP3266600000","393.0000","400.0000","391.0000","395.0000","397.0000","398.0000","393.0000","393.0000","393.0000","400.0000","391.0000","393.0000"," ","0.0000","0.0000","64000","25241500","394.3984"
"20201214","01","11","    77150","JP3648350001","877.0000","892.0000","860.0000","892.0000","890.0000","925.0000","890.0000","914.0000","877.0000","925.0000","860.0000","914.0000"," ","0.0000","0.0000","305200","274109300","898.1301"
"20201214","01","11","    77170","JP3829900004","5670.0000","5820.0000","5670.0000","5750.0000","5750.0000","5750.0000","5670.0000","5710.0000","5670.0000","5820.0000","5670.0000","5710.0000"," ","0.0000","0.0000","149400","858760000","5748.0589"
"20201214","01","11","    77180","JP3399000003","1703.0000","1720.0000","1701.0000","1711.0000","1705.0000","1717.0000","1702.0000","1706.0000","1703.0000","1720.0000","1701.0000","1706.0000"," ","0.0000","0.0000","222500","380467500","1709.9663"
"20201214","01","11","    77210","JP3624000000","950.0000","972.0000","943.0000","972.0000","976.0000","994.0000","962.0000","992.0000","950.0000","994.0000","943.0000","992.0000"," ","0.0000","0.0000","117200","114081700","973.3933"
"20201214","01","11","    77230","JP3104400001","4425.0000","4425.0000","4425.0000","4425.0000","4415.0000","4415.0000","4415.0000","4415.0000","4425.0000","4425.0000","4415.0000","4415.0000"," ","0.0000","0.0000","900","3974500","4416.1111"
"20201214","01","11","    77250","JP3152720003","2025.0000","2040.0000","1993.0000","2009.0000","2008.0000","2008.0000","1982.0000","1985.0000","2025.0000","2040.0000","1982.0000","1985.0000"," ","0.0000","0.0000","68100","136490700","2004.2687"
"20201214","01","11","    77270","JP3173200001","350.0000","409.0000","344.0000","404.0000","396.0000","404.0000","350.0000","359.0000","350.0000","409.0000","344.0000","359.0000"," ","0.0000","0.0000","6198200","2366201400","381.7562"
"20201214","01","11","    77290","JP3580200008","4915.0000","4980.0000","4865.0000","4970.0000","4950.0000","4980.0000","4920.0000","4955.0000","4915.0000","4980.0000","4865.0000","4955.0000"," ","0.0000","0.0000","265200","1310654500","4942.1361"
"20201214","01","11","    77300","JP3869920003","2581.0000","2665.0000","2580.0000","2665.0000","2666.0000","2674.0000","2639.0000","2641.0000","2581.0000","2674.0000","2580.0000","2641.0000"," ","0.0000","0.0000","263100","695964100","2645.2455"
"20201214","01","11","    77310","JP3657400002","691.0000","706.0000","690.0000","705.0000","705.0000","705.0000","699.0000","704.0000","691.0000","706.0000","690.0000","704.0000"," ","0.0000","0.0000","2569900","1799729800","700.3112"
"20201214","01","11","    77320","JP3630400004","1280.0000","1300.0000","1278.0000","1298.0000","1296.0000","1297.0000","1277.0000","1285.0000","1280.0000","1300.0000","1277.0000","1285.0000"," ","0.0000","0.0000","533800","687204200","1287.3814"
"20201214","01","11","    77330","JP3201200007","2191.5000","2213.0000","2181.5000","2185.0000","2182.0000","2185.5000","2151.0000","2151.0000","2191.5000","2213.0000","2151.0000","2151.0000"," ","0.0000","0.0000","2820600","6112773650","2167.1891"
"20201214","01","11","    77340","JP3971000009","2951.0000","3000.0000","2951.0000","2985.0000","3000.0000","3005.0000","2963.0000","2972.0000","2951.0000","3005.0000","2951.0000","2972.0000"," ","0.0000","0.0000","16600","49457200","2979.3494"
"20201214","01","11","    77350","JP3494600004","7000.0000","7170.0000","6970.0000","7120.0000","7130.0000","7130.0000","7020.0000","7050.0000","7000.0000","7170.0000","6970.0000","7050.0000"," ","0.0000","0.0000","631800","4471245000","7076.9943"
"20201214","01","11","    77390","JP3243200007","1520.0000","1536.0000","1515.0000","1535.0000","1535.0000","1535.0000","1520.0000","1526.0000","1520.0000","1536.0000","1515.0000","1526.0000"," ","0.0000","0.0000","65000","99387400","1529.0369"
"20201214","01","11","    77400","JP3471800007","1787.0000","1813.0000","1772.0000","1787.0000","1779.0000","1788.0000","1772.0000","1780.0000","1787.0000","1813.0000","1772.0000","1780.0000"," ","0.0000","0.0000","146500","261341600","1783.9017"
"20201214","01","11","    77410","JP3837800006","12950.0000","13245.0000","12950.0000","13225.0000","13185.0000","13250.0000","13145.0000","13155.0000","12950.0000","13250.0000","12950.0000","13155.0000"," ","0.0000","0.0000","626300","8234885000","13148.4672"
"20201214","01","11","    77430","JP3347000006","613.0000","619.0000","610.0000","616.0000","616.0000","616.0000","612.0000","612.0000","613.0000","619.0000","610.0000","612.0000"," ","0.0000","0.0000","24000","14751400","614.6417"
"20201214","01","11","    77440","JP3759500006","2499.0000","2538.0000","2490.0000","2538.0000","2538.0000","2547.0000","2528.0000","2538.0000","2499.0000","2547.0000","2490.0000","2538.0000"," ","0.0000","0.0000","190300","481867000","2532.1440"
"20201214","01","11","    77450","JP3160130005","1045.0000","1045.0000","1022.0000","1037.0000","1036.0000","1036.0000","1009.0000","1009.0000","1045.0000","1045.0000","1009.0000","1009.0000"," ","0.0000","0.0000","132700","135864300","1023.8455"
"20201214","01","11","    77470","JP3110650003","3600.0000","3630.0000","3565.0000","3630.0000","3620.0000","3630.0000","3565.0000","3580.0000","3600.0000","3630.0000","3565.0000","3580.0000"," ","0.0000","0.0000","424600","1525215000","3592.1220"
"20201214","01","11","    77510","JP3242800005","2035.0000","2088.0000","2035.0000","2079.5000","2080.0000","2081.5000","2067.5000","2075.5000","2035.0000","2088.0000","2035.0000","2075.5000"," ","0.0000","0.0000","4646700","9632863250","2073.0547"
"20201214","01","11","    77520","JP3973400009","742.0000","748.0000","738.0000","748.0000","741.0000","744.0000","737.0000","741.0000","742.0000","748.0000","737.0000","741.0000"," ","0.0000","0.0000","2746000","2036315000","741.5568"
"20201214","01","11","    77620","JP3352400000","297.0000","307.0000","297.0000","306.0000","306.0000","307.0000","304.0000","305.0000","297.0000","307.0000","297.0000","305.0000"," ","0.0000","0.0000","2582700","785292500","304.0587"
"20201214","01","11","    77690","JP3974200002","629.0000","636.0000","629.0000","635.0000","638.0000","640.0000","637.0000","639.0000","629.0000","640.0000","629.0000","639.0000"," ","0.0000","0.0000","10400","6598800","634.5000"
"20201214","01","11","    77750","JP3482500000","526.0000","531.0000","524.0000","531.0000","530.0000","530.0000","526.0000","529.0000","526.0000","531.0000","524.0000","529.0000"," ","0.0000","0.0000","62200","32814500","527.5643"
"20201214","01","11","    77800","JP3921270009","6410.0000","6410.0000","6350.0000","6400.0000","6390.0000","6400.0000","6360.0000","6360.0000","6410.0000","6410.0000","6350.0000","6360.0000"," ","0.0000","0.0000","89400","570208000","6378.1655"
"20201214","01","11","    77820","JP3376500009","385.0000","397.0000","385.0000","397.0000","395.0000","395.0000","394.0000","395.0000","385.0000","397.0000","385.0000","395.0000"," ","0.0000","0.0000","8900","3502500","393.5393"
"20201214","01","11","    78110","JP3646100002","1570.0000","1585.0000","1570.0000","1585.0000","1576.0000","1594.0000","1576.0000","1586.0000","1570.0000","1594.0000","1570.0000","1586.0000"," ","0.0000","0.0000","12400","19594800","1580.2258"
"20201214","01","11","    78160","JP3399770001","1850.0000","1879.0000","1835.0000","1846.0000","1846.0000","1846.0000","1810.0000","1821.0000","1850.0000","1879.0000","1810.0000","1821.0000"," ","0.0000","0.0000","379500","698262400","1839.9536"
"20201214","01","11","    78170","JP3781620004","4480.0000","4585.0000","4475.0000","4585.0000","4585.0000","4585.0000","4505.0000","4525.0000","4480.0000","4585.0000","4475.0000","4525.0000"," ","0.0000","0.0000","39000","176493500","4525.4744"
"20201214","01","11","    78180","JP3635670007","935.0000","944.0000","931.0000","941.0000","941.0000","942.0000","935.0000","937.0000","935.0000","944.0000","931.0000","937.0000"," ","0.0000","0.0000","121700","114269800","938.9466"
"20201214","01","11","    78190","JP3360150001","396.0000","396.0000","391.0000","396.0000","396.0000","396.0000","393.0000","393.0000","396.0000","396.0000","391.0000","393.0000"," ","0.0000","0.0000","5400","2130100","394.4630"
"20201214","01","11","    78200","JP3756230003","1291.0000","1315.0000","1291.0000","1313.0000","1313.0000","1317.0000","1306.0000","1309.0000","1291.0000","1317.0000","1291.0000","1309.0000"," ","0.0000","0.0000","54300","71201000","1311.2523"
"20201214","01","11","    78210","JP3861250003","2636.0000","2654.0000","2618.0000","2650.0000","2646.0000","2646.0000","2610.0000","2632.0000","2636.0000","2654.0000","2610.0000","2632.0000"," ","0.0000","0.0000","77600","203992100","2628.7642"
"20201214","01","11","    78220","JP3160840009","288.0000","293.0000","288.0000","292.0000","292.0000","292.0000","289.0000","292.0000","288.0000","293.0000","288.0000","292.0000"," ","0.0000","0.0000","40100","11653700","290.6160"
"20201214","01","11","    78230","JP3100210008","664.0000","667.0000","663.0000","667.0000","675.0000","675.0000","661.0000","665.0000","664.0000","675.0000","661.0000","665.0000"," ","0.0000","0.0000","28300","18845700","665.9258"
"20201214","01","11","    78320","JP3778630008","9536.0000","9637.0000","9523.0000","9637.0000","9617.0000","9632.0000","9550.0000","9550.0000","9536.0000","9637.0000","9523.0000","9550.0000"," ","0.0000","0.0000","499400","4780988400","9573.4650"
"20201214","01","11","    78330","JP3105070001","810.0000","810.0000","803.0000","808.0000","810.0000","810.0000","809.0000","810.0000","810.0000","810.0000","803.0000","810.0000"," ","0.0000","0.0000","17800","14403900","809.2079"
"20201214","01","11","    78380","JP3253700003","125.0000","125.0000","123.0000","124.0000","125.0000","125.0000","123.0000","125.0000","125.0000","125.0000","123.0000","125.0000"," ","0.0000","0.0000","129100","16026200","124.1379"
"20201214","01","11","    78390","JP3360900009","3655.0000","3665.0000","3600.0000","3610.0000","3580.0000","3595.0000","3565.0000","3580.0000","3655.0000","3665.0000","3565.0000","3580.0000"," ","0.0000","0.0000","83100","298190000","3588.3273"
"20201214","01","11","    78400","JP3826500005","896.0000","905.0000","887.0000","904.0000","902.0000","905.0000","892.0000","894.0000","896.0000","905.0000","887.0000","894.0000"," ","0.0000","0.0000","50000","44824300","896.4860"
"20201214","01","11","    78440","JP3860230006","843.0000","875.0000","843.0000","874.0000","874.0000","877.0000","865.0000","871.0000","843.0000","877.0000","843.0000","871.0000"," ","0.0000","0.0000","321800","278500300","865.4453"
"20201214","01","11","    78460","JP3780610006","2982.0000","3010.0000","2978.0000","3005.0000","2997.0000","3005.0000","2980.0000","2980.0000","2982.0000","3010.0000","2978.0000","2980.0000"," ","0.0000","0.0000","82100","245411900","2989.1827"
"20201214","01","11","    78560","JP3765500008","1506.0000","1518.0000","1493.0000","1510.0000","1509.0000","1509.0000","1493.0000","1496.0000","1506.0000","1518.0000","1493.0000","1496.0000"," ","0.0000","0.0000","41300","62010600","1501.4673"
"20201214","01","11","    78600","JP3160950006","1029.0000","1050.0000","1027.0000","1050.0000","1048.0000","1050.0000","1034.0000","1039.0000","1029.0000","1050.0000","1027.0000","1039.0000"," ","0.0000","0.0000","164400","170711900","1038.3936"
"20201214","01","11","    78620","JP3629200001","1053.0000","1065.0000","1053.0000","1064.0000","1057.0000","1057.0000","1046.0000","1051.0000","1053.0000","1065.0000","1046.0000","1051.0000"," ","0.0000","0.0000","77300","81313100","1051.9159"
"20201214","01","11","    78640","JP3813800004","2003.0000","2038.0000","2000.0000","2035.0000","2037.0000","2037.0000","2018.0000","2021.0000","2003.0000","2038.0000","2000.0000","2021.0000"," ","0.0000","0.0000","114100","230628600","2021.2848"
"20201214","01","11","    78670","JP3630550006","953.0000","964.0000","952.0000","962.0000","958.0000","959.0000","943.0000","945.0000","953.0000","964.0000","943.0000","945.0000"," ","0.0000","0.0000","504200","479515000","951.0413"
"20201214","01","11","    78680","JP3287700003","687.0000","720.0000","686.0000","718.0000","718.0000","718.0000","704.0000","709.0000","687.0000","720.0000","686.0000","709.0000"," ","0.0000","0.0000","76000","53567200","704.8316"
"20201214","01","11","    78720","JP3163000007","629.0000","629.0000","623.0000","623.0000","623.0000","623.0000","618.0000","618.0000","629.0000","629.0000","618.0000","618.0000"," ","0.0000","0.0000","2900","1797700","619.8966"
"20201214","01","11","    78740","JP3410800001","1450.0000","1468.0000","1441.0000","1464.0000","1468.0000","1468.0000","1445.0000","1451.0000","1450.0000","1468.0000","1441.0000","1451.0000"," ","0.0000","0.0000","74600","108448900","1453.7386"
"20201214","01","11","    78850","JP3457750002","605.0000","605.0000","601.0000","603.0000","604.0000","604.0000","601.0000","602.0000","605.0000","605.0000","601.0000","602.0000"," ","0.0000","0.0000","11400","6876700","603.2193"
"20201214","01","11","    78880","JP3330900006","406.0000","415.0000","395.0000","407.0000","407.0000","414.0000","403.0000","404.0000","406.0000","415.0000","395.0000","404.0000"," ","0.0000","0.0000","1059800","430177800","405.9047"
"20201214","01","11","    78930","JP3119000002","1048.0000","1053.0000","1035.0000","1042.0000","1042.0000","1045.0000","1035.0000","1035.0000","1048.0000","1053.0000","1035.0000","1035.0000"," ","0.0000","0.0000","23300","24263300","1041.3433"
"20201214","01","11","    78970","JP3843000005","109.0000","109.0000","108.0000","109.0000","109.0000","110.0000","109.0000","109.0000","109.0000","110.0000","108.0000","109.0000"," ","0.0000","0.0000","57200","6230700","108.9283"
"20201214","01","11","    78980","JP3390600009","1140.0000","1151.0000","1140.0000","1150.0000","1146.0000","1158.0000","1143.0000","1155.0000","1140.0000","1158.0000","1140.0000","1155.0000"," ","0.0000","0.0000","8100","9305000","1148.7654"
"20201214","01","11","    79050","JP3482600008","1882.0000","1911.0000","1882.0000","1908.0000","1905.0000","1905.0000","1871.0000","1877.0000","1882.0000","1911.0000","1871.0000","1877.0000"," ","0.0000","0.0000","27800","52401300","1884.9388"
"20201214","01","11","    79080","JP3242600009","202.0000","204.0000","192.0000","199.0000","199.0000","201.0000","197.0000","198.0000","202.0000","204.0000","192.0000","198.0000"," ","0.0000","0.0000","256800","50960400","198.4439"
"20201214","01","11","    79110","JP3629000005","1509.0000","1542.0000","1502.0000","1542.0000","1539.0000","1539.0000","1524.0000","1527.0000","1509.0000","1542.0000","1502.0000","1527.0000"," ","0.0000","0.0000","851000","1298915000","1526.3396"
"20201214","01","11","    79120","JP3493800001","1879.0000","1924.0000","1879.0000","1924.0000","1926.0000","1928.0000","1911.0000","1911.0000","1879.0000","1928.0000","1879.0000","1911.0000"," ","0.0000","0.0000","967500","1850248700","1912.4018"
"20201214","01","11","    79140","JP3252800002","3035.0000","3145.0000","3035.0000","3135.0000","3115.0000","3115.0000","3045.0000","3075.0000","3035.0000","3145.0000","3035.0000","3075.0000"," ","0.0000","0.0000","9400","29080000","3093.6170"
"20201214","01","11","    79150","JP3713200008","1445.0000","1485.0000","1445.0000","1485.0000","1483.0000","1492.0000","1473.0000","1480.0000","1445.0000","1492.0000","1445.0000","1480.0000"," ","0.0000","0.0000","186600","275487900","1476.3553"
"20201214","01","11","    79160","JP3904800004","1780.0000","1780.0000","1780.0000","1780.0000","1786.0000","1786.0000","1786.0000","1786.0000","1780.0000","1786.0000","1780.0000","1786.0000"," ","0.0000","0.0000","1200","2141400","1784.5000"
"20201214","01","11","    79170","JP3821000001","4770.0000","4820.0000","4685.0000","4805.0000","4765.0000","4805.0000","4765.0000","4780.0000","4770.0000","4820.0000","4685.0000","4780.0000"," ","0.0000","0.0000","20500","98137500","4787.1951"
"20201214","01","11","    79180","JP3107200002","230.0000","236.0000","229.0000","235.0000","236.0000","237.0000","234.0000","234.0000","230.0000","237.0000","229.0000","234.0000"," ","0.0000","0.0000","97200","22690100","233.4372"
"20201214","01","11","    79210","JP3459000000","1939.0000","1970.0000","1934.0000","1965.0000","1965.0000","1975.0000","1962.0000","1970.0000","1939.0000","1975.0000","1934.0000","1970.0000"," ","0.0000","0.0000","61300","120258600","1961.8042"
"20201214","01","11","    79250","JP3860250004","984.0000","990.0000","982.0000","983.0000","983.0000","986.0000","983.0000","985.0000","984.0000","990.0000","982.0000","985.0000"," ","0.0000","0.0000","16800","16545900","984.8750"
"20201214","01","11","    79310","JP3910600000","1800.0000","1827.0000","1800.0000","1824.0000","1826.0000","1829.0000","1820.0000","1827.0000","1800.0000","1829.0000","1800.0000","1827.0000"," ","0.0000","0.0000","11300","20588700","1822.0088"
"20201214","01","11","    79360","JP3118000003","2158.0000","2182.0000","2136.0000","2149.0000","2145.0000","2146.0000","2119.0000","2123.0000","2158.0000","2182.0000","2119.0000","2123.0000"," ","0.0000","0.0000","852900","1826537600","2141.5613"
"20201214","01","11","    79370","JP3533500009","2094.0000","2125.0000","2093.0000","2114.0000","2114.0000","2114.0000","2092.0000","2103.0000","2094.0000","2125.0000","2092.0000","2103.0000"," ","0.0000","0.0000","12600","26501100","2103.2619"
"20201214","01","11","    79400","JP3687800007","789.0000","796.0000","789.0000","792.0000","792.0000","800.0000","790.0000","800.0000","789.0000","800.0000","789.0000","800.0000"," ","0.0000","0.0000","46400","36866800","794.5431"
"20201214","01","11","    79420","JP3386000008","1575.0000","1585.0000","1566.0000","1582.0000","1581.0000","1581.0000","1565.0000","1574.0000","1575.0000","1585.0000","1565.0000","1574.0000"," ","0.0000","0.0000","78900","124204400","1574.2003"
"20201214","01","11","    79430","JP3662200009","3165.0000","3205.0000","3155.0000","3200.0000","3200.0000","3200.0000","3155.0000","3160.0000","3165.0000","3205.0000","3155.0000","3160.0000"," ","0.0000","0.0000","71200","225694000","3169.8596"
"20201214","01","11","    79470","JP3167000003","4200.0000","4275.0000","4190.0000","4270.0000","4275.0000","4275.0000","4200.0000","4210.0000","4200.0000","4275.0000","4190.0000","4210.0000"," ","0.0000","0.0000","140900","596249500","4231.7211"
"20201214","01","11","    79490","JP3303200004","1788.0000","1793.0000","1776.0000","1788.0000","1776.0000","1781.0000","1754.0000","1759.0000","1788.0000","1793.0000","1754.0000","1759.0000"," ","0.0000","0.0000","17900","31758800","1774.2346"
"20201214","01","11","    79510","JP3942600002","6150.0000","6260.0000","6130.0000","6130.0000","6140.0000","6150.0000","6100.0000","6120.0000","6150.0000","6260.0000","6100.0000","6120.0000"," ","0.0000","0.0000","789000","4855583000","6154.0976"
"20201214","01","11","    79520","JP3221400009","2958.0000","2983.0000","2931.0000","2970.0000","2970.0000","2970.0000","2920.0000","2939.0000","2958.0000","2983.0000","2920.0000","2939.0000"," ","0.0000","0.0000","14100","41555300","2947.1844"
"20201214","01","11","    79550","JP3270200003","474.0000","482.0000","474.0000","482.0000","482.0000","482.0000","477.0000","481.0000","474.0000","482.0000","474.0000","481.0000"," ","0.0000","0.0000","49200","23465500","476.9411"
"20201214","01","11","    79560","JP3801600002","4675.0000","4705.0000","4635.0000","4690.0000","4700.0000","4710.0000","4670.0000","4675.0000","4675.0000","4710.0000","4635.0000","4675.0000"," ","0.0000","0.0000","363900","1702963500","4679.7568"
"20201214","01","11","    79580","JP3547800007","2034.0000","2062.0000","2034.0000","2060.0000","2058.0000","2058.0000","2037.0000","2043.0000","2034.0000","2062.0000","2034.0000","2043.0000"," ","0.0000","0.0000","18100","37080100","2048.6243"
"20201214","01","11","    79590","JP3200600009","2316.0000","2341.0000","2316.0000","2321.0000","2322.0000","2329.0000","2307.0000","2307.0000","2316.0000","2341.0000","2307.0000","2307.0000"," ","0.0000","0.0000","6200","14383200","2319.8710"
"20201214","01","11","    79610","JP3217600000","1634.0000","1639.0000","1609.0000","1613.0000","1614.0000","1614.0000","1614.0000","1614.0000","1634.0000","1639.0000","1609.0000","1614.0000"," ","0.0000","0.0000","2600","4223600","1624.4615"
"20201214","01","11","    79620","JP3262000007","924.0000","935.0000","920.0000","933.0000","930.0000","930.0000","915.0000","916.0000","924.0000","935.0000","915.0000","916.0000"," ","0.0000","0.0000","43200","39956700","924.9236"
"20201214","01","11","    79650","JP3437400009","1868.0000","1899.0000","1861.0000","1895.0000","1890.0000","1899.0000","1881.0000","1885.0000","1868.0000","1899.0000","1861.0000","1885.0000"," ","0.0000","0.0000","98600","186097500","1887.3986"
"20201214","01","11","    79660","JP3977200009","2253.0000","2291.0000","2252.0000","2284.0000","2274.0000","2279.0000","2253.0000","2259.0000","2253.0000","2291.0000","2252.0000","2259.0000"," ","0.0000","0.0000","118300","268030600","2265.6855"
"20201214","01","11","    79700","JP3371600002","978.0000","992.0000","974.0000","986.0000","992.0000","992.0000","978.0000","980.0000","978.0000","992.0000","974.0000","980.0000"," ","0.0000","0.0000","78200","76869600","982.9872"
"20201214","01","11","    79710","JP3620600001","253.0000","256.0000","253.0000","254.0000","254.0000","256.0000","254.0000","256.0000","253.0000","256.0000","253.0000","256.0000"," ","0.0000","0.0000","73000","18609500","254.9247"
"20201214","01","11","    79720","JP3142700008","354.0000","362.0000","353.0000","359.0000","359.0000","360.0000","355.0000","358.0000","354.0000","362.0000","353.0000","358.0000"," ","0.0000","0.0000","116500","41706900","357.9991"
"20201214","01","11","    79740","JP3756600007","60580.0000","62470.0000","60580.0000","62400.0000","62470.0000","62500.0000","62180.0000","62230.0000","60580.0000","62500.0000","60580.0000","62230.0000"," ","0.0000","0.0000","1935300","119645999000","61822.9727"
"20201214","01","11","    79760","JP3895600009","1439.0000","1460.0000","1428.0000","1460.0000","1462.0000","1476.0000","1454.0000","1472.0000","1439.0000","1476.0000","1428.0000","1472.0000"," ","0.0000","0.0000","53500","78297100","1463.4972"
"20201214","01","11","    79790","JP3363600002","1796.0000","1796.0000","1771.0000","1775.0000","1766.0000","1781.0000","1738.0000","1752.0000","1796.0000","1796.0000","1738.0000","1752.0000"," ","0.0000","0.0000","16400","28903800","1762.4268"
"20201214","01","11","    79810","JP3460000007","1454.0000","1483.0000","1448.0000","1483.0000","1490.0000","1490.0000","1469.0000","1475.0000","1454.0000","1490.0000","1448.0000","1475.0000"," ","0.0000","0.0000","127400","187515200","1471.8619"
"20201214","01","11","    79840","JP3297000006","1455.0000","1470.0000","1452.0000","1468.0000","1470.0000","1470.0000","1450.0000","1453.0000","1455.0000","1470.0000","1450.0000","1453.0000"," ","0.0000","0.0000","132700","193310300","1456.7468"
"20201214","01","11","    79870","JP3644400008","623.0000","633.0000","621.0000","631.0000","631.0000","631.0000","628.0000","628.0000","623.0000","633.0000","621.0000","628.0000"," ","0.0000","0.0000","30900","19391200","627.5469"
"20201214","01","11","    79880","JP3756200006","3750.0000","3900.0000","3750.0000","3900.0000","3900.0000","3915.0000","3885.0000","3905.0000","3750.0000","3915.0000","3750.0000","3905.0000"," ","0.0000","0.0000","283800","1098271500","3869.8784"
"20201214","01","11","    79890","JP3466200007","1393.0000","1398.0000","1377.0000","1397.0000","1397.0000","1397.0000","1383.0000","1387.0000","1393.0000","1398.0000","1377.0000","1387.0000"," ","0.0000","0.0000","18300","25463800","1391.4645"
"20201214","01","11","    79900","JP3503800009","4240.0000","4240.0000","4180.0000","4205.0000","4175.0000","4185.0000","4130.0000","4135.0000","4240.0000","4240.0000","4130.0000","4135.0000"," ","0.0000","0.0000","63200","263371500","4167.2706"
"20201214","01","11","    79940","JP3192400004","930.0000","944.0000","928.0000","943.0000","944.0000","944.0000","933.0000","936.0000","930.0000","944.0000","928.0000","936.0000"," ","0.0000","0.0000","166700","156159400","936.7690"
"20201214","01","11","    79950","JP3744200001","2013.0000","2043.0000","2011.0000","2034.0000","2032.0000","2035.0000","2003.0000","2016.0000","2013.0000","2043.0000","2003.0000","2016.0000"," ","0.0000","0.0000","70900","143230900","2020.1819"
"20201214","01","11","    79990","JP3914000009","1471.0000","1471.0000","1461.0000","1468.0000","1465.0000","1468.0000","1465.0000","1468.0000","1471.0000","1471.0000","1461.0000","1468.0000"," ","0.0000","0.0000","2300","3373900","1466.9130"
"20201214","01","11","    80010","JP3143600009","2910.0000","2955.5000","2903.0000","2950.5000","2950.0000","2950.0000","2926.0000","2935.0000","2910.0000","2955.5000","2903.0000","2935.0000"," ","0.0000","0.0000","2644500","7765050150","2936.3018"
"20201214","01","11","    80020","JP3877600001","667.3000","687.7000","665.6000","685.3000","686.3000","686.3000","681.0000","682.7000","667.3000","687.7000","665.6000","682.7000"," ","0.0000","0.0000","6781600","4620767650","681.3684"
"20201214","01","11","    80050","JP3913600007","740.0000","752.0000","734.0000","749.0000","750.0000","750.0000","741.0000","742.0000","740.0000","752.0000","734.0000","742.0000"," ","0.0000","0.0000","377300","281132700","745.1171"
"20201214","01","11","    80070","JP3455600001","1650.0000","1650.0000","1631.0000","1632.0000","1647.0000","1648.0000","1636.0000","1648.0000","1650.0000","1650.0000","1631.0000","1648.0000"," ","0.0000","0.0000","4600","7570500","1645.7609"
"20201214","01","11","    80080","JP3119950008","1936.0000","1963.0000","1924.0000","1957.0000","1950.0000","1950.0000","1928.0000","1930.0000","1936.0000","1963.0000","1924.0000","1930.0000"," ","0.0000","0.0000","35000","67820300","1937.7229"
"20201214","01","11","    80110","JP3339400008","575.0000","593.0000","571.0000","589.0000","588.0000","593.0000","582.0000","592.0000","575.0000","593.0000","571.0000","592.0000"," ","0.0000","0.0000","140300","82183400","585.7691"
"20201214","01","11","    80120","JP3647800006","1487.0000","1504.0000","1478.0000","1502.0000","1498.0000","1498.0000","1479.0000","1482.0000","1487.0000","1504.0000","1478.0000","1482.0000"," ","0.0000","0.0000","129700","193062400","1488.5305"
"20201214","01","11","    80130","JP3640800003","348.0000","350.0000","348.0000","350.0000","350.0000","353.0000","350.0000","353.0000","348.0000","353.0000","348.0000","353.0000"," ","0.0000","0.0000","17300","6065900","350.6301"
"20201214","01","11","    80140","JP3528200003","1614.0000","1634.0000","1614.0000","1624.0000","1622.0000","1623.0000","1586.0000","1602.0000","1614.0000","1634.0000","1586.0000","1602.0000"," ","0.0000","0.0000","30200","48510100","1606.2947"
"20201214","01","11","    80150","JP3635000007","3830.0000","3925.0000","3825.0000","3915.0000","3910.0000","3930.0000","3895.0000","3905.0000","3830.0000","3930.0000","3825.0000","3905.0000"," ","0.0000","0.0000","729200","2842183000","3897.6728"
"20201214","01","11","    80160","JP3203500008","204.0000","211.0000","204.0000","211.0000","211.0000","213.0000","210.0000","212.0000","204.0000","213.0000","204.0000","212.0000"," ","0.0000","0.0000","1423400","299383000","210.3295"
"20201214","01","11","    80180","JP3328000009","474.0000","477.0000","470.0000","477.0000","476.0000","490.0000","475.0000","485.0000","474.0000","490.0000","470.0000","485.0000"," ","0.0000","0.0000","44400","21246200","478.5180"
"20201214","01","11","    80200","JP3217100001","1245.0000","1263.0000","1242.0000","1260.0000","1260.0000","1260.0000","1244.0000","1247.0000","1245.0000","1263.0000","1242.0000","1247.0000"," ","0.0000","0.0000","186000","232844600","1251.8527"
"20201214","01","11","    80220","JP3905200006","2004.0000","2048.0000","2003.0000","2046.0000","2046.0000","2047.0000","2026.0000","2029.0000","2004.0000","2048.0000","2003.0000","2029.0000"," ","0.0000","0.0000","37200","75560200","2031.1882"
"20201214","01","11","    80250","JP3531400004","1497.0000","1518.0000","1497.0000","1504.0000","1513.0000","1515.0000","1500.0000","1511.0000","1497.0000","1518.0000","1497.0000","1511.0000"," ","0.0000","0.0000","12600","18941100","1503.2619"
"20201214","01","11","    80290","JP3981000007","1047.0000","1060.0000","1043.0000","1049.0000","1049.0000","1049.0000","1031.0000","1037.0000","1047.0000","1060.0000","1031.0000","1037.0000"," ","0.0000","0.0000","38000","39673400","1044.0368"
"20201214","01","11","    80310","JP3893600001","1926.0000","1945.0000","1904.5000","1942.5000","1931.5000","1938.0000","1918.5000","1922.5000","1926.0000","1945.0000","1904.5000","1922.5000"," ","0.0000","0.0000","3433900","6621295750","1928.2145"
"20201214","01","11","    80320","JP3694000005","3620.0000","3640.0000","3615.0000","3630.0000","3645.0000","3645.0000","3610.0000","3625.0000","3620.0000","3645.0000","3610.0000","3625.0000"," ","0.0000","0.0000","6700","24289500","3625.2985"
"20201214","01","11","    80350","JP3571400005","36460.0000","36880.0000","36270.0000","36720.0000","36680.0000","36840.0000","36620.0000","36700.0000","36460.0000","36880.0000","36270.0000","36700.0000"," ","0.0000","0.0000","536000","19664081000","36686.7183"
"20201214","01","11","    80370","JP3219400003","1211.0000","1221.0000","1201.0000","1213.0000","1213.0000","1213.0000","1194.0000","1196.0000","1211.0000","1221.0000","1194.0000","1196.0000"," ","0.0000","0.0000","21300","25628700","1203.2254"
"20201214","01","11","    80380","JP3596600001","4550.0000","4550.0000","4540.0000","4540.0000","4545.0000","4550.0000","4540.0000","4550.0000","4550.0000","4550.0000","4540.0000","4550.0000"," ","0.0000","0.0000","10800","49090500","4545.4167"
"20201214","01","11","    80410","JP3180000006","2871.0000","2871.0000","2857.0000","2870.0000","2850.0000","2863.0000","2850.0000","2863.0000","2871.0000","2871.0000","2850.0000","2863.0000"," ","0.0000","0.0000","2000","5724800","2862.4000"
"20201214","01","11","    80430","JP3399100001","4125.0000","4190.0000","4125.0000","4175.0000","4135.0000","4165.0000","4130.0000","4150.0000","4125.0000","4190.0000","4125.0000","4150.0000"," ","0.0000","0.0000","12600","52324500","4152.7381"
"20201214","01","11","    80500","JP3414700009","1383.0000","1412.0000","1382.0000","1408.0000","1409.0000","1409.0000","1383.0000","1387.0000","1383.0000","1412.0000","1382.0000","1387.0000"," ","0.0000","0.0000","115700","161588300","1396.6145"
"20201214","01","11","    80510","JP3936800006","1052.0000","1097.0000","1052.0000","1097.0000","1097.0000","1097.0000","1071.0000","1072.0000","1052.0000","1097.0000","1052.0000","1072.0000"," ","0.0000","0.0000","222100","240109300","1081.0864"
"20201214","01","11","    80520","JP3534600006","3940.0000","3940.0000","3900.0000","3900.0000","3940.0000","3990.0000","3940.0000","3990.0000","3940.0000","3990.0000","3900.0000","3990.0000"," ","0.0000","0.0000","3600","14298000","3971.6667"
"20201214","01","11","    80530","JP3404600003","1326.0000","1352.0000","1324.5000","1348.5000","1347.0000","1348.5000","1337.0000","1340.0000","1326.0000","1352.0000","1324.5000","1340.0000"," ","0.0000","0.0000","2330800","3127308800","1341.7319"
"20201214","01","11","    80560","JP3754200008","3820.0000","3895.0000","3805.0000","3890.0000","3895.0000","3895.0000","3825.0000","3850.0000","3820.0000","3895.0000","3805.0000","3850.0000"," ","0.0000","0.0000","342500","1321406500","3858.1212"
"20201214","01","11","    80570","JP3157200001","4345.0000","4480.0000","4340.0000","4475.0000","4480.0000","4495.0000","4435.0000","4470.0000","4345.0000","4495.0000","4340.0000","4470.0000"," ","0.0000","0.0000","123000","546315000","4441.5854"
"20201214","01","11","    80580","JP3898400001","2540.0000","2578.5000","2534.0000","2578.0000","2580.0000","2580.0000","2544.0000","2549.0000","2540.0000","2580.0000","2534.0000","2549.0000"," ","0.0000","0.0000","3930700","10051343100","2557.1382"
"20201214","01","11","    80590","JP3475800003","4100.0000","4135.0000","4075.0000","4130.0000","4110.0000","4120.0000","4085.0000","4100.0000","4100.0000","4135.0000","4075.0000","4100.0000"," ","0.0000","0.0000","16400","67297000","4103.4756"
"20201214","01","11","    80600","JP3243600008","2284.0000","2320.0000","2252.0000","2316.0000","2310.0000","2322.0000","2294.0000","2304.0000","2284.0000","2322.0000","2252.0000","2304.0000"," ","0.0000","0.0000","312800","718366700","2296.5687"
"20201214","01","11","    80610","JP3414200000","1305.0000","1335.0000","1304.0000","1333.0000","1332.0000","1332.0000","1312.0000","1322.0000","1305.0000","1335.0000","1304.0000","1322.0000"," ","0.0000","0.0000","15800","20874500","1321.1709"
"20201214","01","11","    80650","JP3322000005","1013.0000","1037.0000","1011.0000","1023.0000","1031.0000","1033.0000","1021.0000","1023.0000","1013.0000","1037.0000","1011.0000","1023.0000"," ","0.0000","0.0000","16400","16756200","1021.7195"
"20201214","01","11","    80680","JP3976600001","2801.0000","2828.0000","2784.0000","2822.0000","2821.0000","2821.0000","2795.0000","2800.0000","2801.0000","2828.0000","2784.0000","2800.0000"," ","0.0000","0.0000","122300","343315000","2807.1545"
"20201214","01","11","    80700","JP3576600005","598.0000","600.0000","595.0000","598.0000","599.0000","599.0000","590.0000","592.0000","598.0000","600.0000","590.0000","592.0000"," ","0.0000","0.0000","35900","21401200","596.1337"
"20201214","01","11","    80740","JP3945200008","3535.0000","3555.0000","3490.0000","3500.0000","3510.0000","3510.0000","3455.0000","3460.0000","3535.0000","3555.0000","3455.0000","3460.0000"," ","0.0000","0.0000","34700","121108500","3490.1585"
"20201214","01","11","    80750","JP3374000002","1863.0000","1877.0000","1863.0000","1877.0000","1890.0000","1907.0000","1865.0000","1865.0000","1863.0000","1907.0000","1863.0000","1865.0000"," ","0.0000","0.0000","5900","11081500","1878.2203"
"20201214","01","11","    80770","JP3301000000","264.0000","267.0000","264.0000","267.0000","267.0000","270.0000","266.0000","270.0000","264.0000","270.0000","264.0000","270.0000"," ","0.0000","0.0000","13900","3725400","268.0144"
"20201214","01","11","    80780","JP3777800008","2875.0000","2921.0000","2875.0000","2915.0000","2915.0000","2922.0000","2884.0000","2891.0000","2875.0000","2922.0000","2875.0000","2891.0000"," ","0.0000","0.0000","294000","852759700","2900.5432"
"20201214","01","11","    80790","JP3361200003","3790.0000","3850.0000","3790.0000","3840.0000","3840.0000","3845.0000","3810.0000","3810.0000","3790.0000","3850.0000","3790.0000","3810.0000"," ","0.0000","0.0000","30800","117683000","3820.8766"
"20201214","01","11","    80810","JP3215000005","1428.0000","1461.0000","1422.0000","1460.0000","1465.0000","1468.0000","1438.0000","1457.0000","1428.0000","1468.0000","1422.0000","1457.0000"," ","0.0000","0.0000","38100","55304600","1451.5643"
"20201214","01","11","    80840","JP3976200000","1520.0000","1530.0000","1520.0000","1525.0000","1523.0000","1523.0000","1509.0000","1517.0000","1520.0000","1530.0000","1509.0000","1517.0000"," ","0.0000","0.0000","56300","85544000","1519.4316"
"20201214","01","11","    80860","JP3673600007","1217.0000","1234.0000","1215.0000","1230.0000","1231.0000","1231.0000","1220.0000","1221.0000","1217.0000","1234.0000","1215.0000","1221.0000"," ","0.0000","0.0000","769100","941671600","1224.3812"
"20201214","01","11","    80870","JP3828000004","1303.0000","1320.0000","1303.0000","1319.0000","1320.0000","1320.0000","1307.0000","1307.0000","1303.0000","1320.0000","1303.0000","1307.0000"," ","0.0000","0.0000","7900","10340300","1308.8987"
"20201214","01","11","    80880","JP3151600008","6230.0000","6480.0000","6130.0000","6410.0000","6440.0000","6440.0000","6310.0000","6320.0000","6230.0000","6480.0000","6130.0000","6320.0000"," ","0.0000","0.0000","828800","5250756000","6335.3716"
"20201214","01","11","    80890","JP3641300003","1635.0000","1685.0000","1626.0000","1669.0000","1665.0000","1678.0000","1662.0000","1676.0000","1635.0000","1685.0000","1626.0000","1676.0000"," ","0.0000","0.0000","17700","29456400","1664.2034"
"20201214","01","11","    80900","JP3362400008","599.0000","607.0000","599.0000","607.0000","607.0000","609.0000","603.0000","603.0000","599.0000","609.0000","599.0000","603.0000"," ","0.0000","0.0000","15900","9616500","604.8113"
"20201214","01","11","    80910","JP3664400003","1947.0000","1960.0000","1947.0000","1960.0000","1960.0000","1960.0000","1945.0000","1960.0000","1947.0000","1960.0000","1945.0000","1960.0000"," ","0.0000","0.0000","2800","5479800","1957.0714"
"20201214","01","11","    80930","JP3257000004","1316.0000","1317.0000","1313.0000","1317.0000","1317.0000","1318.0000","1310.0000","1312.0000","1316.0000","1318.0000","1310.0000","1312.0000"," ","0.0000","0.0000","14000","18412200","1315.1571"
"20201214","01","11","    80950","JP3150000002","525.0000","534.0000","524.0000","531.0000","532.0000","533.0000","529.0000","530.0000","525.0000","534.0000","524.0000","530.0000"," ","0.0000","0.0000","93200","49408100","530.1298"
"20201214","01","11","    80960","JP3217200009","4105.0000","4155.0000","4100.0000","4155.0000","4140.0000","4140.0000","4090.0000","4105.0000","4105.0000","4155.0000","4090.0000","4105.0000"," ","0.0000","0.0000","34900","143708000","4117.7077"
"20201214","01","11","    80970","JP3323600001","1217.0000","1233.0000","1209.0000","1233.0000","1234.0000","1234.0000","1211.0000","1216.0000","1217.0000","1234.0000","1209.0000","1216.0000"," ","0.0000","0.0000","40800","49775800","1219.9951"
"20201214","01","11","    80980","JP3146000009","1450.0000","1455.0000","1440.0000","1450.0000","1454.0000","1454.0000","1438.0000","1446.0000","1450.0000","1455.0000","1438.0000","1446.0000"," ","0.0000","0.0000","79300","114668500","1446.0088"
"20201214","01","11","    81010","JP3276000001","1720.0000","1734.0000","1712.0000","1733.0000","1735.0000","1735.0000","1722.0000","1727.0000","1720.0000","1735.0000","1712.0000","1727.0000"," ","0.0000","0.0000","30000","51766900","1725.5633"
"20201214","01","11","    81030","JP3920600008","460.0000","466.0000","453.0000","460.0000","460.0000","461.0000","452.0000","452.0000","460.0000","466.0000","452.0000","452.0000"," ","0.0000","0.0000","641900","294532600","458.8450"
"20201214","01","11","    81040","JP3273200000","577.0000","578.0000","576.0000","576.0000","576.0000","576.0000","575.0000","576.0000","577.0000","578.0000","575.0000","576.0000"," ","0.0000","0.0000","7800","4492400","575.9487"
"20201214","01","11","    81070","JP3242400004","25.0000","25.0000","24.0000","25.0000","25.0000","25.0000","24.0000","25.0000","25.0000","25.0000","24.0000","25.0000"," ","0.0000","0.0000","803000","19978500","24.8798"
"20201214","01","11","    81080","JP3934400007","1232.0000","1233.0000","1218.0000","1226.0000","1218.0000","1227.0000","1209.0000","1211.0000","1232.0000","1233.0000","1209.0000","1211.0000"," ","0.0000","0.0000","39600","48491300","1224.5278"
"20201214","01","11","    81110","JP3306600002","7190.0000","7280.0000","7160.0000","7260.0000","7240.0000","7240.0000","7140.0000","7160.0000","7190.0000","7280.0000","7140.0000","7160.0000"," ","0.0000","0.0000","100800","725629000","7198.7004"
"20201214","01","11","    81130","JP3951600000","4810.0000","4844.0000","4800.0000","4820.0000","4812.0000","4815.0000","4775.0000","4777.0000","4810.0000","4844.0000","4775.0000","4777.0000"," ","0.0000","0.0000","823000","3948841400","4798.1062"
"20201214","01","11","    81140","JP3548800006","1740.0000","1794.0000","1740.0000","1794.0000","1800.0000","1802.0000","1784.0000","1788.0000","1740.0000","1802.0000","1740.0000","1788.0000"," ","0.0000","0.0000","78400","140219800","1788.5179"
"20201214","01","11","    81180","JP3261200004","534.0000","536.0000","527.0000","536.0000","538.0000","538.0000","534.0000","537.0000","534.0000","538.0000","527.0000","537.0000"," ","0.0000","0.0000","7900","4230800","535.5443"
"20201214","01","11","    81250","JP3992000004","1153.0000","1157.0000","1145.0000","1153.0000","1147.0000","1147.0000","1133.0000","1135.0000","1153.0000","1157.0000","1133.0000","1135.0000"," ","0.0000","0.0000","135900","154981500","1140.4084"
"20201214","01","11","    81270","JP3939600007","338.0000","346.0000","338.0000","346.0000","345.0000","345.0000","342.0000","343.0000","338.0000","346.0000","338.0000","343.0000"," ","0.0000","0.0000","21100","7224700","342.4028"
"20201214","01","11","    81290","JP3602600003","1885.0000","1918.0000","1885.0000","1918.0000","1914.0000","1914.0000","1883.0000","1886.0000","1885.0000","1918.0000","1883.0000","1886.0000"," ","0.0000","0.0000","83100","157340300","1893.3851"
"20201214","01","11","    81300","JP3330000005","1510.0000","1532.0000","1507.0000","1527.0000","1525.0000","1527.0000","1516.0000","1521.0000","1510.0000","1532.0000","1507.0000","1521.0000"," ","0.0000","0.0000","109100","165898100","1520.6059"
"20201214","01","11","    81310","JP3894400005","1345.0000","1366.0000","1345.0000","1362.0000","1363.0000","1363.0000","1340.0000","1341.0000","1345.0000","1366.0000","1340.0000","1341.0000"," ","0.0000","0.0000","20900","28165300","1347.6220"
"20201214","01","11","    81320","JP3354000006","2939.0000","2939.0000","2939.0000","2939.0000","2916.0000","2943.0000","2902.0000","2911.0000","2939.0000","2943.0000","2902.0000","2911.0000"," ","0.0000","0.0000","13000","37921700","2917.0538"
"20201214","01","11","    81330","JP3144000001","1016.0000","1019.0000","1010.0000","1014.0000","1011.0000","1012.0000","1001.0000","1008.0000","1016.0000","1019.0000","1001.0000","1008.0000"," ","0.0000","0.0000","138100","139334800","1008.9413"
"20201214","01","11","    81360","JP3343200006","1520.0000","1538.0000","1516.0000","1538.0000","1537.0000","1537.0000","1519.0000","1520.0000","1520.0000","1538.0000","1516.0000","1520.0000"," ","0.0000","0.0000","196200","299346700","1525.7222"
"20201214","01","11","    81370","JP3345400000","968.0000","992.0000","959.0000","989.0000","991.0000","1029.0000","989.0000","1024.0000","968.0000","1029.0000","959.0000","1024.0000"," ","0.0000","0.0000","104900","103918500","990.6435"
"20201214","01","11","    81400","JP3975400007","1908.0000","1922.0000","1901.0000","1914.0000","1909.0000","1913.0000","1903.0000","1907.0000","1908.0000","1922.0000","1901.0000","1907.0000"," ","0.0000","0.0000","35500","67783700","1909.4000"
"20201214","01","11","    81410","JP3374200008","741.0000","750.0000","738.0000","746.0000","745.0000","745.0000","733.0000","737.0000","741.0000","750.0000","733.0000","737.0000"," ","0.0000","0.0000","58300","43177900","740.6158"
"20201214","01","11","    81420","JP3553200001","2050.0000","2094.0000","2031.0000","2080.0000","2083.0000","2083.0000","1983.0000","2002.0000","2050.0000","2094.0000","1983.0000","2002.0000"," ","0.0000","0.0000","25800","52641000","2040.3488"
"20201214","01","11","    81500","JP3333200008","2200.0000","2207.0000","2190.0000","2203.0000","2196.0000","2196.0000","2175.0000","2175.0000","2200.0000","2207.0000","2175.0000","2175.0000"," ","0.0000","0.0000","15800","34548600","2186.6203"
"20201214","01","11","    81510","JP3616600007","1140.0000","1152.0000","1134.0000","1151.0000","1152.0000","1152.0000","1133.0000","1134.0000","1140.0000","1152.0000","1133.0000","1134.0000"," ","0.0000","0.0000","95000","108544400","1142.5726"
"20201214","01","11","    81530","JP3922400001","2840.0000","2890.0000","2839.0000","2890.0000","2881.0000","2888.0000","2865.0000","2868.0000","2840.0000","2890.0000","2839.0000","2868.0000"," ","0.0000","0.0000","130100","373037700","2867.3151"
"20201214","01","11","    81540","JP3206200002","2227.0000","2271.0000","2214.0000","2267.0000","2266.0000","2266.0000","2235.0000","2245.0000","2227.0000","2271.0000","2214.0000","2245.0000"," ","0.0000","0.0000","99800","224561500","2250.1152"
"20201214","01","11","    81550","JP3907200004","2758.0000","2806.0000","2747.0000","2804.0000","2784.0000","2790.0000","2763.0000","2777.0000","2758.0000","2806.0000","2747.0000","2777.0000"," ","0.0000","0.0000","46600","129380000","2776.3948"
"20201214","01","11","    81570","JP3533800003","1628.0000","1648.0000","1608.0000","1642.0000","1641.0000","1641.0000","1607.0000","1610.0000","1628.0000","1648.0000","1607.0000","1610.0000"," ","0.0000","0.0000","21400","34836100","1627.8551"
"20201214","01","11","    81580","JP3431400005","543.0000","552.0000","541.0000","551.0000","551.0000","551.0000","546.0000","546.0000","543.0000","552.0000","541.0000","546.0000"," ","0.0000","0.0000","15000","8197500","546.5000"
"20201214","01","11","    81590","JP3466600008","1675.0000","1679.0000","1666.0000","1672.0000","1664.0000","1668.0000","1651.0000","1659.0000","1675.0000","1679.0000","1651.0000","1659.0000"," ","0.0000","0.0000","22000","36586700","1663.0318"
"20201214","01","11","    81600","JP3237000009","2421.0000","2439.0000","2412.0000","2436.0000","2440.0000","2440.0000","2414.0000","2414.0000","2421.0000","2440.0000","2412.0000","2414.0000"," ","0.0000","0.0000","39300","95186800","2422.0560"
"20201214","01","11","    81630","JP3322350004","845.0000","849.0000","842.0000","847.0000","847.0000","849.0000","841.0000","841.0000","845.0000","849.0000","841.0000","841.0000"," ","0.0000","0.0000","104500","88246900","844.4679"
"20201214","01","11","    81650","JP3424600009","349.0000","354.0000","349.0000","353.0000","354.0000","355.0000","351.0000","351.0000","349.0000","355.0000","349.0000","351.0000"," ","0.0000","0.0000","182700","64165100","351.2047"
"20201214","01","11","    81660","JP3453600003","134.0000","135.0000","133.0000","135.0000","136.0000","136.0000","135.0000","135.0000","134.0000","136.0000","133.0000","135.0000"," ","0.0000","0.0000","32500","4365100","134.3108"
"20201214","01","11","    81670","JP3873200004","1423.0000","1472.0000","1421.0000","1466.0000","1467.0000","1467.0000","1449.0000","1454.0000","1423.0000","1472.0000","1421.0000","1454.0000"," ","0.0000","0.0000","57900","83936900","1449.6874"
"20201214","01","11","    81680","JP3277400002","749.0000","764.0000","749.0000","764.0000","765.0000","765.0000","748.0000","748.0000","749.0000","765.0000","748.0000","748.0000"," ","0.0000","0.0000","190900","144024300","754.4489"
"20201214","01","11","    81730","JP3393000009","2828.0000","2873.0000","2818.0000","2866.0000","2860.0000","2860.0000","2810.0000","2824.0000","2828.0000","2873.0000","2810.0000","2824.0000"," ","0.0000","0.0000","41700","118304100","2837.0288"
"20201214","01","11","    81740","JP3695600001","5750.0000","5810.0000","5710.0000","5760.0000","5760.0000","5760.0000","5700.0000","5760.0000","5750.0000","5810.0000","5700.0000","5760.0000"," ","0.0000","0.0000","181400","1042650000","5747.7949"
"20201214","01","11","    81790","JP3983600002","1960.0000","1977.0000","1945.0000","1970.0000","1967.0000","1975.0000","1951.0000","1951.0000","1960.0000","1977.0000","1945.0000","1951.0000"," ","0.0000","0.0000","157500","308861300","1961.0241"
"20201214","01","11","    81810","JP3595800008","930.0000","930.0000","929.0000","929.0000","930.0000","930.0000","927.0000","927.0000","930.0000","930.0000","927.0000","927.0000"," ","0.0000","0.0000","1600","1485600","928.5000"
"20201214","01","11","    81820","JP3145200006","1985.0000","1985.0000","1962.0000","1976.0000","1978.0000","1978.0000","1933.0000","1938.0000","1985.0000","1985.0000","1933.0000","1938.0000"," ","0.0000","0.0000","47100","91926600","1951.7325"
"20201214","01","11","    81840","JP3356800007","5490.0000","5490.0000","5480.0000","5480.0000","5480.0000","5490.0000","5480.0000","5480.0000","5490.0000","5490.0000","5480.0000","5480.0000"," ","0.0000","0.0000","87600","480380000","5483.7900"
"20201214","01","11","    81850","JP3528400009","928.0000","944.0000","927.0000","942.0000","939.0000","939.0000","929.0000","932.0000","928.0000","944.0000","927.0000","932.0000"," ","0.0000","0.0000","66700","62423900","935.8906"
"20201214","01","11","    81940","JP3966600003","3595.0000","3655.0000","3595.0000","3640.0000","3640.0000","3645.0000","3585.0000","3590.0000","3595.0000","3655.0000","3585.0000","3590.0000"," ","0.0000","0.0000","114300","412680000","3610.4987"
"20201214","01","11","    82000","JP3977000003","2305.0000","2334.0000","2297.0000","2333.0000","2334.0000","2334.0000","2322.0000","2325.0000","2305.0000","2334.0000","2297.0000","2325.0000"," ","0.0000","0.0000","71600","166225300","2321.5824"
"20201214","01","11","    82030","JP3885200000","818.0000","846.0000","816.0000","845.0000","841.0000","841.0000","828.0000","830.0000","818.0000","846.0000","816.0000","830.0000"," ","0.0000","0.0000","197400","164836700","835.0390"
"20201214","01","11","    82070","JP3547200000","330.0000","332.0000","329.0000","330.0000","330.0000","332.0000","329.0000","329.0000","330.0000","332.0000","329.0000","329.0000"," ","0.0000","0.0000","46700","15417300","330.1349"
"20201214","01","11","    82140","JP3105400000","509.0000","531.0000","508.0000","530.0000","532.0000","534.0000","530.0000","534.0000","509.0000","534.0000","508.0000","534.0000"," ","0.0000","0.0000","656700","345553600","526.1970"
"20201214","01","11","    82170","JP3172150009","1330.0000","1346.0000","1323.0000","1342.0000","1339.0000","1339.0000","1326.0000","1333.0000","1330.0000","1346.0000","1323.0000","1333.0000"," ","0.0000","0.0000","77800","103834100","1334.6285"
"20201214","01","11","    82180","JP3305600003","2846.0000","2890.0000","2845.0000","2887.0000","2890.0000","2890.0000","2833.0000","2850.0000","2846.0000","2890.0000","2833.0000","2850.0000"," ","0.0000","0.0000","211700","605037800","2857.9962"
"20201214","01","11","    82190","JP3106200003","520.0000","539.0000","520.0000","538.0000","539.0000","549.0000","537.0000","549.0000","520.0000","549.0000","520.0000","549.0000"," ","0.0000","0.0000","1277300","685901400","536.9932"
"20201214","01","11","    82270","JP3358200008","10430.0000","10480.0000","10380.0000","10460.0000","10450.0000","10470.0000","10400.0000","10450.0000","10430.0000","10480.0000","10380.0000","10450.0000"," ","0.0000","0.0000","90200","941218000","10434.7894"
"20201214","01","11","    82300","JP3768400008","298.0000","302.0000","298.0000","298.0000","300.0000","300.0000","295.0000","299.0000","298.0000","302.0000","295.0000","299.0000"," ","0.0000","0.0000","40100","11971600","298.5436"
"20201214","01","11","    82330","JP3456000003","844.0000","864.0000","844.0000","864.0000","862.0000","863.0000","855.0000","858.0000","844.0000","864.0000","844.0000","858.0000"," ","0.0000","0.0000","887800","760981500","857.1542"
"20201214","01","11","    82370","JP3869200000","801.0000","820.0000","799.0000","819.0000","817.0000","825.0000","815.0000","825.0000","801.0000","825.0000","799.0000","825.0000"," ","0.0000","0.0000","132600","108487000","818.1523"
"20201214","01","11","    82420","JP3774600005","690.0000","701.0000","690.0000","700.0000","697.0000","698.0000","690.0000","695.0000","690.0000","701.0000","690.0000","695.0000"," ","0.0000","0.0000","405000","281571500","695.2383"
"20201214","01","11","    82440","JP3250800004","3375.0000","3415.0000","3355.0000","3400.0000","3400.0000","3400.0000","3370.0000","3380.0000","3375.0000","3415.0000","3355.0000","3380.0000"," ","0.0000","0.0000","12500","42284500","3382.7600"
"20201214","01","11","    82520","JP3870400003","1959.0000","1967.0000","1953.0000","1964.0000","1960.0000","1963.0000","1936.0000","1944.0000","1959.0000","1967.0000","1936.0000","1944.0000"," ","0.0000","0.0000","663900","1296571600","1952.9622"
"20201214","01","11","    82530","JP3271400008","1232.0000","1266.0000","1231.0000","1262.0000","1262.0000","1263.0000","1242.0000","1246.0000","1232.0000","1266.0000","1231.0000","1246.0000"," ","0.0000","0.0000","749200","935895200","1249.1927"
"20201214","01","11","    82550","JP3772400002","4915.0000","4980.0000","4900.0000","4970.0000","4970.0000","4970.0000","4895.0000","4900.0000","4915.0000","4980.0000","4895.0000","4900.0000"," ","0.0000","0.0000","33000","162619000","4927.8485"
"20201214","01","11","    82600","JP3142400005","178.0000","179.0000","176.0000","178.0000","178.0000","179.0000","177.0000","179.0000","178.0000","179.0000","176.0000","179.0000"," ","0.0000","0.0000","28300","5044300","178.2438"
"20201214","01","11","    82670","JP3388200002","3114.0000","3168.0000","3112.0000","3166.0000","3163.0000","3163.0000","3113.0000","3121.0000","3114.0000","3168.0000","3112.0000","3121.0000"," ","0.0000","0.0000","1350700","4239452300","3138.7076"
"20201214","01","11","    82730","JP3138400001","3775.0000","3810.0000","3755.0000","3805.0000","3790.0000","3800.0000","3775.0000","3780.0000","3775.0000","3810.0000","3755.0000","3780.0000"," ","0.0000","0.0000","98500","372800000","3784.7716"
"20201214","01","11","    82750","JP3802750004","886.0000","886.0000","877.0000","877.0000","878.0000","878.0000","868.0000","869.0000","886.0000","886.0000","868.0000","869.0000"," ","0.0000","0.0000","5500","4789800","870.8727"
"20201214","01","11","    82760","JP3834400008","2166.0000","2209.0000","2163.0000","2209.0000","2209.0000","2209.0000","2175.0000","2183.0000","2166.0000","2209.0000","2163.0000","2183.0000"," ","0.0000","0.0000","79400","173646000","2186.9773"
"20201214","01","11","    82780","JP3807400001","1946.0000","1975.0000","1946.0000","1975.0000","1970.0000","1971.0000","1953.0000","1966.0000","1946.0000","1975.0000","1946.0000","1966.0000"," ","0.0000","0.0000","30000","58910000","1963.6667"
"20201214","01","11","    82790","JP3930200005","7100.0000","7140.0000","7060.0000","7100.0000","7090.0000","7110.0000","6990.0000","7010.0000","7100.0000","7140.0000","6990.0000","7010.0000"," ","0.0000","0.0000","85400","602215000","7051.6979"
"20201214","01","11","    82810","JP3428800001","825.0000","841.0000","825.0000","840.0000","841.0000","843.0000","838.0000","842.0000","825.0000","843.0000","825.0000","842.0000"," ","0.0000","0.0000","105100","87957700","836.8953"
"20201214","01","11","    82820","JP3277150003","1325.0000","1338.0000","1316.0000","1335.0000","1335.0000","1336.0000","1309.0000","1313.0000","1325.0000","1338.0000","1309.0000","1313.0000"," ","0.0000","0.0000","699300","925045200","1322.8160"
"20201214","01","11","    82830","JP3782200004","5920.0000","5970.0000","5890.0000","5960.0000","5950.0000","5950.0000","5850.0000","5850.0000","5920.0000","5970.0000","5850.0000","5850.0000"," ","0.0000","0.0000","60100","353983000","5889.9002"
"20201214","01","11","    82850","JP3886600000","422.0000","444.0000","422.0000","443.0000","443.0000","448.0000","439.0000","446.0000","422.0000","448.0000","422.0000","446.0000"," ","0.0000","0.0000","297200","130094100","437.7325"
"20201214","01","11","    82890","JP3201400003","919.0000","951.0000","919.0000","948.0000","952.0000","958.0000","947.0000","956.0000","919.0000","958.0000","919.0000","956.0000"," ","0.0000","0.0000","57800","54774400","947.6540"
"20201214","01","11","    82910","JP3587800008","258.0000","259.0000","257.0000","258.0000","259.0000","261.0000","258.0000","260.0000","258.0000","261.0000","257.0000","260.0000"," ","0.0000","0.0000","42900","11134800","259.5524"
"20201214","01","11","    83030","JP3729000004","1243.0000","1252.0000","1236.0000","1250.0000","1250.0000","1250.0000","1243.0000","1244.0000","1243.0000","1252.0000","1236.0000","1244.0000"," ","0.0000","0.0000","1237300","1539911400","1244.5740"
"20201214","01","11","    83040","JP3711200000","1882.0000","1909.0000","1878.0000","1904.0000","1904.0000","1904.0000","1895.0000","1898.0000","1882.0000","1909.0000","1878.0000","1898.0000"," ","0.0000","0.0000","1101300","2088381800","1896.2878"
"20201214","01","11","    83060","JP3902900004","447.5000","452.6000","446.9000","452.6000","452.0000","452.3000","449.5000","450.1000","447.5000","452.6000","446.9000","450.1000"," ","0.0000","0.0000","52224100","23512679940","450.2266"
"20201214","01","11","    83080","JP3500610005","378.0000","380.4000","377.3000","379.7000","380.0000","380.0000","376.1000","377.1000","378.0000","380.4000","376.1000","377.1000"," ","0.0000","0.0000","6623200","2503644400","378.0113"
"20201214","01","11","    83090","JP3892100003","3194.0000","3238.0000","3188.0000","3228.0000","3226.0000","3230.0000","3194.0000","3200.0000","3194.0000","3238.0000","3188.0000","3200.0000"," ","0.0000","0.0000","1111500","3567684900","3209.7930"
"20201214","01","11","    83160","JP3890350006","3114.0000","3164.0000","3110.0000","3161.0000","3160.0000","3163.0000","3141.0000","3151.0000","3114.0000","3164.0000","3110.0000","3151.0000"," ","0.0000","0.0000","7097400","22336208400","3147.0973"
"20201214","01","11","    83310","JP3511800009","595.0000","600.0000","592.0000","600.0000","600.0000","600.0000","592.0000","594.0000","595.0000","600.0000","592.0000","594.0000"," ","0.0000","0.0000","2099200","1249073900","595.0238"
"20201214","01","11","    83340","JP3276400003","329.0000","333.0000","327.0000","333.0000","332.0000","332.0000","327.0000","329.0000","329.0000","333.0000","327.0000","329.0000"," ","0.0000","0.0000","882800","290824800","329.4345"
"20201214","01","11","    83360","JP3912800004","1570.0000","1580.0000","1562.0000","1576.0000","1576.0000","1576.0000","1558.0000","1562.0000","1570.0000","1580.0000","1558.0000","1562.0000"," ","0.0000","0.0000","49100","76887400","1565.9348"
"20201214","01","11","    83370","JP3512200001","259.0000","265.0000","258.0000","264.0000","264.0000","264.0000","261.0000","261.0000","259.0000","265.0000","258.0000","261.0000"," ","0.0000","0.0000","305500","80154400","262.3712"
"20201214","01","11","    83380","JP3231000005","199.0000","201.0000","198.0000","201.0000","200.0000","200.0000","197.0000","198.0000","199.0000","201.0000","197.0000","198.0000"," ","0.0000","0.0000","215900","42951000","198.9393"
"20201214","01","11","    83410","JP3352000008","1458.0000","1484.0000","1458.0000","1483.0000","1474.0000","1479.0000","1452.0000","1455.0000","1458.0000","1484.0000","1452.0000","1455.0000"," ","0.0000","0.0000","178000","260274100","1462.2140"
"20201214","01","11","    83420","JP3106000007","2519.0000","2550.0000","2512.0000","2543.0000","2544.0000","2557.0000","2487.0000","2500.0000","2519.0000","2557.0000","2487.0000","2500.0000"," ","0.0000","0.0000","31700","79915200","2520.9842"
"20201214","01","11","    83430","JP3107600003","1378.0000","1397.0000","1378.0000","1396.0000","1390.0000","1391.0000","1372.0000","1376.0000","1378.0000","1397.0000","1372.0000","1376.0000"," ","0.0000","0.0000","31200","43151400","1383.0577"
"20201214","01","11","    83440","JP3934800008","1059.0000","1072.0000","1040.0000","1065.0000","1065.0000","1065.0000","1054.0000","1060.0000","1059.0000","1072.0000","1040.0000","1060.0000"," ","0.0000","0.0000","69600","73654700","1058.2572"
"20201214","01","11","    83450","JP3152400002","2131.0000","2175.0000","2131.0000","2150.0000","2160.0000","2160.0000","2091.0000","2111.0000","2131.0000","2175.0000","2091.0000","2111.0000"," ","0.0000","0.0000","43500","92429800","2124.8230"
"20201214","01","11","    83460","JP3601000007","219.0000","222.0000","218.0000","222.0000","222.0000","222.0000","219.0000","220.0000","219.0000","222.0000","218.0000","220.0000"," ","0.0000","0.0000","330200","72817200","220.5245"
"20201214","01","11","    83490","JP3604200000","1108.0000","1118.0000","1096.0000","1107.0000","1107.0000","1135.0000","1107.0000","1123.0000","1108.0000","1135.0000","1096.0000","1123.0000"," ","0.0000","0.0000","27900","31045800","1112.7527"
"20201214","01","11","    83500","JP3888000001","1140.0000","1153.0000","1135.0000","1140.0000","1149.0000","1149.0000","1125.0000","1130.0000","1140.0000","1153.0000","1125.0000","1130.0000"," ","0.0000","0.0000","28400","32249300","1135.5387"
"20201214","01","11","    83540","JP3805010000","1891.0000","1917.0000","1885.0000","1915.0000","1915.0000","1915.0000","1893.0000","1895.0000","1891.0000","1917.0000","1885.0000","1895.0000"," ","0.0000","0.0000","624100","1185435300","1899.4317"
"20201214","01","11","    83550","JP3351200005","771.0000","781.0000","770.0000","780.0000","780.0000","781.0000","770.0000","773.0000","771.0000","781.0000","770.0000","773.0000"," ","0.0000","0.0000","1568600","1214761500","774.4240"
"20201214","01","11","    83560","JP3392600007","1930.0000","1953.0000","1919.0000","1947.0000","1947.0000","1949.0000","1936.0000","1944.0000","1930.0000","1953.0000","1919.0000","1944.0000"," ","0.0000","0.0000","101900","197701700","1940.1541"
"20201214","01","11","    83580","JP3411000007","331.0000","336.0000","331.0000","334.0000","335.0000","335.0000","331.0000","332.0000","331.0000","336.0000","331.0000","332.0000"," ","0.0000","0.0000","1319600","439597000","333.1290"
"20201214","01","11","    83590","JP3769000005","361.0000","368.0000","361.0000","367.0000","368.0000","368.0000","362.0000","363.0000","361.0000","368.0000","361.0000","363.0000"," ","0.0000","0.0000","1594500","580585300","364.1175"
"20201214","01","11","    83600","JP3942000005","784.0000","788.0000","780.0000","786.0000","786.0000","786.0000","771.0000","771.0000","784.0000","788.0000","771.0000","771.0000"," ","0.0000","0.0000","85500","66584300","778.7637"
"20201214","01","11","    83610","JP3176000002","2265.0000","2294.0000","2256.0000","2294.0000","2294.0000","2294.0000","2252.0000","2257.0000","2265.0000","2294.0000","2252.0000","2257.0000"," ","0.0000","0.0000","69100","156515100","2265.0521"
"20201214","01","11","    83620","JP3803600000","1825.0000","1840.0000","1816.0000","1834.0000","1846.0000","1846.0000","1803.0000","1823.0000","1825.0000","1846.0000","1803.0000","1823.0000"," ","0.0000","0.0000","44900","81868700","1823.3563"
"20201214","01","11","    83630","JP3851400006","2813.0000","2843.0000","2808.0000","2821.0000","2811.0000","2822.0000","2800.0000","2811.0000","2813.0000","2843.0000","2800.0000","2811.0000"," ","0.0000","0.0000","52600","147934700","2812.4468"
"20201214","01","11","    83640","JP3358400004","1821.0000","1843.0000","1821.0000","1837.0000","1835.0000","1835.0000","1797.0000","1799.0000","1821.0000","1843.0000","1797.0000","1799.0000"," ","0.0000","0.0000","12300","22306600","1813.5447"
"20201214","01","11","    83650","JP3632000000","3545.0000","3570.0000","3480.0000","3520.0000","3450.0000","3475.0000","3370.0000","3370.0000","3545.0000","3570.0000","3370.0000","3370.0000"," ","0.0000","0.0000","13000","44681500","3437.0385"
"20201214","01","11","    83660","JP3347600003","2300.0000","2334.0000","2287.0000","2334.0000","2334.0000","2334.0000","2308.0000","2308.0000","2300.0000","2334.0000","2287.0000","2308.0000"," ","0.0000","0.0000","47600","110000500","2310.9349"
"20201214","01","11","    83670","JP3653400006","1838.0000","1854.0000","1833.0000","1849.0000","1851.0000","1851.0000","1832.0000","1837.0000","1838.0000","1854.0000","1832.0000","1837.0000"," ","0.0000","0.0000","63400","116610900","1839.2886"
"20201214","01","11","    83680","JP3793800008","307.0000","309.0000","306.0000","307.0000","306.0000","309.0000","306.0000","309.0000","307.0000","309.0000","306.0000","309.0000"," ","0.0000","0.0000","453200","139522400","307.8605"
"20201214","01","11","    83690","JP3251200006","5390.0000","5480.0000","5390.0000","5480.0000","5480.0000","5480.0000","5440.0000","5440.0000","5390.0000","5480.0000","5390.0000","5440.0000"," ","0.0000","0.0000","149200","812748000","5447.3727"
"20201214","01","11","    83700","JP3248000006","1534.0000","1551.0000","1534.0000","1550.0000","1536.0000","1541.0000","1525.0000","1537.0000","1534.0000","1551.0000","1525.0000","1537.0000"," ","0.0000","0.0000","126900","194998300","1536.6296"
"20201214","01","11","    83770","JP3842400008","1050.0000","1068.0000","1049.0000","1068.0000","1060.0000","1061.0000","1047.0000","1048.0000","1050.0000","1068.0000","1047.0000","1048.0000"," ","0.0000","0.0000","148700","156361500","1051.5232"
"20201214","01","11","    83810","JP3324000003","540.0000","545.0000","535.0000","545.0000","545.0000","545.0000","537.0000","537.0000","540.0000","545.0000","535.0000","537.0000"," ","0.0000","0.0000","290400","156583100","539.1980"
"20201214","01","11","    83820","JP3521000004","858.0000","872.0000","858.0000","871.0000","872.0000","872.0000","862.0000","864.0000","858.0000","872.0000","858.0000","864.0000"," ","0.0000","0.0000","287600","248867100","865.3237"
"20201214","01","11","    83830","JP3628600003","1132.0000","1144.0000","1132.0000","1142.0000","1139.0000","1145.0000","1137.0000","1142.0000","1132.0000","1145.0000","1132.0000","1142.0000"," ","0.0000","0.0000","7800","8894800","1140.3590"
"20201214","01","11","    83850","JP3149600003","668.0000","680.0000","666.0000","678.0000","677.0000","678.0000","671.0000","671.0000","668.0000","680.0000","666.0000","671.0000"," ","0.0000","0.0000","429500","289102500","673.1141"
"20201214","01","11","    83860","JP3794200000","1567.0000","1588.0000","1564.0000","1588.0000","1582.0000","1584.0000","1563.0000","1571.0000","1567.0000","1588.0000","1563.0000","1571.0000"," ","0.0000","0.0000","110000","172797000","1570.8818"
"20201214","01","11","    83870","JP3350000000","699.0000","706.0000","699.0000","702.0000","702.0000","703.0000","697.0000","697.0000","699.0000","706.0000","697.0000","697.0000"," ","0.0000","0.0000","78900","55234200","700.0532"
"20201214","01","11","    83880","JP3126800006","2534.0000","2553.0000","2512.0000","2546.0000","2548.0000","2548.0000","2512.0000","2517.0000","2534.0000","2553.0000","2512.0000","2517.0000"," ","0.0000","0.0000","45600","115034500","2522.6864"
"20201214","01","11","    83920","JP3175200009","2280.0000","2281.0000","2230.0000","2273.0000","2259.0000","2275.0000","2217.0000","2226.0000","2280.0000","2281.0000","2217.0000","2226.0000"," ","0.0000","0.0000","61700","138099500","2238.2415"
"20201214","01","11","    83930","JP3908000007","2243.0000","2260.0000","2236.0000","2250.0000","2247.0000","2257.0000","2224.0000","2233.0000","2243.0000","2260.0000","2224.0000","2233.0000"," ","0.0000","0.0000","30100","67403300","2239.3123"
"20201214","01","11","    83950","JP3315200000","1350.0000","1350.0000","1341.0000","1345.0000","1342.0000","1345.0000","1330.0000","1337.0000","1350.0000","1350.0000","1330.0000","1337.0000"," ","0.0000","0.0000","25800","34548700","1339.0969"
"20201214","01","11","    83970","JP3194600007","2972.0000","3010.0000","2972.0000","3010.0000","2994.0000","2994.0000","2944.0000","2951.0000","2972.0000","3010.0000","2944.0000","2951.0000"," ","0.0000","0.0000","25400","75292400","2964.2677"
"20201214","01","11","    83990","JP3975000005","840.0000","849.0000","836.0000","845.0000","842.0000","842.0000","835.0000","837.0000","840.0000","849.0000","835.0000","837.0000"," ","0.0000","0.0000","74200","62281400","839.3720"
"20201214","01","11","    84100","JP3105220002","223.0000","225.0000","222.0000","225.0000","225.0000","225.0000","224.0000","224.0000","223.0000","225.0000","222.0000","224.0000"," ","0.0000","0.0000","6926300","1553661700","224.3134"
"20201214","01","11","    84110","JP3885780001","1331.0000","1345.5000","1330.5000","1343.0000","1340.5000","1342.5000","1334.5000","1337.0000","1331.0000","1345.5000","1330.5000","1337.0000"," ","0.0000","0.0000","7453000","9974424350","1338.3100"
"20201214","01","11","    84160","JP3288960002","810.0000","813.0000","800.0000","800.0000","795.0000","799.0000","780.0000","780.0000","810.0000","813.0000","780.0000","780.0000"," ","0.0000","0.0000","18200","14400900","791.2582"
"20201214","01","11","    84180","JP3935300008","630.0000","642.0000","630.0000","641.0000","640.0000","640.0000","631.0000","634.0000","630.0000","642.0000","630.0000","634.0000"," ","0.0000","0.0000","430000","272859000","634.5558"
"20201214","01","11","    84210","JP3429200003","235500.0000","236000.0000","235500.0000","235600.0000","235600.0000","236000.0000","235600.0000","235800.0000","235500.0000","236000.0000","235500.0000","235800.0000"," ","0.0000","0.0000","98","23105300","235768.3673"
"20201214","01","11","    84240","JP3826270005","6660.0000","6740.0000","6630.0000","6740.0000","6700.0000","6700.0000","6630.0000","6630.0000","6660.0000","6740.0000","6630.0000","6630.0000"," ","0.0000","0.0000","28400","189435000","6670.2465"
"20201214","01","11","    84250","JP3286500008","2982.0000","3030.0000","2980.0000","3025.0000","3010.0000","3030.0000","2995.0000","3015.0000","2982.0000","3030.0000","2980.0000","3015.0000"," ","0.0000","0.0000","61700","185775000","3010.9400"
"20201214","01","11","    84390","JP3424950008","7250.0000","7410.0000","7240.0000","7350.0000","7370.0000","7400.0000","7310.0000","7320.0000","7250.0000","7410.0000","7240.0000","7320.0000"," ","0.0000","0.0000","127000","931825000","7337.2047"
"20201214","01","11","    84730","JP3436120004","2808.0000","2837.0000","2802.0000","2825.0000","2822.0000","2822.0000","2780.0000","2781.0000","2808.0000","2837.0000","2780.0000","2781.0000"," ","0.0000","0.0000","1137200","3184452000","2800.2568"
"20201214","01","11","    85110","JP3714400003","518.0000","522.0000","516.0000","521.0000","520.0000","521.0000","514.0000","516.0000","518.0000","522.0000","514.0000","516.0000"," ","0.0000","0.0000","260200","134628800","517.4051"
"20201214","01","11","    85150","JP3105040004","259.0000","267.0000","259.0000","266.0000","266.0000","266.0000","262.0000","262.0000","259.0000","267.0000","259.0000","262.0000"," ","0.0000","0.0000","4504000","1187024800","263.5490"
"20201214","01","11","    85180","JP3686150008","221.0000","227.0000","220.0000","226.0000","226.0000","226.0000","223.0000","224.0000","221.0000","227.0000","220.0000","224.0000"," ","0.0000","0.0000","72200","16167500","223.9266"
"20201214","01","11","    85210","JP3648300006","1431.0000","1431.0000","1391.0000","1409.0000","1439.0000","1439.0000","1401.0000","1417.0000","1431.0000","1439.0000","1391.0000","1417.0000"," ","0.0000","0.0000","18600","26265200","1412.1075"
"20201214","01","11","    85220","JP3648800005","2685.0000","2695.0000","2648.0000","2692.0000","2692.0000","2692.0000","2641.0000","2657.0000","2685.0000","2695.0000","2641.0000","2657.0000"," ","0.0000","0.0000","24800","66068100","2664.0363"
"20201214","01","11","    85240","JP3843400007","235.0000","238.0000","235.0000","237.0000","237.0000","237.0000","234.0000","234.0000","235.0000","238.0000","234.0000","234.0000"," ","0.0000","0.0000","635800","149830300","235.6563"
"20201214","01","11","    85270","JP3103000000","3090.0000","3130.0000","3090.0000","3110.0000","3100.0000","3120.0000","3060.0000","3110.0000","3090.0000","3130.0000","3060.0000","3110.0000"," ","0.0000","0.0000","16900","52398000","3100.4734"
"20201214","01","11","    85300","JP3520000005","2004.0000","2016.0000","1994.0000","2012.0000","2015.0000","2023.0000","2006.0000","2015.0000","2004.0000","2023.0000","1994.0000","2015.0000"," ","0.0000","0.0000","12900","25937800","2010.6822"
"20201214","01","11","    85370","JP3441600008","1220.0000","1239.0000","1220.0000","1239.0000","1239.0000","1249.0000","1233.0000","1237.0000","1220.0000","1249.0000","1220.0000","1237.0000"," ","0.0000","0.0000","11400","14089500","1235.9211"
"20201214","01","11","    85410","JP3166400006","1025.0000","1043.0000","1024.0000","1037.0000","1033.0000","1036.0000","1024.0000","1025.0000","1025.0000","1043.0000","1024.0000","1025.0000"," ","0.0000","0.0000","59200","60868600","1028.1858"
"20201214","01","11","    85420","JP3630500001","1148.0000","1148.0000","1122.0000","1148.0000","1148.0000","1148.0000","1104.0000","1105.0000","1148.0000","1148.0000","1104.0000","1105.0000"," ","0.0000","0.0000","13400","15088800","1126.0299"
"20201214","01","11","    85440","JP3281600001","445.0000","450.0000","444.0000","448.0000","448.0000","448.0000","443.0000","444.0000","445.0000","450.0000","443.0000","444.0000"," ","0.0000","0.0000","196600","87603700","445.5936"
"20201214","01","11","    85500","JP3627800000","183.0000","185.0000","182.0000","185.0000","184.0000","185.0000","183.0000","184.0000","183.0000","185.0000","182.0000","184.0000"," ","0.0000","0.0000","203500","37417600","183.8703"
"20201214","01","11","    85510","JP3238200004","2020.0000","2020.0000","1981.0000","2019.0000","2011.0000","2011.0000","1958.0000","1980.0000","2020.0000","2020.0000","1958.0000","1980.0000"," ","0.0000","0.0000","18600","36867000","1982.0968"
"20201214","01","11","    85580","JP3622400004","619.0000","623.0000","615.0000","623.0000","621.0000","622.0000","617.0000","618.0000","619.0000","623.0000","615.0000","618.0000"," ","0.0000","0.0000","173600","107463900","619.0317"
"20201214","01","11","    85620","JP3805100009","207.0000","212.0000","207.0000","209.0000","209.0000","209.0000","207.0000","208.0000","207.0000","212.0000","207.0000","208.0000"," ","0.0000","0.0000","149900","31258900","208.5317"
"20201214","01","11","    85630","JP3486700002","635.0000","645.0000","633.0000","636.0000","636.0000","641.0000","631.0000","633.0000","635.0000","645.0000","631.0000","633.0000"," ","0.0000","0.0000","59400","37755000","635.6061"
"20201214","01","11","    85660","JP3974100004","3055.0000","3125.0000","3055.0000","3125.0000","3120.0000","3130.0000","3060.0000","3060.0000","3055.0000","3130.0000","3055.0000","3060.0000"," ","0.0000","0.0000","43600","134275500","3079.7133"
"20201214","01","11","    85700","JP3131400008","1239.0000","1273.0000","1232.0000","1268.0000","1269.0000","1269.0000","1252.0000","1257.0000","1239.0000","1273.0000","1232.0000","1257.0000"," ","0.0000","0.0000","1069600","1342064200","1254.7347"
"20201214","01","11","    85720","JP3108600002","471.0000","475.0000","468.0000","473.0000","474.0000","474.0000","466.0000","467.0000","471.0000","475.0000","466.0000","467.0000"," ","0.0000","0.0000","1102400","517665300","469.5803"
"20201214","01","11","    85840","JP3388600003","1858.0000","1884.0000","1848.0000","1880.0000","1875.0000","1878.0000","1853.0000","1858.0000","1858.0000","1884.0000","1848.0000","1858.0000"," ","0.0000","0.0000","79200","147750500","1865.5366"
"20201214","01","11","    85850","JP3199000005","113.0000","114.0000","112.0000","114.0000","114.0000","114.0000","113.0000","114.0000","113.0000","114.0000","112.0000","114.0000"," ","0.0000","0.0000","1394600","158259500","113.4802"
"20201214","01","11","    85860","JP3786600001","2370.0000","2421.0000","2370.0000","2416.0000","2409.0000","2412.0000","2385.0000","2387.0000","2370.0000","2421.0000","2370.0000","2387.0000"," ","0.0000","0.0000","237800","570310800","2398.2792"
"20201214","01","11","    85910","JP3200450009","1566.0000","1607.0000","1562.0000","1603.5000","1601.5000","1604.0000","1592.5000","1598.5000","1566.0000","1607.0000","1562.0000","1598.5000"," ","0.0000","0.0000","6536200","10419674100","1594.1486"
"20201214","01","11","    85930","JP3499800005","475.0000","484.0000","475.0000","484.0000","483.0000","483.0000","477.0000","480.0000","475.0000","484.0000","475.0000","480.0000"," ","0.0000","0.0000","2870200","1377594500","479.9646"
"20201214","01","11","    85950","JP3389900006","4640.0000","4710.0000","4630.0000","4710.0000","4700.0000","4730.0000","4675.0000","4700.0000","4640.0000","4730.0000","4630.0000","4700.0000"," ","0.0000","0.0000","85400","400675500","4691.7506"
"20201214","01","11","    85960","JP3247000007","605.0000","610.0000","605.0000","609.0000","608.0000","609.0000","607.0000","609.0000","605.0000","610.0000","605.0000","609.0000"," ","0.0000","0.0000","9400","5712700","607.7340"
"20201214","01","11","    86000","JP3631700006","340.0000","342.0000","337.0000","340.0000","344.0000","344.0000","336.0000","338.0000","340.0000","344.0000","336.0000","338.0000"," ","0.0000","0.0000","242700","82163000","338.5373"
"20201214","01","11","    86010","JP3502200003","474.6000","480.8000","474.3000","479.2000","479.1000","479.1000","472.7000","473.7000","474.6000","480.8000","472.7000","473.7000"," ","0.0000","0.0000","3434900","1635892140","476.2561"
"20201214","01","11","    86040","JP3762600009","548.0000","552.8000","546.2000","551.0000","549.5000","549.7000","543.0000","544.4000","548.0000","552.8000","543.0000","544.4000"," ","0.0000","0.0000","7260500","3972139370","547.0890"
"20201214","01","11","    86090","JP3190800007","382.0000","389.0000","381.0000","388.0000","386.0000","388.0000","381.0000","381.0000","382.0000","389.0000","381.0000","381.0000"," ","0.0000","0.0000","331500","127275700","383.9388"
"20201214","01","11","    86130","JP3874800000","477.0000","484.0000","477.0000","484.0000","482.0000","482.0000","477.0000","477.0000","477.0000","484.0000","477.0000","477.0000"," ","0.0000","0.0000","119200","57123200","479.2215"
"20201214","01","11","    86140","JP3611800008","139.0000","142.0000","138.0000","140.0000","141.0000","141.0000","139.0000","139.0000","139.0000","142.0000","138.0000","139.0000"," ","0.0000","0.0000","230700","32275400","139.9020"
"20201214","01","11","    86160","JP3577600004","310.0000","317.0000","310.0000","315.0000","314.0000","314.0000","309.0000","309.0000","310.0000","317.0000","309.0000","309.0000"," ","0.0000","0.0000","1221000","381441700","312.4011"
"20201214","01","11","    86170","JP3288800000","675.0000","690.0000","675.0000","688.0000","688.0000","690.0000","676.0000","676.0000","675.0000","690.0000","675.0000","676.0000"," ","0.0000","0.0000","15700","10700000","681.5287"
"20201214","01","11","    86220","JP3905400002","239.0000","245.0000","239.0000","244.0000","245.0000","245.0000","240.0000","240.0000","239.0000","245.0000","239.0000","240.0000"," ","0.0000","0.0000","165700","40057100","241.7447"
"20201214","01","11","    86240","JP3142300007","476.0000","487.0000","476.0000","486.0000","486.0000","486.0000","479.0000","480.0000","476.0000","487.0000","476.0000","480.0000"," ","0.0000","0.0000","151900","73134300","481.4635"
"20201214","01","11","    86280","JP3863800003","811.0000","823.0000","811.0000","821.0000","821.0000","821.0000","814.0000","815.0000","811.0000","823.0000","811.0000","815.0000"," ","0.0000","0.0000","474200","387181400","816.4939"
"20201214","01","11","    86300","JP3165000005","4177.0000","4209.0000","4161.0000","4189.0000","4172.0000","4180.0000","4109.0000","4127.0000","4177.0000","4209.0000","4109.0000","4127.0000"," ","0.0000","0.0000","885700","3678909700","4153.6747"
"20201214","01","11","    86970","JP3183200009","2500.5000","2535.0000","2491.5000","2535.0000","2523.0000","2526.5000","2493.0000","2493.0000","2500.5000","2535.0000","2491.5000","2493.0000"," ","0.0000","0.0000","1022800","2562483350","2505.3611"
"20201214","01","11","    86980","JP3869970008","332.0000","342.0000","331.0000","340.0000","340.0000","342.0000","337.0000","340.0000","332.0000","342.0000","331.0000","340.0000"," ","0.0000","0.0000","3831600","1295963100","338.2303"
"20201214","01","11","    87060","JP3256970009","691.0000","698.0000","688.0000","696.0000","693.0000","694.0000","686.0000","687.0000","691.0000","698.0000","686.0000","687.0000"," ","0.0000","0.0000","75900","52467700","691.2740"
"20201214","01","11","    87070","JP3149950002","1276.0000","1286.0000","1273.0000","1279.0000","1277.0000","1282.0000","1271.0000","1271.0000","1276.0000","1286.0000","1271.0000","1271.0000"," ","0.0000","0.0000","74200","94766500","1277.1765"
"20201214","01","11","    87080","JP3101850000","746.0000","765.0000","740.0000","762.0000","756.0000","760.0000","747.0000","750.0000","746.0000","765.0000","740.0000","750.0000"," ","0.0000","0.0000","60400","45493900","753.2103"
"20201214","01","11","    87130","JP3802940001","109.0000","111.0000","109.0000","109.0000","109.0000","110.0000","109.0000","109.0000","109.0000","111.0000","109.0000","109.0000"," ","0.0000","0.0000","386700","42305400","109.4011"
"20201214","01","11","    87140","JP3132600002","149.0000","151.0000","149.0000","151.0000","150.0000","151.0000","149.0000","149.0000","149.0000","151.0000","149.0000","149.0000"," ","0.0000","0.0000","1286500","192827000","149.8850"
"20201214","01","11","    87150","JP3122440005","1070.0000","1084.0000","1063.0000","1083.0000","1076.0000","1078.0000","1067.0000","1069.0000","1070.0000","1084.0000","1063.0000","1069.0000"," ","0.0000","0.0000","170700","182900600","1071.4739"
"20201214","01","11","    87250","JP3890310000","3180.0000","3216.0000","3164.0000","3204.0000","3197.0000","3197.0000","3143.0000","3149.0000","3180.0000","3216.0000","3143.0000","3149.0000"," ","0.0000","0.0000","1141200","3616020500","3168.6124"
"20201214","01","11","    87320","JP3869930002","205.0000","208.0000","204.0000","208.0000","208.0000","208.0000","206.0000","206.0000","205.0000","208.0000","204.0000","206.0000"," ","0.0000","0.0000","49300","10175600","206.4016"
"20201214","01","11","    87390","JP3399900004","262.0000","266.0000","261.0000","266.0000","265.0000","265.0000","262.0000","262.0000","262.0000","266.0000","261.0000","262.0000"," ","0.0000","0.0000","378500","99737800","263.5081"
"20201214","01","11","    87420","JP3301300004","267.0000","268.0000","267.0000","268.0000","268.0000","268.0000","267.0000","267.0000","267.0000","268.0000","267.0000","267.0000"," ","0.0000","0.0000","4100","1096200","267.3659"
"20201214","01","11","    87500","JP3476480003","1654.0000","1672.0000","1646.0000","1661.0000","1658.0000","1659.5000","1638.0000","1638.0000","1654.0000","1672.0000","1638.0000","1638.0000"," ","0.0000","0.0000","3341600","5510424050","1649.0376"
"20201214","01","11","    87660","JP3910660004","5397.0000","5447.0000","5377.0000","5439.0000","5455.0000","5456.0000","5324.0000","5331.0000","5397.0000","5456.0000","5324.0000","5331.0000"," ","0.0000","0.0000","1739400","9368416300","5386.0045"
"20201214","01","11","    87690","JP3122410008","677.0000","693.0000","677.0000","686.0000","686.0000","689.0000","683.0000","689.0000","677.0000","693.0000","677.0000","689.0000"," ","0.0000","0.0000","40100","27474100","685.1397"
"20201214","01","11","    87710","JP3130300001","2107.0000","2120.0000","2095.0000","2111.0000","2101.0000","2105.0000","2082.0000","2085.0000","2107.0000","2120.0000","2082.0000","2085.0000"," ","0.0000","0.0000","71300","149727500","2099.9649"
"20201214","01","11","    87720","JP3109900005","702.0000","704.0000","701.0000","703.0000","703.0000","711.0000","701.0000","708.0000","702.0000","711.0000","701.0000","708.0000"," ","0.0000","0.0000","26000","18303400","703.9769"
"20201214","01","11","    87930","JP3164740007","1850.0000","1878.0000","1850.0000","1876.0000","1874.0000","1874.0000","1851.0000","1858.0000","1850.0000","1878.0000","1850.0000","1858.0000"," ","0.0000","0.0000","23400","43648000","1865.2991"
"20201214","01","11","    87950","JP3539220008","1221.0000","1223.0000","1208.0000","1212.0000","1214.0000","1214.0000","1200.0000","1200.0000","1221.0000","1223.0000","1200.0000","1200.0000"," ","0.0000","0.0000","1623100","1957927700","1206.2890"
"20201214","01","11","    87980","JP3122100005","1914.0000","1917.0000","1893.0000","1917.0000","1928.0000","1931.0000","1904.0000","1929.0000","1914.0000","1931.0000","1893.0000","1929.0000"," ","0.0000","0.0000","8100","15553700","1920.2099"
"20201214","01","11","    88010","JP3893200000","2239.0000","2298.0000","2227.0000","2291.5000","2283.5000","2287.0000","2267.5000","2268.0000","2239.0000","2298.0000","2227.0000","2268.0000"," ","0.0000","0.0000","1651800","3750516350","2270.5632"
"20201214","01","11","    88020","JP3899600005","1738.5000","1768.0000","1730.0000","1763.5000","1760.5000","1761.0000","1742.0000","1744.0000","1738.5000","1768.0000","1730.0000","1744.0000"," ","0.0000","0.0000","2313300","4045111100","1748.6323"
"20201214","01","11","    88030","JP3834800009","3425.0000","3550.0000","3425.0000","3550.0000","3570.0000","3570.0000","3495.0000","3505.0000","3425.0000","3570.0000","3425.0000","3505.0000"," ","0.0000","0.0000","86400","303543500","3513.2350"
"20201214","01","11","    88040","JP3582600007","1446.0000","1492.0000","1441.0000","1491.0000","1491.0000","1493.0000","1485.0000","1488.0000","1446.0000","1493.0000","1441.0000","1488.0000"," ","0.0000","0.0000","566100","839514200","1482.9786"
"20201214","01","11","    88060","JP3497200000","1319.0000","1338.0000","1317.0000","1338.0000","1340.0000","1345.0000","1337.0000","1341.0000","1319.0000","1345.0000","1317.0000","1341.0000"," ","0.0000","0.0000","156200","208882100","1337.2734"
"20201214","01","11","    88180","JP3279000008","1939.0000","1939.0000","1924.0000","1936.0000","1940.0000","1947.0000","1930.0000","1934.0000","1939.0000","1947.0000","1924.0000","1934.0000"," ","0.0000","0.0000","96500","186887200","1936.6549"
"20201214","01","11","    88300","JP3409000001","3455.0000","3531.0000","3455.0000","3529.0000","3525.0000","3528.0000","3492.0000","3495.0000","3455.0000","3531.0000","3455.0000","3495.0000"," ","0.0000","0.0000","491800","1722317200","3502.0683"
"20201214","01","11","    88350","JP3448800007","637.0000","641.0000","637.0000","641.0000","641.0000","650.0000","640.0000","642.0000","637.0000","650.0000","637.0000","642.0000"," ","0.0000","0.0000","23800","15325200","643.9160"
"20201214","01","11","    88410","JP3538400007","680.0000","687.0000","678.0000","687.0000","687.0000","687.0000","677.0000","677.0000","680.0000","687.0000","677.0000","677.0000"," ","0.0000","0.0000","50400","34246300","679.4901"
"20201214","01","11","    88420","JP3589800006","4355.0000","4405.0000","4340.0000","4405.0000","4370.0000","4415.0000","4345.0000","4345.0000","4355.0000","4415.0000","4340.0000","4345.0000"," ","0.0000","0.0000","5000","21853000","4370.6000"
"20201214","01","11","    88480","JP3167500002","141.0000","142.0000","140.0000","141.0000","141.0000","142.0000","140.0000","141.0000","141.0000","142.0000","140.0000","141.0000"," ","0.0000","0.0000","994400","140259700","141.0496"
"20201214","01","11","    88500","JP3399200009","3030.0000","3060.0000","3025.0000","3050.0000","3050.0000","3050.0000","3005.0000","3020.0000","3030.0000","3060.0000","3005.0000","3020.0000"," ","0.0000","0.0000","53800","162946000","3028.7361"
"20201214","01","11","    88600","JP3815000009","617.0000","627.0000","616.0000","625.0000","626.0000","626.0000","617.0000","620.0000","617.0000","627.0000","616.0000","620.0000"," ","0.0000","0.0000","202200","125858400","622.4451"
"20201214","01","11","    88640","JP3266050008","493.0000","493.0000","485.0000","492.0000","493.0000","493.0000","484.0000","484.0000","493.0000","493.0000","484.0000","484.0000"," ","0.0000","0.0000","47800","23308300","487.6213"
"20201214","01","11","    88690","JP3920850009","534.0000","549.0000","534.0000","548.0000","548.0000","548.0000","541.0000","546.0000","534.0000","549.0000","534.0000","546.0000"," ","0.0000","0.0000","70800","38564600","544.6977"
"20201214","01","11","    88710","JP3306800008","1570.0000","1605.0000","1570.0000","1601.0000","1605.0000","1610.0000","1591.0000","1599.0000","1570.0000","1610.0000","1570.0000","1599.0000"," ","0.0000","0.0000","167800","267762500","1595.7241"
"20201214","01","11","    88760","JP3755200007","2648.0000","2705.0000","2627.0000","2705.0000","2706.0000","2708.0000","2678.0000","2686.0000","2648.0000","2708.0000","2627.0000","2686.0000"," ","0.0000","0.0000","359000","960761100","2676.2148"
"20201214","01","11","    88770","JP3688350002","1357.0000","1374.0000","1357.0000","1369.0000","1365.0000","1366.0000","1347.0000","1347.0000","1357.0000","1374.0000","1347.0000","1347.0000"," ","0.0000","0.0000","21100","28656300","1358.1185"
"20201214","01","11","    88810","JP3677900007","410.0000","411.0000","405.0000","410.0000","409.0000","417.0000","409.0000","414.0000","410.0000","417.0000","405.0000","414.0000"," ","0.0000","0.0000","73300","30162100","411.4884"
"20201214","01","11","    88920","JP3688330004","909.0000","917.0000","898.0000","906.0000","907.0000","912.0000","900.0000","901.0000","909.0000","917.0000","898.0000","901.0000"," ","0.0000","0.0000","440900","399378400","905.8254"
"20201214","01","11","    88970","JP3460800000","312.0000","316.0000","311.0000","315.0000","314.0000","315.0000","313.0000","315.0000","312.0000","316.0000","311.0000","315.0000"," ","0.0000","0.0000","546000","171460300","314.0299"
"20201214","01","11","    89040","JP3337500007","832.0000","843.0000","831.0000","840.0000","840.0000","843.0000","824.0000","830.0000","832.0000","843.0000","824.0000","830.0000"," ","0.0000","0.0000","24800","20698200","834.6048"
"20201214","01","11","    89050","JP3131430005","1689.0000","1706.0000","1686.0000","1705.0000","1705.0000","1705.0000","1684.0000","1691.0000","1689.0000","1706.0000","1684.0000","1691.0000"," ","0.0000","0.0000","337700","572389600","1694.9648"
"20201214","01","11","    89080","JP3860280001","690.0000","696.0000","689.0000","696.0000","698.0000","699.0000","694.0000","694.0000","690.0000","699.0000","689.0000","694.0000"," ","0.0000","0.0000","15000","10400900","693.3933"
"20201214","01","11","    89170","JP3802230007","1014.0000","1025.0000","1013.0000","1013.0000","1019.0000","1021.0000","1013.0000","1015.0000","1014.0000","1025.0000","1013.0000","1015.0000"," ","0.0000","0.0000","12800","13019300","1017.1328"
"20201214","01","11","    89180","JP3968800007","9.0000","10.0000","9.0000","10.0000","10.0000","10.0000","9.0000","9.0000","9.0000","10.0000","9.0000","9.0000"," ","0.0000","0.0000","60808300","573755600","9.4355"
"20201214","01","11","    89190","JP3932950003","3200.0000","3260.0000","3195.0000","3260.0000","3260.0000","3260.0000","3210.0000","3210.0000","3200.0000","3260.0000","3195.0000","3210.0000"," ","0.0000","0.0000","90500","291858000","3224.9503"
"20201214","01","11","    89200","JP3594400008","1639.0000","1670.0000","1635.0000","1666.0000","1670.0000","1670.0000","1638.0000","1640.0000","1639.0000","1670.0000","1635.0000","1640.0000"," ","0.0000","0.0000","189100","312983300","1655.1206"
"20201214","01","11","    89230","JP3595070008","1217.0000","1232.0000","1211.0000","1229.0000","1225.0000","1227.0000","1214.0000","1220.0000","1217.0000","1232.0000","1211.0000","1220.0000"," ","0.0000","0.0000","141100","172231100","1220.6315"
"20201214","01","11","    89280","JP3122430006","1631.0000","1660.0000","1631.0000","1660.0000","1665.0000","1670.0000","1663.0000","1663.0000","1631.0000","1670.0000","1631.0000","1663.0000"," ","0.0000","0.0000","5700","9465400","1660.5965"
"20201214","01","11","    89340","JP3336950005","884.0000","895.0000","882.0000","895.0000","893.0000","894.0000","886.0000","887.0000","884.0000","895.0000","882.0000","887.0000"," ","0.0000","0.0000","121700","108212300","889.1726"
"20201214","01","11","    89350","JP3166930002","1035.0000","1039.0000","1024.0000","1037.0000","1040.0000","1049.0000","1031.0000","1031.0000","1035.0000","1049.0000","1024.0000","1031.0000"," ","0.0000","0.0000","71600","73951400","1032.8408"
"20201214","01","11","    89400","JP3153150002","536.0000","543.0000","536.0000","540.0000","538.0000","540.0000","526.0000","526.0000","536.0000","543.0000","526.0000","526.0000"," ","0.0000","0.0000","14000","7497200","535.5143"
"20201214","01","11","    89440","JP3968850002","331.0000","336.0000","331.0000","333.0000","333.0000","335.0000","331.0000","334.0000","331.0000","336.0000","331.0000","334.0000"," ","0.0000","0.0000","34400","11474700","333.5669"
"20201214","01","11","    89450","JP3713400004","995.0000","1010.0000","991.0000","995.0000","995.0000","998.0000","991.0000","995.0000","995.0000","1010.0000","991.0000","995.0000"," ","0.0000","0.0000","27100","27017900","996.9705"
"20201214","01","11","    89510","JP3027670003","590000.0000","590000.0000","584000.0000","589000.0000","589000.0000","590000.0000","582000.0000","587000.0000","590000.0000","590000.0000","582000.0000","587000.0000"," ","0.0000","0.0000","6656","3907228000","587023.4375"
"20201214","01","11","    89520","JP3027680002","562000.0000","562000.0000","558000.0000","561000.0000","561000.0000","562000.0000","554000.0000","559000.0000","562000.0000","562000.0000","554000.0000","559000.0000"," ","0.0000","0.0000","4913","2745465000","558816.4055"
"20201214","01","11","    89530","JP3039710003","176100.0000","178000.0000","174600.0000","176900.0000","176500.0000","177800.0000","176400.0000","177300.0000","176100.0000","178000.0000","174600.0000","177300.0000"," ","0.0000","0.0000","10109","1787377800","176810.5451"
"20201214","01","11","    89540","JP3040880001","162400.0000","162400.0000","158700.0000","160900.0000","160200.0000","161200.0000","159900.0000","160000.0000","162400.0000","162400.0000","158700.0000","160000.0000"," ","0.0000","0.0000","5257","843631400","160477.7249"
"20201214","01","11","    89550","JP3040890000","326000.0000","333000.0000","324000.0000","333000.0000","333500.0000","333500.0000","329500.0000","332000.0000","326000.0000","333500.0000","324000.0000","332000.0000"," ","0.0000","0.0000","5940","1964097000","330656.0606"
"20201214","01","11","    89560","JP3041770003","121300.0000","122900.0000","120100.0000","120600.0000","120900.0000","122000.0000","120200.0000","121900.0000","121300.0000","122900.0000","120100.0000","121900.0000"," ","0.0000","0.0000","5065","615208600","121462.7048"
"20201214","01","11","    89570","JP3044510000","153000.0000","153800.0000","152300.0000","152900.0000","152900.0000","153500.0000","152000.0000","152700.0000","153000.0000","153800.0000","152000.0000","152700.0000"," ","0.0000","0.0000","946","144579700","152832.6638"
"20201214","01","11","    89580","JP3044520009","100400.0000","100800.0000","99600.0000","100400.0000","100500.0000","100500.0000","99800.0000","100400.0000","100400.0000","100800.0000","99600.0000","100400.0000"," ","0.0000","0.0000","1910","191355100","100185.9162"
"20201214","01","11","    89600","JP3045540006","126000.0000","126100.0000","124200.0000","125000.0000","125100.0000","125200.0000","123200.0000","124000.0000","126000.0000","126100.0000","123200.0000","124000.0000"," ","0.0000","0.0000","11169","1390827800","124525.7230"
"20201214","01","11","    89610","JP3046170001","128100.0000","128800.0000","127400.0000","127800.0000","127900.0000","128100.0000","127300.0000","127800.0000","128100.0000","128800.0000","127300.0000","127800.0000"," ","0.0000","0.0000","3000","383620200","127873.4000"
"20201214","01","11","    89630","JP3046190009","33700.0000","34350.0000","33550.0000","33950.0000","33750.0000","34500.0000","33750.0000","34350.0000","33700.0000","34500.0000","33550.0000","34350.0000"," ","0.0000","0.0000","51604","1760688200","34119.2194"
"20201214","01","11","    89640","JP3046200006","383500.0000","387500.0000","383000.0000","386500.0000","387000.0000","388500.0000","384500.0000","384500.0000","383500.0000","388500.0000","383000.0000","384500.0000"," ","0.0000","0.0000","1873","723096000","386063.0005"
"20201214","01","11","    89660","JP3046220004","120900.0000","121200.0000","119400.0000","120700.0000","120900.0000","121100.0000","119500.0000","120200.0000","120900.0000","121200.0000","119400.0000","120200.0000"," ","0.0000","0.0000","2079","250548400","120513.9009"
"20201214","01","11","    89670","JP3046230003","296400.0000","296400.0000","292500.0000","294800.0000","295200.0000","295200.0000","292500.0000","293900.0000","296400.0000","296400.0000","292500.0000","293900.0000"," ","0.0000","0.0000","2219","651882100","293772.9157"
"20201214","01","11","    89680","JP3046240002","147800.0000","148500.0000","147000.0000","147900.0000","147900.0000","148200.0000","147100.0000","147600.0000","147800.0000","148500.0000","147000.0000","147600.0000"," ","0.0000","0.0000","1716","253424700","147683.3916"
"20201214","01","11","    89720","JP3046270009","682000.0000","687000.0000","674000.0000","678000.0000","679000.0000","684000.0000","676000.0000","684000.0000","682000.0000","687000.0000","674000.0000","684000.0000"," ","0.0000","0.0000","1513","1029150000","680204.8909"
"20201214","01","11","    89750","JP3046300004","68300.0000","69700.0000","68000.0000","69200.0000","69200.0000","69600.0000","69100.0000","69500.0000","68300.0000","69700.0000","68000.0000","69500.0000"," ","0.0000","0.0000","3210","221973800","69150.7165"
"20201214","01","11","    89760","JP3046310003","626000.0000","627000.0000","620000.0000","626000.0000","626000.0000","627000.0000","622000.0000","624000.0000","626000.0000","627000.0000","620000.0000","624000.0000"," ","0.0000","0.0000","839","523923000","624461.2634"
"20201214","01","11","    89770","JP3046320002","122600.0000","123700.0000","122600.0000","123600.0000","123600.0000","123800.0000","123300.0000","123700.0000","122600.0000","123800.0000","122600.0000","123700.0000"," ","0.0000","0.0000","1734","213582500","123173.2987"
"20201214","01","11","    89790","JP3046340000","192000.0000","192600.0000","191300.0000","192100.0000","192100.0000","192500.0000","190500.0000","190700.0000","192000.0000","192600.0000","190500.0000","190700.0000"," ","0.0000","0.0000","489","93738800","191694.8875"
"20201214","01","11","    89840","JP3046390005","248600.0000","248900.0000","246400.0000","247500.0000","247400.0000","248100.0000","246000.0000","246500.0000","248600.0000","248900.0000","246000.0000","246500.0000"," ","0.0000","0.0000","4826","1192829500","247167.3228"
"20201214","01","11","    89850","JP3046400002","52600.0000","53500.0000","52500.0000","53200.0000","52900.0000","53700.0000","52900.0000","53500.0000","52600.0000","53700.0000","52500.0000","53500.0000"," ","0.0000","0.0000","23774","1262270500","53094.5781"
"20201214","01","11","    89860","JP3046410001","92600.0000","92800.0000","92300.0000","92700.0000","92800.0000","92800.0000","91600.0000","92000.0000","92600.0000","92800.0000","91600.0000","92000.0000"," ","0.0000","0.0000","4477","412926200","92232.7898"
"20201214","01","11","    89870","JP3046420000","120100.0000","121600.0000","120100.0000","121000.0000","120800.0000","121300.0000","120800.0000","121300.0000","120100.0000","121600.0000","120100.0000","121300.0000"," ","0.0000","0.0000","4226","511080800","120937.2456"
"20201214","01","11","    89990","JP3274030000","382.0000","384.0000","382.0000","383.0000","384.0000","386.0000","384.0000","386.0000","382.0000","386.0000","382.0000","386.0000"," ","0.0000","0.0000","45600","17513900","384.0768"
"20201214","01","11","    90010","JP3597800006","3105.0000","3170.0000","3105.0000","3165.0000","3170.0000","3170.0000","3125.0000","3125.0000","3105.0000","3170.0000","3105.0000","3125.0000"," ","0.0000","0.0000","327200","1026815000","3138.1877"
"20201214","01","11","    90030","JP3316400005","2626.0000","2675.0000","2626.0000","2675.0000","2668.0000","2670.0000","2640.0000","2644.0000","2626.0000","2675.0000","2626.0000","2644.0000"," ","0.0000","0.0000","146100","387216400","2650.3518"
"20201214","01","11","    90050","JP3574200006","1297.0000","1325.0000","1294.0000","1320.0000","1317.0000","1317.0000","1298.0000","1302.0000","1297.0000","1325.0000","1294.0000","1302.0000"," ","0.0000","0.0000","1156500","1512342000","1307.6887"
"20201214","01","11","    90060","JP3280200001","1811.0000","1843.0000","1811.0000","1840.0000","1837.0000","1837.0000","1802.0000","1807.0000","1811.0000","1843.0000","1802.0000","1807.0000"," ","0.0000","0.0000","397600","723642400","1820.0262"
"20201214","01","11","    90070","JP3196000008","3240.0000","3320.0000","3240.0000","3310.0000","3305.0000","3315.0000","3265.0000","3285.0000","3240.0000","3320.0000","3240.0000","3285.0000"," ","0.0000","0.0000","700100","2298844500","3283.5945"
"20201214","01","11","    90080","JP3277800003","7630.0000","7830.0000","7610.0000","7830.0000","7820.0000","7820.0000","7720.0000","7740.0000","7630.0000","7830.0000","7610.0000","7740.0000"," ","0.0000","0.0000","224400","1738263000","7746.2701"
"20201214","01","11","    90090","JP3278600006","3695.0000","3785.0000","3685.0000","3775.0000","3775.0000","3780.0000","3735.0000","3745.0000","3695.0000","3785.0000","3685.0000","3745.0000"," ","0.0000","0.0000","346100","1296618000","3746.3681"
"20201214","01","11","    90100","JP3810400006","4730.0000","4805.0000","4670.0000","4700.0000","4690.0000","4690.0000","4605.0000","4610.0000","4730.0000","4805.0000","4605.0000","4610.0000"," ","0.0000","0.0000","86700","404329500","4663.5467"
"20201214","01","11","    90140","JP3372400006","2241.0000","2250.0000","2237.0000","2250.0000","2250.0000","2250.0000","2220.0000","2220.0000","2241.0000","2250.0000","2220.0000","2220.0000"," ","0.0000","0.0000","4500","10023900","2227.5333"
"20201214","01","11","    90200","JP3783600004","6994.0000","7036.0000","6963.0000","7022.0000","7022.0000","7022.0000","6929.0000","6932.0000","6994.0000","7036.0000","6929.0000","6932.0000"," ","0.0000","0.0000","1125900","7858370100","6979.6342"
"20201214","01","11","    90210","JP3659000008","5486.0000","5536.0000","5462.0000","5528.0000","5533.0000","5533.0000","5427.0000","5446.0000","5486.0000","5536.0000","5427.0000","5446.0000"," ","0.0000","0.0000","732600","4016818300","5482.9625"
"20201214","01","11","    90220","JP3566800003","14260.0000","14535.0000","14240.0000","14490.0000","14495.0000","14495.0000","14300.0000","14320.0000","14260.0000","14535.0000","14240.0000","14320.0000"," ","0.0000","0.0000","454000","6530258000","14383.8282"
"20201214","01","11","    90240","JP3417200007","1067.0000","1090.0000","1065.0000","1085.0000","1085.0000","1092.0000","1084.0000","1084.0000","1067.0000","1092.0000","1065.0000","1084.0000"," ","0.0000","0.0000","1219500","1320046700","1082.4491"
"20201214","01","11","    90250","JP3288970001","1030.0000","1056.0000","1028.0000","1055.0000","1052.0000","1052.0000","1033.0000","1033.0000","1030.0000","1056.0000","1028.0000","1033.0000"," ","0.0000","0.0000","45200","46989300","1039.5863"
"20201214","01","11","    90310","JP3658800002","2979.0000","3080.0000","2979.0000","3080.0000","3075.0000","3075.0000","3020.0000","3025.0000","2979.0000","3080.0000","2979.0000","3025.0000"," ","0.0000","0.0000","94900","287533900","3029.8620"
"20201214","01","11","    90370","JP3771150004","2900.0000","2919.0000","2871.0000","2880.0000","2883.0000","2897.0000","2873.0000","2893.0000","2900.0000","2919.0000","2871.0000","2893.0000"," ","0.0000","0.0000","73200","211152800","2884.6011"
"20201214","01","11","    90390","JP3314200001","5400.0000","5620.0000","5400.0000","5610.0000","5620.0000","5620.0000","5460.0000","5480.0000","5400.0000","5620.0000","5400.0000","5480.0000"," ","0.0000","0.0000","27700","152689000","5512.2383"
"20201214","01","11","    90410","JP3260800002","4680.0000","4825.0000","4680.0000","4825.0000","4825.0000","4825.0000","4720.0000","4730.0000","4680.0000","4825.0000","4680.0000","4730.0000"," ","0.0000","0.0000","320900","1525914500","4755.1091"
"20201214","01","11","    90420","JP3774200004","3500.0000","3590.0000","3500.0000","3585.0000","3565.0000","3570.0000","3505.0000","3505.0000","3500.0000","3590.0000","3500.0000","3505.0000"," ","0.0000","0.0000","346100","1221995000","3530.7570"
"20201214","01","11","    90440","JP3653000004","2671.0000","2721.0000","2663.0000","2719.0000","2712.0000","2713.0000","2675.0000","2682.0000","2671.0000","2721.0000","2663.0000","2682.0000"," ","0.0000","0.0000","174800","470681100","2692.6836"
"20201214","01","11","    90450","JP3279400000","5010.0000","5130.0000","5010.0000","5130.0000","5120.0000","5120.0000","5040.0000","5050.0000","5010.0000","5130.0000","5010.0000","5050.0000"," ","0.0000","0.0000","153400","777062000","5065.5932"
"20201214","01","11","    90460","JP3290600000","3695.0000","3695.0000","3695.0000","3695.0000","3685.0000","3715.0000","3685.0000","3700.0000","3695.0000","3715.0000","3685.0000","3700.0000"," ","0.0000","0.0000","4300","15907000","3699.3023"
"20201214","01","11","    90480","JP3649800004","2783.0000","2829.0000","2781.0000","2829.0000","2825.0000","2825.0000","2788.0000","2791.0000","2783.0000","2829.0000","2781.0000","2791.0000"," ","0.0000","0.0000","369100","1034730500","2803.3880"
"20201214","01","11","    90520","JP3341600009","2014.0000","2020.0000","1997.0000","2000.0000","2007.0000","2016.0000","1991.0000","1994.0000","2014.0000","2020.0000","1991.0000","1994.0000"," ","0.0000","0.0000","29900","59809900","2000.3311"
"20201214","01","11","    90580","JP3635650009","8500.0000","8660.0000","8500.0000","8660.0000","8610.0000","8700.0000","8550.0000","8600.0000","8500.0000","8700.0000","8500.0000","8600.0000"," ","0.0000","0.0000","9700","83302000","8587.8351"
"20201214","01","11","    90620","JP3729400006","7030.0000","7180.0000","7020.0000","7150.0000","7130.0000","7130.0000","7010.0000","7010.0000","7030.0000","7180.0000","7010.0000","7010.0000"," ","0.0000","0.0000","180100","1273535000","7071.2660"
"20201214","01","11","    90640","JP3940000007","2595.0000","2611.0000","2584.0000","2603.0000","2604.0000","2604.0000","2571.0000","2578.0000","2595.0000","2611.0000","2571.0000","2578.0000"," ","0.0000","0.0000","1146200","2963637100","2585.6195"
"20201214","01","11","    90650","JP3326000001","4025.0000","4155.0000","4020.0000","4135.0000","4135.0000","4135.0000","4045.0000","4055.0000","4025.0000","4155.0000","4020.0000","4055.0000"," ","0.0000","0.0000","235700","961840500","4080.7828"
"20201214","01","11","    90660","JP3674400001","1235.0000","1249.0000","1235.0000","1247.0000","1240.0000","1247.0000","1235.0000","1245.0000","1235.0000","1249.0000","1235.0000","1245.0000"," ","0.0000","0.0000","37200","46201700","1241.9812"
"20201214","01","11","    90670","JP3871600007","260.0000","260.0000","257.0000","259.0000","259.0000","259.0000","258.0000","258.0000","260.0000","260.0000","257.0000","258.0000"," ","0.0000","0.0000","31900","8251400","258.6646"
"20201214","01","11","    90680","JP3876000005","3350.0000","3375.0000","3350.0000","3365.0000","3340.0000","3345.0000","3295.0000","3315.0000","3350.0000","3375.0000","3295.0000","3315.0000"," ","0.0000","0.0000","20400","67773000","3322.2059"
"20201214","01","11","    90690","JP3423800006","1020.0000","1039.0000","1015.0000","1036.0000","1035.0000","1036.0000","1021.0000","1021.0000","1020.0000","1039.0000","1015.0000","1021.0000"," ","0.0000","0.0000","401900","412559700","1026.5233"
"20201214","01","11","    90700","JP3629400007","6170.0000","6200.0000","6090.0000","6180.0000","6200.0000","6200.0000","6120.0000","6120.0000","6170.0000","6200.0000","6090.0000","6120.0000"," ","0.0000","0.0000","5400","33214000","6150.7407"
"20201214","01","11","    90720","JP3709600005","2085.0000","2138.0000","2085.0000","2131.0000","2109.0000","2124.0000","2081.0000","2087.0000","2085.0000","2138.0000","2081.0000","2087.0000"," ","0.0000","0.0000","113000","237308600","2100.0761"
"20201214","01","11","    90740","JP3724600006","2630.0000","2630.0000","2611.0000","2613.0000","2613.0000","2631.0000","2602.0000","2631.0000","2630.0000","2631.0000","2602.0000","2631.0000"," ","0.0000","0.0000","3000","7863500","2621.1667"
"20201214","01","11","    90750","JP3806800003","4360.0000","4505.0000","4360.0000","4485.0000","4500.0000","4500.0000","4450.0000","4475.0000","4360.0000","4505.0000","4360.0000","4475.0000"," ","0.0000","0.0000","71100","317411000","4464.2897"
"20201214","01","11","    90760","JP3415400005","1424.0000","1462.0000","1416.0000","1456.0000","1456.0000","1456.0000","1433.0000","1440.0000","1424.0000","1462.0000","1416.0000","1440.0000"," ","0.0000","0.0000","722800","1042394400","1442.1616"
"20201214","01","11","    90780","JP3164000006","904.0000","920.0000","904.0000","920.0000","920.0000","925.0000","919.0000","919.0000","904.0000","925.0000","904.0000","919.0000"," ","0.0000","0.0000","9100","8334200","915.8462"
"20201214","01","11","    90810","JP3214600003","4045.0000","4110.0000","3995.0000","4090.0000","4105.0000","4105.0000","4040.0000","4040.0000","4045.0000","4110.0000","3995.0000","4040.0000"," ","0.0000","0.0000","7100","28799500","4056.2676"
"20201214","01","11","    90860","JP3791200003","3035.0000","3075.0000","3035.0000","3070.0000","3060.0000","3070.0000","3030.0000","3030.0000","3035.0000","3075.0000","3030.0000","3030.0000"," ","0.0000","0.0000","190900","581696500","3047.1268"
"20201214","01","11","    90900","JP3879170003","4220.0000","4310.0000","4190.0000","4295.0000","4290.0000","4310.0000","4275.0000","4275.0000","4220.0000","4310.0000","4190.0000","4275.0000"," ","0.0000","0.0000","137100","586319000","4276.5791"
"20201214","01","11","    90990","JP3346180007","1976.0000","1995.0000","1976.0000","1982.0000","1982.0000","1982.0000","1924.0000","1941.0000","1976.0000","1995.0000","1924.0000","1941.0000"," ","0.0000","0.0000","25500","49977700","1959.9098"
"20201214","01","11","    91010","JP3753000003","2317.0000","2364.0000","2304.0000","2353.0000","2350.0000","2362.0000","2345.0000","2347.0000","2317.0000","2364.0000","2304.0000","2347.0000"," ","0.0000","0.0000","1575000","3699504300","2348.8916"
"20201214","01","11","    91040","JP3362700001","2973.0000","3060.0000","2959.0000","3050.0000","3050.0000","3080.0000","3035.0000","3050.0000","2973.0000","3080.0000","2959.0000","3050.0000"," ","0.0000","0.0000","1060300","3223272800","3039.9630"
"20201214","01","11","    91070","JP3223800008","1898.0000","1953.0000","1885.0000","1946.0000","1938.0000","1979.0000","1938.0000","1964.0000","1898.0000","1979.0000","1885.0000","1964.0000"," ","0.0000","0.0000","862900","1681910200","1949.1369"
"20201214","01","11","    91100","JP3385000009","1380.0000","1418.0000","1380.0000","1412.0000","1414.0000","1424.0000","1407.0000","1413.0000","1380.0000","1424.0000","1380.0000","1413.0000"," ","0.0000","0.0000","53800","75838500","1409.6375"
"20201214","01","11","    91150","JP3916200003","414.0000","415.0000","412.0000","415.0000","415.0000","416.0000","408.0000","410.0000","414.0000","416.0000","408.0000","410.0000"," ","0.0000","0.0000","43200","17795100","411.9236"
"20201214","01","11","    91190","JP3131200002","413.0000","425.0000","413.0000","423.0000","425.0000","425.0000","421.0000","423.0000","413.0000","425.0000","413.0000","423.0000"," ","0.0000","0.0000","187900","79208700","421.5471"
"20201214","01","11","    91300","JP3247600004","856.0000","861.0000","854.0000","861.0000","861.0000","861.0000","850.0000","850.0000","856.0000","861.0000","850.0000","850.0000"," ","0.0000","0.0000","12200","10432400","855.1148"
"20201214","01","11","    91420","JP3247010006","2301.0000","2334.0000","2301.0000","2333.0000","2331.0000","2331.0000","2299.0000","2305.0000","2301.0000","2334.0000","2299.0000","2305.0000"," ","0.0000","0.0000","393600","910127100","2312.3148"
"20201214","01","11","    91430","JP3162770006","2873.0000","2924.0000","2873.0000","2892.0000","2890.0000","2890.0000","2839.0000","2845.0000","2873.0000","2924.0000","2839.0000","2845.0000"," ","0.0000","0.0000","978700","2807215900","2868.3109"
"20201214","01","11","    92010","JP3705200008","2000.0000","2008.0000","1983.0000","1991.0000","1992.0000","2015.0000","1986.0000","2013.0000","2000.0000","2015.0000","1983.0000","2013.0000"," ","0.0000","0.0000","5282400","10559069600","1998.9152"
"20201214","01","11","    92020","JP3429800000","2490.5000","2536.5000","2457.0000","2484.5000","2485.5000","2513.5000","2464.5000","2469.5000","2490.5000","2536.5000","2457.0000","2469.5000"," ","0.0000","0.0000","23625600","58688109350","2484.0897"
"20201214","01","11","    92320","JP3781400001","1427.0000","1427.0000","1399.0000","1401.0000","1401.0000","1418.0000","1390.0000","1403.0000","1427.0000","1427.0000","1390.0000","1403.0000"," ","0.0000","0.0000","29300","41117600","1403.3311"
"20201214","01","11","    92600","JP3659350007","2203.0000","2217.0000","2203.0000","2211.0000","2217.0000","2217.0000","2189.0000","2189.0000","2203.0000","2217.0000","2189.0000","2189.0000"," ","0.0000","0.0000","22700","50048600","2204.7841"
"20201214","01","11","    92620","JP3369800002","2300.0000","2324.0000","2246.0000","2294.0000","2294.0000","2294.0000","2262.0000","2279.0000","2300.0000","2324.0000","2246.0000","2279.0000"," ","0.0000","0.0000","89200","203615300","2282.6827"
"20201214","01","11","    92650","JP3936200009","1386.0000","1398.0000","1386.0000","1398.0000","1397.0000","1420.0000","1395.0000","1404.0000","1386.0000","1420.0000","1386.0000","1404.0000"," ","0.0000","0.0000","4900","6869800","1402.0000"
"20201214","01","11","    92660","JP3142330004","532.0000","542.0000","532.0000","536.0000","535.0000","538.0000","533.0000","538.0000","532.0000","542.0000","532.0000","538.0000"," ","0.0000","0.0000","15900","8519000","535.7862"
"20201214","01","11","    92670","JP3282750003","4165.0000","4165.0000","4080.0000","4160.0000","4160.0000","4175.0000","4140.0000","4145.0000","4165.0000","4175.0000","4080.0000","4145.0000"," ","0.0000","0.0000","146600","609031000","4154.3724"
"20201214","01","11","    92730","JP3283420002","1533.0000","1538.0000","1503.0000","1523.0000","1521.0000","1528.0000","1505.0000","1516.0000","1533.0000","1538.0000","1503.0000","1516.0000"," ","0.0000","0.0000","58700","89014500","1516.4310"
"20201214","01","11","    92740","JP3293350009","250.0000","256.0000","250.0000","254.0000","255.0000","255.0000","251.0000","251.0000","250.0000","256.0000","250.0000","251.0000"," ","0.0000","0.0000","39500","9950900","251.9215"
"20201214","01","11","    92750","JP3652010004","735.0000","742.0000","730.0000","742.0000","742.0000","742.0000","730.0000","731.0000","735.0000","742.0000","730.0000","731.0000"," ","0.0000","0.0000","12400","9114900","735.0726"
"20201214","01","11","    92780","JP3829940000","842.0000","845.0000","840.0000","841.0000","841.0000","842.0000","836.0000","837.0000","842.0000","845.0000","836.0000","837.0000"," ","0.0000","0.0000","37200","31278700","840.8253"
"20201214","01","11","    92790","JP3264860002","1760.0000","1805.0000","1756.0000","1799.0000","1790.0000","1800.0000","1765.0000","1770.0000","1760.0000","1805.0000","1756.0000","1770.0000"," ","0.0000","0.0000","44700","79595700","1780.6644"
"20201214","01","11","    92810","JP3048210003","114700.0000","114700.0000","113600.0000","113600.0000","113700.0000","113900.0000","113400.0000","113600.0000","114700.0000","114700.0000","113400.0000","113600.0000"," ","0.0000","0.0000","723","82304300","113837.2061"
"20201214","01","11","    92820","JP3048360006","61200.0000","61900.0000","61200.0000","61800.0000","61800.0000","61900.0000","61700.0000","61800.0000","61200.0000","61900.0000","61200.0000","61800.0000"," ","0.0000","0.0000","230","14165900","61590.8696"
"20201214","01","11","    92830","JP3048410009","106100.0000","106200.0000","105700.0000","105900.0000","105900.0000","106200.0000","105000.0000","105700.0000","106100.0000","106200.0000","105000.0000","105700.0000"," ","0.0000","0.0000","426","44992000","105615.0235"
"20201214","01","11","    92840","JP3048590008","131000.0000","131000.0000","129200.0000","129500.0000","129600.0000","130000.0000","128800.0000","128900.0000","131000.0000","131000.0000","128800.0000","128900.0000"," ","0.0000","0.0000","884","114734500","129790.1584"
"20201214","01","11","    92850","JP3048780005","93400.0000","93700.0000","93400.0000","93500.0000","93600.0000","93900.0000","93400.0000","93600.0000","93400.0000","93900.0000","93400.0000","93600.0000"," ","0.0000","0.0000","794","74242300","93504.1562"
"20201214","01","11","    92860","JP3048820009","88100.0000","88300.0000","88000.0000","88100.0000","88100.0000","88100.0000","88000.0000","88100.0000","88100.0000","88300.0000","88000.0000","88100.0000"," ","0.0000","0.0000","1380","121545600","88076.5217"
"20201214","01","11","    92870","JP3049000007","93400.0000","93900.0000","93300.0000","93400.0000","93400.0000","93500.0000","93300.0000","93400.0000","93400.0000","93900.0000","93300.0000","93400.0000"," ","0.0000","0.0000","383","35780700","93422.1932"
"20201214","01","11","    93010","JP3902000003","2931.0000","2983.0000","2930.0000","2977.0000","2982.0000","2982.0000","2943.0000","2954.0000","2931.0000","2983.0000","2930.0000","2954.0000"," ","0.0000","0.0000","207400","613216400","2956.6847"
"20201214","01","11","    93020","JP3891200002","2164.0000","2246.0000","2164.0000","2241.0000","2246.0000","2264.0000","2215.0000","2252.0000","2164.0000","2264.0000","2164.0000","2252.0000"," ","0.0000","0.0000","146600","327413600","2233.3806"
"20201214","01","11","    93030","JP3407000003","1343.0000","1359.0000","1336.0000","1357.0000","1360.0000","1361.0000","1350.0000","1352.0000","1343.0000","1361.0000","1336.0000","1352.0000"," ","0.0000","0.0000","270500","365674400","1351.8462"
"20201214","01","11","    93040","JP3355600002","2426.0000","2478.0000","2392.0000","2430.0000","2430.0000","2454.0000","2410.0000","2410.0000","2426.0000","2478.0000","2392.0000","2410.0000"," ","0.0000","0.0000","26800","65246000","2434.5522"
"20201214","01","11","    93050","JP3937600009","1390.0000","1404.0000","1389.0000","1403.0000","1386.0000","1400.0000","1378.0000","1385.0000","1390.0000","1404.0000","1378.0000","1385.0000"," ","0.0000","0.0000","20500","28542100","1392.2976"
"20201214","01","11","    93060","JP3615400003","325.0000","329.0000","325.0000","328.0000","329.0000","329.0000","323.0000","324.0000","325.0000","329.0000","323.0000","324.0000"," ","0.0000","0.0000","21600","7027100","325.3287"
"20201214","01","11","    93080","JP3146800002","936.0000","960.0000","936.0000","952.0000","952.0000","955.0000","925.0000","936.0000","936.0000","960.0000","925.0000","936.0000"," ","0.0000","0.0000","37500","35367600","943.1360"
"20201214","01","11","    93100","JP3739600009","579.0000","604.0000","579.0000","597.0000","597.0000","600.0000","580.0000","582.0000","579.0000","604.0000","579.0000","582.0000"," ","0.0000","0.0000","67900","40047500","589.8012"
"20201214","01","11","    93120","JP3279800001","1387.0000","1387.0000","1378.0000","1380.0000","1380.0000","1380.0000","1377.0000","1380.0000","1387.0000","1387.0000","1377.0000","1380.0000"," ","0.0000","0.0000","3500","4836500","1381.8571"
"20201214","01","11","    93190","JP3516600008","1195.0000","1195.0000","1184.0000","1185.0000","1185.0000","1185.0000","1185.0000","1185.0000","1195.0000","1195.0000","1184.0000","1185.0000"," ","0.0000","0.0000","3300","3911400","1185.2727"
"20201214","01","11","    93220","JP3226800005","1113.0000","1113.0000","1104.0000","1111.0000","1108.0000","1116.0000","1108.0000","1116.0000","1113.0000","1116.0000","1104.0000","1116.0000"," ","0.0000","0.0000","2900","3225800","1112.3448"
"20201214","01","11","    93240","JP3932820008","1009.0000","1017.0000","1009.0000","1013.0000","1018.0000","1025.0000","1011.0000","1011.0000","1009.0000","1025.0000","1009.0000","1011.0000"," ","0.0000","0.0000","28700","29151200","1015.7213"
"20201214","01","11","    93250","JP3802360002","1068.0000","1068.0000","1046.0000","1050.0000","1053.0000","1057.0000","1044.0000","1044.0000","1068.0000","1068.0000","1044.0000","1044.0000"," ","0.0000","0.0000","88200","92780800","1051.9365"
"20201214","01","11","    93510","JP3619000007","1460.0000","1460.0000","1447.0000","1458.0000","1459.0000","1460.0000","1451.0000","1460.0000","1460.0000","1460.0000","1447.0000","1460.0000"," ","0.0000","0.0000","4100","5974400","1457.1707"
"20201214","01","11","    93580","JP3157600002","498.0000","509.0000","494.0000","509.0000","509.0000","509.0000","501.0000","501.0000","498.0000","509.0000","494.0000","501.0000"," ","0.0000","0.0000","12300","6167700","501.4390"
"20201214","01","11","    93640","JP3219000001","1876.0000","1909.0000","1872.0000","1909.0000","1905.0000","1906.0000","1880.0000","1884.0000","1876.0000","1909.0000","1872.0000","1884.0000"," ","0.0000","0.0000","531900","1006222200","1891.7507"
"20201214","01","11","    93660","JP3343400002","706.0000","706.0000","696.0000","698.0000","698.0000","698.0000","695.0000","697.0000","706.0000","706.0000","695.0000","697.0000"," ","0.0000","0.0000","6400","4474200","699.0938"
"20201214","01","11","    93680","JP3242500001","1050.0000","1056.0000","1050.0000","1052.0000","1057.0000","1059.0000","1051.0000","1051.0000","1050.0000","1059.0000","1050.0000","1051.0000"," ","0.0000","0.0000","4200","4422100","1052.8810"
"20201214","01","11","    93690","JP3244700005","1688.0000","1705.0000","1680.0000","1702.0000","1702.0000","1705.0000","1678.0000","1678.0000","1688.0000","1705.0000","1678.0000","1678.0000"," ","0.0000","0.0000","10700","18095800","1691.1963"
"20201214","01","11","    93750","JP3262900008","2221.0000","2255.0000","2211.0000","2255.0000","2260.0000","2274.0000","2256.0000","2270.0000","2221.0000","2274.0000","2211.0000","2270.0000"," ","0.0000","0.0000","294700","661452800","2244.4954"
"20201214","01","11","    93800","JP3121190007","320.0000","321.0000","317.0000","320.0000","320.0000","321.0000","319.0000","321.0000","320.0000","321.0000","317.0000","321.0000"," ","0.0000","0.0000","29600","9478700","320.2264"
"20201214","01","11","    93810","JP3160050005","1013.0000","1017.0000","997.0000","1005.0000","1005.0000","1005.0000","987.0000","991.0000","1013.0000","1017.0000","987.0000","991.0000"," ","0.0000","0.0000","23900","23832200","997.1632"
"20201214","01","11","    93840","JP3641230002","1347.0000","1372.0000","1344.0000","1366.0000","1368.0000","1370.0000","1357.0000","1370.0000","1347.0000","1372.0000","1344.0000","1370.0000"," ","0.0000","0.0000","32300","43848100","1357.5263"
"20201214","01","11","    93850","JP3360100006","1030.0000","1037.0000","1015.0000","1015.0000","1019.0000","1031.0000","1014.0000","1031.0000","1030.0000","1037.0000","1014.0000","1031.0000"," ","0.0000","0.0000","49600","50954100","1027.3004"
"20201214","01","11","    93860","JP3708600006","1787.0000","1790.0000","1785.0000","1786.0000","1787.0000","1790.0000","1780.0000","1790.0000","1787.0000","1790.0000","1780.0000","1790.0000"," ","0.0000","0.0000","9800","17524600","1788.2245"
"20201214","01","11","    94010","JP3588600001","1950.0000","1977.0000","1940.0000","1976.0000","1979.0000","1979.0000","1961.0000","1965.0000","1950.0000","1979.0000","1940.0000","1965.0000"," ","0.0000","0.0000","193900","380842000","1964.1155"
"20201214","01","11","    94040","JP3732200005","1167.0000","1177.0000","1158.0000","1173.0000","1171.0000","1171.0000","1160.0000","1162.0000","1167.0000","1177.0000","1158.0000","1162.0000"," ","0.0000","0.0000","522300","608876600","1165.7603"
"20201214","01","11","    94050","JP3116800008","700.0000","706.0000","699.0000","705.0000","706.0000","706.0000","700.0000","702.0000","700.0000","706.0000","699.0000","702.0000"," ","0.0000","0.0000","34700","24381700","702.6427"
"20201214","01","11","    94090","JP3429000007","1698.0000","1734.0000","1696.0000","1733.0000","1729.0000","1745.0000","1716.0000","1732.0000","1698.0000","1745.0000","1696.0000","1732.0000"," ","0.0000","0.0000","185100","319896100","1728.2339"
"20201214","01","11","    94120","JP3396350005","509.0000","516.0000","507.0000","516.0000","512.0000","512.0000","507.0000","508.0000","509.0000","516.0000","507.0000","508.0000"," ","0.0000","0.0000","498100","254487600","510.9167"
"20201214","01","11","    94130","JP3547060008","2322.0000","2366.0000","2320.0000","2366.0000","2367.0000","2367.0000","2330.0000","2333.0000","2322.0000","2367.0000","2320.0000","2333.0000"," ","0.0000","0.0000","31300","73301500","2341.9010"
"20201214","01","11","    94140","JP3746000003","1085.0000","1088.0000","1082.0000","1085.0000","1086.0000","1088.0000","1083.0000","1086.0000","1085.0000","1088.0000","1082.0000","1086.0000"," ","0.0000","0.0000","13800","14979500","1085.4710"
"20201214","01","11","    94160","JP3800330007","1090.0000","1090.0000","1054.0000","1087.0000","1087.0000","1099.0000","1085.0000","1096.0000","1090.0000","1099.0000","1054.0000","1096.0000"," ","0.0000","0.0000","421700","456820800","1083.2839"
"20201214","01","11","    94170","JP3400090001","992.0000","1029.0000","980.0000","1011.0000","1015.0000","1027.0000","1009.0000","1016.0000","992.0000","1029.0000","980.0000","1016.0000"," ","0.0000","0.0000","134600","135601400","1007.4398"
"20201214","01","11","    94180","JP3944640006","1362.0000","1392.0000","1360.0000","1389.0000","1389.0000","1389.0000","1374.0000","1374.0000","1362.0000","1392.0000","1360.0000","1374.0000"," ","0.0000","0.0000","129500","178889000","1381.3822"
"20201214","01","11","    94190","JP3990740007","626.0000","626.0000","612.0000","618.0000","618.0000","618.0000","609.0000","610.0000","626.0000","626.0000","609.0000","610.0000"," ","0.0000","0.0000","56500","34706700","614.2779"
"20201214","01","11","    94220","JP3104870005","1304.0000","1362.0000","1304.0000","1357.0000","1357.0000","1364.0000","1348.0000","1355.0000","1304.0000","1364.0000","1304.0000","1355.0000"," ","0.0000","0.0000","123100","165676500","1345.8692"
"20201214","01","11","    94240","JP3729600001","192.0000","196.0000","191.0000","195.0000","195.0000","198.0000","194.0000","196.0000","192.0000","198.0000","191.0000","196.0000"," ","0.0000","0.0000","2608900","509102700","195.1407"
"20201214","01","11","    94280","JP3273100002","772.0000","776.0000","771.0000","775.0000","775.0000","776.0000","773.0000","776.0000","772.0000","776.0000","771.0000","776.0000"," ","0.0000","0.0000","12200","9432800","773.1803"
"20201214","01","11","    94320","JP3735400008","2626.0000","2683.0000","2623.5000","2678.0000","2681.0000","2682.0000","2661.0000","2667.0000","2626.0000","2683.0000","2623.5000","2667.0000"," ","0.0000","0.0000","9047500","24096925600","2663.3795"
"20201214","01","11","    94330","JP3496400007","2945.0000","2962.5000","2938.5000","2958.0000","2952.5000","2960.0000","2948.5000","2951.0000","2945.0000","2962.5000","2938.5000","2951.0000"," ","0.0000","0.0000","4607300","13596808500","2951.1446"
"20201214","01","11","    94340","JP3732000009","1332.0000","1348.5000","1332.0000","1347.5000","1345.0000","1347.0000","1337.0000","1337.0000","1332.0000","1348.5000","1332.0000","1337.0000"," ","0.0000","0.0000","12816200","17190050100","1341.2751"
"20201214","01","11","    94350","JP3783420007","25530.0000","25590.0000","25350.0000","25590.0000","25530.0000","25530.0000","25180.0000","25200.0000","25530.0000","25590.0000","25180.0000","25200.0000"," ","0.0000","0.0000","54700","1385476000","25328.6289"
"20201214","01","11","    94370","JP3165650007","3880.0000","3880.0000","3875.0000","3875.0000","3875.0000","3880.0000","3875.0000","3880.0000","3880.0000","3880.0000","3875.0000","3880.0000"," ","0.0000","0.0000","805900","3125416500","3878.1691"
"20201214","01","11","    94380","JP3167480007","820.0000","847.0000","820.0000","840.0000","842.0000","842.0000","827.0000","827.0000","820.0000","847.0000","820.0000","827.0000"," ","0.0000","0.0000","100800","84243900","835.7530"
"20201214","01","11","    94490","JP3152750000","2951.0000","2959.0000","2885.0000","2907.0000","2901.0000","2901.0000","2870.0000","2877.0000","2951.0000","2959.0000","2870.0000","2877.0000"," ","0.0000","0.0000","380200","1101490000","2897.1331"
"20201214","01","11","    94500","JP3802380000","2301.0000","2429.0000","2300.0000","2408.0000","2400.0000","2412.0000","2372.0000","2405.0000","2301.0000","2429.0000","2300.0000","2405.0000"," ","0.0000","0.0000","272900","651687800","2388.0095"
"20201214","01","11","    94660","JP3105110005","378.0000","378.0000","371.0000","374.0000","374.0000","376.0000","374.0000","376.0000","378.0000","378.0000","371.0000","376.0000"," ","0.0000","0.0000","50300","18810800","373.9722"
"20201214","01","11","    94680","JP3214350005","3790.0000","3810.0000","3730.0000","3780.0000","3770.0000","3775.0000","3730.0000","3730.0000","3790.0000","3810.0000","3730.0000","3730.0000"," ","0.0000","0.0000","156800","589000000","3756.3776"
"20201214","01","11","    94700","JP3234200008","1778.0000","1790.0000","1769.0000","1782.0000","1780.0000","1780.0000","1768.0000","1769.0000","1778.0000","1790.0000","1768.0000","1769.0000"," ","0.0000","0.0000","54300","96434300","1775.9540"
"20201214","01","11","    94740","JP3430400006","1245.0000","1274.0000","1245.0000","1271.0000","1268.0000","1274.0000","1259.0000","1273.0000","1245.0000","1274.0000","1245.0000","1273.0000"," ","0.0000","0.0000","119300","150914100","1264.9966"
"20201214","01","11","    94750","JP3363800008","486.0000","490.0000","486.0000","488.0000","488.0000","488.0000","487.0000","487.0000","486.0000","490.0000","486.0000","487.0000"," ","0.0000","0.0000","6900","3361600","487.1884"
"20201214","01","11","    94790","JP3153900000","170.0000","172.0000","169.0000","170.0000","171.0000","173.0000","170.0000","172.0000","170.0000","173.0000","169.0000","172.0000"," ","0.0000","0.0000","167400","28650300","171.1487"
"20201214","01","11","    95010","JP3585800000","275.0000","282.0000","275.0000","280.0000","280.0000","280.0000","277.0000","277.0000","275.0000","282.0000","275.0000","277.0000"," ","0.0000","0.0000","9452800","2630885100","278.3181"
"20201214","01","11","    95020","JP3526600006","1238.5000","1252.5000","1238.0000","1251.5000","1250.0000","1250.0000","1236.5000","1238.0000","1238.5000","1252.5000","1236.5000","1238.0000"," ","0.0000","0.0000","1458100","1811417550","1242.3137"
"20201214","01","11","    95030","JP3228600007","948.5000","960.5000","947.7000","959.5000","958.0000","958.9000","946.0000","946.4000","948.5000","960.5000","946.0000","946.4000"," ","0.0000","0.0000","2760700","2629505810","952.4779"
"20201214","01","11","    95040","JP3522200009","1262.0000","1278.0000","1262.0000","1276.0000","1274.0000","1275.0000","1256.0000","1256.0000","1262.0000","1278.0000","1256.0000","1256.0000"," ","0.0000","0.0000","795900","1005064700","1262.8027"
"20201214","01","11","    95050","JP3845400005","684.0000","693.0000","683.0000","689.0000","689.0000","689.0000","678.0000","679.0000","684.0000","693.0000","678.0000","679.0000"," ","0.0000","0.0000","432000","295739900","684.5831"
"20201214","01","11","    95060","JP3605400005","864.0000","875.0000","864.0000","874.0000","874.0000","874.0000","861.0000","862.0000","864.0000","875.0000","861.0000","862.0000"," ","0.0000","0.0000","1170900","1013555400","865.6208"
"20201214","01","11","    95070","JP3350800003","697.0000","707.0000","697.0000","704.0000","703.0000","704.0000","695.0000","695.0000","697.0000","707.0000","695.0000","695.0000"," ","0.0000","0.0000","658000","460260600","699.4842"
"20201214","01","11","    95080","JP3246400000","868.0000","878.0000","868.0000","878.0000","877.0000","878.0000","872.0000","872.0000","868.0000","878.0000","868.0000","872.0000"," ","0.0000","0.0000","1268000","1106826600","872.8916"
"20201214","01","11","    95090","JP3850200001","383.0000","389.0000","383.0000","388.0000","388.0000","389.0000","382.0000","383.0000","383.0000","389.0000","382.0000","383.0000"," ","0.0000","0.0000","769100","296193700","385.1173"
"20201214","01","11","    95110","JP3194700005","1394.0000","1408.0000","1390.0000","1408.0000","1407.0000","1407.0000","1394.0000","1399.0000","1394.0000","1408.0000","1390.0000","1399.0000"," ","0.0000","0.0000","236000","329899900","1397.8809"
"20201214","01","11","    95130","JP3551200003","1380.0000","1404.0000","1376.0000","1400.0000","1399.0000","1399.0000","1386.0000","1389.0000","1380.0000","1404.0000","1376.0000","1389.0000"," ","0.0000","0.0000","1348500","1876907800","1391.8486"
"20201214","01","11","    95140","JP3802140008","1138.0000","1174.0000","1109.0000","1157.0000","1157.0000","1167.0000","1144.0000","1157.0000","1138.0000","1174.0000","1109.0000","1157.0000"," ","0.0000","0.0000","684600","787606400","1150.4622"
"20201214","01","11","    95170","JP3130830007","1905.0000","1919.0000","1891.0000","1895.0000","1905.0000","1954.0000","1897.0000","1951.0000","1905.0000","1954.0000","1891.0000","1951.0000"," ","0.0000","0.0000","1027100","1968141000","1916.2117"
"20201214","01","11","    95190","JP3981200003","2839.0000","3020.0000","2815.0000","3015.0000","3000.0000","3120.0000","2985.0000","3120.0000","2839.0000","3120.0000","2815.0000","3120.0000"," ","0.0000","0.0000","2970600","8919783300","3002.6874"
"20201214","01","11","    95310","JP3573000001","2325.5000","2359.5000","2323.0000","2349.5000","2350.5000","2354.5000","2331.0000","2335.0000","2325.5000","2359.5000","2323.0000","2335.0000"," ","0.0000","0.0000","1801400","4219826950","2342.5263"
"20201214","01","11","    95320","JP3180400008","2078.0000","2105.0000","2078.0000","2101.0000","2095.0000","2097.0000","2079.0000","2079.0000","2078.0000","2105.0000","2078.0000","2079.0000"," ","0.0000","0.0000","833300","1739280100","2087.2196"
"20201214","01","11","    95330","JP3600200004","6710.0000","6770.0000","6670.0000","6720.0000","6680.0000","6680.0000","6580.0000","6590.0000","6710.0000","6770.0000","6580.0000","6590.0000"," ","0.0000","0.0000","189200","1257147000","6644.5402"
"20201214","01","11","    95340","JP3847000001","1546.0000","1555.0000","1543.0000","1555.0000","1557.0000","1557.0000","1540.0000","1541.0000","1546.0000","1557.0000","1540.0000","1541.0000"," ","0.0000","0.0000","9500","14672600","1544.4842"
"20201214","01","11","    95350","JP3796200008","376.0000","376.0000","374.0000","375.0000","373.0000","383.0000","372.0000","376.0000","376.0000","383.0000","372.0000","376.0000"," ","0.0000","0.0000","41800","15726300","376.2273"
"20201214","01","11","    95360","JP3311600005","3500.0000","3500.0000","3410.0000","3415.0000","3415.0000","3435.0000","3370.0000","3385.0000","3500.0000","3500.0000","3370.0000","3385.0000"," ","0.0000","0.0000","35700","121587500","3405.8123"
"20201214","01","11","    95430","JP3351150002","1054.0000","1054.0000","1037.0000","1045.0000","1046.0000","1046.0000","1034.0000","1037.0000","1054.0000","1054.0000","1034.0000","1037.0000"," ","0.0000","0.0000","86400","89919900","1040.7396"
"20201214","01","11","    95510","JP3921260000","2280.0000","2327.0000","2275.0000","2326.0000","2328.0000","2334.0000","2322.0000","2323.0000","2280.0000","2334.0000","2275.0000","2323.0000"," ","0.0000","0.0000","152600","353159800","2314.2844"
"20201214","01","11","    96000","JP3105010007","1543.0000","1549.0000","1530.0000","1544.0000","1546.0000","1546.0000","1535.0000","1545.0000","1543.0000","1549.0000","1530.0000","1545.0000"," ","0.0000","0.0000","16300","25141100","1542.3988"
"20201214","01","11","    96010","JP3362800009","14090.0000","14380.0000","14000.0000","14320.0000","14310.0000","14370.0000","14290.0000","14290.0000","14090.0000","14380.0000","14000.0000","14290.0000"," ","0.0000","0.0000","27700","395331000","14271.8773"
"20201214","01","11","    96020","JP3598600009","4320.0000","4360.0000","4300.0000","4325.0000","4325.0000","4325.0000","4265.0000","4275.0000","4320.0000","4360.0000","4265.0000","4275.0000"," ","0.0000","0.0000","381400","1641907000","4304.9476"
"20201214","01","11","    96030","JP3160740001","1705.0000","1773.0000","1684.0000","1719.0000","1724.0000","1742.0000","1694.0000","1695.0000","1705.0000","1773.0000","1684.0000","1695.0000"," ","0.0000","0.0000","1776300","3054954000","1719.8412"
"20201214","01","11","    96050","JP3560000006","16250.0000","16290.0000","16110.0000","16260.0000","16330.0000","16340.0000","16190.0000","16250.0000","16250.0000","16340.0000","16110.0000","16250.0000"," ","0.0000","0.0000","25200","409040000","16231.7460"
"20201214","01","11","    96120","JP3968000004","2396.0000","2403.0000","2389.0000","2393.0000","2393.0000","2394.0000","2374.0000","2382.0000","2396.0000","2403.0000","2374.0000","2382.0000"," ","0.0000","0.0000","42900","102554200","2390.5408"
"20201214","01","11","    96130","JP3165700000","1360.0000","1380.0000","1358.0000","1375.0000","1373.0000","1386.0000","1371.0000","1378.0000","1360.0000","1386.0000","1358.0000","1378.0000"," ","0.0000","0.0000","2499200","3435231900","1374.5326"
"20201214","01","11","    96160","JP3253900009","3900.0000","3940.0000","3870.0000","3925.0000","3920.0000","3925.0000","3870.0000","3875.0000","3900.0000","3940.0000","3870.0000","3875.0000"," ","0.0000","0.0000","329500","1286682500","3904.9545"
"20201214","01","11","    96190","JP3142100001","1285.0000","1304.0000","1283.0000","1304.0000","1305.0000","1306.0000","1296.0000","1303.0000","1285.0000","1306.0000","1283.0000","1303.0000"," ","0.0000","0.0000","28800","37410000","1298.9583"
"20201214","01","11","    96210","JP3281900005","2100.0000","2124.0000","2082.0000","2098.0000","2098.0000","2105.0000","2085.0000","2103.0000","2100.0000","2124.0000","2082.0000","2103.0000"," ","0.0000","0.0000","30400","63906500","2102.1875"
"20201214","01","11","    96220","JP3400050005","791.0000","809.0000","791.0000","808.0000","802.0000","809.0000","797.0000","805.0000","791.0000","809.0000","791.0000","805.0000"," ","0.0000","0.0000","42900","34401600","801.9021"
"20201214","01","11","    96240","JP3527600005","1424.0000","1460.0000","1419.0000","1428.0000","1424.0000","1428.0000","1408.0000","1412.0000","1424.0000","1460.0000","1408.0000","1412.0000"," ","0.0000","0.0000","110500","157497000","1425.3122"
"20201214","01","11","    96270","JP3105250009","6390.0000","6470.0000","6390.0000","6470.0000","6460.0000","6460.0000","6400.0000","6420.0000","6390.0000","6470.0000","6390.0000","6420.0000"," ","0.0000","0.0000","174500","1120822000","6423.0487"
"20201214","01","11","    96280","JP3286300003","1280.0000","1286.0000","1279.0000","1284.0000","1280.0000","1283.0000","1277.0000","1277.0000","1280.0000","1286.0000","1277.0000","1277.0000"," ","0.0000","0.0000","7300","9336300","1278.9452"
"20201214","01","11","    96290","JP3801500004","4505.0000","4555.0000","4500.0000","4505.0000","4500.0000","4505.0000","4405.0000","4410.0000","4505.0000","4555.0000","4405.0000","4410.0000"," ","0.0000","0.0000","8100","36206000","4469.8765"
"20201214","01","11","    96320","JP3399800006","8580.0000","8580.0000","8510.0000","8540.0000","8600.0000","8600.0000","8520.0000","8520.0000","8580.0000","8600.0000","8510.0000","8520.0000"," ","0.0000","0.0000","2500","21376000","8550.4000"
"20201214","01","11","    96330","JP3584200004","1301.0000","1313.0000","1300.0000","1311.0000","1311.0000","1311.0000","1302.0000","1308.0000","1301.0000","1313.0000","1300.0000","1308.0000"," ","0.0000","0.0000","12300","16081900","1307.4715"
"20201214","01","11","    96440","JP3468850007","1330.0000","1330.0000","1330.0000","1330.0000","1329.0000","1329.0000","1325.0000","1325.0000","1330.0000","1330.0000","1325.0000","1325.0000"," ","0.0000","0.0000","1800","2388100","1326.7222"
"20201214","01","11","    96580","JP3800300000","1552.0000","1566.0000","1535.0000","1556.0000","1550.0000","1550.0000","1506.0000","1514.0000","1552.0000","1566.0000","1506.0000","1514.0000"," ","0.0000","0.0000","17600","26965000","1532.1023"
"20201214","01","11","    96630","JP3648700007","9160.0000","9160.0000","9080.0000","9160.0000","9180.0000","9270.0000","9060.0000","9060.0000","9160.0000","9270.0000","9060.0000","9060.0000"," ","0.0000","0.0000","6600","60331000","9141.0606"
"20201214","01","11","    96710","JP3960200008","6040.0000","6050.0000","6030.0000","6030.0000","6040.0000","6040.0000","6030.0000","6040.0000","6040.0000","6050.0000","6030.0000","6040.0000"," ","0.0000","0.0000","105300","635992000","6039.8101"
"20201214","01","11","    96720","JP3586600003","5000.0000","5010.0000","4875.0000","4955.0000","4960.0000","4960.0000","4880.0000","4880.0000","5000.0000","5010.0000","4875.0000","4880.0000"," ","0.0000","0.0000","207000","1018650500","4921.0169"
"20201214","01","11","    96750","JP3393400001","1472.0000","1512.0000","1472.0000","1509.0000","1500.0000","1500.0000","1480.0000","1499.0000","1472.0000","1512.0000","1472.0000","1499.0000"," ","0.0000","0.0000","15600","23303700","1493.8269"
"20201214","01","11","    96780","JP3215200001","2275.0000","2343.0000","2275.0000","2336.0000","2330.0000","2333.0000","2313.0000","2318.0000","2275.0000","2343.0000","2275.0000","2318.0000"," ","0.0000","0.0000","142600","331186500","2322.4860"
"20201214","01","11","    96810","JP3587600002","1303.0000","1305.0000","1302.0000","1303.0000","1303.0000","1303.0000","1302.0000","1302.0000","1303.0000","1305.0000","1302.0000","1302.0000"," ","0.0000","0.0000","1098300","1430850800","1302.7869"
"20201214","01","11","    96820","JP3548500002","2223.0000","2290.0000","2222.0000","2289.0000","2278.0000","2283.0000","2251.0000","2255.0000","2223.0000","2290.0000","2222.0000","2255.0000"," ","0.0000","0.0000","90900","205654100","2262.4213"
"20201214","01","11","    96840","JP3164630000","6480.0000","6510.0000","6430.0000","6490.0000","6470.0000","6480.0000","6440.0000","6440.0000","6480.0000","6510.0000","6430.0000","6440.0000"," ","0.0000","0.0000","386600","2500949000","6469.0869"
"20201214","01","11","    96920","JP3346200003","1520.0000","1568.0000","1513.0000","1560.0000","1557.0000","1563.0000","1538.0000","1545.0000","1520.0000","1568.0000","1513.0000","1545.0000"," ","0.0000","0.0000","185300","286731000","1547.3880"
"20201214","01","11","    96970","JP3218900003","6640.0000","6660.0000","6520.0000","6650.0000","6630.0000","6660.0000","6590.0000","6620.0000","6640.0000","6660.0000","6520.0000","6620.0000"," ","0.0000","0.0000","718500","4754218000","6616.8657"
"20201214","01","11","    96990","JP3657500009","2170.0000","2205.0000","2165.0000","2205.0000","2199.0000","2199.0000","2183.0000","2188.0000","2170.0000","2205.0000","2165.0000","2188.0000"," ","0.0000","0.0000","108800","238012900","2187.6186"
"20201214","01","11","    97020","JP3100700008","2840.0000","2886.0000","2820.0000","2883.0000","2861.0000","2886.0000","2853.0000","2880.0000","2840.0000","2886.0000","2820.0000","2880.0000"," ","0.0000","0.0000","55000","157743600","2868.0655"
"20201214","01","11","    97040","JP3561200001","26.0000","26.0000","25.0000","25.0000","25.0000","26.0000","25.0000","25.0000","26.0000","26.0000","25.0000","25.0000"," ","0.0000","0.0000","190300","4825400","25.3568"
"20201214","01","11","    97060","JP3699400002","6570.0000","6730.0000","6560.0000","6710.0000","6700.0000","6720.0000","6660.0000","6680.0000","6570.0000","6730.0000","6560.0000","6680.0000"," ","0.0000","0.0000","228300","1524645000","6678.2523"
"20201214","01","11","    97150","JP3635700002","2756.0000","2756.0000","2731.0000","2749.0000","2746.0000","2752.0000","2741.0000","2750.0000","2756.0000","2756.0000","2731.0000","2750.0000"," ","0.0000","0.0000","75300","206863400","2747.1899"
"20201214","01","11","    97160","JP3762400004","845.0000","862.0000","845.0000","860.0000","860.0000","860.0000","851.0000","855.0000","845.0000","862.0000","845.0000","855.0000"," ","0.0000","0.0000","268300","229554700","855.5896"
"20201214","01","11","    97170","JP3388400008","1329.0000","1348.0000","1320.0000","1344.0000","1347.0000","1347.0000","1335.0000","1343.0000","1329.0000","1348.0000","1320.0000","1343.0000"," ","0.0000","0.0000","114800","153817800","1339.8763"
"20201214","01","11","    97190","JP3400400002","5910.0000","5970.0000","5900.0000","5960.0000","5950.0000","5950.0000","5850.0000","5850.0000","5910.0000","5970.0000","5850.0000","5850.0000"," ","0.0000","0.0000","184300","1085042000","5887.3684"
"20201214","01","11","    97220","JP3816800001","1481.0000","1503.0000","1481.0000","1502.0000","1502.0000","1511.0000","1500.0000","1507.0000","1481.0000","1511.0000","1481.0000","1507.0000"," ","0.0000","0.0000","67800","101530100","1497.4941"
"20201214","01","11","    97260","JP3260400001","921.0000","961.0000","921.0000","953.0000","952.0000","954.0000","937.0000","940.0000","921.0000","961.0000","921.0000","940.0000"," ","0.0000","0.0000","348000","327227400","940.3086"
"20201214","01","11","    97280","JP3695000004","2043.0000","2076.0000","2040.0000","2076.0000","2071.0000","2071.0000","2043.0000","2043.0000","2043.0000","2076.0000","2040.0000","2043.0000"," ","0.0000","0.0000","45300","93077000","2054.6799"
"20201214","01","11","    97290","JP3552250007","2135.0000","2135.0000","2101.0000","2124.0000","2114.0000","2115.0000","2079.0000","2082.0000","2135.0000","2135.0000","2079.0000","2082.0000"," ","0.0000","0.0000","22200","46545700","2096.6532"
"20201214","01","11","    97310","JP3766600005","2460.0000","2460.0000","2460.0000","2460.0000","2435.0000","2451.0000","2435.0000","2451.0000","2460.0000","2460.0000","2435.0000","2451.0000"," ","0.0000","0.0000","8400","20633500","2456.3690"
"20201214","01","11","    97350","JP3421800008","9887.0000","9965.0000","9789.0000","9960.0000","9946.0000","9954.0000","9814.0000","9820.0000","9887.0000","9965.0000","9789.0000","9820.0000"," ","0.0000","0.0000","413700","4080548700","9863.5453"
"20201214","01","11","    97390","JP3712500002","2155.0000","2164.0000","2150.0000","2159.0000","2155.0000","2170.0000","2150.0000","2170.0000","2155.0000","2170.0000","2150.0000","2170.0000"," ","0.0000","0.0000","13600","29384800","2160.6471"
"20201214","01","11","    97400","JP3425400003","3645.0000","3735.0000","3640.0000","3730.0000","3730.0000","3735.0000","3665.0000","3665.0000","3645.0000","3735.0000","3640.0000","3665.0000"," ","0.0000","0.0000","45400","167886500","3697.9405"
"20201214","01","11","    97420","JP3105000008","1442.0000","1449.0000","1428.0000","1447.0000","1447.0000","1447.0000","1433.0000","1436.0000","1442.0000","1449.0000","1428.0000","1436.0000"," ","0.0000","0.0000","43700","62885600","1439.0297"
"20201214","01","11","    97430","JP3472200009","838.0000","873.0000","838.0000","869.0000","870.0000","881.0000","869.0000","875.0000","838.0000","881.0000","838.0000","875.0000"," ","0.0000","0.0000","584100","506782500","867.6297"
"20201214","01","11","    97440","JP3919200000","5090.0000","5230.0000","5060.0000","5190.0000","5190.0000","5200.0000","5150.0000","5150.0000","5090.0000","5230.0000","5060.0000","5150.0000"," ","0.0000","0.0000","103200","533128000","5165.9690"
"20201214","01","11","    97460","JP3539400006","7000.0000","7000.0000","6910.0000","6950.0000","6950.0000","6950.0000","6860.0000","6900.0000","7000.0000","7000.0000","6860.0000","6900.0000"," ","0.0000","0.0000","53500","370356000","6922.5421"
"20201214","01","11","    97490","JP3816600005","4895.0000","4960.0000","4880.0000","4960.0000","4970.0000","4970.0000","4935.0000","4940.0000","4895.0000","4970.0000","4880.0000","4940.0000"," ","0.0000","0.0000","84600","418314500","4944.6158"
"20201214","01","11","    97550","JP3174600001","1236.0000","1240.0000","1230.0000","1236.0000","1236.0000","1239.0000","1233.0000","1234.0000","1236.0000","1240.0000","1230.0000","1234.0000"," ","0.0000","0.0000","62800","77626500","1236.0908"
"20201214","01","11","    97570","JP3825800000","2582.0000","2615.0000","2545.0000","2615.0000","2615.0000","2615.0000","2576.0000","2594.0000","2582.0000","2615.0000","2545.0000","2594.0000"," ","0.0000","0.0000","80000","207083600","2588.5450"
"20201214","01","11","    97590","JP3712600000","1997.0000","2037.0000","1991.0000","2025.0000","2019.0000","2022.0000","2004.0000","2010.0000","1997.0000","2037.0000","1991.0000","2010.0000"," ","0.0000","0.0000","150600","303369700","2014.4070"
"20201214","01","11","    97600","JP3371900006","435.0000","437.0000","433.0000","434.0000","436.0000","436.0000","433.0000","433.0000","435.0000","437.0000","433.0000","433.0000"," ","0.0000","0.0000","16600","7210800","434.3855"
"20201214","01","11","    97630","JP3878000003","1708.0000","1715.0000","1708.0000","1715.0000","1716.0000","1719.0000","1707.0000","1707.0000","1708.0000","1719.0000","1707.0000","1707.0000"," ","0.0000","0.0000","1900","3248300","1709.6316"
"20201214","01","11","    97650","JP3189600004","764.0000","769.0000","760.0000","769.0000","770.0000","770.0000","757.0000","760.0000","764.0000","770.0000","757.0000","760.0000"," ","0.0000","0.0000","16600","12658800","762.5783"
"20201214","01","11","    97660","JP3300200007","6020.0000","6050.0000","5890.0000","5970.0000","5940.0000","5960.0000","5910.0000","5920.0000","6020.0000","6050.0000","5890.0000","5920.0000"," ","0.0000","0.0000","495400","2941112000","5936.8430"
"20201214","01","11","    97680","JP3380200000","1864.0000","1881.0000","1847.0000","1872.0000","1879.0000","1880.0000","1854.0000","1863.0000","1864.0000","1881.0000","1847.0000","1863.0000"," ","0.0000","0.0000","38000","70921000","1866.3421"
"20201214","01","11","    97690","JP3235400003","1268.0000","1278.0000","1266.0000","1278.0000","1289.0000","1289.0000","1272.0000","1276.0000","1268.0000","1289.0000","1266.0000","1276.0000"," ","0.0000","0.0000","13700","17457800","1274.2920"
"20201214","01","11","    97830","JP3835620000","2126.0000","2135.0000","2115.0000","2129.0000","2125.0000","2125.0000","2107.0000","2112.0000","2126.0000","2135.0000","2107.0000","2112.0000"," ","0.0000","0.0000","537800","1139670700","2119.1348"
"20201214","01","11","    97870","JP3389700000","2545.0000","2578.0000","2541.0000","2572.0000","2569.0000","2574.0000","2550.0000","2553.0000","2545.0000","2578.0000","2541.0000","2553.0000"," ","0.0000","0.0000","124600","319025100","2560.3941"
"20201214","01","11","    97880","JP3651020004","935.0000","949.0000","935.0000","946.0000","943.0000","947.0000","937.0000","937.0000","935.0000","949.0000","935.0000","937.0000"," ","0.0000","0.0000","12400","11652500","939.7177"
"20201214","01","11","    97900","JP3803800006","3450.0000","3520.0000","3450.0000","3510.0000","3515.0000","3515.0000","3455.0000","3455.0000","3450.0000","3520.0000","3450.0000","3455.0000"," ","0.0000","0.0000","18300","63648500","3478.0601"
"20201214","01","11","    97930","JP3485600005","2950.0000","3035.0000","2928.0000","3030.0000","3030.0000","3035.0000","3015.0000","3025.0000","2950.0000","3035.0000","2928.0000","3025.0000"," ","0.0000","0.0000","150600","450553300","2991.7218"
"20201214","01","11","    97950","JP3399700008","1620.0000","1631.0000","1601.0000","1630.0000","1639.0000","1639.0000","1623.0000","1633.0000","1620.0000","1639.0000","1601.0000","1633.0000"," ","0.0000","0.0000","13400","21810000","1627.6119"
"20201214","01","11","    98100","JP3681000000","3835.0000","3980.0000","3835.0000","3945.0000","3940.0000","3940.0000","3860.0000","3870.0000","3835.0000","3980.0000","3835.0000","3870.0000"," ","0.0000","0.0000","95800","373803500","3901.9154"
"20201214","01","11","    98240","JP3424400004","3175.0000","3225.0000","3160.0000","3210.0000","3205.0000","3205.0000","3085.0000","3105.0000","3175.0000","3225.0000","3085.0000","3105.0000"," ","0.0000","0.0000","17400","55048500","3163.7069"
"20201214","01","11","    98280","JP3282800006","2336.0000","2350.0000","2316.0000","2324.0000","2324.0000","2350.0000","2320.0000","2327.0000","2336.0000","2350.0000","2316.0000","2327.0000"," ","0.0000","0.0000","33600","78276300","2329.6518"
"20201214","01","11","    98300","JP3635500006","2824.0000","2912.0000","2824.0000","2912.0000","2910.0000","2910.0000","2857.0000","2861.0000","2824.0000","2912.0000","2824.0000","2861.0000"," ","0.0000","0.0000","107300","308207400","2872.3896"
"20201214","01","11","    98310","JP3939000000","519.0000","525.0000","518.0000","523.0000","523.0000","524.0000","516.0000","520.0000","519.0000","525.0000","516.0000","520.0000"," ","0.0000","0.0000","2848900","1482389000","520.3373"
"20201214","01","11","    98320","JP3172500005","1389.0000","1408.0000","1388.0000","1408.0000","1405.0000","1407.0000","1394.0000","1395.0000","1389.0000","1408.0000","1388.0000","1395.0000"," ","0.0000","0.0000","268200","375240100","1399.1055"
"20201214","01","11","    98370","JP3926200001","625.0000","656.0000","623.0000","656.0000","656.0000","669.0000","655.0000","664.0000","625.0000","669.0000","623.0000","664.0000"," ","0.0000","0.0000","47200","30699000","650.4025"
"20201214","01","11","    98420","JP3100100001","1801.0000","1849.0000","1795.0000","1845.0000","1851.0000","1851.0000","1825.0000","1826.0000","1801.0000","1851.0000","1795.0000","1826.0000"," ","0.0000","0.0000","316500","579935400","1832.3393"
"20201214","01","11","    98430","JP3756100008","21500.0000","21710.0000","21480.0000","21630.0000","21620.0000","21635.0000","21455.0000","21455.0000","21500.0000","21710.0000","21455.0000","21455.0000"," ","0.0000","0.0000","280300","6045340000","21567.3921"
"20201214","01","11","    98500","JP3274200009","1016.0000","1018.0000","1009.0000","1011.0000","1011.0000","1011.0000","995.0000","998.0000","1016.0000","1018.0000","995.0000","998.0000"," ","0.0000","0.0000","19800","19892500","1004.6717"
"20201214","01","11","    98540","JP3101000002","240.0000","242.0000","239.0000","241.0000","245.0000","255.0000","245.0000","255.0000","240.0000","255.0000","239.0000","255.0000"," ","0.0000","0.0000","84500","21061400","249.2473"
"20201214","01","11","    98560","JP3277300004","848.0000","848.0000","848.0000","848.0000","844.0000","844.0000","827.0000","836.0000","848.0000","848.0000","827.0000","836.0000"," ","0.0000","0.0000","4300","3599300","837.0465"
"20201214","01","11","    98610","JP3958000006","1924.0000","1958.0000","1920.0000","1957.0000","1957.0000","1959.0000","1941.0000","1942.0000","1924.0000","1959.0000","1920.0000","1942.0000"," ","0.0000","0.0000","309400","601141300","1942.9260"
"20201214","01","11","    98690","JP3213300001","3485.0000","3540.0000","3475.0000","3535.0000","3545.0000","3545.0000","3485.0000","3485.0000","3485.0000","3545.0000","3475.0000","3485.0000"," ","0.0000","0.0000","34900","122040500","3496.8625"
"20201214","01","11","    98720","JP3237400001","869.0000","890.0000","865.0000","890.0000","896.0000","896.0000","878.0000","878.0000","869.0000","896.0000","865.0000","878.0000"," ","0.0000","0.0000","7700","6786000","881.2987"
"20201214","01","11","    98800","JP3147800001","998.0000","1020.0000","996.0000","1015.0000","1015.0000","1016.0000","1006.0000","1011.0000","998.0000","1020.0000","996.0000","1011.0000"," ","0.0000","0.0000","50400","50880000","1009.5238"
"20201214","01","11","    98820","JP3131350005","1525.0000","1561.0000","1520.0000","1559.0000","1557.0000","1557.0000","1534.0000","1536.0000","1525.0000","1561.0000","1520.0000","1536.0000"," ","0.0000","0.0000","182600","281681200","1542.6134"
"20201214","01","11","    98870","JP3869800007","3400.0000","3435.0000","3395.0000","3430.0000","3430.0000","3430.0000","3400.0000","3410.0000","3400.0000","3435.0000","3395.0000","3410.0000"," ","0.0000","0.0000","27500","93846000","3412.5818"
"20201214","01","11","    98890","JP3746800006","1469.0000","1485.0000","1465.0000","1477.0000","1475.0000","1475.0000","1460.0000","1460.0000","1469.0000","1485.0000","1460.0000","1460.0000"," ","0.0000","0.0000","42300","62140500","1469.0426"
"20201214","01","11","    98960","JP3389570007","889.0000","900.0000","888.0000","896.0000","895.0000","897.0000","882.0000","882.0000","889.0000","900.0000","882.0000","882.0000"," ","0.0000","0.0000","24200","21573900","891.4835"
"20201214","01","11","    99000","JP3316200009","1262.0000","1267.0000","1259.0000","1263.0000","1260.0000","1260.0000","1252.0000","1253.0000","1262.0000","1267.0000","1252.0000","1253.0000"," ","0.0000","0.0000","47400","59665100","1258.7574"
"20201214","01","11","    99020","JP3661950000","2305.0000","2340.0000","2305.0000","2340.0000","2340.0000","2340.0000","2286.0000","2295.0000","2305.0000","2340.0000","2286.0000","2295.0000"," ","0.0000","0.0000","13000","29970700","2305.4385"
"20201214","01","11","    99190","JP3227900002","1264.0000","1271.0000","1257.0000","1259.0000","1258.0000","1263.0000","1250.0000","1257.0000","1264.0000","1271.0000","1250.0000","1257.0000"," ","0.0000","0.0000","23800","29961200","1258.8739"
"20201214","01","11","    99280","JP3910700008","2057.0000","2058.0000","2035.0000","2053.0000","2041.0000","2046.0000","2030.0000","2031.0000","2057.0000","2058.0000","2030.0000","2031.0000"," ","0.0000","0.0000","63700","130149700","2043.1664"
"20201214","01","11","    99300","JP3237600006","277.0000","278.0000","274.0000","276.0000","277.0000","277.0000","275.0000","276.0000","277.0000","278.0000","274.0000","276.0000"," ","0.0000","0.0000","10300","2845700","276.2816"
"20201214","01","11","    99320","JP3397050000","2476.0000","2525.0000","2456.0000","2525.0000","2534.0000","2534.0000","2508.0000","2508.0000","2476.0000","2534.0000","2456.0000","2508.0000"," ","0.0000","0.0000","12100","30278100","2502.3223"
"20201214","01","11","    99340","JP3146200005","2461.0000","2545.0000","2455.0000","2544.0000","2535.0000","2543.0000","2519.0000","2529.0000","2461.0000","2545.0000","2455.0000","2529.0000"," ","0.0000","0.0000","212600","534154600","2512.4864"
"20201214","01","11","    99360","JP3174300008","5970.0000","6010.0000","5970.0000","6000.0000","6000.0000","6000.0000","5950.0000","5960.0000","5970.0000","6010.0000","5950.0000","5960.0000"," ","0.0000","0.0000","28900","172676000","5974.9481"
"20201214","01","11","    99450","JP3833700002","1725.0000","1740.0000","1719.0000","1738.0000","1733.0000","1737.0000","1718.0000","1723.0000","1725.0000","1740.0000","1718.0000","1723.0000"," ","0.0000","0.0000","51700","89309500","1727.4565"
"20201214","01","11","    99460","JP3905950006","1405.0000","1412.0000","1401.0000","1410.0000","1410.0000","1410.0000","1395.0000","1396.0000","1405.0000","1412.0000","1395.0000","1396.0000"," ","0.0000","0.0000","58700","82383100","1403.4600"
"20201214","01","11","    99480","JP3968600001","2268.0000","2291.0000","2261.0000","2286.0000","2278.0000","2279.0000","2252.0000","2256.0000","2268.0000","2291.0000","2252.0000","2256.0000"," ","0.0000","0.0000","103800","235446500","2268.2707"
"20201214","01","11","    99560","JP3778400006","2665.0000","2719.0000","2661.0000","2716.0000","2704.0000","2707.0000","2666.0000","2671.0000","2665.0000","2719.0000","2661.0000","2671.0000"," ","0.0000","0.0000","125600","337593800","2687.8487"
"20201214","01","11","    99600","JP3595300009","2845.0000","2865.0000","2815.0000","2820.0000","2817.0000","2823.0000","2796.0000","2815.0000","2845.0000","2865.0000","2796.0000","2815.0000"," ","0.0000","0.0000","13100","37122300","2833.7634"
"20201214","01","11","    99620","JP3885400006","3375.0000","3460.0000","3370.0000","3460.0000","3455.0000","3455.0000","3400.0000","3400.0000","3375.0000","3460.0000","3370.0000","3400.0000"," ","0.0000","0.0000","521800","1779717000","3410.7263"
"20201214","01","11","    99660","JP3810200000","850.0000","850.0000","835.0000","848.0000","848.0000","851.0000","840.0000","849.0000","850.0000","851.0000","835.0000","849.0000"," ","0.0000","0.0000","40400","34195100","846.4134"
"20201214","01","11","    99720","JP3126150006","297.0000","303.0000","297.0000","302.0000","302.0000","302.0000","300.0000","301.0000","297.0000","303.0000","297.0000","301.0000"," ","0.0000","0.0000","90900","27283600","300.1496"
"20201214","01","11","    99740","JP3835700000","6400.0000","6470.0000","6380.0000","6450.0000","6420.0000","6440.0000","6290.0000","6290.0000","6400.0000","6470.0000","6290.0000","6290.0000"," ","0.0000","0.0000","38800","246795000","6360.6959"
"20201214","01","11","    99790","JP3484000009","1015.0000","1028.0000","1010.0000","1025.0000","1025.0000","1028.0000","1010.0000","1010.0000","1015.0000","1028.0000","1010.0000","1010.0000"," ","0.0000","0.0000","51900","52871400","1018.7168"
"20201214","01","11","    99820","JP3462100003","2031.0000","2031.0000","1982.0000","2017.0000","2003.0000","2003.0000","1962.0000","1991.0000","2031.0000","2031.0000","1962.0000","1991.0000"," ","0.0000","0.0000","15900","31664900","1991.5031"
"20201214","01","11","    99830","JP3802300008","83400.0000","84770.0000","83260.0000","83600.0000","83630.0000","84300.0000","83550.0000","84300.0000","83400.0000","84770.0000","83260.0000","84300.0000"," ","0.0000","0.0000","425000","35692801000","83983.0612"
"20201214","01","11","    99840","JP3436100006","8363.0000","8364.0000","8035.0000","8035.0000","8057.0000","8197.0000","8016.0000","8088.0000","8363.0000","8364.0000","8016.0000","8088.0000"," ","0.0000","0.0000","25308900","206348852700","8153.2130"
"20201214","01","11","    99860","JP3345700003","1333.0000","1334.0000","1331.0000","1334.0000","1335.0000","1339.0000","1332.0000","1339.0000","1333.0000","1339.0000","1331.0000","1339.0000"," ","0.0000","0.0000","6400","8542400","1334.7500"
"20201214","01","11","    99870","JP3398000004","3930.0000","4010.0000","3910.0000","4000.0000","4000.0000","4000.0000","3940.0000","3955.0000","3930.0000","4010.0000","3910.0000","3955.0000"," ","0.0000","0.0000","156300","618091000","3954.5170"
"20201214","01","11","    99890","JP3336600006","4290.0000","4325.0000","4275.0000","4305.0000","4300.0000","4300.0000","4225.0000","4225.0000","4290.0000","4325.0000","4225.0000","4225.0000"," ","0.0000","0.0000","335800","1430032500","4258.5840"
"20201214","01","11","    99900","JP3584700003","544.0000","548.0000","541.0000","548.0000","544.0000","547.0000","543.0000","544.0000","544.0000","548.0000","541.0000","544.0000"," ","0.0000","0.0000","46700","25428200","544.5011"
"20201214","01","11","    99910","JP3225500002","961.0000","961.0000","946.0000","960.0000","960.0000","961.0000","953.0000","961.0000","961.0000","961.0000","946.0000","961.0000"," ","0.0000","0.0000","24500","23493900","958.9347"
"20201214","01","11","    99930","JP3935800007","1729.0000","1729.0000","1729.0000","1729.0000","1730.0000","1740.0000","1729.0000","1734.0000","1729.0000","1740.0000","1729.0000","1734.0000"," ","0.0000","0.0000","4000","6938500","1734.6250"
"20201214","01","11","    99940","JP3943800007","2152.0000","2164.0000","2152.0000","2156.0000","2154.0000","2166.0000","2153.0000","2166.0000","2152.0000","2166.0000","2152.0000","2166.0000"," ","0.0000","0.0000","6300","13600300","2158.7778"
"20201214","01","11","    99950","JP3130600004","440.0000","447.0000","439.0000","445.0000","445.0000","447.0000","443.0000","446.0000","440.0000","447.0000","439.0000","446.0000"," ","0.0000","0.0000","30600","13594300","444.2582"
"20201214","01","11","    99970","JP3835650007","934.0000","952.0000","934.0000","952.0000","952.0000","952.0000","930.0000","934.0000","934.0000","952.0000","930.0000","934.0000"," ","0.0000","0.0000","152100","142920500","939.6483"
"20201214","01","12","    13190","JP3013190008","335.0000","336.0000","335.0000","336.0000","336.0000","336.0000","336.0000","336.0000","335.0000","336.0000","335.0000","336.0000"," ","0.0000","0.0000","7000","2348000","335.4286"
"20201214","01","12","    13800","JP3107400008","1130.0000","1130.0000","1103.0000","1106.0000","1124.0000","1124.0000","1106.0000","1106.0000","1130.0000","1130.0000","1103.0000","1106.0000"," ","0.0000","0.0000","2900","3245000","1118.9655"
"20201214","01","12","    13810","JP3108030002","3275.0000","3275.0000","3250.0000","3260.0000","3250.0000","3270.0000","3250.0000","3270.0000","3275.0000","3275.0000","3250.0000","3270.0000"," ","0.0000","0.0000","3000","9770000","3256.6667"
"20201214","01","12","    13820","JP3837630007","1017.0000","1017.0000","1000.0000","1017.0000","1020.0000","1046.0000","1020.0000","1039.0000","1017.0000","1046.0000","1000.0000","1039.0000"," ","0.0000","0.0000","5700","5836000","1023.8596"
"20201214","01","12","    13830","JP3835730007","2179.0000","2179.0000","2143.0000","2143.0000","2143.0000","2144.0000","2124.0000","2124.0000","2179.0000","2179.0000","2124.0000","2124.0000"," ","0.0000","0.0000","3000","6431700","2143.9000"
"20201214","01","12","    14000","JP3124750005","244.0000","244.0000","239.0000","242.0000","242.0000","243.0000","239.0000","241.0000","244.0000","244.0000","239.0000","241.0000"," ","0.0000","0.0000","34900","8407000","240.8883"
"20201214","01","12","    14010","JP3167660004","638.0000","640.0000","635.0000","640.0000","639.0000","640.0000","635.0000","636.0000","638.0000","640.0000","635.0000","636.0000"," ","0.0000","0.0000","12800","8163900","637.8047"
"20201214","01","12","    14070","JP3154750008","4370.0000","4510.0000","4330.0000","4400.0000","4380.0000","4490.0000","4350.0000","4475.0000","4370.0000","4510.0000","4330.0000","4475.0000"," ","0.0000","0.0000","871500","3850916500","4418.7223"
"20201214","01","12","    14180","JP3152860007","277.0000","277.0000","271.0000","275.0000","276.0000","279.0000","274.0000","277.0000","277.0000","279.0000","271.0000","277.0000"," ","0.0000","0.0000","53900","14835400","275.2393"
"20201214","01","12","    14310","JP3162680007","2033.0000","2070.0000","2020.0000","2054.0000","2057.0000","2079.0000","2049.0000","2067.0000","2033.0000","2079.0000","2020.0000","2067.0000"," ","0.0000","0.0000","27400","56244900","2052.7336"
"20201214","01","12","    14320","JP3397900006","0.0000","0.0000","0.0000","0.0000","0.0000","0.0000","0.0000","0.0000","0.0000","0.0000","0.0000","0.0000"," ","0.0000","0.0000","0","0","0.0000"
"20201214","01","12","    14340","JP3386570000","504.0000","512.0000","500.0000","507.0000","509.0000","509.0000","505.0000","508.0000","504.0000","512.0000","500.0000","508.0000"," ","0.0000","0.0000","31500","15995500","507.7937"
"20201214","01","12","    14360","JP3802980007","1390.0000","1408.0000","1335.0000","1346.0000","1350.0000","1374.0000","1335.0000","1335.0000","1390.0000","1408.0000","1335.0000","1335.0000"," ","0.0000","0.0000","31200","42511200","1362.5385"
"20201214","01","12","    14390","JP3931750008","1009.0000","1009.0000","1009.0000","1009.0000","1005.0000","1005.0000","1005.0000","1005.0000","1009.0000","1009.0000","1005.0000","1005.0000"," ","0.0000","0.0000","500","503300","1006.6000"
"20201214","01","12","    14400","JP3937000002","0.0000","0.0000","0.0000","0.0000","0.0000","0.0000","0.0000","0.0000","0.0000","0.0000","0.0000","0.0000"," ","0.0000","0.0000","0","0","0.0000"
"20201214","01","12","    14430","JP3264300009","314.0000","326.0000","310.0000","319.0000","319.0000","320.0000","307.0000","318.0000","314.0000","326.0000","307.0000","318.0000"," ","0.0000","0.0000","386200","122255700","316.5606"
"20201214","01","12","    14450","JP3783430006","0.0000","0.0000","0.0000","0.0000","0.0000","0.0000","0.0000","0.0000","0.0000","0.0000","0.0000","0.0000"," ","0.0000","0.0000","0","0","0.0000"
"20201214","01","12","    14470","JP3104860006","613.0000","622.0000","610.0000","615.0000","615.0000","616.0000","607.0000","608.0000","613.0000","622.0000","607.0000","608.0000"," ","0.0000","0.0000","330200","202276300","612.5872"
"20201214","01","12","    14500","JP3468860006","2025.0000","2029.0000","2025.0000","2025.0000","2028.0000","2028.0000","2026.0000","2026.0000","2025.0000","2029.0000","2025.0000","2026.0000"," ","0.0000","0.0000","4800","9726300","2026.3125"
"20201214","01","12","    14510","JP3277630004","526.0000","548.0000","526.0000","530.0000","525.0000","531.0000","522.0000","525.0000","526.0000","548.0000","522.0000","525.0000"," ","0.0000","0.0000","30000","15980400","532.6800"
"20201214","01","12","    14520","JP3956650000","0.0000","0.0000","0.0000","0.0000","0.0000","0.0000","0.0000","0.0000","0.0000","0.0000","0.0000","0.0000"," ","0.0000","0.0000","0","0","0.0000"
"20201214","01","12","    14910","JP3519000008","35.0000","36.0000","34.0000","35.0000","35.0000","36.0000","34.0000","35.0000","35.0000","36.0000","34.0000","35.0000"," ","0.0000","0.0000","2943700","103043500","35.0048"
"20201214","01","12","    17110","JP3363000005","488.0000","507.0000","483.0000","503.0000","500.0000","513.0000","498.0000","506.0000","488.0000","513.0000","483.0000","506.0000"," ","0.0000","0.0000","253800","126930300","500.1194"
"20201214","01","12","    17180","JP3882700002","3830.0000","3830.0000","3830.0000","3830.0000","3830.0000","3830.0000","3830.0000","3830.0000","3830.0000","3830.0000","3830.0000","3830.0000"," ","0.0000","0.0000","200","766000","3830.0000"
"20201214","01","12","    17230","JP3734350006","3840.0000","3870.0000","3840.0000","3850.0000","3840.0000","3845.0000","3835.0000","3835.0000","3840.0000","3870.0000","3835.0000","3835.0000"," ","0.0000","0.0000","1500","5775000","3850.0000"
"20201214","01","12","    17240","JP3372200000","805.0000","827.0000","802.0000","827.0000","823.0000","826.0000","820.0000","825.0000","805.0000","827.0000","802.0000","825.0000"," ","0.0000","0.0000","17100","14007000","819.1228"
"20201214","01","12","    17280","JP3884490008","238.0000","239.0000","237.0000","239.0000","238.0000","241.0000","237.0000","237.0000","238.0000","241.0000","237.0000","237.0000"," ","0.0000","0.0000","2700","643500","238.3333"
"20201214","01","12","    17300","JP3119990004","547.0000","547.0000","540.0000","541.0000","540.0000","542.0000","540.0000","540.0000","547.0000","547.0000","540.0000","540.0000"," ","0.0000","0.0000","2300","1247000","542.1739"
"20201214","01","12","    17360","JP3172410007","2230.0000","2230.0000","2230.0000","2230.0000","2220.0000","2229.0000","2220.0000","2229.0000","2230.0000","2230.0000","2220.0000","2229.0000"," ","0.0000","0.0000","700","1559900","2228.4286"
"20201214","01","12","    17370","JP3888350000","1035.0000","1036.0000","1019.0000","1019.0000","1020.0000","1026.0000","1020.0000","1026.0000","1035.0000","1036.0000","1019.0000","1026.0000"," ","0.0000","0.0000","1900","1958000","1030.5263"
"20201214","01","12","    17390","JP3347010005","640.0000","646.0000","640.0000","645.0000","645.0000","653.0000","640.0000","653.0000","640.0000","653.0000","640.0000","653.0000"," ","0.0000","0.0000","3900","2518600","645.7949"
"20201214","01","12","    17430","JP3283450009","0.0000","0.0000","0.0000","0.0000","0.0000","0.0000","0.0000","0.0000","0.0000","0.0000","0.0000","0.0000"," ","0.0000","0.0000","0","0","0.0000"
"20201214","01","12","    17570","JP3236100008","66.0000","69.0000","66.0000","66.0000","67.0000","67.0000","66.0000","66.0000","66.0000","69.0000","66.0000","66.0000"," ","0.0000","0.0000","1723400","115474100","67.0037"
"20201214","01","12","    17580","JP3450200005","4965.0000","4965.0000","4850.0000","4910.0000","4900.0000","4900.0000","4890.0000","4890.0000","4965.0000","4965.0000","4850.0000","4890.0000"," ","0.0000","0.0000","4200","20618500","4909.1667"
"20201214","01","12","    17640","JP3266150006","2033.0000","2033.0000","2007.0000","2007.0000","0.0000","0.0000","0.0000","0.0000","2033.0000","2033.0000","2007.0000","2007.0000"," ","0.0000","0.0000","300","607300","2024.3333"
"20201214","01","12","    17700","JP3816750008","899.0000","899.0000","895.0000","899.0000","895.0000","908.0000","895.0000","908.0000","899.0000","908.0000","895.0000","908.0000"," ","0.0000","0.0000","15100","13554700","897.6623"
"20201214","01","12","    17750","JP3820550006","2180.0000","2180.0000","2180.0000","2180.0000","2162.0000","2169.0000","2150.0000","2164.0000","2180.0000","2180.0000","2150.0000","2164.0000"," ","0.0000","0.0000","3600","7822600","2172.9444"
"20201214","01","12","    17760","JP3892200001","889.0000","889.0000","884.0000","888.0000","888.0000","891.0000","886.0000","891.0000","889.0000","891.0000","884.0000","891.0000"," ","0.0000","0.0000","2800","2486900","888.1786"
"20201214","01","12","    17820","JP3393200005","9160.0000","9200.0000","9150.0000","9190.0000","9200.0000","9300.0000","9190.0000","9200.0000","9160.0000","9300.0000","9150.0000","9200.0000"," ","0.0000","0.0000","5500","50756000","9228.3636"
"20201214","01","12","    17830","JP3653550008","46.0000","46.0000","38.0000","45.0000","45.0000","45.0000","43.0000","45.0000","46.0000","46.0000","38.0000","45.0000"," ","0.0000","0.0000","542600","23542700","43.3887"
"20201214","01","12","    17870","JP3644600003","4760.0000","4825.0000","4760.0000","4815.0000","4780.0000","4845.0000","4780.0000","4845.0000","4760.0000","4845.0000","4760.0000","4845.0000"," ","0.0000","0.0000","700","3362000","4802.8571"
"20201214","01","12","    17880","JP3336500008","0.0000","0.0000","0.0000","0.0000","2424.0000","2424.0000","2424.0000","2424.0000","2424.0000","2424.0000","2424.0000","2424.0000"," ","0.0000","0.0000","100","242400","2424.0000"
"20201214","01","12","    17890","JP3934500004","757.0000","828.0000","757.0000","820.0000","820.0000","820.0000","786.0000","793.0000","757.0000","828.0000","757.0000","793.0000"," ","0.0000","0.0000","196300","157818000","803.9633"
"20201214","01","12","    17930","JP3190500003","5210.0000","5270.0000","5150.0000","5210.0000","5150.0000","5150.0000","5060.0000","5130.0000","5210.0000","5270.0000","5060.0000","5130.0000"," ","0.0000","0.0000","2500","12960000","5184.0000"
"20201214","01","12","    17950","JP3863100008","3445.0000","3445.0000","3445.0000","3445.0000","0.0000","0.0000","0.0000","0.0000","3445.0000","3445.0000","3445.0000","3445.0000"," ","0.0000","0.0000","100","344500","3445.0000"
"20201214","01","12","    17980","JP3927400006","0.0000","0.0000","0.0000","0.0000","2008.0000","2008.0000","2008.0000","2008.0000","2008.0000","2008.0000","2008.0000","2008.0000"," ","0.0000","0.0000","100","200800","2008.0000"
"20201214","01","12","    17990","JP3474610007","1799.0000","1802.0000","1799.0000","1800.0000","1800.0000","1814.0000","1800.0000","1814.0000","1799.0000","1814.0000","1799.0000","1814.0000"," ","0.0000","0.0000","3300","5951200","1803.3939"
"20201214","01","12","    18070","JP3993800006","0.0000","0.0000","0.0000","0.0000","2255.0000","2255.0000","2255.0000","2255.0000","2255.0000","2255.0000","2255.0000","2255.0000"," ","0.0000","0.0000","100","225500","2255.0000"
"20201214","01","12","    18280","JP3468900000","831.0000","840.0000","830.0000","840.0000","840.0000","864.0000","839.0000","862.0000","831.0000","864.0000","830.0000","862.0000"," ","0.0000","0.0000","20000","16952900","847.6450"
"20201214","01","12","    18400","JP3533300004","131.0000","132.0000","130.0000","131.0000","132.0000","133.0000","132.0000","133.0000","131.0000","133.0000","130.0000","133.0000"," ","0.0000","0.0000","35800","4721600","131.8883"
"20201214","01","12","    18410","JP3337200004","0.0000","0.0000","0.0000","0.0000","855.0000","855.0000","852.0000","852.0000","855.0000","855.0000","852.0000","852.0000"," ","0.0000","0.0000","200","170700","853.5000"
"20201214","01","12","    18440","JP3190600001","205.0000","208.0000","201.0000","207.0000","205.0000","207.0000","204.0000","206.0000","205.0000","208.0000","201.0000","206.0000"," ","0.0000","0.0000","83800","17128100","204.3926"
"20201214","01","12","    18500","JP3652600002","284.0000","288.0000","284.0000","287.0000","287.0000","288.0000","284.0000","284.0000","284.0000","288.0000","284.0000","284.0000"," ","0.0000","0.0000","8400","2400100","285.7262"
"20201214","01","12","    18530","JP3923600005","283.0000","287.0000","283.0000","286.0000","286.0000","287.0000","286.0000","286.0000","283.0000","287.0000","283.0000","286.0000"," ","0.0000","0.0000","20700","5912600","285.6329"
"20201214","01","12","    18970","JP3216600001","0.0000","0.0000","0.0000","0.0000","0.0000","0.0000","0.0000","0.0000","0.0000","0.0000","0.0000","0.0000"," ","0.0000","0.0000","0","0","0.0000"
"20201214","01","12","    19040","JP3443000009","1887.0000","1896.0000","1886.0000","1896.0000","1895.0000","1899.0000","1886.0000","1899.0000","1887.0000","1899.0000","1886.0000","1899.0000"," ","0.0000","0.0000","2500","4731700","1892.6800"
"20201214","01","12","    19050","JP3545800009","879.0000","900.0000","860.0000","883.0000","886.0000","890.0000","868.0000","888.0000","879.0000","900.0000","860.0000","888.0000"," ","0.0000","0.0000","25900","22929700","885.3166"
"20201214","01","12","    19480","JP3288600004","4800.0000","4810.0000","4800.0000","4810.0000","0.0000","0.0000","0.0000","0.0000","4800.0000","4810.0000","4800.0000","4810.0000"," ","0.0000","0.0000","200","961000","4805.0000"
"20201214","01","12","    19600","JP3335400002","713.0000","713.0000","713.0000","713.0000","713.0000","713.0000","713.0000","713.0000","713.0000","713.0000","713.0000","713.0000"," ","0.0000","0.0000","2400","1711200","713.0000"
"20201214","01","12","    19650","JP3545040002","903.0000","903.0000","899.0000","899.0000","899.0000","900.0000","899.0000","900.0000","903.0000","903.0000","899.0000","900.0000"," ","0.0000","0.0000","2300","2072200","900.9565"
"20201214","01","12","    19660","JP3457600009","756.0000","847.0000","736.0000","820.0000","831.0000","894.0000","826.0000","866.0000","756.0000","894.0000","736.0000","866.0000"," ","0.0000","0.0000","796600","667078400","837.4070"
"20201214","01","12","    19710","JP3518200005","600.0000","602.0000","600.0000","600.0000","600.0000","600.0000","595.0000","595.0000","600.0000","602.0000","595.0000","595.0000"," ","0.0000","0.0000","3200","1914000","598.1250"
"20201214","01","12","    19810","JP3254800000","901.0000","901.0000","878.0000","885.0000","885.0000","885.0000","881.0000","881.0000","901.0000","901.0000","878.0000","881.0000"," ","0.0000","0.0000","1500","1328600","885.7333"
"20201214","01","12","    19920","JP3230000006","1049.0000","1049.0000","1049.0000","1049.0000","1047.0000","1047.0000","1046.0000","1046.0000","1049.0000","1049.0000","1046.0000","1046.0000"," ","0.0000","0.0000","500","524000","1048.0000"
"20201214","01","12","    19940","JP3457800005","558.0000","558.0000","553.0000","558.0000","556.0000","556.0000","555.0000","555.0000","558.0000","558.0000","553.0000","555.0000"," ","0.0000","0.0000","7100","3957100","557.3380"
"20201214","01","12","    19970","JP3131000006","1503.0000","1524.0000","1503.0000","1524.0000","0.0000","0.0000","0.0000","0.0000","1503.0000","1524.0000","1503.0000","1524.0000"," ","0.0000","0.0000","200","302700","1513.5000"
"20201214","01","12","    20550","JP3666400001","300.0000","303.0000","299.0000","303.0000","304.0000","304.0000","298.0000","298.0000","300.0000","304.0000","298.0000","298.0000"," ","0.0000","0.0000","36800","11096200","301.5272"
"20201214","01","12","    21140","JP3722200007","548.0000","548.0000","545.0000","548.0000","548.0000","548.0000","546.0000","547.0000","548.0000","548.0000","545.0000","547.0000"," ","0.0000","0.0000","3100","1697100","547.4516"
"20201214","01","12","    21220","JP3152830000","1188.0000","1201.0000","1188.0000","1196.0000","1187.0000","1192.0000","1179.0000","1179.0000","1188.0000","1201.0000","1179.0000","1179.0000"," ","0.0000","0.0000","5700","6821700","1196.7895"
"20201214","01","12","    21340","JP3325800005","48.0000","48.0000","47.0000","47.0000","48.0000","48.0000","47.0000","47.0000","48.0000","48.0000","47.0000","47.0000"," ","0.0000","0.0000","388600","18442400","47.4586"
"20201214","01","12","    21360","JP3791970001","604.0000","607.0000","604.0000","605.0000","604.0000","610.0000","604.0000","610.0000","604.0000","610.0000","604.0000","610.0000"," ","0.0000","0.0000","5400","3278400","607.1111"
"20201214","01","12","    21380","JP3155270006","1164.0000","1168.0000","1145.0000","1166.0000","1157.0000","1164.0000","1150.0000","1155.0000","1164.0000","1168.0000","1145.0000","1155.0000"," ","0.0000","0.0000","39600","45782000","1156.1111"
"20201214","01","12","    21500","JP3277550004","5310.0000","5390.0000","5010.0000","5100.0000","5080.0000","5100.0000","4960.0000","4995.0000","5310.0000","5390.0000","4960.0000","4995.0000"," ","0.0000","0.0000","467000","2378678500","5093.5300"
"20201214","01","12","    21520","JP3953750001","989.0000","989.0000","989.0000","989.0000","997.0000","1008.0000","994.0000","1008.0000","989.0000","1008.0000","989.0000","1008.0000"," ","0.0000","0.0000","1400","1398600","999.0000"
"20201214","01","12","    21560","JP3413200001","272.0000","272.0000","272.0000","272.0000","272.0000","272.0000","271.0000","271.0000","272.0000","272.0000","271.0000","271.0000"," ","0.0000","0.0000","1700","462300","271.9412"
"20201214","01","12","    21580","JP3944630007","677.0000","683.0000","665.0000","670.0000","668.0000","672.0000","666.0000","667.0000","677.0000","683.0000","665.0000","667.0000"," ","0.0000","0.0000","328100","219558700","669.1823"
"20201214","01","12","    21590","JP3828200000","472.0000","478.0000","461.0000","467.0000","464.0000","466.0000","461.0000","462.0000","472.0000","478.0000","461.0000","462.0000"," ","0.0000","0.0000","61500","28871900","469.4618"
"20201214","01","12","    21600","JP3386370005","1841.0000","1906.0000","1826.0000","1894.0000","1894.0000","1901.0000","1873.0000","1873.0000","1841.0000","1906.0000","1826.0000","1873.0000"," ","0.0000","0.0000","805600","1510098500","1874.5016"
"20201214","01","12","    21620","JP3750800009","292.0000","309.0000","292.0000","306.0000","307.0000","307.0000","297.0000","298.0000","292.0000","309.0000","292.0000","298.0000"," ","0.0000","0.0000","135900","41099000","302.4209"
"20201214","01","12","    21640","JP3507500001","769.0000","815.0000","769.0000","793.0000","789.0000","803.0000","784.0000","800.0000","769.0000","815.0000","769.0000","800.0000"," ","0.0000","0.0000","18900","15059900","796.8201"
"20201214","01","12","    21730","JP3766300002","382.0000","386.0000","382.0000","383.0000","383.0000","386.0000","383.0000","383.0000","382.0000","386.0000","382.0000","383.0000"," ","0.0000","0.0000","9100","3493900","383.9451"
"20201214","01","12","    21760","JP3146300003","757.0000","766.0000","756.0000","761.0000","764.0000","769.0000","762.0000","765.0000","757.0000","769.0000","756.0000","765.0000"," ","0.0000","0.0000","11700","8929200","763.1795"
"20201214","01","12","    21780","JP3635480001","415.0000","422.0000","415.0000","418.0000","418.0000","419.0000","416.0000","416.0000","415.0000","422.0000","415.0000","416.0000"," ","0.0000","0.0000","51100","21360800","418.0196"
"20201214","01","12","    21790","JP3414400006","761.0000","761.0000","761.0000","761.0000","761.0000","767.0000","761.0000","767.0000","761.0000","767.0000","761.0000","767.0000"," ","0.0000","0.0000","1000","763200","763.2000"
"20201214","01","12","    21850","JP3347170007","0.0000","0.0000","0.0000","0.0000","0.0000","0.0000","0.0000","0.0000","0.0000","0.0000","0.0000","0.0000"," ","0.0000","0.0000","0","0","0.0000"
"20201214","01","12","    21860","JP3431520000","914.0000","914.0000","914.0000","914.0000","914.0000","915.0000","914.0000","914.0000","914.0000","915.0000","914.0000","914.0000"," ","0.0000","0.0000","1700","1554200","914.2353"
"20201214","01","12","    21910","JP3545900007","413.0000","415.0000","397.0000","404.0000","403.0000","415.0000","402.0000","413.0000","413.0000","415.0000","397.0000","413.0000"," ","0.0000","0.0000","954200","387873500","406.4908"
"20201214","01","12","    21950","JP3124440003","0.0000","0.0000","0.0000","0.0000","0.0000","0.0000","0.0000","0.0000","0.0000","0.0000","0.0000","0.0000"," ","0.0000","0.0000","0","0","0.0000"
"20201214","01","12","    22080","JP3831400001","1959.0000","1964.0000","1951.0000","1960.0000","1960.0000","1964.0000","1957.0000","1964.0000","1959.0000","1964.0000","1951.0000","1964.0000"," ","0.0000","0.0000","9700","19004700","1959.2474"
"20201214","01","12","    22160","JP3233400005","1554.0000","1560.0000","1554.0000","1558.0000","1560.0000","1561.0000","1555.0000","1561.0000","1554.0000","1561.0000","1554.0000","1561.0000"," ","0.0000","0.0000","9200","14330800","1557.6957"
"20201214","01","12","    22210","JP3152200006","3980.0000","3980.0000","3955.0000","3960.0000","3960.0000","3970.0000","3960.0000","3960.0000","3980.0000","3980.0000","3955.0000","3960.0000"," ","0.0000","0.0000","3500","13900000","3971.4286"
"20201214","01","12","    22240","JP3305700001","2537.0000","2546.0000","2537.0000","2545.0000","2545.0000","2545.0000","2545.0000","2545.0000","2537.0000","2546.0000","2537.0000","2545.0000"," ","0.0000","0.0000","500","1271800","2543.6000"
"20201214","01","12","    22260","JP3829100001","5150.0000","5150.0000","5110.0000","5140.0000","5140.0000","5140.0000","5110.0000","5130.0000","5150.0000","5150.0000","5110.0000","5130.0000"," ","0.0000","0.0000","3200","16430000","5134.3750"
"20201214","01","12","    22300","JP3309020000","0.0000","0.0000","0.0000","0.0000","0.0000","0.0000","0.0000","0.0000","0.0000","0.0000","0.0000","0.0000"," ","0.0000","0.0000","0","0","0.0000"
"20201214","01","12","    22680","JP3799600006","3945.0000","3955.0000","3940.0000","3955.0000","3950.0000","3975.0000","3950.0000","3975.0000","3945.0000","3975.0000","3940.0000","3975.0000"," ","0.0000","0.0000","2000","7916000","3958.0000"
"20201214","01","12","    22910","JP3806600007","1902.0000","1903.0000","1899.0000","1899.0000","1899.0000","1899.0000","1899.0000","1899.0000","1902.0000","1903.0000","1899.0000","1899.0000"," ","0.0000","0.0000","1200","2279600","1899.6667"
"20201214","01","12","    22930","JP3462000005","3040.0000","3040.0000","3040.0000","3040.0000","0.0000","0.0000","0.0000","0.0000","3040.0000","3040.0000","3040.0000","3040.0000"," ","0.0000","0.0000","600","1824000","3040.0000"
"20201214","01","12","    23000","JP3256850003","520.0000","521.0000","520.0000","521.0000","520.0000","521.0000","512.0000","512.0000","520.0000","521.0000","512.0000","512.0000"," ","0.0000","0.0000","10300","5338700","518.3204"
"20201214","01","12","    23030","JP3637600002","3085.0000","3210.0000","2900.0000","2930.0000","2932.0000","3005.0000","2835.0000","2879.0000","3085.0000","3210.0000","2835.0000","2879.0000"," ","0.0000","0.0000","745600","2227596700","2987.6565"
"20201214","01","12","    23040","JP3425500000","238.0000","244.0000","238.0000","240.0000","240.0000","241.0000","240.0000","240.0000","238.0000","244.0000","238.0000","240.0000"," ","0.0000","0.0000","4300","1030400","239.6279"
"20201214","01","12","    23150","JP3333400004","18.0000","18.0000","17.0000","17.0000","17.0000","18.0000","17.0000","18.0000","18.0000","18.0000","17.0000","18.0000"," ","0.0000","0.0000","73183200","1283845000","17.5429"
"20201214","01","12","    23210","JP3436190007","134.0000","136.0000","133.0000","135.0000","135.0000","135.0000","133.0000","133.0000","134.0000","136.0000","133.0000","133.0000"," ","0.0000","0.0000","74700","10016700","134.0924"
"20201214","01","12","    23230","JP3758080000","510.0000","524.0000","503.0000","521.0000","520.0000","533.0000","520.0000","529.0000","510.0000","533.0000","503.0000","529.0000"," ","0.0000","0.0000","50500","26315800","521.1050"
"20201214","01","12","    23290","JP3604400006","641.0000","643.0000","640.0000","643.0000","643.0000","643.0000","637.0000","637.0000","641.0000","643.0000","637.0000","637.0000"," ","0.0000","0.0000","11900","7619300","640.2773"
"20201214","01","12","    23300","JP3802810006","81.0000","82.0000","80.0000","80.0000","80.0000","81.0000","79.0000","80.0000","81.0000","82.0000","79.0000","80.0000"," ","0.0000","0.0000","210900","16945700","80.3495"
"20201214","01","12","    23320","JP3266130008","1298.0000","1298.0000","1295.0000","1295.0000","1299.0000","1300.0000","1290.0000","1291.0000","1298.0000","1300.0000","1290.0000","1291.0000"," ","0.0000","0.0000","1500","1944500","1296.3333"
"20201214","01","12","    23340","JP3131380002","1438.0000","1565.0000","1430.0000","1523.0000","1505.0000","1549.0000","1490.0000","1535.0000","1438.0000","1565.0000","1430.0000","1535.0000"," ","0.0000","0.0000","107700","162736000","1511.0121"
"20201214","01","12","    23360","JP3818770004","0.0000","0.0000","0.0000","0.0000","0.0000","0.0000","0.0000","0.0000","0.0000","0.0000","0.0000","0.0000"," ","0.0000","0.0000","0","0","0.0000"
"20201214","01","12","    23380","JP3345580009","573.0000","580.0000","572.0000","572.0000","576.0000","583.0000","575.0000","581.0000","573.0000","583.0000","572.0000","581.0000"," ","0.0000","0.0000","10900","6290000","577.0642"
"20201214","01","12","    23400","JP3387850005","309.0000","309.0000","307.0000","307.0000","307.0000","308.0000","307.0000","307.0000","309.0000","309.0000","307.0000","307.0000"," ","0.0000","0.0000","37100","11418000","307.7628"
"20201214","01","12","    23410","JP3126180003","135.0000","136.0000","135.0000","135.0000","135.0000","136.0000","135.0000","135.0000","135.0000","136.0000","135.0000","135.0000"," ","0.0000","0.0000","26000","3517800","135.3000"
"20201214","01","12","    23420","JP3635720000","366.0000","370.0000","365.0000","368.0000","366.0000","373.0000","366.0000","371.0000","366.0000","373.0000","365.0000","371.0000"," ","0.0000","0.0000","93400","34422700","368.5514"
"20201214","01","12","    23440","JP3834050001","850.0000","852.0000","845.0000","845.0000","844.0000","844.0000","832.0000","833.0000","850.0000","852.0000","832.0000","833.0000"," ","0.0000","0.0000","2700","2281500","845.0000"
"20201214","01","12","    23450","JP3351020007","638.0000","687.0000","628.0000","676.0000","676.0000","678.0000","661.0000","677.0000","638.0000","687.0000","628.0000","677.0000"," ","0.0000","0.0000","834400","550195100","659.3901"
"20201214","01","12","    23490","JP3164610002","1433.0000","1433.0000","1418.0000","1418.0000","0.0000","0.0000","0.0000","0.0000","1433.0000","1433.0000","1418.0000","1418.0000"," ","0.0000","0.0000","300","427500","1425.0000"
"20201214","01","12","    23510","JP3122420007","884.0000","890.0000","883.0000","886.0000","886.0000","893.0000","878.0000","882.0000","884.0000","893.0000","878.0000","882.0000"," ","0.0000","0.0000","10800","9556100","884.8241"
"20201214","01","12","    23540","JP3931800001","722.0000","725.0000","710.0000","717.0000","717.0000","724.0000","706.0000","719.0000","722.0000","725.0000","706.0000","719.0000"," ","0.0000","0.0000","221500","158929500","717.5147"
"20201214","01","12","    23620","JP3952850000","711.0000","721.0000","709.0000","719.0000","719.0000","719.0000","710.0000","710.0000","711.0000","721.0000","709.0000","710.0000"," ","0.0000","0.0000","370300","264637200","714.6562"
"20201214","01","12","    23700","JP3920990003","59.0000","60.0000","58.0000","60.0000","59.0000","61.0000","59.0000","60.0000","59.0000","61.0000","58.0000","60.0000"," ","0.0000","0.0000","1221200","72879000","59.6782"
"20201214","01","12","    23730","JP3277500009","2402.0000","2540.0000","2309.0000","2440.0000","2440.0000","2445.0000","2400.0000","2404.0000","2402.0000","2540.0000","2309.0000","2404.0000"," ","0.0000","0.0000","79000","190628400","2413.0177"
"20201214","01","12","    23750","JP3410750008","2604.0000","2604.0000","2492.0000","2604.0000","2604.0000","2604.0000","2604.0000","2604.0000","2604.0000","2604.0000","2492.0000","2604.0000"," ","0.0000","0.0000","649700","1682340200","2589.4108"
"20201214","01","12","    23850","JP3431850001","669.0000","674.0000","660.0000","668.0000","668.0000","671.0000","660.0000","662.0000","669.0000","674.0000","660.0000","662.0000"," ","0.0000","0.0000","296300","197444200","666.3658"
"20201214","01","12","    23880","JP3831450006","104.0000","105.0000","103.0000","104.0000","105.0000","105.0000","104.0000","104.0000","104.0000","105.0000","103.0000","104.0000"," ","0.0000","0.0000","117100","12165800","103.8924"
"20201214","01","12","    23910","JP3833120003","1430.0000","1438.0000","1430.0000","1438.0000","1430.0000","1430.0000","1428.0000","1428.0000","1430.0000","1438.0000","1428.0000","1428.0000"," ","0.0000","0.0000","1500","2147700","1431.8000"
"20201214","01","12","    23930","JP3699800003","1650.0000","1673.0000","1646.0000","1652.0000","1653.0000","1665.0000","1653.0000","1665.0000","1650.0000","1673.0000","1646.0000","1665.0000"," ","0.0000","0.0000","7600","12605100","1658.5658"
"20201214","01","12","    23970","JP3548590003","743.0000","747.0000","731.0000","743.0000","740.0000","750.0000","739.0000","741.0000","743.0000","750.0000","731.0000","741.0000"," ","0.0000","0.0000","70900","52699600","743.2948"
"20201214","01","12","    24020","JP3124200001","676.0000","685.0000","676.0000","685.0000","684.0000","684.0000","677.0000","682.0000","676.0000","685.0000","676.0000","682.0000"," ","0.0000","0.0000","12900","8784500","680.9690"
"20201214","01","12","    24040","JP3545620001","249.0000","250.0000","248.0000","248.0000","248.0000","249.0000","247.0000","249.0000","249.0000","250.0000","247.0000","249.0000"," ","0.0000","0.0000","7400","1835400","248.0270"
"20201214","01","12","    24060","JP3126170004","570.0000","571.0000","569.0000","570.0000","570.0000","570.0000","569.0000","570.0000","570.0000","571.0000","569.0000","570.0000"," ","0.0000","0.0000","4300","2450900","569.9767"
"20201214","01","12","    24080","JP3277130005","290.0000","291.0000","290.0000","291.0000","294.0000","294.0000","289.0000","289.0000","290.0000","294.0000","289.0000","289.0000"," ","0.0000","0.0000","2400","697000","290.4167"
"20201214","01","12","    24110","JP3282850001","284.0000","284.0000","281.0000","281.0000","281.0000","284.0000","281.0000","284.0000","284.0000","284.0000","281.0000","284.0000"," ","0.0000","0.0000","15200","4298300","282.7829"
"20201214","01","12","    24150","JP3794520001","755.0000","773.0000","755.0000","761.0000","761.0000","771.0000","761.0000","770.0000","755.0000","773.0000","755.0000","770.0000"," ","0.0000","0.0000","8200","6270800","764.7317"
"20201214","01","12","    24250","JP3277450007","520.0000","526.0000","515.0000","526.0000","527.0000","528.0000","526.0000","528.0000","520.0000","528.0000","515.0000","528.0000"," ","0.0000","0.0000","4100","2143700","522.8537"
"20201214","01","12","    24350","JP3351630003","352.0000","352.0000","342.0000","346.0000","342.0000","346.0000","341.0000","343.0000","352.0000","352.0000","341.0000","343.0000"," ","0.0000","0.0000","80000","27642800","345.5350"
"20201214","01","12","    24360","JP3253500007","916.0000","916.0000","910.0000","914.0000","914.0000","916.0000","914.0000","916.0000","916.0000","916.0000","910.0000","916.0000"," ","0.0000","0.0000","3400","3110800","914.9412"
"20201214","01","12","    24370","JP3384900001","397.0000","404.0000","390.0000","404.0000","404.0000","404.0000","396.0000","401.0000","397.0000","404.0000","390.0000","401.0000"," ","0.0000","0.0000","46600","18487200","396.7210"
"20201214","01","12","    24380","JP3119670002","1095.0000","1108.0000","1080.0000","1102.0000","1102.0000","1130.0000","1099.0000","1125.0000","1095.0000","1130.0000","1080.0000","1125.0000"," ","0.0000","0.0000","121100","134276400","1108.8059"
"20201214","01","12","    24490","JP3833050002","1315.0000","1315.0000","1306.0000","1306.0000","1306.0000","1306.0000","1306.0000","1306.0000","1315.0000","1315.0000","1306.0000","1306.0000"," ","0.0000","0.0000","300","392700","1309.0000"
"20201214","01","12","    24520","JP3306450002","0.0000","0.0000","0.0000","0.0000","0.0000","0.0000","0.0000","0.0000","0.0000","0.0000","0.0000","0.0000"," ","0.0000","0.0000","0","0","0.0000"
"20201214","01","12","    24540","JP3174050009","970.0000","985.0000","957.0000","982.0000","986.0000","986.0000","973.0000","983.0000","970.0000","986.0000","957.0000","983.0000"," ","0.0000","0.0000","51300","50157400","977.7271"
"20201214","01","12","    24590","JP3105310001","246.0000","249.0000","237.0000","244.0000","241.0000","245.0000","239.0000","243.0000","246.0000","249.0000","237.0000","243.0000"," ","0.0000","0.0000","129800","31639200","243.7535"
"20201214","01","12","    24680","JP3826260006","372.0000","385.0000","371.0000","374.0000","374.0000","375.0000","373.0000","374.0000","372.0000","385.0000","371.0000","374.0000"," ","0.0000","0.0000","26600","10032100","377.1466"
"20201214","01","12","    24690","JP3793200001","1229.0000","1229.0000","1192.0000","1209.0000","1202.0000","1202.0000","1189.0000","1191.0000","1229.0000","1229.0000","1189.0000","1191.0000"," ","0.0000","0.0000","8800","10654500","1210.7386"
"20201214","01","12","    24790","JP3386260008","171.0000","172.0000","169.0000","170.0000","170.0000","170.0000","169.0000","170.0000","171.0000","172.0000","169.0000","170.0000"," ","0.0000","0.0000","16400","2788200","170.0122"
"20201214","01","12","    24800","JP3351080001","1686.0000","1686.0000","1667.0000","1677.0000","1680.0000","1700.0000","1675.0000","1700.0000","1686.0000","1700.0000","1667.0000","1700.0000"," ","0.0000","0.0000","2800","4717300","1684.7500"
"20201214","01","12","    24810","JP3452300001","330.0000","340.0000","330.0000","337.0000","338.0000","343.0000","337.0000","341.0000","330.0000","343.0000","330.0000","341.0000"," ","0.0000","0.0000","27400","9251800","337.6569"
"20201214","01","12","    24830","JP3854900002","1205.0000","1244.0000","1205.0000","1206.0000","1217.0000","1241.0000","1212.0000","1238.0000","1205.0000","1244.0000","1205.0000","1238.0000"," ","0.0000","0.0000","24000","29398100","1224.9208"
"20201214","01","12","    24840","JP3952870008","3590.0000","3740.0000","3575.0000","3670.0000","3675.0000","3785.0000","3630.0000","3775.0000","3590.0000","3785.0000","3575.0000","3775.0000"," ","0.0000","0.0000","1411900","5226687000","3701.8819"
"20201214","01","12","    24880","JP3710700000","774.0000","791.0000","774.0000","787.0000","787.0000","787.0000","781.0000","781.0000","774.0000","791.0000","774.0000","781.0000"," ","0.0000","0.0000","35900","28132000","783.6212"
"20201214","01","12","    24930","JP3130420007","907.0000","911.0000","905.0000","909.0000","911.0000","922.0000","910.0000","920.0000","907.0000","922.0000","905.0000","920.0000"," ","0.0000","0.0000","9600","8759800","912.4792"
"20201214","01","12","    24970","JP3758130003","1495.0000","1514.0000","1490.0000","1511.0000","1508.0000","1508.0000","1496.0000","1502.0000","1495.0000","1514.0000","1490.0000","1502.0000"," ","0.0000","0.0000","58700","88157600","1501.8330"
"20201214","01","12","    24980","JP3121120004","2292.0000","2315.0000","2228.0000","2305.0000","2299.0000","2306.0000","2274.0000","2300.0000","2292.0000","2315.0000","2228.0000","2300.0000"," ","0.0000","0.0000","44300","101048100","2280.9955"
"20201214","01","12","    24990","JP3756080002","246.0000","248.0000","244.0000","247.0000","247.0000","248.0000","244.0000","245.0000","246.0000","248.0000","244.0000","245.0000"," ","0.0000","0.0000","19800","4869900","245.9545"
"20201214","01","12","    25730","JP3847800004","4170.0000","4170.0000","4150.0000","4150.0000","4150.0000","4160.0000","4150.0000","4155.0000","4170.0000","4170.0000","4150.0000","4155.0000"," ","0.0000","0.0000","1400","5822000","4158.5714"
"20201214","01","12","    25860","JP3828300008","172.0000","176.0000","171.0000","173.0000","173.0000","173.0000","169.0000","171.0000","172.0000","176.0000","169.0000","171.0000"," ","0.0000","0.0000","278900","48017500","172.1674"
"20201214","01","12","    25880","JP3155450004","3680.0000","3710.0000","3620.0000","3660.0000","3660.0000","3665.0000","3590.0000","3630.0000","3680.0000","3710.0000","3590.0000","3630.0000"," ","0.0000","0.0000","14100","51326000","3640.1418"
"20201214","01","12","    26520","JP3879700007","493.0000","494.0000","491.0000","491.0000","491.0000","494.0000","490.0000","490.0000","493.0000","494.0000","490.0000","490.0000"," ","0.0000","0.0000","4800","2362600","492.2083"
"20201214","01","12","    26530","JP3245400001","1879.0000","1880.0000","1879.0000","1879.0000","1879.0000","1880.0000","1879.0000","1880.0000","1879.0000","1880.0000","1879.0000","1880.0000"," ","0.0000","0.0000","7400","13907000","1879.3243"
"20201214","01","12","    26540","JP3384720003","390.0000","398.0000","390.0000","397.0000","398.0000","401.0000","396.0000","400.0000","390.0000","401.0000","390.0000","400.0000"," ","0.0000","0.0000","17100","6731100","393.6316"
"20201214","01","12","    26560","JP3835400007","210.0000","211.0000","207.0000","211.0000","211.0000","215.0000","209.0000","214.0000","210.0000","215.0000","207.0000","214.0000"," ","0.0000","0.0000","51100","10758900","210.5460"
"20201214","01","12","    26660","JP3172430005","109.0000","110.0000","109.0000","109.0000","109.0000","112.0000","109.0000","111.0000","109.0000","112.0000","109.0000","111.0000"," ","0.0000","0.0000","68000","7530200","110.7382"
"20201214","01","12","    26670","JP3149400008","601.0000","634.0000","597.0000","626.0000","625.0000","625.0000","612.0000","623.0000","601.0000","634.0000","597.0000","623.0000"," ","0.0000","0.0000","405900","251074900","618.5634"
"20201214","01","12","    26680","JP3506100001","1019.0000","1030.0000","1019.0000","1030.0000","1020.0000","1026.0000","1020.0000","1026.0000","1019.0000","1030.0000","1019.0000","1026.0000"," ","0.0000","0.0000","1300","1327300","1021.0000"
"20201214","01","12","    26690","JP3217900004","2972.0000","2976.0000","2970.0000","2976.0000","2976.0000","2983.0000","2976.0000","2983.0000","2972.0000","2983.0000","2970.0000","2983.0000"," ","0.0000","0.0000","6500","19336000","2974.7692"
"20201214","01","12","    26730","JP3952900003","118.0000","118.0000","117.0000","118.0000","117.0000","117.0000","116.0000","117.0000","118.0000","118.0000","116.0000","117.0000"," ","0.0000","0.0000","52600","6180500","117.5000"
"20201214","01","12","    26750","JP3491900001","1220.0000","1220.0000","1217.0000","1217.0000","1220.0000","1225.0000","1215.0000","1225.0000","1220.0000","1225.0000","1215.0000","1225.0000"," ","0.0000","0.0000","4900","5975100","1219.4082"
"20201214","01","12","    26830","JP3155500006","1023.0000","1023.0000","1012.0000","1013.0000","1015.0000","1015.0000","1013.0000","1013.0000","1023.0000","1023.0000","1012.0000","1013.0000"," ","0.0000","0.0000","1600","1628200","1017.6250"
"20201214","01","12","    26930","JP3990750006","305.0000","338.0000","304.0000","331.0000","329.0000","329.0000","315.0000","321.0000","305.0000","338.0000","304.0000","321.0000"," ","0.0000","0.0000","256500","82539700","321.7922"
"20201214","01","12","    26940","JP3834150009","65.0000","66.0000","65.0000","65.0000","65.0000","66.0000","65.0000","65.0000","65.0000","66.0000","65.0000","65.0000"," ","0.0000","0.0000","232900","15155600","65.0734"
"20201214","01","12","    27000","JP3240900005","3500.0000","3530.0000","3500.0000","3530.0000","3530.0000","3530.0000","3515.0000","3515.0000","3500.0000","3530.0000","3500.0000","3515.0000"," ","0.0000","0.0000","1700","5965500","3509.1176"
"20201214","01","12","    27020","JP3750500005","5210.0000","5240.0000","5210.0000","5220.0000","5220.0000","5220.0000","5200.0000","5200.0000","5210.0000","5240.0000","5200.0000","5200.0000"," ","0.0000","0.0000","586700","3058836000","5213.6288"
"20201214","01","12","    27050","JP3188300002","2275.0000","2275.0000","2260.0000","2271.0000","2274.0000","2278.0000","2270.0000","2270.0000","2275.0000","2278.0000","2260.0000","2270.0000"," ","0.0000","0.0000","8900","20209000","2270.6742"
"20201214","01","12","    27060","JP3831500008","1464.0000","1464.0000","1420.0000","1438.0000","1444.0000","1447.0000","1430.0000","1445.0000","1464.0000","1464.0000","1420.0000","1445.0000"," ","0.0000","0.0000","119800","172089200","1436.4708"
"20201214","01","12","    27080","JP3266120009","710.0000","710.0000","708.0000","708.0000","710.0000","710.0000","709.0000","709.0000","710.0000","710.0000","708.0000","709.0000"," ","0.0000","0.0000","1100","780700","709.7273"
"20201214","01","12","    27140","JP3833150000","769.0000","770.0000","769.0000","769.0000","769.0000","770.0000","769.0000","769.0000","769.0000","770.0000","769.0000","769.0000"," ","0.0000","0.0000","33000","25377300","769.0091"
"20201214","01","12","    27210","JP3386180008","302.0000","303.0000","302.0000","302.0000","303.0000","303.0000","302.0000","302.0000","302.0000","303.0000","302.0000","302.0000"," ","0.0000","0.0000","2500","755600","302.2400"
"20201214","01","12","    27360","JP3319700005","1192.0000","1200.0000","1192.0000","1200.0000","1195.0000","1209.0000","1195.0000","1209.0000","1192.0000","1209.0000","1192.0000","1209.0000"," ","0.0000","0.0000","900","1079800","1199.7778"
"20201214","01","12","    27430","JP3765210004","183.0000","188.0000","179.0000","181.0000","181.0000","185.0000","181.0000","183.0000","183.0000","188.0000","179.0000","183.0000"," ","0.0000","0.0000","524200","96453100","184.0006"
"20201214","01","12","    27470","JP3843370002","0.0000","0.0000","0.0000","0.0000","0.0000","0.0000","0.0000","0.0000","0.0000","0.0000","0.0000","0.0000"," ","0.0000","0.0000","0","0","0.0000"
"20201214","01","12","    27500","JP3136950007","406.0000","410.0000","405.0000","409.0000","410.0000","414.0000","410.0000","412.0000","406.0000","414.0000","405.0000","412.0000"," ","0.0000","0.0000","8900","3637000","408.6517"
"20201214","01","12","    27510","JP3547700009","1971.0000","1985.0000","1966.0000","1983.0000","1986.0000","1994.0000","1983.0000","1988.0000","1971.0000","1994.0000","1966.0000","1988.0000"," ","0.0000","0.0000","17400","34453900","1980.1092"
"20201214","01","12","    27540","JP3854630005","410.0000","410.0000","410.0000","410.0000","409.0000","409.0000","408.0000","408.0000","410.0000","410.0000","408.0000","408.0000"," ","0.0000","0.0000","1600","654900","409.3125"
"20201214","01","12","    27610","JP3626400000","0.0000","0.0000","0.0000","0.0000","5860.0000","5860.0000","5860.0000","5860.0000","5860.0000","5860.0000","5860.0000","5860.0000"," ","0.0000","0.0000","100","586000","5860.0000"
"20201214","01","12","    27620","JP3332520000","299.0000","300.0000","299.0000","299.0000","299.0000","300.0000","299.0000","300.0000","299.0000","300.0000","299.0000","300.0000"," ","0.0000","0.0000","7100","2124700","299.2535"
"20201214","01","12","    27630","JP3166940001","1423.0000","1437.0000","1420.0000","1434.0000","1431.0000","1435.0000","1427.0000","1430.0000","1423.0000","1437.0000","1420.0000","1430.0000"," ","0.0000","0.0000","14900","21303200","1429.7450"
"20201214","01","12","    27690","JP3159960008","956.0000","975.0000","956.0000","973.0000","975.0000","975.0000","965.0000","968.0000","956.0000","975.0000","956.0000","968.0000"," ","0.0000","0.0000","15100","14590700","966.2715"
"20201214","01","12","    27730","JP3909550000","857.0000","862.0000","857.0000","862.0000","862.0000","862.0000","859.0000","862.0000","857.0000","862.0000","857.0000","862.0000"," ","0.0000","0.0000","2000","1718600","859.3000"
"20201214","01","12","    27760","JP3270600004","86.0000","87.0000","84.0000","86.0000","87.0000","89.0000","86.0000","88.0000","86.0000","89.0000","84.0000","88.0000"," ","0.0000","0.0000","251000","21839500","87.0100"
"20201214","01","12","    27770","JP3212300002","840.0000","856.0000","835.0000","855.0000","840.0000","840.0000","840.0000","840.0000","840.0000","856.0000","835.0000","840.0000"," ","0.0000","0.0000","2200","1870600","850.2727"
"20201214","01","12","    27780","JP3782800001","177.0000","178.0000","177.0000","177.0000","178.0000","179.0000","176.0000","178.0000","177.0000","179.0000","176.0000","178.0000"," ","0.0000","0.0000","37700","6701600","177.7613"
"20201214","01","12","    27800","JP3305590006","688.0000","697.0000","688.0000","695.0000","695.0000","695.0000","691.0000","691.0000","688.0000","697.0000","688.0000","691.0000"," ","0.0000","0.0000","8700","6024400","692.4598"
"20201214","01","12","    27820","JP3423520000","3850.0000","3905.0000","3845.0000","3900.0000","3900.0000","3905.0000","3870.0000","3880.0000","3850.0000","3905.0000","3845.0000","3880.0000"," ","0.0000","0.0000","175400","681200000","3883.6944"
"20201214","01","12","    27880","JP3121170009","254.0000","254.0000","244.0000","249.0000","249.0000","251.0000","247.0000","248.0000","254.0000","254.0000","244.0000","248.0000"," ","0.0000","0.0000","113300","28207100","248.9594"
"20201214","01","12","    27890","JP3220800001","435.0000","442.0000","435.0000","441.0000","439.0000","439.0000","436.0000","438.0000","435.0000","442.0000","435.0000","438.0000"," ","0.0000","0.0000","5400","2359300","436.9074"
"20201214","01","12","    27900","JP3651160008","2100.0000","2112.0000","2087.0000","2098.0000","2097.0000","2105.0000","2085.0000","2103.0000","2100.0000","2112.0000","2085.0000","2103.0000"," ","0.0000","0.0000","70700","148183200","2095.9434"
"20201214","01","12","    27950","JP3749250001","732.0000","732.0000","732.0000","732.0000","0.0000","0.0000","0.0000","0.0000","732.0000","732.0000","732.0000","732.0000"," ","0.0000","0.0000","100","73200","732.0000"
"20201214","01","12","    27980","JP3990760005","1710.0000","1713.0000","1708.0000","1708.0000","1708.0000","1710.0000","1708.0000","1709.0000","1710.0000","1713.0000","1708.0000","1709.0000"," ","0.0000","0.0000","2300","3932000","1709.5652"
"20201214","01","12","    28040","JP3831200005","1290.0000","1298.0000","1290.0000","1297.0000","1298.0000","1298.0000","1290.0000","1295.0000","1290.0000","1298.0000","1290.0000","1295.0000"," ","0.0000","0.0000","7600","9834300","1293.9868"
"20201214","01","12","    28050","JP3163600004","4455.0000","4480.0000","4455.0000","4480.0000","4460.0000","4475.0000","4460.0000","4475.0000","4455.0000","4480.0000","4455.0000","4475.0000"," ","0.0000","0.0000","2100","9383500","4468.3333"
"20201214","01","12","    28060","JP3949200004","1838.0000","1838.0000","1798.0000","1838.0000","1840.0000","1840.0000","1816.0000","1824.0000","1838.0000","1840.0000","1798.0000","1824.0000"," ","0.0000","0.0000","3000","5499000","1833.0000"
"20201214","01","12","    28130","JP3993000003","2505.0000","2544.0000","2505.0000","2544.0000","2494.0000","2494.0000","2494.0000","2494.0000","2505.0000","2544.0000","2494.0000","2494.0000"," ","0.0000","0.0000","800","2006800","2508.5000"
"20201214","01","12","    28140","JP3322100003","0.0000","0.0000","0.0000","0.0000","1663.0000","1663.0000","1650.0000","1650.0000","1663.0000","1663.0000","1650.0000","1650.0000"," ","0.0000","0.0000","200","331300","1656.5000"
"20201214","01","12","    28160","JP3483900001","1284.0000","1286.0000","1281.0000","1283.0000","1284.0000","1287.0000","1284.0000","1287.0000","1284.0000","1287.0000","1281.0000","1287.0000"," ","0.0000","0.0000","2100","2697100","1284.3333"
"20201214","01","12","    28300","JP3105900009","2310.0000","2320.0000","2310.0000","2320.0000","2321.0000","2330.0000","2318.0000","2318.0000","2310.0000","2330.0000","2310.0000","2318.0000"," ","0.0000","0.0000","2000","4635600","2317.8000"
"20201214","01","12","    28310","JP3767600004","3135.0000","3135.0000","3100.0000","3105.0000","3105.0000","3110.0000","3105.0000","3105.0000","3135.0000","3135.0000","3100.0000","3105.0000"," ","0.0000","0.0000","4300","13433500","3124.0698"
"20201214","01","12","    28720","JP3415600000","3160.0000","3180.0000","3155.0000","3155.0000","0.0000","0.0000","0.0000","0.0000","3160.0000","3180.0000","3155.0000","3155.0000"," ","0.0000","0.0000","500","1583500","3167.0000"
"20201214","01","12","    28760","JP3385950005","467.0000","467.0000","466.0000","466.0000","466.0000","468.0000","466.0000","468.0000","467.0000","468.0000","466.0000","468.0000"," ","0.0000","0.0000","1300","606100","466.2308"
"20201214","01","12","    28770","JP3684300001","834.0000","834.0000","833.0000","833.0000","833.0000","833.0000","833.0000","833.0000","834.0000","834.0000","833.0000","833.0000"," ","0.0000","0.0000","1000","833400","833.4000"
"20201214","01","12","    28920","JP3715600007","1785.0000","1788.0000","1763.0000","1780.0000","1786.0000","1802.0000","1781.0000","1794.0000","1785.0000","1802.0000","1763.0000","1794.0000"," ","0.0000","0.0000","5800","10346700","1783.9138"
"20201214","01","12","    28940","JP3133600001","224.0000","224.0000","224.0000","224.0000","225.0000","225.0000","223.0000","223.0000","224.0000","225.0000","223.0000","223.0000"," ","0.0000","0.0000","2700","603900","223.6667"
"20201214","01","12","    29010","JP3135600009","102.0000","104.0000","101.0000","103.0000","103.0000","103.0000","102.0000","103.0000","102.0000","104.0000","101.0000","103.0000"," ","0.0000","0.0000","37000","3784800","102.2919"
"20201214","01","12","    29030","JP3354200002","574.0000","575.0000","572.0000","573.0000","573.0000","575.0000","572.0000","573.0000","574.0000","575.0000","572.0000","573.0000"," ","0.0000","0.0000","8500","4874400","573.4588"
"20201214","01","12","    29050","JP3172200002","1075.0000","1075.0000","1066.0000","1075.0000","1074.0000","1079.0000","1073.0000","1079.0000","1075.0000","1079.0000","1066.0000","1079.0000"," ","0.0000","0.0000","900","966400","1073.7778"
"20201214","01","12","    29070","JP3119400004","799.0000","799.0000","797.0000","797.0000","799.0000","800.0000","799.0000","800.0000","799.0000","800.0000","797.0000","800.0000"," ","0.0000","0.0000","900","719000","798.8889"
"20201214","01","12","    29110","JP3117000004","2117.0000","2117.0000","2103.0000","2103.0000","2106.0000","2106.0000","2106.0000","2106.0000","2117.0000","2117.0000","2103.0000","2106.0000"," ","0.0000","0.0000","400","844300","2110.7500"
"20201214","01","12","    29160","JP3426100008","627.0000","627.0000","617.0000","617.0000","0.0000","0.0000","0.0000","0.0000","627.0000","627.0000","617.0000","617.0000"," ","0.0000","0.0000","2000","1250800","625.4000"
"20201214","01","12","    29170","JP3190700009","750.0000","750.0000","742.0000","742.0000","749.0000","750.0000","749.0000","750.0000","750.0000","750.0000","742.0000","750.0000"," ","0.0000","0.0000","3500","2616500","747.5714"
"20201214","01","12","    29230","JP3322110002","4990.0000","5000.0000","4900.0000","4925.0000","4920.0000","4945.0000","4900.0000","4900.0000","4990.0000","5000.0000","4900.0000","4900.0000"," ","0.0000","0.0000","5300","26149000","4933.7736"
"20201214","01","12","    29260","JP3354050001","93.0000","93.0000","92.0000","92.0000","92.0000","93.0000","92.0000","92.0000","93.0000","93.0000","92.0000","92.0000"," ","0.0000","0.0000","34400","3194400","92.8605"
"20201214","01","12","    29270","JP3124700000","693.0000","697.0000","692.0000","694.0000","693.0000","696.0000","692.0000","692.0000","693.0000","697.0000","692.0000","692.0000"," ","0.0000","0.0000","12700","8799000","692.8346"
"20201214","01","12","    29290","JP3802310007","2959.0000","3055.0000","2913.0000","2949.0000","2940.0000","2940.0000","2875.0000","2900.0000","2959.0000","3055.0000","2875.0000","2900.0000"," ","0.0000","0.0000","2797000","8229111300","2942.1206"
"20201214","01","12","    29320","JP3163130002","4580.0000","4905.0000","4555.0000","4800.0000","4800.0000","4915.0000","4775.0000","4895.0000","4580.0000","4915.0000","4555.0000","4895.0000"," ","0.0000","0.0000","107500","511424000","4757.4326"
"20201214","01","12","    29700","JP3273780001","1367.0000","1396.0000","1367.0000","1374.0000","1370.0000","1397.0000","1360.0000","1360.0000","1367.0000","1397.0000","1360.0000","1360.0000"," ","0.0000","0.0000","12000","16493000","1374.4167"
"20201214","01","12","    29770","JP3100290000","0.0000","0.0000","0.0000","0.0000","0.0000","0.0000","0.0000","0.0000","0.0000","0.0000","0.0000","0.0000"," ","0.0000","0.0000","0","0","0.0000"
"20201214","01","12","    29780","JP3532950007","701.0000","765.0000","701.0000","750.0000","750.0000","750.0000","735.0000","737.0000","701.0000","765.0000","701.0000","737.0000"," ","0.0000","0.0000","34600","25291300","730.9624"
"20201214","01","12","    29800","JP3161320001","3190.0000","3265.0000","3110.0000","3210.0000","3250.0000","3380.0000","3240.0000","3365.0000","3190.0000","3380.0000","3110.0000","3365.0000"," ","0.0000","0.0000","130800","428879500","3278.8953"
"20201214","01","12","    29810","JP3968750004","1691.0000","1693.0000","1678.0000","1681.0000","1681.0000","1693.0000","1678.0000","1678.0000","1691.0000","1693.0000","1678.0000","1678.0000"," ","0.0000","0.0000","7200","12135100","1685.4306"
"20201214","01","12","    29850","JP3802240006","0.0000","0.0000","0.0000","0.0000","0.0000","0.0000","0.0000","0.0000","0.0000","0.0000","0.0000","0.0000"," ","0.0000","0.0000","0","0","0.0000"
"20201214","01","12","    29860","JP3968300008","851.0000","875.0000","845.0000","875.0000","876.0000","878.0000","860.0000","874.0000","851.0000","878.0000","845.0000","874.0000"," ","0.0000","0.0000","45100","38980800","864.3193"
"20201214","01","12","    29870","JP3464300007","2737.0000","2737.0000","2651.0000","2684.0000","2705.0000","2733.0000","2686.0000","2686.0000","2737.0000","2737.0000","2651.0000","2686.0000"," ","0.0000","0.0000","17700","47877900","2704.9661"
"20201214","01","12","    30100","JP3393800002","114.0000","114.0000","112.0000","113.0000","112.0000","117.0000","112.0000","117.0000","114.0000","117.0000","112.0000","117.0000"," ","0.0000","0.0000","80300","9148100","113.9240"
"20201214","01","12","    30110","JP3864600006","113.0000","115.0000","113.0000","113.0000","115.0000","121.0000","115.0000","118.0000","113.0000","121.0000","113.0000","118.0000"," ","0.0000","0.0000","152000","17838200","117.3566"
"20201214","01","12","    30200","JP3122630001","3355.0000","3450.0000","3315.0000","3360.0000","3375.0000","3400.0000","3365.0000","3385.0000","3355.0000","3450.0000","3315.0000","3385.0000"," ","0.0000","0.0000","17500","59181000","3381.7714"
"20201214","01","12","    30210","JP3781360007","2128.0000","2173.0000","2096.0000","2125.0000","2125.0000","2130.0000","2108.0000","2109.0000","2128.0000","2173.0000","2096.0000","2109.0000"," ","0.0000","0.0000","47000","99915700","2125.8660"
"20201214","01","12","    30240","JP3269910000","625.0000","627.0000","625.0000","627.0000","628.0000","640.0000","628.0000","640.0000","625.0000","640.0000","625.0000","640.0000"," ","0.0000","0.0000","1500","949200","632.8000"
"20201214","01","12","    30350","JP3278700004","320.0000","322.0000","319.0000","321.0000","321.0000","321.0000","317.0000","320.0000","320.0000","322.0000","317.0000","320.0000"," ","0.0000","0.0000","14800","4737300","320.0878"
"20201214","01","12","    30390","JP3835000005","0.0000","0.0000","0.0000","0.0000","0.0000","0.0000","0.0000","0.0000","0.0000","0.0000","0.0000","0.0000"," ","0.0000","0.0000","0","0","0.0000"
"20201214","01","12","    30410","JP3800470001","226.0000","227.0000","226.0000","226.0000","226.0000","226.0000","223.0000","225.0000","226.0000","227.0000","223.0000","225.0000"," ","0.0000","0.0000","3100","698400","225.2903"
"20201214","01","12","    30420","JP3420960001","650.0000","661.0000","650.0000","660.0000","655.0000","658.0000","655.0000","655.0000","650.0000","661.0000","650.0000","655.0000"," ","0.0000","0.0000","11300","7393400","654.2832"
"20201214","01","12","    30450","JP3223200001","1015.0000","1015.0000","1015.0000","1015.0000","1014.0000","1016.0000","1014.0000","1016.0000","1015.0000","1016.0000","1014.0000","1016.0000"," ","0.0000","0.0000","700","710600","1015.1429"
"20201214","01","12","    30580","JP3342100009","905.0000","905.0000","891.0000","892.0000","893.0000","902.0000","893.0000","902.0000","905.0000","905.0000","891.0000","902.0000"," ","0.0000","0.0000","1600","1439100","899.4375"
"20201214","01","12","    30590","JP3795150006","1000.0000","1010.0000","999.0000","1004.0000","1006.0000","1006.0000","1002.0000","1002.0000","1000.0000","1010.0000","999.0000","1002.0000"," ","0.0000","0.0000","8000","8017700","1002.2125"
"20201214","01","12","    30630","JP3386320000","490.0000","492.0000","490.0000","492.0000","490.0000","491.0000","489.0000","489.0000","490.0000","492.0000","489.0000","489.0000"," ","0.0000","0.0000","20000","9810800","490.5400"
"20201214","01","12","    30650","JP3966670006","1701.0000","1701.0000","1701.0000","1701.0000","1719.0000","1735.0000","1719.0000","1735.0000","1701.0000","1735.0000","1701.0000","1735.0000"," ","0.0000","0.0000","600","1031100","1718.5000"
"20201214","01","12","    30680","JP3505930002","1463.0000","1468.0000","1460.0000","1468.0000","1468.0000","1468.0000","1459.0000","1459.0000","1463.0000","1468.0000","1459.0000","1459.0000"," ","0.0000","0.0000","7100","10381200","1462.1408"
"20201214","01","12","    30690","JP3120050004","330.0000","332.0000","330.0000","331.0000","330.0000","331.0000","330.0000","331.0000","330.0000","332.0000","330.0000","331.0000"," ","0.0000","0.0000","55600","18366200","330.3273"
"20201214","01","12","    30700","JP3122670007","310.0000","310.0000","307.0000","309.0000","310.0000","310.0000","300.0000","303.0000","310.0000","310.0000","300.0000","303.0000"," ","0.0000","0.0000","21700","6630500","305.5530"
"20201214","01","12","    30710","JP3399760002","175.0000","179.0000","174.0000","178.0000","177.0000","181.0000","176.0000","179.0000","175.0000","181.0000","174.0000","179.0000"," ","0.0000","0.0000","587200","104061200","177.2159"
"20201214","01","12","    30750","JP3527550002","1033.0000","1040.0000","1023.0000","1035.0000","1038.0000","1060.0000","1038.0000","1060.0000","1033.0000","1060.0000","1023.0000","1060.0000"," ","0.0000","0.0000","20200","20989100","1039.0644"
"20201214","01","12","    30770","JP3852850001","490.0000","491.0000","488.0000","488.0000","490.0000","490.0000","488.0000","490.0000","490.0000","491.0000","488.0000","490.0000"," ","0.0000","0.0000","4400","2153300","489.3864"
"20201214","01","12","    30800","JP3386360006","661.0000","661.0000","648.0000","648.0000","668.0000","668.0000","647.0000","647.0000","661.0000","668.0000","647.0000","647.0000"," ","0.0000","0.0000","27600","18172700","658.4312"
"20201214","01","12","    30830","JP3347030003","330.0000","332.0000","326.0000","331.0000","330.0000","341.0000","329.0000","332.0000","330.0000","341.0000","326.0000","332.0000"," ","0.0000","0.0000","16600","5527400","332.9759"
"20201214","01","12","    30890","JP3545210001","1190.0000","1219.0000","1108.0000","1160.0000","1160.0000","1200.0000","1159.0000","1177.0000","1190.0000","1219.0000","1108.0000","1177.0000"," ","0.0000","0.0000","148700","173793100","1168.7498"
"20201214","01","12","    30940","JP3395600004","762.0000","777.0000","758.0000","773.0000","772.0000","777.0000","771.0000","775.0000","762.0000","777.0000","758.0000","775.0000"," ","0.0000","0.0000","10800","8343300","772.5278"
"20201214","01","12","    30960","JP3172260006","1228.0000","1234.0000","1228.0000","1234.0000","1235.0000","1235.0000","1221.0000","1222.0000","1228.0000","1235.0000","1221.0000","1222.0000"," ","0.0000","0.0000","11500","14142300","1229.7652"
"20201214","01","12","    31110","JP3174000004","428.0000","440.0000","428.0000","437.0000","437.0000","437.0000","430.0000","430.0000","428.0000","440.0000","428.0000","430.0000"," ","0.0000","0.0000","22000","9535900","433.4500"
"20201214","01","12","    31130","JP3795400005","86.0000","87.0000","86.0000","87.0000","87.0000","87.0000","86.0000","87.0000","86.0000","87.0000","86.0000","87.0000"," ","0.0000","0.0000","136400","11816400","86.6305"
"20201214","01","12","    31210","JP3382200008","327.0000","327.0000","326.0000","327.0000","326.0000","327.0000","325.0000","326.0000","327.0000","327.0000","325.0000","326.0000"," ","0.0000","0.0000","4100","1338900","326.5610"
"20201214","01","12","    31230","JP3312000007","440.0000","440.0000","440.0000","440.0000","436.0000","437.0000","436.0000","437.0000","440.0000","440.0000","436.0000","437.0000"," ","0.0000","0.0000","1000","438700","438.7000"
"20201214","01","12","    31250","JP3379400009","598.0000","608.0000","595.0000","600.0000","607.0000","607.0000","593.0000","594.0000","598.0000","608.0000","593.0000","594.0000"," ","0.0000","0.0000","16300","9748700","598.0798"
"20201214","01","12","    31310","JP3377850007","1780.0000","1818.0000","1776.0000","1811.0000","1798.0000","1829.0000","1798.0000","1820.0000","1780.0000","1829.0000","1776.0000","1820.0000"," ","0.0000","0.0000","26400","47680500","1806.0795"
"20201214","01","12","    31330","JP3205670007","381.0000","382.0000","380.0000","381.0000","381.0000","382.0000","380.0000","380.0000","381.0000","382.0000","380.0000","380.0000"," ","0.0000","0.0000","5800","2209100","380.8793"
"20201214","01","12","    31350","JP3860190002","2020.0000","2038.0000","2002.0000","2031.0000","2031.0000","2036.0000","2010.0000","2024.0000","2020.0000","2038.0000","2002.0000","2024.0000"," ","0.0000","0.0000","31200","63207200","2025.8718"
"20201214","01","12","    31370","JP3802970008","565.0000","566.0000","562.0000","566.0000","561.0000","563.0000","554.0000","554.0000","565.0000","566.0000","554.0000","554.0000"," ","0.0000","0.0000","21100","11822500","560.3081"
"20201214","01","12","    31380","JP3813750001","993.0000","1005.0000","993.0000","1003.0000","996.0000","1005.0000","996.0000","999.0000","993.0000","1005.0000","993.0000","999.0000"," ","0.0000","0.0000","12300","12263500","997.0325"
"20201214","01","12","    31400","JP3142450000","845.0000","847.0000","840.0000","846.0000","846.0000","854.0000","845.0000","853.0000","845.0000","854.0000","840.0000","853.0000"," ","0.0000","0.0000","19400","16434400","847.1340"
"20201214","01","12","    31430","JP3170150001","1018.0000","1021.0000","1018.0000","1020.0000","1030.0000","1031.0000","1030.0000","1031.0000","1018.0000","1031.0000","1018.0000","1031.0000"," ","0.0000","0.0000","2200","2243000","1019.5455"
"20201214","01","12","    31610","JP3120070002","808.0000","824.0000","800.0000","816.0000","816.0000","824.0000","803.0000","807.0000","808.0000","824.0000","800.0000","807.0000"," ","0.0000","0.0000","165100","134316700","813.5475"
"20201214","01","12","    31740","JP3770280000","935.0000","948.0000","935.0000","948.0000","946.0000","948.0000","942.0000","944.0000","935.0000","948.0000","935.0000","944.0000"," ","0.0000","0.0000","12700","11936300","939.8661"
"20201214","01","12","    31770","JP3125850002","1695.0000","1695.0000","1695.0000","1695.0000","1694.0000","1695.0000","1694.0000","1695.0000","1695.0000","1695.0000","1694.0000","1695.0000"," ","0.0000","0.0000","400","677800","1694.5000"
"20201214","01","12","    31810","JP3205620002","627.0000","627.0000","610.0000","618.0000","622.0000","623.0000","618.0000","622.0000","627.0000","627.0000","610.0000","622.0000"," ","0.0000","0.0000","16600","10189300","613.8133"
"20201214","01","12","    31840","JP3101920001","1975.0000","2000.0000","1975.0000","2000.0000","2002.0000","2011.0000","2002.0000","2011.0000","1975.0000","2011.0000","1975.0000","2011.0000"," ","0.0000","0.0000","2500","4987100","1994.8400"
"20201214","01","12","    31850","JP3952880007","208.0000","208.0000","207.0000","207.0000","207.0000","209.0000","206.0000","209.0000","208.0000","209.0000","206.0000","209.0000"," ","0.0000","0.0000","27300","5661000","207.3626"
"20201214","01","12","    31870","JP3343950006","300.0000","315.0000","288.0000","292.0000","292.0000","312.0000","289.0000","312.0000","300.0000","315.0000","288.0000","312.0000"," ","0.0000","0.0000","195600","58712200","300.1646"
"20201214","01","12","    31890","JP3160160002","468.0000","469.0000","462.0000","466.0000","469.0000","469.0000","461.0000","461.0000","468.0000","469.0000","461.0000","461.0000"," ","0.0000","0.0000","14200","6610600","465.5352"
"20201214","01","12","    31900","JP3851900005","510.0000","510.0000","510.0000","510.0000","511.0000","520.0000","510.0000","519.0000","510.0000","520.0000","510.0000","519.0000"," ","0.0000","0.0000","9300","4787500","514.7849"
"20201214","01","12","    31920","JP3370200002","285.0000","289.0000","285.0000","289.0000","289.0000","289.0000","286.0000","287.0000","285.0000","289.0000","285.0000","287.0000"," ","0.0000","0.0000","2900","832700","287.1379"
"20201214","01","12","    31950","JP3386510006","690.0000","754.0000","689.0000","754.0000","769.0000","769.0000","745.0000","755.0000","690.0000","769.0000","689.0000","755.0000"," ","0.0000","0.0000","215700","159498300","739.4451"
"20201214","01","12","    32230","JP3162580009","603.0000","610.0000","603.0000","610.0000","610.0000","613.0000","604.0000","604.0000","603.0000","613.0000","603.0000","604.0000"," ","0.0000","0.0000","3000","1823100","607.7000"
"20201214","01","12","    32240","JP3794490007","877.0000","882.0000","877.0000","877.0000","877.0000","877.0000","877.0000","877.0000","877.0000","882.0000","877.0000","877.0000"," ","0.0000","0.0000","2900","2547800","878.5517"
"20201214","01","12","    32360","JP3833780004","181.0000","184.0000","180.0000","181.0000","180.0000","182.0000","180.0000","181.0000","181.0000","184.0000","180.0000","181.0000"," ","0.0000","0.0000","300700","54580600","181.5118"
"20201214","01","12","    32370","JP3153170000","70.0000","70.0000","68.0000","69.0000","69.0000","70.0000","68.0000","70.0000","70.0000","70.0000","68.0000","70.0000"," ","0.0000","0.0000","120100","8332000","69.3755"
"20201214","01","12","    32380","JP3425650003","331.0000","334.0000","329.0000","330.0000","332.0000","338.0000","329.0000","331.0000","331.0000","338.0000","329.0000","331.0000"," ","0.0000","0.0000","19200","6351500","330.8073"
"20201214","01","12","    32410","JP3154250009","335.0000","336.0000","330.0000","332.0000","332.0000","332.0000","327.0000","330.0000","335.0000","336.0000","327.0000","330.0000"," ","0.0000","0.0000","26900","8911000","331.2639"
"20201214","01","12","    32420","JP3100230006","269.0000","270.0000","268.0000","269.0000","270.0000","270.0000","269.0000","269.0000","269.0000","270.0000","268.0000","269.0000"," ","0.0000","0.0000","59200","15925000","269.0034"
"20201214","01","12","    32480","JP3100280001","629.0000","638.0000","600.0000","638.0000","645.0000","650.0000","640.0000","648.0000","629.0000","650.0000","600.0000","648.0000"," ","0.0000","0.0000","7400","4612300","623.2838"
"20201214","01","12","    32610","JP3274040009","389.0000","389.0000","380.0000","380.0000","380.0000","380.0000","375.0000","377.0000","389.0000","389.0000","375.0000","377.0000"," ","0.0000","0.0000","3700","1418800","383.4595"
"20201214","01","12","    32640","JP3120060003","290.0000","302.0000","287.0000","297.0000","296.0000","320.0000","296.0000","312.0000","290.0000","320.0000","287.0000","312.0000"," ","0.0000","0.0000","1070100","326190200","304.8222"
"20201214","01","12","    32660","JP3802920003","87.0000","90.0000","87.0000","89.0000","89.0000","89.0000","88.0000","88.0000","87.0000","90.0000","87.0000","88.0000"," ","0.0000","0.0000","306600","26843000","87.5506"
"20201214","01","12","    32860","JP3635590007","363.0000","363.0000","359.0000","361.0000","363.0000","364.0000","361.0000","361.0000","363.0000","364.0000","359.0000","361.0000"," ","0.0000","0.0000","4100","1486300","362.5122"
"20201214","01","12","    32930","JP3120090000","1443.0000","1450.0000","1438.0000","1443.0000","1443.0000","1450.0000","1430.0000","1446.0000","1443.0000","1450.0000","1430.0000","1446.0000"," ","0.0000","0.0000","6800","9807400","1442.2647"
"20201214","01","12","    32970","JP3597200009","970.0000","970.0000","965.0000","965.0000","965.0000","967.0000","965.0000","967.0000","970.0000","970.0000","965.0000","967.0000"," ","0.0000","0.0000","2100","2031400","967.3333"
"20201214","01","12","    33000","JP3128650003","844.0000","858.0000","831.0000","855.0000","854.0000","854.0000","843.0000","846.0000","844.0000","858.0000","831.0000","846.0000"," ","0.0000","0.0000","39500","33477400","847.5291"
"20201214","01","12","    33060","JP3723400002","353.0000","355.0000","350.0000","352.0000","353.0000","355.0000","350.0000","352.0000","353.0000","355.0000","350.0000","352.0000"," ","0.0000","0.0000","7900","2783100","352.2911"
"20201214","01","12","    33160","JP3587700000","498.0000","500.0000","496.0000","500.0000","500.0000","500.0000","497.0000","499.0000","498.0000","500.0000","496.0000","499.0000"," ","0.0000","0.0000","5100","2543600","498.7451"
"20201214","01","12","    33170","JP3826350005","1450.0000","1450.0000","1421.0000","1426.0000","1425.0000","1437.0000","1425.0000","1437.0000","1450.0000","1450.0000","1421.0000","1437.0000"," ","0.0000","0.0000","2400","3425900","1427.4583"
"20201214","01","12","    33200","JP3272700000","0.0000","0.0000","0.0000","0.0000","955.0000","955.0000","955.0000","955.0000","955.0000","955.0000","955.0000","955.0000"," ","0.0000","0.0000","34200","32661000","955.0000"
"20201214","01","12","    33220","JP3126370000","749.0000","749.0000","746.0000","746.0000","0.0000","0.0000","0.0000","0.0000","749.0000","749.0000","746.0000","746.0000"," ","0.0000","0.0000","400","299300","748.2500"
"20201214","01","12","    33230","JP3979500000","124.0000","126.0000","123.0000","125.0000","125.0000","125.0000","123.0000","124.0000","124.0000","126.0000","123.0000","124.0000"," ","0.0000","0.0000","896800","111508200","124.3401"
"20201214","01","12","    33260","JP3968700009","438.0000","438.0000","433.0000","433.0000","434.0000","437.0000","428.0000","434.0000","438.0000","438.0000","428.0000","434.0000"," ","0.0000","0.0000","5800","2504300","431.7759"
"20201214","01","12","    33290","JP3622800005","1200.0000","1204.0000","1200.0000","1200.0000","1200.0000","1205.0000","1200.0000","1200.0000","1200.0000","1205.0000","1200.0000","1200.0000"," ","0.0000","0.0000","6200","7449500","1201.5323"
"20201214","01","12","    33440","JP3994600009","610.0000","610.0000","600.0000","610.0000","610.0000","615.0000","609.0000","615.0000","610.0000","615.0000","600.0000","615.0000"," ","0.0000","0.0000","4600","2791900","606.9348"
"20201214","01","12","    33470","JP3635550001","152.0000","152.0000","148.0000","149.0000","150.0000","151.0000","149.0000","150.0000","152.0000","152.0000","148.0000","150.0000"," ","0.0000","0.0000","22700","3400300","149.7930"
"20201214","01","12","    33500","JP3481200008","61.0000","61.0000","60.0000","61.0000","61.0000","62.0000","60.0000","62.0000","61.0000","62.0000","60.0000","62.0000"," ","0.0000","0.0000","32200","1969900","61.1770"
"20201214","01","12","    33520","JP3778360002","1130.0000","1135.0000","1075.0000","1105.0000","1129.0000","1135.0000","1113.0000","1134.0000","1130.0000","1135.0000","1075.0000","1134.0000"," ","0.0000","0.0000","4700","5269800","1121.2340"
"20201214","01","12","    33530","JP3921040006","6480.0000","6480.0000","6480.0000","6480.0000","6780.0000","6780.0000","6780.0000","6780.0000","6480.0000","6780.0000","6480.0000","6780.0000"," ","0.0000","0.0000","300","2004000","6680.0000"
"20201214","01","12","    33550","JP3270810009","720.0000","735.0000","715.0000","731.0000","731.0000","734.0000","725.0000","734.0000","720.0000","735.0000","715.0000","734.0000"," ","0.0000","0.0000","75600","54866500","725.7474"
"20201214","01","12","    33560","JP3546600002","478.0000","482.0000","471.0000","482.0000","482.0000","482.0000","476.0000","476.0000","478.0000","482.0000","471.0000","476.0000"," ","0.0000","0.0000","109500","52368200","478.2484"
"20201214","01","12","    33580","JP3990650008","262.0000","263.0000","247.0000","251.0000","251.0000","256.0000","248.0000","256.0000","262.0000","263.0000","247.0000","256.0000"," ","0.0000","0.0000","186400","47252300","253.4995"
"20201214","01","12","    33590","JP3442910000","784.0000","805.0000","772.0000","799.0000","801.0000","810.0000","796.0000","798.0000","784.0000","810.0000","772.0000","798.0000"," ","0.0000","0.0000","222900","177030100","794.2131"
"20201214","01","12","    33700","JP3817000007","393.0000","393.0000","388.0000","388.0000","390.0000","390.0000","389.0000","390.0000","393.0000","393.0000","388.0000","390.0000"," ","0.0000","0.0000","14000","5478200","391.3000"
"20201214","01","12","    33720","JP3233300007","314.0000","314.0000","312.0000","312.0000","312.0000","314.0000","312.0000","314.0000","314.0000","314.0000","312.0000","314.0000"," ","0.0000","0.0000","16800","5261200","313.1667"
"20201214","01","12","    33740","JP3641220003","2588.0000","2617.0000","2544.0000","2589.0000","2590.0000","2647.0000","2583.0000","2599.0000","2588.0000","2647.0000","2544.0000","2599.0000"," ","0.0000","0.0000","36900","96141200","2605.4526"
"20201214","01","12","    33750","JP3437200003","1217.0000","1221.0000","1210.0000","1210.0000","1202.0000","1202.0000","1200.0000","1201.0000","1217.0000","1221.0000","1200.0000","1201.0000"," ","0.0000","0.0000","2100","2545100","1211.9524"
"20201214","01","12","    33770","JP3101150005","355.0000","373.0000","355.0000","370.0000","370.0000","383.0000","366.0000","378.0000","355.0000","383.0000","355.0000","378.0000"," ","0.0000","0.0000","438800","162147000","369.5237"
"20201214","01","12","    33860","JP3298700000","1155.0000","1159.0000","1146.0000","1159.0000","1160.0000","1160.0000","1152.0000","1153.0000","1155.0000","1160.0000","1146.0000","1153.0000"," ","0.0000","0.0000","11900","13740300","1154.6471"
"20201214","01","12","    33900","JP3952410003","86.0000","91.0000","86.0000","89.0000","90.0000","91.0000","90.0000","91.0000","86.0000","91.0000","86.0000","91.0000"," ","0.0000","0.0000","1553100","139115300","89.5727"
"20201214","01","12","    33990","JP3876450002","1947.0000","1947.0000","1937.0000","1937.0000","1938.0000","1941.0000","1932.0000","1938.0000","1947.0000","1947.0000","1932.0000","1938.0000"," ","0.0000","0.0000","3700","7170700","1938.0270"
"20201214","01","12","    34090","JP3239600004","223.0000","227.0000","220.0000","224.0000","225.0000","225.0000","221.0000","222.0000","223.0000","227.0000","220.0000","222.0000"," ","0.0000","0.0000","108600","24231200","223.1234"
"20201214","01","12","    34160","JP3801630009","1180.0000","1194.0000","1174.0000","1186.0000","1190.0000","1203.0000","1190.0000","1197.0000","1180.0000","1203.0000","1174.0000","1197.0000"," ","0.0000","0.0000","6000","7144300","1190.7167"
"20201214","01","12","    34170","JP3176900003","1391.0000","1409.0000","1391.0000","1405.0000","1403.0000","1405.0000","1380.0000","1389.0000","1391.0000","1409.0000","1380.0000","1389.0000"," ","0.0000","0.0000","10100","14070400","1393.1089"
"20201214","01","12","    34180","JP3778420004","1094.0000","1094.0000","1066.0000","1077.0000","1078.0000","1109.0000","1078.0000","1098.0000","1094.0000","1109.0000","1066.0000","1098.0000"," ","0.0000","0.0000","13400","14563200","1086.8060"
"20201214","01","12","    34200","JP3277100008","2083.0000","2083.0000","2080.0000","2080.0000","2078.0000","2087.0000","2075.0000","2087.0000","2083.0000","2087.0000","2075.0000","2087.0000"," ","0.0000","0.0000","5400","11236000","2080.7407"
"20201214","01","12","    34230","JP3161570001","294.0000","294.0000","286.0000","288.0000","287.0000","293.0000","285.0000","289.0000","294.0000","294.0000","285.0000","289.0000"," ","0.0000","0.0000","62700","18120700","289.0064"
"20201214","01","12","    34260","JP3121910008","1490.0000","1490.0000","1490.0000","1490.0000","1489.0000","1489.0000","1489.0000","1489.0000","1490.0000","1490.0000","1489.0000","1489.0000"," ","0.0000","0.0000","800","1191700","1489.6250"
"20201214","01","12","    34350","JP3330500004","900.0000","905.0000","894.0000","897.0000","904.0000","905.0000","901.0000","902.0000","900.0000","905.0000","894.0000","902.0000"," ","0.0000","0.0000","6700","6038900","901.3284"
"20201214","01","12","    34370","JP3624800003","2055.0000","2055.0000","2055.0000","2055.0000","2060.0000","2060.0000","2060.0000","2060.0000","2055.0000","2060.0000","2055.0000","2060.0000"," ","0.0000","0.0000","700","1439500","2056.4286"
"20201214","01","12","    34390","JP3895100000","2210.0000","2229.0000","2162.0000","2229.0000","2238.0000","2238.0000","2238.0000","2238.0000","2210.0000","2238.0000","2162.0000","2238.0000"," ","0.0000","0.0000","700","1540800","2201.1429"
"20201214","01","12","    34400","JP3679830004","780.0000","786.0000","779.0000","780.0000","786.0000","789.0000","780.0000","780.0000","780.0000","789.0000","779.0000","780.0000"," ","0.0000","0.0000","13600","10651600","783.2059"
"20201214","01","12","    34410","JP3336700004","1758.0000","1810.0000","1730.0000","1736.0000","1736.0000","1760.0000","1717.0000","1733.0000","1758.0000","1810.0000","1717.0000","1733.0000"," ","0.0000","0.0000","146100","256749800","1757.3566"
"20201214","01","12","    34440","JP3236730002","886.0000","940.0000","886.0000","927.0000","929.0000","929.0000","896.0000","908.0000","886.0000","940.0000","886.0000","908.0000"," ","0.0000","0.0000","93800","85924900","916.0437"
"20201214","01","12","    34480","JP3396630000","0.0000","0.0000","0.0000","0.0000","0.0000","0.0000","0.0000","0.0000","0.0000","0.0000","0.0000","0.0000"," ","0.0000","0.0000","0","0","0.0000"
"20201214","01","12","    34490","JP3545260006","1135.0000","1142.0000","1118.0000","1130.0000","1135.0000","1135.0000","1116.0000","1117.0000","1135.0000","1142.0000","1116.0000","1117.0000"," ","0.0000","0.0000","78800","88850400","1127.5431"
"20201214","01","12","    34560","JP3538790001","0.0000","0.0000","0.0000","0.0000","0.0000","0.0000","0.0000","0.0000","0.0000","0.0000","0.0000","0.0000"," ","0.0000","0.0000","0","0","0.0000"
"20201214","01","12","    34610","JP3782700003","716.0000","716.0000","705.0000","712.0000","710.0000","710.0000","706.0000","709.0000","716.0000","716.0000","705.0000","709.0000"," ","0.0000","0.0000","9000","6398500","710.9444"
"20201214","01","12","    34690","JP3549250003","638.0000","662.0000","634.0000","643.0000","643.0000","645.0000","627.0000","630.0000","638.0000","662.0000","627.0000","630.0000"," ","0.0000","0.0000","91200","58294000","639.1886"
"20201214","01","12","    34740","JP3386610004","353.0000","364.0000","353.0000","357.0000","357.0000","357.0000","354.0000","355.0000","353.0000","364.0000","353.0000","355.0000"," ","0.0000","0.0000","5800","2069900","356.8793"
"20201214","01","12","    34770","JP3803020001","1047.0000","1047.0000","995.0000","995.0000","1032.0000","1032.0000","1021.0000","1021.0000","1047.0000","1047.0000","995.0000","1021.0000"," ","0.0000","0.0000","1400","1419800","1014.1429"
"20201214","01","12","    34790","JP3538710009","3000.0000","3050.0000","2961.0000","2969.0000","2963.0000","2987.0000","2960.0000","2965.0000","3000.0000","3050.0000","2960.0000","2965.0000"," ","0.0000","0.0000","123000","366608500","2980.5569"
"20201214","01","12","    34820","JP3982600003","973.0000","973.0000","941.0000","956.0000","956.0000","970.0000","944.0000","970.0000","973.0000","973.0000","941.0000","970.0000"," ","0.0000","0.0000","105100","100575400","956.9496"
"20201214","01","12","    34830","JP3360850006","0.0000","0.0000","0.0000","0.0000","0.0000","0.0000","0.0000","0.0000","0.0000","0.0000","0.0000","0.0000"," ","0.0000","0.0000","0","0","0.0000"
"20201214","01","12","    34890","JP3803030000","1092.0000","1105.0000","1075.0000","1086.0000","1086.0000","1103.0000","1086.0000","1103.0000","1092.0000","1105.0000","1075.0000","1103.0000"," ","0.0000","0.0000","8000","8742200","1092.7750"
"20201214","01","12","    34900","JP3119890006","1270.0000","1270.0000","1270.0000","1270.0000","1291.0000","1291.0000","1291.0000","1291.0000","1270.0000","1291.0000","1270.0000","1291.0000"," ","0.0000","0.0000","500","637100","1274.2000"
"20201214","01","12","    34910","JP3386670008","3740.0000","3940.0000","3740.0000","3860.0000","3835.0000","3870.0000","3765.0000","3870.0000","3740.0000","3940.0000","3740.0000","3870.0000"," ","0.0000","0.0000","615100","2361554000","3839.3009"
"20201214","01","12","    34940","JP3870340001","1039.0000","1068.0000","1039.0000","1068.0000","0.0000","0.0000","0.0000","0.0000","1039.0000","1068.0000","1039.0000","1068.0000"," ","0.0000","0.0000","300","314600","1048.6667"
"20201214","01","12","    34950","JP3292700006","1603.0000","1603.0000","1603.0000","1603.0000","1590.0000","1610.0000","1584.0000","1610.0000","1603.0000","1610.0000","1584.0000","1610.0000"," ","0.0000","0.0000","2300","3673800","1597.3043"
"20201214","01","12","    34960","JP3119880007","9240.0000","9390.0000","8980.0000","9340.0000","9370.0000","9630.0000","9250.0000","9470.0000","9240.0000","9630.0000","8980.0000","9470.0000"," ","0.0000","0.0000","17200","160974000","9358.9535"
"20201214","01","12","    34970","JP3969250004","939.0000","940.0000","936.0000","940.0000","940.0000","946.0000","939.0000","942.0000","939.0000","946.0000","936.0000","942.0000"," ","0.0000","0.0000","3300","3099700","939.3030"
"20201214","01","12","    34980","JP3211050004","3490.0000","3595.0000","3490.0000","3595.0000","3595.0000","3630.0000","3580.0000","3630.0000","3490.0000","3630.0000","3490.0000","3630.0000"," ","0.0000","0.0000","32100","114823000","3577.0405"
"20201214","01","12","    35150","JP3812200008","2401.0000","2401.0000","2401.0000","2401.0000","0.0000","0.0000","0.0000","0.0000","2401.0000","2401.0000","2401.0000","2401.0000"," ","0.0000","0.0000","100","240100","2401.0000"
"20201214","01","12","    35280","JP3221000007","35.0000","36.0000","35.0000","35.0000","35.0000","36.0000","35.0000","35.0000","35.0000","36.0000","35.0000","35.0000"," ","0.0000","0.0000","664400","23271100","35.0257"
"20201214","01","12","    35360","JP3108160007","121.0000","124.0000","119.0000","122.0000","122.0000","127.0000","122.0000","127.0000","121.0000","127.0000","119.0000","127.0000"," ","0.0000","0.0000","358400","44246100","123.4545"
"20201214","01","12","    35370","JP3361400009","925.0000","925.0000","921.0000","921.0000","921.0000","921.0000","920.0000","921.0000","925.0000","925.0000","920.0000","921.0000"," ","0.0000","0.0000","3600","3317600","921.5556"
"20201214","01","12","    35400","JP3346190006","6570.0000","6770.0000","6510.0000","6710.0000","6670.0000","6730.0000","6570.0000","6610.0000","6570.0000","6770.0000","6510.0000","6610.0000"," ","0.0000","0.0000","30300","201234000","6641.3861"
"20201214","01","12","    35410","JP3759570009","685.0000","696.0000","668.0000","683.0000","680.0000","691.0000","678.0000","686.0000","685.0000","696.0000","668.0000","686.0000"," ","0.0000","0.0000","239000","163305000","683.2845"
"20201214","01","12","    35420","JP3835300009","1900.0000","1955.0000","1831.0000","1940.0000","1948.0000","1948.0000","1918.0000","1930.0000","1900.0000","1955.0000","1831.0000","1930.0000"," ","0.0000","0.0000","180000","344134700","1911.8594"
"20201214","01","12","    35500","JP3399330004","421.0000","427.0000","421.0000","423.0000","426.0000","426.0000","422.0000","424.0000","421.0000","427.0000","421.0000","424.0000"," ","0.0000","0.0000","15300","6469400","422.8366"
"20201214","01","12","    35560","JP3974560009","612.0000","637.0000","612.0000","636.0000","633.0000","635.0000","623.0000","631.0000","612.0000","637.0000","612.0000","631.0000"," ","0.0000","0.0000","224600","141245200","628.8744"
"20201214","01","12","    35570","JP3949420008","1076.0000","1081.0000","1076.0000","1076.0000","1076.0000","1076.0000","1068.0000","1068.0000","1076.0000","1081.0000","1068.0000","1068.0000"," ","0.0000","0.0000","3700","3969700","1072.8919"
"20201214","01","12","    35580","JP3984120000","2283.0000","2323.0000","2240.0000","2322.0000","2328.0000","2328.0000","2266.0000","2273.0000","2283.0000","2328.0000","2240.0000","2273.0000"," ","0.0000","0.0000","224000","513514500","2292.4754"
"20201214","01","12","    35600","JP3852650005","3990.0000","4000.0000","3990.0000","3995.0000","3995.0000","3995.0000","3990.0000","3990.0000","3990.0000","4000.0000","3990.0000","3990.0000"," ","0.0000","0.0000","700","2796000","3994.2857"
"20201214","01","12","    35620","JP3653590004","1474.0000","1497.0000","1443.0000","1489.0000","1488.0000","1488.0000","1461.0000","1467.0000","1474.0000","1497.0000","1443.0000","1467.0000"," ","0.0000","0.0000","117700","172915700","1469.1223"
"20201214","01","12","    35660","JP3952530008","1458.0000","1458.0000","1400.0000","1415.0000","1421.0000","1421.0000","1421.0000","1421.0000","1458.0000","1458.0000","1400.0000","1421.0000"," ","0.0000","0.0000","2100","2976400","1417.3333"
"20201214","01","12","    35780","JP3431800006","391.0000","391.0000","367.0000","380.0000","380.0000","388.0000","372.0000","375.0000","391.0000","391.0000","367.0000","375.0000"," ","0.0000","0.0000","5400","2054000","380.3704"
"20201214","01","12","    35781","JP3431800014","0.0000","0.0000","0.0000","0.0000","0.0000","0.0000","0.0000","0.0000","0.0000","0.0000","0.0000","0.0000"," ","0.0000","0.0000","0","0","0.0000"
"20201214","01","12","    35830","JP3173600002","690.0000","698.0000","690.0000","698.0000","688.0000","688.0000","688.0000","688.0000","690.0000","698.0000","688.0000","688.0000"," ","0.0000","0.0000","800","552000","690.0000"
"20201214","01","12","    35970","JP3386400000","5980.0000","5980.0000","5980.0000","5980.0000","5980.0000","5990.0000","5960.0000","5990.0000","5980.0000","5990.0000","5960.0000","5990.0000"," ","0.0000","0.0000","700","4185000","5978.5714"
"20201214","01","12","    35980","JP3935000004","167.0000","168.0000","166.0000","167.0000","168.0000","168.0000","166.0000","167.0000","167.0000","168.0000","166.0000","167.0000"," ","0.0000","0.0000","20300","3390700","167.0296"
"20201214","01","12","    36000","JP3818650008","1590.0000","1600.0000","1590.0000","1597.0000","1615.0000","1615.0000","1615.0000","1615.0000","1590.0000","1615.0000","1590.0000","1615.0000"," ","0.0000","0.0000","2700","4349900","1611.0741"
"20201214","01","12","    36040","JP3227100009","1813.0000","1865.0000","1811.0000","1827.0000","1826.0000","1833.0000","1801.0000","1807.0000","1813.0000","1865.0000","1801.0000","1807.0000"," ","0.0000","0.0000","239700","438577900","1829.6950"
"20201214","01","12","    36220","JP3758180008","690.0000","692.0000","677.0000","680.0000","675.0000","681.0000","675.0000","676.0000","690.0000","692.0000","675.0000","676.0000"," ","0.0000","0.0000","7000","4756600","679.5143"
"20201214","01","12","    36230","JP3800490009","1279.0000","1297.0000","1275.0000","1297.0000","1288.0000","1303.0000","1286.0000","1294.0000","1279.0000","1303.0000","1275.0000","1294.0000"," ","0.0000","0.0000","48200","62153200","1289.4855"
"20201214","01","12","    36240","JP3108130000","382.0000","382.0000","373.0000","377.0000","374.0000","386.0000","374.0000","383.0000","382.0000","386.0000","373.0000","383.0000"," ","0.0000","0.0000","185800","70450900","379.1760"
"20201214","01","12","    36250","JP3545400008","899.0000","914.0000","898.0000","911.0000","909.0000","909.0000","901.0000","906.0000","899.0000","914.0000","898.0000","906.0000"," ","0.0000","0.0000","30500","27648900","906.5213"
"20201214","01","12","    36280","JP3548730005","3755.0000","3755.0000","3600.0000","3600.0000","3600.0000","3665.0000","3550.0000","3570.0000","3755.0000","3755.0000","3550.0000","3570.0000"," ","0.0000","0.0000","4800","17442000","3633.7500"
"20201214","01","12","    36340","JP3433300005","1128.0000","1128.0000","1125.0000","1125.0000","1107.0000","1107.0000","1095.0000","1095.0000","1128.0000","1128.0000","1095.0000","1095.0000"," ","0.0000","0.0000","500","558300","1116.6000"
"20201214","01","12","    36410","JP3781540004","2338.0000","2418.0000","2338.0000","2388.0000","2381.0000","2404.0000","2364.0000","2393.0000","2338.0000","2418.0000","2338.0000","2393.0000"," ","0.0000","0.0000","56600","135078200","2386.5406"
"20201214","01","12","    36450","JP3752400006","1013.0000","1070.0000","1005.0000","1049.0000","1057.0000","1103.0000","1041.0000","1101.0000","1013.0000","1103.0000","1005.0000","1101.0000"," ","0.0000","0.0000","2686300","2823629500","1051.1222"
"20201214","01","12","    36460","JP3161250000","501.0000","504.0000","496.0000","497.0000","497.0000","501.0000","491.0000","493.0000","501.0000","504.0000","491.0000","493.0000"," ","0.0000","0.0000","36300","18043900","497.0771"
"20201214","01","12","    36470","JP3300950007","214.0000","216.0000","212.0000","216.0000","216.0000","216.0000","212.0000","212.0000","214.0000","216.0000","212.0000","212.0000"," ","0.0000","0.0000","66800","14250300","213.3278"
"20201214","01","12","    36520","JP3548750003","2993.0000","3035.0000","2969.0000","2981.0000","2981.0000","2981.0000","2861.0000","2892.0000","2993.0000","3035.0000","2861.0000","2892.0000"," ","0.0000","0.0000","28200","82491200","2925.2199"
"20201214","01","12","    36530","JP3927550008","1516.0000","1569.0000","1508.0000","1553.0000","1546.0000","1550.0000","1510.0000","1510.0000","1516.0000","1569.0000","1508.0000","1510.0000"," ","0.0000","0.0000","209900","320773600","1528.2211"
"20201214","01","12","    36630","JP3100260003","2161.0000","2209.0000","2108.0000","2183.0000","2180.0000","2184.0000","2153.0000","2165.0000","2161.0000","2209.0000","2108.0000","2165.0000"," ","0.0000","0.0000","198900","430725600","2165.5385"
"20201214","01","12","    36640","JP3922970003","150.0000","153.0000","150.0000","151.0000","151.0000","152.0000","150.0000","150.0000","150.0000","153.0000","150.0000","150.0000"," ","0.0000","0.0000","264700","39988100","151.0695"
"20201214","01","12","    36700","JP3253820009","1635.0000","1635.0000","1635.0000","1635.0000","1620.0000","1634.0000","1620.0000","1630.0000","1635.0000","1635.0000","1620.0000","1630.0000"," ","0.0000","0.0000","3400","5527100","1625.6176"
"20201214","01","12","    36710","JP3436140002","1231.0000","1248.0000","1211.0000","1221.0000","1215.0000","1223.0000","1205.0000","1215.0000","1231.0000","1248.0000","1205.0000","1215.0000"," ","0.0000","0.0000","38500","46931000","1218.9870"
"20201214","01","12","    36740","JP3172070009","1767.0000","1784.0000","1707.0000","1739.0000","1750.0000","1805.0000","1732.0000","1779.0000","1767.0000","1805.0000","1707.0000","1779.0000"," ","0.0000","0.0000","421600","739799400","1754.7424"
"20201214","01","12","    36800","JP3852000003","744.0000","751.0000","690.0000","693.0000","695.0000","699.0000","682.0000","689.0000","744.0000","751.0000","682.0000","689.0000"," ","0.0000","0.0000","779900","549939400","705.1409"
"20201214","01","12","    36890","JP3131550000","1336.0000","1347.0000","1302.0000","1313.0000","1313.0000","1320.0000","1307.0000","1307.0000","1336.0000","1347.0000","1302.0000","1307.0000"," ","0.0000","0.0000","254600","336320900","1320.9776"
"20201214","01","12","    36900","JP3984180004","1720.0000","1750.0000","1696.0000","1736.0000","1737.0000","1771.0000","1730.0000","1769.0000","1720.0000","1771.0000","1696.0000","1769.0000"," ","0.0000","0.0000","46200","80326200","1738.6623"
"20201214","01","12","    36910","JP3969570005","711.0000","718.0000","695.0000","706.0000","706.0000","739.0000","706.0000","727.0000","711.0000","739.0000","695.0000","727.0000"," ","0.0000","0.0000","33600","24086900","716.8720"
"20201214","01","12","    36920","JP3166830004","2479.0000","2493.0000","2457.0000","2485.0000","2499.0000","2549.0000","2494.0000","2538.0000","2479.0000","2549.0000","2457.0000","2538.0000"," ","0.0000","0.0000","72500","181957400","2509.7572"
"20201214","01","12","    36930","JP3130220001","0.0000","0.0000","0.0000","0.0000","0.0000","0.0000","0.0000","0.0000","0.0000","0.0000","0.0000","0.0000"," ","0.0000","0.0000","0","0","0.0000"
"20201214","01","12","    36950","JP3386530004","1860.0000","1860.0000","1860.0000","1860.0000","1855.0000","1870.0000","1855.0000","1868.0000","1860.0000","1870.0000","1855.0000","1868.0000"," ","0.0000","0.0000","1200","2235500","1862.9167"
"20201214","01","12","    36980","JP3346050002","2039.0000","2041.0000","2001.0000","2013.0000","2015.0000","2017.0000","1987.0000","2000.0000","2039.0000","2041.0000","1987.0000","2000.0000"," ","0.0000","0.0000","57800","116288900","2011.9187"
"20201214","01","12","    37100","JP3394800001","1020.0000","1020.0000","973.0000","1012.0000","1011.0000","1013.0000","996.0000","996.0000","1020.0000","1020.0000","973.0000","996.0000"," ","0.0000","0.0000","41500","41588600","1002.1349"
"20201214","01","12","    37120","JP3393500008","3440.0000","3450.0000","3420.0000","3425.0000","3440.0000","3440.0000","3430.0000","3430.0000","3440.0000","3450.0000","3420.0000","3430.0000"," ","0.0000","0.0000","2400","8254500","3439.3750"
"20201214","01","12","    37190","JP3800280004","233.0000","234.0000","227.0000","231.0000","231.0000","234.0000","229.0000","233.0000","233.0000","234.0000","227.0000","233.0000"," ","0.0000","0.0000","429800","99481700","231.4604"
"20201214","01","12","    37230","JP3748520008","1372.0000","1372.0000","1356.0000","1362.0000","1353.0000","1360.0000","1348.0000","1349.0000","1372.0000","1372.0000","1348.0000","1349.0000"," ","0.0000","0.0000","12500","16935600","1354.8480"
"20201214","01","12","    37260","JP3163300001","438.0000","438.0000","435.0000","435.0000","437.0000","439.0000","437.0000","439.0000","438.0000","439.0000","435.0000","439.0000"," ","0.0000","0.0000","7000","3061500","437.3571"
"20201214","01","12","    37270","JP3122610003","233.0000","237.0000","229.0000","236.0000","236.0000","237.0000","235.0000","235.0000","233.0000","237.0000","229.0000","235.0000"," ","0.0000","0.0000","165300","38730600","234.3049"
"20201214","01","12","    37330","JP3436020006","11130.0000","11130.0000","10940.0000","11000.0000","11000.0000","11100.0000","10920.0000","10950.0000","11130.0000","11130.0000","10920.0000","10950.0000"," ","0.0000","0.0000","6900","76081000","11026.2319"
"20201214","01","12","    37440","JP3547100002","600.0000","610.0000","590.0000","605.0000","605.0000","615.0000","602.0000","606.0000","600.0000","615.0000","590.0000","606.0000"," ","0.0000","0.0000","69300","41812500","603.3550"
"20201214","01","12","    37470","JP3152810002","483.0000","490.0000","480.0000","486.0000","486.0000","490.0000","483.0000","489.0000","483.0000","490.0000","480.0000","489.0000"," ","0.0000","0.0000","108000","52493600","486.0519"
"20201214","01","12","    37500","JP3426500009","1401.0000","1426.0000","1401.0000","1417.0000","1424.0000","1440.0000","1400.0000","1400.0000","1401.0000","1440.0000","1400.0000","1400.0000"," ","0.0000","0.0000","6000","8513900","1418.9833"
"20201214","01","12","    37530","JP3826280004","626.0000","642.0000","625.0000","637.0000","638.0000","645.0000","637.0000","639.0000","626.0000","645.0000","625.0000","639.0000"," ","0.0000","0.0000","109700","69922200","637.3947"
"20201214","01","12","    37580","JP3105290005","480.0000","487.0000","478.0000","485.0000","484.0000","485.0000","482.0000","484.0000","480.0000","487.0000","478.0000","484.0000"," ","0.0000","0.0000","161200","77752600","482.3362"
"20201214","01","12","    37600","JP3281200000","1433.0000","1498.0000","1433.0000","1475.0000","1478.0000","1480.0000","1461.0000","1470.0000","1433.0000","1498.0000","1433.0000","1470.0000"," ","0.0000","0.0000","68400","100778300","1473.3670"
"20201214","01","12","    37660","JP3350950006","608.0000","608.0000","608.0000","608.0000","610.0000","610.0000","607.0000","607.0000","608.0000","610.0000","607.0000","607.0000"," ","0.0000","0.0000","900","547200","608.0000"
"20201214","01","12","    37680","JP3974180006","2001.0000","2066.0000","1996.0000","2041.0000","2049.0000","2082.0000","2043.0000","2057.0000","2001.0000","2082.0000","1996.0000","2057.0000"," ","0.0000","0.0000","16100","32856800","2040.7950"
"20201214","01","12","    37720","JP3639550007","1406.0000","1451.0000","1406.0000","1434.0000","1442.0000","1450.0000","1436.0000","1439.0000","1406.0000","1451.0000","1406.0000","1439.0000"," ","0.0000","0.0000","11200","16032800","1431.5000"
"20201214","01","12","    37730","JP3122150000","778.0000","783.0000","771.0000","773.0000","770.0000","781.0000","770.0000","776.0000","778.0000","783.0000","770.0000","776.0000"," ","0.0000","0.0000","159500","123660800","775.3028"
"20201214","01","12","    37760","JP3831480003","361.0000","363.0000","354.0000","360.0000","356.0000","363.0000","356.0000","359.0000","361.0000","363.0000","354.0000","359.0000"," ","0.0000","0.0000","1041100","372894700","358.1738"
"20201214","01","12","    37770","JP3440200008","18.0000","19.0000","17.0000","18.0000","19.0000","19.0000","18.0000","19.0000","18.0000","19.0000","17.0000","19.0000"," ","0.0000","0.0000","1244200","22398200","18.0021"
"20201214","01","12","    37790","JP3386010007","106.0000","106.0000","104.0000","104.0000","105.0000","107.0000","105.0000","106.0000","106.0000","107.0000","104.0000","106.0000"," ","0.0000","0.0000","53900","5673000","105.2505"
"20201214","01","12","    37820","JP3548620008","233.0000","239.0000","233.0000","238.0000","237.0000","240.0000","237.0000","239.0000","233.0000","240.0000","233.0000","239.0000"," ","0.0000","0.0000","413800","98132300","237.1491"
"20201214","01","12","    37870","JP3545170007","770.0000","770.0000","750.0000","770.0000","770.0000","770.0000","750.0000","763.0000","770.0000","770.0000","750.0000","763.0000"," ","0.0000","0.0000","7900","5984500","757.5316"
"20201214","01","12","    37910","JP3833770005","1405.0000","1405.0000","1360.0000","1375.0000","1379.0000","1393.0000","1355.0000","1355.0000","1405.0000","1405.0000","1355.0000","1355.0000"," ","0.0000","0.0000","12100","16698100","1380.0083"
"20201214","01","12","    37930","JP3639570005","875.0000","888.0000","868.0000","883.0000","883.0000","890.0000","876.0000","881.0000","875.0000","890.0000","868.0000","881.0000"," ","0.0000","0.0000","94600","83412100","881.7347"
"20201214","01","12","    37960","JP3131050001","781.0000","799.0000","777.0000","785.0000","788.0000","788.0000","775.0000","777.0000","781.0000","799.0000","775.0000","777.0000"," ","0.0000","0.0000","45000","35336700","785.2600"
"20201214","01","12","    37980","JP3159910003","3750.0000","3770.0000","3705.0000","3745.0000","3745.0000","3770.0000","3720.0000","3770.0000","3750.0000","3770.0000","3705.0000","3770.0000"," ","0.0000","0.0000","11900","44616500","3749.2857"
"20201214","01","12","    37990","JP3236150003","739.0000","741.0000","726.0000","733.0000","734.0000","742.0000","732.0000","737.0000","739.0000","742.0000","726.0000","737.0000"," ","0.0000","0.0000","61000","44895100","735.9852"
"20201214","01","12","    38000","JP3799680008","1982.0000","1990.0000","1972.0000","1989.0000","1988.0000","1990.0000","1985.0000","1989.0000","1982.0000","1990.0000","1972.0000","1989.0000"," ","0.0000","0.0000","3700","7343900","1984.8378"
"20201214","01","12","    38020","JP3161220003","881.0000","908.0000","880.0000","899.0000","899.0000","907.0000","890.0000","899.0000","881.0000","908.0000","880.0000","899.0000"," ","0.0000","0.0000","6600","5901900","894.2273"
"20201214","01","12","    38030","JP3149300000","547.0000","547.0000","535.0000","543.0000","535.0000","540.0000","533.0000","540.0000","547.0000","547.0000","533.0000","540.0000"," ","0.0000","0.0000","2400","1287800","536.5833"
"20201214","01","12","    38040","JP3351040005","1956.0000","1967.0000","1876.0000","1924.0000","1924.0000","1935.0000","1894.0000","1901.0000","1956.0000","1967.0000","1876.0000","1901.0000"," ","0.0000","0.0000","101000","193452300","1915.3693"
"20201214","01","12","    38070","JP3802890008","150.0000","154.0000","150.0000","153.0000","153.0000","156.0000","152.0000","154.0000","150.0000","156.0000","150.0000","154.0000"," ","0.0000","0.0000","394600","60323400","152.8723"
"20201214","01","12","    38100","JP3311520005","736.0000","765.0000","734.0000","755.0000","754.0000","755.0000","747.0000","753.0000","736.0000","765.0000","734.0000","753.0000"," ","0.0000","0.0000","103200","77471400","750.6919"
"20201214","01","12","    38140","JP3126380009","1099.0000","1132.0000","1081.0000","1120.0000","1115.0000","1115.0000","1090.0000","1097.0000","1099.0000","1132.0000","1081.0000","1097.0000"," ","0.0000","0.0000","35200","38947200","1106.4545"
"20201214","01","12","    38150","JP3921140004","450.0000","471.0000","431.0000","436.0000","437.0000","471.0000","435.0000","454.0000","450.0000","471.0000","431.0000","454.0000"," ","0.0000","0.0000","1766800","796375000","450.7443"
"20201214","01","12","    38160","JP3501900009","1050.0000","1056.0000","1044.0000","1045.0000","1045.0000","1056.0000","1043.0000","1054.0000","1050.0000","1056.0000","1043.0000","1054.0000"," ","0.0000","0.0000","6500","6827000","1050.3077"
"20201214","01","12","    38230","JP3108120001","190.0000","191.0000","187.0000","189.0000","188.0000","190.0000","188.0000","189.0000","190.0000","191.0000","187.0000","189.0000"," ","0.0000","0.0000","203800","38549600","189.1541"
"20201214","01","12","    38250","JP3974900007","77.0000","78.0000","77.0000","77.0000","77.0000","78.0000","77.0000","77.0000","77.0000","78.0000","77.0000","77.0000"," ","0.0000","0.0000","427800","33052000","77.2604"
"20201214","01","12","    38390","JP3172440004","645.0000","649.0000","636.0000","640.0000","642.0000","650.0000","640.0000","640.0000","645.0000","650.0000","636.0000","640.0000"," ","0.0000","0.0000","18300","11781500","643.7978"
"20201214","01","12","    38400","JP3130250008","136.0000","139.0000","135.0000","138.0000","138.0000","139.0000","136.0000","137.0000","136.0000","139.0000","135.0000","137.0000"," ","0.0000","0.0000","180900","24785000","137.0094"
"20201214","01","12","    38410","JP3386340008","1643.0000","1649.0000","1603.0000","1623.0000","1646.0000","1720.0000","1646.0000","1656.0000","1643.0000","1720.0000","1603.0000","1656.0000"," ","0.0000","0.0000","3400","5590900","1644.3824"
"20201214","01","12","    38420","JP3758150001","1423.0000","1453.0000","1421.0000","1453.0000","1452.0000","1455.0000","1440.0000","1453.0000","1423.0000","1455.0000","1421.0000","1453.0000"," ","0.0000","0.0000","12000","17321000","1443.4167"
"20201214","01","12","    38450","JP3105080000","151.0000","153.0000","150.0000","152.0000","152.0000","153.0000","151.0000","153.0000","151.0000","153.0000","150.0000","153.0000"," ","0.0000","0.0000","113700","17275600","151.9402"
"20201214","01","12","    38470","JP3781340009","2973.0000","2973.0000","2973.0000","2973.0000","0.0000","0.0000","0.0000","0.0000","2973.0000","2973.0000","2973.0000","2973.0000"," ","0.0000","0.0000","100","297300","2973.0000"
"20201214","01","12","    38480","JP3548450000","1600.0000","1620.0000","1530.0000","1569.0000","1544.0000","1557.0000","1541.0000","1557.0000","1600.0000","1620.0000","1530.0000","1557.0000"," ","0.0000","0.0000","6400","10167300","1588.6406"
"20201214","01","12","    38500","JP3165830005","3300.0000","3350.0000","3220.0000","3330.0000","3310.0000","3325.0000","3235.0000","3235.0000","3300.0000","3350.0000","3220.0000","3235.0000"," ","0.0000","0.0000","51600","170029000","3295.1357"
"20201214","01","12","    38510","JP3687000004","1230.0000","1314.0000","1230.0000","1298.0000","1298.0000","1317.0000","1291.0000","1316.0000","1230.0000","1317.0000","1230.0000","1316.0000"," ","0.0000","0.0000","55900","72071800","1289.2987"
"20201214","01","12","    38560","JP3969530009","2334.0000","2565.0000","2267.0000","2495.0000","2525.0000","2525.0000","2310.0000","2376.0000","2334.0000","2565.0000","2267.0000","2376.0000"," ","0.0000","0.0000","773100","1883912500","2436.8290"
"20201214","01","12","    38570","JP3967900006","1068.0000","1075.0000","1062.0000","1074.0000","1070.0000","1076.0000","1065.0000","1071.0000","1068.0000","1076.0000","1062.0000","1071.0000"," ","0.0000","0.0000","103900","111229000","1070.5390"
"20201214","01","12","    38580","JP3952840001","747.0000","771.0000","745.0000","757.0000","759.0000","759.0000","752.0000","755.0000","747.0000","771.0000","745.0000","755.0000"," ","0.0000","0.0000","117700","89123900","757.2124"
"20201214","01","12","    38910","JP3707000000","2585.0000","2713.0000","2547.0000","2683.0000","2701.0000","2714.0000","2672.0000","2683.0000","2585.0000","2714.0000","2547.0000","2683.0000"," ","0.0000","0.0000","534600","1425977100","2667.3721"
"20201214","01","12","    38920","JP3193900002","912.0000","912.0000","912.0000","912.0000","910.0000","910.0000","904.0000","906.0000","912.0000","912.0000","904.0000","906.0000"," ","0.0000","0.0000","1200","1088100","906.7500"
"20201214","01","12","    38950","JP3770250003","550.0000","555.0000","534.0000","542.0000","542.0000","544.0000","540.0000","540.0000","550.0000","555.0000","534.0000","540.0000"," ","0.0000","0.0000","87000","47339900","544.1368"
"20201214","01","12","    39000","JP3267900003","1220.0000","1240.0000","1215.0000","1234.0000","1235.0000","1249.0000","1230.0000","1239.0000","1220.0000","1249.0000","1215.0000","1239.0000"," ","0.0000","0.0000","40400","49785500","1232.3144"
"20201214","01","12","    39040","JP3220100006","860.0000","862.0000","842.0000","853.0000","852.0000","854.0000","847.0000","847.0000","860.0000","862.0000","842.0000","847.0000"," ","0.0000","0.0000","26300","22411700","852.1559"
"20201214","01","12","    39050","JP3548480007","491.0000","496.0000","489.0000","493.0000","493.0000","495.0000","491.0000","491.0000","491.0000","496.0000","489.0000","491.0000"," ","0.0000","0.0000","34400","16943400","492.5407"
"20201214","01","12","    39060","JP3126460009","6740.0000","6780.0000","6620.0000","6630.0000","6630.0000","6710.0000","6610.0000","6620.0000","6740.0000","6780.0000","6610.0000","6620.0000"," ","0.0000","0.0000","30100","201178000","6683.6545"
"20201214","01","12","    39070","JP3369550003","1260.0000","1316.0000","1249.0000","1316.0000","1311.0000","1319.0000","1269.0000","1269.0000","1260.0000","1319.0000","1249.0000","1269.0000"," ","0.0000","0.0000","30200","38838200","1286.0331"
"20201214","01","12","    39080","JP3305890000","693.0000","695.0000","690.0000","695.0000","689.0000","691.0000","683.0000","683.0000","693.0000","695.0000","683.0000","683.0000"," ","0.0000","0.0000","2900","1996200","688.3448"
"20201214","01","12","    39100","JP3167410004","810.0000","824.0000","807.0000","818.0000","812.0000","818.0000","810.0000","810.0000","810.0000","824.0000","807.0000","810.0000"," ","0.0000","0.0000","19300","15733200","815.1917"
"20201214","01","12","    39110","JP3161050004","458.0000","458.0000","453.0000","455.0000","454.0000","455.0000","451.0000","453.0000","458.0000","458.0000","451.0000","453.0000"," ","0.0000","0.0000","485200","220492200","454.4357"
"20201214","01","12","    39130","JP3163950003","1136.0000","1161.0000","1124.0000","1144.0000","1125.0000","1142.0000","1110.0000","1118.0000","1136.0000","1161.0000","1110.0000","1118.0000"," ","0.0000","0.0000","13200","15006400","1136.8485"
"20201214","01","12","    39140","JP3386560001","8600.0000","8660.0000","8430.0000","8460.0000","8430.0000","8650.0000","8350.0000","8600.0000","8600.0000","8660.0000","8350.0000","8600.0000"," ","0.0000","0.0000","134000","1140671000","8512.4701"
"20201214","01","12","    39170","JP3105190007","1212.0000","1236.0000","1204.0000","1231.0000","1234.0000","1245.0000","1225.0000","1230.0000","1212.0000","1245.0000","1204.0000","1230.0000"," ","0.0000","0.0000","42400","52047300","1227.5307"
"20201214","01","12","    39230","JP3967170006","2225.0000","2255.0000","2214.0000","2240.0000","2238.0000","2250.0000","2223.0000","2246.0000","2225.0000","2255.0000","2214.0000","2246.0000"," ","0.0000","0.0000","567400","1268050900","2234.8447"
"20201214","01","12","    39270","JP3100110000","1025.0000","1036.0000","1006.0000","1020.0000","1025.0000","1026.0000","1007.0000","1009.0000","1025.0000","1036.0000","1006.0000","1009.0000"," ","0.0000","0.0000","61200","62399500","1019.5997"
"20201214","01","12","    39290","JP3431100001","825.0000","840.0000","819.0000","832.0000","832.0000","844.0000","832.0000","840.0000","825.0000","844.0000","819.0000","840.0000"," ","0.0000","0.0000","47300","39443000","833.8901"
"20201214","01","12","    39300","JP3769650007","1515.0000","1528.0000","1510.0000","1523.0000","1516.0000","1522.0000","1511.0000","1515.0000","1515.0000","1528.0000","1510.0000","1515.0000"," ","0.0000","0.0000","15700","23823000","1517.3885"
"20201214","01","12","    39310","JP3778430003","2070.0000","2088.0000","2046.0000","2080.0000","2080.0000","2147.0000","2050.0000","2123.0000","2070.0000","2147.0000","2046.0000","2123.0000"," ","0.0000","0.0000","19800","41474200","2094.6566"
"20201214","01","12","    39330","JP3507650004","1645.0000","1694.0000","1635.0000","1678.0000","1682.0000","1683.0000","1661.0000","1675.0000","1645.0000","1694.0000","1635.0000","1675.0000"," ","0.0000","0.0000","80500","134386500","1669.3975"
"20201214","01","12","    39350","JP3164460002","552.0000","594.0000","530.0000","570.0000","568.0000","575.0000","549.0000","552.0000","552.0000","594.0000","530.0000","552.0000"," ","0.0000","0.0000","1807200","1023068800","566.1071"
"20201214","01","12","    39360","JP3274310006","1607.0000","1648.0000","1607.0000","1616.0000","1630.0000","1663.0000","1618.0000","1626.0000","1607.0000","1663.0000","1607.0000","1626.0000"," ","0.0000","0.0000","2900","4720200","1627.6552"
"20201214","01","12","    39440","JP3828800007","2610.0000","2610.0000","2610.0000","2610.0000","2600.0000","2609.0000","2600.0000","2609.0000","2610.0000","2610.0000","2600.0000","2609.0000"," ","0.0000","0.0000","500","1302900","2605.8000"
"20201214","01","12","    39450","JP3395400009","1148.0000","1148.0000","1148.0000","1148.0000","1155.0000","1155.0000","1155.0000","1155.0000","1148.0000","1155.0000","1148.0000","1155.0000"," ","0.0000","0.0000","300","345100","1150.3333"
"20201214","01","12","    39470","JP3494200003","1425.0000","1425.0000","1405.0000","1418.0000","0.0000","0.0000","0.0000","0.0000","1425.0000","1425.0000","1405.0000","1418.0000"," ","0.0000","0.0000","600","848400","1414.0000"
"20201214","01","12","    39480","JP3783450004","462.0000","465.0000","460.0000","461.0000","461.0000","470.0000","460.0000","470.0000","462.0000","470.0000","460.0000","470.0000"," ","0.0000","0.0000","15400","7160800","464.9870"
"20201214","01","12","    39510","JP3110600008","989.0000","989.0000","978.0000","982.0000","980.0000","998.0000","980.0000","995.0000","989.0000","998.0000","978.0000","995.0000"," ","0.0000","0.0000","9400","9274000","986.5957"
"20201214","01","12","    39530","JP3190450001","588.0000","588.0000","582.0000","582.0000","582.0000","583.0000","582.0000","582.0000","588.0000","588.0000","582.0000","582.0000"," ","0.0000","0.0000","2900","1692900","583.7586"
"20201214","01","12","    39540","JP3368600007","0.0000","0.0000","0.0000","0.0000","1823.0000","1823.0000","1823.0000","1823.0000","1823.0000","1823.0000","1823.0000","1823.0000"," ","0.0000","0.0000","100","182300","1823.0000"
"20201214","01","12","    39550","JP3149150009","860.0000","861.0000","849.0000","853.0000","856.0000","859.0000","850.0000","850.0000","860.0000","861.0000","849.0000","850.0000"," ","0.0000","0.0000","37700","32206600","854.2865"
"20201214","01","12","    39560","JP3294500008","276.0000","278.0000","276.0000","278.0000","275.0000","277.0000","274.0000","275.0000","276.0000","278.0000","274.0000","275.0000"," ","0.0000","0.0000","8900","2452300","275.5393"
"20201214","01","12","    39600","JP3778440002","3195.0000","3240.0000","3185.0000","3200.0000","3205.0000","3215.0000","3200.0000","3205.0000","3195.0000","3240.0000","3185.0000","3205.0000"," ","0.0000","0.0000","6600","21144500","3203.7121"
"20201214","01","12","    39610","JP3369580000","1896.0000","1918.0000","1848.0000","1878.0000","1878.0000","1892.0000","1857.0000","1892.0000","1896.0000","1918.0000","1848.0000","1892.0000"," ","0.0000","0.0000","19400","36450400","1878.8866"
"20201214","01","12","    39650","JP3244420000","947.0000","960.0000","945.0000","954.0000","953.0000","968.0000","953.0000","962.0000","947.0000","968.0000","945.0000","962.0000"," ","0.0000","0.0000","21400","20441700","955.2196"
"20201214","01","12","    39660","JP3944390008","3610.0000","3610.0000","3470.0000","3515.0000","3525.0000","3525.0000","3480.0000","3490.0000","3610.0000","3610.0000","3470.0000","3490.0000"," ","0.0000","0.0000","134400","471675000","3509.4866"
"20201214","01","12","    39670","JP3167700008","1162.0000","1179.0000","1158.0000","1171.0000","1171.0000","1177.0000","1163.0000","1175.0000","1162.0000","1179.0000","1158.0000","1175.0000"," ","0.0000","0.0000","16200","18930900","1168.5741"
"20201214","01","12","    39700","JP3147900009","3395.0000","3460.0000","3305.0000","3390.0000","3380.0000","3390.0000","3340.0000","3375.0000","3395.0000","3460.0000","3305.0000","3375.0000"," ","0.0000","0.0000","39400","133375000","3385.1523"
"20201214","01","12","    39740","JP3544970001","1294.0000","1306.0000","1294.0000","1300.0000","1294.0000","1294.0000","1286.0000","1286.0000","1294.0000","1306.0000","1286.0000","1286.0000"," ","0.0000","0.0000","1600","2069200","1293.2500"
"20201214","01","12","    39760","JP3359750001","2796.0000","2835.0000","2670.0000","2710.0000","2698.0000","2708.0000","2537.0000","2587.0000","2796.0000","2835.0000","2537.0000","2587.0000"," ","0.0000","0.0000","98600","263115700","2668.5162"
"20201214","01","12","    39790","JP3159920002","2832.0000","2865.0000","2819.0000","2854.0000","2813.0000","2854.0000","2805.0000","2820.0000","2832.0000","2865.0000","2805.0000","2820.0000"," ","0.0000","0.0000","9400","26607600","2830.5957"
"20201214","01","12","    39860","JP3799760008","1340.0000","1356.0000","1340.0000","1348.0000","1345.0000","1365.0000","1345.0000","1360.0000","1340.0000","1365.0000","1340.0000","1360.0000"," ","0.0000","0.0000","1400","1892600","1351.8571"
"20201214","01","12","    39870","JP3161290006","870.0000","900.0000","860.0000","894.0000","888.0000","898.0000","888.0000","898.0000","870.0000","900.0000","860.0000","898.0000"," ","0.0000","0.0000","25700","22701500","883.3268"
"20201214","01","12","    39880","JP3164200002","1335.0000","1335.0000","1308.0000","1315.0000","1316.0000","1342.0000","1316.0000","1342.0000","1335.0000","1342.0000","1308.0000","1342.0000"," ","0.0000","0.0000","7200","9541800","1325.2500"
"20201214","01","12","    39890","JP3347190005","255.0000","262.0000","248.0000","262.0000","263.0000","275.0000","262.0000","270.0000","255.0000","275.0000","248.0000","270.0000"," ","0.0000","0.0000","782800","206137000","263.3329"
"20201214","01","12","    39900","JP3154080000","1730.0000","1745.0000","1725.0000","1738.0000","1735.0000","1745.0000","1731.0000","1741.0000","1730.0000","1745.0000","1725.0000","1741.0000"," ","0.0000","0.0000","107200","186209200","1737.0261"
"20201214","01","12","    39910","JP3155850005","1190.0000","1197.0000","1181.0000","1197.0000","1190.0000","1196.0000","1175.0000","1175.0000","1190.0000","1197.0000","1175.0000","1175.0000"," ","0.0000","0.0000","5300","6288500","1186.5094"
"20201214","01","12","    39930","JP3780050005","2268.0000","2305.0000","2248.0000","2283.0000","2283.0000","2286.0000","2259.0000","2277.0000","2268.0000","2305.0000","2248.0000","2277.0000"," ","0.0000","0.0000","163300","372356100","2280.1966"
"20201214","01","12","    39940","JP3869960009","4455.0000","4495.0000","4385.0000","4415.0000","4415.0000","4415.0000","4330.0000","4370.0000","4455.0000","4495.0000","4330.0000","4370.0000"," ","0.0000","0.0000","230200","1009173500","4383.8988"
"20201214","01","12","    39950","JP3396650008","685.0000","702.0000","639.0000","656.0000","656.0000","670.0000","646.0000","665.0000","685.0000","702.0000","639.0000","665.0000"," ","0.0000","0.0000","747300","496127400","663.8932"
"20201214","01","12","    39970","JP3637220009","770.0000","794.0000","770.0000","792.0000","784.0000","798.0000","783.0000","798.0000","770.0000","798.0000","770.0000","798.0000"," ","0.0000","0.0000","14000","10914600","779.6143"
"20201214","01","12","    39980","JP3410450005","5980.0000","5990.0000","5840.0000","5960.0000","5930.0000","6080.0000","5870.0000","5950.0000","5980.0000","6080.0000","5840.0000","5950.0000"," ","0.0000","0.0000","139700","832160000","5956.7645"
"20201214","01","12","    39990","JP3652100003","949.0000","949.0000","931.0000","939.0000","945.0000","1010.0000","940.0000","950.0000","949.0000","1010.0000","931.0000","950.0000"," ","0.0000","0.0000","24800","24016000","968.3871"
"20201214","01","12","    40110","JP3835050000","13000.0000","13400.0000","12740.0000","13100.0000","13050.0000","13840.0000","13050.0000","13630.0000","13000.0000","13840.0000","12740.0000","13630.0000"," ","0.0000","0.0000","39600","528492000","13345.7576"
"20201214","01","12","    40120","JP3108210000","3940.0000","4075.0000","3930.0000","4025.0000","4030.0000","4235.0000","4030.0000","4225.0000","3940.0000","4235.0000","3930.0000","4225.0000"," ","0.0000","0.0000","59600","244510500","4102.5252"
"20201214","01","12","    40130","JP3680630005","3160.0000","3245.0000","3000.0000","3070.0000","3075.0000","3105.0000","3060.0000","3060.0000","3160.0000","3245.0000","3000.0000","3060.0000"," ","0.0000","0.0000","77300","238891000","3090.4398"
"20201214","01","12","    40140","JP3220270007","0.0000","0.0000","0.0000","0.0000","2020.0000","2020.0000","2020.0000","2020.0000","2020.0000","2020.0000","2020.0000","2020.0000"," ","0.0000","0.0000","78600","158772000","2020.0000"
"20201214","01","12","    40150","JP3125700009","2295.0000","2400.0000","2241.0000","2366.0000","2378.0000","2575.0000","2358.0000","2513.0000","2295.0000","2575.0000","2241.0000","2513.0000"," ","0.0000","0.0000","846100","2067195100","2443.2042"
"20201214","01","12","    40160","JP3895150005","1963.0000","2064.0000","1934.0000","1967.0000","1991.0000","2058.0000","1960.0000","2048.0000","1963.0000","2064.0000","1934.0000","2048.0000"," ","0.0000","0.0000","213700","429849500","2011.4623"
"20201214","01","12","    40170","JP3269770008","4905.0000","4945.0000","4840.0000","4890.0000","4875.0000","4930.0000","4875.0000","4900.0000","4905.0000","4945.0000","4840.0000","4900.0000"," ","0.0000","0.0000","28200","138075500","4896.2943"
"20201214","01","12","    40180","JP3386740009","0.0000","0.0000","0.0000","0.0000","0.0000","0.0000","0.0000","0.0000","0.0000","0.0000","0.0000","0.0000"," ","0.0000","0.0000","0","0","0.0000"
"20201214","01","12","    40260","JP3289000006","1225.0000","1265.0000","1180.0000","1256.0000","1256.0000","1256.0000","1192.0000","1208.0000","1225.0000","1265.0000","1180.0000","1208.0000"," ","0.0000","0.0000","238700","293246200","1228.5136"
"20201214","01","12","    40510","JP3386710002","16880.0000","17330.0000","16410.0000","16960.0000","16960.0000","16960.0000","16510.0000","16540.0000","16880.0000","17330.0000","16410.0000","16540.0000"," ","0.0000","0.0000","45200","761483000","16846.9690"
"20201214","01","12","    40520","JP3803080005","1706.0000","1745.0000","1695.0000","1745.0000","1742.0000","1780.0000","1735.0000","1772.0000","1706.0000","1780.0000","1695.0000","1772.0000"," ","0.0000","0.0000","28200","49014900","1738.1170"
"20201214","01","12","    40530","JP3323800007","2678.0000","2678.0000","2621.0000","2636.0000","2630.0000","2640.0000","2609.0000","2624.0000","2678.0000","2678.0000","2609.0000","2624.0000"," ","0.0000","0.0000","125000","329138000","2633.1040"
"20201214","01","12","    40540","JP3718700002","3235.0000","3350.0000","3200.0000","3245.0000","3260.0000","3310.0000","3240.0000","3295.0000","3235.0000","3350.0000","3200.0000","3295.0000"," ","0.0000","0.0000","185900","609055500","3276.2534"
"20201214","01","12","    40550","JP3539210009","7100.0000","7290.0000","7010.0000","7080.0000","7100.0000","7210.0000","7030.0000","7050.0000","7100.0000","7290.0000","7010.0000","7050.0000"," ","0.0000","0.0000","69000","491538000","7123.7391"
"20201214","01","12","    40560","JP3756370007","4240.0000","4595.0000","4175.0000","4375.0000","4400.0000","4485.0000","4285.0000","4350.0000","4240.0000","4595.0000","4175.0000","4350.0000"," ","0.0000","0.0000","506600","2236087500","4413.9114"
"20201214","01","12","    40570","JP3152710004","3085.0000","3225.0000","3035.0000","3200.0000","3200.0000","3225.0000","3160.0000","3210.0000","3085.0000","3225.0000","3035.0000","3210.0000"," ","0.0000","0.0000","39000","123443000","3165.2051"
"20201214","01","12","    40580","JP3632650002","5650.0000","5780.0000","5560.0000","5750.0000","5790.0000","5800.0000","5610.0000","5770.0000","5650.0000","5800.0000","5560.0000","5770.0000"," ","0.0000","0.0000","42000","239327000","5698.2619"
"20201214","01","12","    40590","JP3863060004","1979.0000","2117.0000","1959.0000","2090.0000","2092.0000","2092.0000","2005.0000","2026.0000","1979.0000","2117.0000","1959.0000","2026.0000"," ","0.0000","0.0000","30100","61830700","2054.1761"
"20201214","01","12","    40600","JP3967270004","2380.0000","2380.0000","2324.0000","2379.0000","2380.0000","2380.0000","2362.0000","2380.0000","2380.0000","2380.0000","2324.0000","2380.0000"," ","0.0000","0.0000","624600","1483574900","2375.2400"
"20201214","01","12","    40800","JP3468810001","1302.0000","1520.0000","1302.0000","1452.0000","1468.0000","1476.0000","1395.0000","1414.0000","1302.0000","1520.0000","1302.0000","1414.0000"," ","0.0000","0.0000","4034300","5743816600","1423.7455"
"20201214","01","12","    40940","JP3692000007","1163.0000","1184.0000","1121.0000","1158.0000","1160.0000","1172.0000","1150.0000","1167.0000","1163.0000","1184.0000","1121.0000","1167.0000"," ","0.0000","0.0000","35400","41131200","1161.8983"
"20201214","01","12","    41020","JP3872800002","0.0000","0.0000","0.0000","0.0000","1385.0000","1390.0000","1385.0000","1390.0000","1385.0000","1390.0000","1385.0000","1390.0000"," ","0.0000","0.0000","2400","3335000","1389.5833"
"20201214","01","12","    41070","JP3139300002","3135.0000","3180.0000","3135.0000","3175.0000","3175.0000","3175.0000","3155.0000","3170.0000","3135.0000","3180.0000","3135.0000","3170.0000"," ","0.0000","0.0000","3600","11404000","3167.7778"
"20201214","01","12","    41130","JP3452400009","13490.0000","13820.0000","13430.0000","13700.0000","13740.0000","13850.0000","13690.0000","13780.0000","13490.0000","13850.0000","13430.0000","13780.0000"," ","0.0000","0.0000","16700","229714000","13755.3293"
"20201214","01","12","    41150","JP3853400004","1798.0000","1803.0000","1798.0000","1802.0000","1803.0000","1803.0000","1801.0000","1801.0000","1798.0000","1803.0000","1798.0000","1801.0000"," ","0.0000","0.0000","19700","35454800","1799.7360"
"20201214","01","12","    41190","JP3747000002","1718.0000","1729.0000","1718.0000","1719.0000","1719.0000","1730.0000","1719.0000","1730.0000","1718.0000","1730.0000","1718.0000","1730.0000"," ","0.0000","0.0000","700","1206100","1723.0000"
"20201214","01","12","    41200","JP3396600003","1419.0000","1433.0000","1419.0000","1430.0000","1433.0000","1445.0000","1433.0000","1440.0000","1419.0000","1445.0000","1419.0000","1440.0000"," ","0.0000","0.0000","4100","5861800","1429.7073"
"20201214","01","12","    41240","JP3187100007","1070.0000","1078.0000","1070.0000","1078.0000","1070.0000","1070.0000","1070.0000","1070.0000","1070.0000","1078.0000","1070.0000","1070.0000"," ","0.0000","0.0000","1500","1606400","1070.9333"
"20201214","01","12","    42220","JP3299000004","424.0000","497.0000","424.0000","496.0000","493.0000","497.0000","486.0000","497.0000","424.0000","497.0000","424.0000","497.0000"," ","0.0000","0.0000","513900","250056400","486.5857"
"20201214","01","12","    42240","JP3985200009","1538.0000","1544.0000","1536.0000","1538.0000","1537.0000","1555.0000","1529.0000","1529.0000","1538.0000","1555.0000","1529.0000","1529.0000"," ","0.0000","0.0000","6200","9543000","1539.1935"
"20201214","01","12","    42340","JP3324600000","523.0000","526.0000","522.0000","523.0000","523.0000","527.0000","523.0000","527.0000","523.0000","527.0000","522.0000","527.0000"," ","0.0000","0.0000","5000","2620800","524.1600"
"20201214","01","12","    42350","JP3473600009","849.0000","849.0000","846.0000","849.0000","846.0000","862.0000","843.0000","856.0000","849.0000","862.0000","843.0000","856.0000"," ","0.0000","0.0000","5800","4926800","849.4483"
"20201214","01","12","    42370","JP3820720005","342.0000","371.0000","340.0000","369.0000","369.0000","390.0000","366.0000","380.0000","342.0000","390.0000","340.0000","380.0000"," ","0.0000","0.0000","441600","161480800","365.6721"
"20201214","01","12","    42400","JP3268810003","416.0000","416.0000","401.0000","415.0000","414.0000","414.0000","406.0000","406.0000","416.0000","416.0000","401.0000","406.0000"," ","0.0000","0.0000","32100","13111000","408.4424"
"20201214","01","12","    42410","JP3121300002","956.0000","965.0000","940.0000","950.0000","953.0000","955.0000","945.0000","945.0000","956.0000","965.0000","940.0000","945.0000"," ","0.0000","0.0000","8100","7695500","950.0617"
"20201214","01","12","    42420","JP3453900007","2317.0000","2320.0000","2273.0000","2320.0000","2283.0000","2320.0000","2283.0000","2320.0000","2317.0000","2320.0000","2273.0000","2320.0000"," ","0.0000","0.0000","10400","23963000","2304.1346"
"20201214","01","12","    42430","JP3668300001","804.0000","810.0000","783.0000","805.0000","805.0000","805.0000","784.0000","784.0000","804.0000","810.0000","783.0000","784.0000"," ","0.0000","0.0000","11200","8881500","792.9911"
"20201214","01","12","    42500","JP3829500002","0.0000","0.0000","0.0000","0.0000","0.0000","0.0000","0.0000","0.0000","0.0000","0.0000","0.0000","0.0000"," ","0.0000","0.0000","0","0","0.0000"
"20201214","01","12","    42510","JP3281610000","2088.0000","2209.0000","2086.0000","2175.0000","2151.0000","2171.0000","2147.0000","2152.0000","2088.0000","2209.0000","2086.0000","2152.0000"," ","0.0000","0.0000","139900","302323300","2160.9957"
"20201214","01","12","    42740","JP3846200008","1180.0000","1237.0000","1153.0000","1217.0000","1224.0000","1250.0000","1210.0000","1233.0000","1180.0000","1250.0000","1153.0000","1233.0000"," ","0.0000","0.0000","262300","317975800","1212.2600"
"20201214","01","12","    42870","JP3388470001","383.0000","401.0000","382.0000","391.0000","391.0000","392.0000","384.0000","389.0000","383.0000","401.0000","382.0000","389.0000"," ","0.0000","0.0000","46700","18296400","391.7859"
"20201214","01","12","    42880","JP3119910002","1140.0000","1147.0000","1111.0000","1140.0000","1141.0000","1142.0000","1130.0000","1130.0000","1140.0000","1147.0000","1111.0000","1130.0000"," ","0.0000","0.0000","20900","23799700","1138.7416"
"20201214","01","12","    42930","JP3423300007","430.0000","432.0000","415.0000","416.0000","419.0000","422.0000","417.0000","418.0000","430.0000","432.0000","415.0000","418.0000"," ","0.0000","0.0000","1023500","431898300","421.9817"
"20201214","01","12","    43040","JP3130500006","2618.0000","2631.0000","2481.0000","2551.0000","2560.0000","2682.0000","2560.0000","2661.0000","2618.0000","2682.0000","2481.0000","2661.0000"," ","0.0000","0.0000","65700","169183900","2575.0974"
"20201214","01","12","    43080","JP3386170009","5410.0000","5630.0000","5360.0000","5460.0000","5460.0000","5490.0000","5350.0000","5410.0000","5410.0000","5630.0000","5350.0000","5410.0000"," ","0.0000","0.0000","512600","2803203000","5468.5973"
"20201214","01","12","    43160","JP3799750009","628.0000","635.0000","627.0000","632.0000","630.0000","648.0000","626.0000","645.0000","628.0000","648.0000","626.0000","645.0000"," ","0.0000","0.0000","25800","16425900","636.6628"
"20201214","01","12","    43170","JP3979230004","332.0000","338.0000","327.0000","334.0000","334.0000","336.0000","331.0000","331.0000","332.0000","338.0000","327.0000","331.0000"," ","0.0000","0.0000","30900","10251200","331.7540"
"20201214","01","12","    43270","JP3688320005","2530.0000","2540.0000","2513.0000","2540.0000","2540.0000","2545.0000","2539.0000","2541.0000","2530.0000","2545.0000","2513.0000","2541.0000"," ","0.0000","0.0000","25000","63262100","2530.4840"
"20201214","01","12","    43340","JP3944350002","362.0000","362.0000","358.0000","360.0000","359.0000","360.0000","358.0000","358.0000","362.0000","362.0000","358.0000","358.0000"," ","0.0000","0.0000","16800","6044900","359.8155"
"20201214","01","12","    43350","JP3104980002","1020.0000","1067.0000","1014.0000","1064.0000","1064.0000","1069.0000","1040.0000","1058.0000","1020.0000","1069.0000","1014.0000","1058.0000"," ","0.0000","0.0000","90300","94578300","1047.3787"
"20201214","01","12","    43360","JP3269830000","538.0000","546.0000","538.0000","541.0000","539.0000","544.0000","537.0000","544.0000","538.0000","546.0000","537.0000","544.0000"," ","0.0000","0.0000","1800","973800","541.0000"
"20201214","01","12","    43410","JP3418100008","881.0000","891.0000","881.0000","887.0000","889.0000","890.0000","889.0000","889.0000","881.0000","891.0000","881.0000","889.0000"," ","0.0000","0.0000","1800","1600000","888.8889"
"20201214","01","12","    43420","JP3421850003","3440.0000","3440.0000","3370.0000","3405.0000","3385.0000","3400.0000","3375.0000","3380.0000","3440.0000","3440.0000","3370.0000","3380.0000"," ","0.0000","0.0000","12300","42006500","3415.1626"
"20201214","01","12","    43470","JP3268830001","88.0000","90.0000","88.0000","89.0000","89.0000","90.0000","89.0000","89.0000","88.0000","90.0000","88.0000","89.0000"," ","0.0000","0.0000","982500","87220300","88.7738"
"20201214","01","12","    43510","JP3938900002","660.0000","670.0000","657.0000","670.0000","670.0000","670.0000","661.0000","668.0000","660.0000","670.0000","657.0000","668.0000"," ","0.0000","0.0000","4600","3059300","665.0652"
"20201214","01","12","    43550","JP3756070003","246.0000","249.0000","245.0000","248.0000","248.0000","251.0000","247.0000","251.0000","246.0000","251.0000","245.0000","251.0000"," ","0.0000","0.0000","62300","15475000","248.3949"
"20201214","01","12","    43560","JP3174500003","2877.0000","2877.0000","2840.0000","2873.0000","2872.0000","2872.0000","2830.0000","2841.0000","2877.0000","2877.0000","2830.0000","2841.0000"," ","0.0000","0.0000","1900","5424600","2855.0526"
"20201214","01","12","    43610","JP3222600003","955.0000","955.0000","950.0000","952.0000","0.0000","0.0000","0.0000","0.0000","955.0000","955.0000","950.0000","952.0000"," ","0.0000","0.0000","1400","1333200","952.2857"
"20201214","01","12","    43640","JP3869900005","1020.0000","1029.0000","1019.0000","1023.0000","1025.0000","1033.0000","1019.0000","1022.0000","1020.0000","1033.0000","1019.0000","1022.0000"," ","0.0000","0.0000","19200","19648600","1023.3646"
"20201214","01","12","    43650","JP3869100002","9840.0000","9840.0000","9840.0000","9840.0000","0.0000","0.0000","0.0000","0.0000","9840.0000","9840.0000","9840.0000","9840.0000"," ","0.0000","0.0000","100","984000","9840.0000"
"20201214","01","12","    43660","JP3486500006","951.0000","1016.0000","950.0000","1004.0000","1000.0000","1008.0000","985.0000","992.0000","951.0000","1016.0000","950.0000","992.0000"," ","0.0000","0.0000","196900","195752200","994.1706"
"20201214","01","12","    43670","JP3286100007","3055.0000","3140.0000","3050.0000","3095.0000","3095.0000","3105.0000","3080.0000","3090.0000","3055.0000","3140.0000","3050.0000","3090.0000"," ","0.0000","0.0000","28700","88566500","3085.9408"
"20201214","01","12","    43800","JP3167490006","1169.0000","1178.0000","1120.0000","1153.0000","1153.0000","1169.0000","1136.0000","1154.0000","1169.0000","1178.0000","1120.0000","1154.0000"," ","0.0000","0.0000","42900","49634500","1156.9814"
"20201214","01","12","    43810","JP3799780006","2597.0000","2709.0000","2592.0000","2668.0000","2665.0000","2754.0000","2665.0000","2719.0000","2597.0000","2754.0000","2592.0000","2719.0000"," ","0.0000","0.0000","36700","98028600","2671.0790"
"20201214","01","12","    43830","JP3800420006","0.0000","0.0000","0.0000","0.0000","0.0000","0.0000","0.0000","0.0000","0.0000","0.0000","0.0000","0.0000"," ","0.0000","0.0000","0","0","0.0000"
"20201214","01","12","    43850","JP3921290007","4415.0000","4415.0000","4275.0000","4305.0000","4290.0000","4310.0000","4280.0000","4300.0000","4415.0000","4415.0000","4275.0000","4300.0000"," ","0.0000","0.0000","1088900","4696101500","4312.7023"
"20201214","01","12","    43860","JP3161590009","980.0000","1000.0000","975.0000","990.0000","985.0000","993.0000","971.0000","983.0000","980.0000","1000.0000","971.0000","983.0000"," ","0.0000","0.0000","58600","57716100","984.9164"
"20201214","01","12","    43870","JP3411810009","2542.0000","2550.0000","2455.0000","2550.0000","2550.0000","2637.0000","2550.0000","2590.0000","2542.0000","2637.0000","2455.0000","2590.0000"," ","0.0000","0.0000","62100","158225600","2547.9163"
"20201214","01","12","    43880","JP3160020008","2320.0000","2378.0000","2297.0000","2355.0000","2360.0000","2370.0000","2342.0000","2368.0000","2320.0000","2378.0000","2297.0000","2368.0000"," ","0.0000","0.0000","66600","156651400","2352.1231"
"20201214","01","12","    43890","JP3833820008","1847.0000","1852.0000","1790.0000","1841.0000","1845.0000","1847.0000","1822.0000","1823.0000","1847.0000","1852.0000","1790.0000","1823.0000"," ","0.0000","0.0000","46900","85836900","1830.2111"
"20201214","01","12","    43900","JP3104910009","2092.0000","2100.0000","2070.0000","2078.0000","2078.0000","2079.0000","2062.0000","2064.0000","2092.0000","2100.0000","2062.0000","2064.0000"," ","0.0000","0.0000","46200","95934900","2076.5130"
"20201214","01","12","    43910","JP3984140008","1789.0000","1804.0000","1750.0000","1770.0000","1770.0000","1806.0000","1761.0000","1802.0000","1789.0000","1806.0000","1750.0000","1802.0000"," ","0.0000","0.0000","40600","72317900","1781.2291"
"20201214","01","12","    43930","JP3778460000","2965.0000","2999.0000","2890.0000","2976.0000","2947.0000","2976.0000","2921.0000","2932.0000","2965.0000","2999.0000","2890.0000","2932.0000"," ","0.0000","0.0000","125600","369453400","2941.5080"
"20201214","01","12","    43940","JP3161310002","1675.0000","1749.0000","1602.0000","1690.0000","1681.0000","1699.0000","1604.0000","1611.0000","1675.0000","1749.0000","1602.0000","1611.0000"," ","0.0000","0.0000","70200","117080400","1667.8120"
"20201214","01","12","    43950","JP3108180005","1517.0000","1613.0000","1501.0000","1595.0000","1600.0000","1649.0000","1580.0000","1588.0000","1517.0000","1649.0000","1501.0000","1588.0000"," ","0.0000","0.0000","200000","317975300","1589.8765"
"20201214","01","12","    43970","JP3507200008","2260.0000","2312.0000","2224.0000","2298.0000","2297.0000","2330.0000","2285.0000","2312.0000","2260.0000","2330.0000","2224.0000","2312.0000"," ","0.0000","0.0000","133800","306438400","2290.2720"
"20201214","01","12","    43980","JP3831470004","2228.0000","2270.0000","2228.0000","2244.0000","2250.0000","2279.0000","2231.0000","2264.0000","2228.0000","2279.0000","2228.0000","2264.0000"," ","0.0000","0.0000","23800","53569300","2250.8109"
"20201214","01","12","    43990","JP3266300007","815.0000","820.0000","794.0000","806.0000","806.0000","807.0000","790.0000","790.0000","815.0000","820.0000","790.0000","790.0000"," ","0.0000","0.0000","27300","21954000","804.1758"
"20201214","01","12","    44090","JP3599800004","450.0000","453.0000","448.0000","448.0000","449.0000","451.0000","449.0000","449.0000","450.0000","453.0000","448.0000","449.0000"," ","0.0000","0.0000","10200","4589700","449.9706"
"20201214","01","12","    44210","JP3548810005","2230.0000","2230.0000","2169.0000","2204.0000","2184.0000","2199.0000","2166.0000","2173.0000","2230.0000","2230.0000","2166.0000","2173.0000"," ","0.0000","0.0000","12200","26753100","2192.8770"
"20201214","01","12","    44220","JP3778470009","1355.0000","1412.0000","1355.0000","1383.0000","1400.0000","1410.0000","1360.0000","1410.0000","1355.0000","1412.0000","1355.0000","1410.0000"," ","0.0000","0.0000","12700","17570700","1383.5197"
"20201214","01","12","    44240","JP3124740006","2450.0000","2480.0000","2431.0000","2444.0000","2448.0000","2448.0000","2405.0000","2407.0000","2450.0000","2480.0000","2405.0000","2407.0000"," ","0.0000","0.0000","47200","114848600","2433.2331"
"20201214","01","12","    44250","JP3266220007","3020.0000","3060.0000","3015.0000","3040.0000","3040.0000","3065.0000","3030.0000","3050.0000","3020.0000","3065.0000","3015.0000","3050.0000"," ","0.0000","0.0000","36200","110113000","3041.7956"
"20201214","01","12","    44260","JP3781440007","0.0000","0.0000","0.0000","0.0000","0.0000","0.0000","0.0000","0.0000","0.0000","0.0000","0.0000","0.0000"," ","0.0000","0.0000","0","0","0.0000"
"20201214","01","12","    44280","JP3977010002","1682.0000","1727.0000","1682.0000","1727.0000","1711.0000","1721.0000","1690.0000","1703.0000","1682.0000","1727.0000","1682.0000","1703.0000"," ","0.0000","0.0000","32200","54935200","1706.0621"
"20201214","01","12","    44290","JP3974510004","3720.0000","3885.0000","3700.0000","3885.0000","3885.0000","3960.0000","3870.0000","3960.0000","3720.0000","3960.0000","3700.0000","3960.0000"," ","0.0000","0.0000","36400","140475500","3859.2170"
"20201214","01","12","    44310","JP3400110007","4605.0000","4995.0000","4535.0000","4930.0000","4950.0000","5240.0000","4840.0000","5210.0000","4605.0000","5240.0000","4535.0000","5210.0000"," ","0.0000","0.0000","154700","761915500","4925.1164"
"20201214","01","12","    44340","JP3310250000","4580.0000","4710.0000","4540.0000","4680.0000","4690.0000","4800.0000","4650.0000","4770.0000","4580.0000","4800.0000","4540.0000","4770.0000"," ","0.0000","0.0000","110200","517294000","4694.1379"
"20201214","01","12","    44350","JP3205900008","5160.0000","5250.0000","5060.0000","5100.0000","5080.0000","5100.0000","5050.0000","5060.0000","5160.0000","5250.0000","5050.0000","5060.0000"," ","0.0000","0.0000","28800","147154000","5109.5139"
"20201214","01","12","    44360","JP3911000002","2933.0000","2938.0000","2839.0000","2841.0000","2833.0000","2844.0000","2815.0000","2827.0000","2933.0000","2938.0000","2815.0000","2827.0000"," ","0.0000","0.0000","270200","773692300","2863.4060"
"20201214","01","12","    44370","JP3273760003","1020.0000","1043.0000","1006.0000","1022.0000","1022.0000","1022.0000","1008.0000","1008.0000","1020.0000","1043.0000","1006.0000","1008.0000"," ","0.0000","0.0000","2900","2970100","1024.1724"
"20201214","01","12","    44380","JP3155410008","1395.0000","1420.0000","1395.0000","1420.0000","1416.0000","1421.0000","1401.0000","1401.0000","1395.0000","1421.0000","1395.0000","1401.0000"," ","0.0000","0.0000","8900","12555300","1410.7079"
"20201214","01","12","    44420","JP3778480008","2226.0000","2264.0000","2104.0000","2196.0000","2190.0000","2279.0000","2185.0000","2235.0000","2226.0000","2279.0000","2104.0000","2235.0000"," ","0.0000","0.0000","509000","1114213900","2189.0253"
"20201214","01","12","    44430","JP3332540008","6630.0000","6640.0000","6420.0000","6460.0000","6450.0000","6460.0000","6310.0000","6320.0000","6630.0000","6640.0000","6310.0000","6320.0000"," ","0.0000","0.0000","108200","696125000","6433.6876"
"20201214","01","12","    44440","JP3153490002","1211.0000","1247.0000","1211.0000","1233.0000","1234.0000","1235.0000","1220.0000","1230.0000","1211.0000","1247.0000","1211.0000","1230.0000"," ","0.0000","0.0000","10400","12758300","1226.7596"
"20201214","01","12","    44450","JP3974710000","2553.0000","2553.0000","2512.0000","2522.0000","2522.0000","2540.0000","2522.0000","2533.0000","2553.0000","2553.0000","2512.0000","2533.0000"," ","0.0000","0.0000","3300","8338600","2526.8485"
"20201214","01","12","    44480","JP3512900006","1387.0000","1428.0000","1370.0000","1399.0000","1408.0000","1428.0000","1399.0000","1417.0000","1387.0000","1428.0000","1370.0000","1417.0000"," ","0.0000","0.0000","1223500","1729368600","1413.4602"
"20201214","01","12","    44490","JP3264870001","2760.0000","2826.0000","2724.0000","2813.0000","2815.0000","2880.0000","2810.0000","2840.0000","2760.0000","2880.0000","2724.0000","2840.0000"," ","0.0000","0.0000","285600","805370300","2819.9240"
"20201214","01","12","    44500","JP3782930006","2399.0000","2498.0000","2399.0000","2498.0000","2501.0000","2506.0000","2476.0000","2476.0000","2399.0000","2506.0000","2399.0000","2476.0000"," ","0.0000","0.0000","5700","14122900","2477.7018"
"20201214","01","12","    44640","JP3436030005","1004.0000","1016.0000","998.0000","1010.0000","1010.0000","1010.0000","1003.0000","1007.0000","1004.0000","1016.0000","998.0000","1007.0000"," ","0.0000","0.0000","14800","14903600","1007.0000"
"20201214","01","12","    44750","JP3835150008","7210.0000","7440.0000","7060.0000","7440.0000","7460.0000","7660.0000","7420.0000","7620.0000","7210.0000","7660.0000","7060.0000","7620.0000"," ","0.0000","0.0000","514100","3828052000","7446.1233"
"20201214","01","12","    44760","JP3160030007","1763.0000","1806.0000","1763.0000","1791.0000","1795.0000","1830.0000","1790.0000","1807.0000","1763.0000","1830.0000","1763.0000","1807.0000"," ","0.0000","0.0000","50800","91497800","1801.1378"
"20201214","01","12","    44770","JP3835260005","8930.0000","9000.0000","8560.0000","8600.0000","8600.0000","8610.0000","8380.0000","8500.0000","8930.0000","9000.0000","8380.0000","8500.0000"," ","0.0000","0.0000","1399700","12101825000","8646.0134"
"20201214","01","12","    44780","JP3826520003","9730.0000","10100.0000","9650.0000","10060.0000","10050.0000","10120.0000","9930.0000","9980.0000","9730.0000","10120.0000","9650.0000","9980.0000"," ","0.0000","0.0000","381800","3803011000","9960.7412"
"20201214","01","12","    44790","JP3862920000","8900.0000","8900.0000","8550.0000","8680.0000","8670.0000","8710.0000","8590.0000","8680.0000","8900.0000","8900.0000","8550.0000","8680.0000"," ","0.0000","0.0000","303600","2628492000","8657.7470"
"20201214","01","12","    44800","JP3921310003","4650.0000","4660.0000","4490.0000","4555.0000","4550.0000","4745.0000","4535.0000","4705.0000","4650.0000","4745.0000","4490.0000","4705.0000"," ","0.0000","0.0000","497500","2295677000","4614.4261"
"20201214","01","12","    44810","JP3835210000","6690.0000","6690.0000","6400.0000","6440.0000","6400.0000","6530.0000","6320.0000","6480.0000","6690.0000","6690.0000","6320.0000","6480.0000"," ","0.0000","0.0000","94500","614920000","6507.0899"
"20201214","01","12","    44820","JP3154190007","1108.0000","1135.0000","1100.0000","1127.0000","1131.0000","1152.0000","1123.0000","1152.0000","1108.0000","1152.0000","1100.0000","1152.0000"," ","0.0000","0.0000","76700","86786400","1131.5046"
"20201214","01","12","    44830","JP3386690006","5070.0000","5070.0000","4915.0000","5010.0000","4970.0000","5000.0000","4945.0000","4965.0000","5070.0000","5070.0000","4915.0000","4965.0000"," ","0.0000","0.0000","351400","1751490500","4984.3213"
"20201214","01","12","    44840","JP3968650006","836.0000","844.0000","824.0000","830.0000","830.0000","834.0000","826.0000","827.0000","836.0000","844.0000","824.0000","827.0000"," ","0.0000","0.0000","91900","76450000","831.8825"
"20201214","01","12","    44850","JP3386700003","9500.0000","9730.0000","9350.0000","9720.0000","9700.0000","9830.0000","9660.0000","9820.0000","9500.0000","9830.0000","9350.0000","9820.0000"," ","0.0000","0.0000","378900","3668408000","9681.7313"
"20201214","01","12","    44860","JP3949550002","1400.0000","1421.0000","1382.0000","1408.0000","1388.0000","1415.0000","1388.0000","1415.0000","1400.0000","1421.0000","1382.0000","1415.0000"," ","0.0000","0.0000","30900","43335000","1402.4272"
"20201214","01","12","    44870","JP3400040006","859.0000","859.0000","840.0000","851.0000","851.0000","854.0000","846.0000","853.0000","859.0000","859.0000","840.0000","853.0000"," ","0.0000","0.0000","26500","22538000","850.4906"
"20201214","01","12","    44880","JP3160040006","70200.0000","72600.0000","69600.0000","72400.0000","72700.0000","74000.0000","72400.0000","74000.0000","70200.0000","74000.0000","69600.0000","74000.0000"," ","0.0000","0.0000","111100","8032870000","72303.0603"
"20201214","01","12","    44900","JP3800220000","4150.0000","4235.0000","4105.0000","4185.0000","4200.0000","4215.0000","4085.0000","4130.0000","4150.0000","4235.0000","4085.0000","4130.0000"," ","0.0000","0.0000","154700","642567500","4153.6361"
"20201214","01","12","    44910","JP3306200001","2820.0000","2833.0000","2815.0000","2827.0000","2825.0000","2825.0000","2803.0000","2803.0000","2820.0000","2833.0000","2803.0000","2803.0000"," ","0.0000","0.0000","3700","10411600","2813.9459"
"20201214","01","12","    44920","JP3428000008","2347.0000","2348.0000","2272.0000","2326.0000","2325.0000","2339.0000","2277.0000","2339.0000","2347.0000","2348.0000","2272.0000","2339.0000"," ","0.0000","0.0000","12900","29826400","2312.1240"
"20201214","01","12","    44930","JP3311590008","3825.0000","3930.0000","3825.0000","3890.0000","3890.0000","3890.0000","3775.0000","3805.0000","3825.0000","3930.0000","3775.0000","3805.0000"," ","0.0000","0.0000","131500","507708500","3860.9011"
"20201214","01","12","    44940","JP3778490007","1901.0000","1924.0000","1892.0000","1916.0000","1916.0000","1917.0000","1905.0000","1914.0000","1901.0000","1924.0000","1892.0000","1914.0000"," ","0.0000","0.0000","38200","72959900","1909.9450"
"20201214","01","12","    44950","JP3101050007","5900.0000","6260.0000","5810.0000","6200.0000","6280.0000","6280.0000","6130.0000","6130.0000","5900.0000","6280.0000","5810.0000","6130.0000"," ","0.0000","0.0000","61100","375804000","6150.6383"
"20201214","01","12","    44960","JP3302400001","6900.0000","7140.0000","6750.0000","6890.0000","6890.0000","6920.0000","6760.0000","6820.0000","6900.0000","7140.0000","6750.0000","6820.0000"," ","0.0000","0.0000","45500","313752000","6895.6484"
"20201214","01","12","    44970","JP3984130009","3240.0000","3345.0000","3215.0000","3325.0000","3290.0000","3335.0000","3200.0000","3250.0000","3240.0000","3345.0000","3200.0000","3250.0000"," ","0.0000","0.0000","50000","163952000","3279.0400"
"20201214","01","12","    44990","JP3400010009","3390.0000","3500.0000","3260.0000","3350.0000","3395.0000","3400.0000","3200.0000","3335.0000","3390.0000","3500.0000","3200.0000","3335.0000"," ","0.0000","0.0000","86500","290970500","3363.8208"
"20201214","01","12","    45240","JP3924400009","1898.0000","1898.0000","1895.0000","1895.0000","1898.0000","1898.0000","1890.0000","1897.0000","1898.0000","1898.0000","1890.0000","1897.0000"," ","0.0000","0.0000","2100","3980100","1895.2857"
"20201214","01","12","    45560","JP3205650009","970.0000","982.0000","969.0000","974.0000","973.0000","983.0000","973.0000","981.0000","970.0000","983.0000","969.0000","981.0000"," ","0.0000","0.0000","14700","14359500","976.8367"
"20201214","01","12","    45570","JP3131450003","4375.0000","4380.0000","4375.0000","4380.0000","4375.0000","4385.0000","4375.0000","4380.0000","4375.0000","4385.0000","4375.0000","4380.0000"," ","0.0000","0.0000","18400","80535000","4376.9022"
"20201214","01","12","    45580","JP3519900009","379.0000","382.0000","375.0000","378.0000","378.0000","381.0000","377.0000","381.0000","379.0000","382.0000","375.0000","381.0000"," ","0.0000","0.0000","153200","58045200","378.8851"
"20201214","01","12","    45630","JP3127700007","1300.0000","1304.0000","1284.0000","1299.0000","1296.0000","1300.0000","1285.0000","1296.0000","1300.0000","1304.0000","1284.0000","1296.0000"," ","0.0000","0.0000","1386000","1791376300","1292.4793"
"20201214","01","12","    45640","JP3202150003","120.0000","122.0000","120.0000","121.0000","121.0000","122.0000","120.0000","121.0000","120.0000","122.0000","120.0000","121.0000"," ","0.0000","0.0000","1240400","149698200","120.6854"
"20201214","01","12","    45650","JP3431300007","1617.0000","1640.0000","1609.0000","1620.0000","1618.0000","1627.0000","1612.0000","1620.0000","1617.0000","1640.0000","1609.0000","1620.0000"," ","0.0000","0.0000","304400","493524800","1621.3035"
"20201214","01","12","    45700","JP3921300004","522.0000","525.0000","518.0000","518.0000","523.0000","523.0000","519.0000","521.0000","522.0000","525.0000","518.0000","521.0000"," ","0.0000","0.0000","26200","13650900","521.0267"
"20201214","01","12","    45710","JP3651120002","338.0000","342.0000","333.0000","339.0000","339.0000","340.0000","335.0000","336.0000","338.0000","342.0000","333.0000","336.0000"," ","0.0000","0.0000","666400","224824800","337.3721"
"20201214","01","12","    45720","JP3220550002","1290.0000","1325.0000","1281.0000","1320.0000","1318.0000","1321.0000","1300.0000","1300.0000","1290.0000","1325.0000","1281.0000","1300.0000"," ","0.0000","0.0000","76400","100023100","1309.2029"
"20201214","01","12","    45750","JP3244570002","489.0000","493.0000","479.0000","490.0000","490.0000","492.0000","485.0000","489.0000","489.0000","493.0000","479.0000","489.0000"," ","0.0000","0.0000","50300","24473900","486.5586"
"20201214","01","12","    45760","JP3548740004","299.0000","307.0000","297.0000","304.0000","304.0000","305.0000","302.0000","302.0000","299.0000","307.0000","297.0000","302.0000"," ","0.0000","0.0000","132000","39918700","302.4144"
"20201214","01","12","    45790","JP3967150008","1038.0000","1050.0000","1026.0000","1038.0000","1038.0000","1038.0000","1025.0000","1026.0000","1038.0000","1050.0000","1025.0000","1026.0000"," ","0.0000","0.0000","90600","93610700","1033.2307"
"20201214","01","12","    45820","JP3383050006","367.0000","373.0000","364.0000","373.0000","373.0000","377.0000","372.0000","372.0000","367.0000","377.0000","364.0000","372.0000"," ","0.0000","0.0000","514600","190987600","371.1380"
"20201214","01","12","    45830","JP3205350006","196.0000","198.0000","194.0000","196.0000","196.0000","197.0000","195.0000","196.0000","196.0000","198.0000","194.0000","196.0000"," ","0.0000","0.0000","390700","76602000","196.0635"
"20201214","01","12","    45840","JP3386460004","510.0000","520.0000","507.0000","512.0000","512.0000","518.0000","510.0000","510.0000","510.0000","520.0000","507.0000","510.0000"," ","0.0000","0.0000","119300","61069600","511.8994"
"20201214","01","12","    45860","JP3921220004","215.0000","223.0000","214.0000","222.0000","222.0000","223.0000","218.0000","222.0000","215.0000","223.0000","214.0000","222.0000"," ","0.0000","0.0000","240500","52897200","219.9468"
"20201214","01","12","    45880","JP3202170001","1530.0000","1548.0000","1510.0000","1523.0000","1520.0000","1525.0000","1513.0000","1525.0000","1530.0000","1548.0000","1510.0000","1525.0000"," ","0.0000","0.0000","254100","387779900","1526.0917"
"20201214","01","12","    45910","JP3974850004","392.0000","395.0000","389.0000","394.0000","393.0000","399.0000","391.0000","396.0000","392.0000","399.0000","389.0000","396.0000"," ","0.0000","0.0000","212700","83745400","393.7254"
"20201214","01","12","    45920","JP3336750009","1804.0000","1842.0000","1790.0000","1835.0000","1822.0000","1847.0000","1815.0000","1827.0000","1804.0000","1847.0000","1790.0000","1827.0000"," ","0.0000","0.0000","429000","780573500","1819.5186"
"20201214","01","12","    45930","JP3835100003","2101.0000","2101.0000","2023.0000","2071.0000","2070.0000","2074.0000","2042.0000","2059.0000","2101.0000","2101.0000","2023.0000","2059.0000"," ","0.0000","0.0000","223400","459496200","2056.8317"
"20201214","01","12","    45940","JP3274140007","190.0000","191.0000","188.0000","190.0000","188.0000","189.0000","187.0000","188.0000","190.0000","191.0000","187.0000","188.0000"," ","0.0000","0.0000","407900","77001900","188.7764"
"20201214","01","12","    45950","JP3885900005","1227.0000","1286.0000","1227.0000","1286.0000","1285.0000","1285.0000","1275.0000","1275.0000","1227.0000","1286.0000","1227.0000","1275.0000"," ","0.0000","0.0000","40600","51381400","1265.5517"
"20201214","01","12","    45960","JP3266500002","261.0000","263.0000","260.0000","261.0000","261.0000","263.0000","260.0000","261.0000","261.0000","263.0000","260.0000","261.0000"," ","0.0000","0.0000","124600","32551900","261.2512"
"20201214","01","12","    45970","JP3436500007","150.0000","150.0000","147.0000","148.0000","148.0000","150.0000","148.0000","150.0000","150.0000","150.0000","147.0000","150.0000"," ","0.0000","0.0000","633700","94232600","148.7022"
"20201214","01","12","    45980","JP3549370009","1224.0000","1259.0000","1200.0000","1225.0000","1222.0000","1262.0000","1222.0000","1262.0000","1224.0000","1262.0000","1200.0000","1262.0000"," ","0.0000","0.0000","197500","243998200","1235.4339"
"20201214","01","12","    45990","JP3399690001","700.0000","702.0000","671.0000","678.0000","678.0000","693.0000","674.0000","688.0000","700.0000","702.0000","671.0000","688.0000"," ","0.0000","0.0000","762000","519582700","681.8671"
"20201214","01","12","    46160","JP3221800000","1207.0000","1207.0000","1207.0000","1207.0000","1190.0000","1202.0000","1190.0000","1202.0000","1207.0000","1207.0000","1190.0000","1202.0000"," ","0.0000","0.0000","1300","1552200","1194.0000"
"20201214","01","12","    46210","JP3984400006","766.0000","769.0000","766.0000","769.0000","780.0000","786.0000","780.0000","780.0000","766.0000","786.0000","766.0000","780.0000"," ","0.0000","0.0000","1700","1321300","777.2353"
"20201214","01","12","    46230","JP3116400007","1860.0000","1870.0000","1859.0000","1870.0000","1875.0000","1883.0000","1871.0000","1880.0000","1860.0000","1883.0000","1859.0000","1880.0000"," ","0.0000","0.0000","8000","14940000","1867.5000"
"20201214","01","12","    46240","JP3133200000","3365.0000","3365.0000","3365.0000","3365.0000","3460.0000","3460.0000","3460.0000","3460.0000","3365.0000","3460.0000","3365.0000","3460.0000"," ","0.0000","0.0000","200","682500","3412.5000"
"20201214","01","12","    46250","JP3121800001","650.0000","650.0000","648.0000","648.0000","647.0000","647.0000","647.0000","647.0000","650.0000","650.0000","647.0000","647.0000"," ","0.0000","0.0000","3100","2014100","649.7097"
"20201214","01","12","    46270","JP3651050001","1224.0000","1254.0000","1224.0000","1254.0000","1253.0000","1253.0000","1229.0000","1251.0000","1224.0000","1254.0000","1224.0000","1251.0000"," ","0.0000","0.0000","1400","1741100","1243.6429"
"20201214","01","12","    46280","JP3162650000","39000.0000","39000.0000","39000.0000","39000.0000","38650.0000","38950.0000","38350.0000","38350.0000","39000.0000","39000.0000","38350.0000","38350.0000"," ","0.0000","0.0000","700","27060000","38657.1429"
"20201214","01","12","    46290","JP3484300003","1515.0000","1515.0000","1500.0000","1500.0000","1500.0000","1507.0000","1491.0000","1505.0000","1515.0000","1515.0000","1491.0000","1505.0000"," ","0.0000","0.0000","6300","9481100","1504.9365"
"20201214","01","12","    46350","JP3571000003","1999.0000","1999.0000","1983.0000","1995.0000","1994.0000","2000.0000","1991.0000","1998.0000","1999.0000","2000.0000","1983.0000","1998.0000"," ","0.0000","0.0000","2700","5383700","1993.9630"
"20201214","01","12","    46400","JP3127800005","441.0000","442.0000","438.0000","438.0000","442.0000","450.0000","438.0000","449.0000","441.0000","450.0000","438.0000","449.0000"," ","0.0000","0.0000","13200","5861700","444.0682"
"20201214","01","12","    46420","JP3200200008","975.0000","975.0000","961.0000","967.0000","967.0000","968.0000","963.0000","968.0000","975.0000","975.0000","961.0000","968.0000"," ","0.0000","0.0000","2400","2324500","968.5417"
"20201214","01","12","    46440","JP3149000006","1187.0000","1187.0000","1154.0000","1172.0000","1162.0000","1172.0000","1161.0000","1164.0000","1187.0000","1187.0000","1154.0000","1164.0000"," ","0.0000","0.0000","83200","97827900","1175.8161"
"20201214","01","12","    46450","JP3141800007","344.0000","344.0000","342.0000","344.0000","344.0000","344.0000","342.0000","342.0000","344.0000","344.0000","342.0000","342.0000"," ","0.0000","0.0000","2900","994700","343.0000"
"20201214","01","12","    46500","JP3396400008","398.0000","400.0000","398.0000","400.0000","400.0000","400.0000","396.0000","396.0000","398.0000","400.0000","396.0000","396.0000"," ","0.0000","0.0000","6900","2750600","398.6377"
"20201214","01","12","    46570","JP3227300005","430.0000","434.0000","428.0000","430.0000","434.0000","443.0000","434.0000","439.0000","430.0000","443.0000","428.0000","439.0000"," ","0.0000","0.0000","12600","5491600","435.8413"
"20201214","01","12","    46590","JP3160720003","3240.0000","3260.0000","3225.0000","3260.0000","3255.0000","3275.0000","3110.0000","3275.0000","3240.0000","3275.0000","3110.0000","3275.0000"," ","0.0000","0.0000","15300","49182000","3214.5098"
"20201214","01","12","    46640","JP3100300007","637.0000","653.0000","637.0000","645.0000","646.0000","651.0000","644.0000","647.0000","637.0000","653.0000","637.0000","647.0000"," ","0.0000","0.0000","4100","2647200","645.6585"
"20201214","01","12","    46670","JP3101800005","1589.0000","1590.0000","1567.0000","1567.0000","1567.0000","1570.0000","1555.0000","1559.0000","1589.0000","1590.0000","1555.0000","1559.0000"," ","0.0000","0.0000","21800","34213300","1569.4174"
"20201214","01","12","    46690","JP3685100004","716.0000","717.0000","709.0000","717.0000","713.0000","726.0000","713.0000","720.0000","716.0000","726.0000","709.0000","720.0000"," ","0.0000","0.0000","4700","3362900","715.5106"
"20201214","01","12","    46730","JP3224900005","0.0000","0.0000","0.0000","0.0000","0.0000","0.0000","0.0000","0.0000","0.0000","0.0000","0.0000","0.0000"," ","0.0000","0.0000","0","0","0.0000"
"20201214","01","12","    46850","JP3976500003","9970.0000","10250.0000","9970.0000","10020.0000","10220.0000","10240.0000","9970.0000","9970.0000","9970.0000","10250.0000","9970.0000","9970.0000"," ","0.0000","0.0000","1700","17215000","10126.4706"
"20201214","01","12","    46900","JP3745100002","4020.0000","4075.0000","4020.0000","4050.0000","4065.0000","4065.0000","4035.0000","4035.0000","4020.0000","4075.0000","4020.0000","4035.0000"," ","0.0000","0.0000","1500","6070000","4046.6667"
"20201214","01","12","    46910","JP3993700008","700.0000","702.0000","691.0000","693.0000","693.0000","698.0000","690.0000","692.0000","700.0000","702.0000","690.0000","692.0000"," ","0.0000","0.0000","11100","7723600","695.8198"
"20201214","01","12","    46990","JP3156600003","3110.0000","3150.0000","3075.0000","3150.0000","3125.0000","3150.0000","3090.0000","3150.0000","3110.0000","3150.0000","3075.0000","3150.0000"," ","0.0000","0.0000","30900","96379500","3119.0777"
"20201214","01","12","    47050","JP3270100005","743.0000","743.0000","738.0000","739.0000","0.0000","0.0000","0.0000","0.0000","743.0000","743.0000","738.0000","739.0000"," ","0.0000","0.0000","1100","816000","741.8182"
"20201214","01","12","    47070","JP3238100006","323.0000","323.0000","314.0000","319.0000","320.0000","322.0000","316.0000","322.0000","323.0000","323.0000","314.0000","322.0000"," ","0.0000","0.0000","11500","3660700","318.3217"
"20201214","01","12","    47120","JP3348900006","998.0000","1025.0000","990.0000","1005.0000","1006.0000","1016.0000","999.0000","1015.0000","998.0000","1025.0000","990.0000","1015.0000"," ","0.0000","0.0000","174800","176437800","1009.3696"
"20201214","01","12","    47200","JP3393100007","380.0000","380.0000","376.0000","378.0000","377.0000","379.0000","376.0000","376.0000","380.0000","380.0000","376.0000","376.0000"," ","0.0000","0.0000","5000","1888400","377.6800"
"20201214","01","12","    47340","JP3799650001","635.0000","635.0000","632.0000","632.0000","632.0000","632.0000","631.0000","631.0000","635.0000","635.0000","631.0000","631.0000"," ","0.0000","0.0000","2300","1455900","633.0000"
"20201214","01","12","    47350","JP3249250006","510.0000","510.0000","504.0000","504.0000","504.0000","504.0000","503.0000","503.0000","510.0000","510.0000","503.0000","503.0000"," ","0.0000","0.0000","3500","1778900","508.2571"
"20201214","01","12","    47360","JP3754650004","719.0000","730.0000","719.0000","726.0000","732.0000","737.0000","729.0000","737.0000","719.0000","737.0000","719.0000","737.0000"," ","0.0000","0.0000","13500","9841500","729.0000"
"20201214","01","12","    47480","JP3288950003","2335.0000","2370.0000","2330.0000","2350.0000","2343.0000","2343.0000","2323.0000","2329.0000","2335.0000","2370.0000","2323.0000","2329.0000"," ","0.0000","0.0000","14700","34366600","2337.8639"
"20201214","01","12","    47500","JP3483200006","616.0000","622.0000","611.0000","622.0000","622.0000","623.0000","620.0000","623.0000","616.0000","623.0000","611.0000","623.0000"," ","0.0000","0.0000","3100","1916300","618.1613"
"20201214","01","12","    47520","JP3366900003","754.0000","754.0000","754.0000","754.0000","754.0000","754.0000","748.0000","748.0000","754.0000","754.0000","748.0000","748.0000"," ","0.0000","0.0000","1300","979600","753.5385"
"20201214","01","12","    47540","JP3626950004","842.0000","855.0000","842.0000","855.0000","855.0000","855.0000","855.0000","855.0000","842.0000","855.0000","842.0000","855.0000"," ","0.0000","0.0000","3400","2870900","844.3824"
"20201214","01","12","    47600","JP3126320005","1243.0000","1250.0000","1243.0000","1250.0000","1245.0000","1245.0000","1245.0000","1245.0000","1243.0000","1250.0000","1243.0000","1245.0000"," ","0.0000","0.0000","600","747300","1245.5000"
"20201214","01","12","    47610","JP3317500001","999.0000","999.0000","983.0000","983.0000","0.0000","0.0000","0.0000","0.0000","999.0000","999.0000","983.0000","983.0000"," ","0.0000","0.0000","7300","7285200","997.9726"
"20201214","01","12","    47640","JP3549100000","170.0000","176.0000","169.0000","172.0000","172.0000","174.0000","169.0000","174.0000","170.0000","176.0000","169.0000","174.0000"," ","0.0000","0.0000","667900","115363400","172.7256"
"20201214","01","12","    47660","JP3801200001","175.0000","178.0000","173.0000","178.0000","177.0000","178.0000","176.0000","176.0000","175.0000","178.0000","173.0000","176.0000"," ","0.0000","0.0000","50600","8911500","176.1166"
"20201214","01","12","    47690","JP3153800002","767.0000","767.0000","758.0000","764.0000","757.0000","762.0000","757.0000","762.0000","767.0000","767.0000","757.0000","762.0000"," ","0.0000","0.0000","3100","2358100","760.6774"
"20201214","01","12","    47700","JP3167800006","343.0000","354.0000","341.0000","342.0000","343.0000","351.0000","338.0000","339.0000","343.0000","354.0000","338.0000","339.0000"," ","0.0000","0.0000","45900","15853700","345.3965"
"20201214","01","12","    47710","JP3166700009","1469.0000","1469.0000","1448.0000","1465.0000","1451.0000","1472.0000","1451.0000","1472.0000","1469.0000","1472.0000","1448.0000","1472.0000"," ","0.0000","0.0000","5900","8624900","1461.8475"
"20201214","01","12","    47720","JP3549050007","281.0000","286.0000","281.0000","282.0000","283.0000","284.0000","281.0000","282.0000","281.0000","286.0000","281.0000","282.0000"," ","0.0000","0.0000","37600","10630900","282.7367"
"20201214","01","12","    47770","JP3233700008","195.0000","196.0000","187.0000","190.0000","191.0000","194.0000","189.0000","189.0000","195.0000","196.0000","187.0000","189.0000"," ","0.0000","0.0000","49300","9442000","191.5213"
"20201214","01","12","    47810","JP3742500006","0.0000","0.0000","0.0000","0.0000","0.0000","0.0000","0.0000","0.0000","0.0000","0.0000","0.0000","0.0000"," ","0.0000","0.0000","0","0","0.0000"
"20201214","01","12","    47830","JP3709100006","555.0000","565.0000","555.0000","562.0000","561.0000","562.0000","559.0000","559.0000","555.0000","565.0000","555.0000","559.0000"," ","0.0000","0.0000","18300","10235100","559.2951"
"20201214","01","12","    47840","JP3863050005","668.0000","670.0000","660.0000","667.0000","668.0000","670.0000","665.0000","670.0000","668.0000","670.0000","660.0000","670.0000"," ","0.0000","0.0000","19400","12919500","665.9536"
"20201214","01","12","    48000","JP3200140006","1273.0000","1273.0000","1241.0000","1263.0000","1256.0000","1257.0000","1237.0000","1237.0000","1273.0000","1273.0000","1237.0000","1237.0000"," ","0.0000","0.0000","32000","39981900","1249.4344"
"20201214","01","12","    48140","JP3758030005","191.0000","195.0000","191.0000","194.0000","194.0000","195.0000","192.0000","192.0000","191.0000","195.0000","191.0000","192.0000"," ","0.0000","0.0000","73000","14078400","192.8548"
"20201214","01","12","    48160","JP3560200002","7400.0000","7430.0000","7260.0000","7260.0000","7260.0000","7300.0000","7240.0000","7290.0000","7400.0000","7430.0000","7240.0000","7290.0000"," ","0.0000","0.0000","13300","97041000","7296.3158"
"20201214","01","12","    48240","JP3920930009","701.0000","738.0000","693.0000","718.0000","720.0000","745.0000","712.0000","730.0000","701.0000","745.0000","693.0000","730.0000"," ","0.0000","0.0000","397800","287056800","721.6109"
"20201214","01","12","    48320","JP3226650004","3305.0000","3340.0000","3305.0000","3325.0000","3300.0000","3320.0000","3300.0000","3305.0000","3305.0000","3340.0000","3300.0000","3305.0000"," ","0.0000","0.0000","2600","8611500","3312.1154"
"20201214","01","12","    48330","JP3781520006","216.0000","222.0000","215.0000","216.0000","217.0000","219.0000","214.0000","217.0000","216.0000","222.0000","214.0000","217.0000"," ","0.0000","0.0000","153000","33276400","217.4928"
"20201214","01","12","    48370","JP3351650001","249.0000","253.0000","247.0000","252.0000","252.0000","253.0000","247.0000","250.0000","249.0000","253.0000","247.0000","250.0000"," ","0.0000","0.0000","67300","16823900","249.9837"
"20201214","01","12","    48380","JP3400070003","428.0000","430.0000","423.0000","430.0000","430.0000","430.0000","424.0000","426.0000","428.0000","430.0000","423.0000","426.0000"," ","0.0000","0.0000","4400","1876300","426.4318"
"20201214","01","12","    48400","JP3639450000","352.0000","353.0000","349.0000","349.0000","349.0000","350.0000","346.0000","348.0000","352.0000","353.0000","346.0000","348.0000"," ","0.0000","0.0000","7600","2658400","349.7895"
"20201214","01","12","    48800","JP3423580004","9780.0000","10240.0000","9600.0000","10130.0000","10120.0000","10130.0000","9910.0000","10090.0000","9780.0000","10240.0000","9600.0000","10090.0000"," ","0.0000","0.0000","118500","1185702000","10005.9241"
"20201214","01","12","    48830","JP3922600006","2348.0000","2425.0000","2319.0000","2420.0000","2420.0000","2436.0000","2409.0000","2415.0000","2348.0000","2436.0000","2319.0000","2415.0000"," ","0.0000","0.0000","258000","618173900","2396.0229"
"20201214","01","12","    49180","JP3104990001","607.0000","607.0000","601.0000","605.0000","605.0000","605.0000","602.0000","602.0000","607.0000","607.0000","601.0000","602.0000"," ","0.0000","0.0000","3300","1995700","604.7576"
"20201214","01","12","    49200","JP3712200009","1400.0000","1400.0000","1400.0000","1400.0000","0.0000","0.0000","0.0000","0.0000","1400.0000","1400.0000","1400.0000","1400.0000"," ","0.0000","0.0000","600","840000","1400.0000"
"20201214","01","12","    49250","JP3765130004","4010.0000","4025.0000","4010.0000","4025.0000","4025.0000","4055.0000","4020.0000","4055.0000","4010.0000","4055.0000","4010.0000","4055.0000"," ","0.0000","0.0000","4400","17723500","4028.0682"
"20201214","01","12","    49300","JP3273870000","4115.0000","4185.0000","4100.0000","4180.0000","4160.0000","4395.0000","4160.0000","4395.0000","4115.0000","4395.0000","4100.0000","4395.0000"," ","0.0000","0.0000","7700","32607500","4234.7403"
"20201214","01","12","    49310","JP3381200009","2832.0000","2862.0000","2772.0000","2809.0000","2798.0000","2809.0000","2782.0000","2803.0000","2832.0000","2862.0000","2772.0000","2803.0000"," ","0.0000","0.0000","154700","433082600","2799.4997"
"20201214","01","12","    49330","JP3100680002","3165.0000","3220.0000","3075.0000","3195.0000","3185.0000","3220.0000","3125.0000","3185.0000","3165.0000","3220.0000","3075.0000","3185.0000"," ","0.0000","0.0000","40900","129580000","3168.2152"
"20201214","01","12","    49340","JP3833690005","5800.0000","6050.0000","5790.0000","6050.0000","6000.0000","6080.0000","5900.0000","6030.0000","5800.0000","6080.0000","5790.0000","6030.0000"," ","0.0000","0.0000","244100","1454541000","5958.7915"
"20201214","01","12","    49520","JP3163200003","946.0000","950.0000","946.0000","950.0000","947.0000","950.0000","947.0000","949.0000","946.0000","950.0000","946.0000","949.0000"," ","0.0000","0.0000","1300","1232700","948.2308"
"20201214","01","12","    49570","JP3932900008","587.0000","587.0000","578.0000","578.0000","585.0000","596.0000","585.0000","590.0000","587.0000","596.0000","578.0000","590.0000"," ","0.0000","0.0000","4700","2759800","587.1915"
"20201214","01","12","    49600","JP3281650006","212.0000","212.0000","211.0000","212.0000","213.0000","216.0000","212.0000","215.0000","212.0000","216.0000","211.0000","215.0000"," ","0.0000","0.0000","35300","7518300","212.9830"
"20201214","01","12","    49620","JP3307900005","0.0000","0.0000","0.0000","0.0000","0.0000","0.0000","0.0000","0.0000","0.0000","0.0000","0.0000","0.0000"," ","0.0000","0.0000","0","0","0.0000"
"20201214","01","12","    49660","JP3155350006","7300.0000","7330.0000","7210.0000","7300.0000","7300.0000","7350.0000","7300.0000","7310.0000","7300.0000","7350.0000","7210.0000","7310.0000"," ","0.0000","0.0000","5900","43078000","7301.3559"
"20201214","01","12","    49700","JP3610400008","11780.0000","11780.0000","11440.0000","11560.0000","11600.0000","11600.0000","11320.0000","11360.0000","11780.0000","11780.0000","11320.0000","11360.0000"," ","0.0000","0.0000","44900","515416000","11479.1982"
"20201214","01","12","    49720","JP3431550007","1804.0000","1866.0000","1804.0000","1849.0000","1850.0000","1850.0000","1804.0000","1815.0000","1804.0000","1866.0000","1804.0000","1815.0000"," ","0.0000","0.0000","25100","45848600","1826.6375"
"20201214","01","12","    49760","JP3617600006","2360.0000","2360.0000","2284.0000","2284.0000","0.0000","0.0000","0.0000","0.0000","2360.0000","2360.0000","2284.0000","2284.0000"," ","0.0000","0.0000","600","1389800","2316.3333"
"20201214","01","12","    49780","JP3974770004","429.0000","430.0000","423.0000","430.0000","429.0000","443.0000","428.0000","436.0000","429.0000","443.0000","423.0000","436.0000"," ","0.0000","0.0000","1220900","530127400","434.2103"
"20201214","01","12","    49870","JP3546000005","422.0000","422.0000","419.0000","420.0000","420.0000","425.0000","419.0000","425.0000","422.0000","425.0000","419.0000","425.0000"," ","0.0000","0.0000","29800","12564900","421.6409"
"20201214","01","12","    49900","JP3364800007","501.0000","505.0000","496.0000","499.0000","500.0000","501.0000","497.0000","499.0000","501.0000","505.0000","496.0000","499.0000"," ","0.0000","0.0000","13900","6950800","500.0576"
"20201214","01","12","    49980","JP3826000006","1535.0000","1548.0000","1525.0000","1540.0000","1538.0000","1542.0000","1529.0000","1535.0000","1535.0000","1548.0000","1525.0000","1535.0000"," ","0.0000","0.0000","62000","95314400","1537.3290"
"20201214","01","12","    49990","JP3423400005","706.0000","706.0000","702.0000","706.0000","706.0000","714.0000","705.0000","712.0000","706.0000","714.0000","702.0000","712.0000"," ","0.0000","0.0000","4900","3468200","707.7959"
"20201214","01","12","    50080","JP3556800005","2010.0000","2020.0000","1966.0000","2013.0000","2010.0000","2010.0000","1991.0000","1991.0000","2010.0000","2020.0000","1966.0000","1991.0000"," ","0.0000","0.0000","7000","14003500","2000.5000"
"20201214","01","12","    50100","JP3723800003","190.0000","191.0000","188.0000","189.0000","188.0000","189.0000","188.0000","189.0000","190.0000","191.0000","188.0000","189.0000"," ","0.0000","0.0000","22800","4321800","189.5526"
"20201214","01","12","    50700","JP3639350002","1271.0000","1279.0000","1170.0000","1179.0000","1179.0000","1235.0000","1175.0000","1228.0000","1271.0000","1279.0000","1170.0000","1228.0000"," ","0.0000","0.0000","102300","123742100","1209.6002"
"20201214","01","12","    50710","JP3159890007","621.0000","621.0000","606.0000","608.0000","610.0000","610.0000","606.0000","608.0000","621.0000","621.0000","606.0000","608.0000"," ","0.0000","0.0000","15000","9162500","610.8333"
"20201214","01","12","    50720","JP3100310006","0.0000","0.0000","0.0000","0.0000","0.0000","0.0000","0.0000","0.0000","0.0000","0.0000","0.0000","0.0000"," ","0.0000","0.0000","0","0","0.0000"
"20201214","01","12","    51030","JP3366000002","54.0000","56.0000","54.0000","55.0000","55.0000","55.0000","54.0000","54.0000","54.0000","56.0000","54.0000","54.0000"," ","0.0000","0.0000","58800","3214000","54.6599"
"20201214","01","12","    51040","JP3681600007","0.0000","0.0000","0.0000","0.0000","468.0000","468.0000","463.0000","463.0000","468.0000","468.0000","463.0000","463.0000"," ","0.0000","0.0000","1000","466700","466.7000"
"20201214","01","12","    51610","JP3657550004","1494.0000","1498.0000","1472.0000","1498.0000","1495.0000","1499.0000","1495.0000","1499.0000","1494.0000","1499.0000","1472.0000","1499.0000"," ","0.0000","0.0000","3300","4923600","1492.0000"
"20201214","01","12","    51620","JP3117300008","751.0000","751.0000","739.0000","739.0000","739.0000","744.0000","733.0000","736.0000","751.0000","751.0000","733.0000","736.0000"," ","0.0000","0.0000","18900","13997500","740.6085"
"20201214","01","12","    51840","JP3665000000","1614.0000","1660.0000","1614.0000","1660.0000","1650.0000","1676.0000","1650.0000","1675.0000","1614.0000","1676.0000","1614.0000","1675.0000"," ","0.0000","0.0000","20500","33835900","1650.5317"
"20201214","01","12","    51890","JP3317600009","0.0000","0.0000","0.0000","0.0000","0.0000","0.0000","0.0000","0.0000","0.0000","0.0000","0.0000","0.0000"," ","0.0000","0.0000","0","0","0.0000"
"20201214","01","12","    51940","JP3316000003","1252.0000","1265.0000","1246.0000","1255.0000","1259.0000","1259.0000","1242.0000","1242.0000","1252.0000","1265.0000","1242.0000","1242.0000"," ","0.0000","0.0000","7500","9355000","1247.3333"
"20201214","01","12","    51990","JP3821600008","3435.0000","3490.0000","3360.0000","3365.0000","3365.0000","3400.0000","3350.0000","3370.0000","3435.0000","3490.0000","3350.0000","3370.0000"," ","0.0000","0.0000","20400","69184500","3391.3971"
"20201214","01","12","    52120","JP3808400000","3090.0000","3255.0000","3045.0000","3080.0000","3080.0000","3135.0000","3070.0000","3070.0000","3090.0000","3255.0000","3045.0000","3070.0000"," ","0.0000","0.0000","75900","237187500","3125.0000"
"20201214","01","12","    52160","JP3268900002","120.0000","120.0000","119.0000","119.0000","119.0000","120.0000","118.0000","119.0000","120.0000","120.0000","118.0000","119.0000"," ","0.0000","0.0000","73000","8687000","119.0000"
"20201214","01","12","    52170","JP3545080008","28650.0000","28650.0000","28100.0000","28600.0000","28950.0000","28950.0000","28110.0000","28500.0000","28650.0000","28950.0000","28100.0000","28500.0000"," ","0.0000","0.0000","2300","65522000","28487.8261"
"20201214","01","12","    52370","JP3761400005","697.0000","697.0000","691.0000","697.0000","697.0000","715.0000","694.0000","715.0000","697.0000","715.0000","691.0000","715.0000"," ","0.0000","0.0000","20400","14366000","704.2157"
"20201214","01","12","    52680","JP3113200004","0.0000","0.0000","0.0000","0.0000","0.0000","0.0000","0.0000","0.0000","0.0000","0.0000","0.0000","0.0000"," ","0.0000","0.0000","0","0","0.0000"
"20201214","01","12","    52710","JP3554200000","1563.0000","1590.0000","1559.0000","1590.0000","1575.0000","1579.0000","1575.0000","1579.0000","1563.0000","1590.0000","1559.0000","1579.0000"," ","0.0000","0.0000","1300","2043000","1571.5385"
"20201214","01","12","    52770","JP3400000000","317.0000","317.0000","308.0000","312.0000","308.0000","313.0000","308.0000","313.0000","317.0000","317.0000","308.0000","313.0000"," ","0.0000","0.0000","4100","1270200","309.8049"
"20201214","01","12","    52790","JP3704410004","724.0000","742.0000","724.0000","739.0000","737.0000","738.0000","730.0000","730.0000","724.0000","742.0000","724.0000","730.0000"," ","0.0000","0.0000","1800","1319700","733.1667"
"20201214","01","12","    52800","JP3957100005","950.0000","958.0000","950.0000","958.0000","958.0000","960.0000","957.0000","959.0000","950.0000","960.0000","950.0000","959.0000"," ","0.0000","0.0000","1700","1627400","957.2941"
"20201214","01","12","    52820","JP3386250009","323.0000","324.0000","320.0000","324.0000","324.0000","325.0000","323.0000","325.0000","323.0000","325.0000","320.0000","325.0000"," ","0.0000","0.0000","52100","16853500","323.4837"
"20201214","01","12","    52830","JP3458200007","0.0000","0.0000","0.0000","0.0000","0.0000","0.0000","0.0000","0.0000","0.0000","0.0000","0.0000","0.0000"," ","0.0000","0.0000","0","0","0.0000"
"20201214","01","12","    52840","JP3934250006","487.0000","489.0000","485.0000","489.0000","486.0000","488.0000","486.0000","488.0000","487.0000","489.0000","485.0000","488.0000"," ","0.0000","0.0000","12300","5991900","487.1463"
"20201214","01","12","    52850","JP3939400002","460.0000","461.0000","458.0000","460.0000","460.0000","463.0000","460.0000","462.0000","460.0000","463.0000","458.0000","462.0000"," ","0.0000","0.0000","14000","6444100","460.2929"
"20201214","01","12","    52870","JP3142900004","1120.0000","1149.0000","1119.0000","1125.0000","1126.0000","1130.0000","1110.0000","1112.0000","1120.0000","1149.0000","1110.0000","1112.0000"," ","0.0000","0.0000","14800","16715800","1129.4459"
"20201214","01","12","    52900","JP3835790001","1820.0000","1833.0000","1803.0000","1830.0000","1830.0000","1830.0000","1806.0000","1818.0000","1820.0000","1833.0000","1803.0000","1818.0000"," ","0.0000","0.0000","26000","47345600","1820.9846"
"20201214","01","12","    53040","JP3161600006","5550.0000","5660.0000","5540.0000","5640.0000","5640.0000","5640.0000","5530.0000","5530.0000","5550.0000","5660.0000","5530.0000","5530.0000"," ","0.0000","0.0000","14700","82172000","5589.9320"
"20201214","01","12","    53410","JP3110800004","919.0000","920.0000","879.0000","908.0000","910.0000","913.0000","898.0000","906.0000","919.0000","920.0000","879.0000","906.0000"," ","0.0000","0.0000","353700","320122200","905.0670"
"20201214","01","12","    53550","JP3755400003","2573.0000","2598.0000","2573.0000","2598.0000","2570.0000","2595.0000","2570.0000","2595.0000","2573.0000","2598.0000","2570.0000","2595.0000"," ","0.0000","0.0000","1000","2576200","2576.2000"
"20201214","01","12","    53680","JP3687500003","985.0000","989.0000","974.0000","978.0000","984.0000","985.0000","972.0000","972.0000","985.0000","989.0000","972.0000","972.0000"," ","0.0000","0.0000","5700","5593100","981.2456"
"20201214","01","12","    53800","JP3377900000","1970.0000","1970.0000","1970.0000","1970.0000","1988.0000","1988.0000","1988.0000","1988.0000","1970.0000","1988.0000","1970.0000","1988.0000"," ","0.0000","0.0000","300","592800","1976.0000"
"20201214","01","12","    53810","JP3751300009","353.0000","353.0000","346.0000","349.0000","350.0000","384.0000","348.0000","368.0000","353.0000","384.0000","346.0000","368.0000"," ","0.0000","0.0000","343100","126337700","368.2241"
"20201214","01","12","    53860","JP3536800000","424.0000","430.0000","415.0000","430.0000","423.0000","423.0000","410.0000","414.0000","424.0000","430.0000","410.0000","414.0000"," ","0.0000","0.0000","17900","7491400","418.5140"
"20201214","01","12","    53870","JP3528500006","382.0000","393.0000","382.0000","393.0000","0.0000","0.0000","0.0000","0.0000","382.0000","393.0000","382.0000","393.0000"," ","0.0000","0.0000","3300","1262500","382.5758"
"20201214","01","12","    53950","JP3971800002","0.0000","0.0000","0.0000","0.0000","1800.0000","1800.0000","1800.0000","1800.0000","1800.0000","1800.0000","1800.0000","1800.0000"," ","0.0000","0.0000","400","720000","1800.0000"
"20201214","01","12","    54460","JP3842200002","1294.0000","1295.0000","1281.0000","1281.0000","1293.0000","1296.0000","1285.0000","1296.0000","1294.0000","1296.0000","1281.0000","1296.0000"," ","0.0000","0.0000","4500","5812700","1291.7111"
"20201214","01","12","    54580","JP3454800008","0.0000","0.0000","0.0000","0.0000","658.0000","658.0000","658.0000","658.0000","658.0000","658.0000","658.0000","658.0000"," ","0.0000","0.0000","100","65800","658.0000"
"20201214","01","12","    54840","JP3605800006","1463.0000","1463.0000","1463.0000","1463.0000","1465.0000","1465.0000","1465.0000","1465.0000","1463.0000","1465.0000","1463.0000","1465.0000"," ","0.0000","0.0000","700","1025300","1464.7143"
"20201214","01","12","    55420","JP3383400003","899.0000","899.0000","872.0000","889.0000","888.0000","890.0000","875.0000","889.0000","899.0000","899.0000","872.0000","889.0000"," ","0.0000","0.0000","4500","3972800","882.8444"
"20201214","01","12","    56090","JP3728200001","665.0000","679.0000","665.0000","678.0000","678.0000","680.0000","673.0000","676.0000","665.0000","680.0000","665.0000","676.0000"," ","0.0000","0.0000","18400","12370800","672.3261"
"20201214","01","12","    56100","JP3503400008","744.0000","744.0000","739.0000","739.0000","739.0000","742.0000","739.0000","742.0000","744.0000","744.0000","739.0000","742.0000"," ","0.0000","0.0000","900","667000","741.1111"
"20201214","01","12","    56140","JP3222000006","384.0000","384.0000","384.0000","384.0000","384.0000","385.0000","384.0000","384.0000","384.0000","385.0000","384.0000","384.0000"," ","0.0000","0.0000","39400","15161200","384.8020"
"20201214","01","12","    56440","JP3920900002","1270.0000","1270.0000","1245.0000","1270.0000","1273.0000","1273.0000","1273.0000","1273.0000","1270.0000","1273.0000","1245.0000","1273.0000"," ","0.0000","0.0000","1600","2022800","1264.2500"
"20201214","01","12","    56600","JP3373200009","910.0000","927.0000","910.0000","920.0000","910.0000","920.0000","908.0000","911.0000","910.0000","927.0000","908.0000","911.0000"," ","0.0000","0.0000","10700","9836700","919.3178"
"20201214","01","12","    56900","JP3974570008","689.0000","707.0000","687.0000","700.0000","700.0000","710.0000","689.0000","703.0000","689.0000","710.0000","687.0000","703.0000"," ","0.0000","0.0000","113400","79435300","700.4877"
"20201214","01","12","    56950","JP3781200005","0.0000","0.0000","0.0000","0.0000","2885.0000","2900.0000","2864.0000","2870.0000","2885.0000","2900.0000","2864.0000","2870.0000"," ","0.0000","0.0000","1700","4903900","2884.6471"
"20201214","01","12","    56970","JP3337400000","380.0000","392.0000","377.0000","385.0000","383.0000","395.0000","383.0000","395.0000","380.0000","395.0000","377.0000","395.0000"," ","0.0000","0.0000","21200","8218500","387.6651"
"20201214","01","12","    56990","JP3148970001","1982.0000","2115.0000","1976.0000","2070.0000","2072.0000","2363.0000","2072.0000","2363.0000","1982.0000","2363.0000","1976.0000","2363.0000"," ","0.0000","0.0000","58500","130223900","2226.0496"
"20201214","01","12","    57040","JP3386620003","786.0000","790.0000","781.0000","782.0000","782.0000","790.0000","780.0000","790.0000","786.0000","790.0000","780.0000","790.0000"," ","0.0000","0.0000","45400","35598900","784.1167"
"20201214","01","12","    57240","JP3109000004","3410.0000","3430.0000","3140.0000","3255.0000","3265.0000","3475.0000","3105.0000","3180.0000","3410.0000","3475.0000","3105.0000","3180.0000"," ","0.0000","0.0000","270000","878992500","3255.5278"
"20201214","01","12","    57290","JP3721000002","2405.0000","2405.0000","2405.0000","2405.0000","2365.0000","2365.0000","2347.0000","2347.0000","2405.0000","2405.0000","2347.0000","2347.0000"," ","0.0000","0.0000","500","1183300","2366.6000"
"20201214","01","12","    57420","JP3164760005","835.0000","840.0000","835.0000","839.0000","833.0000","850.0000","833.0000","850.0000","835.0000","850.0000","833.0000","850.0000"," ","0.0000","0.0000","6000","5026300","837.7167"
"20201214","01","12","    57530","JP3716800002","1473.0000","1473.0000","1460.0000","1460.0000","1449.0000","1455.0000","1443.0000","1443.0000","1473.0000","1473.0000","1443.0000","1443.0000"," ","0.0000","0.0000","1400","2035400","1453.8571"
"20201214","01","12","    57810","JP3600600005","1520.0000","1546.0000","1506.0000","1520.0000","1512.0000","1513.0000","1485.0000","1505.0000","1520.0000","1546.0000","1485.0000","1505.0000"," ","0.0000","0.0000","14800","22455700","1517.2770"
"20201214","01","12","    58160","JP3172800009","425.0000","425.0000","415.0000","421.0000","421.0000","421.0000","416.0000","416.0000","425.0000","425.0000","415.0000","416.0000"," ","0.0000","0.0000","28400","11953000","420.8803"
"20201214","01","12","    58170","JP3736400007","511.0000","512.0000","508.0000","510.0000","510.0000","512.0000","507.0000","509.0000","511.0000","512.0000","507.0000","509.0000"," ","0.0000","0.0000","16300","8316000","510.1840"
"20201214","01","12","    58200","JP3903800005","1235.0000","1250.0000","1235.0000","1250.0000","1250.0000","1250.0000","1250.0000","1250.0000","1235.0000","1250.0000","1235.0000","1250.0000"," ","0.0000","0.0000","3700","4609000","1245.6757"
"20201214","01","12","    58560","JP3620800007","76.0000","77.0000","76.0000","76.0000","76.0000","77.0000","75.0000","75.0000","76.0000","77.0000","75.0000","75.0000"," ","0.0000","0.0000","228000","17352500","76.1075"
"20201214","01","12","    58580","JP3163050002","0.0000","0.0000","0.0000","0.0000","0.0000","0.0000","0.0000","0.0000","0.0000","0.0000","0.0000","0.0000"," ","0.0000","0.0000","0","0","0.0000"
"20201214","01","12","    59000","JP3482400003","735.0000","748.0000","734.0000","748.0000","740.0000","755.0000","730.0000","752.0000","735.0000","755.0000","730.0000","752.0000"," ","0.0000","0.0000","6500","4811100","740.1692"
"20201214","01","12","    59030","JP3383600008","1195.0000","1200.0000","1178.0000","1188.0000","1188.0000","1193.0000","1182.0000","1182.0000","1195.0000","1200.0000","1178.0000","1182.0000"," ","0.0000","0.0000","15000","17819400","1187.9600"
"20201214","01","12","    59050","JP3720400005","1140.0000","1145.0000","1130.0000","1136.0000","1137.0000","1140.0000","1137.0000","1138.0000","1140.0000","1145.0000","1130.0000","1138.0000"," ","0.0000","0.0000","7600","8638300","1136.6184"
"20201214","01","12","    59060","JP3167450000","438.0000","450.0000","430.0000","449.0000","449.0000","455.0000","444.0000","447.0000","438.0000","455.0000","430.0000","447.0000"," ","0.0000","0.0000","33300","14826500","445.2402"
"20201214","01","12","    59070","JP3226550006","4205.0000","4205.0000","4205.0000","4205.0000","4180.0000","4180.0000","4180.0000","4180.0000","4205.0000","4205.0000","4180.0000","4180.0000"," ","0.0000","0.0000","300","1256500","4188.3333"
"20201214","01","12","    59180","JP3461400008","0.0000","0.0000","0.0000","0.0000","0.0000","0.0000","0.0000","0.0000","0.0000","0.0000","0.0000","0.0000"," ","0.0000","0.0000","0","0","0.0000"
"20201214","01","12","    59210","JP3222200002","2405.0000","2425.0000","2405.0000","2425.0000","2425.0000","2427.0000","2421.0000","2421.0000","2405.0000","2427.0000","2405.0000","2421.0000"," ","0.0000","0.0000","2800","6765300","2416.1786"
"20201214","01","12","    59220","JP3651000006","12570.0000","12680.0000","11640.0000","11910.0000","11910.0000","11910.0000","10730.0000","10850.0000","12570.0000","12680.0000","10730.0000","10850.0000"," ","0.0000","0.0000","141200","1653427000","11709.8229"
"20201214","01","12","    59280","JP3126500002","244.0000","244.0000","244.0000","244.0000","244.0000","244.0000","243.0000","244.0000","244.0000","244.0000","243.0000","244.0000"," ","0.0000","0.0000","1400","341500","243.9286"
"20201214","01","12","    59350","JP3235800004","4175.0000","4175.0000","4175.0000","4175.0000","0.0000","0.0000","0.0000","0.0000","4175.0000","4175.0000","4175.0000","4175.0000"," ","0.0000","0.0000","200","835000","4175.0000"
"20201214","01","12","    59390","JP3187800002","6450.0000","6450.0000","5680.0000","6000.0000","5900.0000","6000.0000","5750.0000","5750.0000","6450.0000","6450.0000","5680.0000","5750.0000"," ","0.0000","0.0000","4000","23758000","5939.5000"
"20201214","01","12","    59400","JP3813500000","81.0000","83.0000","81.0000","82.0000","82.0000","83.0000","81.0000","82.0000","81.0000","83.0000","81.0000","82.0000"," ","0.0000","0.0000","655400","53939000","82.2994"
"20201214","01","12","    59410","JP3642600005","1005.0000","1011.0000","1005.0000","1011.0000","1005.0000","1010.0000","1005.0000","1007.0000","1005.0000","1011.0000","1005.0000","1007.0000"," ","0.0000","0.0000","1000","1007500","1007.5000"
"20201214","01","12","    59450","JP3547900005","2711.0000","2718.0000","2711.0000","2718.0000","0.0000","0.0000","0.0000","0.0000","2711.0000","2718.0000","2711.0000","2718.0000"," ","0.0000","0.0000","300","814400","2714.6667"
"20201214","01","12","    59500","JP3745200000","133.0000","140.0000","133.0000","138.0000","138.0000","140.0000","137.0000","138.0000","133.0000","140.0000","133.0000","138.0000"," ","0.0000","0.0000","314800","42987700","136.5556"
"20201214","01","12","    59520","JP3124000005","200.0000","216.0000","198.0000","212.0000","211.0000","214.0000","206.0000","208.0000","200.0000","216.0000","198.0000","208.0000"," ","0.0000","0.0000","1058200","220389400","208.2682"
"20201214","01","12","    59550","JP3936400005","71.0000","73.0000","70.0000","72.0000","71.0000","73.0000","71.0000","72.0000","71.0000","73.0000","70.0000","72.0000"," ","0.0000","0.0000","692900","49648300","71.6529"
"20201214","01","12","    59560","JP3552500005","500.0000","500.0000","500.0000","500.0000","500.0000","500.0000","500.0000","500.0000","500.0000","500.0000","500.0000","500.0000"," ","0.0000","0.0000","1700","850000","500.0000"
"20201214","01","12","    59620","JP3108800008","1710.0000","1710.0000","1710.0000","1710.0000","1736.0000","1823.0000","1736.0000","1806.0000","1710.0000","1823.0000","1710.0000","1806.0000"," ","0.0000","0.0000","6100","10886000","1784.5902"
"20201214","01","12","    59640","JP3617800002","768.0000","788.0000","765.0000","765.0000","0.0000","0.0000","0.0000","0.0000","768.0000","788.0000","765.0000","765.0000"," ","0.0000","0.0000","1600","1247600","779.7500"
"20201214","01","12","    59650","JP3820850000","830.0000","840.0000","830.0000","838.0000","839.0000","841.0000","837.0000","839.0000","830.0000","841.0000","830.0000","839.0000"," ","0.0000","0.0000","6500","5433900","835.9846"
"20201214","01","12","    59660","JP3250400003","1848.0000","1848.0000","1848.0000","1848.0000","1848.0000","1849.0000","1848.0000","1849.0000","1848.0000","1849.0000","1848.0000","1849.0000"," ","0.0000","0.0000","1800","3326500","1848.0556"
"20201214","01","12","    59670","JP3860800006","2729.0000","2729.0000","2695.0000","2709.0000","2685.0000","2729.0000","2685.0000","2729.0000","2729.0000","2729.0000","2685.0000","2729.0000"," ","0.0000","0.0000","1100","2975900","2705.3636"
"20201214","01","12","    59690","JP3985000003","1851.0000","1851.0000","1851.0000","1851.0000","0.0000","0.0000","0.0000","0.0000","1851.0000","1851.0000","1851.0000","1851.0000"," ","0.0000","0.0000","100","185100","1851.0000"
"20201214","01","12","    59710","JP3254850005","0.0000","0.0000","0.0000","0.0000","3780.0000","3780.0000","3780.0000","3780.0000","3780.0000","3780.0000","3780.0000","3780.0000"," ","0.0000","0.0000","100","378000","3780.0000"
"20201214","01","12","    59730","JP3552190005","492.0000","504.0000","485.0000","500.0000","500.0000","511.0000","496.0000","499.0000","492.0000","511.0000","485.0000","499.0000"," ","0.0000","0.0000","43800","21834600","498.5068"
"20201214","01","12","    59740","JP3521400006","980.0000","1141.0000","955.0000","1141.0000","1141.0000","1141.0000","1141.0000","1141.0000","980.0000","1141.0000","955.0000","1141.0000"," ","0.0000","0.0000","1013600","1105482300","1090.6495"
"20201214","01","12","    59820","JP3875610002","1761.0000","1839.0000","1761.0000","1839.0000","1838.0000","1838.0000","1827.0000","1838.0000","1761.0000","1839.0000","1761.0000","1838.0000"," ","0.0000","0.0000","6300","11440400","1815.9365"
"20201214","01","12","    59830","JP3152600007","6030.0000","6030.0000","5830.0000","5850.0000","5910.0000","5910.0000","5910.0000","5910.0000","6030.0000","6030.0000","5830.0000","5910.0000"," ","0.0000","0.0000","2500","14783000","5913.2000"
"20201214","01","12","    59840","JP3216800007","620.0000","623.0000","620.0000","621.0000","623.0000","625.0000","619.0000","620.0000","620.0000","625.0000","619.0000","620.0000"," ","0.0000","0.0000","2100","1306100","621.9524"
"20201214","01","12","    59870","JP3173000005","1041.0000","1085.0000","1011.0000","1081.0000","1062.0000","1099.0000","1024.0000","1038.0000","1041.0000","1099.0000","1011.0000","1038.0000"," ","0.0000","0.0000","35600","37423400","1051.2191"
"20201214","01","12","    59900","JP3395300001","2235.0000","2237.0000","2235.0000","2237.0000","0.0000","0.0000","0.0000","0.0000","2235.0000","2237.0000","2235.0000","2237.0000"," ","0.0000","0.0000","3300","7377700","2235.6667"
"20201214","01","12","    59940","JP3577400009","1617.0000","1617.0000","1600.0000","1600.0000","1614.0000","1614.0000","1614.0000","1614.0000","1617.0000","1617.0000","1600.0000","1614.0000"," ","0.0000","0.0000","500","806300","1612.6000"
"20201214","01","12","    59970","JP3253800001","610.0000","617.0000","608.0000","617.0000","617.0000","618.0000","610.0000","613.0000","610.0000","618.0000","608.0000","613.0000"," ","0.0000","0.0000","4200","2573400","612.7143"
"20201214","01","12","    59990","JP3148400009","1617.0000","1627.0000","1610.0000","1614.0000","1612.0000","1626.0000","1611.0000","1611.0000","1617.0000","1627.0000","1610.0000","1611.0000"," ","0.0000","0.0000","6500","10507300","1616.5077"
"20201214","01","12","    60160","JP3291000002","1005.0000","1011.0000","986.0000","1000.0000","1001.0000","1059.0000","1001.0000","1016.0000","1005.0000","1059.0000","986.0000","1016.0000"," ","0.0000","0.0000","49600","50217300","1012.4456"
"20201214","01","12","    60180","JP3776600003","0.0000","0.0000","0.0000","0.0000","1843.0000","1855.0000","1840.0000","1840.0000","1843.0000","1855.0000","1840.0000","1840.0000"," ","0.0000","0.0000","500","923300","1846.6000"
"20201214","01","12","    60220","JP3106800000","1285.0000","1285.0000","1285.0000","1285.0000","0.0000","0.0000","0.0000","0.0000","1285.0000","1285.0000","1285.0000","1285.0000"," ","0.0000","0.0000","200","257000","1285.0000"
"20201214","01","12","    60230","JP3497000004","400.0000","412.0000","398.0000","400.0000","401.0000","403.0000","398.0000","398.0000","400.0000","412.0000","398.0000","398.0000"," ","0.0000","0.0000","155700","62605400","402.0899"
"20201214","01","12","    60260","JP3386540003","2528.0000","2528.0000","2509.0000","2509.0000","2518.0000","2546.0000","2518.0000","2546.0000","2528.0000","2546.0000","2509.0000","2546.0000"," ","0.0000","0.0000","1100","2780400","2527.6364"
"20201214","01","12","    60270","JP3835870001","11130.0000","11180.0000","10920.0000","10940.0000","10940.0000","10970.0000","10870.0000","10880.0000","11130.0000","11180.0000","10870.0000","10880.0000"," ","0.0000","0.0000","97600","1070414000","10967.3566"
"20201214","01","12","    60300","JP3122380003","4485.0000","4540.0000","4380.0000","4430.0000","4465.0000","4490.0000","4425.0000","4440.0000","4485.0000","4540.0000","4380.0000","4440.0000"," ","0.0000","0.0000","21100","94057000","4457.6777"
"20201214","01","12","    60310","JP3310450006","989.0000","989.0000","946.0000","946.0000","0.0000","0.0000","0.0000","0.0000","989.0000","989.0000","946.0000","946.0000"," ","0.0000","0.0000","700","682000","974.2857"
"20201214","01","12","    60330","JP3161270008","1166.0000","1166.0000","1154.0000","1160.0000","1160.0000","1169.0000","1158.0000","1167.0000","1166.0000","1169.0000","1154.0000","1167.0000"," ","0.0000","0.0000","15500","18029600","1163.2000"
"20201214","01","12","    60340","JP3167260003","1660.0000","1740.0000","1640.0000","1722.0000","1722.0000","1735.0000","1703.0000","1716.0000","1660.0000","1740.0000","1640.0000","1716.0000"," ","0.0000","0.0000","398600","679769500","1705.3926"
"20201214","01","12","    60380","JP3130840006","845.0000","852.0000","810.0000","834.0000","834.0000","849.0000","832.0000","844.0000","845.0000","852.0000","810.0000","844.0000"," ","0.0000","0.0000","107100","89389000","834.6312"
"20201214","01","12","    60390","JP3740000009","2270.0000","2319.0000","2270.0000","2287.0000","2287.0000","2297.0000","2246.0000","2264.0000","2270.0000","2319.0000","2246.0000","2264.0000"," ","0.0000","0.0000","13000","29563400","2274.1077"
"20201214","01","12","    60400","JP3719000006","589.0000","591.0000","587.0000","589.0000","585.0000","591.0000","585.0000","590.0000","589.0000","591.0000","585.0000","590.0000"," ","0.0000","0.0000","109000","64194100","588.9367"
"20201214","01","12","    60420","JP3696800006","0.0000","0.0000","0.0000","0.0000","1706.0000","1706.0000","1706.0000","1706.0000","1706.0000","1706.0000","1706.0000","1706.0000"," ","0.0000","0.0000","200","341200","1706.0000"
"20201214","01","12","    60450","JP3981850005","525.0000","563.0000","525.0000","558.0000","558.0000","558.0000","548.0000","549.0000","525.0000","563.0000","525.0000","549.0000"," ","0.0000","0.0000","28200","15461200","548.2695"
"20201214","01","12","    60460","JP3977040009","299.0000","299.0000","285.0000","291.0000","294.0000","294.0000","290.0000","292.0000","299.0000","299.0000","285.0000","292.0000"," ","0.0000","0.0000","180300","52861800","293.1880"
"20201214","01","12","    60490","JP3144600008","1631.0000","1653.0000","1439.0000","1610.0000","1610.0000","1630.0000","1557.0000","1569.0000","1631.0000","1653.0000","1439.0000","1569.0000"," ","0.0000","0.0000","523200","821172300","1569.5189"
"20201214","01","12","    60600","JP3297340006","0.0000","0.0000","0.0000","0.0000","0.0000","0.0000","0.0000","0.0000","0.0000","0.0000","0.0000","0.0000"," ","0.0000","0.0000","0","0","0.0000"
"20201214","01","12","    60610","JP3952300006","1828.0000","1828.0000","1810.0000","1810.0000","1811.0000","1820.0000","1811.0000","1815.0000","1828.0000","1828.0000","1810.0000","1815.0000"," ","0.0000","0.0000","2500","4546900","1818.7600"
"20201214","01","12","    60630","JP3688900004","921.0000","941.0000","915.0000","930.0000","927.0000","927.0000","904.0000","914.0000","921.0000","941.0000","904.0000","914.0000"," ","0.0000","0.0000","21800","20055200","919.9633"
"20201214","01","12","    60640","JP3108140009","825.0000","829.0000","819.0000","828.0000","826.0000","829.0000","819.0000","819.0000","825.0000","829.0000","819.0000","819.0000"," ","0.0000","0.0000","36100","29764300","824.4958"
"20201214","01","12","    60660","JP3377950005","0.0000","0.0000","0.0000","0.0000","0.0000","0.0000","0.0000","0.0000","0.0000","0.0000","0.0000","0.0000"," ","0.0000","0.0000","0","0","0.0000"
"20201214","01","12","    60670","JP3921210005","3115.0000","3115.0000","3040.0000","3090.0000","3080.0000","3080.0000","3010.0000","3030.0000","3115.0000","3115.0000","3010.0000","3030.0000"," ","0.0000","0.0000","48000","146419000","3050.3958"
"20201214","01","12","    60690","JP3637290002","715.0000","726.0000","705.0000","710.0000","710.0000","717.0000","707.0000","716.0000","715.0000","726.0000","705.0000","716.0000"," ","0.0000","0.0000","142300","101530800","713.4982"
"20201214","01","12","    60720","JP3387880002","224.0000","226.0000","222.0000","223.0000","223.0000","224.0000","221.0000","221.0000","224.0000","226.0000","221.0000","221.0000"," ","0.0000","0.0000","88000","19619600","222.9500"
"20201214","01","12","    60740","JP3386470003","421.0000","421.0000","421.0000","421.0000","421.0000","423.0000","421.0000","421.0000","421.0000","423.0000","421.0000","421.0000"," ","0.0000","0.0000","3100","1305300","421.0645"
"20201214","01","12","    60810","JP3124850003","509.0000","527.0000","507.0000","512.0000","512.0000","515.0000","505.0000","507.0000","509.0000","527.0000","505.0000","507.0000"," ","0.0000","0.0000","393400","202444500","514.6022"
"20201214","01","12","    60850","JP3100030000","831.0000","832.0000","781.0000","796.0000","797.0000","800.0000","790.0000","795.0000","831.0000","832.0000","781.0000","795.0000"," ","0.0000","0.0000","5600","4555400","813.4643"
"20201214","01","12","    60860","JP3383300005","721.0000","722.0000","708.0000","715.0000","721.0000","721.0000","715.0000","715.0000","721.0000","722.0000","708.0000","715.0000"," ","0.0000","0.0000","20500","14676000","715.9024"
"20201214","01","12","    60900","JP3794530000","761.0000","774.0000","759.0000","773.0000","774.0000","793.0000","771.0000","792.0000","761.0000","793.0000","759.0000","792.0000"," ","0.0000","0.0000","47000","36463200","775.8128"
"20201214","01","12","    60910","JP3154650000","440.0000","444.0000","431.0000","432.0000","433.0000","438.0000","433.0000","438.0000","440.0000","444.0000","431.0000","438.0000"," ","0.0000","0.0000","52900","23047600","435.6824"
"20201214","01","12","    60920","JP3169730003","613.0000","625.0000","608.0000","625.0000","625.0000","626.0000","620.0000","625.0000","613.0000","626.0000","608.0000","625.0000"," ","0.0000","0.0000","38000","23530400","619.2211"
"20201214","01","12","    60940","JP3826550000","878.0000","898.0000","874.0000","894.0000","893.0000","893.0000","869.0000","880.0000","878.0000","898.0000","869.0000","880.0000"," ","0.0000","0.0000","45400","40140100","884.1432"
"20201214","01","12","    61250","JP3193200007","2523.0000","2587.0000","2513.0000","2520.0000","2536.0000","2555.0000","2536.0000","2552.0000","2523.0000","2587.0000","2513.0000","2552.0000"," ","0.0000","0.0000","44200","112437300","2543.8303"
"20201214","01","12","    61310","JP3770600009","1370.0000","1400.0000","1365.0000","1386.0000","1390.0000","1395.0000","1375.0000","1377.0000","1370.0000","1400.0000","1365.0000","1377.0000"," ","0.0000","0.0000","22800","31534300","1383.0833"
"20201214","01","12","    61370","JP3284200007","2752.0000","3220.0000","2752.0000","2894.0000","2893.0000","2951.0000","2714.0000","2829.0000","2752.0000","3220.0000","2714.0000","2829.0000"," ","0.0000","0.0000","48900","141912000","2902.0859"
"20201214","01","12","    61440","JP3416600009","1248.0000","1248.0000","1248.0000","1248.0000","1253.0000","1253.0000","1250.0000","1250.0000","1248.0000","1253.0000","1248.0000","1250.0000"," ","0.0000","0.0000","1900","2372400","1248.6316"
"20201214","01","12","    61450","JP3684700002","4185.0000","4250.0000","4140.0000","4245.0000","4240.0000","4240.0000","4150.0000","4170.0000","4185.0000","4250.0000","4140.0000","4170.0000"," ","0.0000","0.0000","41400","173798500","4198.0314"
"20201214","01","12","    61470","JP3935400006","376.0000","376.0000","374.0000","374.0000","0.0000","0.0000","0.0000","0.0000","376.0000","376.0000","374.0000","374.0000"," ","0.0000","0.0000","800","300300","375.3750"
"20201214","01","12","    61490","JP3196600005","3810.0000","4050.0000","3730.0000","4010.0000","4040.0000","4110.0000","3940.0000","4060.0000","3810.0000","4110.0000","3730.0000","4060.0000"," ","0.0000","0.0000","176400","700039500","3968.4779"
"20201214","01","12","    61500","JP3462800008","0.0000","0.0000","0.0000","0.0000","2450.0000","2450.0000","2450.0000","2450.0000","2450.0000","2450.0000","2450.0000","2450.0000"," ","0.0000","0.0000","300","735000","2450.0000"
"20201214","01","12","    61550","JP3457850000","683.0000","700.0000","683.0000","690.0000","690.0000","690.0000","666.0000","666.0000","683.0000","700.0000","666.0000","666.0000"," ","0.0000","0.0000","40700","27896400","685.4152"
"20201214","01","12","    61560","JP3160660001","1337.0000","1373.0000","1337.0000","1373.0000","1373.0000","1383.0000","1373.0000","1380.0000","1337.0000","1383.0000","1337.0000","1380.0000"," ","0.0000","0.0000","1200","1639700","1366.4167"
"20201214","01","12","    61580","JP3990790002","1250.0000","1250.0000","1095.0000","1162.0000","1142.0000","1195.0000","1134.0000","1195.0000","1250.0000","1250.0000","1095.0000","1195.0000"," ","0.0000","0.0000","147800","174811900","1182.7598"
"20201214","01","12","    61590","JP3883700001","1131.0000","1131.0000","1130.0000","1130.0000","1130.0000","1130.0000","1130.0000","1130.0000","1131.0000","1131.0000","1130.0000","1130.0000"," ","0.0000","0.0000","500","565200","1130.4000"
"20201214","01","12","    61610","JP3163150000","5030.0000","5030.0000","5030.0000","5030.0000","5000.0000","5030.0000","4965.0000","5030.0000","5030.0000","5030.0000","4965.0000","5030.0000"," ","0.0000","0.0000","800","4010500","5013.1250"
"20201214","01","12","    61640","JP3450900000","1011.0000","1015.0000","1001.0000","1015.0000","1010.0000","1018.0000","1010.0000","1015.0000","1011.0000","1018.0000","1001.0000","1015.0000"," ","0.0000","0.0000","3800","3843500","1011.4474"
"20201214","01","12","    61660","JP3645800008","848.0000","872.0000","847.0000","866.0000","865.0000","877.0000","865.0000","868.0000","848.0000","877.0000","847.0000","868.0000"," ","0.0000","0.0000","87600","75735500","864.5605"
"20201214","01","12","    61720","JP3921280008","783.0000","808.0000","777.0000","792.0000","797.0000","807.0000","788.0000","803.0000","783.0000","808.0000","777.0000","803.0000"," ","0.0000","0.0000","122100","97125100","795.4554"
"20201214","01","12","    61730","JP3107990008","840.0000","840.0000","805.0000","805.0000","806.0000","820.0000","790.0000","790.0000","840.0000","840.0000","790.0000","790.0000"," ","0.0000","0.0000","1900","1555400","818.6316"
"20201214","01","12","    61740","JP3551510005","0.0000","0.0000","0.0000","0.0000","0.0000","0.0000","0.0000","0.0000","0.0000","0.0000","0.0000","0.0000"," ","0.0000","0.0000","0","0","0.0000"
"20201214","01","12","    61760","JP3830700005","499.0000","505.0000","499.0000","504.0000","503.0000","507.0000","503.0000","504.0000","499.0000","507.0000","499.0000","504.0000"," ","0.0000","0.0000","14600","7346300","503.1712"
"20201214","01","12","    61770","JP3121180008","172.0000","172.0000","170.0000","171.0000","172.0000","176.0000","171.0000","176.0000","172.0000","176.0000","170.0000","176.0000"," ","0.0000","0.0000","68400","11764300","171.9927"
"20201214","01","12","    61800","JP3386580009","1521.0000","1553.0000","1521.0000","1546.0000","1540.0000","1540.0000","1523.0000","1523.0000","1521.0000","1553.0000","1521.0000","1523.0000"," ","0.0000","0.0000","1400","2154700","1539.0714"
"20201214","01","12","    61810","JP3780150003","167.0000","171.0000","163.0000","168.0000","167.0000","174.0000","166.0000","169.0000","167.0000","174.0000","163.0000","169.0000"," ","0.0000","0.0000","1769700","297479700","168.0961"
"20201214","01","12","    61820","JP3984160006","2098.0000","2153.0000","2094.0000","2148.0000","2142.0000","2154.0000","2122.0000","2130.0000","2098.0000","2154.0000","2094.0000","2130.0000"," ","0.0000","0.0000","92300","196923400","2133.5146"
"20201214","01","12","    61880","JP3816650000","471.0000","480.0000","471.0000","478.0000","478.0000","478.0000","472.0000","475.0000","471.0000","480.0000","471.0000","475.0000"," ","0.0000","0.0000","51500","24459200","474.9359"
"20201214","01","12","    61900","JP3803010002","612.0000","612.0000","608.0000","608.0000","608.0000","608.0000","604.0000","604.0000","612.0000","612.0000","604.0000","604.0000"," ","0.0000","0.0000","5200","3161000","607.8846"
"20201214","01","12","    61930","JP3778230007","521.0000","539.0000","521.0000","539.0000","539.0000","543.0000","539.0000","543.0000","521.0000","543.0000","521.0000","543.0000"," ","0.0000","0.0000","4700","2466800","524.8511"
"20201214","01","12","    61950","JP3837640006","5530.0000","5660.0000","5370.0000","5660.0000","5660.0000","5660.0000","5660.0000","5660.0000","5530.0000","5660.0000","5370.0000","5660.0000"," ","0.0000","0.0000","239500","1333554000","5568.0752"
"20201214","01","12","    61980","JP3244430009","375.0000","390.0000","370.0000","387.0000","385.0000","386.0000","373.0000","380.0000","375.0000","390.0000","370.0000","380.0000"," ","0.0000","0.0000","98900","37544000","379.6158"
"20201214","01","12","    62310","JP3242200008","2710.0000","2712.0000","2673.0000","2675.0000","2675.0000","2714.0000","2675.0000","2697.0000","2710.0000","2714.0000","2673.0000","2697.0000"," ","0.0000","0.0000","5200","14000600","2692.4231"
"20201214","01","12","    62320","JP3394900009","2833.0000","2840.0000","2792.0000","2800.0000","2798.0000","2804.0000","2777.0000","2800.0000","2833.0000","2840.0000","2777.0000","2800.0000"," ","0.0000","0.0000","148700","416779900","2802.8238"
"20201214","01","12","    62330","JP3256960000","757.0000","884.0000","751.0000","884.0000","884.0000","884.0000","884.0000","884.0000","757.0000","884.0000","751.0000","884.0000"," ","0.0000","0.0000","559800","469244600","838.2362"
"20201214","01","12","    62390","JP3647100001","709.0000","721.0000","703.0000","715.0000","715.0000","718.0000","700.0000","704.0000","709.0000","721.0000","700.0000","704.0000"," ","0.0000","0.0000","27400","19490600","711.3358"
"20201214","01","12","    62450","JP3795800006","2059.0000","2124.0000","2059.0000","2107.0000","2113.0000","2125.0000","2067.0000","2080.0000","2059.0000","2125.0000","2059.0000","2080.0000"," ","0.0000","0.0000","207600","435247800","2096.5694"
"20201214","01","12","    62460","JP3147200004","1132.0000","1194.0000","1130.0000","1172.0000","1173.0000","1176.0000","1155.0000","1170.0000","1132.0000","1194.0000","1130.0000","1170.0000"," ","0.0000","0.0000","232500","270383100","1162.9381"
"20201214","01","12","    62480","JP3955250000","1189.0000","1189.0000","1127.0000","1171.0000","1187.0000","1188.0000","1175.0000","1187.0000","1189.0000","1189.0000","1127.0000","1187.0000"," ","0.0000","0.0000","4500","5262900","1169.5333"
"20201214","01","12","    62490","JP3282270002","1154.0000","1156.0000","1153.0000","1156.0000","1159.0000","1160.0000","1156.0000","1158.0000","1154.0000","1160.0000","1153.0000","1158.0000"," ","0.0000","0.0000","2200","2544200","1156.4545"
"20201214","01","12","    62540","JP3762950008","3715.0000","3900.0000","3690.0000","3900.0000","3900.0000","3960.0000","3875.0000","3900.0000","3715.0000","3960.0000","3690.0000","3900.0000"," ","0.0000","0.0000","360900","1399873000","3878.8390"
"20201214","01","12","    62550","JP3165840004","857.0000","936.0000","850.0000","920.0000","919.0000","932.0000","906.0000","922.0000","857.0000","936.0000","850.0000","922.0000"," ","0.0000","0.0000","7812300","7110783800","910.2036"
"20201214","01","12","    62570","JP3814600007","767.0000","771.0000","765.0000","770.0000","769.0000","770.0000","767.0000","768.0000","767.0000","771.0000","765.0000","768.0000"," ","0.0000","0.0000","21000","16120800","767.6571"
"20201214","01","12","    62650","JP3910200009","1769.0000","1779.0000","1739.0000","1743.0000","1748.0000","1761.0000","1746.0000","1761.0000","1769.0000","1779.0000","1739.0000","1761.0000"," ","0.0000","0.0000","3400","5974600","1757.2353"
"20201214","01","12","    62670","JP3428700003","0.0000","0.0000","0.0000","0.0000","0.0000","0.0000","0.0000","0.0000","0.0000","0.0000","0.0000","0.0000"," ","0.0000","0.0000","0","0","0.0000"
"20201214","01","12","    62710","JP3678400007","1171.0000","1171.0000","1171.0000","1171.0000","1193.0000","1193.0000","1188.0000","1188.0000","1171.0000","1193.0000","1171.0000","1188.0000"," ","0.0000","0.0000","300","355200","1184.0000"
"20201214","01","12","    62760","JP3651100004","378.0000","379.0000","373.0000","374.0000","378.0000","378.0000","377.0000","378.0000","378.0000","379.0000","373.0000","378.0000"," ","0.0000","0.0000","6400","2412000","376.8750"
"20201214","01","12","    62790","JP3411900008","1050.0000","1072.0000","1050.0000","1064.0000","1064.0000","1064.0000","1051.0000","1052.0000","1050.0000","1072.0000","1050.0000","1052.0000"," ","0.0000","0.0000","3000","3170500","1056.8333"
"20201214","01","12","    62810","JP3861400004","461.0000","469.0000","461.0000","464.0000","465.0000","468.0000","454.0000","461.0000","461.0000","469.0000","454.0000","461.0000"," ","0.0000","0.0000","47900","22112700","461.6430"
"20201214","01","12","    62860","JP3414800007","686.0000","687.0000","640.0000","687.0000","685.0000","685.0000","666.0000","685.0000","686.0000","687.0000","640.0000","685.0000"," ","0.0000","0.0000","16700","11268400","674.7545"
"20201214","01","12","    62970","JP3286800002","458.0000","458.0000","450.0000","455.0000","455.0000","455.0000","449.0000","455.0000","458.0000","458.0000","449.0000","455.0000"," ","0.0000","0.0000","32600","14764900","452.9110"
"20201214","01","12","    62990","JP3376000000","2185.0000","2241.0000","2181.0000","2234.0000","2240.0000","2281.0000","2240.0000","2269.0000","2185.0000","2281.0000","2181.0000","2269.0000"," ","0.0000","0.0000","52000","115972800","2230.2462"
"20201214","01","12","    63030","JP3319000000","2260.0000","2260.0000","2249.0000","2249.0000","2260.0000","2260.0000","2260.0000","2260.0000","2260.0000","2260.0000","2249.0000","2260.0000"," ","0.0000","0.0000","1100","2481800","2256.1818"
"20201214","01","12","    63070","JP3334500000","482.0000","485.0000","462.0000","483.0000","484.0000","490.0000","484.0000","489.0000","482.0000","490.0000","462.0000","489.0000"," ","0.0000","0.0000","23400","11268300","481.5513"
"20201214","01","12","    63120","JP3829400005","693.0000","695.0000","691.0000","694.0000","694.0000","707.0000","693.0000","703.0000","693.0000","707.0000","691.0000","703.0000"," ","0.0000","0.0000","42200","29464200","698.2038"
"20201214","01","12","    63220","JP3462620000","1520.0000","1521.0000","1515.0000","1515.0000","1512.0000","1520.0000","1501.0000","1520.0000","1520.0000","1521.0000","1501.0000","1520.0000"," ","0.0000","0.0000","2300","3489900","1517.3478"
"20201214","01","12","    63240","JP3765150002","8650.0000","8710.0000","8560.0000","8700.0000","8700.0000","8750.0000","8650.0000","8710.0000","8650.0000","8750.0000","8560.0000","8710.0000"," ","0.0000","0.0000","275600","2394943000","8689.9238"
"20201214","01","12","    63270","JP3237150002","650.0000","672.0000","636.0000","664.0000","664.0000","665.0000","653.0000","663.0000","650.0000","672.0000","636.0000","663.0000"," ","0.0000","0.0000","226900","149468100","658.7400"
"20201214","01","12","    63340","JP3916600004","330.0000","348.0000","327.0000","348.0000","348.0000","350.0000","342.0000","343.0000","330.0000","350.0000","327.0000","343.0000"," ","0.0000","0.0000","158200","54231000","342.8003"
"20201214","01","12","    63360","JP3134450000","888.0000","888.0000","823.0000","879.0000","864.0000","920.0000","851.0000","879.0000","888.0000","920.0000","823.0000","879.0000"," ","0.0000","0.0000","295300","258167500","874.2550"
"20201214","01","12","    63370","JP3545160008","848.0000","860.0000","846.0000","856.0000","852.0000","862.0000","851.0000","862.0000","848.0000","862.0000","846.0000","862.0000"," ","0.0000","0.0000","12400","10590900","854.1048"
"20201214","01","12","    63380","JP3457720005","671.0000","676.0000","646.0000","649.0000","650.0000","694.0000","650.0000","689.0000","671.0000","694.0000","646.0000","689.0000"," ","0.0000","0.0000","135000","89991000","666.6000"
"20201214","01","12","    63420","JP3446400008","1662.0000","1667.0000","1662.0000","1667.0000","1703.0000","1703.0000","1663.0000","1668.0000","1662.0000","1703.0000","1662.0000","1668.0000"," ","0.0000","0.0000","1100","1843100","1675.5455"
"20201214","01","12","    63430","JP3826600003","114.0000","115.0000","112.0000","113.0000","113.0000","114.0000","113.0000","113.0000","114.0000","115.0000","112.0000","113.0000"," ","0.0000","0.0000","71000","8085200","113.8761"
"20201214","01","12","    63460","JP3236400002","3450.0000","3470.0000","3450.0000","3470.0000","3475.0000","3500.0000","3475.0000","3500.0000","3450.0000","3500.0000","3450.0000","3500.0000"," ","0.0000","0.0000","1800","6249500","3471.9444"
"20201214","01","12","    63470","JP3832400000","1011.0000","1035.0000","1011.0000","1034.0000","1035.0000","1035.0000","1013.0000","1026.0000","1011.0000","1035.0000","1011.0000","1026.0000"," ","0.0000","0.0000","7300","7431100","1017.9589"
"20201214","01","12","    63570","JP3334800004","612.0000","622.0000","608.0000","618.0000","620.0000","620.0000","608.0000","608.0000","612.0000","622.0000","608.0000","608.0000"," ","0.0000","0.0000","70600","43347000","613.9802"
"20201214","01","12","    63600","JP3578200002","0.0000","0.0000","0.0000","0.0000","1673.0000","1673.0000","1673.0000","1673.0000","1673.0000","1673.0000","1673.0000","1673.0000"," ","0.0000","0.0000","200","334600","1673.0000"
"20201214","01","12","    63650","JP3550800001","3560.0000","3580.0000","3560.0000","3580.0000","3580.0000","3595.0000","3510.0000","3555.0000","3560.0000","3595.0000","3510.0000","3555.0000"," ","0.0000","0.0000","1200","4259000","3549.1667"
"20201214","01","12","    63660","JP3528600004","255.0000","280.0000","251.0000","275.0000","275.0000","282.0000","272.0000","282.0000","255.0000","282.0000","251.0000","282.0000"," ","0.0000","0.0000","5209200","1414836300","271.6034"
"20201214","01","12","    63800","JP3198800009","616.0000","622.0000","610.0000","620.0000","614.0000","614.0000","610.0000","610.0000","616.0000","622.0000","610.0000","610.0000"," ","0.0000","0.0000","3300","2028700","614.7576"
"20201214","01","12","    63820","JP3637000005","745.0000","746.0000","730.0000","745.0000","736.0000","743.0000","730.0000","730.0000","745.0000","746.0000","730.0000","730.0000"," ","0.0000","0.0000","2500","1844200","737.6800"
"20201214","01","12","    63840","JP3366950008","1570.0000","1598.0000","1570.0000","1593.0000","1596.0000","1599.0000","1580.0000","1590.0000","1570.0000","1599.0000","1570.0000","1590.0000"," ","0.0000","0.0000","13000","20586100","1583.5462"
"20201214","01","12","    63910","JP3212200004","4635.0000","4830.0000","4580.0000","4695.0000","4695.0000","4795.0000","4600.0000","4615.0000","4635.0000","4830.0000","4580.0000","4615.0000"," ","0.0000","0.0000","48500","227780500","4696.5052"
"20201214","01","12","    63920","JP3938600008","2534.0000","2548.0000","2534.0000","2548.0000","0.0000","0.0000","0.0000","0.0000","2534.0000","2548.0000","2534.0000","2548.0000"," ","0.0000","0.0000","300","763000","2543.3333"
"20201214","01","12","    63960","JP3158000004","2424.0000","2424.0000","2420.0000","2420.0000","2409.0000","2409.0000","2409.0000","2409.0000","2424.0000","2424.0000","2409.0000","2409.0000"," ","0.0000","0.0000","500","1209700","2419.4000"
"20201214","01","12","    64000","JP3815100007","1491.0000","1670.0000","1476.0000","1571.0000","1571.0000","1628.0000","1520.0000","1571.0000","1491.0000","1670.0000","1476.0000","1571.0000"," ","0.0000","0.0000","5204300","8228089200","1581.0175"
"20201214","01","12","    64020","JP3217300007","1306.0000","1306.0000","1288.0000","1288.0000","1288.0000","1300.0000","1270.0000","1274.0000","1306.0000","1306.0000","1270.0000","1274.0000"," ","0.0000","0.0000","2200","2837400","1289.7273"
"20201214","01","12","    64030","JP3395800000","2100.0000","2100.0000","2100.0000","2100.0000","2110.0000","2110.0000","2100.0000","2100.0000","2100.0000","2110.0000","2100.0000","2100.0000"," ","0.0000","0.0000","400","842000","2105.0000"
"20201214","01","12","    64050","JP3398700009","1509.0000","1525.0000","1505.0000","1524.0000","1504.0000","1511.0000","1500.0000","1511.0000","1509.0000","1525.0000","1500.0000","1511.0000"," ","0.0000","0.0000","2500","3772500","1509.0000"
"20201214","01","12","    64080","JP3195200005","2488.0000","2510.0000","2473.0000","2500.0000","2500.0000","2510.0000","2488.0000","2492.0000","2488.0000","2510.0000","2473.0000","2492.0000"," ","0.0000","0.0000","4700","11731200","2496.0000"
"20201214","01","12","    64110","JP3644000006","6310.0000","6320.0000","6310.0000","6320.0000","6330.0000","6330.0000","6320.0000","6320.0000","6310.0000","6330.0000","6310.0000","6320.0000"," ","0.0000","0.0000","3000","18969000","6323.0000"
"20201214","01","12","    64140","JP3225600000","0.0000","0.0000","0.0000","0.0000","1436.0000","1436.0000","1436.0000","1436.0000","1436.0000","1436.0000","1436.0000","1436.0000"," ","0.0000","0.0000","900","1292400","1436.0000"
"20201214","01","12","    64160","JP3212800001","597.0000","597.0000","597.0000","597.0000","0.0000","0.0000","0.0000","0.0000","597.0000","597.0000","597.0000","597.0000"," ","0.0000","0.0000","100","59700","597.0000"
"20201214","01","12","    64240","JP3458300005","916.0000","933.0000","916.0000","917.0000","915.0000","921.0000","915.0000","921.0000","916.0000","933.0000","915.0000","921.0000"," ","0.0000","0.0000","2500","2297200","918.8800"
"20201214","01","12","    64250","JP3126130008","2333.0000","2395.0000","2330.0000","2387.0000","2370.0000","2384.0000","2366.0000","2371.0000","2333.0000","2395.0000","2330.0000","2371.0000"," ","0.0000","0.0000","95200","225641200","2370.1807"
"20201214","01","12","    64330","JP3783050002","402.0000","404.0000","365.0000","378.0000","378.0000","412.0000","373.0000","388.0000","402.0000","412.0000","365.0000","388.0000"," ","0.0000","0.0000","988600","382003100","386.4082"
"20201214","01","12","    64660","JP3558810002","1933.0000","1935.0000","1928.0000","1928.0000","1920.0000","1939.0000","1920.0000","1934.0000","1933.0000","1939.0000","1920.0000","1934.0000"," ","0.0000","0.0000","4700","9089500","1933.9362"
"20201214","01","12","    64670","JP3661940001","549.0000","565.0000","545.0000","546.0000","562.0000","572.0000","553.0000","564.0000","549.0000","572.0000","545.0000","564.0000"," ","0.0000","0.0000","57200","32059900","560.4878"
"20201214","01","12","    64690","JP3839600008","831.0000","915.0000","802.0000","833.0000","836.0000","846.0000","783.0000","805.0000","831.0000","915.0000","783.0000","805.0000"," ","0.0000","0.0000","1620000","1372649400","847.3144"
"20201214","01","12","    64840","JP3277250001","1800.0000","1800.0000","1794.0000","1794.0000","1794.0000","1794.0000","1792.0000","1794.0000","1800.0000","1800.0000","1792.0000","1794.0000"," ","0.0000","0.0000","1100","1976300","1796.6364"
"20201214","01","12","    64880","JP3957200003","1000.0000","1007.0000","991.0000","1000.0000","999.0000","999.0000","999.0000","999.0000","1000.0000","1007.0000","991.0000","999.0000"," ","0.0000","0.0000","3500","3495500","998.7143"
"20201214","01","12","    64920","JP3191600000","0.0000","0.0000","0.0000","0.0000","0.0000","0.0000","0.0000","0.0000","0.0000","0.0000","0.0000","0.0000"," ","0.0000","0.0000","0","0","0.0000"
"20201214","01","12","    64930","JP3680000001","200.0000","203.0000","200.0000","203.0000","203.0000","204.0000","202.0000","202.0000","200.0000","204.0000","200.0000","202.0000"," ","0.0000","0.0000","12900","2598100","201.4031"
"20201214","01","12","    64940","JP3748200007","109.0000","118.0000","106.0000","117.0000","117.0000","124.0000","113.0000","117.0000","109.0000","124.0000","106.0000","117.0000"," ","0.0000","0.0000","4767900","553402700","116.0684"
"20201214","01","12","    64950","JP3907600005","230.0000","232.0000","222.0000","232.0000","232.0000","238.0000","226.0000","228.0000","230.0000","238.0000","222.0000","228.0000"," ","0.0000","0.0000","2502300","573451200","229.1696"
"20201214","01","12","    64960","JP3642000008","2846.0000","2940.0000","2846.0000","2890.0000","2898.0000","2898.0000","2896.0000","2896.0000","2846.0000","2940.0000","2846.0000","2896.0000"," ","0.0000","0.0000","1900","5462600","2875.0526"
"20201214","01","12","    64970","JP3770400004","1568.0000","1568.0000","1485.0000","1507.0000","1510.0000","1513.0000","1479.0000","1500.0000","1568.0000","1568.0000","1479.0000","1500.0000"," ","0.0000","0.0000","74900","112855100","1506.7437"
"20201214","01","12","    65020","JP3592200004","2984.0000","3070.0000","2980.0000","3060.0000","3060.0000","3065.0000","3035.0000","3040.0000","2984.0000","3070.0000","2980.0000","3040.0000"," ","0.0000","0.0000","1790000","5444228500","3041.4684"
"20201214","01","12","    65180","JP3335300004","0.0000","0.0000","0.0000","0.0000","1136.0000","1145.0000","1136.0000","1145.0000","1136.0000","1145.0000","1136.0000","1145.0000"," ","0.0000","0.0000","800","914100","1142.6250"
"20201214","01","12","    65310","JP3974780003","1125.0000","1179.0000","1125.0000","1171.0000","1160.0000","1165.0000","1142.0000","1151.0000","1125.0000","1179.0000","1125.0000","1151.0000"," ","0.0000","0.0000","19600","22548500","1150.4337"
"20201214","01","12","    65370","JP3155550001","630.0000","637.0000","630.0000","636.0000","632.0000","636.0000","632.0000","633.0000","630.0000","637.0000","630.0000","633.0000"," ","0.0000","0.0000","5100","3227200","632.7843"
"20201214","01","12","    65420","JP3166960009","930.0000","938.0000","930.0000","932.0000","932.0000","935.0000","926.0000","926.0000","930.0000","938.0000","926.0000","926.0000"," ","0.0000","0.0000","10800","10064400","931.8889"
"20201214","01","12","    65430","JP3679810006","1230.0000","1270.0000","1230.0000","1264.0000","1270.0000","1270.0000","1270.0000","1270.0000","1230.0000","1270.0000","1230.0000","1270.0000"," ","0.0000","0.0000","1300","1628900","1253.0000"
"20201214","01","12","    65450","JP3152880005","580.0000","580.0000","566.0000","569.0000","569.0000","571.0000","566.0000","571.0000","580.0000","580.0000","566.0000","571.0000"," ","0.0000","0.0000","15300","8732100","570.7255"
"20201214","01","12","    65480","JP3470000005","1049.0000","1075.0000","1045.0000","1063.0000","1062.0000","1062.0000","1031.0000","1042.0000","1049.0000","1075.0000","1031.0000","1042.0000"," ","0.0000","0.0000","10300","10860100","1054.3786"
"20201214","01","12","    65490","JP3548790009","3135.0000","3185.0000","3050.0000","3160.0000","3150.0000","3225.0000","3130.0000","3215.0000","3135.0000","3225.0000","3050.0000","3215.0000"," ","0.0000","0.0000","36600","115156000","3146.3388"
"20201214","01","12","    65500","JP3826780003","475.0000","475.0000","460.0000","464.0000","464.0000","464.0000","456.0000","461.0000","475.0000","475.0000","456.0000","461.0000"," ","0.0000","0.0000","43400","20126000","463.7327"
"20201214","01","12","    65540","JP3163970001","415.0000","415.0000","399.0000","403.0000","408.0000","408.0000","400.0000","400.0000","415.0000","415.0000","399.0000","400.0000"," ","0.0000","0.0000","12900","5209800","403.8605"
"20201214","01","12","    65560","JP3155390002","1429.0000","1450.0000","1418.0000","1433.0000","1420.0000","1422.0000","1411.0000","1414.0000","1429.0000","1450.0000","1411.0000","1414.0000"," ","0.0000","0.0000","213600","304586500","1425.9668"
"20201214","01","12","    65570","JP3274360001","1129.0000","1129.0000","1112.0000","1122.0000","1122.0000","1124.0000","1114.0000","1120.0000","1129.0000","1129.0000","1112.0000","1120.0000"," ","0.0000","0.0000","8000","8957800","1119.7250"
"20201214","01","12","    65580","JP3266210008","1099.0000","1099.0000","1079.0000","1079.0000","1084.0000","1084.0000","1057.0000","1083.0000","1099.0000","1099.0000","1057.0000","1083.0000"," ","0.0000","0.0000","8500","9156800","1077.2706"
"20201214","01","12","    65610","JP3769900006","619.0000","632.0000","619.0000","625.0000","625.0000","625.0000","612.0000","612.0000","619.0000","632.0000","612.0000","612.0000"," ","0.0000","0.0000","11800","7321300","620.4492"
"20201214","01","12","    65620","JP3386640001","812.0000","830.0000","801.0000","816.0000","815.0000","823.0000","809.0000","814.0000","812.0000","830.0000","801.0000","814.0000"," ","0.0000","0.0000","44700","36477200","816.0447"
"20201214","01","12","    65630","JP3910630007","5300.0000","5550.0000","5290.0000","5510.0000","5510.0000","5720.0000","5470.0000","5690.0000","5300.0000","5720.0000","5290.0000","5690.0000"," ","0.0000","0.0000","15500","85648000","5525.6774"
"20201214","01","12","    65650","JP3160610006","1070.0000","1085.0000","1070.0000","1085.0000","1085.0000","1095.0000","1085.0000","1095.0000","1070.0000","1095.0000","1070.0000","1095.0000"," ","0.0000","0.0000","1900","2047000","1077.3684"
"20201214","01","12","    65660","JP3215150008","910.0000","920.0000","895.0000","916.0000","912.0000","1046.0000","905.0000","967.0000","910.0000","1046.0000","895.0000","967.0000"," ","0.0000","0.0000","363000","353710200","974.4083"
"20201214","01","12","    65670","JP3423560006","1151.0000","1152.0000","1110.0000","1145.0000","1150.0000","1206.0000","1145.0000","1196.0000","1151.0000","1206.0000","1110.0000","1196.0000"," ","0.0000","0.0000","105200","123178700","1170.9002"
"20201214","01","12","    65680","JP3290400005","1664.0000","1684.0000","1659.0000","1672.0000","1657.0000","1688.0000","1655.0000","1672.0000","1664.0000","1688.0000","1655.0000","1672.0000"," ","0.0000","0.0000","15900","26574800","1671.3711"
"20201214","01","12","    65700","JP3254830007","369.0000","371.0000","369.0000","371.0000","371.0000","372.0000","371.0000","371.0000","369.0000","372.0000","369.0000","371.0000"," ","0.0000","0.0000","8900","3292800","369.9775"
"20201214","01","12","    65730","JP3119610008","535.0000","615.0000","535.0000","615.0000","615.0000","615.0000","615.0000","615.0000","535.0000","615.0000","535.0000","615.0000"," ","0.0000","0.0000","177700","106424700","598.9010"
"20201214","01","12","    65740","JP3305980009","551.0000","564.0000","551.0000","564.0000","562.0000","562.0000","562.0000","562.0000","551.0000","564.0000","551.0000","562.0000"," ","0.0000","0.0000","10400","5750300","552.9135"
"20201214","01","12","    65750","JP3794480008","631.0000","641.0000","631.0000","632.0000","632.0000","641.0000","632.0000","637.0000","631.0000","641.0000","631.0000","637.0000"," ","0.0000","0.0000","4900","3114200","635.5510"
"20201214","01","12","    65760","JP3953630005","0.0000","0.0000","0.0000","0.0000","0.0000","0.0000","0.0000","0.0000","0.0000","0.0000","0.0000","0.0000"," ","0.0000","0.0000","0","0","0.0000"
"20201214","01","12","    65770","JP3835590005","1884.0000","1888.0000","1801.0000","1845.0000","1831.0000","1854.0000","1810.0000","1817.0000","1884.0000","1888.0000","1801.0000","1817.0000"," ","0.0000","0.0000","14200","26114700","1839.0634"
"20201214","01","12","    65780","JP3165860002","363.0000","363.0000","355.0000","359.0000","351.0000","352.0000","351.0000","352.0000","363.0000","363.0000","351.0000","352.0000"," ","0.0000","0.0000","3800","1369600","360.4211"
"20201214","01","12","    65790","JP3984110001","3090.0000","3155.0000","2990.0000","3090.0000","3125.0000","3145.0000","3090.0000","3105.0000","3090.0000","3155.0000","2990.0000","3105.0000"," ","0.0000","0.0000","94300","291130400","3087.2789"
"20201214","01","12","    65800","JP3965450004","2857.0000","2894.0000","2736.0000","2846.0000","2827.0000","2890.0000","2827.0000","2861.0000","2857.0000","2894.0000","2736.0000","2861.0000"," ","0.0000","0.0000","33700","95649300","2838.2582"
"20201214","01","12","    65960","JP3532900002","0.0000","0.0000","0.0000","0.0000","0.0000","0.0000","0.0000","0.0000","0.0000","0.0000","0.0000","0.0000"," ","0.0000","0.0000","0","0","0.0000"
"20201214","01","12","    65970","JP3160940007","2625.0000","2631.0000","2590.0000","2598.0000","2592.0000","2596.0000","2572.0000","2579.0000","2625.0000","2631.0000","2572.0000","2579.0000"," ","0.0000","0.0000","42400","110015600","2594.7075"
"20201214","01","12","    65990","JP3167220007","3310.0000","3430.0000","3275.0000","3375.0000","3395.0000","3450.0000","3385.0000","3410.0000","3310.0000","3450.0000","3275.0000","3410.0000"," ","0.0000","0.0000","25400","86252000","3395.7480"
"20201214","01","12","    66180","JP3174900005","830.0000","915.0000","826.0000","879.0000","879.0000","952.0000","858.0000","925.0000","830.0000","952.0000","826.0000","925.0000"," ","0.0000","0.0000","1276100","1143074300","895.7561"
"20201214","01","12","    66250","JP3390220006","207.0000","209.0000","205.0000","207.0000","208.0000","209.0000","206.0000","209.0000","207.0000","209.0000","205.0000","209.0000"," ","0.0000","0.0000","245900","50958200","207.2314"
"20201214","01","12","    66260","JP3423350002","6120.0000","6820.0000","6070.0000","6780.0000","6840.0000","7000.0000","6750.0000","6870.0000","6120.0000","7000.0000","6070.0000","6870.0000"," ","0.0000","0.0000","496300","3308622000","6666.5767"
"20201214","01","12","    66270","JP3546550009","709.0000","714.0000","706.0000","711.0000","711.0000","720.0000","706.0000","717.0000","709.0000","720.0000","706.0000","717.0000"," ","0.0000","0.0000","35800","25461100","711.2039"
"20201214","01","12","    66280","JP3202110007","20.0000","20.0000","19.0000","20.0000","19.0000","20.0000","19.0000","20.0000","20.0000","20.0000","19.0000","20.0000"," ","0.0000","0.0000","831000","16529700","19.8913"
"20201214","01","12","    66290","JP3545220000","749.0000","762.0000","745.0000","753.0000","754.0000","754.0000","748.0000","749.0000","749.0000","762.0000","745.0000","749.0000"," ","0.0000","0.0000","162400","122278800","752.9483"
"20201214","01","12","    66330","JP3126390008","360.0000","362.0000","346.0000","351.0000","351.0000","365.0000","350.0000","355.0000","360.0000","365.0000","346.0000","355.0000"," ","0.0000","0.0000","122600","43501400","354.8238"
"20201214","01","12","    66340","JP3758170009","182.0000","184.0000","182.0000","184.0000","183.0000","184.0000","183.0000","183.0000","182.0000","184.0000","182.0000","183.0000"," ","0.0000","0.0000","32900","6018300","182.9271"
"20201214","01","12","    66350","JP3493200004","629.0000","680.0000","629.0000","636.0000","636.0000","641.0000","610.0000","610.0000","629.0000","680.0000","610.0000","610.0000"," ","0.0000","0.0000","152700","97128000","636.0707"
"20201214","01","12","    66370","JP3546100003","1022.0000","1032.0000","1016.0000","1030.0000","1030.0000","1035.0000","1017.0000","1030.0000","1022.0000","1035.0000","1016.0000","1030.0000"," ","0.0000","0.0000","8900","9141000","1027.0787"
"20201214","01","12","    66390","JP3306030002","1689.0000","1720.0000","1689.0000","1720.0000","1715.0000","1719.0000","1702.0000","1702.0000","1689.0000","1720.0000","1689.0000","1702.0000"," ","0.0000","0.0000","13200","22584000","1710.9091"
"20201214","01","12","    66430","JP3623400003","1649.0000","1655.0000","1649.0000","1651.0000","1659.0000","1659.0000","1643.0000","1657.0000","1649.0000","1659.0000","1643.0000","1657.0000"," ","0.0000","0.0000","2700","4460400","1652.0000"
"20201214","01","12","    66470","JP3923200004","0.0000","0.0000","0.0000","0.0000","0.0000","0.0000","0.0000","0.0000","0.0000","0.0000","0.0000","0.0000"," ","0.0000","0.0000","0","0","0.0000"
"20201214","01","12","    66480","JP3225000003","0.0000","0.0000","0.0000","0.0000","0.0000","0.0000","0.0000","0.0000","0.0000","0.0000","0.0000","0.0000"," ","0.0000","0.0000","0","0","0.0000"
"20201214","01","12","    66560","JP3152650002","2449.0000","2539.0000","2401.0000","2493.0000","2464.0000","2513.0000","2410.0000","2486.0000","2449.0000","2539.0000","2401.0000","2486.0000"," ","0.0000","0.0000","219900","543180900","2470.1269"
"20201214","01","12","    66580","JP3369500008","265.0000","288.0000","265.0000","277.0000","280.0000","283.0000","276.0000","282.0000","265.0000","288.0000","265.0000","282.0000"," ","0.0000","0.0000","329800","91834500","278.4551"
"20201214","01","12","    66590","JP3921120006","432.0000","446.0000","430.0000","437.0000","513.0000","513.0000","513.0000","513.0000","432.0000","513.0000","430.0000","513.0000"," ","0.0000","0.0000","138700","67566800","487.1435"
"20201214","01","12","    66620","JP3100620008","249.0000","249.0000","246.0000","248.0000","248.0000","253.0000","247.0000","252.0000","249.0000","253.0000","246.0000","252.0000"," ","0.0000","0.0000","15100","3761600","249.1126"
"20201214","01","12","    66630","JP3451100006","404.0000","414.0000","402.0000","410.0000","410.0000","410.0000","405.0000","405.0000","404.0000","414.0000","402.0000","405.0000"," ","0.0000","0.0000","10800","4395300","406.9722"
"20201214","01","12","    66640","JP3197740008","370.0000","374.0000","366.0000","370.0000","370.0000","370.0000","368.0000","368.0000","370.0000","374.0000","366.0000","368.0000"," ","0.0000","0.0000","26100","9650000","369.7318"
"20201214","01","12","    66660","JP3974550000","1540.0000","1551.0000","1491.0000","1505.0000","1512.0000","1512.0000","1460.0000","1475.0000","1540.0000","1551.0000","1460.0000","1475.0000"," ","0.0000","0.0000","395700","594719700","1502.9560"
"20201214","01","12","    66680","JP3122010006","1136.0000","1155.0000","1126.0000","1143.0000","1138.0000","1141.0000","1130.0000","1130.0000","1136.0000","1155.0000","1126.0000","1130.0000"," ","0.0000","0.0000","46000","52368700","1138.4500"
"20201214","01","12","    66700","JP3167420003","1017.0000","1058.0000","1017.0000","1047.0000","1043.0000","1053.0000","1042.0000","1053.0000","1017.0000","1058.0000","1017.0000","1053.0000"," ","0.0000","0.0000","788900","823222600","1043.5069"
"20201214","01","12","    66770","JP3162640001","1373.0000","1414.0000","1373.0000","1392.0000","1393.0000","1414.0000","1393.0000","1407.0000","1373.0000","1414.0000","1373.0000","1407.0000"," ","0.0000","0.0000","20000","27962600","1398.1300"
"20201214","01","12","    66940","JP3411820008","1630.0000","1640.0000","1627.0000","1627.0000","1625.0000","1628.0000","1597.0000","1606.0000","1630.0000","1640.0000","1597.0000","1606.0000"," ","0.0000","0.0000","9100","14654600","1610.3956"
"20201214","01","12","    66950","JP3637100003","0.0000","0.0000","0.0000","0.0000","0.0000","0.0000","0.0000","0.0000","0.0000","0.0000","0.0000","0.0000"," ","0.0000","0.0000","0","0","0.0000"
"20201214","01","12","    66960","JP3635680006","1116.0000","1169.0000","1116.0000","1149.0000","1159.0000","1175.0000","1137.0000","1165.0000","1116.0000","1175.0000","1116.0000","1165.0000"," ","0.0000","0.0000","14800","17029600","1150.6486"
"20201214","01","12","    66980","JP3159970007","1009.0000","1039.0000","1005.0000","1021.0000","1023.0000","1023.0000","1010.0000","1016.0000","1009.0000","1039.0000","1005.0000","1016.0000"," ","0.0000","0.0000","34100","34718100","1018.1261"
"20201214","01","12","    67090","JP3918600002","637.0000","639.0000","630.0000","635.0000","636.0000","639.0000","633.0000","636.0000","637.0000","639.0000","630.0000","636.0000"," ","0.0000","0.0000","20000","12711200","635.5600"
"20201214","01","12","    67210","JP3154370005","310.0000","310.0000","300.0000","302.0000","302.0000","303.0000","299.0000","300.0000","310.0000","310.0000","299.0000","300.0000"," ","0.0000","0.0000","842000","254159400","301.8520"
"20201214","01","12","    67220","JP3160680009","1611.0000","1631.0000","1611.0000","1626.0000","1619.0000","1619.0000","1603.0000","1603.0000","1611.0000","1631.0000","1603.0000","1603.0000"," ","0.0000","0.0000","6500","10514300","1617.5846"
"20201214","01","12","    67310","JP3801620000","28.0000","29.0000","28.0000","28.0000","28.0000","29.0000","28.0000","28.0000","28.0000","29.0000","28.0000","28.0000"," ","0.0000","0.0000","468700","13363300","28.5114"
"20201214","01","12","    67340","JP3756250001","2650.0000","2732.0000","2648.0000","2732.0000","2761.0000","2779.0000","2737.0000","2766.0000","2650.0000","2779.0000","2648.0000","2766.0000"," ","0.0000","0.0000","11500","31380700","2728.7565"
"20201214","01","12","    67360","JP3336450006","3055.0000","3065.0000","3010.0000","3020.0000","3045.0000","3045.0000","3020.0000","3030.0000","3055.0000","3065.0000","3010.0000","3030.0000"," ","0.0000","0.0000","20000","60754000","3037.7000"
"20201214","01","12","    67430","JP3490600008","605.0000","609.0000","604.0000","609.0000","0.0000","0.0000","0.0000","0.0000","605.0000","609.0000","604.0000","609.0000","1","609.0000","0.0000","12600","7617400","604.5556"
"20201214","01","12","    67570","JP3171000007","1611.0000","1626.0000","1580.0000","1591.0000","1587.0000","1595.0000","1585.0000","1589.0000","1611.0000","1626.0000","1580.0000","1589.0000"," ","0.0000","0.0000","109300","174474400","1596.2891"
"20201214","01","12","    67690","JP3345600005","709.0000","735.0000","704.0000","722.0000","722.0000","730.0000","721.0000","721.0000","709.0000","735.0000","704.0000","721.0000"," ","0.0000","0.0000","37000","26689900","721.3486"
"20201214","01","12","    67720","JP3576200004","965.0000","967.0000","930.0000","930.0000","931.0000","980.0000","925.0000","970.0000","965.0000","980.0000","925.0000","970.0000"," ","0.0000","0.0000","16500","15695700","951.2545"
"20201214","01","12","    67750","JP3623100009","180.0000","181.0000","179.0000","180.0000","180.0000","181.0000","179.0000","181.0000","180.0000","181.0000","179.0000","181.0000"," ","0.0000","0.0000","21200","3813500","179.8821"
"20201214","01","12","    67760","JP3547600001","841.0000","871.0000","760.0000","871.0000","871.0000","871.0000","871.0000","871.0000","841.0000","871.0000","760.0000","871.0000"," ","0.0000","0.0000","2240500","1853612000","827.3207"
"20201214","01","12","    67770","JP3335410001","1984.0000","2003.0000","1968.0000","1988.0000","1995.0000","1998.0000","1983.0000","1991.0000","1984.0000","2003.0000","1968.0000","1991.0000"," ","0.0000","0.0000","49700","98806600","1988.0604"
"20201214","01","12","    67780","JP3126140007","1560.0000","1579.0000","1540.0000","1575.0000","1572.0000","1578.0000","1560.0000","1567.0000","1560.0000","1579.0000","1540.0000","1567.0000"," ","0.0000","0.0000","111600","174390600","1562.6398"
"20201214","01","12","    67860","JP3969550007","78.0000","80.0000","78.0000","79.0000","79.0000","81.0000","79.0000","79.0000","78.0000","81.0000","78.0000","79.0000"," ","0.0000","0.0000","74500","5912700","79.3651"
"20201214","01","12","    67870","JP3915350007","2022.0000","2037.0000","2020.0000","2025.0000","2025.0000","2025.0000","2008.0000","2014.0000","2022.0000","2037.0000","2008.0000","2014.0000"," ","0.0000","0.0000","67200","135815500","2021.0640"
"20201214","01","12","    68190","JP3855600007","95.0000","96.0000","95.0000","95.0000","95.0000","96.0000","95.0000","95.0000","95.0000","96.0000","95.0000","95.0000"," ","0.0000","0.0000","11200","1071600","95.6786"
"20201214","01","12","    68220","JP3175400005","2589.0000","2601.0000","2589.0000","2601.0000","2614.0000","2626.0000","2614.0000","2626.0000","2589.0000","2626.0000","2589.0000","2626.0000"," ","0.0000","0.0000","700","1819800","2599.7143"
"20201214","01","12","    68240","JP3376400002","1769.0000","1775.0000","1769.0000","1769.0000","1780.0000","1794.0000","1768.0000","1768.0000","1769.0000","1794.0000","1768.0000","1768.0000"," ","0.0000","0.0000","2500","4437300","1774.9200"
"20201214","01","12","    68320","JP3105280006","2256.0000","2291.0000","2215.0000","2228.0000","2225.0000","2239.0000","2211.0000","2211.0000","2256.0000","2291.0000","2211.0000","2211.0000"," ","0.0000","0.0000","20100","45047300","2241.1592"
"20201214","01","12","    68340","JP3414870000","2748.0000","2774.0000","2701.0000","2774.0000","2774.0000","2794.0000","2759.0000","2773.0000","2748.0000","2794.0000","2701.0000","2773.0000"," ","0.0000","0.0000","18200","50174400","2756.8352"
"20201214","01","12","    68350","JP3124900006","99.0000","102.0000","98.0000","101.0000","101.0000","102.0000","100.0000","100.0000","99.0000","102.0000","98.0000","100.0000"," ","0.0000","0.0000","732300","73484700","100.3478"
"20201214","01","12","    68360","JP3833000007","1412.0000","1412.0000","1412.0000","1412.0000","1411.0000","1447.0000","1411.0000","1446.0000","1412.0000","1447.0000","1411.0000","1446.0000"," ","0.0000","0.0000","3000","4284500","1428.1667"
"20201214","01","12","    68370","JP3249230008","274.0000","287.0000","261.0000","278.0000","275.0000","278.0000","273.0000","277.0000","274.0000","287.0000","261.0000","277.0000"," ","0.0000","0.0000","132600","36469700","275.0354"
"20201214","01","12","    68380","JP3470700000","2055.0000","2067.0000","2026.0000","2034.0000","2039.0000","2046.0000","2019.0000","2040.0000","2055.0000","2067.0000","2019.0000","2040.0000"," ","0.0000","0.0000","75600","153749700","2033.7262"
"20201214","01","12","    68400","JP3121980001","4225.0000","4425.0000","4225.0000","4385.0000","4385.0000","4430.0000","4305.0000","4305.0000","4225.0000","4430.0000","4225.0000","4305.0000","2","4305.0000","0.0000","11800","51719000","4382.9661"
"20201214","01","12","    68520","JP3545030003","1270.0000","1285.0000","1270.0000","1285.0000","1281.0000","1281.0000","1281.0000","1281.0000","1270.0000","1285.0000","1270.0000","1281.0000"," ","0.0000","0.0000","300","383600","1278.6667"
"20201214","01","12","    68620","JP3905800003","444.0000","459.0000","439.0000","455.0000","454.0000","457.0000","450.0000","452.0000","444.0000","459.0000","439.0000","452.0000"," ","0.0000","0.0000","91700","41300800","450.3904"
"20201214","01","12","    68630","JP3756400002","870.0000","884.0000","860.0000","868.0000","870.0000","889.0000","870.0000","889.0000","870.0000","889.0000","860.0000","889.0000"," ","0.0000","0.0000","21400","18702500","873.9486"
"20201214","01","12","    68640","JP3164680005","2400.0000","2400.0000","2323.0000","2338.0000","2349.0000","2359.0000","2305.0000","2351.0000","2400.0000","2400.0000","2305.0000","2351.0000"," ","0.0000","0.0000","127700","300316600","2351.7353"
"20201214","01","12","    68670","JP3969350002","718.0000","752.0000","716.0000","742.0000","742.0000","755.0000","740.0000","755.0000","718.0000","755.0000","716.0000","755.0000"," ","0.0000","0.0000","48700","36201200","743.3511"
"20201214","01","12","    68700","JP3749100008","0.0000","0.0000","0.0000","0.0000","1480.0000","1480.0000","1480.0000","1480.0000","1480.0000","1480.0000","1480.0000","1480.0000"," ","0.0000","0.0000","100","148000","1480.0000"
"20201214","01","12","    68740","JP3253850006","2239.0000","2239.0000","2184.0000","2184.0000","2134.0000","2181.0000","2120.0000","2135.0000","2239.0000","2239.0000","2120.0000","2135.0000"," ","0.0000","0.0000","7500","16321600","2176.2133"
"20201214","01","12","    68810","JP3250200007","322.0000","332.0000","322.0000","330.0000","330.0000","330.0000","325.0000","329.0000","322.0000","332.0000","322.0000","329.0000"," ","0.0000","0.0000","250700","82268900","328.1568"
"20201214","01","12","    68820","JP3332600000","881.0000","929.0000","876.0000","912.0000","915.0000","963.0000","913.0000","950.0000","881.0000","963.0000","876.0000","950.0000"," ","0.0000","0.0000","362300","334936900","924.4739"
"20201214","01","12","    68880","JP3108100003","412.0000","416.0000","409.0000","410.0000","411.0000","413.0000","410.0000","412.0000","412.0000","416.0000","409.0000","412.0000"," ","0.0000","0.0000","79200","32594500","411.5467"
"20201214","01","12","    68900","JP3802720007","1400.0000","1456.0000","1396.0000","1448.0000","1453.0000","1523.0000","1449.0000","1506.0000","1400.0000","1523.0000","1396.0000","1506.0000"," ","0.0000","0.0000","1511600","2234530900","1478.2554"
"20201214","01","12","    68940","JP3782000008","1833.0000","1835.0000","1832.0000","1832.0000","1841.0000","1841.0000","1829.0000","1829.0000","1833.0000","1841.0000","1829.0000","1829.0000"," ","0.0000","0.0000","2000","3664800","1832.4000"
"20201214","01","12","    68970","JP3531100000","2012.0000","2072.0000","1812.0000","1890.0000","1871.0000","1935.0000","1754.0000","1765.0000","2012.0000","2072.0000","1754.0000","1765.0000"," ","0.0000","0.0000","5028400","9548173000","1898.8491"
"20201214","01","12","    68980","JP3630700007","1410.0000","1435.0000","1408.0000","1410.0000","1407.0000","1433.0000","1407.0000","1433.0000","1410.0000","1435.0000","1407.0000","1433.0000"," ","0.0000","0.0000","3600","5097300","1415.9167"
"20201214","01","12","    68990","JP3119960007","1512.0000","1556.0000","1512.0000","1552.0000","1554.0000","1557.0000","1530.0000","1536.0000","1512.0000","1557.0000","1512.0000","1536.0000"," ","0.0000","0.0000","19300","29732400","1540.5389"
"20201214","01","12","    69070","JP3386300002","475.0000","498.0000","475.0000","494.0000","494.0000","498.0000","493.0000","498.0000","475.0000","498.0000","475.0000","498.0000"," ","0.0000","0.0000","27500","13538100","492.2945"
"20201214","01","12","    69120","JP3236700005","839.0000","900.0000","811.0000","853.0000","865.0000","885.0000","865.0000","877.0000","839.0000","900.0000","811.0000","877.0000"," ","0.0000","0.0000","26800","22964600","856.8881"
"20201214","01","12","    69180","JP3122500006","3550.0000","3600.0000","3545.0000","3555.0000","3500.0000","3560.0000","3490.0000","3520.0000","3550.0000","3600.0000","3490.0000","3520.0000"," ","0.0000","0.0000","16700","59219000","3546.0479"
"20201214","01","12","    69190","JP3281700009","906.0000","919.0000","903.0000","904.0000","905.0000","906.0000","902.0000","902.0000","906.0000","919.0000","902.0000","902.0000"," ","0.0000","0.0000","11600","10525000","907.3276"
"20201214","01","12","    69300","JP3686600002","1026.0000","1045.0000","1026.0000","1043.0000","1035.0000","1045.0000","1032.0000","1041.0000","1026.0000","1045.0000","1026.0000","1041.0000"," ","0.0000","0.0000","3200","3330000","1040.6250"
"20201214","01","12","    69420","JP3436000008","1370.0000","1370.0000","1320.0000","1328.0000","1331.0000","1388.0000","1323.0000","1388.0000","1370.0000","1388.0000","1320.0000","1388.0000"," ","0.0000","0.0000","13500","18163200","1345.4222"
"20201214","01","12","    69430","JP3691400000","3800.0000","3800.0000","3620.0000","3620.0000","3620.0000","3620.0000","3570.0000","3570.0000","3800.0000","3800.0000","3570.0000","3570.0000"," ","0.0000","0.0000","1300","4690500","3608.0769"
"20201214","01","12","    69440","JP3105150001","1600.0000","1600.0000","1571.0000","1573.0000","1598.0000","1598.0000","1561.0000","1561.0000","1600.0000","1600.0000","1561.0000","1561.0000"," ","0.0000","0.0000","2000","3163300","1581.6500"
"20201214","01","12","    69450","JP3818200002","1535.0000","1536.0000","1535.0000","1535.0000","1535.0000","1535.0000","1535.0000","1535.0000","1535.0000","1536.0000","1535.0000","1535.0000"," ","0.0000","0.0000","46900","71991600","1535.0021"
"20201214","01","12","    69460","JP3686200001","2079.0000","2121.0000","2055.0000","2114.0000","2113.0000","2113.0000","2085.0000","2096.0000","2079.0000","2121.0000","2055.0000","2096.0000"," ","0.0000","0.0000","25500","53350700","2092.1843"
"20201214","01","12","    69550","JP3820400004","1686.0000","1759.0000","1661.0000","1713.0000","1715.0000","1745.0000","1692.0000","1730.0000","1686.0000","1759.0000","1661.0000","1730.0000"," ","0.0000","0.0000","1273400","2191492700","1720.9775"
"20201214","01","12","    69570","JP3354800009","2990.0000","3060.0000","2951.0000","3030.0000","3020.0000","3200.0000","3005.0000","3170.0000","2990.0000","3200.0000","2951.0000","3170.0000"," ","0.0000","0.0000","46500","143962700","3095.9720"
"20201214","01","12","    69600","JP3806000000","7570.0000","7570.0000","7530.0000","7550.0000","7540.0000","7540.0000","7530.0000","7530.0000","7570.0000","7570.0000","7530.0000","7530.0000"," ","0.0000","0.0000","1500","11302000","7534.6667"
"20201214","01","12","    69640","JP3330400007","485.0000","490.0000","481.0000","483.0000","490.0000","490.0000","480.0000","480.0000","485.0000","490.0000","480.0000","480.0000"," ","0.0000","0.0000","5700","2761200","484.4211"
"20201214","01","12","    69690","JP3864400001","616.0000","706.0000","610.0000","678.0000","678.0000","700.0000","641.0000","671.0000","616.0000","706.0000","610.0000","671.0000"," ","0.0000","0.0000","530400","352700100","664.9700"
"20201214","01","12","    69770","JP3730600008","1094.0000","1120.0000","1091.0000","1110.0000","1093.0000","1098.0000","1078.0000","1079.0000","1094.0000","1120.0000","1078.0000","1079.0000"," ","0.0000","0.0000","3000","3277500","1092.5000"
"20201214","01","12","    69820","JP3969400005","977.0000","995.0000","923.0000","950.0000","945.0000","958.0000","936.0000","946.0000","977.0000","995.0000","923.0000","946.0000"," ","0.0000","0.0000","423400","403550400","953.1186"
"20201214","01","12","    69930","JP3926000005","25.0000","25.0000","24.0000","24.0000","24.0000","25.0000","24.0000","24.0000","25.0000","25.0000","24.0000","24.0000"," ","0.0000","0.0000","4275500","104489300","24.4391"
"20201214","01","12","    69940","JP3352800001","580.0000","599.0000","577.0000","589.0000","594.0000","625.0000","590.0000","618.0000","580.0000","625.0000","577.0000","618.0000"," ","0.0000","0.0000","54100","32360400","598.1590"
"20201214","01","12","    69980","JP3727000006","1820.0000","1829.0000","1815.0000","1827.0000","1829.0000","1838.0000","1820.0000","1820.0000","1820.0000","1838.0000","1815.0000","1820.0000"," ","0.0000","0.0000","3500","6383500","1823.8571"
"20201214","01","12","    70180","JP3640400002","1010.0000","1010.0000","1010.0000","1010.0000","1010.0000","1010.0000","995.0000","995.0000","1010.0000","1010.0000","995.0000","995.0000"," ","0.0000","0.0000","1200","1204400","1003.6667"
"20201214","01","12","    70210","JP3680400003","1404.0000","1404.0000","1383.0000","1383.0000","0.0000","0.0000","0.0000","0.0000","1404.0000","1404.0000","1383.0000","1383.0000"," ","0.0000","0.0000","500","694600","1389.2000"
"20201214","01","12","    70360","JP3130210002","2090.0000","2090.0000","2050.0000","2050.0000","2040.0000","2045.0000","2023.0000","2023.0000","2090.0000","2090.0000","2023.0000","2023.0000"," ","0.0000","0.0000","2600","5349300","2057.4231"
"20201214","01","12","    70390","JP3831050004","2436.0000","2480.0000","2431.0000","2452.0000","2452.0000","2490.0000","2426.0000","2452.0000","2436.0000","2490.0000","2426.0000","2452.0000"," ","0.0000","0.0000","27700","68011200","2455.2780"
"20201214","01","12","    70400","JP3342700006","768.0000","785.0000","756.0000","760.0000","761.0000","761.0000","756.0000","756.0000","768.0000","785.0000","756.0000","756.0000"," ","0.0000","0.0000","5700","4328900","759.4561"
"20201214","01","12","    70410","JP3346110004","572.0000","572.0000","555.0000","568.0000","567.0000","567.0000","555.0000","559.0000","572.0000","572.0000","555.0000","559.0000"," ","0.0000","0.0000","14700","8280900","563.3265"
"20201214","01","12","    70420","JP3108190004","802.0000","802.0000","791.0000","796.0000","793.0000","800.0000","793.0000","793.0000","802.0000","802.0000","791.0000","793.0000"," ","0.0000","0.0000","8300","6611800","796.6024"
"20201214","01","12","    70430","JP3126050008","613.0000","620.0000","613.0000","620.0000","616.0000","618.0000","610.0000","611.0000","613.0000","620.0000","610.0000","611.0000"," ","0.0000","0.0000","4500","2762500","613.8889"
"20201214","01","12","    70450","JP3532850009","1321.0000","1339.0000","1321.0000","1339.0000","0.0000","0.0000","0.0000","0.0000","1321.0000","1339.0000","1321.0000","1339.0000"," ","0.0000","0.0000","5100","6751700","1323.8627"
"20201214","01","12","    70460","JP3545250007","2355.0000","2390.0000","2355.0000","2377.0000","2372.0000","2384.0000","2358.0000","2369.0000","2355.0000","2390.0000","2355.0000","2369.0000"," ","0.0000","0.0000","5300","12545100","2367.0000"
"20201214","01","12","    70470","JP3855850008","725.0000","726.0000","697.0000","702.0000","702.0000","707.0000","700.0000","700.0000","725.0000","726.0000","697.0000","700.0000"," ","0.0000","0.0000","78800","55526400","704.6497"
"20201214","01","12","    70480","JP3835830005","454.0000","454.0000","440.0000","444.0000","443.0000","449.0000","438.0000","446.0000","454.0000","454.0000","438.0000","446.0000"," ","0.0000","0.0000","234700","104532000","445.3856"
"20201214","01","12","    70490","JP3348200001","1393.0000","1422.0000","1393.0000","1422.0000","1420.0000","1439.0000","1410.0000","1429.0000","1393.0000","1439.0000","1393.0000","1429.0000"," ","0.0000","0.0000","15700","22212600","1414.8153"
"20201214","01","12","    70500","JP3829520000","1600.0000","1730.0000","1590.0000","1680.0000","1677.0000","1677.0000","1651.0000","1662.0000","1600.0000","1730.0000","1590.0000","1662.0000"," ","0.0000","0.0000","37300","61831400","1657.6783"
"20201214","01","12","    70560","JP3873750008","0.0000","0.0000","0.0000","0.0000","0.0000","0.0000","0.0000","0.0000","0.0000","0.0000","0.0000","0.0000"," ","0.0000","0.0000","0","0","0.0000"
"20201214","01","12","    70570","JP3165050000","1180.0000","1184.0000","1166.0000","1179.0000","1172.0000","1172.0000","1150.0000","1150.0000","1180.0000","1184.0000","1150.0000","1150.0000"," ","0.0000","0.0000","4000","4656400","1164.1000"
"20201214","01","12","    70580","JP3247500006","3020.0000","3030.0000","3000.0000","3005.0000","3000.0000","3035.0000","3000.0000","3025.0000","3020.0000","3035.0000","3000.0000","3025.0000"," ","0.0000","0.0000","2500","7533500","3013.4000"
"20201214","01","12","    70610","JP3750000006","1928.0000","1963.0000","1924.0000","1960.0000","1960.0000","1985.0000","1945.0000","1980.0000","1928.0000","1985.0000","1924.0000","1980.0000"," ","0.0000","0.0000","21400","42077700","1966.2477"
"20201214","01","12","    70620","JP3828950000","866.0000","866.0000","813.0000","825.0000","830.0000","839.0000","806.0000","814.0000","866.0000","866.0000","806.0000","814.0000"," ","0.0000","0.0000","8500","7035800","827.7412"
"20201214","01","12","    70630","JP3160590000","1726.0000","1823.0000","1710.0000","1819.0000","1819.0000","1926.0000","1819.0000","1917.0000","1726.0000","1926.0000","1710.0000","1917.0000"," ","0.0000","0.0000","40200","73603500","1830.9328"
"20201214","01","12","    70640","JP3765460005","2054.0000","2091.0000","2054.0000","2091.0000","2062.0000","2111.0000","2061.0000","2111.0000","2054.0000","2111.0000","2054.0000","2111.0000"," ","0.0000","0.0000","1000","2067900","2067.9000"
"20201214","01","12","    70650","JP3944660004","3760.0000","3765.0000","3635.0000","3635.0000","3660.0000","3685.0000","3630.0000","3680.0000","3760.0000","3765.0000","3630.0000","3680.0000"," ","0.0000","0.0000","44400","162755500","3665.6644"
"20201214","01","12","    70660","JP3801660006","2000.0000","2037.0000","1991.0000","2037.0000","1987.0000","2023.0000","1987.0000","2023.0000","2000.0000","2037.0000","1987.0000","2023.0000"," ","0.0000","0.0000","3700","7423100","2006.2432"
"20201214","01","12","    70670","JP3830750000","1315.0000","1332.0000","1315.0000","1331.0000","1331.0000","1337.0000","1305.0000","1305.0000","1315.0000","1337.0000","1305.0000","1305.0000"," ","0.0000","0.0000","6600","8687900","1316.3485"
"20201214","01","12","    70680","JP3803040009","1140.0000","1183.0000","1134.0000","1176.0000","1180.0000","1180.0000","1146.0000","1158.0000","1140.0000","1183.0000","1134.0000","1158.0000"," ","0.0000","0.0000","140300","162934500","1161.3293"
"20201214","01","12","    70690","JP3311580009","2450.0000","2495.0000","2431.0000","2458.0000","2449.0000","2549.0000","2441.0000","2522.0000","2450.0000","2549.0000","2431.0000","2522.0000"," ","0.0000","0.0000","18500","45873700","2479.6595"
"20201214","01","12","    70700","JP3161610005","589.0000","589.0000","584.0000","589.0000","588.0000","602.0000","588.0000","601.0000","589.0000","602.0000","584.0000","601.0000"," ","0.0000","0.0000","14300","8495000","594.0559"
"20201214","01","12","    70710","JP3128660002","5100.0000","5300.0000","5010.0000","5210.0000","5240.0000","5330.0000","5160.0000","5310.0000","5100.0000","5330.0000","5010.0000","5310.0000"," ","0.0000","0.0000","85000","442840000","5209.8824"
"20201214","01","12","    70720","JP3152890004","1571.0000","1584.0000","1539.0000","1550.0000","1552.0000","1559.0000","1530.0000","1554.0000","1571.0000","1584.0000","1530.0000","1554.0000"," ","0.0000","0.0000","50200","77958400","1552.9562"
"20201214","01","12","    70730","JP3386680007","0.0000","0.0000","0.0000","0.0000","0.0000","0.0000","0.0000","0.0000","0.0000","0.0000","0.0000","0.0000"," ","0.0000","0.0000","0","0","0.0000"
"20201214","01","12","    70740","JP3560570008","869.0000","883.0000","854.0000","859.0000","859.0000","860.0000","852.0000","852.0000","869.0000","883.0000","852.0000","852.0000"," ","0.0000","0.0000","29100","25029700","860.1271"
"20201214","01","12","    70750","JP3244580001","0.0000","0.0000","0.0000","0.0000","0.0000","0.0000","0.0000","0.0000","0.0000","0.0000","0.0000","0.0000"," ","0.0000","0.0000","0","0","0.0000"
"20201214","01","12","    70770","JP3126030000","2097.0000","2187.0000","2097.0000","2180.0000","2180.0000","2190.0000","2159.0000","2159.0000","2097.0000","2190.0000","2097.0000","2159.0000"," ","0.0000","0.0000","5900","12723200","2156.4746"
"20201214","01","12","    70780","JP3152620005","1053.0000","1060.0000","1051.0000","1060.0000","1050.0000","1057.0000","1050.0000","1054.0000","1053.0000","1060.0000","1050.0000","1054.0000"," ","0.0000","0.0000","6100","6435400","1054.9836"
"20201214","01","12","    70790","JP3506010002","3550.0000","3690.0000","3550.0000","3655.0000","3665.0000","3670.0000","3610.0000","3630.0000","3550.0000","3690.0000","3550.0000","3630.0000"," ","0.0000","0.0000","4600","16694000","3629.1304"
"20201214","01","12","    70800","JP3400030007","2065.0000","2070.0000","2012.0000","2012.0000","2005.0000","2032.0000","2005.0000","2031.0000","2065.0000","2070.0000","2005.0000","2031.0000"," ","0.0000","0.0000","2200","4454900","2024.9545"
"20201214","01","12","    70810","JP3283850000","1437.0000","1445.0000","1420.0000","1440.0000","1435.0000","1435.0000","1425.0000","1435.0000","1437.0000","1445.0000","1420.0000","1435.0000"," ","0.0000","0.0000","8700","12446400","1430.6207"
"20201214","01","12","    70820","JP3387960002","2790.0000","2880.0000","2768.0000","2817.0000","2819.0000","2868.0000","2800.0000","2853.0000","2790.0000","2880.0000","2768.0000","2853.0000"," ","0.0000","0.0000","122300","345766400","2827.1987"
"20201214","01","12","    70830","JP3160170001","1465.0000","1488.0000","1465.0000","1487.0000","1480.0000","1487.0000","1480.0000","1485.0000","1465.0000","1488.0000","1465.0000","1485.0000"," ","0.0000","0.0000","4100","6058000","1477.5610"
"20201214","01","12","    70840","JP3240500003","1743.0000","1784.0000","1743.0000","1780.0000","1788.0000","1788.0000","1768.0000","1773.0000","1743.0000","1788.0000","1743.0000","1773.0000"," ","0.0000","0.0000","3100","5490900","1771.2581"
"20201214","01","12","    70860","JP3236900001","1218.0000","1258.0000","1218.0000","1255.0000","1259.0000","1259.0000","1242.0000","1246.0000","1218.0000","1259.0000","1218.0000","1246.0000"," ","0.0000","0.0000","22900","28494900","1244.3188"
"20201214","01","12","    70870","JP3154220002","726.0000","743.0000","723.0000","734.0000","736.0000","745.0000","736.0000","742.0000","726.0000","745.0000","723.0000","742.0000"," ","0.0000","0.0000","19100","13990800","732.5026"
"20201214","01","12","    70890","JP3803070006","1201.0000","1221.0000","1200.0000","1219.0000","1219.0000","1220.0000","1199.0000","1220.0000","1201.0000","1221.0000","1199.0000","1220.0000"," ","0.0000","0.0000","4500","5443600","1209.6889"
"20201214","01","12","    70900","JP3970350009","3500.0000","3630.0000","3300.0000","3630.0000","3650.0000","3680.0000","3605.0000","3635.0000","3500.0000","3680.0000","3300.0000","3635.0000"," ","0.0000","0.0000","37300","132478000","3551.6890"
"20201214","01","12","    70910","JP3974790002","3250.0000","3380.0000","3220.0000","3220.0000","3210.0000","3270.0000","3110.0000","3110.0000","3250.0000","3380.0000","3110.0000","3110.0000"," ","0.0000","0.0000","3800","12262500","3226.9737"
"20201214","01","12","    70930","JP3121500007","1720.0000","1746.0000","1705.0000","1740.0000","1740.0000","1759.0000","1727.0000","1759.0000","1720.0000","1759.0000","1705.0000","1759.0000"," ","0.0000","0.0000","6400","11130100","1739.0781"
"20201214","01","12","    70940","JP3758240000","6950.0000","7050.0000","6650.0000","6680.0000","6700.0000","6700.0000","6510.0000","6520.0000","6950.0000","7050.0000","6510.0000","6520.0000"," ","0.0000","0.0000","68800","462334000","6719.9709"
"20201214","01","12","    70950","JP3862970005","3555.0000","3675.0000","3510.0000","3625.0000","3625.0000","3640.0000","3470.0000","3580.0000","3555.0000","3675.0000","3470.0000","3580.0000"," ","0.0000","0.0000","92000","330926000","3597.0217"
"20201214","01","12","    70970","JP3317700007","2420.0000","2446.0000","2403.0000","2445.0000","2447.0000","2500.0000","2431.0000","2500.0000","2420.0000","2500.0000","2403.0000","2500.0000"," ","0.0000","0.0000","35000","85985700","2456.7343"
"20201214","01","12","    70980","JP3160480004","0.0000","0.0000","0.0000","0.0000","0.0000","0.0000","0.0000","0.0000","0.0000","0.0000","0.0000","0.0000"," ","0.0000","0.0000","0","0","0.0000"
"20201214","01","12","    71570","JP3966660007","1479.0000","1484.0000","1451.0000","1465.0000","1463.0000","1482.0000","1459.0000","1472.0000","1479.0000","1484.0000","1451.0000","1472.0000"," ","0.0000","0.0000","176600","259447300","1469.1240"
"20201214","01","12","    71620","JP3120080001","324.0000","341.0000","323.0000","339.0000","340.0000","342.0000","333.0000","340.0000","324.0000","342.0000","323.0000","340.0000"," ","0.0000","0.0000","195000","65367000","335.2154"
"20201214","01","12","    71690","JP3756270009","0.0000","0.0000","0.0000","0.0000","2242.0000","2242.0000","2242.0000","2242.0000","2242.0000","2242.0000","2242.0000","2242.0000"," ","0.0000","0.0000","100","224200","2242.0000"
"20201214","01","12","    71700","JP3513850002","0.0000","0.0000","0.0000","0.0000","0.0000","0.0000","0.0000","0.0000","0.0000","0.0000","0.0000","0.0000"," ","0.0000","0.0000","0","0","0.0000"
"20201214","01","12","    71750","JP3149120002","1301.0000","1315.0000","1301.0000","1315.0000","1323.0000","1324.0000","1323.0000","1324.0000","1301.0000","1324.0000","1301.0000","1324.0000"," ","0.0000","0.0000","1400","1836800","1312.0000"
"20201214","01","12","    71760","JP3383250002","0.0000","0.0000","0.0000","0.0000","0.0000","0.0000","0.0000","0.0000","0.0000","0.0000","0.0000","0.0000"," ","0.0000","0.0000","0","0","0.0000"
"20201214","01","12","    71770","JP3386550002","686.0000","694.0000","683.0000","689.0000","690.0000","690.0000","683.0000","686.0000","686.0000","694.0000","683.0000","686.0000"," ","0.0000","0.0000","221400","152131000","687.1319"
"20201214","01","12","    71830","JP3127650004","411.0000","414.0000","404.0000","413.0000","413.0000","414.0000","409.0000","411.0000","411.0000","414.0000","404.0000","411.0000"," ","0.0000","0.0000","117300","48073600","409.8346"
"20201214","01","12","    71850","JP3798800003","1950.0000","1960.0000","1938.0000","1946.0000","1946.0000","1948.0000","1940.0000","1948.0000","1950.0000","1960.0000","1938.0000","1948.0000"," ","0.0000","0.0000","8600","16725400","1944.8140"
"20201214","01","12","    72080","JP3217950009","746.0000","747.0000","705.0000","720.0000","728.0000","737.0000","715.0000","715.0000","746.0000","747.0000","705.0000","715.0000"," ","0.0000","0.0000","14700","10709900","728.5646"
"20201214","01","12","    72170","JP3544980000","906.0000","931.0000","902.0000","914.0000","913.0000","913.0000","881.0000","884.0000","906.0000","931.0000","881.0000","884.0000"," ","0.0000","0.0000","22500","20380000","905.7778"
"20201214","01","12","    72180","JP3468790005","579.0000","580.0000","577.0000","578.0000","577.0000","581.0000","577.0000","581.0000","579.0000","581.0000","577.0000","581.0000"," ","0.0000","0.0000","3600","2082500","578.4722"
"20201214","01","12","    72190","JP3164450003","1725.0000","1725.0000","1673.0000","1686.0000","0.0000","0.0000","0.0000","0.0000","1725.0000","1725.0000","1673.0000","1686.0000"," ","0.0000","0.0000","600","1022500","1704.1667"
"20201214","01","12","    72280","JP3548650005","1944.0000","1944.0000","1909.0000","1910.0000","1922.0000","1956.0000","1915.0000","1956.0000","1944.0000","1956.0000","1909.0000","1956.0000"," ","0.0000","0.0000","9400","18193600","1935.4894"
"20201214","01","12","    72290","JP3948900000","1718.0000","1730.0000","1711.0000","1711.0000","1703.0000","1731.0000","1703.0000","1731.0000","1718.0000","1731.0000","1703.0000","1731.0000"," ","0.0000","0.0000","6200","10662700","1719.7903"
"20201214","01","12","    72350","JP3590200006","490.0000","490.0000","485.0000","490.0000","490.0000","496.0000","490.0000","494.0000","490.0000","496.0000","485.0000","494.0000"," ","0.0000","0.0000","16200","7936400","489.9012"
"20201214","01","12","    72540","JP3821400003","237.0000","238.0000","223.0000","238.0000","239.0000","240.0000","233.0000","240.0000","237.0000","240.0000","223.0000","240.0000"," ","0.0000","0.0000","48500","11382100","234.6825"
"20201214","01","12","    72550","JP3317200008","470.0000","470.0000","466.0000","466.0000","470.0000","470.0000","469.0000","469.0000","470.0000","470.0000","466.0000","469.0000"," ","0.0000","0.0000","2100","983500","468.3333"
"20201214","01","12","    72640","JP3914700004","1083.0000","1083.0000","1078.0000","1078.0000","1075.0000","1080.0000","1060.0000","1080.0000","1083.0000","1083.0000","1060.0000","1080.0000"," ","0.0000","0.0000","1500","1615600","1077.0667"
"20201214","01","12","    72650","JP3160690008","2733.0000","2733.0000","2525.0000","2585.0000","2585.0000","2635.0000","2563.0000","2565.0000","2733.0000","2733.0000","2525.0000","2565.0000"," ","0.0000","0.0000","24400","64723400","2652.5984"
"20201214","01","12","    72680","JP3467600007","347.0000","365.0000","345.0000","357.0000","351.0000","354.0000","345.0000","346.0000","347.0000","365.0000","345.0000","346.0000"," ","0.0000","0.0000","27500","9599000","349.0545"
"20201214","01","12","    72730","JP3131500005","1050.0000","1080.0000","1032.0000","1032.0000","1002.0000","1090.0000","1002.0000","1080.0000","1050.0000","1090.0000","1002.0000","1080.0000"," ","0.0000","0.0000","4000","4212100","1053.0250"
"20201214","01","12","    72790","JP3699600007","1419.0000","1462.0000","1370.0000","1408.0000","1424.0000","1424.0000","1400.0000","1412.0000","1419.0000","1462.0000","1370.0000","1412.0000"," ","0.0000","0.0000","201700","284791000","1411.9534"
"20201214","01","12","    72870","JP3720600000","1169.0000","1189.0000","1155.0000","1189.0000","1188.0000","1199.0000","1178.0000","1199.0000","1169.0000","1199.0000","1155.0000","1199.0000"," ","0.0000","0.0000","78500","92680400","1180.6420"
"20201214","01","12","    72920","JP3914200005","2452.0000","2452.0000","2452.0000","2452.0000","2452.0000","2478.0000","2452.0000","2478.0000","2452.0000","2478.0000","2452.0000","2478.0000"," ","0.0000","0.0000","700","1719000","2455.7143"
"20201214","01","12","    72970","JP3205300001","845.0000","845.0000","825.0000","825.0000","835.0000","835.0000","818.0000","834.0000","845.0000","845.0000","818.0000","834.0000"," ","0.0000","0.0000","2500","2079200","831.6800"
"20201214","01","12","    72980","JP3933000006","699.0000","720.0000","683.0000","695.0000","699.0000","704.0000","678.0000","694.0000","699.0000","720.0000","678.0000","694.0000"," ","0.0000","0.0000","215800","149341800","692.0380"
"20201214","01","12","    72990","JP3807750009","2284.0000","2288.0000","2266.0000","2280.0000","2270.0000","2299.0000","2270.0000","2299.0000","2284.0000","2299.0000","2266.0000","2299.0000"," ","0.0000","0.0000","4000","9115400","2278.8500"
"20201214","01","12","    73140","JP3196610004","560.0000","568.0000","560.0000","567.0000","575.0000","575.0000","564.0000","564.0000","560.0000","575.0000","560.0000","564.0000"," ","0.0000","0.0000","4200","2379100","566.4524"
"20201214","01","12","    73150","JP3102310004","513.0000","513.0000","502.0000","509.0000","509.0000","511.0000","507.0000","507.0000","513.0000","513.0000","502.0000","507.0000"," ","0.0000","0.0000","21800","11078900","508.2064"
"20201214","01","12","    73170","JP3869400006","5870.0000","6090.0000","5640.0000","6070.0000","6880.0000","6880.0000","6350.0000","6480.0000","5870.0000","6880.0000","5640.0000","6480.0000"," ","0.0000","0.0000","279800","1823627000","6517.6090"
"20201214","01","12","    73200","JP3755100009","2167.0000","2237.0000","2131.0000","2214.0000","2230.0000","2332.0000","2206.0000","2319.0000","2167.0000","2332.0000","2131.0000","2319.0000"," ","0.0000","0.0000","39600","88151100","2226.0379"
"20201214","01","12","    73250","JP3105230001","962.0000","1002.0000","951.0000","991.0000","994.0000","1000.0000","974.0000","974.0000","962.0000","1002.0000","951.0000","974.0000"," ","0.0000","0.0000","85900","84292400","981.2852"
"20201214","01","12","    73260","JP3163420007","1485.0000","1485.0000","1454.0000","1455.0000","1455.0000","1470.0000","1451.0000","1454.0000","1485.0000","1485.0000","1451.0000","1454.0000"," ","0.0000","0.0000","34800","50815200","1460.2069"
"20201214","01","12","    73380","JP3152610006","695.0000","699.0000","695.0000","699.0000","710.0000","710.0000","699.0000","709.0000","695.0000","710.0000","695.0000","709.0000"," ","0.0000","0.0000","3400","2395500","704.5588"
"20201214","01","12","    73390","JP3104840008","2189.0000","2189.0000","2180.0000","2180.0000","2181.0000","2210.0000","2181.0000","2181.0000","2189.0000","2210.0000","2180.0000","2181.0000"," ","0.0000","0.0000","1200","2620500","2183.7500"
"20201214","01","12","    73510","JP3273790000","2492.0000","2534.0000","2435.0000","2485.0000","2493.0000","2504.0000","2469.0000","2499.0000","2492.0000","2534.0000","2435.0000","2499.0000"," ","0.0000","0.0000","88500","220311000","2489.3898"
"20201214","01","12","    73520","JP3830720003","1110.0000","1180.0000","1110.0000","1165.0000","1173.0000","1173.0000","1142.0000","1169.0000","1110.0000","1180.0000","1110.0000","1169.0000"," ","0.0000","0.0000","18400","21200300","1152.1902"
"20201214","01","12","    73530","JP3257300008","10370.0000","11170.0000","10100.0000","11090.0000","10990.0000","10990.0000","10430.0000","10500.0000","10370.0000","11170.0000","10100.0000","10500.0000"," ","0.0000","0.0000","62100","664807000","10705.4267"
"20201214","01","12","    73550","JP3142370000","0.0000","0.0000","0.0000","0.0000","0.0000","0.0000","0.0000","0.0000","0.0000","0.0000","0.0000","0.0000"," ","0.0000","0.0000","0","0","0.0000"
"20201214","01","12","    73560","JP3980350007","1834.0000","1850.0000","1792.0000","1813.0000","1810.0000","1817.0000","1798.0000","1800.0000","1834.0000","1850.0000","1792.0000","1800.0000"," ","0.0000","0.0000","241800","437504200","1809.3639"
"20201214","01","12","    73570","JP3386730000","2157.0000","2293.0000","2120.0000","2245.0000","2250.0000","2382.0000","2240.0000","2349.0000","2157.0000","2382.0000","2120.0000","2349.0000"," ","0.0000","0.0000","336900","771140500","2288.9299"
"20201214","01","12","    73990","JP3653300008","540.0000","605.0000","540.0000","541.0000","545.0000","545.0000","545.0000","545.0000","540.0000","605.0000","540.0000","545.0000"," ","0.0000","0.0000","8000","4402800","550.3500"
"20201214","01","12","    74120","JP3121900009","853.0000","856.0000","847.0000","852.0000","852.0000","852.0000","845.0000","848.0000","853.0000","856.0000","845.0000","848.0000"," ","0.0000","0.0000","127800","108588500","849.6753"
"20201214","01","12","    74130","JP3431600000","0.0000","0.0000","0.0000","0.0000","0.0000","0.0000","0.0000","0.0000","0.0000","0.0000","0.0000","0.0000"," ","0.0000","0.0000","0","0","0.0000"
"20201214","01","12","    74220","JP3603200001","3045.0000","3050.0000","3045.0000","3050.0000","3065.0000","3065.0000","3055.0000","3055.0000","3045.0000","3065.0000","3045.0000","3055.0000"," ","0.0000","0.0000","800","2442500","3053.1250"
"20201214","01","12","    74250","JP3769600002","3680.0000","3730.0000","3680.0000","3690.0000","3685.0000","3740.0000","3670.0000","3730.0000","3680.0000","3740.0000","3670.0000","3730.0000"," ","0.0000","0.0000","1200","4441000","3700.8333"
"20201214","01","12","    74260","JP3938200007","710.0000","710.0000","710.0000","710.0000","710.0000","716.0000","710.0000","716.0000","710.0000","716.0000","710.0000","716.0000"," ","0.0000","0.0000","2900","2059600","710.2069"
"20201214","01","12","    74340","JP3172300000","1615.0000","1615.0000","1615.0000","1615.0000","1615.0000","1615.0000","1615.0000","1615.0000","1615.0000","1615.0000","1615.0000","1615.0000"," ","0.0000","0.0000","1800","2907000","1615.0000"
"20201214","01","12","    74350","JP3651030003","659.0000","667.0000","659.0000","659.0000","660.0000","661.0000","660.0000","660.0000","659.0000","667.0000","659.0000","660.0000"," ","0.0000","0.0000","4300","2842600","661.0698"
"20201214","01","12","    74430","JP3955300003","518.0000","526.0000","518.0000","521.0000","517.0000","518.0000","517.0000","518.0000","518.0000","526.0000","517.0000","518.0000"," ","0.0000","0.0000","3900","2027000","519.7436"
"20201214","01","12","    74440","JP3772800003","1743.0000","1764.0000","1743.0000","1764.0000","1764.0000","1785.0000","1764.0000","1785.0000","1743.0000","1785.0000","1743.0000","1785.0000"," ","0.0000","0.0000","2300","4056700","1763.7826"
"20201214","01","12","    74460","JP3603600002","3120.0000","3120.0000","3120.0000","3120.0000","3120.0000","3120.0000","3120.0000","3120.0000","3120.0000","3120.0000","3120.0000","3120.0000"," ","0.0000","0.0000","500","1560000","3120.0000"
"20201214","01","12","    74500","JP3336100007","1408.0000","1409.0000","1401.0000","1401.0000","1402.0000","1406.0000","1402.0000","1406.0000","1408.0000","1409.0000","1401.0000","1406.0000"," ","0.0000","0.0000","3100","4358500","1405.9677"
"20201214","01","12","    74600","JP3930600006","1397.0000","1397.0000","1393.0000","1393.0000","1396.0000","1399.0000","1396.0000","1399.0000","1397.0000","1399.0000","1393.0000","1399.0000"," ","0.0000","0.0000","1500","2094900","1396.6000"
"20201214","01","12","    74610","JP3241900004","498.0000","510.0000","496.0000","508.0000","515.0000","515.0000","508.0000","511.0000","498.0000","515.0000","496.0000","511.0000"," ","0.0000","0.0000","12500","6277200","502.1760"
"20201214","01","12","    74620","JP3499450009","2873.0000","2873.0000","2809.0000","2812.0000","2862.0000","2879.0000","2830.0000","2830.0000","2873.0000","2879.0000","2809.0000","2830.0000"," ","0.0000","0.0000","2700","7677400","2843.4815"
"20201214","01","12","    74640","JP3422900005","8990.0000","9000.0000","8990.0000","9000.0000","0.0000","0.0000","0.0000","0.0000","8990.0000","9000.0000","8990.0000","9000.0000"," ","0.0000","0.0000","300","2699000","8996.6667"
"20201214","01","12","    74720","JP3629700000","2613.0000","2613.0000","2604.0000","2604.0000","2595.0000","2612.0000","2595.0000","2603.0000","2613.0000","2613.0000","2595.0000","2603.0000"," ","0.0000","0.0000","1400","3648200","2605.8571"
"20201214","01","12","    74770","JP3914300003","753.0000","753.0000","742.0000","742.0000","740.0000","740.0000","734.0000","734.0000","753.0000","753.0000","734.0000","734.0000"," ","0.0000","0.0000","1100","814500","740.4545"
"20201214","01","12","    74860","JP3343800003","733.0000","736.0000","733.0000","733.0000","735.0000","735.0000","735.0000","735.0000","733.0000","736.0000","733.0000","735.0000"," ","0.0000","0.0000","1000","734200","734.2000"
"20201214","01","12","    74900","JP3675400000","895.0000","895.0000","895.0000","895.0000","895.0000","895.0000","895.0000","895.0000","895.0000","895.0000","895.0000","895.0000"," ","0.0000","0.0000","800","716000","895.0000"
"20201214","01","12","    75000","JP3657530006","0.0000","0.0000","0.0000","0.0000","0.0000","0.0000","0.0000","0.0000","0.0000","0.0000","0.0000","0.0000"," ","0.0000","0.0000","0","0","0.0000"
"20201214","01","12","    75010","JP3544990009","760.0000","760.0000","760.0000","760.0000","759.0000","773.0000","759.0000","773.0000","760.0000","773.0000","759.0000","773.0000"," ","0.0000","0.0000","1800","1371800","762.1111"
"20201214","01","12","    75020","JP3832600005","360.0000","360.0000","354.0000","358.0000","359.0000","359.0000","357.0000","357.0000","360.0000","360.0000","354.0000","357.0000"," ","0.0000","0.0000","6100","2177500","356.9672"
"20201214","01","12","    75050","JP3823400001","2010.0000","2013.0000","2010.0000","2010.0000","2013.0000","2065.0000","2013.0000","2065.0000","2010.0000","2065.0000","2010.0000","2065.0000"," ","0.0000","0.0000","2400","4831400","2013.0833"
"20201214","01","12","    75090","JP3100630007","0.0000","0.0000","0.0000","0.0000","0.0000","0.0000","0.0000","0.0000","0.0000","0.0000","0.0000","0.0000"," ","0.0000","0.0000","0","0","0.0000"
"20201214","01","12","    75150","JP3879020000","0.0000","0.0000","0.0000","0.0000","2950.0000","2950.0000","2950.0000","2950.0000","2950.0000","2950.0000","2950.0000","2950.0000"," ","0.0000","0.0000","400","1180000","2950.0000"
"20201214","01","12","    75190","JP3308800006","146.0000","153.0000","143.0000","152.0000","151.0000","152.0000","149.0000","152.0000","146.0000","153.0000","143.0000","152.0000"," ","0.0000","0.0000","107500","16022000","149.0419"
"20201214","01","12","    75210","JP3912600008","1964.0000","1964.0000","1961.0000","1961.0000","1970.0000","1994.0000","1970.0000","1980.0000","1964.0000","1994.0000","1961.0000","1980.0000"," ","0.0000","0.0000","1400","2773300","1980.9286"
"20201214","01","12","    75230","JP3100500002","516.0000","518.0000","514.0000","517.0000","517.0000","518.0000","516.0000","518.0000","516.0000","518.0000","514.0000","518.0000"," ","0.0000","0.0000","8100","4183000","516.4198"
"20201214","01","12","    75310","JP3418250001","2600.0000","2600.0000","2600.0000","2600.0000","0.0000","0.0000","0.0000","0.0000","2600.0000","2600.0000","2600.0000","2600.0000"," ","0.0000","0.0000","1000","2600000","2600.0000"
"20201214","01","12","    75380","JP3485200004","230.0000","239.0000","230.0000","234.0000","233.0000","233.0000","232.0000","232.0000","230.0000","239.0000","230.0000","232.0000"," ","0.0000","0.0000","5500","1278100","232.3818"
"20201214","01","12","    75390","JP3122570009","960.0000","960.0000","946.0000","946.0000","946.0000","954.0000","946.0000","952.0000","960.0000","960.0000","946.0000","952.0000"," ","0.0000","0.0000","4500","4301300","955.8444"
"20201214","01","12","    75440","JP3410700003","292.0000","293.0000","291.0000","291.0000","291.0000","295.0000","291.0000","293.0000","292.0000","295.0000","291.0000","293.0000"," ","0.0000","0.0000","5200","1520200","292.3462"
"20201214","01","12","    75510","JP3154900009","446.0000","446.0000","443.0000","443.0000","442.0000","446.0000","442.0000","446.0000","446.0000","446.0000","442.0000","446.0000"," ","0.0000","0.0000","31400","13968200","444.8471"
"20201214","01","12","    75550","JP3187650001","0.0000","0.0000","0.0000","0.0000","757.0000","757.0000","757.0000","757.0000","757.0000","757.0000","757.0000","757.0000"," ","0.0000","0.0000","100","75700","757.0000"
"20201214","01","12","    75590","JP3385830009","1321.0000","1329.0000","1318.0000","1318.0000","1318.0000","1318.0000","1318.0000","1318.0000","1321.0000","1329.0000","1318.0000","1318.0000"," ","0.0000","0.0000","6600","8724000","1321.8182"
"20201214","01","12","    75620","JP3128700006","4885.0000","4885.0000","4885.0000","4885.0000","4885.0000","4885.0000","4885.0000","4885.0000","4885.0000","4885.0000","4885.0000","4885.0000"," ","0.0000","0.0000","500","2442500","4885.0000"
"20201214","01","12","    75640","JP3990100004","8620.0000","8730.0000","8610.0000","8700.0000","8710.0000","8730.0000","8680.0000","8730.0000","8620.0000","8730.0000","8610.0000","8730.0000"," ","0.0000","0.0000","273200","2373810000","8688.9092"
"20201214","01","12","    75650","JP3879320004","2750.0000","2788.0000","2750.0000","2780.0000","2800.0000","2800.0000","2800.0000","2800.0000","2750.0000","2800.0000","2750.0000","2800.0000"," ","0.0000","0.0000","1000","2780000","2780.0000"
"20201214","01","12","    75670","JP3314300009","499.0000","512.0000","498.0000","510.0000","505.0000","507.0000","499.0000","505.0000","499.0000","512.0000","498.0000","505.0000"," ","0.0000","0.0000","47600","23998300","504.1660"
"20201214","01","12","    75710","JP3218000002","67.0000","67.0000","66.0000","67.0000","66.0000","67.0000","66.0000","66.0000","67.0000","67.0000","66.0000","66.0000"," ","0.0000","0.0000","137400","9160100","66.6674"
"20201214","01","12","    75770","JP3781450006","252.0000","264.0000","245.0000","253.0000","255.0000","255.0000","247.0000","250.0000","252.0000","264.0000","245.0000","250.0000"," ","0.0000","0.0000","289800","73066600","252.1277"
"20201214","01","12","    75780","JP3664900002","1243.0000","1280.0000","1233.0000","1272.0000","1271.0000","1271.0000","1248.0000","1269.0000","1243.0000","1280.0000","1233.0000","1269.0000"," ","0.0000","0.0000","23800","30129700","1265.9538"
"20201214","01","12","    75850","JP3233100001","710.0000","712.0000","709.0000","712.0000","711.0000","713.0000","711.0000","713.0000","710.0000","713.0000","709.0000","713.0000"," ","0.0000","0.0000","1400","995600","711.1429"
"20201214","01","12","    75870","JP3782600005","531.0000","543.0000","529.0000","541.0000","541.0000","541.0000","533.0000","537.0000","531.0000","543.0000","529.0000","537.0000"," ","0.0000","0.0000","60600","32432100","535.1832"
"20201214","01","12","    75970","JP3574000000","0.0000","0.0000","0.0000","0.0000","0.0000","0.0000","0.0000","0.0000","0.0000","0.0000","0.0000","0.0000"," ","0.0000","0.0000","0","0","0.0000"
"20201214","01","12","    76020","JP3388550000","255.0000","255.0000","247.0000","249.0000","246.0000","246.0000","244.0000","245.0000","255.0000","255.0000","244.0000","245.0000"," ","0.0000","0.0000","13300","3344000","251.4286"
"20201214","01","12","    76030","JP3865000008","375.0000","378.0000","375.0000","376.0000","378.0000","378.0000","376.0000","377.0000","375.0000","378.0000","375.0000","377.0000"," ","0.0000","0.0000","6200","2330000","375.8065"
"20201214","01","12","    76040","JP3159850001","850.0000","853.0000","850.0000","851.0000","851.0000","853.0000","851.0000","853.0000","850.0000","853.0000","850.0000","853.0000"," ","0.0000","0.0000","16700","14219800","851.4850"
"20201214","01","12","    76100","JP3544600004","102.0000","102.0000","100.0000","101.0000","100.0000","103.0000","100.0000","102.0000","102.0000","103.0000","100.0000","102.0000"," ","0.0000","0.0000","1490700","151475400","101.6136"
"20201214","01","12","    76140","JP3177000001","1290.0000","1330.0000","1262.0000","1330.0000","1329.0000","1330.0000","1323.0000","1330.0000","1290.0000","1330.0000","1262.0000","1330.0000"," ","0.0000","0.0000","7000","9101600","1300.2286"
"20201214","01","12","    76210","JP3155900008","3010.0000","3010.0000","3000.0000","3000.0000","3020.0000","3040.0000","3020.0000","3030.0000","3010.0000","3040.0000","3000.0000","3030.0000"," ","0.0000","0.0000","2200","6623500","3010.6818"
"20201214","01","12","    76230","JP3325150005","424.0000","512.0000","395.0000","457.0000","458.0000","512.0000","410.0000","420.0000","424.0000","512.0000","395.0000","420.0000"," ","0.0000","0.0000","1219800","553059900","453.4021"
"20201214","01","12","    76240","JP3641350008","159.0000","164.0000","158.0000","163.0000","162.0000","163.0000","161.0000","161.0000","159.0000","164.0000","158.0000","161.0000"," ","0.0000","0.0000","77300","12474500","161.3777"
"20201214","01","12","    76250","JP3274350002","177.0000","179.0000","176.0000","177.0000","177.0000","180.0000","177.0000","178.0000","177.0000","180.0000","176.0000","178.0000"," ","0.0000","0.0000","38800","6888200","177.5309"
"20201214","01","12","    76340","JP3845750003","3625.0000","3625.0000","3615.0000","3625.0000","3635.0000","3640.0000","3635.0000","3640.0000","3625.0000","3640.0000","3615.0000","3640.0000"," ","0.0000","0.0000","1400","5071500","3622.5000"
"20201214","01","12","    76350","JP3396700001","930.0000","930.0000","927.0000","927.0000","928.0000","928.0000","928.0000","928.0000","930.0000","930.0000","927.0000","928.0000"," ","0.0000","0.0000","1100","1021900","929.0000"
"20201214","01","12","    76360","JP3777500004","1780.0000","1825.0000","1780.0000","1818.0000","1793.0000","1817.0000","1786.0000","1817.0000","1780.0000","1825.0000","1780.0000","1817.0000"," ","0.0000","0.0000","5500","9913900","1802.5273"
"20201214","01","12","    76380","JP3347150009","877.0000","897.0000","862.0000","886.0000","890.0000","890.0000","878.0000","878.0000","877.0000","897.0000","862.0000","878.0000"," ","0.0000","0.0000","40200","35539600","884.0697"
"20201214","01","12","    76430","JP3473410003","804.0000","808.0000","803.0000","808.0000","808.0000","808.0000","800.0000","801.0000","804.0000","808.0000","800.0000","801.0000"," ","0.0000","0.0000","13600","10909300","802.1544"
"20201214","01","12","    76470","JP3202200006","31.0000","32.0000","31.0000","32.0000","32.0000","32.0000","31.0000","32.0000","31.0000","32.0000","31.0000","32.0000"," ","0.0000","0.0000","153654900","4830239700","31.4356"
"20201214","01","12","    76700","JP3170180008","609.0000","615.0000","609.0000","611.0000","612.0000","616.0000","610.0000","616.0000","609.0000","616.0000","609.0000","616.0000"," ","0.0000","0.0000","2700","1652400","612.0000"
"20201214","01","12","    76710","JP3124460001","1202.0000","1240.0000","1202.0000","1236.0000","1206.0000","1219.0000","1200.0000","1200.0000","1202.0000","1240.0000","1200.0000","1200.0000"," ","0.0000","0.0000","1700","2066300","1215.4706"
"20201214","01","12","    76720","JP3457740003","0.0000","0.0000","0.0000","0.0000","0.0000","0.0000","0.0000","0.0000","0.0000","0.0000","0.0000","0.0000"," ","0.0000","0.0000","0","0","0.0000"
"20201214","01","12","    76740","JP3651040002","2672.0000","2701.0000","2672.0000","2701.0000","2701.0000","2701.0000","2660.0000","2662.0000","2672.0000","2701.0000","2660.0000","2662.0000"," ","0.0000","0.0000","5700","15287300","2681.9825"
"20201214","01","12","    76760","JP3273770002","1305.0000","1310.0000","1277.0000","1285.0000","1300.0000","1300.0000","1257.0000","1260.0000","1305.0000","1310.0000","1257.0000","1260.0000"," ","0.0000","0.0000","11100","14271800","1285.7477"
"20201214","01","12","    76770","JP3931650000","1897.0000","2284.0000","1897.0000","2060.0000","2060.0000","2060.0000","1912.0000","1944.0000","1897.0000","2284.0000","1897.0000","1944.0000"," ","0.0000","0.0000","44100","88671500","2010.6916"
"20201214","01","12","    76780","JP3109700009","1499.0000","1500.0000","1499.0000","1500.0000","1500.0000","1503.0000","1500.0000","1503.0000","1499.0000","1503.0000","1499.0000","1503.0000"," ","0.0000","0.0000","1900","2850300","1500.1579"
"20201214","01","12","    76800","JP3278400001","0.0000","0.0000","0.0000","0.0000","0.0000","0.0000","0.0000","0.0000","0.0000","0.0000","0.0000","0.0000"," ","0.0000","0.0000","0","0","0.0000"
"20201214","01","12","    76810","JP3979320003","2199.0000","2199.0000","2099.0000","2193.0000","2198.0000","2198.0000","2155.0000","2186.0000","2199.0000","2199.0000","2099.0000","2186.0000"," ","0.0000","0.0000","2800","6079300","2171.1786"
"20201214","01","12","    76820","JP3771900002","2398.0000","2400.0000","2380.0000","2399.0000","2399.0000","2399.0000","2395.0000","2398.0000","2398.0000","2400.0000","2380.0000","2398.0000"," ","0.0000","0.0000","2000","4792300","2396.1500"
"20201214","01","12","    76830","JP3505990006","3030.0000","3030.0000","2991.0000","2995.0000","2995.0000","3000.0000","2995.0000","3000.0000","3030.0000","3030.0000","2991.0000","3000.0000"," ","0.0000","0.0000","5000","15021000","3004.2000"
"20201214","01","12","    76850","JP3778270003","5600.0000","5800.0000","5380.0000","5740.0000","5770.0000","5950.0000","5660.0000","5940.0000","5600.0000","5950.0000","5380.0000","5940.0000"," ","0.0000","0.0000","36200","207594000","5734.6409"
"20201214","01","12","    76860","JP3206700001","1580.0000","1581.0000","1574.0000","1580.0000","1582.0000","1582.0000","1571.0000","1580.0000","1580.0000","1582.0000","1571.0000","1580.0000"," ","0.0000","0.0000","8700","13735600","1578.8046"
"20201214","01","12","    76870","JP3883650008","875.0000","880.0000","860.0000","864.0000","861.0000","874.0000","858.0000","865.0000","875.0000","880.0000","858.0000","865.0000"," ","0.0000","0.0000","12400","10779900","869.3468"
"20201214","01","12","    76880","JP3880300003","1079.0000","1115.0000","1072.0000","1111.0000","1104.0000","1105.0000","1080.0000","1085.0000","1079.0000","1115.0000","1072.0000","1085.0000"," ","0.0000","0.0000","8000","8756300","1094.5375"
"20201214","01","12","    76890","JP3301380006","5150.0000","5230.0000","5090.0000","5170.0000","5170.0000","5340.0000","5130.0000","5270.0000","5150.0000","5340.0000","5090.0000","5270.0000"," ","0.0000","0.0000","34700","181261000","5223.6599"
"20201214","01","12","    76900","JP3220900009","0.0000","0.0000","0.0000","0.0000","0.0000","0.0000","0.0000","0.0000","0.0000","0.0000","0.0000","0.0000"," ","0.0000","0.0000","0","0","0.0000"
"20201214","01","12","    76910","JP3347050001","0.0000","0.0000","0.0000","0.0000","0.0000","0.0000","0.0000","0.0000","0.0000","0.0000","0.0000","0.0000"," ","0.0000","0.0000","0","0","0.0000"
"20201214","01","12","    76920","JP3100080005","4275.0000","4355.0000","4200.0000","4285.0000","4275.0000","4400.0000","4265.0000","4300.0000","4275.0000","4400.0000","4200.0000","4300.0000"," ","0.0000","0.0000","64200","274990000","4283.3333"
"20201214","01","12","    76930","JP3848000000","0.0000","0.0000","0.0000","0.0000","0.0000","0.0000","0.0000","0.0000","0.0000","0.0000","0.0000","0.0000"," ","0.0000","0.0000","0","0","0.0000"
"20201214","01","12","    77050","JP3385850007","2786.0000","2824.0000","2741.0000","2815.0000","2815.0000","2815.0000","2742.0000","2756.0000","2786.0000","2824.0000","2741.0000","2756.0000"," ","0.0000","0.0000","52100","144824600","2779.7428"
"20201214","01","12","    77070","JP3833400009","1078.0000","1080.0000","1054.0000","1062.0000","1058.0000","1066.0000","1052.0000","1063.0000","1078.0000","1080.0000","1052.0000","1063.0000"," ","0.0000","0.0000","489600","520448300","1063.0071"
"20201214","01","12","    77110","JP3397100003","633.0000","645.0000","623.0000","631.0000","630.0000","630.0000","627.0000","630.0000","633.0000","645.0000","623.0000","630.0000"," ","0.0000","0.0000","11600","7309200","630.1034"
"20201214","01","12","    77130","JP3349000004","1241.0000","1250.0000","1241.0000","1241.0000","1246.0000","1260.0000","1241.0000","1260.0000","1241.0000","1260.0000","1241.0000","1260.0000"," ","0.0000","0.0000","15400","19250400","1250.0260"
"20201214","01","12","    77160","JP3642500007","2156.0000","2195.0000","2156.0000","2193.0000","2194.0000","2194.0000","2166.0000","2172.0000","2156.0000","2195.0000","2156.0000","2172.0000"," ","0.0000","0.0000","71400","155249100","2174.3571"
"20201214","01","12","    77190","JP3575800002","297.0000","298.0000","293.0000","294.0000","295.0000","296.0000","293.0000","295.0000","297.0000","298.0000","293.0000","295.0000"," ","0.0000","0.0000","26900","7915100","294.2416"
"20201214","01","12","    77220","JP3293700005","747.0000","756.0000","745.0000","756.0000","750.0000","751.0000","746.0000","746.0000","747.0000","756.0000","745.0000","746.0000"," ","0.0000","0.0000","12400","9279800","748.3710"
"20201214","01","12","    77260","JP3272800008","2274.0000","2411.0000","2205.0000","2210.0000","2210.0000","2398.0000","2209.0000","2268.0000","2274.0000","2411.0000","2205.0000","2268.0000"," ","0.0000","0.0000","321400","731134600","2274.8432"
"20201214","01","12","    77460","JP3193000001","240.0000","245.0000","231.0000","236.0000","239.0000","239.0000","233.0000","236.0000","240.0000","245.0000","231.0000","236.0000"," ","0.0000","0.0000","1716000","407386300","237.4046"
"20201214","01","12","    77480","JP3853250003","4795.0000","4830.0000","4740.0000","4775.0000","4780.0000","4780.0000","4750.0000","4750.0000","4795.0000","4830.0000","4740.0000","4750.0000"," ","0.0000","0.0000","18400","87888000","4776.5217"
"20201214","01","12","    77490","JP3921060004","3105.0000","3190.0000","3095.0000","3190.0000","3175.0000","3175.0000","3125.0000","3175.0000","3105.0000","3190.0000","3095.0000","3175.0000"," ","0.0000","0.0000","10600","33237000","3135.5660"
"20201214","01","12","    77580","JP3421400007","950.0000","953.0000","950.0000","950.0000","950.0000","965.0000","950.0000","965.0000","950.0000","965.0000","950.0000","965.0000"," ","0.0000","0.0000","700","668400","954.8571"
"20201214","01","12","    77600","JP3100760002","651.0000","696.0000","640.0000","686.0000","676.0000","686.0000","655.0000","679.0000","651.0000","696.0000","640.0000","679.0000"," ","0.0000","0.0000","766200","512033600","668.2767"
"20201214","01","12","    77680","JP3386200004","3100.0000","3135.0000","3100.0000","3105.0000","3120.0000","3130.0000","3120.0000","3120.0000","3100.0000","3135.0000","3100.0000","3120.0000"," ","0.0000","0.0000","6500","20240000","3113.8462"
"20201214","01","12","    77710","JP3723600007","78.0000","79.0000","75.0000","76.0000","76.0000","78.0000","75.0000","78.0000","78.0000","79.0000","75.0000","78.0000"," ","0.0000","0.0000","254700","19451500","76.3702"
"20201214","01","12","    77740","JP3389610001","650.0000","650.0000","642.0000","642.0000","644.0000","645.0000","635.0000","638.0000","650.0000","650.0000","635.0000","638.0000"," ","0.0000","0.0000","67000","43047300","642.4970"
"20201214","01","12","    77760","JP3423530009","264.0000","264.0000","253.0000","258.0000","258.0000","259.0000","255.0000","257.0000","264.0000","264.0000","253.0000","257.0000"," ","0.0000","0.0000","135500","34935200","257.8244"
"20201214","01","12","    77770","JP3410730000","326.0000","335.0000","324.0000","333.0000","334.0000","337.0000","333.0000","335.0000","326.0000","337.0000","324.0000","335.0000"," ","0.0000","0.0000","246300","81659400","331.5445"
"20201214","01","12","    77790","JP3311530004","794.0000","794.0000","756.0000","763.0000","765.0000","789.0000","760.0000","782.0000","794.0000","794.0000","756.0000","782.0000"," ","0.0000","0.0000","2352200","1818639000","773.1651"
"20201214","01","12","    77810","JP3796100000","0.0000","0.0000","0.0000","0.0000","0.0000","0.0000","0.0000","0.0000","0.0000","0.0000","0.0000","0.0000"," ","0.0000","0.0000","0","0","0.0000"
"20201214","01","12","    77900","JP3778310007","0.0000","0.0000","0.0000","0.0000","0.0000","0.0000","0.0000","0.0000","0.0000","0.0000","0.0000","0.0000"," ","0.0000","0.0000","0","0","0.0000"
"20201214","01","12","    78000","JP3124470000","692.0000","695.0000","692.0000","692.0000","693.0000","694.0000","692.0000","693.0000","692.0000","695.0000","692.0000","693.0000"," ","0.0000","0.0000","5700","3949500","692.8947"
"20201214","01","12","    78030","JP3829930001","2806.0000","2806.0000","2750.0000","2785.0000","2794.0000","2810.0000","2775.0000","2780.0000","2806.0000","2810.0000","2750.0000","2780.0000"," ","0.0000","0.0000","102200","285179700","2790.4080"
"20201214","01","12","    78040","JP3799630003","1164.0000","1196.0000","1164.0000","1186.0000","1175.0000","1200.0000","1171.0000","1171.0000","1164.0000","1200.0000","1164.0000","1171.0000"," ","0.0000","0.0000","2000","2364100","1182.0500"
"20201214","01","12","    78050","JP3833250008","501.0000","527.0000","501.0000","527.0000","517.0000","525.0000","517.0000","522.0000","501.0000","527.0000","501.0000","522.0000"," ","0.0000","0.0000","9100","4655700","511.6154"
"20201214","01","12","    78060","JP3167430002","1307.0000","1317.0000","1280.0000","1301.0000","1301.0000","1308.0000","1282.0000","1297.0000","1307.0000","1317.0000","1280.0000","1297.0000"," ","0.0000","0.0000","130700","169638100","1297.9197"
"20201214","01","12","    78070","JP3292900002","929.0000","929.0000","910.0000","914.0000","915.0000","919.0000","899.0000","919.0000","929.0000","929.0000","899.0000","919.0000"," ","0.0000","0.0000","5100","4652000","912.1569"
"20201214","01","12","    78080","JP3346520004","1529.0000","1638.0000","1521.0000","1521.0000","1518.0000","1533.0000","1518.0000","1533.0000","1529.0000","1638.0000","1518.0000","1533.0000"," ","0.0000","0.0000","3200","4944900","1545.2813"
"20201214","01","12","    78090","JP3299810006","1800.0000","1800.0000","1775.0000","1785.0000","1783.0000","1797.0000","1778.0000","1790.0000","1800.0000","1800.0000","1775.0000","1790.0000"," ","0.0000","0.0000","4000","7148300","1787.0750"
"20201214","01","12","    78100","JP3272650007","278.0000","279.0000","277.0000","278.0000","278.0000","281.0000","278.0000","280.0000","278.0000","281.0000","277.0000","280.0000"," ","0.0000","0.0000","28000","7794700","278.3821"
"20201214","01","12","    78120","JP3271150009","914.0000","915.0000","908.0000","913.0000","914.0000","914.0000","905.0000","905.0000","914.0000","915.0000","905.0000","905.0000"," ","0.0000","0.0000","5400","4923800","911.8148"
"20201214","01","12","    78130","JP3832900009","1421.0000","1445.0000","1421.0000","1426.0000","1430.0000","1430.0000","1419.0000","1425.0000","1421.0000","1445.0000","1419.0000","1425.0000"," ","0.0000","0.0000","10600","15151900","1429.4245"
"20201214","01","12","    78140","JP3726500006","326.0000","328.0000","326.0000","328.0000","327.0000","330.0000","327.0000","330.0000","326.0000","330.0000","326.0000","330.0000"," ","0.0000","0.0000","6700","2191100","327.0299"
"20201214","01","12","    78150","JP3588800007","0.0000","0.0000","0.0000","0.0000","505.0000","510.0000","505.0000","510.0000","505.0000","510.0000","505.0000","510.0000"," ","0.0000","0.0000","2600","1323600","509.0769"
"20201214","01","12","    78260","JP3828850002","6270.0000","6270.0000","6130.0000","6230.0000","6230.0000","6260.0000","6190.0000","6250.0000","6270.0000","6270.0000","6130.0000","6250.0000"," ","0.0000","0.0000","30700","190339000","6199.9674"
"20201214","01","12","    78270","JP3173300009","908.0000","920.0000","903.0000","915.0000","919.0000","932.0000","894.0000","894.0000","908.0000","932.0000","894.0000","894.0000"," ","0.0000","0.0000","11900","10854700","912.1597"
"20201214","01","12","    78290","JP3322830005","121.0000","121.0000","120.0000","121.0000","120.0000","122.0000","120.0000","121.0000","121.0000","122.0000","120.0000","121.0000"," ","0.0000","0.0000","36800","4445800","120.8098"
"20201214","01","12","    78310","JP3154170009","148.0000","153.0000","148.0000","152.0000","152.0000","155.0000","149.0000","154.0000","148.0000","155.0000","148.0000","154.0000"," ","0.0000","0.0000","132300","20022300","151.3401"
"20201214","01","12","    78360","JP3122530003","122.0000","123.0000","121.0000","122.0000","123.0000","124.0000","122.0000","122.0000","122.0000","124.0000","121.0000","122.0000"," ","0.0000","0.0000","65300","8010200","122.6677"
"20201214","01","12","    78370","JP3100450000","710.0000","718.0000","708.0000","718.0000","718.0000","718.0000","708.0000","715.0000","710.0000","718.0000","708.0000","715.0000"," ","0.0000","0.0000","20600","14730600","715.0777"
"20201214","01","12","    78410","JP3169700006","500.0000","505.0000","499.0000","505.0000","504.0000","505.0000","504.0000","505.0000","500.0000","505.0000","499.0000","505.0000"," ","0.0000","0.0000","2100","1056900","503.2857"
"20201214","01","12","    78470","JP3273850002","405.0000","407.0000","391.0000","405.0000","405.0000","405.0000","402.0000","405.0000","405.0000","407.0000","391.0000","405.0000"," ","0.0000","0.0000","10000","3990100","399.0100"
"20201214","01","12","    78490","JP3399210008","2504.0000","2550.0000","2500.0000","2550.0000","2544.0000","2544.0000","2544.0000","2544.0000","2504.0000","2550.0000","2500.0000","2544.0000"," ","0.0000","0.0000","800","2014100","2517.6250"
"20201214","01","12","    78500","JP3432000002","641.0000","664.0000","635.0000","636.0000","640.0000","655.0000","640.0000","651.0000","641.0000","664.0000","635.0000","651.0000"," ","0.0000","0.0000","9500","6137800","646.0842"
"20201214","01","12","    78510","JP3225850001","235.0000","236.0000","233.0000","233.0000","234.0000","237.0000","234.0000","236.0000","235.0000","237.0000","233.0000","236.0000"," ","0.0000","0.0000","12000","2815600","234.6333"
"20201214","01","12","    78550","JP3204800001","520.0000","520.0000","507.0000","514.0000","518.0000","518.0000","514.0000","514.0000","520.0000","520.0000","507.0000","514.0000"," ","0.0000","0.0000","5000","2568000","513.6000"
"20201214","01","12","    78570","JP3419200005","0.0000","0.0000","0.0000","0.0000","1690.0000","1690.0000","1690.0000","1690.0000","1690.0000","1690.0000","1690.0000","1690.0000"," ","0.0000","0.0000","100","169000","1690.0000"
"20201214","01","12","    78590","JP3126520000","172.0000","176.0000","172.0000","176.0000","176.0000","176.0000","173.0000","174.0000","172.0000","176.0000","172.0000","174.0000"," ","0.0000","0.0000","70800","12321900","174.0381"
"20201214","01","12","    78630","JP3795100001","0.0000","0.0000","0.0000","0.0000","387.0000","387.0000","385.0000","385.0000","387.0000","387.0000","385.0000","385.0000"," ","0.0000","0.0000","2100","809500","385.4762"
"20201214","01","12","    78650","JP3801560008","1137.0000","1137.0000","1127.0000","1132.0000","1134.0000","1134.0000","1129.0000","1129.0000","1137.0000","1137.0000","1127.0000","1129.0000"," ","0.0000","0.0000","5100","5792500","1135.7843"
"20201214","01","12","    78690","JP3749150003","2050.0000","2050.0000","2050.0000","2050.0000","2076.0000","2126.0000","2076.0000","2126.0000","2050.0000","2126.0000","2050.0000","2126.0000"," ","0.0000","0.0000","600","1240200","2067.0000"
"20201214","01","12","    78710","JP3806720003","502.0000","502.0000","502.0000","502.0000","497.0000","501.0000","497.0000","497.0000","502.0000","502.0000","497.0000","497.0000"," ","0.0000","0.0000","2200","1097200","498.7273"
"20201214","01","12","    78750","JP3462700000","609.0000","610.0000","609.0000","609.0000","610.0000","614.0000","610.0000","614.0000","609.0000","614.0000","609.0000","614.0000"," ","0.0000","0.0000","1600","977200","610.7500"
"20201214","01","12","    78770","JP3160760009","0.0000","0.0000","0.0000","0.0000","1580.0000","1580.0000","1580.0000","1580.0000","1580.0000","1580.0000","1580.0000","1580.0000"," ","0.0000","0.0000","900","1422000","1580.0000"
"20201214","01","12","    78780","JP3287600005","2529.0000","2529.0000","2479.0000","2479.0000","0.0000","0.0000","0.0000","0.0000","2529.0000","2529.0000","2479.0000","2479.0000"," ","0.0000","0.0000","200","500800","2504.0000"
"20201214","01","12","    78790","JP3761700008","670.0000","670.0000","664.0000","664.0000","663.0000","665.0000","659.0000","662.0000","670.0000","670.0000","659.0000","662.0000"," ","0.0000","0.0000","19000","12674200","667.0632"
"20201214","01","12","    78830","JP3337150001","391.0000","392.0000","388.0000","389.0000","389.0000","392.0000","389.0000","392.0000","391.0000","392.0000","388.0000","392.0000"," ","0.0000","0.0000","5800","2266000","390.6897"
"20201214","01","12","    78860","JP3939800003","673.0000","685.0000","673.0000","676.0000","689.0000","689.0000","689.0000","689.0000","673.0000","689.0000","673.0000","689.0000"," ","0.0000","0.0000","1000","678900","678.9000"
"20201214","01","12","    78870","JP3653200000","5330.0000","5330.0000","5330.0000","5330.0000","5260.0000","5260.0000","5260.0000","5260.0000","5330.0000","5330.0000","5260.0000","5260.0000"," ","0.0000","0.0000","200","1059000","5295.0000"
"20201214","01","12","    78950","JP3514000003","585.0000","591.0000","578.0000","578.0000","578.0000","584.0000","571.0000","578.0000","585.0000","591.0000","571.0000","578.0000"," ","0.0000","0.0000","32400","18795700","580.1142"
"20201214","01","12","    78960","JP3423200009","431.0000","434.0000","430.0000","430.0000","430.0000","431.0000","430.0000","431.0000","431.0000","434.0000","430.0000","431.0000"," ","0.0000","0.0000","2300","990500","430.6522"
"20201214","01","12","    78990","JP3195400001","310.0000","310.0000","306.0000","310.0000","308.0000","309.0000","307.0000","309.0000","310.0000","310.0000","306.0000","309.0000"," ","0.0000","0.0000","8900","2751000","309.1011"
"20201214","01","12","    79010","JP3868900006","0.0000","0.0000","0.0000","0.0000","0.0000","0.0000","0.0000","0.0000","0.0000","0.0000","0.0000","0.0000"," ","0.0000","0.0000","0","0","0.0000"
"20201214","01","12","    79020","JP3435900000","805.0000","850.0000","805.0000","839.0000","813.0000","819.0000","813.0000","819.0000","805.0000","850.0000","805.0000","819.0000"," ","0.0000","0.0000","1900","1580600","831.8947"
"20201214","01","12","    79060","JP3960000002","629.0000","632.0000","622.0000","625.0000","627.0000","629.0000","621.0000","629.0000","629.0000","632.0000","621.0000","629.0000"," ","0.0000","0.0000","59200","37129200","627.1824"
"20201214","01","12","    79190","JP3760600001","121.0000","123.0000","121.0000","123.0000","123.0000","123.0000","121.0000","122.0000","121.0000","123.0000","121.0000","122.0000"," ","0.0000","0.0000","20400","2488800","122.0000"
"20201214","01","12","    79220","JP3331000004","296.0000","301.0000","294.0000","294.0000","297.0000","300.0000","295.0000","295.0000","296.0000","301.0000","294.0000","295.0000"," ","0.0000","0.0000","27800","8271100","297.5216"
"20201214","01","12","    79230","JP3552210001","550.0000","570.0000","540.0000","541.0000","543.0000","543.0000","541.0000","541.0000","550.0000","570.0000","540.0000","541.0000"," ","0.0000","0.0000","1700","933700","549.2353"
"20201214","01","12","    79270","JP3913400002","620.0000","629.0000","600.0000","622.0000","621.0000","622.0000","609.0000","618.0000","620.0000","629.0000","600.0000","618.0000"," ","0.0000","0.0000","83700","51511200","615.4265"
"20201214","01","12","    79280","JP3111000000","559.0000","655.0000","556.0000","655.0000","651.0000","656.0000","621.0000","656.0000","559.0000","656.0000","556.0000","656.0000"," ","0.0000","0.0000","511900","322169400","629.3600"
"20201214","01","12","    79320","JP3685200002","3915.0000","3935.0000","3915.0000","3935.0000","3945.0000","3990.0000","3945.0000","3985.0000","3915.0000","3990.0000","3915.0000","3985.0000"," ","0.0000","0.0000","2300","9111500","3961.5217"
"20201214","01","12","    79380","JP3969200009","1946.0000","1954.0000","1945.0000","1945.0000","1945.0000","1945.0000","1938.0000","1938.0000","1946.0000","1954.0000","1938.0000","1938.0000"," ","0.0000","0.0000","2200","4278000","1944.5455"
"20201214","01","12","    79390","JP3282000003","390.0000","390.0000","388.0000","388.0000","388.0000","389.0000","388.0000","389.0000","390.0000","390.0000","388.0000","389.0000"," ","0.0000","0.0000","1900","740100","389.5263"
"20201214","01","12","    79450","JP3305500005","1035.0000","1035.0000","1035.0000","1035.0000","1030.0000","1030.0000","1030.0000","1030.0000","1035.0000","1035.0000","1030.0000","1030.0000"," ","0.0000","0.0000","1600","1650500","1031.5625"
"20201214","01","12","    79460","JP3292000001","699.0000","712.0000","699.0000","712.0000","712.0000","712.0000","712.0000","712.0000","699.0000","712.0000","699.0000","712.0000"," ","0.0000","0.0000","900","633400","703.7778"
"20201214","01","12","    79530","JP3236600007","376.0000","378.0000","373.0000","376.0000","377.0000","377.0000","374.0000","375.0000","376.0000","378.0000","373.0000","375.0000"," ","0.0000","0.0000","17000","6383000","375.4706"
"20201214","01","12","    79570","JP3813400003","1450.0000","1465.0000","1450.0000","1465.0000","0.0000","0.0000","0.0000","0.0000","1450.0000","1465.0000","1450.0000","1465.0000"," ","0.0000","0.0000","1000","1453400","1453.4000"
"20201214","01","12","    79630","JP3286600006","2241.0000","2264.0000","2241.0000","2250.0000","2252.0000","2282.0000","2250.0000","2258.0000","2241.0000","2282.0000","2241.0000","2258.0000"," ","0.0000","0.0000","23200","52341200","2256.0862"
"20201214","01","12","    79750","JP3974600003","1707.0000","1707.0000","1706.0000","1706.0000","1666.0000","1666.0000","1640.0000","1660.0000","1707.0000","1707.0000","1640.0000","1660.0000"," ","0.0000","0.0000","3400","5679300","1670.3824"
"20201214","01","12","    79800","JP3349200000","1135.0000","1161.0000","1125.0000","1157.0000","1157.0000","1172.0000","1154.0000","1169.0000","1135.0000","1172.0000","1125.0000","1169.0000"," ","0.0000","0.0000","155700","179570200","1153.3089"
"20201214","01","12","    79830","JP3910800006","1774.0000","1774.0000","1723.0000","1746.0000","1746.0000","1746.0000","1741.0000","1744.0000","1774.0000","1774.0000","1723.0000","1744.0000"," ","0.0000","0.0000","2700","4704800","1742.5185"
"20201214","01","12","    79850","JP3758400000","1404.0000","1404.0000","1404.0000","1404.0000","0.0000","0.0000","0.0000","0.0000","1404.0000","1404.0000","1404.0000","1404.0000"," ","0.0000","0.0000","100","140400","1404.0000"
"20201214","01","12","    79860","JP3261600005","1115.0000","1115.0000","1111.0000","1111.0000","1109.0000","1115.0000","1109.0000","1115.0000","1115.0000","1115.0000","1109.0000","1115.0000"," ","0.0000","0.0000","1400","1557900","1112.7857"
"20201214","01","12","    79910","JP3870300005","650.0000","650.0000","649.0000","649.0000","649.0000","652.0000","649.0000","652.0000","650.0000","652.0000","649.0000","652.0000"," ","0.0000","0.0000","16100","10465500","650.0311"
"20201214","01","12","    79920","JP3413400007","151.0000","151.0000","149.0000","150.0000","151.0000","151.0000","150.0000","151.0000","151.0000","151.0000","149.0000","151.0000"," ","0.0000","0.0000","18900","2837400","150.1270"
"20201214","01","12","    79970","JP3272000005","745.0000","745.0000","745.0000","745.0000","0.0000","0.0000","0.0000","0.0000","745.0000","745.0000","745.0000","745.0000"," ","0.0000","0.0000","100","74500","745.0000"
"20201214","01","12","    80060","JP3946000001","2974.0000","3005.0000","2959.0000","2960.0000","2997.0000","2997.0000","2959.0000","2960.0000","2974.0000","3005.0000","2959.0000","2960.0000"," ","0.0000","0.0000","4300","12782600","2972.6977"
"20201214","01","12","    80230","JP3483000000","549.0000","554.0000","546.0000","551.0000","552.0000","560.0000","548.0000","560.0000","549.0000","560.0000","546.0000","560.0000"," ","0.0000","0.0000","63800","35256400","552.6082"
"20201214","01","12","    80300","JP3514600000","2700.0000","2700.0000","2700.0000","2700.0000","2700.0000","2703.0000","2700.0000","2703.0000","2700.0000","2703.0000","2700.0000","2703.0000"," ","0.0000","0.0000","1200","3240300","2700.2500"
"20201214","01","12","    80390","JP3532600008","850.0000","850.0000","850.0000","850.0000","851.0000","851.0000","851.0000","851.0000","850.0000","851.0000","850.0000","851.0000"," ","0.0000","0.0000","2400","2040600","850.2500"
"20201214","01","12","    80400","JP3582200006","403.0000","410.0000","403.0000","408.0000","408.0000","410.0000","406.0000","406.0000","403.0000","410.0000","403.0000","406.0000"," ","0.0000","0.0000","3500","1425400","407.2571"
"20201214","01","12","    80450","JP3956600005","0.0000","0.0000","0.0000","0.0000","0.0000","0.0000","0.0000","0.0000","0.0000","0.0000","0.0000","0.0000"," ","0.0000","0.0000","0","0","0.0000"
"20201214","01","12","    80460","JP3877200000","1945.0000","1945.0000","1945.0000","1945.0000","1945.0000","1957.0000","1945.0000","1957.0000","1945.0000","1957.0000","1945.0000","1957.0000"," ","0.0000","0.0000","1000","1946700","1946.7000"
"20201214","01","12","    80660","JP3886800006","0.0000","0.0000","0.0000","0.0000","6770.0000","6770.0000","6770.0000","6770.0000","6770.0000","6770.0000","6770.0000","6770.0000"," ","0.0000","0.0000","200","1354000","6770.0000"
"20201214","01","12","    80720","JP3714000001","1319.0000","1319.0000","1319.0000","1319.0000","0.0000","0.0000","0.0000","0.0000","1319.0000","1319.0000","1319.0000","1319.0000"," ","0.0000","0.0000","100","131900","1319.0000"
"20201214","01","12","    80850","JP3651800009","2175.0000","2175.0000","2175.0000","2175.0000","2150.0000","2162.0000","2146.0000","2160.0000","2175.0000","2175.0000","2146.0000","2160.0000"," ","0.0000","0.0000","7800","16850000","2160.2564"
"20201214","01","12","    81050","JP3875200002","66.0000","66.0000","65.0000","65.0000","65.0000","66.0000","64.0000","64.0000","66.0000","66.0000","64.0000","64.0000"," ","0.0000","0.0000","115600","7514100","65.0009"
"20201214","01","12","    81150","JP3912400003","493.0000","497.0000","492.0000","497.0000","497.0000","500.0000","497.0000","500.0000","493.0000","500.0000","492.0000","500.0000"," ","0.0000","0.0000","3900","1934300","495.9744"
"20201214","01","12","    81170","JP3515400004","2330.0000","2344.0000","2330.0000","2331.0000","2331.0000","2341.0000","2331.0000","2339.0000","2330.0000","2344.0000","2330.0000","2339.0000"," ","0.0000","0.0000","4800","11195200","2332.3333"
"20201214","01","12","    81190","JP3324800006","2106.0000","2112.0000","2097.0000","2112.0000","2112.0000","2112.0000","2100.0000","2102.0000","2106.0000","2112.0000","2097.0000","2102.0000"," ","0.0000","0.0000","2800","5897100","2106.1071"
"20201214","01","12","    81230","JP3227000001","926.0000","929.0000","925.0000","929.0000","930.0000","932.0000","930.0000","931.0000","926.0000","932.0000","925.0000","931.0000"," ","0.0000","0.0000","3800","3525800","927.8421"
"20201214","01","12","    81350","JP3427000009","202.0000","203.0000","201.0000","201.0000","202.0000","203.0000","201.0000","203.0000","202.0000","203.0000","201.0000","203.0000"," ","0.0000","0.0000","4500","909000","202.0000"
"20201214","01","12","    81380","JP3327200006","2800.0000","2810.0000","2800.0000","2810.0000","0.0000","0.0000","0.0000","0.0000","2800.0000","2810.0000","2800.0000","2810.0000"," ","0.0000","0.0000","1600","4485000","2803.1250"
"20201214","01","12","    81390","JP3648600009","145.0000","145.0000","143.0000","144.0000","145.0000","146.0000","144.0000","145.0000","145.0000","146.0000","143.0000","145.0000"," ","0.0000","0.0000","32200","4665900","144.9037"
"20201214","01","12","    81430","JP3968200000","353.0000","370.0000","347.0000","356.0000","359.0000","369.0000","356.0000","358.0000","353.0000","370.0000","347.0000","358.0000"," ","0.0000","0.0000","12800","4599600","359.3438"
"20201214","01","12","    81440","JP3550400000","1246.0000","1246.0000","1232.0000","1232.0000","1232.0000","1232.0000","1225.0000","1228.0000","1246.0000","1246.0000","1225.0000","1228.0000"," ","0.0000","0.0000","1900","2337800","1230.4211"
"20201214","01","12","    81470","JP3630600009","975.0000","976.0000","970.0000","976.0000","976.0000","977.0000","975.0000","975.0000","975.0000","977.0000","970.0000","975.0000"," ","0.0000","0.0000","2100","2047800","975.1429"
"20201214","01","12","    81520","JP3436200004","0.0000","0.0000","0.0000","0.0000","0.0000","0.0000","0.0000","0.0000","0.0000","0.0000","0.0000","0.0000"," ","0.0000","0.0000","0","0","0.0000"
"20201214","01","12","    81860","JP3188000008","191.0000","201.0000","189.0000","200.0000","198.0000","200.0000","194.0000","195.0000","191.0000","201.0000","189.0000","195.0000"," ","0.0000","0.0000","738000","144983200","196.4542"
"20201214","01","12","    81980","JP3930400001","2580.0000","2580.0000","2560.0000","2571.0000","2570.0000","2572.0000","2562.0000","2562.0000","2580.0000","2580.0000","2560.0000","2562.0000"," ","0.0000","0.0000","4200","10796400","2570.5714"
"20201214","01","12","    82020","JP3967000005","198.0000","201.0000","196.0000","200.0000","200.0000","200.0000","198.0000","199.0000","198.0000","201.0000","196.0000","199.0000"," ","0.0000","0.0000","170900","33940300","198.5974"
"20201214","01","12","    82080","JP3169200007","1241.0000","1254.0000","1241.0000","1254.0000","1259.0000","1272.0000","1259.0000","1261.0000","1241.0000","1272.0000","1241.0000","1261.0000"," ","0.0000","0.0000","2500","3143700","1257.4800"
"20201214","01","12","    82090","JP3829200009","414.0000","421.0000","414.0000","417.0000","417.0000","420.0000","417.0000","418.0000","414.0000","421.0000","414.0000","418.0000"," ","0.0000","0.0000","11300","4705200","416.3894"
"20201214","01","12","    82150","JP3265000004","904.0000","916.0000","886.0000","911.0000","911.0000","911.0000","911.0000","911.0000","904.0000","916.0000","886.0000","911.0000"," ","0.0000","0.0000","3800","3400800","894.9474"
"20201214","01","12","    82250","JP3457700007","1192.0000","1222.0000","1192.0000","1222.0000","0.0000","0.0000","0.0000","0.0000","1192.0000","1222.0000","1192.0000","1222.0000"," ","0.0000","0.0000","600","718200","1197.0000"
"20201214","01","12","    82260","JP3970400002","220.0000","223.0000","218.0000","221.0000","221.0000","223.0000","218.0000","219.0000","220.0000","223.0000","218.0000","219.0000"," ","0.0000","0.0000","720300","158987900","220.7246"
"20201214","01","12","    82470","JP3500200005","275.0000","277.0000","275.0000","275.0000","275.0000","275.0000","270.0000","270.0000","275.0000","277.0000","270.0000","270.0000"," ","0.0000","0.0000","3000","816800","272.2667"
"20201214","01","12","    82490","JP3619200003","1026.0000","1028.0000","1023.0000","1028.0000","1028.0000","1030.0000","1023.0000","1028.0000","1026.0000","1030.0000","1023.0000","1028.0000"," ","0.0000","0.0000","1500","1540400","1026.9333"
"20201214","01","12","    82540","JP3310400001","221.0000","221.0000","216.0000","220.0000","221.0000","221.0000","219.0000","221.0000","221.0000","221.0000","216.0000","221.0000"," ","0.0000","0.0000","8600","1891000","219.8837"
"20201214","01","12","    82560","JP3833800000","228.0000","236.0000","223.0000","232.0000","234.0000","241.0000","232.0000","234.0000","228.0000","241.0000","223.0000","234.0000"," ","0.0000","0.0000","1026200","239755000","233.6338"
"20201214","01","12","    82570","JP3342400003","0.0000","0.0000","0.0000","0.0000","0.0000","0.0000","0.0000","0.0000","0.0000","0.0000","0.0000","0.0000"," ","0.0000","0.0000","0","0","0.0000"
"20201214","01","12","    82870","JP3864900000","1858.0000","1866.0000","1856.0000","1862.0000","1865.0000","1865.0000","1857.0000","1863.0000","1858.0000","1866.0000","1856.0000","1863.0000"," ","0.0000","0.0000","5300","9862000","1860.7547"
"20201214","01","12","    82980","JP3802500003","447.0000","447.0000","437.0000","438.0000","440.0000","440.0000","439.0000","439.0000","447.0000","447.0000","437.0000","439.0000"," ","0.0000","0.0000","1400","616000","440.0000"
"20201214","01","12","    83010","JP3699200006","0.0000","0.0000","0.0000","0.0000","25000.0000","25000.0000","25000.0000","25000.0000","25000.0000","25000.0000","25000.0000","25000.0000"," ","0.0000","0.0000","300","7500000","25000.0000"
"20201214","01","12","    84620","JP3826250007","722.0000","729.0000","719.0000","725.0000","724.0000","726.0000","720.0000","725.0000","722.0000","729.0000","719.0000","725.0000"," ","0.0000","0.0000","51100","36966300","723.4110"
"20201214","01","12","    85080","JP3142350002","206.0000","213.0000","206.0000","210.0000","211.0000","211.0000","209.0000","210.0000","206.0000","213.0000","206.0000","210.0000"," ","0.0000","0.0000","294200","61602100","209.3885"
"20201214","01","12","    86990","JP3160790006","915.0000","919.0000","910.0000","911.0000","915.0000","916.0000","911.0000","914.0000","915.0000","919.0000","910.0000","914.0000"," ","0.0000","0.0000","257200","235320700","914.9327"
"20201214","01","12","    87000","JP3876750005","898.0000","907.0000","898.0000","907.0000","898.0000","898.0000","898.0000","898.0000","898.0000","907.0000","898.0000","898.0000"," ","0.0000","0.0000","1600","1438600","899.1250"
"20201214","01","12","    87040","JP3637250006","321.0000","328.0000","318.0000","322.0000","322.0000","331.0000","322.0000","330.0000","321.0000","331.0000","318.0000","330.0000"," ","0.0000","0.0000","376900","122213300","324.2592"
"20201214","01","12","    87050","JP3191550007","157.0000","159.0000","155.0000","155.0000","155.0000","156.0000","155.0000","155.0000","157.0000","159.0000","155.0000","155.0000"," ","0.0000","0.0000","93500","14639800","156.5754"
"20201214","01","12","    87370","JP3292300005","295.0000","295.0000","293.0000","295.0000","294.0000","295.0000","293.0000","295.0000","295.0000","295.0000","293.0000","295.0000"," ","0.0000","0.0000","40300","11850100","294.0471"
"20201214","01","12","    87400","JP3820620007","254.0000","255.0000","253.0000","254.0000","254.0000","255.0000","254.0000","254.0000","254.0000","255.0000","253.0000","254.0000"," ","0.0000","0.0000","8500","2159400","254.0471"
"20201214","01","12","    87460","JP3475600007","161.0000","165.0000","160.0000","164.0000","162.0000","163.0000","160.0000","160.0000","161.0000","165.0000","160.0000","160.0000"," ","0.0000","0.0000","220400","35687300","161.9206"
"20201214","01","12","    87470","JP3949000008","642.0000","655.0000","636.0000","646.0000","650.0000","650.0000","642.0000","642.0000","642.0000","655.0000","636.0000","642.0000"," ","0.0000","0.0000","20700","13374000","646.0870"
"20201214","01","12","    87830","JP3273830004","136.0000","137.0000","134.0000","134.0000","135.0000","136.0000","132.0000","132.0000","136.0000","137.0000","132.0000","132.0000"," ","0.0000","0.0000","175900","23647700","134.4383"
"20201214","01","12","    87890","JP3802830004","43.0000","44.0000","43.0000","43.0000","43.0000","44.0000","42.0000","43.0000","43.0000","44.0000","42.0000","43.0000"," ","0.0000","0.0000","1842000","79244300","43.0208"
"20201214","01","12","    88360","JP3794400006","24.0000","25.0000","24.0000","24.0000","24.0000","24.0000","24.0000","24.0000","24.0000","25.0000","24.0000","24.0000"," ","0.0000","0.0000","110200","2646900","24.0191"
"20201214","01","12","    88440","JP3970200006","410.0000","410.0000","404.0000","406.0000","406.0000","409.0000","405.0000","407.0000","410.0000","410.0000","404.0000","407.0000"," ","0.0000","0.0000","14700","5997400","407.9864"
"20201214","01","12","    88540","JP3661900005","1850.0000","1870.0000","1850.0000","1870.0000","1880.0000","1890.0000","1850.0000","1890.0000","1850.0000","1890.0000","1850.0000","1890.0000"," ","0.0000","0.0000","2100","3935000","1873.8095"
"20201214","01","12","    88860","JP3157300009","2169.0000","2169.0000","2158.0000","2158.0000","2134.0000","2134.0000","2134.0000","2134.0000","2169.0000","2169.0000","2134.0000","2134.0000"," ","0.0000","0.0000","400","859500","2148.7500"
"20201214","01","12","    88870","JP3974800009","700.0000","719.0000","700.0000","719.0000","719.0000","724.0000","718.0000","721.0000","700.0000","724.0000","700.0000","721.0000"," ","0.0000","0.0000","35600","25208600","708.1067"
"20201214","01","12","    88890","JP3122510005","548.0000","551.0000","545.0000","550.0000","548.0000","552.0000","548.0000","552.0000","548.0000","552.0000","545.0000","552.0000"," ","0.0000","0.0000","8700","4780500","549.4828"
"20201214","01","12","    88900","JP3979100009","980.0000","989.0000","978.0000","982.0000","981.0000","982.0000","973.0000","978.0000","980.0000","989.0000","973.0000","978.0000"," ","0.0000","0.0000","35100","34396300","979.9516"
"20201214","01","12","    88910","JP3167440001","817.0000","817.0000","817.0000","817.0000","817.0000","817.0000","787.0000","813.0000","817.0000","817.0000","787.0000","813.0000"," ","0.0000","0.0000","8400","6834300","813.6071"
"20201214","01","12","    88930","JP3381600000","362.0000","365.0000","360.0000","365.0000","364.0000","364.0000","362.0000","362.0000","362.0000","365.0000","360.0000","362.0000"," ","0.0000","0.0000","90700","32889500","362.6185"
"20201214","01","12","    88940","JP3772300004","34.0000","36.0000","34.0000","36.0000","35.0000","37.0000","35.0000","37.0000","34.0000","37.0000","34.0000","37.0000"," ","0.0000","0.0000","1496900","53673600","35.8565"
"20201214","01","12","    88980","JP3424880007","1120.0000","1132.0000","1110.0000","1132.0000","1132.0000","1132.0000","1124.0000","1124.0000","1120.0000","1132.0000","1110.0000","1124.0000"," ","0.0000","0.0000","1300","1455400","1119.5385"
"20201214","01","12","    89030","JP3324450000","505.0000","511.0000","505.0000","506.0000","507.0000","511.0000","506.0000","511.0000","505.0000","511.0000","505.0000","511.0000"," ","0.0000","0.0000","12600","6400500","507.9762"
"20201214","01","12","    89090","JP3354100004","1120.0000","1128.0000","1119.0000","1120.0000","1120.0000","1123.0000","1115.0000","1116.0000","1120.0000","1128.0000","1115.0000","1116.0000"," ","0.0000","0.0000","90200","101070700","1120.5177"
"20201214","01","12","    89120","JP3167610009","103.0000","104.0000","103.0000","104.0000","104.0000","104.0000","102.0000","103.0000","103.0000","104.0000","102.0000","103.0000"," ","0.0000","0.0000","79900","8241500","103.1477"
"20201214","01","12","    89140","JP3167620008","931.0000","938.0000","925.0000","928.0000","933.0000","933.0000","924.0000","928.0000","931.0000","938.0000","924.0000","928.0000"," ","0.0000","0.0000","26900","24985100","928.8141"
"20201214","01","12","    89220","JP3104930007","112.0000","113.0000","111.0000","111.0000","111.0000","113.0000","111.0000","112.0000","112.0000","113.0000","111.0000","112.0000"," ","0.0000","0.0000","75800","8472100","111.7691"
"20201214","01","12","    89250","JP3126160005","47.0000","47.0000","46.0000","46.0000","46.0000","47.0000","46.0000","46.0000","47.0000","47.0000","46.0000","46.0000"," ","0.0000","0.0000","1313500","60625100","46.1554"
"20201214","01","12","    89270","JP3920300005","205.0000","213.0000","205.0000","212.0000","213.0000","213.0000","210.0000","213.0000","205.0000","213.0000","205.0000","213.0000"," ","0.0000","0.0000","119400","25045400","209.7605"
"20201214","01","12","    89290","JP3825750007","1579.0000","1595.0000","1567.0000","1589.0000","1588.0000","1601.0000","1583.0000","1586.0000","1579.0000","1601.0000","1567.0000","1586.0000"," ","0.0000","0.0000","49000","77745600","1586.6449"
"20201214","01","12","    89310","JP3993920002","763.0000","771.0000","763.0000","766.0000","772.0000","774.0000","767.0000","770.0000","763.0000","774.0000","763.0000","770.0000"," ","0.0000","0.0000","18300","14000300","765.0437"
"20201214","01","12","    89380","JP3984150007","1519.0000","1666.0000","1519.0000","1649.0000","1643.0000","1658.0000","1620.0000","1651.0000","1519.0000","1666.0000","1519.0000","1651.0000"," ","0.0000","0.0000","45500","73811700","1622.2352"
"20201214","01","12","    89460","JP3953650003","92.0000","101.0000","89.0000","93.0000","93.0000","93.0000","92.0000","92.0000","92.0000","101.0000","89.0000","92.0000"," ","0.0000","0.0000","1815200","172211700","94.8720"
"20201214","01","12","    89950","JP3863070003","562.0000","563.0000","558.0000","563.0000","0.0000","0.0000","0.0000","0.0000","562.0000","563.0000","558.0000","563.0000"," ","0.0000","0.0000","700","393100","561.5714"
"20201214","01","12","    90120","JP3509800003","0.0000","0.0000","0.0000","0.0000","2250.0000","2275.0000","2250.0000","2275.0000","2250.0000","2275.0000","2250.0000","2275.0000"," ","0.0000","0.0000","700","1577500","2253.5714"
"20201214","01","12","    90170","JP3654400005","2011.0000","2011.0000","2011.0000","2011.0000","0.0000","0.0000","0.0000","0.0000","2011.0000","2011.0000","2011.0000","2011.0000"," ","0.0000","0.0000","2000","4022000","2011.0000"
"20201214","01","12","    90280","JP3428870004","964.0000","967.0000","964.0000","967.0000","967.0000","972.0000","967.0000","970.0000","964.0000","972.0000","964.0000","970.0000"," ","0.0000","0.0000","1500","1453800","969.2000"
"20201214","01","12","    90290","JP3783480001","610.0000","610.0000","600.0000","600.0000","601.0000","612.0000","601.0000","607.0000","610.0000","612.0000","600.0000","607.0000"," ","0.0000","0.0000","12600","7649600","607.1111"
"20201214","01","12","    90330","JP3798600007","0.0000","0.0000","0.0000","0.0000","976.0000","978.0000","976.0000","978.0000","976.0000","978.0000","976.0000","978.0000"," ","0.0000","0.0000","300","293000","976.6667"
"20201214","01","12","    90340","JP3653350003","1212.0000","1230.0000","1212.0000","1225.0000","1220.0000","1224.0000","1212.0000","1223.0000","1212.0000","1230.0000","1212.0000","1223.0000"," ","0.0000","0.0000","3700","4503200","1217.0811"
"20201214","01","12","    90360","JP3598000002","915.0000","924.0000","915.0000","924.0000","0.0000","0.0000","0.0000","0.0000","915.0000","924.0000","915.0000","924.0000"," ","0.0000","0.0000","3000","2745900","915.3000"
"20201214","01","12","    90490","JP3281000004","2999.0000","2999.0000","2999.0000","2999.0000","0.0000","0.0000","0.0000","0.0000","2999.0000","2999.0000","2999.0000","2999.0000"," ","0.0000","0.0000","300","899700","2999.0000"
"20201214","01","12","    90510","JP3424100000","748.0000","753.0000","748.0000","753.0000","0.0000","0.0000","0.0000","0.0000","748.0000","753.0000","748.0000","753.0000"," ","0.0000","0.0000","200","150100","750.5000"
"20201214","01","12","    90550","JP3126450000","805.0000","807.0000","803.0000","804.0000","804.0000","806.0000","804.0000","804.0000","805.0000","807.0000","803.0000","804.0000"," ","0.0000","0.0000","4700","3781100","804.4894"
"20201214","01","12","    90570","JP3168600009","2745.0000","2780.0000","2745.0000","2780.0000","2799.0000","2799.0000","2780.0000","2791.0000","2745.0000","2799.0000","2745.0000","2791.0000"," ","0.0000","0.0000","2800","7783500","2779.8214"
"20201214","01","12","    90590","JP3229980002","877.0000","880.0000","877.0000","878.0000","878.0000","885.0000","878.0000","885.0000","877.0000","885.0000","877.0000","885.0000"," ","0.0000","0.0000","3100","2726100","879.3871"
"20201214","01","12","    90600","JP3756050005","3770.0000","3770.0000","3770.0000","3770.0000","3770.0000","3770.0000","3770.0000","3770.0000","3770.0000","3770.0000","3770.0000","3770.0000"," ","0.0000","0.0000","300","1131000","3770.0000"
"20201214","01","12","    90630","JP3193800004","0.0000","0.0000","0.0000","0.0000","2278.0000","2278.0000","2278.0000","2278.0000","2278.0000","2278.0000","2278.0000","2278.0000"," ","0.0000","0.0000","300","683400","2278.0000"
"20201214","01","12","    90730","JP3248400008","0.0000","0.0000","0.0000","0.0000","0.0000","0.0000","0.0000","0.0000","0.0000","0.0000","0.0000","0.0000"," ","0.0000","0.0000","0","0","0.0000"
"20201214","01","12","    90820","JP3503000006","934.0000","937.0000","924.0000","924.0000","0.0000","0.0000","0.0000","0.0000","934.0000","937.0000","924.0000","924.0000"," ","0.0000","0.0000","600","559000","931.6667"
"20201214","01","12","    90830","JP3372000004","2910.0000","2910.0000","2882.0000","2882.0000","2888.0000","2900.0000","2888.0000","2894.0000","2910.0000","2910.0000","2882.0000","2894.0000"," ","0.0000","0.0000","2300","6657100","2894.3913"
"20201214","01","12","    90870","JP3456600000","1920.0000","1920.0000","1900.0000","1900.0000","1900.0000","1919.0000","1900.0000","1919.0000","1920.0000","1920.0000","1900.0000","1919.0000"," ","0.0000","0.0000","800","1529900","1912.3750"
"20201214","01","12","    91270","JP3470600002","628.0000","628.0000","624.0000","625.0000","635.0000","635.0000","635.0000","635.0000","628.0000","635.0000","624.0000","635.0000"," ","0.0000","0.0000","700","440600","629.4286"
"20201214","01","12","    91710","JP3270400009","332.0000","332.0000","329.0000","329.0000","329.0000","329.0000","329.0000","329.0000","332.0000","332.0000","329.0000","329.0000"," ","0.0000","0.0000","2100","692700","329.8571"
"20201214","01","12","    91730","JP3562000004","2341.0000","2341.0000","2335.0000","2335.0000","2340.0000","2340.0000","2340.0000","2340.0000","2341.0000","2341.0000","2335.0000","2340.0000"," ","0.0000","0.0000","700","1637900","2339.8571"
"20201214","01","12","    91760","JP3322400007","220.0000","220.0000","219.0000","219.0000","219.0000","219.0000","219.0000","219.0000","220.0000","220.0000","219.0000","219.0000"," ","0.0000","0.0000","1700","372700","219.2353"
"20201214","01","12","    91790","JP3224000004","2499.0000","2499.0000","2482.0000","2499.0000","2485.0000","2499.0000","2485.0000","2498.0000","2499.0000","2499.0000","2482.0000","2498.0000"," ","0.0000","0.0000","2600","6472300","2489.3462"
"20201214","01","12","    91930","JP3573800004","580.0000","619.0000","580.0000","589.0000","587.0000","588.0000","586.0000","588.0000","580.0000","619.0000","580.0000","588.0000"," ","0.0000","0.0000","4300","2543700","591.5581"
"20201214","01","12","    92060","JP3399320005","2192.0000","2245.0000","2192.0000","2219.0000","2215.0000","2220.0000","2205.0000","2205.0000","2192.0000","2245.0000","2192.0000","2205.0000"," ","0.0000","0.0000","3900","8623300","2211.1026"
"20201214","01","12","    92330","JP3118800006","844.0000","854.0000","839.0000","852.0000","855.0000","855.0000","847.0000","853.0000","844.0000","855.0000","839.0000","853.0000"," ","0.0000","0.0000","43400","36873200","849.6129"
"20201214","01","12","    92610","JP3266700008","0.0000","0.0000","0.0000","0.0000","0.0000","0.0000","0.0000","0.0000","0.0000","0.0000","0.0000","0.0000"," ","0.0000","0.0000","0","0","0.0000"
"20201214","01","12","    92630","JP3800340006","362.0000","378.0000","358.0000","375.0000","373.0000","375.0000","369.0000","374.0000","362.0000","378.0000","358.0000","374.0000"," ","0.0000","0.0000","285200","105376900","369.4842"
"20201214","01","12","    92640","JP3856100007","3280.0000","3290.0000","3255.0000","3270.0000","3285.0000","3305.0000","3255.0000","3255.0000","3280.0000","3305.0000","3255.0000","3255.0000"," ","0.0000","0.0000","11500","37704500","3278.6522"
"20201214","01","12","    92680","JP3197720000","791.0000","796.0000","789.0000","790.0000","789.0000","795.0000","788.0000","789.0000","791.0000","796.0000","788.0000","789.0000"," ","0.0000","0.0000","2700","2133200","790.0741"
"20201214","01","12","    92700","JP3431540008","4000.0000","4015.0000","3900.0000","3970.0000","3990.0000","4065.0000","3990.0000","4020.0000","4000.0000","4065.0000","3900.0000","4020.0000"," ","0.0000","0.0000","50600","201618000","3984.5455"
"20201214","01","12","    92710","JP3993500002","443.0000","443.0000","428.0000","428.0000","430.0000","430.0000","429.0000","429.0000","443.0000","443.0000","428.0000","429.0000"," ","0.0000","0.0000","2100","909700","433.1905"
"20201214","01","12","    92720","JP3829980006","2175.0000","2222.0000","2175.0000","2216.0000","2216.0000","2255.0000","2216.0000","2255.0000","2175.0000","2255.0000","2175.0000","2255.0000"," ","0.0000","0.0000","12100","26809400","2215.6529"
"20201214","01","12","    92760","JP3117370001","0.0000","0.0000","0.0000","0.0000","0.0000","0.0000","0.0000","0.0000","0.0000","0.0000","0.0000","0.0000"," ","0.0000","0.0000","0","0","0.0000"
"20201214","01","12","    93070","JP3397000005","586.0000","586.0000","575.0000","581.0000","581.0000","581.0000","572.0000","572.0000","586.0000","586.0000","572.0000","572.0000"," ","0.0000","0.0000","20300","11738500","578.2512"
"20201214","01","12","    93110","JP3109600001","0.0000","0.0000","0.0000","0.0000","0.0000","0.0000","0.0000","0.0000","0.0000","0.0000","0.0000","0.0000"," ","0.0000","0.0000","0","0","0.0000"
"20201214","01","12","    93130","JP3876800008","697.0000","719.0000","697.0000","719.0000","712.0000","712.0000","712.0000","712.0000","697.0000","719.0000","697.0000","712.0000"," ","0.0000","0.0000","600","425900","709.8333"
"20201214","01","12","    93180","JP3743800009","7.0000","8.0000","7.0000","7.0000","7.0000","8.0000","7.0000","7.0000","7.0000","8.0000","7.0000","7.0000"," ","0.0000","0.0000","14141100","99048800","7.0043"
"20201214","01","12","    93260","JP3230300000","2410.0000","2470.0000","2410.0000","2441.0000","2437.0000","2437.0000","2406.0000","2406.0000","2410.0000","2470.0000","2406.0000","2406.0000"," ","0.0000","0.0000","21200","51533600","2430.8302"
"20201214","01","12","    93530","JP3318000001","1717.0000","1717.0000","1717.0000","1717.0000","1717.0000","1717.0000","1717.0000","1717.0000","1717.0000","1717.0000","1717.0000","1717.0000"," ","0.0000","0.0000","600","1030200","1717.0000"
"20201214","01","12","    93550","JP3977100001","0.0000","0.0000","0.0000","0.0000","2141.0000","2142.0000","2141.0000","2142.0000","2141.0000","2142.0000","2141.0000","2142.0000"," ","0.0000","0.0000","300","642400","2141.3333"
"20201214","01","12","    93600","JP3398800007","2371.0000","2522.0000","2360.0000","2406.0000","2400.0000","2405.0000","2344.0000","2385.0000","2371.0000","2522.0000","2344.0000","2385.0000"," ","0.0000","0.0000","38600","92612800","2399.2953"
"20201214","01","12","    93610","JP3807200005","0.0000","0.0000","0.0000","0.0000","0.0000","0.0000","0.0000","0.0000","0.0000","0.0000","0.0000","0.0000"," ","0.0000","0.0000","0","0","0.0000"
"20201214","01","12","    93620","JP3794600001","1176.0000","1180.0000","1175.0000","1180.0000","1180.0000","1180.0000","1172.0000","1172.0000","1176.0000","1180.0000","1172.0000","1172.0000"," ","0.0000","0.0000","4100","4817700","1175.0488"
"20201214","01","12","    93630","JP3479800009","250.0000","252.0000","248.0000","252.0000","252.0000","252.0000","252.0000","252.0000","250.0000","252.0000","248.0000","252.0000"," ","0.0000","0.0000","14500","3620600","249.6966"
"20201214","01","12","    93650","JP3637200001","0.0000","0.0000","0.0000","0.0000","0.0000","0.0000","0.0000","0.0000","0.0000","0.0000","0.0000","0.0000"," ","0.0000","0.0000","0","0","0.0000"
"20201214","01","12","    93670","JP3486900008","615.0000","624.0000","615.0000","624.0000","624.0000","630.0000","623.0000","630.0000","615.0000","630.0000","615.0000","630.0000"," ","0.0000","0.0000","1100","681500","619.5455"
"20201214","01","12","    93760","JP3944650005","707.0000","782.0000","706.0000","748.0000","737.0000","769.0000","737.0000","767.0000","707.0000","782.0000","706.0000","767.0000"," ","0.0000","0.0000","97700","73018400","747.3736"
"20201214","01","12","    93770","JP3160470005","452.0000","458.0000","450.0000","453.0000","0.0000","0.0000","0.0000","0.0000","452.0000","458.0000","450.0000","453.0000"," ","0.0000","0.0000","7300","3299600","452.0000"
"20201214","01","12","    93880","JP3781530005","0.0000","0.0000","0.0000","0.0000","0.0000","0.0000","0.0000","0.0000","0.0000","0.0000","0.0000","0.0000"," ","0.0000","0.0000","0","0","0.0000"
"20201214","01","12","    94080","JP3656400003","1280.0000","1280.0000","1280.0000","1280.0000","1280.0000","1280.0000","1280.0000","1280.0000","1280.0000","1280.0000","1280.0000","1280.0000"," ","0.0000","0.0000","1100","1408000","1280.0000"
"20201214","01","12","    94210","JP3758300002","989.0000","989.0000","989.0000","989.0000","1004.0000","1011.0000","977.0000","977.0000","989.0000","1011.0000","977.0000","977.0000"," ","0.0000","0.0000","1600","1588200","992.6250"
"20201214","01","12","    94230","JP3826700001","97.0000","99.0000","97.0000","98.0000","98.0000","99.0000","98.0000","99.0000","97.0000","99.0000","97.0000","99.0000"," ","0.0000","0.0000","168800","16507400","97.7927"
"20201214","01","12","    94250","JP3732400001","353.0000","363.0000","353.0000","363.0000","363.0000","365.0000","352.0000","360.0000","353.0000","365.0000","352.0000","360.0000"," ","0.0000","0.0000","118100","42500500","359.8688"
"20201214","01","12","    94360","JP3194650002","4415.0000","4465.0000","4415.0000","4455.0000","4445.0000","4480.0000","4445.0000","4450.0000","4415.0000","4480.0000","4415.0000","4450.0000"," ","0.0000","0.0000","15900","70734000","4448.6792"
"20201214","01","12","    94390","JP3799620004","196.0000","197.0000","196.0000","196.0000","196.0000","200.0000","196.0000","197.0000","196.0000","200.0000","196.0000","197.0000"," ","0.0000","0.0000","7300","1437400","196.9041"
"20201214","01","12","    94410","JP3835850003","6570.0000","6590.0000","6570.0000","6570.0000","6480.0000","6480.0000","6480.0000","6480.0000","6570.0000","6590.0000","6480.0000","6480.0000"," ","0.0000","0.0000","800","5249000","6561.2500"
"20201214","01","12","    94440","JP3552420006","574.0000","574.0000","562.0000","570.0000","569.0000","572.0000","567.0000","569.0000","574.0000","574.0000","562.0000","569.0000"," ","0.0000","0.0000","7000","3983800","569.1143"
"20201214","01","12","    94450","JP3802760003","386.0000","386.0000","370.0000","377.0000","378.0000","378.0000","371.0000","375.0000","386.0000","386.0000","370.0000","375.0000"," ","0.0000","0.0000","59800","22701000","379.6154"
"20201214","01","12","    94460","JP3162630002","570.0000","570.0000","564.0000","564.0000","562.0000","567.0000","562.0000","562.0000","570.0000","570.0000","562.0000","562.0000"," ","0.0000","0.0000","4500","2557500","568.3333"
"20201214","01","12","    94650","JP3241700008","0.0000","0.0000","0.0000","0.0000","0.0000","0.0000","0.0000","0.0000","0.0000","0.0000","0.0000","0.0000"," ","0.0000","0.0000","0","0","0.0000"
"20201214","01","12","    94670","JP3126410004","3420.0000","3420.0000","3285.0000","3325.0000","3310.0000","3345.0000","3290.0000","3335.0000","3420.0000","3420.0000","3285.0000","3335.0000"," ","0.0000","0.0000","55000","183026500","3327.7545"
"20201214","01","12","    94760","JP3514800006","585.0000","587.0000","577.0000","577.0000","0.0000","0.0000","0.0000","0.0000","585.0000","587.0000","577.0000","577.0000"," ","0.0000","0.0000","600","350300","583.8333"
"20201214","01","12","    94780","JP3361000007","224.0000","230.0000","223.0000","227.0000","227.0000","229.0000","226.0000","228.0000","224.0000","230.0000","223.0000","228.0000"," ","0.0000","0.0000","197800","44891400","226.9535"
"20201214","01","12","    95370","JP3843800008","3095.0000","3095.0000","3095.0000","3095.0000","0.0000","0.0000","0.0000","0.0000","3095.0000","3095.0000","3095.0000","3095.0000"," ","0.0000","0.0000","100","309500","3095.0000"
"20201214","01","12","    95390","JP3281400006","0.0000","0.0000","0.0000","0.0000","0.0000","0.0000","0.0000","0.0000","0.0000","0.0000","0.0000","0.0000"," ","0.0000","0.0000","0","0","0.0000"
"20201214","01","12","    96100","JP3154200004","161.0000","162.0000","160.0000","162.0000","161.0000","162.0000","161.0000","162.0000","161.0000","162.0000","160.0000","162.0000"," ","0.0000","0.0000","5300","854100","161.1509"
"20201214","01","12","    96250","JP3423600000","729.0000","729.0000","709.0000","709.0000","712.0000","715.0000","703.0000","709.0000","729.0000","729.0000","703.0000","709.0000"," ","0.0000","0.0000","67400","48230000","715.5786"
"20201214","01","12","    96310","JP3569800000","4910.0000","4910.0000","4895.0000","4895.0000","4915.0000","4915.0000","4895.0000","4895.0000","4910.0000","4915.0000","4895.0000","4895.0000"," ","0.0000","0.0000","2800","13733000","4904.6429"
"20201214","01","12","    96350","JP3913200006","2011.0000","2011.0000","2011.0000","2011.0000","2011.0000","2011.0000","2011.0000","2011.0000","2011.0000","2011.0000","2011.0000","2011.0000"," ","0.0000","0.0000","200","402200","2011.0000"
"20201214","01","12","    96360","JP3258400005","2961.0000","2961.0000","2961.0000","2961.0000","2995.0000","2999.0000","2972.0000","2988.0000","2961.0000","2999.0000","2961.0000","2988.0000"," ","0.0000","0.0000","1400","4172100","2980.0714"
"20201214","01","12","    96370","JP3170400000","2989.0000","3035.0000","2989.0000","3015.0000","3015.0000","3020.0000","3005.0000","3010.0000","2989.0000","3035.0000","2989.0000","3010.0000"," ","0.0000","0.0000","1500","4512200","3008.1333"
"20201214","01","12","    96390","JP3328200005","3825.0000","3825.0000","3825.0000","3825.0000","3840.0000","3840.0000","3840.0000","3840.0000","3825.0000","3840.0000","3825.0000","3840.0000"," ","0.0000","0.0000","500","1918500","3837.0000"
"20201214","01","12","    96400","JP3422150007","2153.0000","2170.0000","2152.0000","2170.0000","2194.0000","2196.0000","2175.0000","2196.0000","2153.0000","2196.0000","2152.0000","2196.0000"," ","0.0000","0.0000","3300","7153000","2167.5758"
"20201214","01","12","    96410","JP3318600008","343.0000","343.0000","340.0000","340.0000","340.0000","343.0000","340.0000","342.0000","343.0000","343.0000","340.0000","342.0000"," ","0.0000","0.0000","900","307400","341.5556"
"20201214","01","12","    96470","JP3254900008","3570.0000","3570.0000","3315.0000","3365.0000","3345.0000","3345.0000","3300.0000","3345.0000","3570.0000","3570.0000","3300.0000","3345.0000"," ","0.0000","0.0000","2600","8803500","3385.9615"
"20201214","01","12","    96510","JP3749300004","762.0000","765.0000","759.0000","759.0000","759.0000","759.0000","752.0000","752.0000","762.0000","765.0000","752.0000","752.0000"," ","0.0000","0.0000","11400","8682200","761.5965"
"20201214","01","12","    96560","JP3889000000","437.0000","448.0000","437.0000","447.0000","447.0000","448.0000","447.0000","448.0000","437.0000","448.0000","437.0000","448.0000"," ","0.0000","0.0000","6300","2803700","445.0317"
"20201214","01","12","    96610","JP3218600009","4765.0000","4765.0000","4755.0000","4755.0000","4755.0000","4795.0000","4755.0000","4790.0000","4765.0000","4795.0000","4755.0000","4790.0000"," ","0.0000","0.0000","1700","8104000","4767.0588"
"20201214","01","12","    96790","JP3840300002","3010.0000","3010.0000","3010.0000","3010.0000","3010.0000","3010.0000","3005.0000","3005.0000","3010.0000","3010.0000","3005.0000","3005.0000"," ","0.0000","0.0000","800","2406500","3008.1250"
"20201214","01","12","    96850","JP3253000008","914.0000","956.0000","908.0000","954.0000","948.0000","955.0000","939.0000","955.0000","914.0000","956.0000","908.0000","955.0000"," ","0.0000","0.0000","74600","70495400","944.9786"
"20201214","01","12","    96860","JP3616800003","1001.0000","1005.0000","1000.0000","1000.0000","1000.0000","1000.0000","997.0000","998.0000","1001.0000","1005.0000","997.0000","998.0000"," ","0.0000","0.0000","4100","4099100","999.7805"
"20201214","01","12","    96870","JP3294000009","2173.0000","2173.0000","2173.0000","2173.0000","2176.0000","2204.0000","2176.0000","2204.0000","2173.0000","2204.0000","2173.0000","2204.0000"," ","0.0000","0.0000","700","1534400","2192.0000"
"20201214","01","12","    96910","JP3976400006","1902.0000","1972.0000","1890.0000","1924.0000","1924.0000","1924.0000","1892.0000","1892.0000","1902.0000","1972.0000","1890.0000","1892.0000"," ","0.0000","0.0000","4000","7612700","1903.1750"
"20201214","01","12","    96950","JP3220000008","225.0000","225.0000","225.0000","225.0000","225.0000","225.0000","223.0000","223.0000","225.0000","225.0000","223.0000","223.0000"," ","0.0000","0.0000","3000","673600","224.5333"
"20201214","01","12","    96960","JP3234010001","437.0000","437.0000","425.0000","430.0000","425.0000","431.0000","423.0000","431.0000","437.0000","437.0000","423.0000","431.0000"," ","0.0000","0.0000","19600","8496800","433.5102"
"20201214","01","12","    96980","JP3271000006","1230.0000","1237.0000","1221.0000","1231.0000","1229.0000","1235.0000","1225.0000","1235.0000","1230.0000","1237.0000","1221.0000","1235.0000"," ","0.0000","0.0000","11500","14125800","1228.3304"
"20201214","01","12","    97010","JP3572200008","2980.0000","3005.0000","2958.0000","2958.0000","2958.0000","2962.0000","2958.0000","2962.0000","2980.0000","3005.0000","2958.0000","2962.0000"," ","0.0000","0.0000","13000","38468200","2959.0923"
"20201214","01","12","    97070","JP3230800009","995.0000","1001.0000","995.0000","1001.0000","1001.0000","1015.0000","1000.0000","1011.0000","995.0000","1015.0000","995.0000","1011.0000"," ","0.0000","0.0000","18500","18565600","1003.5459"
"20201214","01","12","    97080","JP3542800002","1961.0000","1980.0000","1961.0000","1962.0000","1970.0000","1980.0000","1967.0000","1968.0000","1961.0000","1980.0000","1961.0000","1968.0000"," ","0.0000","0.0000","10700","21089300","1970.9626"
"20201214","01","12","    97090","JP3709000008","480.0000","491.0000","480.0000","484.0000","487.0000","495.0000","482.0000","492.0000","480.0000","495.0000","480.0000","492.0000"," ","0.0000","0.0000","63400","30833400","486.3312"
"20201214","01","12","    97130","JP3984000004","1150.0000","1155.0000","1148.0000","1152.0000","1152.0000","1152.0000","1150.0000","1151.0000","1150.0000","1155.0000","1148.0000","1151.0000"," ","0.0000","0.0000","1900","2185500","1150.2632"
"20201214","01","12","    97200","JP3852200009","0.0000","0.0000","0.0000","0.0000","3360.0000","3440.0000","3360.0000","3440.0000","3360.0000","3440.0000","3360.0000","3440.0000"," ","0.0000","0.0000","300","1016000","3386.6667"
"20201214","01","12","    97230","JP3252400001","571.0000","573.0000","571.0000","573.0000","573.0000","573.0000","569.0000","569.0000","571.0000","573.0000","569.0000","569.0000"," ","0.0000","0.0000","8300","4738400","570.8916"
"20201214","01","12","    97330","JP3647600000","0.0000","0.0000","0.0000","0.0000","0.0000","0.0000","0.0000","0.0000","0.0000","0.0000","0.0000","0.0000"," ","0.0000","0.0000","0","0","0.0000"
"20201214","01","12","    97340","JP3417800004","810.0000","810.0000","809.0000","809.0000","0.0000","0.0000","0.0000","0.0000","810.0000","810.0000","809.0000","809.0000"," ","0.0000","0.0000","1300","1052800","809.8462"
"20201214","01","12","    97530","JP3100720006","1121.0000","1145.0000","1104.0000","1143.0000","1143.0000","1184.0000","1125.0000","1179.0000","1121.0000","1184.0000","1104.0000","1179.0000"," ","0.0000","0.0000","252400","290805200","1152.1601"
"20201214","01","12","    97580","JP3389600002","440.0000","448.0000","440.0000","445.0000","445.0000","448.0000","444.0000","444.0000","440.0000","448.0000","440.0000","444.0000"," ","0.0000","0.0000","62600","27792600","443.9712"
"20201214","01","12","    97610","JP3566200006","1383.0000","1391.0000","1383.0000","1390.0000","1390.0000","1396.0000","1390.0000","1395.0000","1383.0000","1396.0000","1383.0000","1395.0000"," ","0.0000","0.0000","9000","12475400","1386.1556"
"20201214","01","12","    97670","JP3668800000","1760.0000","1760.0000","1724.0000","1732.0000","1727.0000","1733.0000","1727.0000","1733.0000","1760.0000","1760.0000","1724.0000","1733.0000"," ","0.0000","0.0000","1300","2251200","1731.6923"
"20201214","01","12","    97760","JP3321100004","0.0000","0.0000","0.0000","0.0000","1355.0000","1369.0000","1355.0000","1369.0000","1355.0000","1369.0000","1355.0000","1369.0000"," ","0.0000","0.0000","200","272400","1362.0000"
"20201214","01","12","    97780","JP3399750003","0.0000","0.0000","0.0000","0.0000","0.0000","0.0000","0.0000","0.0000","0.0000","0.0000","0.0000","0.0000"," ","0.0000","0.0000","0","0","0.0000"
"20201214","01","12","    97800","JP3773200005","2974.0000","2999.0000","2974.0000","2998.0000","2990.0000","2990.0000","2986.0000","2986.0000","2974.0000","2999.0000","2974.0000","2986.0000"," ","0.0000","0.0000","2500","7446600","2978.6400"
"20201214","01","12","    97820","JP3548550007","1424.0000","1445.0000","1423.0000","1424.0000","1415.0000","1456.0000","1415.0000","1456.0000","1424.0000","1456.0000","1415.0000","1456.0000"," ","0.0000","0.0000","3500","5003900","1429.6857"
"20201214","01","12","    97910","JP3800000006","750.0000","750.0000","741.0000","741.0000","741.0000","748.0000","741.0000","743.0000","750.0000","750.0000","741.0000","743.0000"," ","0.0000","0.0000","5300","3948900","745.0755"
"20201214","01","12","    97970","JP3494000007","988.0000","1017.0000","966.0000","971.0000","976.0000","993.0000","951.0000","953.0000","988.0000","1017.0000","951.0000","953.0000"," ","0.0000","0.0000","104400","102118900","978.1504"
"20201214","01","12","    97990","JP3113400000","1236.0000","1236.0000","1218.0000","1218.0000","1223.0000","1224.0000","1223.0000","1224.0000","1236.0000","1236.0000","1218.0000","1224.0000"," ","0.0000","0.0000","12100","14904800","1231.8017"
"20201214","01","12","    98120","JP3538300009","228.0000","233.0000","228.0000","230.0000","231.0000","232.0000","230.0000","232.0000","228.0000","233.0000","228.0000","232.0000"," ","0.0000","0.0000","6000","1384800","230.8000"
"20201214","01","12","    98160","JP3778220008","379.0000","383.0000","373.0000","382.0000","382.0000","385.0000","372.0000","378.0000","379.0000","385.0000","372.0000","378.0000"," ","0.0000","0.0000","51900","19647300","378.5607"
"20201214","01","12","    98180","JP3499200008","1388.0000","1388.0000","1388.0000","1388.0000","1388.0000","1388.0000","1383.0000","1383.0000","1388.0000","1388.0000","1383.0000","1383.0000"," ","0.0000","0.0000","7600","10548300","1387.9342"
"20201214","01","12","    98200","JP3297300000","2800.0000","2800.0000","2771.0000","2771.0000","2796.0000","2796.0000","2774.0000","2774.0000","2800.0000","2800.0000","2771.0000","2774.0000"," ","0.0000","0.0000","1300","3611000","2777.6923"
"20201214","01","12","    98230","JP3870200007","2240.0000","2240.0000","2223.0000","2223.0000","2221.0000","2242.0000","2221.0000","2235.0000","2240.0000","2242.0000","2221.0000","2235.0000"," ","0.0000","0.0000","3800","8505600","2238.3158"
"20201214","01","12","    98270","JP3976800007","150.0000","151.0000","149.0000","150.0000","150.0000","150.0000","149.0000","150.0000","150.0000","151.0000","149.0000","150.0000"," ","0.0000","0.0000","32700","4897800","149.7798"
"20201214","01","12","    98290","JP3648400004","1331.0000","1331.0000","1331.0000","1331.0000","0.0000","0.0000","0.0000","0.0000","1331.0000","1331.0000","1331.0000","1331.0000"," ","0.0000","0.0000","200","266200","1331.0000"
"20201214","01","12","    98350","JP3392800003","744.0000","759.0000","744.0000","755.0000","755.0000","757.0000","750.0000","753.0000","744.0000","759.0000","744.0000","753.0000"," ","0.0000","0.0000","14300","10724800","749.9860"
"20201214","01","12","    98450","JP3780000000","495.0000","495.0000","486.0000","495.0000","495.0000","495.0000","489.0000","490.0000","495.0000","495.0000","486.0000","490.0000"," ","0.0000","0.0000","8900","4389300","493.1798"
"20201214","01","12","    98460","JP3547850002","1100.0000","1100.0000","1086.0000","1095.0000","1117.0000","1117.0000","1105.0000","1105.0000","1100.0000","1117.0000","1086.0000","1105.0000"," ","0.0000","0.0000","6700","7418400","1107.2239"
"20201214","01","12","    98490","JP3226400004","4595.0000","4595.0000","4595.0000","4595.0000","4525.0000","4525.0000","4525.0000","4525.0000","4595.0000","4595.0000","4525.0000","4525.0000"," ","0.0000","0.0000","200","912000","4560.0000"
"20201214","01","12","    98520","JP3518400001","2750.0000","2750.0000","2750.0000","2750.0000","0.0000","0.0000","0.0000","0.0000","2750.0000","2750.0000","2750.0000","2750.0000"," ","0.0000","0.0000","400","1100000","2750.0000"
"20201214","01","12","    98530","JP3265200000","822.0000","822.0000","820.0000","821.0000","820.0000","820.0000","820.0000","820.0000","822.0000","822.0000","820.0000","820.0000"," ","0.0000","0.0000","700","574700","821.0000"
"20201214","01","12","    98570","JP3161100007","1062.0000","1062.0000","1059.0000","1059.0000","1054.0000","1054.0000","1034.0000","1045.0000","1062.0000","1062.0000","1034.0000","1045.0000"," ","0.0000","0.0000","3400","3557900","1046.4412"
"20201214","01","12","    98670","JP3301200006","7080.0000","7090.0000","7080.0000","7090.0000","7090.0000","7090.0000","7080.0000","7080.0000","7080.0000","7090.0000","7080.0000","7080.0000"," ","0.0000","0.0000","1100","7797000","7088.1818"
"20201214","01","12","    98730","JP3702200001","2938.0000","2954.0000","2926.0000","2943.0000","2939.0000","2943.0000","2922.0000","2924.0000","2938.0000","2954.0000","2922.0000","2924.0000"," ","0.0000","0.0000","55800","163873900","2936.8082"
"20201214","01","12","    98760","JP3299200000","184.0000","184.0000","181.0000","182.0000","183.0000","183.0000","179.0000","180.0000","184.0000","184.0000","179.0000","180.0000"," ","0.0000","0.0000","74600","13534500","181.4276"
"20201214","01","12","    98780","JP3420900007","1344.0000","1469.0000","1307.0000","1416.0000","1430.0000","1492.0000","1381.0000","1410.0000","1344.0000","1492.0000","1307.0000","1410.0000"," ","0.0000","0.0000","1013000","1445668700","1427.1162"
"20201214","01","12","    98850","JP3359800004","367.0000","367.0000","365.0000","365.0000","366.0000","369.0000","366.0000","369.0000","367.0000","369.0000","365.0000","369.0000"," ","0.0000","0.0000","11100","4078200","367.4054"
"20201214","01","12","    98880","JP3154850006","500.0000","507.0000","486.0000","504.0000","505.0000","505.0000","491.0000","499.0000","500.0000","507.0000","486.0000","499.0000"," ","0.0000","0.0000","129300","64212000","496.6125"
"20201214","01","12","    98900","JP3862900002","1146.0000","1146.0000","1120.0000","1132.0000","1138.0000","1144.0000","1132.0000","1134.0000","1146.0000","1146.0000","1120.0000","1134.0000"," ","0.0000","0.0000","9500","10788400","1135.6211"
"20201214","01","12","    98950","JP3306000005","1220.0000","1220.0000","1211.0000","1211.0000","1211.0000","1211.0000","1211.0000","1211.0000","1220.0000","1220.0000","1211.0000","1211.0000"," ","0.0000","0.0000","1200","1455900","1213.2500"
"20201214","01","12","    99030","JP3229950005","2969.0000","3025.0000","2969.0000","2995.0000","2990.0000","3000.0000","2977.0000","2978.0000","2969.0000","3025.0000","2969.0000","2978.0000"," ","0.0000","0.0000","2600","7774000","2990.0000"
"20201214","01","12","    99040","JP3392700005","275.0000","282.0000","274.0000","277.0000","277.0000","278.0000","275.0000","278.0000","275.0000","282.0000","274.0000","278.0000"," ","0.0000","0.0000","138100","38326100","277.5243"
"20201214","01","12","    99060","JP3807650001","1458.0000","1461.0000","1458.0000","1461.0000","1464.0000","1470.0000","1459.0000","1459.0000","1458.0000","1470.0000","1458.0000","1459.0000"," ","0.0000","0.0000","1800","2633900","1463.2778"
"20201214","01","12","    99080","JP3734400009","1248.0000","1275.0000","1248.0000","1270.0000","1266.0000","1271.0000","1264.0000","1264.0000","1248.0000","1275.0000","1248.0000","1264.0000"," ","0.0000","0.0000","4700","5914000","1258.2979"
"20201214","01","12","    99090","JP3101300006","1409.0000","1409.0000","1409.0000","1409.0000","0.0000","0.0000","0.0000","0.0000","1409.0000","1409.0000","1409.0000","1409.0000"," ","0.0000","0.0000","100","140900","1409.0000"
"20201214","01","12","    99130","JP3686100003","534.0000","550.0000","534.0000","550.0000","540.0000","543.0000","540.0000","540.0000","534.0000","550.0000","534.0000","540.0000"," ","0.0000","0.0000","1900","1030100","542.1579"
"20201214","01","12","    99140","JP3155300001","851.0000","851.0000","851.0000","851.0000","836.0000","836.0000","810.0000","810.0000","851.0000","851.0000","810.0000","810.0000"," ","0.0000","0.0000","2100","1739000","828.0952"
"20201214","01","12","    99270","JP3994000002","2229.0000","2229.0000","2187.0000","2187.0000","2203.0000","2203.0000","2203.0000","2203.0000","2229.0000","2229.0000","2187.0000","2203.0000"," ","0.0000","0.0000","28200","62845600","2228.5674"
"20201214","01","12","    99290","JP3834300000","410.0000","410.0000","410.0000","410.0000","411.0000","411.0000","411.0000","411.0000","410.0000","411.0000","410.0000","411.0000"," ","0.0000","0.0000","300","123200","410.6667"
"20201214","01","12","    99410","JP3451800001","0.0000","0.0000","0.0000","0.0000","410.0000","410.0000","410.0000","410.0000","410.0000","410.0000","410.0000","410.0000"," ","0.0000","0.0000","100","41000","410.0000"
"20201214","01","12","    99500","JP3769200001","2975.0000","2979.0000","2972.0000","2979.0000","2979.0000","2980.0000","2979.0000","2980.0000","2975.0000","2980.0000","2972.0000","2980.0000"," ","0.0000","0.0000","1500","4466500","2977.6667"
"20201214","01","12","    99550","JP3962200006","1600.0000","1600.0000","1599.0000","1599.0000","1596.0000","1600.0000","1596.0000","1600.0000","1600.0000","1600.0000","1596.0000","1600.0000"," ","0.0000","0.0000","1200","1918700","1598.9167"
"20201214","01","12","    99590","JP3117400006","430.0000","431.0000","425.0000","425.0000","428.0000","428.0000","424.0000","424.0000","430.0000","431.0000","424.0000","424.0000"," ","0.0000","0.0000","10100","4317300","427.4554"
"20201214","01","12","    99640","JP3104900000","0.0000","0.0000","0.0000","0.0000","0.0000","0.0000","0.0000","0.0000","0.0000","0.0000","0.0000","0.0000"," ","0.0000","0.0000","0","0","0.0000"
"20201214","01","12","    99670","JP3313000006","0.0000","0.0000","0.0000","0.0000","1868.0000","1868.0000","1868.0000","1868.0000","1868.0000","1868.0000","1868.0000","1868.0000"," ","0.0000","0.0000","200","373600","1868.0000"
"20201214","01","12","    99690","JP3369300003","276.0000","276.0000","272.0000","274.0000","274.0000","276.0000","271.0000","273.0000","276.0000","276.0000","271.0000","273.0000"," ","0.0000","0.0000","56800","15580100","274.2975"
"20201214","01","12","    99730","JP3298800008","50.0000","50.0000","49.0000","50.0000","50.0000","50.0000","49.0000","49.0000","50.0000","50.0000","49.0000","49.0000"," ","0.0000","0.0000","584600","28771800","49.2162"
"20201214","01","12","    99760","JP3420850004","1935.0000","2033.0000","1935.0000","2033.0000","2059.0000","2060.0000","2020.0000","2020.0000","1935.0000","2060.0000","1935.0000","2020.0000"," ","0.0000","0.0000","7500","15048100","2006.4133"
"20201214","01","12","    99770","JP3105700003","2719.0000","2739.0000","2715.0000","2739.0000","2740.0000","2748.0000","2740.0000","2748.0000","2719.0000","2748.0000","2715.0000","2748.0000"," ","0.0000","0.0000","1000","2729400","2729.4000"
"20201214","01","12","    99780","JP3831750009","92.0000","92.0000","91.0000","91.0000","92.0000","93.0000","91.0000","91.0000","92.0000","93.0000","91.0000","91.0000"," ","0.0000","0.0000","640400","58717500","91.6888"
"20201214","01","12","    99800","JP3873800001","129.0000","130.0000","129.0000","130.0000","130.0000","130.0000","129.0000","130.0000","129.0000","130.0000","129.0000","130.0000"," ","0.0000","0.0000","111600","14420400","129.2151"
"20201214","01","12","    99960","JP3321500005","1680.0000","1680.0000","1611.0000","1611.0000","1600.0000","1649.0000","1600.0000","1649.0000","1680.0000","1680.0000","1600.0000","1649.0000"," ","0.0000","0.0000","10000","16754800","1675.4800"
"20201214","01","13","    13130","","3600.0000","3600.0000","3590.0000","3590.0000","3520.0000","3520.0000","3500.0000","3505.0000","3600.0000","3600.0000","3500.0000","3505.0000"," ","0.0000","0.0000","160","565000","3531.2500"
"20201214","01","13","    13260","","17940.0000","17940.0000","17900.0000","17910.0000","17920.0000","17930.0000","17900.0000","17900.0000","17940.0000","17940.0000","17900.0000","17900.0000"," ","0.0000","0.0000","5520","98875540","17912.2355"
"20201214","01","13","    13270","","2842.0000","2898.0000","2840.0000","2840.0000","2836.0000","2840.0000","2825.0000","2836.0000","2842.0000","2898.0000","2825.0000","2836.0000"," ","0.0000","0.0000","89","253780","2851.4607"
"20201214","01","13","    13490","","13160.0000","13160.0000","13150.0000","13150.0000","13150.0000","13150.0000","13080.0000","13080.0000","13160.0000","13160.0000","13080.0000","13080.0000"," ","0.0000","0.0000","26","341750","13144.2308"
"20201214","01","13","    13850","","4455.0000","4455.0000","4445.0000","4445.0000","4475.0000","4475.0000","4460.0000","4465.0000","4455.0000","4475.0000","4445.0000","4465.0000"," ","0.0000","0.0000","137","610325","4454.9270"
"20201214","01","13","    13860","","8190.0000","8190.0000","8020.0000","8050.0000","8100.0000","8100.0000","8080.0000","8080.0000","8190.0000","8190.0000","8020.0000","8080.0000"," ","0.0000","0.0000","122","982770","8055.4918"
"20201214","01","13","    13870","","0.0000","0.0000","0.0000","0.0000","0.0000","0.0000","0.0000","0.0000","0.0000","0.0000","0.0000","0.0000"," ","0.0000","0.0000","0","0","0.0000"
"20201214","01","13","    13880","","0.0000","0.0000","0.0000","0.0000","13590.0000","13590.0000","13590.0000","13590.0000","13590.0000","13590.0000","13590.0000","13590.0000"," ","0.0000","0.0000","1","13590","13590.0000"
"20201214","01","13","    13890","","8680.0000","8710.0000","8680.0000","8710.0000","8680.0000","8700.0000","8490.0000","8500.0000","8680.0000","8710.0000","8490.0000","8500.0000"," ","0.0000","0.0000","508","4401150","8663.6811"
"20201214","01","13","    13900","","4795.0000","5000.0000","4790.0000","4830.0000","4945.0000","4960.0000","4840.0000","4850.0000","4795.0000","5000.0000","4790.0000","4850.0000"," ","0.0000","0.0000","565","2792945","4943.2655"
"20201214","01","13","    13910","","2385.0000","2385.0000","2385.0000","2385.0000","2347.0000","2381.0000","2346.0000","2381.0000","2385.0000","2385.0000","2346.0000","2381.0000"," ","0.0000","0.0000","52","123357","2372.2500"
"20201214","01","13","    13920","","2367.0000","2367.0000","2289.0000","2329.0000","2329.0000","2340.0000","2329.0000","2340.0000","2367.0000","2367.0000","2289.0000","2340.0000"," ","0.0000","0.0000","418","974614","2331.6124"
"20201214","01","13","    13930","","37450.0000","37600.0000","37450.0000","37600.0000","37550.0000","37550.0000","37550.0000","37550.0000","37450.0000","37600.0000","37450.0000","37550.0000"," ","0.0000","0.0000","24","900900","37537.5000"
"20201214","01","13","    13940","","0.0000","0.0000","0.0000","0.0000","0.0000","0.0000","0.0000","0.0000","0.0000","0.0000","0.0000","0.0000"," ","0.0000","0.0000","0","0","0.0000"
"20201214","01","13","    15570","","38200.0000","38300.0000","38200.0000","38300.0000","38250.0000","38300.0000","38200.0000","38200.0000","38200.0000","38300.0000","38200.0000","38200.0000"," ","0.0000","0.0000","2516","96220550","38243.4618"
"20201214","01","13","    15750","","750.0000","775.0000","750.0000","760.0000","791.0000","791.0000","756.0000","791.0000","750.0000","791.0000","750.0000","791.0000","1","780.0000","0.0000","1710","1346580","787.4737"
"20201214","01","13","    15760","","763.0000","763.0000","763.0000","763.0000","777.0000","777.0000","777.0000","777.0000","763.0000","777.0000","763.0000","777.0000"," ","0.0000","0.0000","30","23030","767.6667"
"20201214","01","13","    15840","","864.0000","864.0000","863.0000","864.0000","851.0000","887.0000","851.0000","887.0000","864.0000","887.0000","851.0000","887.0000"," ","0.0000","0.0000","300","259290","864.3000"
"20201214","01","13","    16720","","18160.0000","18160.0000","18100.0000","18140.0000","18160.0000","18160.0000","18130.0000","18130.0000","18160.0000","18160.0000","18100.0000","18130.0000"," ","0.0000","0.0000","171","3103690","18150.2339"
"20201214","01","13","    16730","","2343.0000","2343.0000","2333.0000","2339.0000","2311.0000","2337.0000","2311.0000","2337.0000","2343.0000","2343.0000","2311.0000","2337.0000"," ","0.0000","0.0000","330","771000","2336.3636"
"20201214","01","13","    16740","","9850.0000","9990.0000","9800.0000","9980.0000","9980.0000","9980.0000","9850.0000","9860.0000","9850.0000","9990.0000","9800.0000","9860.0000"," ","0.0000","0.0000","234","2314260","9890.0000"
"20201214","01","13","    16750","","22600.0000","22940.0000","22490.0000","22940.0000","22940.0000","22940.0000","22940.0000","22940.0000","22600.0000","22940.0000","22490.0000","22940.0000"," ","0.0000","0.0000","59","1340790","22725.2542"
"20201214","01","13","    16760","","0.0000","0.0000","0.0000","0.0000","0.0000","0.0000","0.0000","0.0000","0.0000","0.0000","0.0000","0.0000"," ","0.0000","0.0000","0","0","0.0000"
"20201214","01","13","    16840","","0.0000","0.0000","0.0000","0.0000","0.0000","0.0000","0.0000","0.0000","0.0000","0.0000","0.0000","0.0000"," ","0.0000","0.0000","0","0","0.0000"
"20201214","01","13","    16850","","217.0000","217.0000","217.0000","217.0000","227.0000","228.0000","219.0000","219.0000","217.0000","228.0000","217.0000","219.0000"," ","0.0000","0.0000","420","94630","225.3095"
"20201214","01","13","    16860","","0.0000","0.0000","0.0000","0.0000","0.0000","0.0000","0.0000","0.0000","0.0000","0.0000","0.0000","0.0000"," ","0.0000","0.0000","0","0","0.0000"
"20201214","01","13","    16870","","458.0000","458.0000","445.0000","445.0000","0.0000","0.0000","0.0000","0.0000","458.0000","458.0000","445.0000","445.0000"," ","0.0000","0.0000","490","222910","454.9184"
"20201214","01","13","    16880","","331.0000","334.0000","325.0000","332.0000","332.0000","334.0000","332.0000","332.0000","331.0000","334.0000","325.0000","332.0000"," ","0.0000","0.0000","10350","3435400","331.9227"
"20201214","01","13","    16890","","1.0000","2.0000","1.0000","2.0000","2.0000","2.0000","1.0000","1.0000","1.0000","2.0000","1.0000","1.0000"," ","0.0000","0.0000","19312200","28806800","1.4916"
"20201214","01","13","    16900","","437.0000","437.0000","432.0000","433.0000","434.0000","437.0000","434.0000","435.0000","437.0000","437.0000","432.0000","435.0000"," ","0.0000","0.0000","19980","8669640","433.9159"
"20201214","01","13","    16910","","1804.0000","1844.0000","1804.0000","1830.0000","1829.0000","1829.0000","1829.0000","1829.0000","1804.0000","1844.0000","1804.0000","1829.0000"," ","0.0000","0.0000","87","157089","1805.6207"
"20201214","01","13","    16920","","0.0000","0.0000","0.0000","0.0000","0.0000","0.0000","0.0000","0.0000","0.0000","0.0000","0.0000","0.0000"," ","0.0000","0.0000","0","0","0.0000"
"20201214","01","13","    16930","","3430.0000","3430.0000","3350.0000","3355.0000","3355.0000","3410.0000","3300.0000","3300.0000","3430.0000","3430.0000","3300.0000","3300.0000"," ","0.0000","0.0000","1390","4717300","3393.7410"
"20201214","01","13","    16940","","1775.0000","1778.0000","1775.0000","1778.0000","0.0000","0.0000","0.0000","0.0000","1775.0000","1778.0000","1775.0000","1778.0000"," ","0.0000","0.0000","180","319680","1776.0000"
"20201214","01","13","    16950","","71.0000","73.0000","71.0000","72.0000","72.0000","73.0000","71.0000","73.0000","71.0000","73.0000","71.0000","73.0000"," ","0.0000","0.0000","764100","55062700","72.0622"
"20201214","01","13","    16960","","77.0000","77.0000","76.0000","76.0000","76.0000","77.0000","76.0000","76.0000","77.0000","77.0000","76.0000","76.0000"," ","0.0000","0.0000","37600","2862700","76.1356"
"20201214","01","13","    16970","","2110.0000","2110.0000","2087.0000","2110.0000","2110.0000","2111.0000","2109.0000","2111.0000","2110.0000","2111.0000","2087.0000","2111.0000"," ","0.0000","0.0000","570","1199920","2105.1228"
"20201214","01","13","    17730","","19.0000","19.0000","19.0000","19.0000","19.0000","19.0000","19.0000","19.0000","19.0000","19.0000","19.0000","19.0000"," ","0.0000","0.0000","61000","1159000","19.0000"
"20201214","01","13","    20310","","9840.0000","9840.0000","9830.0000","9830.0000","9840.0000","9840.0000","9840.0000","9840.0000","9840.0000","9840.0000","9830.0000","9840.0000"," ","0.0000","0.0000","7","68850","9835.7143"
"20201214","01","13","    20320","","5860.0000","5860.0000","5640.0000","5640.0000","5610.0000","5610.0000","5540.0000","5540.0000","5860.0000","5860.0000","5540.0000","5540.0000"," ","0.0000","0.0000","65","368410","5667.8462"
"20201214","01","13","    20330","","14950.0000","14950.0000","14950.0000","14950.0000","15050.0000","15050.0000","14950.0000","14950.0000","14950.0000","15050.0000","14950.0000","14950.0000"," ","0.0000","0.0000","10","150000","15000.0000"
"20201214","01","13","    20340","","6830.0000","6870.0000","6830.0000","6870.0000","6860.0000","6870.0000","6830.0000","6830.0000","6830.0000","6870.0000","6830.0000","6830.0000"," ","0.0000","0.0000","51","349340","6849.8039"
"20201214","01","13","    20350","","353.0000","353.0000","347.0000","351.0000","351.0000","354.0000","350.0000","354.0000","353.0000","354.0000","347.0000","354.0000"," ","0.0000","0.0000","401063","140622535","350.6246"
"20201214","01","13","    20360","","16890.0000","16980.0000","16780.0000","16890.0000","16900.0000","17000.0000","16830.0000","16850.0000","16890.0000","17000.0000","16780.0000","16850.0000"," ","0.0000","0.0000","1053","17780310","16885.3846"
"20201214","01","13","    20370","","5820.0000","5820.0000","5770.0000","5770.0000","5780.0000","5840.0000","5760.0000","5780.0000","5820.0000","5840.0000","5760.0000","5780.0000"," ","0.0000","0.0000","175","1014040","5794.5143"
"20201214","01","13","    20380","","274.0000","276.0000","274.0000","275.0000","275.0000","278.0000","275.0000","276.0000","274.0000","278.0000","274.0000","276.0000"," ","0.0000","0.0000","5537531","1527136272","275.7793"
"20201214","01","13","    20390","","5430.0000","5430.0000","5420.0000","5420.0000","5420.0000","5430.0000","5400.0000","5430.0000","5430.0000","5430.0000","5400.0000","5430.0000"," ","0.0000","0.0000","4276","23171540","5418.9757"
"20201214","01","13","    20400","","23800.0000","23870.0000","23800.0000","23840.0000","23870.0000","23900.0000","23800.0000","23800.0000","23800.0000","23900.0000","23800.0000","23800.0000"," ","0.0000","0.0000","10729","255766730","23838.8228"
"20201214","01","13","    20410","","3500.0000","3505.0000","3495.0000","3505.0000","3505.0000","3505.0000","3500.0000","3505.0000","3500.0000","3505.0000","3495.0000","3505.0000"," ","0.0000","0.0000","14720","51552670","3502.2194"
"20201214","01","13","    20420","","12900.0000","12910.0000","12760.0000","12910.0000","12890.0000","12900.0000","12830.0000","12830.0000","12900.0000","12910.0000","12760.0000","12830.0000"," ","0.0000","0.0000","9638","124262910","12893.0183"
"20201214","01","13","    20430","","0.0000","0.0000","0.0000","0.0000","11930.0000","11930.0000","11930.0000","11930.0000","11930.0000","11930.0000","11930.0000","11930.0000"," ","0.0000","0.0000","1","11930","11930.0000"
"20201214","01","13","    20440","","15390.0000","15390.0000","15300.0000","15300.0000","15300.0000","15330.0000","15300.0000","15300.0000","15390.0000","15390.0000","15300.0000","15300.0000"," ","0.0000","0.0000","468","7177270","15336.0470"
"20201214","01","13","    20450","","12140.0000","12140.0000","12140.0000","12140.0000","0.0000","0.0000","0.0000","0.0000","12140.0000","12140.0000","12140.0000","12140.0000"," ","0.0000","0.0000","1","12140","12140.0000"
"20201214","01","13","    20460","","10850.0000","10850.0000","10540.0000","10740.0000","10680.0000","10710.0000","10620.0000","10700.0000","10850.0000","10850.0000","10540.0000","10700.0000"," ","0.0000","0.0000","2213","23672660","10697.0899"
"20201214","01","13","    20470","","4890.0000","4890.0000","4805.0000","4875.0000","0.0000","0.0000","0.0000","0.0000","4890.0000","4890.0000","4805.0000","4875.0000"," ","0.0000","0.0000","7","33875","4839.2857"
"20201214","01","13","    20480","","8880.0000","8880.0000","8880.0000","8880.0000","8930.0000","8940.0000","8930.0000","8940.0000","8880.0000","8940.0000","8880.0000","8940.0000"," ","0.0000","0.0000","112","1000910","8936.6964"
"20201214","01","13","    20500","","0.0000","0.0000","0.0000","0.0000","0.0000","0.0000","0.0000","0.0000","0.0000","0.0000","0.0000","0.0000"," ","0.0000","0.0000","0","0","0.0000"
"20201214","01","13","    20650","","0.0000","0.0000","0.0000","0.0000","0.0000","0.0000","0.0000","0.0000","0.0000","0.0000","0.0000","0.0000"," ","0.0000","0.0000","0","0","0.0000"
"20201214","01","13","    20660","","10600.0000","10600.0000","10600.0000","10600.0000","0.0000","0.0000","0.0000","0.0000","10600.0000","10600.0000","10600.0000","10600.0000"," ","0.0000","0.0000","2","21200","10600.0000"
"20201214","01","13","    20670","","10800.0000","10910.0000","10800.0000","10910.0000","10870.0000","10870.0000","10870.0000","10870.0000","10800.0000","10910.0000","10800.0000","10870.0000"," ","0.0000","0.0000","447","4848000","10845.6376"
"20201214","01","13","    20680","","0.0000","0.0000","0.0000","0.0000","0.0000","0.0000","0.0000","0.0000","0.0000","0.0000","0.0000","0.0000"," ","0.0000","0.0000","0","0","0.0000"
"20201214","01","13","    20690","","0.0000","0.0000","0.0000","0.0000","0.0000","0.0000","0.0000","0.0000","0.0000","0.0000","0.0000","0.0000"," ","0.0000","0.0000","0","0","0.0000"
"20201214","01","13","    20700","","10110.0000","10110.0000","10110.0000","10110.0000","10180.0000","10180.0000","10150.0000","10150.0000","10110.0000","10180.0000","10110.0000","10150.0000"," ","0.0000","0.0000","1420","14405600","10144.7887"
"20201214","01","13","    20710","","10120.0000","10160.0000","10120.0000","10160.0000","10180.0000","10180.0000","10090.0000","10090.0000","10120.0000","10180.0000","10090.0000","10090.0000"," ","0.0000","0.0000","5697","57738060","10134.8183"
"20201214","01","13","    20720","","10090.0000","10150.0000","10090.0000","10150.0000","10160.0000","10160.0000","10090.0000","10090.0000","10090.0000","10160.0000","10090.0000","10090.0000"," ","0.0000","0.0000","3363","34001700","10110.5263"
"20201214","01","13","    48750","","621.0000","624.0000","612.0000","620.0000","619.0000","619.0000","613.0000","613.0000","621.0000","624.0000","612.0000","613.0000"," ","0.0000","0.0000","69600","43001500","617.8376"
"20201214","01","13","    66970","","730.0000","750.0000","711.0000","739.0000","724.0000","730.0000","705.0000","719.0000","730.0000","750.0000","705.0000","719.0000"," ","0.0000","0.0000","70600","50798600","719.5269"
"20201214","01","13","    93990","","89.0000","90.0000","88.0000","90.0000","89.0000","90.0000","88.0000","90.0000","89.0000","90.0000","88.0000","90.0000"," ","0.0000","0.0000","256690","22847356","89.0076"
"20201214","01","51","900011379","JP384325PJ71","103.0000","103.0000","103.0000","103.0000","103.0000","103.0000","103.0000","103.0000","103.0000","103.0000","103.0000","103.0000"," ","0.0000","0.0000","2000000","2060000","103.0000"
"20201214","01","51","900013050","JP354866PFC3","115.2500","115.2500","113.0500","113.0500","113.0500","113.0500","113.0500","113.0500","115.2500","115.2500","113.0500","113.0500"," ","0.0000","0.0000","8000000","9066000","113.3250"
"20201214","01","51","900016143","JP343420PG41","0.0000","0.0000","0.0000","0.0000","0.0000","0.0000","0.0000","0.0000","0.0000","0.0000","0.0000","0.0000"," ","0.0000","0.0000","0","0","0.0000"
"20201214","01","51","900018521","JP364830PE35","0.0000","0.0000","0.0000","0.0000","0.0000","0.0000","0.0000","0.0000","0.0000","0.0000","0.0000","0.0000"," ","0.0000","0.0000","0","0","0.0000"
"20201214","01","51","900018541","JP316640PDC4","0.0000","0.0000","0.0000","0.0000","0.0000","0.0000","0.0000","0.0000","0.0000","0.0000","0.0000","0.0000"," ","0.0000","0.0000","0","0","0.0000"
"20201214","01","51","900022733","JP312510PJ77","0.0000","0.0000","0.0000","0.0000","0.0000","0.0000","0.0000","0.0000","0.0000","0.0000","0.0000","0.0000"," ","0.0000","0.0000","0","0","0.0000"
"20201214","01","51","900031822","JP349860PL89","120.0000","120.0000","120.0000","120.0000","120.0000","120.0000","119.8000","119.8000","120.0000","120.0000","119.8000","119.8000"," ","0.0000","0.0000","8000000","9591500","119.8938"
"20201214","01","51","900049616","JP325390PG36","0.0000","0.0000","0.0000","0.0000","0.0000","0.0000","0.0000","0.0000","0.0000","0.0000","0.0000","0.0000"," ","0.0000","0.0000","0","0","0.0000"
"20201214","01","51","900053946","JP355400PH30","0.0000","0.0000","0.0000","0.0000","0.0000","0.0000","0.0000","0.0000","0.0000","0.0000","0.0000","0.0000"," ","0.0000","0.0000","0","0","0.0000"
"20201214","01","51","900064046","JP348590PH92","0.0000","0.0000","0.0000","0.0000","0.0000","0.0000","0.0000","0.0000","0.0000","0.0000","0.0000","0.0000"," ","0.0000","0.0000","0","0","0.0000"
"20201214","01","51","900066758","JP343500PF78","187.4500","187.4500","187.4500","187.4500","0.0000","0.0000","0.0000","0.0000","187.4500","187.4500","187.4500","187.4500"," ","0.0000","0.0000","2000000","3749000","187.4500"
"20201214","01","51","900102004","JP336640PG64","0.0000","0.0000","0.0000","0.0000","0.0000","0.0000","0.0000","0.0000","0.0000","0.0000","0.0000","0.0000"," ","0.0000","0.0000","0","0","0.0000"
