"日付","取引所コード","株式債券種別ｺｰﾄﾞ","銘柄コード","ISIN","前場始値","前場高値","前場安値","前場終値","後場始値","後場高値","後場安値","後場終値","日通し始値","日通し高値","日通し安値","日通し終値","特別気配コード","特別気配値段","清算値段／証拠金算定基準値段","売買高","売買代金","VWAP"
"20201211","01","11","    13010","JP3257200000","2810.0000","2828.0000","2810.0000","2823.0000","2814.0000","2846.0000","2814.0000","2841.0000","2810.0000","2846.0000","2810.0000","2841.0000"," ","0.0000","0.0000","18400","51990100","2825.5489"
"20201211","01","11","    13050","JP3027620008","1870.0000","1875.0000","1860.0000","1864.0000","1863.0000","1874.0000","1861.0000","1872.0000","1870.0000","1875.0000","1860.0000","1872.0000"," ","0.0000","0.0000","184570","344757730","1867.8969"
"20201211","01","11","    13060","JP3027630007","1850.0000","1855.0000","1840.0000","1843.0000","1842.0000","1854.0000","1840.0000","1850.0000","1850.0000","1855.0000","1840.0000","1850.0000"," ","0.0000","0.0000","2638950","4875132680","1847.3759"
"20201211","01","11","    13080","JP3039100007","1833.0000","1835.0000","1820.0000","1824.0000","1822.0000","1833.0000","1821.0000","1832.0000","1833.0000","1835.0000","1820.0000","1832.0000"," ","0.0000","0.0000","325600","595323000","1828.3876"
"20201211","01","11","    13090","JP3046510008","41800.0000","41950.0000","41600.0000","41700.0000","41600.0000","42150.0000","41300.0000","41450.0000","41800.0000","42150.0000","41300.0000","41450.0000"," ","0.0000","0.0000","673","28003300","41609.6582"
"20201211","01","11","    13110","JP3040140000","815.0000","817.0000","812.0000","813.0000","811.0000","816.0000","811.0000","813.0000","815.0000","817.0000","811.0000","813.0000"," ","0.0000","0.0000","2100","1709930","814.2524"
"20201211","01","11","    13120","JP3046520007","19960.0000","19960.0000","19960.0000","19960.0000","20070.0000","20070.0000","20070.0000","20070.0000","19960.0000","20070.0000","19960.0000","20070.0000"," ","0.0000","0.0000","2","40030","20015.0000"
"20201211","01","11","    13200","JP3027640006","27500.0000","27560.0000","27280.0000","27350.0000","27320.0000","27420.0000","27300.0000","27390.0000","27500.0000","27560.0000","27280.0000","27390.0000"," ","0.0000","0.0000","43432","1190002570","27399.2119"
"20201211","01","11","    13210","JP3027650005","27550.0000","27610.0000","27330.0000","27410.0000","27380.0000","27480.0000","27350.0000","27440.0000","27550.0000","27610.0000","27330.0000","27440.0000"," ","0.0000","0.0000","169863","4659579540","27431.3979"
"20201211","01","11","    13220","JP3046760009","7900.0000","7910.0000","7770.0000","7900.0000","7890.0000","7890.0000","7820.0000","7820.0000","7900.0000","7910.0000","7770.0000","7820.0000"," ","0.0000","0.0000","430","3382000","7865.1163"
"20201211","01","11","    13230","JP3046780007","354.0000","354.0000","354.0000","354.0000","355.0000","355.0000","352.0000","352.0000","354.0000","355.0000","352.0000","352.0000"," ","0.0000","0.0000","2000","709200","354.6000"
"20201211","01","11","    13240","JP3046790006","135.0000","136.0000","135.0000","135.0000","135.0000","135.0000","134.0000","135.0000","135.0000","136.0000","134.0000","135.0000"," ","0.0000","0.0000","22700","3072400","135.3480"
"20201211","01","11","    13250","JP3046800003","162.0000","164.0000","162.0000","163.0000","163.0000","164.0000","162.0000","164.0000","162.0000","164.0000","162.0000","164.0000"," ","0.0000","0.0000","78500","12793600","162.9758"
"20201211","01","11","    13280","JP3046490003","4900.0000","4905.0000","4890.0000","4895.0000","4895.0000","4895.0000","4890.0000","4890.0000","4900.0000","4905.0000","4890.0000","4890.0000"," ","0.0000","0.0000","6470","31667150","4894.4590"
"20201211","01","11","    13290","JP3027710007","27680.0000","27710.0000","27460.0000","27530.0000","27500.0000","27580.0000","27470.0000","27560.0000","27680.0000","27710.0000","27460.0000","27560.0000"," ","0.0000","0.0000","17593","484585330","27544.2125"
"20201211","01","11","    13300","JP3027660004","27610.0000","27670.0000","27390.0000","27460.0000","27430.0000","27530.0000","27390.0000","27480.0000","27610.0000","27670.0000","27390.0000","27480.0000"," ","0.0000","0.0000","42330","1164302600","27505.3768"
"20201211","01","11","    13320","JP3718800000","424.0000","424.0000","420.0000","420.0000","421.0000","426.0000","419.0000","424.0000","424.0000","426.0000","419.0000","424.0000"," ","0.0000","0.0000","1563300","660508100","422.5089"
"20201211","01","11","    13330","JP3876600002","2186.0000","2191.0000","2165.0000","2165.0000","2169.0000","2190.0000","2164.0000","2190.0000","2186.0000","2191.0000","2164.0000","2190.0000"," ","0.0000","0.0000","142900","311587900","2180.4612"
"20201211","01","11","    13430","JP3047010008","1816.0000","1820.0000","1806.0000","1815.0000","1816.0000","1826.0000","1815.0000","1826.0000","1816.0000","1826.0000","1806.0000","1826.0000"," ","0.0000","0.0000","250360","455049670","1817.5814"
"20201211","01","11","    13440","JP3047020007","790.0000","790.0000","790.0000","790.0000","790.0000","792.0000","787.0000","792.0000","790.0000","792.0000","787.0000","792.0000"," ","0.0000","0.0000","20890","16482730","789.0249"
"20201211","01","11","    13450","JP3047030006","1707.0000","1721.0000","1706.0000","1714.0000","1715.0000","1727.0000","1715.0000","1726.0000","1707.0000","1727.0000","1706.0000","1726.0000"," ","0.0000","0.0000","1786300","3069213800","1718.1962"
"20201211","01","11","    13460","JP3047040005","27660.0000","27750.0000","27460.0000","27540.0000","27510.0000","27610.0000","27490.0000","27580.0000","27660.0000","27750.0000","27460.0000","27580.0000"," ","0.0000","0.0000","25780","710671330","27566.7700"
"20201211","01","11","    13480","JP3047060003","1849.0000","1855.0000","1840.0000","1844.0000","1842.0000","1853.0000","1840.0000","1850.0000","1849.0000","1855.0000","1840.0000","1850.0000"," ","0.0000","0.0000","505070","932485600","1846.2502"
"20201211","01","11","    13520","JP3839400003","1045.0000","1045.0000","1026.0000","1030.0000","1030.0000","1030.0000","1020.0000","1029.0000","1045.0000","1045.0000","1020.0000","1029.0000"," ","0.0000","0.0000","3300","3399800","1030.2424"
"20201211","01","11","    13560","JP3047770007","1475.0000","1486.0000","1462.0000","1480.0000","1486.0000","1486.0000","1465.0000","1465.0000","1475.0000","1486.0000","1462.0000","1465.0000"," ","0.0000","0.0000","300210","442639910","1474.4343"
"20201211","01","11","    13570","JP3047780006","525.0000","533.0000","522.0000","531.0000","532.0000","533.0000","527.0000","529.0000","525.0000","533.0000","522.0000","529.0000"," ","0.0000","0.0000","44018342","23306864540","529.4807"
"20201211","01","11","    13580","JP3047790005","25500.0000","25590.0000","25090.0000","25210.0000","25150.0000","25320.0000","25100.0000","25280.0000","25500.0000","25590.0000","25090.0000","25280.0000"," ","0.0000","0.0000","9420","237931300","25258.0998"
"20201211","01","11","    13600","JP3047810001","1276.0000","1295.0000","1270.0000","1290.0000","1292.0000","1294.0000","1282.0000","1286.0000","1276.0000","1295.0000","1270.0000","1286.0000"," ","0.0000","0.0000","8961350","11530685010","1286.7129"
"20201211","01","11","    13640","JP3047840008","16430.0000","16520.0000","16430.0000","16520.0000","16510.0000","16510.0000","16490.0000","16500.0000","16430.0000","16520.0000","16430.0000","16500.0000"," ","0.0000","0.0000","146","2405180","16473.8356"
"20201211","01","11","    13650","JP3047850007","21030.0000","21130.0000","20710.0000","20810.0000","20760.0000","20920.0000","20730.0000","20870.0000","21030.0000","21130.0000","20710.0000","20870.0000"," ","0.0000","0.0000","35639","744174790","20880.9111"
"20201211","01","11","    13660","JP3047860006","1371.0000","1389.0000","1361.0000","1382.0000","1386.0000","1387.0000","1375.0000","1380.0000","1371.0000","1389.0000","1361.0000","1380.0000"," ","0.0000","0.0000","234363","323086385","1378.5725"
"20201211","01","11","    13670","JP3047870005","15420.0000","15560.0000","15300.0000","15380.0000","15340.0000","15530.0000","15310.0000","15500.0000","15420.0000","15560.0000","15300.0000","15500.0000"," ","0.0000","0.0000","11317","174595690","15427.7361"
"20201211","01","11","    13680","JP3047880004","2142.0000","2159.0000","2124.0000","2149.0000","2158.0000","2159.0000","2127.0000","2132.0000","2142.0000","2159.0000","2124.0000","2132.0000"," ","0.0000","0.0000","45378","97259274","2143.3134"
"20201211","01","11","    13690","JP3047890003","26930.0000","26930.0000","26720.0000","26810.0000","26760.0000","26830.0000","26760.0000","26820.0000","26930.0000","26930.0000","26720.0000","26820.0000"," ","0.0000","0.0000","4269","114451720","26809.9602"
"20201211","01","11","    13750","JP3947010009","1735.0000","1735.0000","1702.0000","1708.0000","1709.0000","1716.0000","1705.0000","1710.0000","1735.0000","1735.0000","1702.0000","1710.0000"," ","0.0000","0.0000","108500","185782600","1712.2820"
"20201211","01","11","    13760","JP3216200000","1541.0000","1549.0000","1532.0000","1546.0000","1541.0000","1555.0000","1541.0000","1555.0000","1541.0000","1555.0000","1532.0000","1555.0000"," ","0.0000","0.0000","6600","10178000","1542.1212"
"20201211","01","11","    13770","JP3315000004","3485.0000","3495.0000","3475.0000","3490.0000","3490.0000","3530.0000","3480.0000","3530.0000","3485.0000","3530.0000","3475.0000","3530.0000"," ","0.0000","0.0000","91900","321799500","3501.6268"
"20201211","01","11","    13790","JP3843250006","2090.0000","2100.0000","2087.0000","2092.0000","2096.0000","2112.0000","2091.0000","2112.0000","2090.0000","2112.0000","2087.0000","2112.0000"," ","0.0000","0.0000","84300","176925300","2098.7580"
"20201211","01","11","    13840","JP3845670003","710.0000","712.0000","710.0000","712.0000","712.0000","713.0000","712.0000","713.0000","710.0000","713.0000","710.0000","713.0000"," ","0.0000","0.0000","6200","4406400","710.7097"
"20201211","01","11","    13970","JP3047920008","26970.0000","26970.0000","26970.0000","26970.0000","0.0000","0.0000","0.0000","0.0000","26970.0000","26970.0000","26970.0000","26970.0000"," ","0.0000","0.0000","1","26970","26970.0000"
"20201211","01","11","    13980","JP3047930007","1723.0000","1728.0000","1723.0000","1728.0000","1727.0000","1734.0000","1727.0000","1734.0000","1723.0000","1734.0000","1723.0000","1734.0000"," ","0.0000","0.0000","230","397540","1728.4348"
"20201211","01","11","    13990","JP3048170009","1413.0000","1413.0000","1412.0000","1412.0000","1417.0000","1417.0000","1417.0000","1417.0000","1413.0000","1417.0000","1412.0000","1417.0000"," ","0.0000","0.0000","770","1089600","1415.0649"
"20201211","01","11","    14130","JP3792100004","2118.0000","2136.0000","2118.0000","2136.0000","2137.0000","2164.0000","2137.0000","2153.0000","2118.0000","2164.0000","2118.0000","2153.0000"," ","0.0000","0.0000","17300","37034300","2140.7110"
"20201211","01","11","    14140","JP3360250009","5080.0000","5110.0000","5020.0000","5030.0000","5030.0000","5110.0000","5030.0000","5110.0000","5080.0000","5110.0000","5020.0000","5110.0000"," ","0.0000","0.0000","132800","673526000","5071.7319"
"20201211","01","11","    14170","JP3910620008","1663.0000","1671.0000","1650.0000","1654.0000","1657.0000","1674.0000","1649.0000","1670.0000","1663.0000","1674.0000","1649.0000","1670.0000"," ","0.0000","0.0000","208900","347441600","1663.1958"
"20201211","01","11","    14190","JP3470900006","1426.0000","1426.0000","1411.0000","1418.0000","1418.0000","1430.0000","1414.0000","1428.0000","1426.0000","1430.0000","1411.0000","1428.0000"," ","0.0000","0.0000","106000","150710500","1421.7972"
"20201211","01","11","    14200","JP3337550002","714.0000","717.0000","713.0000","714.0000","714.0000","719.0000","714.0000","717.0000","714.0000","719.0000","713.0000","717.0000"," ","0.0000","0.0000","4300","3074600","715.0233"
"20201211","01","11","    14290","JP3686140009","623.0000","628.0000","613.0000","617.0000","617.0000","628.0000","617.0000","620.0000","623.0000","628.0000","613.0000","620.0000"," ","0.0000","0.0000","56100","34845400","621.1301"
"20201211","01","11","    14300","JP3802210009","721.0000","726.0000","719.0000","726.0000","726.0000","730.0000","718.0000","720.0000","721.0000","730.0000","718.0000","720.0000"," ","0.0000","0.0000","27700","20046400","723.6968"
"20201211","01","11","    14330","JP3835550009","1600.0000","1717.0000","1595.0000","1633.0000","1633.0000","1686.0000","1633.0000","1686.0000","1600.0000","1717.0000","1595.0000","1686.0000"," ","0.0000","0.0000","204900","340490000","1661.7374"
"20201211","01","11","    14350","JP3153950005","176.0000","177.0000","175.0000","175.0000","176.0000","176.0000","175.0000","176.0000","176.0000","177.0000","175.0000","176.0000"," ","0.0000","0.0000","195900","34394800","175.5733"
"20201211","01","11","    14460","JP3244530006","505.0000","508.0000","501.0000","503.0000","500.0000","510.0000","500.0000","510.0000","505.0000","510.0000","500.0000","510.0000"," ","0.0000","0.0000","32600","16451800","504.6564"
"20201211","01","11","    14480","JP3400060004","615.0000","628.0000","614.0000","627.0000","625.0000","626.0000","623.0000","626.0000","615.0000","628.0000","614.0000","626.0000"," ","0.0000","0.0000","158100","98494100","622.9861"
"20201211","01","11","    14560","JP3047940006","4855.0000","4890.0000","4850.0000","4885.0000","4885.0000","4890.0000","4875.0000","4880.0000","4855.0000","4890.0000","4850.0000","4880.0000"," ","0.0000","0.0000","9981","48626995","4871.9562"
"20201211","01","11","    14570","JP3047950005","6020.0000","6030.0000","5990.0000","6030.0000","6030.0000","6030.0000","6000.0000","6010.0000","6020.0000","6030.0000","5990.0000","6010.0000"," ","0.0000","0.0000","149","896600","6017.4497"
"20201211","01","11","    14580","JP3047970003","15940.0000","16010.0000","15690.0000","15770.0000","15740.0000","15860.0000","15710.0000","15820.0000","15940.0000","16010.0000","15690.0000","15820.0000"," ","0.0000","0.0000","277247","4390012460","15834.3010"
"20201211","01","11","    14590","JP3047980002","2090.0000","2120.0000","2077.0000","2109.0000","2113.0000","2117.0000","2098.0000","2103.0000","2090.0000","2120.0000","2077.0000","2103.0000"," ","0.0000","0.0000","2356971","4965459313","2106.7121"
"20201211","01","11","    14600","JP3048190007","23100.0000","23100.0000","23100.0000","23100.0000","0.0000","0.0000","0.0000","0.0000","23100.0000","23100.0000","23100.0000","23100.0000"," ","0.0000","0.0000","1","23100","23100.0000"
"20201211","01","11","    14640","JP3048000008","12430.0000","12500.0000","12360.0000","12370.0000","12340.0000","12430.0000","12340.0000","12430.0000","12430.0000","12500.0000","12340.0000","12430.0000"," ","0.0000","0.0000","96","1189250","12388.0208"
"20201211","01","11","    14650","JP3048010007","5850.0000","5850.0000","5850.0000","5850.0000","5870.0000","5870.0000","5870.0000","5870.0000","5850.0000","5870.0000","5850.0000","5870.0000"," ","0.0000","0.0000","44","257440","5850.9091"
"20201211","01","11","    14660","JP3048020006","2740.0000","2770.0000","2739.0000","2770.0000","2768.0000","2768.0000","2733.0000","2733.0000","2740.0000","2770.0000","2733.0000","2733.0000"," ","0.0000","0.0000","407","1119470","2750.5405"
"20201211","01","11","    14670","JP3048030005","11840.0000","11840.0000","11840.0000","11840.0000","11820.0000","12010.0000","11820.0000","12010.0000","11840.0000","12010.0000","11820.0000","12010.0000"," ","0.0000","0.0000","460","5515900","11991.0870"
"20201211","01","11","    14680","JP3048040004","5740.0000","5750.0000","5740.0000","5750.0000","5680.0000","5680.0000","5680.0000","5680.0000","5740.0000","5750.0000","5680.0000","5680.0000"," ","0.0000","0.0000","160","913700","5710.6250"
"20201211","01","11","    14690","JP3048050003","2790.0000","2790.0000","2738.0000","2771.0000","2780.0000","2780.0000","2748.0000","2748.0000","2790.0000","2790.0000","2738.0000","2748.0000"," ","0.0000","0.0000","910","2520860","2770.1758"
"20201211","01","11","    14700","JP3048060002","22590.0000","22670.0000","22590.0000","22650.0000","22650.0000","22650.0000","22330.0000","22330.0000","22590.0000","22670.0000","22330.0000","22330.0000"," ","0.0000","0.0000","220","4962840","22558.3636"
"20201211","01","11","    14710","JP3048070001","3760.0000","3770.0000","3755.0000","3760.0000","3765.0000","3765.0000","3765.0000","3765.0000","3760.0000","3770.0000","3755.0000","3765.0000"," ","0.0000","0.0000","86","323385","3760.2907"
"20201211","01","11","    14720","JP3048080000","1102.0000","1104.0000","1085.0000","1100.0000","1100.0000","1101.0000","1086.0000","1086.0000","1102.0000","1104.0000","1085.0000","1086.0000"," ","0.0000","0.0000","1688","1849053","1095.4105"
"20201211","01","11","    14730","JP3048090009","1811.0000","1815.0000","1808.0000","1808.0000","1810.0000","1814.0000","1810.0000","1814.0000","1811.0000","1815.0000","1808.0000","1814.0000"," ","0.0000","0.0000","687450","1246049040","1812.5668"
"20201211","01","11","    14740","JP3048100006","16390.0000","16390.0000","16370.0000","16370.0000","16280.0000","16360.0000","16280.0000","16360.0000","16390.0000","16390.0000","16280.0000","16360.0000"," ","0.0000","0.0000","5726","93518350","16332.2302"
"20201211","01","11","    14750","JP3048120004","1823.0000","1828.0000","1814.0000","1818.0000","1815.0000","1826.0000","1814.0000","1823.0000","1823.0000","1828.0000","1814.0000","1823.0000"," ","0.0000","0.0000","624510","1137192028","1820.9349"
"20201211","01","11","    14760","JP3048130003","1740.0000","1747.0000","1734.0000","1743.0000","1741.0000","1753.0000","1741.0000","1752.0000","1740.0000","1753.0000","1734.0000","1752.0000"," ","0.0000","0.0000","15225","26562875","1744.6880"
"20201211","01","11","    14770","JP3048140002","1791.0000","1796.0000","1791.0000","1794.0000","1791.0000","1803.0000","1791.0000","1803.0000","1791.0000","1803.0000","1791.0000","1803.0000"," ","0.0000","0.0000","365","654935","1794.3425"
"20201211","01","11","    14780","JP3048150001","1917.0000","1925.0000","1908.0000","1914.0000","1907.0000","1918.0000","1907.0000","1918.0000","1917.0000","1925.0000","1907.0000","1918.0000"," ","0.0000","0.0000","18084","34597499","1913.1552"
"20201211","01","11","    14790","JP3048220002","0.0000","0.0000","0.0000","0.0000","0.0000","0.0000","0.0000","0.0000","0.0000","0.0000","0.0000","0.0000"," ","0.0000","0.0000","0","0","0.0000"
"20201211","01","11","    14800","JP3048230001","0.0000","0.0000","0.0000","0.0000","0.0000","0.0000","0.0000","0.0000","0.0000","0.0000","0.0000","0.0000"," ","0.0000","0.0000","0","0","0.0000"
"20201211","01","11","    14810","JP3048240000","1780.0000","1783.0000","1778.0000","1783.0000","1781.0000","1785.0000","1781.0000","1785.0000","1780.0000","1785.0000","1778.0000","1785.0000"," ","0.0000","0.0000","10","17821","1782.1000"
"20201211","01","11","    14820","JP3048250009","2468.0000","2470.0000","2468.0000","2470.0000","2469.0000","2469.0000","2467.0000","2467.0000","2468.0000","2470.0000","2467.0000","2467.0000"," ","0.0000","0.0000","6794","16768390","2468.1175"
"20201211","01","11","    14830","JP3048260008","1751.0000","1751.0000","1751.0000","1751.0000","0.0000","0.0000","0.0000","0.0000","1751.0000","1751.0000","1751.0000","1751.0000"," ","0.0000","0.0000","6","10506","1751.0000"
"20201211","01","11","    14840","JP3048270007","0.0000","0.0000","0.0000","0.0000","1760.0000","1760.0000","1760.0000","1760.0000","1760.0000","1760.0000","1760.0000","1760.0000"," ","0.0000","0.0000","70","123200","1760.0000"
"20201211","01","11","    14850","JP3048280006","28660.0000","28660.0000","28660.0000","28660.0000","28670.0000","28670.0000","28670.0000","28670.0000","28660.0000","28670.0000","28660.0000","28670.0000"," ","0.0000","0.0000","3","86000","28666.6667"
"20201211","01","11","    14860","JP3048330009","21380.0000","21380.0000","21320.0000","21320.0000","21330.0000","21340.0000","21310.0000","21310.0000","21380.0000","21380.0000","21310.0000","21310.0000"," ","0.0000","0.0000","59","1258330","21327.6271"
"20201211","01","11","    14870","JP3048340008","19370.0000","19380.0000","19370.0000","19380.0000","19380.0000","19380.0000","19370.0000","19370.0000","19370.0000","19380.0000","19370.0000","19370.0000"," ","0.0000","0.0000","25008","484405040","19370.0032"
"20201211","01","11","    14880","JP3048350007","1737.0000","1745.0000","1732.0000","1740.0000","1740.0000","1750.0000","1740.0000","1749.0000","1737.0000","1750.0000","1732.0000","1749.0000"," ","0.0000","0.0000","7790","13565790","1741.4365"
"20201211","01","11","    14890","JP3048390003","29700.0000","29810.0000","29570.0000","29650.0000","29610.0000","29760.0000","29600.0000","29720.0000","29700.0000","29810.0000","29570.0000","29720.0000"," ","0.0000","0.0000","736","21848170","29685.0136"
"20201211","01","11","    14900","JP3048400000","0.0000","0.0000","0.0000","0.0000","0.0000","0.0000","0.0000","0.0000","0.0000","0.0000","0.0000","0.0000"," ","0.0000","0.0000","0","0","0.0000"
"20201211","01","11","    14920","JP3048420008","14780.0000","14780.0000","14700.0000","14700.0000","14720.0000","14750.0000","14720.0000","14750.0000","14780.0000","14780.0000","14700.0000","14750.0000"," ","0.0000","0.0000","24","353790","14741.2500"
"20201211","01","11","    14930","JP3048430007","14800.0000","14840.0000","14800.0000","14800.0000","14790.0000","14880.0000","14790.0000","14880.0000","14800.0000","14880.0000","14790.0000","14880.0000"," ","0.0000","0.0000","4238","62852040","14830.5899"
"20201211","01","11","    14940","JP3048440006","17140.0000","17140.0000","17050.0000","17050.0000","17080.0000","17130.0000","17080.0000","17130.0000","17140.0000","17140.0000","17050.0000","17130.0000"," ","0.0000","0.0000","27","461900","17107.4074"
"20201211","01","11","    14950","JP3048450005","9950.0000","9950.0000","9910.0000","9910.0000","9940.0000","9970.0000","9910.0000","9970.0000","9950.0000","9970.0000","9910.0000","9970.0000"," ","0.0000","0.0000","660","6566500","9949.2424"
"20201211","01","11","    14960","JP3048460004","2669.0000","2675.0000","2669.0000","2675.0000","2675.0000","2675.0000","2670.0000","2675.0000","2669.0000","2675.0000","2669.0000","2675.0000"," ","0.0000","0.0000","673","1798094","2671.7593"
"20201211","01","11","    14970","JP3048470003","2369.0000","2369.0000","2357.0000","2361.0000","2360.0000","2361.0000","2357.0000","2361.0000","2369.0000","2369.0000","2357.0000","2361.0000"," ","0.0000","0.0000","22517","53141069","2360.0421"
"20201211","01","11","    14980","JP3048600005","13370.0000","13370.0000","13370.0000","13370.0000","13400.0000","13410.0000","13400.0000","13410.0000","13370.0000","13410.0000","13370.0000","13410.0000"," ","0.0000","0.0000","8","107230","13403.7500"
"20201211","01","11","    14990","JP3048670008","7810.0000","7880.0000","7810.0000","7880.0000","7910.0000","7910.0000","7780.0000","7780.0000","7810.0000","7910.0000","7780.0000","7780.0000"," ","0.0000","0.0000","21","165230","7868.0952"
"20201211","01","11","    15140","JP3400750000","116.0000","117.0000","114.0000","117.0000","116.0000","116.0000","115.0000","115.0000","116.0000","117.0000","114.0000","115.0000"," ","0.0000","0.0000","302400","34901600","115.4153"
"20201211","01","11","    15150","JP3680800004","5630.0000","5750.0000","5630.0000","5690.0000","5700.0000","5770.0000","5690.0000","5770.0000","5630.0000","5770.0000","5630.0000","5770.0000"," ","0.0000","0.0000","20100","114704000","5706.6667"
"20201211","01","11","    15180","JP3894000003","700.0000","705.0000","698.0000","704.0000","702.0000","705.0000","700.0000","704.0000","700.0000","705.0000","698.0000","704.0000"," ","0.0000","0.0000","52300","36688100","701.4933"
"20201211","01","11","    15400","JP3047190008","5910.0000","5910.0000","5890.0000","5890.0000","5890.0000","5900.0000","5890.0000","5900.0000","5910.0000","5910.0000","5890.0000","5900.0000"," ","0.0000","0.0000","71089","419242760","5897.4350"
"20201211","01","11","    15410","JP3047200005","3130.0000","3140.0000","3130.0000","3135.0000","3130.0000","3135.0000","3125.0000","3130.0000","3130.0000","3140.0000","3125.0000","3130.0000"," ","0.0000","0.0000","29704","93029300","3131.8779"
"20201211","01","11","    15420","JP3047210004","7520.0000","7530.0000","7480.0000","7490.0000","7490.0000","7520.0000","7470.0000","7470.0000","7520.0000","7530.0000","7470.0000","7470.0000"," ","0.0000","0.0000","5442","40817780","7500.5108"
"20201211","01","11","    15430","JP3047220003","67900.0000","68300.0000","67900.0000","68300.0000","67900.0000","68300.0000","67900.0000","68200.0000","67900.0000","68300.0000","67900.0000","68200.0000"," ","0.0000","0.0000","57","3877900","68033.3333"
"20201211","01","11","    15450","JP3047240001","13080.0000","13090.0000","13020.0000","13020.0000","13020.0000","13040.0000","13010.0000","13020.0000","13080.0000","13090.0000","13010.0000","13020.0000"," ","0.0000","0.0000","62763","819103680","13050.7414"
"20201211","01","11","    15460","JP3047250000","30550.0000","30550.0000","30400.0000","30500.0000","30400.0000","30450.0000","30350.0000","30350.0000","30550.0000","30550.0000","30350.0000","30350.0000"," ","0.0000","0.0000","6843","208292950","30438.8353"
"20201211","01","11","    15470","JP3047260009","4180.0000","4180.0000","4160.0000","4165.0000","4160.0000","4170.0000","4155.0000","4160.0000","4180.0000","4180.0000","4155.0000","4160.0000"," ","0.0000","0.0000","44320","184648300","4166.2523"
"20201211","01","11","    15500","JP3047290006","2772.0000","2773.0000","2752.0000","2766.0000","2765.0000","2765.0000","2752.0000","2752.0000","2772.0000","2773.0000","2752.0000","2752.0000"," ","0.0000","0.0000","3220","8894470","2762.2578"
"20201211","01","11","    15510","JP3047300003","5010.0000","5020.0000","5000.0000","5020.0000","5020.0000","5050.0000","5020.0000","5050.0000","5010.0000","5050.0000","5000.0000","5050.0000"," ","0.0000","0.0000","1130","5682300","5028.5841"
"20201211","01","11","    15520","JP3047310002","5770.0000","5770.0000","5740.0000","5770.0000","5790.0000","5800.0000","5780.0000","5780.0000","5770.0000","5800.0000","5740.0000","5780.0000"," ","0.0000","0.0000","203913","1175936800","5766.8555"
"20201211","01","11","    15540","JP3047330000","2447.0000","2447.0000","2435.0000","2443.0000","2434.0000","2441.0000","2432.0000","2440.0000","2447.0000","2447.0000","2432.0000","2440.0000"," ","0.0000","0.0000","840","2048740","2438.9762"
"20201211","01","11","    15550","JP3047340009","1503.0000","1505.0000","1495.0000","1504.0000","1504.0000","1504.0000","1500.0000","1503.0000","1503.0000","1505.0000","1495.0000","1503.0000"," ","0.0000","0.0000","5240","7871140","1502.1260"
"20201211","01","11","    15590","JP3047360007","3000.0000","3005.0000","2990.0000","2990.0000","2991.0000","3000.0000","2988.0000","3000.0000","3000.0000","3005.0000","2988.0000","3000.0000"," ","0.0000","0.0000","766","2295457","2996.6802"
"20201211","01","11","    15600","JP3047370006","4160.0000","4195.0000","4160.0000","4195.0000","4200.0000","4230.0000","4200.0000","4230.0000","4160.0000","4230.0000","4160.0000","4230.0000"," ","0.0000","0.0000","760","3188500","4195.3947"
"20201211","01","11","    15630","JP3047400001","3440.0000","3500.0000","3440.0000","3485.0000","3505.0000","3505.0000","3465.0000","3480.0000","3440.0000","3505.0000","3440.0000","3480.0000"," ","0.0000","0.0000","9907","34440145","3476.3445"
"20201211","01","11","    15660","JP3047420009","44950.0000","45000.0000","44900.0000","44900.0000","44950.0000","45000.0000","44900.0000","44950.0000","44950.0000","45000.0000","44900.0000","44950.0000"," ","0.0000","0.0000","194","8722350","44960.5670"
"20201211","01","11","    15670","JP3047430008","0.0000","0.0000","0.0000","0.0000","0.0000","0.0000","0.0000","0.0000","0.0000","0.0000","0.0000","0.0000"," ","0.0000","0.0000","0","0","0.0000"
"20201211","01","11","    15680","JP3047440007","19840.0000","20020.0000","19700.0000","19770.0000","19710.0000","19980.0000","19700.0000","19940.0000","19840.0000","20020.0000","19700.0000","19940.0000"," ","0.0000","0.0000","85530","1698460000","19858.0615"
"20201211","01","11","    15690","JP3047450006","2518.0000","2527.0000","2508.0000","2522.0000","2527.0000","2527.0000","2510.0000","2513.0000","2518.0000","2527.0000","2508.0000","2513.0000"," ","0.0000","0.0000","16190","40777310","2518.6726"
"20201211","01","11","    15700","JP3047460005","27380.0000","27530.0000","26970.0000","27100.0000","27050.0000","27250.0000","26990.0000","27160.0000","27380.0000","27530.0000","26970.0000","27160.0000"," ","0.0000","0.0000","5166111","140370419260","27171.3905"
"20201211","01","11","    15710","JP3047470004","1127.0000","1137.0000","1125.0000","1133.0000","1134.0000","1136.0000","1131.0000","1132.0000","1127.0000","1137.0000","1125.0000","1132.0000"," ","0.0000","0.0000","194508","220199181","1132.0829"
"20201211","01","11","    15720","JP3047520006","10410.0000","10460.0000","10410.0000","10460.0000","10450.0000","10450.0000","10350.0000","10350.0000","10410.0000","10460.0000","10350.0000","10350.0000"," ","0.0000","0.0000","110","1141800","10380.0000"
"20201211","01","11","    15730","JP3047530005","6700.0000","6750.0000","6700.0000","6700.0000","6710.0000","6750.0000","6710.0000","6750.0000","6700.0000","6750.0000","6700.0000","6750.0000"," ","0.0000","0.0000","150","1008300","6722.0000"
"20201211","01","11","    15740","JP3047500008","0.0000","0.0000","0.0000","0.0000","0.0000","0.0000","0.0000","0.0000","0.0000","0.0000","0.0000","0.0000"," ","0.0000","0.0000","0","0","0.0000"
"20201211","01","11","    15770","JP3047560002","19660.0000","19680.0000","19510.0000","19570.0000","19550.0000","19630.0000","19520.0000","19620.0000","19660.0000","19680.0000","19510.0000","19620.0000"," ","0.0000","0.0000","8998","176201050","19582.2461"
"20201211","01","11","    15780","JP3047570001","2143.0000","2143.0000","2127.0000","2131.0000","2127.0000","2135.0000","2127.0000","2135.0000","2143.0000","2143.0000","2127.0000","2135.0000"," ","0.0000","0.0000","2679","5708874","2130.9720"
"20201211","01","11","    15790","JP3047580000","29160.0000","29310.0000","28710.0000","28850.0000","28780.0000","29020.0000","28740.0000","28900.0000","29160.0000","29310.0000","28710.0000","28900.0000"," ","0.0000","0.0000","530200","15327965200","28909.7797"
"20201211","01","11","    15800","JP3047590009","3010.0000","3030.0000","2998.0000","3020.0000","3025.0000","3025.0000","3015.0000","3015.0000","3010.0000","3030.0000","2998.0000","3015.0000"," ","0.0000","0.0000","35580","107255040","3014.4755"
"20201211","01","11","    15850","JP3047620004","0.0000","0.0000","0.0000","0.0000","0.0000","0.0000","0.0000","0.0000","0.0000","0.0000","0.0000","0.0000"," ","0.0000","0.0000","0","0","0.0000"
"20201211","01","11","    15860","JP3047630003","1588.0000","1588.0000","1567.0000","1586.0000","1583.0000","1598.0000","1567.0000","1598.0000","1588.0000","1598.0000","1567.0000","1598.0000"," ","0.0000","0.0000","107","169369","1582.8879"
"20201211","01","11","    15910","JP3047670009","16130.0000","16200.0000","16060.0000","16090.0000","16060.0000","16180.0000","16060.0000","16150.0000","16130.0000","16200.0000","16060.0000","16150.0000"," ","0.0000","0.0000","8278","133434760","16119.2027"
"20201211","01","11","    15920","JP3047680008","1484.0000","1490.0000","1478.0000","1482.0000","1481.0000","1488.0000","1481.0000","1486.0000","1484.0000","1490.0000","1478.0000","1486.0000"," ","0.0000","0.0000","14682","21779051","1483.3845"
"20201211","01","11","    15930","JP3047690007","16540.0000","16630.0000","16520.0000","16560.0000","16510.0000","16620.0000","16510.0000","16560.0000","16540.0000","16630.0000","16510.0000","16560.0000"," ","0.0000","0.0000","514","8505150","16546.9844"
"20201211","01","11","    15950","JP3047700004","1724.0000","1729.0000","1718.0000","1727.0000","1729.0000","1737.0000","1729.0000","1737.0000","1724.0000","1737.0000","1718.0000","1737.0000"," ","0.0000","0.0000","1180","2044760","1732.8475"
"20201211","01","11","    15960","JP3047710003","0.0000","0.0000","0.0000","0.0000","0.0000","0.0000","0.0000","0.0000","0.0000","0.0000","0.0000","0.0000"," ","0.0000","0.0000","0","0","0.0000"
"20201211","01","11","    15970","JP3047720002","1724.0000","1735.0000","1722.0000","1729.0000","1729.0000","1740.0000","1729.0000","1740.0000","1724.0000","1740.0000","1722.0000","1740.0000"," ","0.0000","0.0000","3680","6372460","1731.6467"
"20201211","01","11","    15980","JP3047730001","0.0000","0.0000","0.0000","0.0000","0.0000","0.0000","0.0000","0.0000","0.0000","0.0000","0.0000","0.0000"," ","0.0000","0.0000","0","0","0.0000"
"20201211","01","11","    15990","JP3047740000","16410.0000","16410.0000","16410.0000","16410.0000","16390.0000","16400.0000","16390.0000","16400.0000","16410.0000","16410.0000","16390.0000","16400.0000"," ","0.0000","0.0000","416","6820060","16394.3750"
"20201211","01","11","    16050","JP3294460005","579.0000","582.0000","575.0000","576.0000","577.0000","580.0000","575.0000","576.0000","579.0000","582.0000","575.0000","576.0000"," ","0.0000","0.0000","6848500","3957667200","577.8882"
"20201211","01","11","    16150","JP3040170007","123.0000","124.0000","122.0000","123.0000","123.0000","125.0000","122.0000","124.0000","123.0000","125.0000","122.0000","124.0000"," ","0.0000","0.0000","2499300","308140200","123.2906"
"20201211","01","11","    16170","JP3046560003","27360.0000","27360.0000","27360.0000","27360.0000","27220.0000","27220.0000","27220.0000","27220.0000","27360.0000","27360.0000","27220.0000","27220.0000"," ","0.0000","0.0000","4","109160","27290.0000"
"20201211","01","11","    16180","JP3046570002","7690.0000","7700.0000","7640.0000","7640.0000","7650.0000","7710.0000","7620.0000","7650.0000","7690.0000","7710.0000","7620.0000","7650.0000"," ","0.0000","0.0000","924","7079750","7662.0671"
"20201211","01","11","    16190","JP3046580001","20050.0000","20050.0000","19950.0000","19950.0000","19930.0000","19930.0000","19930.0000","19930.0000","20050.0000","20050.0000","19930.0000","19930.0000"," ","0.0000","0.0000","46","921980","20043.0435"
"20201211","01","11","    16200","JP3046590000","26120.0000","26240.0000","26100.0000","26100.0000","0.0000","0.0000","0.0000","0.0000","26120.0000","26240.0000","26100.0000","26100.0000"," ","0.0000","0.0000","6","156940","26156.6667"
"20201211","01","11","    16210","JP3046600007","24460.0000","24540.0000","24460.0000","24540.0000","24150.0000","24560.0000","24150.0000","24530.0000","24460.0000","24560.0000","24150.0000","24530.0000"," ","0.0000","0.0000","222","5402360","24334.9550"
"20201211","01","11","    16220","JP3046610006","19570.0000","19780.0000","19570.0000","19710.0000","19720.0000","19830.0000","19670.0000","19710.0000","19570.0000","19830.0000","19570.0000","19710.0000"," ","0.0000","0.0000","152","2996150","19711.5132"
"20201211","01","11","    16230","JP3046620005","12920.0000","12930.0000","12830.0000","12910.0000","12870.0000","12890.0000","12760.0000","12870.0000","12920.0000","12930.0000","12760.0000","12870.0000"," ","0.0000","0.0000","152","1949480","12825.5263"
"20201211","01","11","    16240","JP3046630004","38850.0000","38850.0000","38850.0000","38850.0000","38000.0000","38250.0000","38000.0000","38250.0000","38850.0000","38850.0000","38000.0000","38250.0000"," ","0.0000","0.0000","4","153950","38487.5000"
"20201211","01","11","    16250","JP3046640003","25010.0000","25010.0000","24900.0000","24900.0000","25100.0000","25100.0000","25100.0000","25100.0000","25010.0000","25100.0000","24900.0000","25100.0000"," ","0.0000","0.0000","28","702060","25073.5714"
"20201211","01","11","    16260","JP3046650002","28090.0000","28800.0000","28090.0000","28400.0000","28360.0000","29000.0000","28320.0000","28450.0000","28090.0000","29000.0000","28090.0000","28450.0000"," ","0.0000","0.0000","1726","49073900","28432.1553"
"20201211","01","11","    16270","JP3046660001","5900.0000","5940.0000","5900.0000","5930.0000","5950.0000","5980.0000","5920.0000","5980.0000","5900.0000","5980.0000","5900.0000","5980.0000"," ","0.0000","0.0000","615","3656400","5945.3659"
"20201211","01","11","    16280","JP3046670000","14070.0000","14070.0000","13980.0000","14010.0000","14010.0000","14160.0000","13980.0000","14160.0000","14070.0000","14160.0000","13980.0000","14160.0000"," ","0.0000","0.0000","671","9416050","14032.8614"
"20201211","01","11","    16290","JP3046680009","33850.0000","33900.0000","33800.0000","33850.0000","33850.0000","33950.0000","33850.0000","33950.0000","33850.0000","33950.0000","33800.0000","33950.0000"," ","0.0000","0.0000","242","8197200","33872.7273"
"20201211","01","11","    16300","JP3046690008","22070.0000","22070.0000","22070.0000","22070.0000","0.0000","0.0000","0.0000","0.0000","22070.0000","22070.0000","22070.0000","22070.0000"," ","0.0000","0.0000","1","22070","22070.0000"
"20201211","01","11","    16310","JP3046700005","6390.0000","6400.0000","6360.0000","6390.0000","6390.0000","6440.0000","6370.0000","6430.0000","6390.0000","6440.0000","6360.0000","6430.0000"," ","0.0000","0.0000","1287","8242660","6404.5532"
"20201211","01","11","    16320","JP3046710004","11800.0000","11800.0000","11770.0000","11770.0000","11810.0000","11810.0000","11810.0000","11810.0000","11800.0000","11810.0000","11770.0000","11810.0000"," ","0.0000","0.0000","318","3752570","11800.5346"
"20201211","01","11","    16330","JP3046720003","27020.0000","27020.0000","26870.0000","26870.0000","26850.0000","26940.0000","26850.0000","26940.0000","27020.0000","27020.0000","26850.0000","26940.0000"," ","0.0000","0.0000","335","9045410","27001.2239"
"20201211","01","11","    16510","JP3048490001","904.0000","908.0000","902.0000","904.0000","904.0000","906.0000","904.0000","906.0000","904.0000","908.0000","902.0000","906.0000"," ","0.0000","0.0000","3630","3281280","903.9339"
"20201211","01","11","    16520","JP3048500007","0.0000","0.0000","0.0000","0.0000","0.0000","0.0000","0.0000","0.0000","0.0000","0.0000","0.0000","0.0000"," ","0.0000","0.0000","0","0","0.0000"
"20201211","01","11","    16530","JP3048510006","2263.0000","2263.0000","2263.0000","2263.0000","0.0000","0.0000","0.0000","0.0000","2263.0000","2263.0000","2263.0000","2263.0000"," ","0.0000","0.0000","20","45260","2263.0000"
"20201211","01","11","    16540","JP3048520005","1336.0000","1336.0000","1336.0000","1336.0000","0.0000","0.0000","0.0000","0.0000","1336.0000","1336.0000","1336.0000","1336.0000"," ","0.0000","0.0000","100","133600","1336.0000"
"20201211","01","11","    16550","JP3048530004","2741.0000","2743.0000","2733.0000","2734.0000","2730.0000","2733.0000","2728.0000","2729.0000","2741.0000","2743.0000","2728.0000","2729.0000"," ","0.0000","0.0000","130815","357747623","2734.7600"
"20201211","01","11","    16560","JP3048540003","2589.0000","2589.0000","2585.0000","2586.0000","2587.0000","2588.0000","2585.0000","2587.0000","2589.0000","2589.0000","2585.0000","2587.0000"," ","0.0000","0.0000","460","1189742","2586.3957"
"20201211","01","11","    16570","JP3048550002","2473.0000","2478.0000","2465.0000","2472.0000","2467.0000","2469.0000","2463.0000","2469.0000","2473.0000","2478.0000","2463.0000","2469.0000"," ","0.0000","0.0000","3087","7619720","2468.3252"
"20201211","01","11","    16580","JP3048560001","2136.0000","2136.0000","2124.0000","2131.0000","2123.0000","2130.0000","2123.0000","2129.0000","2136.0000","2136.0000","2123.0000","2129.0000"," ","0.0000","0.0000","2617","5571545","2128.9817"
"20201211","01","11","    16590","JP3048570000","1860.0000","1861.0000","1850.0000","1858.0000","1850.0000","1851.0000","1848.0000","1849.0000","1860.0000","1861.0000","1848.0000","1849.0000"," ","0.0000","0.0000","16143","29908838","1852.7435"
"20201211","01","11","    16600","JP3048580009","9460.0000","9500.0000","9440.0000","9480.0000","9490.0000","9520.0000","9490.0000","9520.0000","9460.0000","9520.0000","9440.0000","9520.0000"," ","0.0000","0.0000","600","5697860","9496.4333"
"20201211","01","11","    16620","JP3421100003","1800.0000","1822.0000","1788.0000","1815.0000","1810.0000","1829.0000","1810.0000","1826.0000","1800.0000","1829.0000","1788.0000","1826.0000"," ","0.0000","0.0000","274600","498949100","1817.0033"
"20201211","01","11","    16630","JP3277020008","1513.0000","1519.0000","1502.0000","1514.0000","1513.0000","1528.0000","1510.0000","1519.0000","1513.0000","1528.0000","1502.0000","1519.0000"," ","0.0000","0.0000","24300","36842600","1516.1564"
"20201211","01","11","    16700","JP3047070002","123.0000","123.0000","123.0000","123.0000","0.0000","0.0000","0.0000","0.0000","123.0000","123.0000","123.0000","123.0000"," ","0.0000","0.0000","600","73800","123.0000"
"20201211","01","11","    16710","JP3047080001","944.0000","948.0000","941.0000","942.0000","939.0000","942.0000","938.0000","938.0000","944.0000","948.0000","938.0000","938.0000"," ","0.0000","0.0000","3063601","2890720067","943.5694"
"20201211","01","11","    16770","JP3047090000","51400.0000","51400.0000","51300.0000","51300.0000","51300.0000","51300.0000","51300.0000","51300.0000","51400.0000","51400.0000","51300.0000","51300.0000"," ","0.0000","0.0000","80","4108000","51350.0000"
"20201211","01","11","    16780","JP3047100007","171.0000","172.0000","171.0000","172.0000","171.0000","172.0000","171.0000","171.0000","171.0000","172.0000","171.0000","171.0000"," ","0.0000","0.0000","303900","52042700","171.2494"
"20201211","01","11","    16790","JP3047110006","27600.0000","27600.0000","27550.0000","27550.0000","27470.0000","27470.0000","27470.0000","27470.0000","27600.0000","27600.0000","27470.0000","27470.0000"," ","0.0000","0.0000","80","2204100","27551.2500"
"20201211","01","11","    16800","JP3047120005","2856.0000","2863.0000","2856.0000","2856.0000","2855.0000","2855.0000","2846.0000","2846.0000","2856.0000","2863.0000","2846.0000","2846.0000"," ","0.0000","0.0000","1640","4680930","2854.2256"
"20201211","01","11","    16810","JP3047130004","1656.0000","1661.0000","1651.0000","1651.0000","1651.0000","1656.0000","1649.0000","1650.0000","1656.0000","1661.0000","1649.0000","1650.0000"," ","0.0000","0.0000","12330","20413250","1655.5758"
"20201211","01","11","    16820","JP3047140003","182.0000","183.0000","182.0000","182.0000","183.0000","183.0000","181.0000","182.0000","182.0000","183.0000","181.0000","182.0000"," ","0.0000","0.0000","17900","3258300","182.0279"
"20201211","01","11","    16980","JP3047170000","1573.0000","1573.0000","1569.0000","1570.0000","1566.0000","1571.0000","1566.0000","1567.0000","1573.0000","1573.0000","1566.0000","1567.0000"," ","0.0000","0.0000","1170","1834800","1568.2051"
"20201211","01","11","    16990","JP3047180009","116.0000","117.0000","115.0000","115.0000","115.0000","116.0000","115.0000","115.0000","116.0000","117.0000","115.0000","115.0000"," ","0.0000","0.0000","19852900","2298902270","115.7968"
"20201211","01","11","    17120","JP3485700003","704.0000","706.0000","693.0000","693.0000","696.0000","702.0000","693.0000","701.0000","704.0000","706.0000","693.0000","701.0000"," ","0.0000","0.0000","25800","18012900","698.1744"
"20201211","01","11","    17160","JP3473700007","2579.0000","2591.0000","2540.0000","2576.0000","2570.0000","2613.0000","2570.0000","2600.0000","2579.0000","2613.0000","2540.0000","2600.0000"," ","0.0000","0.0000","55700","143779800","2581.3250"
"20201211","01","11","    17170","JP3920400003","689.0000","693.0000","679.0000","690.0000","690.0000","693.0000","682.0000","690.0000","689.0000","693.0000","679.0000","690.0000"," ","0.0000","0.0000","45400","31148600","686.0925"
"20201211","01","11","    17190","JP3767810009","722.0000","723.0000","716.0000","721.0000","723.0000","726.0000","721.0000","726.0000","722.0000","726.0000","716.0000","726.0000"," ","0.0000","0.0000","723200","522378600","722.3155"
"20201211","01","11","    17200","JP3567410000","502.0000","506.0000","497.0000","497.0000","497.0000","502.0000","497.0000","500.0000","502.0000","506.0000","497.0000","500.0000"," ","0.0000","0.0000","314000","157188000","500.5987"
"20201211","01","11","    17210","JP3305530002","3130.0000","3145.0000","3100.0000","3105.0000","3105.0000","3130.0000","3105.0000","3130.0000","3130.0000","3145.0000","3100.0000","3130.0000"," ","0.0000","0.0000","547600","1711835500","3126.0692"
"20201211","01","11","    17260","JP3799610005","678.0000","694.0000","678.0000","691.0000","695.0000","697.0000","685.0000","688.0000","678.0000","697.0000","678.0000","688.0000"," ","0.0000","0.0000","179300","123174100","686.9721"
"20201211","01","11","    17620","JP3457900003","2024.0000","2024.0000","1995.0000","2001.0000","2001.0000","2015.0000","1995.0000","2009.0000","2024.0000","2024.0000","1995.0000","2009.0000"," ","0.0000","0.0000","72700","146029700","2008.6616"
"20201211","01","11","    17660","JP3590900001","7720.0000","7750.0000","7620.0000","7690.0000","7670.0000","7760.0000","7670.0000","7760.0000","7720.0000","7760.0000","7620.0000","7760.0000"," ","0.0000","0.0000","25100","193599000","7713.1076"
"20201211","01","11","    17680","JP3435700004","879.0000","879.0000","878.0000","878.0000","879.0000","894.0000","879.0000","894.0000","879.0000","894.0000","878.0000","894.0000"," ","0.0000","0.0000","8700","7671400","881.7701"
"20201211","01","11","    17800","JP3934300009","933.0000","935.0000","927.0000","930.0000","933.0000","934.0000","927.0000","932.0000","933.0000","935.0000","927.0000","932.0000"," ","0.0000","0.0000","20600","19196900","931.8883"
"20201211","01","11","    18010","JP3443600006","3835.0000","3845.0000","3725.0000","3735.0000","3725.0000","3730.0000","3710.0000","3715.0000","3835.0000","3845.0000","3710.0000","3715.0000"," ","0.0000","0.0000","927700","3484864500","3756.4563"
"20201211","01","11","    18020","JP3190000004","938.0000","944.0000","923.0000","927.0000","925.0000","931.0000","923.0000","931.0000","938.0000","944.0000","923.0000","931.0000"," ","0.0000","0.0000","2406000","2243176900","932.3262"
"20201211","01","11","    18030","JP3358800005","834.0000","839.0000","814.0000","815.0000","815.0000","819.0000","813.0000","818.0000","834.0000","839.0000","813.0000","818.0000"," ","0.0000","0.0000","2457300","2020901600","822.4074"
"20201211","01","11","    18050","JP3629800008","1099.0000","1101.0000","1091.0000","1092.0000","1092.0000","1099.0000","1090.0000","1099.0000","1099.0000","1101.0000","1090.0000","1099.0000"," ","0.0000","0.0000","51900","56894900","1096.2408"
"20201211","01","11","    18080","JP3768600003","1184.0000","1192.0000","1171.0000","1174.0000","1174.0000","1186.0000","1172.0000","1186.0000","1184.0000","1192.0000","1171.0000","1186.0000"," ","0.0000","0.0000","1285900","1519214900","1181.4409"
"20201211","01","11","    18100","JP3863600007","794.0000","794.0000","772.0000","772.0000","769.0000","785.0000","766.0000","779.0000","794.0000","794.0000","766.0000","779.0000"," ","0.0000","0.0000","23500","18500900","787.2723"
"20201211","01","11","    18110","JP3427800002","4500.0000","4610.0000","4500.0000","4610.0000","4595.0000","4760.0000","4590.0000","4735.0000","4500.0000","4760.0000","4500.0000","4735.0000"," ","0.0000","0.0000","3500","16057000","4587.7143"
"20201211","01","11","    18120","JP3210200006","1381.0000","1389.0000","1364.0000","1364.0000","1360.0000","1373.0000","1360.0000","1367.0000","1381.0000","1389.0000","1360.0000","1367.0000"," ","0.0000","0.0000","1647800","2260716800","1371.9607"
"20201211","01","11","    18130","JP3825600004","1695.0000","1707.0000","1691.0000","1701.0000","1695.0000","1708.0000","1695.0000","1698.0000","1695.0000","1708.0000","1691.0000","1698.0000"," ","0.0000","0.0000","55100","93622400","1699.1361"
"20201211","01","11","    18140","JP3485400000","850.0000","850.0000","843.0000","844.0000","838.0000","849.0000","838.0000","849.0000","850.0000","850.0000","838.0000","849.0000"," ","0.0000","0.0000","7700","6529500","847.9870"
"20201211","01","11","    18150","JP3545600003","1819.0000","1823.0000","1813.0000","1823.0000","1818.0000","1825.0000","1814.0000","1821.0000","1819.0000","1825.0000","1813.0000","1821.0000"," ","0.0000","0.0000","39900","72567700","1818.7393"
"20201211","01","11","    18200","JP3659200004","2081.0000","2086.0000","2049.0000","2060.0000","2062.0000","2067.0000","2052.0000","2060.0000","2081.0000","2086.0000","2049.0000","2060.0000"," ","0.0000","0.0000","346200","714008300","2062.4157"
"20201211","01","11","    18210","JP3889200006","431.0000","431.0000","426.0000","428.0000","427.0000","431.0000","427.0000","430.0000","431.0000","431.0000","426.0000","430.0000"," ","0.0000","0.0000","419200","179802500","428.9182"
"20201211","01","11","    18220","JP3498600000","3570.0000","3580.0000","3515.0000","3530.0000","3530.0000","3540.0000","3515.0000","3520.0000","3570.0000","3580.0000","3515.0000","3520.0000"," ","0.0000","0.0000","50100","177271000","3538.3433"
"20201211","01","11","    18240","JP3861200008","919.0000","941.0000","917.0000","921.0000","916.0000","922.0000","907.0000","917.0000","919.0000","941.0000","907.0000","917.0000"," ","0.0000","0.0000","840300","775258000","922.5967"
"20201211","01","11","    18260","JP3319600007","450.0000","450.0000","447.0000","448.0000","449.0000","450.0000","448.0000","450.0000","450.0000","450.0000","447.0000","450.0000"," ","0.0000","0.0000","8400","3778000","449.7619"
"20201211","01","11","    18270","JP3643600004","400.0000","400.0000","396.0000","397.0000","397.0000","400.0000","396.0000","400.0000","400.0000","400.0000","396.0000","400.0000"," ","0.0000","0.0000","20500","8177400","398.8976"
"20201211","01","11","    18330","JP3194800003","2445.0000","2455.0000","2420.0000","2443.0000","2442.0000","2454.0000","2435.0000","2454.0000","2445.0000","2455.0000","2420.0000","2454.0000"," ","0.0000","0.0000","134500","328822700","2444.7784"
"20201211","01","11","    18350","JP3595400007","2780.0000","2804.0000","2762.0000","2763.0000","2770.0000","2808.0000","2764.0000","2808.0000","2780.0000","2808.0000","2762.0000","2808.0000"," ","0.0000","0.0000","67900","189199800","2786.4477"
"20201211","01","11","    18470","JP3141400006","1776.0000","1789.0000","1767.0000","1771.0000","1771.0000","1782.0000","1761.0000","1770.0000","1776.0000","1789.0000","1761.0000","1770.0000"," ","0.0000","0.0000","17600","31171800","1771.1250"
"20201211","01","11","    18480","JP3820650004","617.0000","617.0000","607.0000","611.0000","607.0000","620.0000","607.0000","616.0000","617.0000","620.0000","607.0000","616.0000"," ","0.0000","0.0000","19400","11931800","615.0412"
"20201211","01","11","    18520","JP3110000001","3935.0000","3950.0000","3880.0000","3915.0000","3920.0000","3965.0000","3910.0000","3965.0000","3935.0000","3965.0000","3880.0000","3965.0000"," ","0.0000","0.0000","76000","298241000","3924.2237"
"20201211","01","11","    18600","JP3627000007","642.0000","643.0000","636.0000","637.0000","634.0000","641.0000","633.0000","640.0000","642.0000","643.0000","633.0000","640.0000"," ","0.0000","0.0000","292700","187259000","639.7643"
"20201211","01","11","    18610","JP3266800006","2589.0000","2597.0000","2550.0000","2554.0000","2554.0000","2577.0000","2548.0000","2573.0000","2589.0000","2597.0000","2548.0000","2573.0000"," ","0.0000","0.0000","118700","304974900","2569.2915"
"20201211","01","11","    18660","JP3240000004","2611.0000","2611.0000","2586.0000","2586.0000","2588.0000","2614.0000","2584.0000","2614.0000","2611.0000","2614.0000","2584.0000","2614.0000"," ","0.0000","0.0000","2700","7034600","2605.4074"
"20201211","01","11","    18670","JP3154400000","2785.0000","2785.0000","2785.0000","2785.0000","2785.0000","2798.0000","2785.0000","2785.0000","2785.0000","2798.0000","2785.0000","2785.0000"," ","0.0000","0.0000","1700","4737100","2786.5294"
"20201211","01","11","    18700","JP3933200002","856.0000","859.0000","854.0000","857.0000","859.0000","870.0000","857.0000","869.0000","856.0000","870.0000","854.0000","869.0000"," ","0.0000","0.0000","30900","26572200","859.9417"
"20201211","01","11","    18710","JP3801400007","587.0000","588.0000","579.0000","585.0000","588.0000","595.0000","586.0000","595.0000","587.0000","595.0000","579.0000","595.0000"," ","0.0000","0.0000","101200","59387500","586.8330"
"20201211","01","11","    18730","JP3783500006","241.0000","247.0000","237.0000","240.0000","241.0000","246.0000","241.0000","246.0000","241.0000","247.0000","237.0000","246.0000"," ","0.0000","0.0000","502200","121443000","241.8220"
"20201211","01","11","    18780","JP3486800000","9710.0000","9740.0000","9580.0000","9600.0000","9600.0000","9720.0000","9600.0000","9710.0000","9710.0000","9740.0000","9580.0000","9710.0000"," ","0.0000","0.0000","343200","3315959000","9661.8852"
"20201211","01","11","    18790","JP3380300008","853.0000","854.0000","837.0000","839.0000","839.0000","853.0000","838.0000","851.0000","853.0000","854.0000","837.0000","851.0000"," ","0.0000","0.0000","42800","36295200","848.0187"
"20201211","01","11","    18810","JP3750200002","2743.0000","2745.0000","2711.0000","2714.0000","2705.0000","2741.0000","2702.0000","2741.0000","2743.0000","2745.0000","2702.0000","2741.0000"," ","0.0000","0.0000","120700","329486000","2729.7929"
"20201211","01","11","    18820","JP3558000000","3810.0000","3920.0000","3800.0000","3910.0000","3910.0000","3910.0000","3825.0000","3865.0000","3810.0000","3920.0000","3800.0000","3865.0000"," ","0.0000","0.0000","47400","182839500","3857.3734"
"20201211","01","11","    18830","JP3861600009","1715.0000","1723.0000","1703.0000","1704.0000","1703.0000","1724.0000","1700.0000","1724.0000","1715.0000","1724.0000","1700.0000","1724.0000"," ","0.0000","0.0000","246100","421670900","1713.4128"
"20201211","01","11","    18840","JP3740200005","7570.0000","7570.0000","7470.0000","7470.0000","7470.0000","7540.0000","7450.0000","7510.0000","7570.0000","7570.0000","7450.0000","7510.0000"," ","0.0000","0.0000","7200","54179000","7524.8611"
"20201211","01","11","    18850","JP3556000002","2012.0000","2029.0000","1997.0000","2001.0000","1999.0000","2008.0000","1997.0000","2007.0000","2012.0000","2029.0000","1997.0000","2007.0000"," ","0.0000","0.0000","44300","88812300","2004.7923"
"20201211","01","11","    18870","JP3707200006","575.0000","576.0000","570.0000","572.0000","572.0000","574.0000","570.0000","570.0000","575.0000","576.0000","570.0000","570.0000"," ","0.0000","0.0000","63400","36330300","573.0331"
"20201211","01","11","    18880","JP3990800009","1170.0000","1170.0000","1156.0000","1164.0000","1163.0000","1181.0000","1163.0000","1180.0000","1170.0000","1181.0000","1156.0000","1180.0000"," ","0.0000","0.0000","28100","32870000","1169.7509"
"20201211","01","11","    18900","JP3609800002","426.0000","427.0000","421.0000","425.0000","423.0000","428.0000","423.0000","427.0000","426.0000","428.0000","421.0000","427.0000"," ","0.0000","0.0000","344700","146490700","424.9803"
"20201211","01","11","    18930","JP3309000002","896.0000","901.0000","880.0000","881.0000","880.0000","884.0000","876.0000","882.0000","896.0000","901.0000","876.0000","882.0000"," ","0.0000","0.0000","1133200","1002496400","884.6597"
"20201211","01","11","    18980","JP3414600001","812.0000","812.0000","804.0000","807.0000","809.0000","821.0000","805.0000","817.0000","812.0000","821.0000","804.0000","817.0000"," ","0.0000","0.0000","39900","32388900","811.7519"
"20201211","01","11","    18990","JP3805600008","5450.0000","5500.0000","5450.0000","5480.0000","5460.0000","5470.0000","5430.0000","5430.0000","5450.0000","5500.0000","5430.0000","5430.0000"," ","0.0000","0.0000","25700","140128000","5452.4514"
"20201211","01","11","    19090","JP3740800002","1537.0000","1541.0000","1533.0000","1534.0000","1532.0000","1544.0000","1528.0000","1533.0000","1537.0000","1544.0000","1528.0000","1533.0000"," ","0.0000","0.0000","10600","16287000","1536.5094"
"20201211","01","11","    19110","JP3409800004","1902.0000","1913.0000","1869.0000","1877.0000","1875.0000","1899.0000","1873.0000","1899.0000","1902.0000","1913.0000","1869.0000","1899.0000"," ","0.0000","0.0000","543800","1029049700","1892.3312"
"20201211","01","11","    19140","JP3697400004","500.0000","504.0000","500.0000","504.0000","503.0000","509.0000","502.0000","508.0000","500.0000","509.0000","500.0000","508.0000"," ","0.0000","0.0000","42300","21341200","504.5201"
"20201211","01","11","    19210","JP3631400003","419.0000","423.0000","415.0000","418.0000","416.0000","426.0000","416.0000","421.0000","419.0000","426.0000","415.0000","421.0000"," ","0.0000","0.0000","52400","22025900","420.3416"
"20201211","01","11","    19250","JP3505000004","3161.0000","3196.0000","3151.0000","3180.0000","3162.0000","3203.0000","3162.0000","3186.0000","3161.0000","3203.0000","3151.0000","3186.0000"," ","0.0000","0.0000","1865500","5924013000","3175.5631"
"20201211","01","11","    19260","JP3965800000","1774.0000","1785.0000","1757.0000","1762.0000","1762.0000","1786.0000","1760.0000","1786.0000","1774.0000","1786.0000","1757.0000","1786.0000"," ","0.0000","0.0000","132600","235271200","1774.2926"
"20201211","01","11","    19280","JP3420600003","2009.5000","2012.5000","1968.0000","1974.0000","1969.0000","1983.0000","1967.0000","1977.0000","2009.5000","2012.5000","1967.0000","1977.0000"," ","0.0000","0.0000","3258000","6463988000","1984.0356"
"20201211","01","11","    19290","JP3684800000","807.0000","808.0000","797.0000","802.0000","799.0000","807.0000","799.0000","805.0000","807.0000","808.0000","797.0000","805.0000"," ","0.0000","0.0000","100100","80349300","802.6903"
"20201211","01","11","    19300","JP3845000003","1295.0000","1295.0000","1257.0000","1280.0000","1282.0000","1290.0000","1275.0000","1276.0000","1295.0000","1295.0000","1257.0000","1276.0000"," ","0.0000","0.0000","18600","23982200","1289.3656"
"20201211","01","11","    19340","JP3946200007","768.0000","773.0000","750.0000","759.0000","761.0000","761.0000","753.0000","757.0000","768.0000","773.0000","750.0000","757.0000"," ","0.0000","0.0000","124000","94366200","761.0177"
"20201211","01","11","    19380","JP3510600004","2350.0000","2418.0000","2344.0000","2399.0000","2377.0000","2440.0000","2377.0000","2406.0000","2350.0000","2440.0000","2344.0000","2406.0000"," ","0.0000","0.0000","36800","88087500","2393.6821"
"20201211","01","11","    19390","JP3962600007","2806.0000","2840.0000","2806.0000","2840.0000","2840.0000","2875.0000","2840.0000","2875.0000","2806.0000","2875.0000","2806.0000","2875.0000"," ","0.0000","0.0000","11100","31393800","2828.2703"
"20201211","01","11","    19410","JP3524000001","2164.0000","2164.0000","2140.0000","2141.0000","2140.0000","2160.0000","2138.0000","2160.0000","2164.0000","2164.0000","2138.0000","2160.0000"," ","0.0000","0.0000","67500","145448600","2154.7941"
"20201211","01","11","    19420","JP3230600003","812.0000","812.0000","803.0000","805.0000","804.0000","811.0000","803.0000","811.0000","812.0000","812.0000","803.0000","811.0000"," ","0.0000","0.0000","372200","300676700","807.8364"
"20201211","01","11","    19440","JP3263000006","1640.0000","1645.0000","1621.0000","1626.0000","1622.0000","1643.0000","1619.0000","1640.0000","1640.0000","1645.0000","1619.0000","1640.0000"," ","0.0000","0.0000","463600","759007900","1637.2043"
"20201211","01","11","    19450","JP3585400009","859.0000","862.0000","844.0000","844.0000","844.0000","859.0000","844.0000","855.0000","859.0000","862.0000","844.0000","855.0000"," ","0.0000","0.0000","28800","24599300","854.1424"
"20201211","01","11","    19460","JP3552230009","3930.0000","3930.0000","3865.0000","3890.0000","3880.0000","3930.0000","3875.0000","3925.0000","3930.0000","3930.0000","3865.0000","3925.0000"," ","0.0000","0.0000","12100","47337000","3912.1488"
"20201211","01","11","    19490","JP3407800006","2617.0000","2625.0000","2593.0000","2593.0000","2577.0000","2629.0000","2568.0000","2624.0000","2617.0000","2629.0000","2568.0000","2624.0000"," ","0.0000","0.0000","27400","71507600","2609.7664"
"20201211","01","11","    19500","JP3736200001","2101.0000","2103.0000","2078.0000","2080.0000","2078.0000","2110.0000","2072.0000","2109.0000","2101.0000","2110.0000","2072.0000","2109.0000"," ","0.0000","0.0000","41100","86252400","2098.5985"
"20201211","01","11","    19510","JP3254200003","2829.0000","2876.0000","2809.0000","2850.0000","2851.0000","2862.0000","2836.0000","2862.0000","2829.0000","2876.0000","2809.0000","2862.0000"," ","0.0000","0.0000","722900","2061183600","2851.2707"
"20201211","01","11","    19520","JP3380250005","2172.0000","2184.0000","2150.0000","2150.0000","2146.0000","2193.0000","2145.0000","2189.0000","2172.0000","2193.0000","2145.0000","2189.0000"," ","0.0000","0.0000","17100","37137300","2171.7719"
"20201211","01","11","    19540","JP3703200000","2876.0000","2884.0000","2845.0000","2847.0000","2834.0000","2848.0000","2829.0000","2829.0000","2876.0000","2884.0000","2829.0000","2829.0000"," ","0.0000","0.0000","19200","54722500","2850.1302"
"20201211","01","11","    19590","JP3247050002","3135.0000","3135.0000","3100.0000","3100.0000","3095.0000","3130.0000","3090.0000","3125.0000","3135.0000","3135.0000","3090.0000","3125.0000"," ","0.0000","0.0000","92400","288341000","3120.5736"
"20201211","01","11","    19610","JP3325600009","1176.0000","1177.0000","1161.0000","1162.0000","1162.0000","1173.0000","1160.0000","1173.0000","1176.0000","1177.0000","1160.0000","1173.0000"," ","0.0000","0.0000","210800","246208200","1167.9706"
"20201211","01","11","    19630","JP3667600005","925.0000","935.0000","912.0000","912.0000","910.0000","914.0000","906.0000","909.0000","925.0000","935.0000","906.0000","909.0000"," ","0.0000","0.0000","2570100","2353482900","915.7165"
"20201211","01","11","    19640","JP3519800001","1851.0000","1864.0000","1788.0000","1842.0000","1836.0000","1843.0000","1820.0000","1826.0000","1851.0000","1864.0000","1788.0000","1826.0000"," ","0.0000","0.0000","120400","220447300","1830.9576"
"20201211","01","11","    19670","JP3940800000","760.0000","761.0000","747.0000","750.0000","746.0000","757.0000","746.0000","753.0000","760.0000","761.0000","746.0000","753.0000"," ","0.0000","0.0000","26700","20175300","755.6292"
"20201211","01","11","    19680","JP3447200001","2500.0000","2520.0000","2464.0000","2468.0000","2462.0000","2495.0000","2458.0000","2483.0000","2500.0000","2520.0000","2458.0000","2483.0000"," ","0.0000","0.0000","33400","83142000","2489.2814"
"20201211","01","11","    19690","JP3455200000","1468.0000","1473.0000","1456.0000","1456.0000","1460.0000","1479.0000","1458.0000","1479.0000","1468.0000","1479.0000","1456.0000","1479.0000"," ","0.0000","0.0000","88300","129645000","1468.2333"
"20201211","01","11","    19720","JP3330800008","2651.0000","2722.0000","2651.0000","2717.0000","2714.0000","2779.0000","2714.0000","2745.0000","2651.0000","2779.0000","2651.0000","2745.0000"," ","0.0000","0.0000","13500","36651900","2714.9556"
"20201211","01","11","    19730","JP3733800001","1709.0000","1720.0000","1696.0000","1704.0000","1700.0000","1717.0000","1690.0000","1717.0000","1709.0000","1720.0000","1690.0000","1717.0000"," ","0.0000","0.0000","800800","1367196800","1707.2887"
"20201211","01","11","    19750","JP3112800002","3150.0000","3160.0000","2987.0000","3075.0000","3075.0000","3175.0000","3075.0000","3175.0000","3150.0000","3175.0000","2987.0000","3175.0000"," ","0.0000","0.0000","12200","38218800","3132.6885"
"20201211","01","11","    19760","JP3918200001","782.0000","783.0000","775.0000","777.0000","776.0000","777.0000","774.0000","775.0000","782.0000","783.0000","774.0000","775.0000"," ","0.0000","0.0000","44400","34544000","778.0180"
"20201211","01","11","    19790","JP3441200007","2760.0000","2774.0000","2745.0000","2748.0000","2748.0000","2779.0000","2735.0000","2773.0000","2760.0000","2779.0000","2735.0000","2773.0000"," ","0.0000","0.0000","48800","134781600","2761.9180"
"20201211","01","11","    19800","JP3486000007","2921.0000","2948.0000","2910.0000","2928.0000","2901.0000","2915.0000","2884.0000","2892.0000","2921.0000","2948.0000","2884.0000","2892.0000"," ","0.0000","0.0000","27300","79440300","2909.9011"
"20201211","01","11","    19820","JP3793400007","1900.0000","1904.0000","1891.0000","1893.0000","1885.0000","1904.0000","1873.0000","1894.0000","1900.0000","1904.0000","1873.0000","1894.0000"," ","0.0000","0.0000","21900","41513000","1895.5708"
"20201211","01","11","    20010","JP3723000000","1644.0000","1651.0000","1632.0000","1634.0000","1630.0000","1650.0000","1628.0000","1650.0000","1644.0000","1651.0000","1628.0000","1650.0000"," ","0.0000","0.0000","76100","125005500","1642.6478"
"20201211","01","11","    20020","JP3676800000","1683.0000","1686.0000","1657.0000","1657.0000","1656.0000","1671.0000","1653.0000","1669.0000","1683.0000","1686.0000","1653.0000","1669.0000"," ","0.0000","0.0000","864700","1447667100","1674.1842"
"20201211","01","11","    20030","JP3683200004","6550.0000","6580.0000","6520.0000","6580.0000","6610.0000","6610.0000","6550.0000","6550.0000","6550.0000","6610.0000","6520.0000","6550.0000"," ","0.0000","0.0000","900","5903000","6558.8889"
"20201211","01","11","    20040","JP3366400004","3070.0000","3075.0000","3010.0000","3020.0000","3010.0000","3060.0000","3005.0000","3060.0000","3070.0000","3075.0000","3005.0000","3060.0000"," ","0.0000","0.0000","49800","151550000","3043.1727"
"20201211","01","11","    20090","JP3636200002","1015.0000","1047.0000","1011.0000","1043.0000","1043.0000","1051.0000","1038.0000","1051.0000","1015.0000","1051.0000","1011.0000","1051.0000"," ","0.0000","0.0000","102600","104903900","1022.4552"
"20201211","01","11","    20530","JP3525400002","1428.0000","1451.0000","1428.0000","1441.0000","1441.0000","1448.0000","1433.0000","1434.0000","1428.0000","1451.0000","1428.0000","1434.0000"," ","0.0000","0.0000","35700","51268500","1436.0924"
"20201211","01","11","    20600","JP3802960009","889.0000","894.0000","882.0000","888.0000","885.0000","889.0000","884.0000","887.0000","889.0000","894.0000","882.0000","887.0000"," ","0.0000","0.0000","52700","46731100","886.7381"
"20201211","01","11","    21070","JP3614600009","1230.0000","1230.0000","1228.0000","1228.0000","1229.0000","1229.0000","1229.0000","1229.0000","1230.0000","1230.0000","1228.0000","1229.0000"," ","0.0000","0.0000","1800","2213400","1229.6667"
"20201211","01","11","    21080","JP3732600006","1608.0000","1639.0000","1606.0000","1639.0000","1639.0000","1672.0000","1632.0000","1670.0000","1608.0000","1672.0000","1606.0000","1670.0000"," ","0.0000","0.0000","39800","65391100","1642.9925"
"20201211","01","11","    21090","JP3890400009","1789.0000","1811.0000","1787.0000","1806.0000","1807.0000","1819.0000","1805.0000","1818.0000","1789.0000","1819.0000","1787.0000","1818.0000"," ","0.0000","0.0000","47800","86361900","1806.7343"
"20201211","01","11","    21120","JP3168800005","221.0000","223.0000","221.0000","223.0000","223.0000","223.0000","222.0000","223.0000","221.0000","223.0000","221.0000","223.0000"," ","0.0000","0.0000","29300","6500200","221.8498"
"20201211","01","11","    21170","JP3676600004","1855.0000","1855.0000","1843.0000","1844.0000","1843.0000","1854.0000","1843.0000","1853.0000","1855.0000","1855.0000","1843.0000","1853.0000"," ","0.0000","0.0000","8200","15175700","1850.6951"
"20201211","01","11","    21200","JP3758140002","392.0000","393.0000","386.0000","393.0000","392.0000","394.0000","390.0000","394.0000","392.0000","394.0000","386.0000","394.0000"," ","0.0000","0.0000","281700","110127900","390.9404"
"20201211","01","11","    21210","JP3882750007","2586.0000","2609.0000","2581.0000","2600.0000","2600.0000","2615.0000","2587.0000","2610.0000","2586.0000","2615.0000","2581.0000","2610.0000"," ","0.0000","0.0000","416700","1082988000","2598.9633"
"20201211","01","11","    21240","JP3386130003","1860.0000","1879.0000","1838.0000","1869.0000","1866.0000","1882.0000","1859.0000","1878.0000","1860.0000","1882.0000","1838.0000","1878.0000"," ","0.0000","0.0000","115700","215579300","1863.2610"
"20201211","01","11","    21270","JP3689050007","6600.0000","6740.0000","6600.0000","6710.0000","6710.0000","6760.0000","6670.0000","6760.0000","6600.0000","6760.0000","6600.0000","6760.0000"," ","0.0000","0.0000","687100","4596636000","6689.9083"
"20201211","01","11","    21300","JP3921700005","1996.0000","2101.0000","1996.0000","2100.0000","2081.0000","2105.0000","2056.0000","2085.0000","1996.0000","2105.0000","1996.0000","2085.0000"," ","0.0000","0.0000","136100","282108500","2072.8031"
"20201211","01","11","    21390","JP3520800008","333.0000","336.0000","328.0000","334.0000","334.0000","337.0000","332.0000","337.0000","333.0000","337.0000","328.0000","337.0000"," ","0.0000","0.0000","50200","16777800","334.2191"
"20201211","01","11","    21460","JP3949500007","3285.0000","3305.0000","3215.0000","3240.0000","3230.0000","3235.0000","3200.0000","3220.0000","3285.0000","3305.0000","3200.0000","3220.0000"," ","0.0000","0.0000","208700","675271500","3235.6085"
"20201211","01","11","    21480","JP3104880004","2325.0000","2380.0000","2302.0000","2333.0000","2340.0000","2369.0000","2325.0000","2369.0000","2325.0000","2380.0000","2302.0000","2369.0000"," ","0.0000","0.0000","148200","347502100","2344.8185"
"20201211","01","11","    21510","JP3462680004","1261.0000","1269.0000","1236.0000","1261.0000","1269.0000","1279.0000","1262.0000","1278.0000","1261.0000","1279.0000","1236.0000","1278.0000"," ","0.0000","0.0000","253100","319436700","1262.0968"
"20201211","01","11","    21530","JP3130480001","1030.0000","1058.0000","1029.0000","1058.0000","1053.0000","1057.0000","1039.0000","1055.0000","1030.0000","1058.0000","1029.0000","1055.0000"," ","0.0000","0.0000","74000","77478800","1047.0108"
"20201211","01","11","    21540","JP3635580008","1133.0000","1141.0000","1116.0000","1139.0000","1135.0000","1138.0000","1134.0000","1136.0000","1133.0000","1141.0000","1116.0000","1136.0000"," ","0.0000","0.0000","67800","76884600","1133.9912"
"20201211","01","11","    21570","JP3297360004","463.0000","464.0000","450.0000","450.0000","450.0000","455.0000","449.0000","455.0000","463.0000","464.0000","449.0000","455.0000"," ","0.0000","0.0000","353800","160515800","453.6908"
"20201211","01","11","    21630","JP3126230006","892.0000","917.0000","883.0000","917.0000","913.0000","913.0000","905.0000","908.0000","892.0000","917.0000","883.0000","908.0000"," ","0.0000","0.0000","43300","39146100","904.0670"
"20201211","01","11","    21680","JP3781490002","1946.0000","2046.0000","1940.0000","2043.0000","2043.0000","2075.0000","2035.0000","2067.0000","1946.0000","2075.0000","1940.0000","2067.0000"," ","0.0000","0.0000","443000","900015100","2031.6368"
"20201211","01","11","    21690","JP3347040002","1360.0000","1360.0000","1347.0000","1355.0000","1350.0000","1359.0000","1350.0000","1359.0000","1360.0000","1360.0000","1347.0000","1359.0000"," ","0.0000","0.0000","8600","11656700","1355.4302"
"20201211","01","11","    21700","JP3977020001","590.0000","590.0000","578.0000","580.0000","580.0000","580.0000","575.0000","577.0000","590.0000","590.0000","575.0000","577.0000"," ","0.0000","0.0000","308500","179066200","580.4415"
"20201211","01","11","    21740","JP3386390003","739.0000","742.0000","734.0000","739.0000","739.0000","742.0000","737.0000","740.0000","739.0000","742.0000","734.0000","740.0000"," ","0.0000","0.0000","163800","121078100","739.1825"
"20201211","01","11","    21750","JP3162350007","3615.0000","3620.0000","3570.0000","3620.0000","3625.0000","3645.0000","3585.0000","3630.0000","3615.0000","3645.0000","3570.0000","3630.0000"," ","0.0000","0.0000","208400","753173000","3614.0739"
"20201211","01","11","    21800","JP3322500004","658.0000","665.0000","654.0000","661.0000","656.0000","664.0000","656.0000","656.0000","658.0000","665.0000","654.0000","656.0000"," ","0.0000","0.0000","19200","12652700","658.9948"
"20201211","01","11","    21810","JP3547670004","2039.0000","2044.0000","1994.0000","2009.0000","1999.0000","2012.0000","1992.0000","1996.0000","2039.0000","2044.0000","1992.0000","1996.0000"," ","0.0000","0.0000","662200","1330023100","2008.4915"
"20201211","01","11","    21830","JP3974530002","706.0000","715.0000","706.0000","710.0000","711.0000","716.0000","706.0000","713.0000","706.0000","716.0000","706.0000","713.0000"," ","0.0000","0.0000","40000","28420300","710.5075"
"20201211","01","11","    21930","JP3266170004","320.0000","326.0000","320.0000","325.0000","324.0000","327.0000","324.0000","327.0000","320.0000","327.0000","320.0000","327.0000"," ","0.0000","0.0000","402300","130222000","323.6938"
"20201211","01","11","    21960","JP3162620003","312.0000","313.0000","306.0000","308.0000","306.0000","311.0000","306.0000","310.0000","312.0000","313.0000","306.0000","310.0000"," ","0.0000","0.0000","98600","30412000","308.4381"
"20201211","01","11","    21980","JP3101120008","628.0000","634.0000","627.0000","631.0000","631.0000","635.0000","631.0000","632.0000","628.0000","635.0000","627.0000","632.0000"," ","0.0000","0.0000","12100","7618400","629.6198"
"20201211","01","11","    22010","JP3926400007","3880.0000","3885.0000","3820.0000","3820.0000","3830.0000","3860.0000","3815.0000","3860.0000","3880.0000","3885.0000","3815.0000","3860.0000"," ","0.0000","0.0000","236100","908481500","3847.8674"
"20201211","01","11","    22040","JP3646000004","4010.0000","4010.0000","3985.0000","3985.0000","3995.0000","4035.0000","3995.0000","4025.0000","4010.0000","4035.0000","3985.0000","4025.0000"," ","0.0000","0.0000","5000","20068500","4013.7000"
"20201211","01","11","    22060","JP3161200005","4550.0000","4575.0000","4530.0000","4545.0000","4545.0000","4590.0000","4535.0000","4590.0000","4550.0000","4590.0000","4530.0000","4590.0000"," ","0.0000","0.0000","126400","576503500","4560.9454"
"20201211","01","11","    22070","JP3920200007","1439.0000","1441.0000","1439.0000","1440.0000","1435.0000","1449.0000","1433.0000","1446.0000","1439.0000","1449.0000","1433.0000","1446.0000"," ","0.0000","0.0000","7200","10374100","1440.8472"
"20201211","01","11","    22090","JP3149200002","2625.0000","2660.0000","2599.0000","2655.0000","2638.0000","2663.0000","2633.0000","2646.0000","2625.0000","2663.0000","2599.0000","2646.0000"," ","0.0000","0.0000","27400","72338400","2640.0876"
"20201211","01","11","    22110","JP3821200007","2485.0000","2552.0000","2485.0000","2532.0000","2532.0000","2555.0000","2527.0000","2555.0000","2485.0000","2555.0000","2485.0000","2555.0000"," ","0.0000","0.0000","132800","334949100","2522.2071"
"20201211","01","11","    22120","JP3935600001","1746.0000","1752.0000","1737.0000","1745.0000","1747.0000","1754.0000","1738.0000","1751.0000","1746.0000","1754.0000","1737.0000","1751.0000"," ","0.0000","0.0000","440100","769163400","1747.7014"
"20201211","01","11","    22150","JP3479400008","1005.0000","1008.0000","1004.0000","1008.0000","1008.0000","1009.0000","1007.0000","1009.0000","1005.0000","1009.0000","1004.0000","1009.0000"," ","0.0000","0.0000","24100","24246700","1006.0871"
"20201211","01","11","    22170","JP3927600001","5900.0000","5950.0000","5840.0000","5920.0000","5950.0000","5950.0000","5880.0000","5880.0000","5900.0000","5950.0000","5840.0000","5880.0000"," ","0.0000","0.0000","2500","14748000","5899.2000"
"20201211","01","11","    22200","JP3219800004","4960.0000","4970.0000","4920.0000","4940.0000","4925.0000","4955.0000","4925.0000","4935.0000","4960.0000","4970.0000","4920.0000","4935.0000"," ","0.0000","0.0000","22300","110362500","4948.9910"
"20201211","01","11","    22220","JP3299600001","5360.0000","5390.0000","5300.0000","5340.0000","5310.0000","5390.0000","5300.0000","5390.0000","5360.0000","5390.0000","5300.0000","5390.0000"," ","0.0000","0.0000","77700","416273000","5357.4389"
"20201211","01","11","    22290","JP3220580009","3080.0000","3095.0000","3045.0000","3045.0000","3045.0000","3095.0000","3045.0000","3095.0000","3080.0000","3095.0000","3045.0000","3095.0000"," ","0.0000","0.0000","371300","1144061000","3081.2308"
"20201211","01","11","    22640","JP3926800008","5060.0000","5070.0000","4995.0000","5000.0000","4985.0000","5050.0000","4975.0000","5050.0000","5060.0000","5070.0000","4975.0000","5050.0000"," ","0.0000","0.0000","122600","616666500","5029.9062"
"20201211","01","11","    22660","JP3984800007","1936.0000","1937.0000","1922.0000","1933.0000","1939.0000","1964.0000","1938.0000","1962.0000","1936.0000","1964.0000","1922.0000","1962.0000"," ","0.0000","0.0000","20600","40018100","1942.6262"
"20201211","01","11","    22670","JP3931600005","5370.0000","5410.0000","5300.0000","5310.0000","5310.0000","5360.0000","5310.0000","5350.0000","5370.0000","5410.0000","5300.0000","5350.0000"," ","0.0000","0.0000","641500","3435665000","5355.6742"
"20201211","01","11","    22690","JP3918000005","7490.0000","7520.0000","7440.0000","7470.0000","7470.0000","7510.0000","7450.0000","7510.0000","7490.0000","7520.0000","7440.0000","7510.0000"," ","0.0000","0.0000","367400","2752562000","7492.0033"
"20201211","01","11","    22700","JP3947800003","2246.0000","2258.0000","2238.0000","2254.0000","2251.0000","2312.0000","2251.0000","2312.0000","2246.0000","2312.0000","2238.0000","2312.0000"," ","0.0000","0.0000","248900","567631500","2280.5605"
"20201211","01","11","    22810","JP3833200003","3140.0000","3160.0000","3110.0000","3135.0000","3120.0000","3140.0000","3115.0000","3135.0000","3140.0000","3160.0000","3110.0000","3135.0000"," ","0.0000","0.0000","100800","315732500","3132.2669"
"20201211","01","11","    22820","JP3743000006","4770.0000","4800.0000","4745.0000","4755.0000","4730.0000","4750.0000","4720.0000","4730.0000","4770.0000","4800.0000","4720.0000","4730.0000"," ","0.0000","0.0000","325500","1548393500","4756.9693"
"20201211","01","11","    22860","JP3772200006","585.0000","585.0000","582.0000","582.0000","582.0000","585.0000","582.0000","583.0000","585.0000","585.0000","582.0000","583.0000"," ","0.0000","0.0000","7500","4377400","583.6533"
"20201211","01","11","    22880","JP3876400007","1700.0000","1708.0000","1691.0000","1700.0000","1696.0000","1707.0000","1691.0000","1700.0000","1700.0000","1708.0000","1691.0000","1700.0000"," ","0.0000","0.0000","43000","73112200","1700.2837"
"20201211","01","11","    22920","JP3399300007","3365.0000","3410.0000","3355.0000","3360.0000","3350.0000","3370.0000","3325.0000","3370.0000","3365.0000","3410.0000","3325.0000","3370.0000"," ","0.0000","0.0000","53700","180749000","3365.9032"
"20201211","01","11","    22940","JP3206500005","2533.0000","2548.0000","2523.0000","2530.0000","2524.0000","2585.0000","2524.0000","2580.0000","2533.0000","2585.0000","2523.0000","2580.0000"," ","0.0000","0.0000","30000","76390100","2546.3367"
"20201211","01","11","    22960","JP3144500000","681.0000","681.0000","667.0000","671.0000","668.0000","677.0000","668.0000","677.0000","681.0000","681.0000","667.0000","677.0000"," ","0.0000","0.0000","429600","289330000","673.4870"
"20201211","01","11","    23010","JP3234400004","1430.0000","1430.0000","1353.0000","1377.0000","1375.0000","1395.0000","1366.0000","1376.0000","1430.0000","1430.0000","1353.0000","1376.0000"," ","0.0000","0.0000","317600","438338200","1380.1581"
"20201211","01","11","    23050","JP3399240005","1970.0000","1980.0000","1960.0000","1980.0000","1970.0000","1975.0000","1964.0000","1972.0000","1970.0000","1980.0000","1960.0000","1972.0000"," ","0.0000","0.0000","23900","47103800","1970.8703"
"20201211","01","11","    23070","JP3272600002","1199.0000","1223.0000","1199.0000","1213.0000","1206.0000","1220.0000","1205.0000","1220.0000","1199.0000","1223.0000","1199.0000","1220.0000"," ","0.0000","0.0000","19100","23121200","1210.5340"
"20201211","01","11","    23090","JP3359000001","1357.0000","1365.0000","1352.0000","1364.0000","1363.0000","1377.0000","1357.0000","1371.0000","1357.0000","1377.0000","1352.0000","1371.0000"," ","0.0000","0.0000","36100","49223000","1363.5180"
"20201211","01","11","    23110","JP3167250004","996.0000","1032.0000","996.0000","1032.0000","1032.0000","1032.0000","1018.0000","1023.0000","996.0000","1032.0000","996.0000","1023.0000"," ","0.0000","0.0000","26700","27166000","1017.4532"
"20201211","01","11","    23170","JP3351050004","2138.0000","2152.0000","2123.0000","2132.0000","2125.0000","2138.0000","2125.0000","2136.0000","2138.0000","2152.0000","2123.0000","2136.0000"," ","0.0000","0.0000","186300","397696400","2134.7096"
"20201211","01","11","    23250","JP3718600004","2028.0000","2033.0000","2010.0000","2010.0000","2020.0000","2064.0000","2019.0000","2039.0000","2028.0000","2064.0000","2010.0000","2039.0000"," ","0.0000","0.0000","10200","20722200","2031.5882"
"20201211","01","11","    23260","JP3549020000","8580.0000","8680.0000","8540.0000","8650.0000","8640.0000","8680.0000","8580.0000","8680.0000","8580.0000","8680.0000","8540.0000","8680.0000"," ","0.0000","0.0000","59300","510935000","8616.1046"
"20201211","01","11","    23270","JP3379900008","2935.0000","2949.0000","2902.0000","2918.0000","2910.0000","2939.0000","2908.0000","2939.0000","2935.0000","2949.0000","2902.0000","2939.0000"," ","0.0000","0.0000","107700","315049800","2925.2535"
"20201211","01","11","    23310","JP3431900004","5400.0000","5440.0000","5380.0000","5390.0000","5370.0000","5450.0000","5360.0000","5450.0000","5400.0000","5450.0000","5360.0000","5450.0000"," ","0.0000","0.0000","135800","735676000","5417.3490"
"20201211","01","11","    23350","JP3244950006","1252.0000","1277.0000","1251.0000","1274.0000","1277.0000","1277.0000","1259.0000","1269.0000","1252.0000","1277.0000","1251.0000","1269.0000"," ","0.0000","0.0000","102300","129316400","1264.0899"
"20201211","01","11","    23370","JP3120010008","323.0000","324.0000","316.0000","316.0000","316.0000","316.0000","314.0000","314.0000","323.0000","324.0000","314.0000","314.0000"," ","0.0000","0.0000","1564200","496847000","317.6365"
"20201211","01","11","    23520","JP3160770008","2010.0000","2068.0000","2010.0000","2068.0000","2050.0000","2066.0000","2042.0000","2066.0000","2010.0000","2068.0000","2010.0000","2066.0000"," ","0.0000","0.0000","29400","60082600","2043.6259"
"20201211","01","11","    23530","JP3728000005","145.0000","145.0000","144.0000","144.0000","144.0000","145.0000","144.0000","145.0000","145.0000","145.0000","144.0000","145.0000"," ","0.0000","0.0000","932500","134624100","144.3690"
"20201211","01","11","    23590","JP3284000001","1400.0000","1400.0000","1387.0000","1396.0000","1398.0000","1408.0000","1393.0000","1400.0000","1400.0000","1408.0000","1387.0000","1400.0000"," ","0.0000","0.0000","12000","16780200","1398.3500"
"20201211","01","11","    23710","JP3206000006","2853.0000","2909.0000","2845.0000","2891.0000","2895.0000","2906.0000","2876.0000","2896.0000","2853.0000","2909.0000","2845.0000","2896.0000"," ","0.0000","0.0000","1015400","2929392200","2884.9638"
"20201211","01","11","    23720","JP3105170009","1681.0000","1739.0000","1666.0000","1739.0000","1736.0000","1741.0000","1719.0000","1728.0000","1681.0000","1741.0000","1666.0000","1728.0000"," ","0.0000","0.0000","149400","254598500","1704.1399"
"20201211","01","11","    23740","JP3424980005","837.0000","858.0000","828.0000","857.0000","854.0000","858.0000","846.0000","858.0000","837.0000","858.0000","828.0000","858.0000"," ","0.0000","0.0000","98100","82849000","844.5362"
"20201211","01","11","    23760","JP3311350007","681.0000","681.0000","673.0000","677.0000","677.0000","679.0000","671.0000","679.0000","681.0000","681.0000","671.0000","679.0000"," ","0.0000","0.0000","14100","9561000","678.0851"
"20201211","01","11","    23780","JP3978800005","915.0000","917.0000","904.0000","911.0000","912.0000","925.0000","906.0000","925.0000","915.0000","925.0000","904.0000","925.0000"," ","0.0000","0.0000","63000","57531400","913.1968"
"20201211","01","11","    23790","JP3548640006","2745.0000","2766.0000","2706.0000","2745.0000","2736.0000","2778.0000","2723.0000","2768.0000","2745.0000","2778.0000","2706.0000","2768.0000"," ","0.0000","0.0000","327800","900707000","2747.7334"
"20201211","01","11","    23840","JP3163500006","2529.0000","2571.0000","2528.0000","2571.0000","2571.0000","2583.0000","2566.0000","2583.0000","2529.0000","2583.0000","2528.0000","2583.0000"," ","0.0000","0.0000","97200","248771900","2559.3817"
"20201211","01","11","    23890","JP3197730009","2002.0000","2017.0000","1981.0000","2010.0000","2010.0000","2017.0000","1988.0000","1992.0000","2002.0000","2017.0000","1981.0000","1992.0000"," ","0.0000","0.0000","68000","136032600","2000.4794"
"20201211","01","11","    23950","JP3379950003","663.0000","668.0000","655.0000","657.0000","657.0000","658.0000","651.0000","656.0000","663.0000","668.0000","651.0000","656.0000"," ","0.0000","0.0000","310800","204308100","657.3620"
"20201211","01","11","    23980","JP3532800004","559.0000","567.0000","558.0000","563.0000","561.0000","562.0000","556.0000","561.0000","559.0000","567.0000","556.0000","561.0000"," ","0.0000","0.0000","295800","166017400","561.2488"
"20201211","01","11","    24100","JP3244450007","964.0000","968.0000","958.0000","966.0000","963.0000","966.0000","941.0000","941.0000","964.0000","968.0000","941.0000","941.0000"," ","0.0000","0.0000","28700","27399000","954.6690"
"20201211","01","11","    24120","JP3835630009","3075.0000","3105.0000","3060.0000","3085.0000","3070.0000","3125.0000","3070.0000","3125.0000","3075.0000","3125.0000","3060.0000","3125.0000"," ","0.0000","0.0000","278100","860041500","3092.5620"
"20201211","01","11","    24130","JP3435750009","8645.0000","8976.0000","8640.0000","8953.0000","8931.0000","9047.0000","8920.0000","9041.0000","8645.0000","9047.0000","8640.0000","9041.0000"," ","0.0000","0.0000","4332500","38471777100","8879.8101"
"20201211","01","11","    24180","JP3835670005","265.0000","266.0000","258.0000","258.0000","258.0000","260.0000","258.0000","260.0000","265.0000","266.0000","258.0000","260.0000"," ","0.0000","0.0000","94700","24687300","260.6895"
"20201211","01","11","    24240","JP3830600007","392.0000","396.0000","390.0000","390.0000","390.0000","390.0000","385.0000","386.0000","392.0000","396.0000","385.0000","386.0000"," ","0.0000","0.0000","14700","5713900","388.7007"
"20201211","01","11","    24270","JP3105270007","1518.0000","1524.0000","1501.0000","1516.0000","1516.0000","1516.0000","1487.0000","1495.0000","1518.0000","1524.0000","1487.0000","1495.0000"," ","0.0000","0.0000","886500","1334946700","1505.8620"
"20201211","01","11","    24280","JP3155370004","486.0000","488.0000","481.0000","484.0000","484.0000","489.0000","483.0000","488.0000","486.0000","489.0000","481.0000","488.0000"," ","0.0000","0.0000","51400","24966900","485.7374"
"20201211","01","11","    24290","JP3990220000","2090.0000","2100.0000","2075.0000","2082.0000","2071.0000","2071.0000","2056.0000","2062.0000","2090.0000","2100.0000","2056.0000","2062.0000"," ","0.0000","0.0000","78600","163214300","2076.5178"
"20201211","01","11","    24320","JP3548610009","1948.0000","1965.0000","1942.0000","1963.0000","1958.0000","1963.0000","1948.0000","1950.0000","1948.0000","1965.0000","1942.0000","1950.0000"," ","0.0000","0.0000","747200","1459675300","1953.5269"
"20201211","01","11","    24330","JP3766550002","1465.0000","1474.0000","1425.0000","1425.0000","1423.0000","1434.0000","1417.0000","1429.0000","1465.0000","1474.0000","1417.0000","1429.0000"," ","0.0000","0.0000","830700","1194891800","1438.4156"
"20201211","01","11","    24400","JP3274180003","515.0000","534.0000","515.0000","531.0000","529.0000","532.0000","525.0000","531.0000","515.0000","534.0000","515.0000","531.0000"," ","0.0000","0.0000","580900","305787200","526.4025"
"20201211","01","11","    24450","JP3161560002","535.0000","539.0000","534.0000","534.0000","533.0000","533.0000","524.0000","526.0000","535.0000","539.0000","524.0000","526.0000"," ","0.0000","0.0000","56900","30304000","532.5835"
"20201211","01","11","    24530","JP3389670005","880.0000","892.0000","877.0000","891.0000","890.0000","896.0000","885.0000","895.0000","880.0000","896.0000","877.0000","895.0000"," ","0.0000","0.0000","46900","41570600","886.3667"
"20201211","01","11","    24610","JP3802840003","433.0000","435.0000","432.0000","432.0000","433.0000","435.0000","433.0000","435.0000","433.0000","435.0000","432.0000","435.0000"," ","0.0000","0.0000","107600","46613000","433.2063"
"20201211","01","11","    24620","JP3386120004","2039.0000","2080.0000","2034.0000","2039.0000","2039.0000","2054.0000","2030.0000","2043.0000","2039.0000","2080.0000","2030.0000","2043.0000"," ","0.0000","0.0000","14400","29529500","2050.6597"
"20201211","01","11","    24640","JP3800290003","430.0000","430.0000","425.0000","426.0000","425.0000","450.0000","425.0000","449.0000","430.0000","450.0000","425.0000","449.0000"," ","0.0000","0.0000","28400","12369600","435.5493"
"20201211","01","11","    24710","JP3163900008","741.0000","758.0000","741.0000","757.0000","757.0000","757.0000","741.0000","751.0000","741.0000","758.0000","741.0000","751.0000"," ","0.0000","0.0000","716000","537224700","750.3138"
"20201211","01","11","    24750","JP3505940001","2713.0000","2730.0000","2713.0000","2725.0000","2716.0000","2774.0000","2707.0000","2772.0000","2713.0000","2774.0000","2707.0000","2772.0000"," ","0.0000","0.0000","24900","67955100","2729.1205"
"20201211","01","11","    24770","JP3783300001","5350.0000","5390.0000","5260.0000","5370.0000","5370.0000","5380.0000","5310.0000","5370.0000","5350.0000","5390.0000","5260.0000","5370.0000"," ","0.0000","0.0000","27100","144915000","5347.4170"
"20201211","01","11","    24850","JP3539150007","409.0000","411.0000","408.0000","411.0000","409.0000","413.0000","408.0000","412.0000","409.0000","413.0000","408.0000","412.0000"," ","0.0000","0.0000","29300","12010400","409.9113"
"20201211","01","11","    24870","JP3347020004","1507.0000","1509.0000","1501.0000","1507.0000","1502.0000","1507.0000","1502.0000","1507.0000","1507.0000","1509.0000","1501.0000","1507.0000"," ","0.0000","0.0000","2500","3765100","1506.0400"
"20201211","01","11","    24890","JP3121970002","580.0000","595.0000","578.0000","591.0000","594.0000","596.0000","583.0000","590.0000","580.0000","596.0000","578.0000","590.0000"," ","0.0000","0.0000","696500","409648700","588.1532"
"20201211","01","11","    24910","JP3778390009","3440.0000","3475.0000","3420.0000","3465.0000","3455.0000","3475.0000","3455.0000","3465.0000","3440.0000","3475.0000","3420.0000","3465.0000"," ","0.0000","0.0000","61500","212638500","3457.5366"
"20201211","01","11","    24920","JP3153480003","907.0000","935.0000","907.0000","934.0000","932.0000","940.0000","916.0000","938.0000","907.0000","940.0000","907.0000","938.0000"," ","0.0000","0.0000","1545700","1432713300","926.9026"
"20201211","01","11","    25010","JP3320800000","2058.0000","2063.0000","2042.0000","2043.0000","2043.0000","2054.0000","2038.0000","2051.0000","2058.0000","2063.0000","2038.0000","2051.0000"," ","0.0000","0.0000","352600","723497500","2051.8931"
"20201211","01","11","    25020","JP3116000005","4530.0000","4546.0000","4445.0000","4472.0000","4451.0000","4501.0000","4451.0000","4474.0000","4530.0000","4546.0000","4445.0000","4474.0000"," ","0.0000","0.0000","1686700","7578024100","4492.8109"
"20201211","01","11","    25030","JP3258000003","2384.5000","2398.0000","2355.0000","2355.0000","2349.5000","2375.0000","2346.0000","2363.5000","2384.5000","2398.0000","2346.0000","2363.5000"," ","0.0000","0.0000","3852100","9130301950","2370.2142"
"20201211","01","11","    25100","JP3048610004","1001.0000","1001.0000","1000.0000","1000.0000","1001.0000","1002.0000","999.0000","1000.0000","1001.0000","1002.0000","999.0000","1000.0000"," ","0.0000","0.0000","51060","51109490","1000.9693"
"20201211","01","11","    25110","JP3048620003","1009.0000","1009.0000","1004.0000","1005.0000","1006.0000","1009.0000","1006.0000","1007.0000","1009.0000","1009.0000","1004.0000","1007.0000"," ","0.0000","0.0000","5290","5329170","1007.4045"
"20201211","01","11","    25120","JP3048630002","1060.0000","1060.0000","1058.0000","1058.0000","1058.0000","1061.0000","1058.0000","1060.0000","1060.0000","1061.0000","1058.0000","1060.0000"," ","0.0000","0.0000","86800","92007690","1059.9964"
"20201211","01","11","    25130","JP3048640001","1222.0000","1222.0000","1218.0000","1218.0000","1218.0000","1219.0000","1218.0000","1219.0000","1222.0000","1222.0000","1218.0000","1219.0000"," ","0.0000","0.0000","35850","43670670","1218.1498"
"20201211","01","11","    25140","JP3048650000","1277.0000","1277.0000","1275.0000","1276.0000","1273.0000","1274.0000","1273.0000","1274.0000","1277.0000","1277.0000","1273.0000","1274.0000"," ","0.0000","0.0000","140","178490","1274.9286"
"20201211","01","11","    25150","JP3048660009","898.0000","898.0000","896.0000","898.0000","895.0000","896.0000","892.0000","893.0000","898.0000","898.0000","892.0000","893.0000"," ","0.0000","0.0000","32470","29080280","895.6046"
"20201211","01","11","    25160","JP3048700003","897.0000","917.0000","896.0000","913.0000","914.0000","916.0000","905.0000","911.0000","897.0000","917.0000","896.0000","911.0000"," ","0.0000","0.0000","1071930","973193570","907.8891"
"20201211","01","11","    25170","JP3048710002","998.0000","1002.0000","995.0000","1002.0000","1001.0000","1001.0000","1001.0000","1001.0000","998.0000","1002.0000","995.0000","1001.0000"," ","0.0000","0.0000","2350","2348920","999.5404"
"20201211","01","11","    25180","JP3048720001","1036.0000","1040.0000","1034.0000","1036.0000","1035.0000","1041.0000","1035.0000","1038.0000","1036.0000","1041.0000","1034.0000","1038.0000"," ","0.0000","0.0000","68115","70696522","1037.8995"
"20201211","01","11","    25190","JP3048730000","1030.0000","1031.0000","1026.0000","1030.0000","1029.0000","1030.0000","1026.0000","1030.0000","1030.0000","1031.0000","1026.0000","1030.0000"," ","0.0000","0.0000","1640","1688200","1029.3902"
"20201211","01","11","    25200","JP3048740009","1129.0000","1130.0000","1129.0000","1130.0000","1127.0000","1127.0000","1122.0000","1122.0000","1129.0000","1130.0000","1122.0000","1122.0000"," ","0.0000","0.0000","970","1093190","1127.0000"
"20201211","01","11","    25210","JP3048760007","1289.0000","1289.0000","1287.0000","1288.0000","1285.0000","1286.0000","1284.0000","1286.0000","1289.0000","1289.0000","1284.0000","1286.0000"," ","0.0000","0.0000","56910","73212930","1286.4686"
"20201211","01","11","    25220","JP3048790004","3185.0000","3190.0000","3165.0000","3175.0000","3170.0000","3170.0000","3155.0000","3170.0000","3185.0000","3190.0000","3155.0000","3170.0000"," ","0.0000","0.0000","1307","4138595","3166.4843"
"20201211","01","11","    25230","JP3048800001","0.0000","0.0000","0.0000","0.0000","1696.0000","1696.0000","1696.0000","1696.0000","1696.0000","1696.0000","1696.0000","1696.0000"," ","0.0000","0.0000","10","16960","1696.0000"
"20201211","01","11","    25240","JP3048830008","1809.0000","1809.0000","1802.0000","1802.0000","0.0000","0.0000","0.0000","0.0000","1809.0000","1809.0000","1802.0000","1802.0000"," ","0.0000","0.0000","79300","143143600","1805.0895"
"20201211","01","11","    25250","JP3048840007","27060.0000","27060.0000","27060.0000","27060.0000","0.0000","0.0000","0.0000","0.0000","27060.0000","27060.0000","27060.0000","27060.0000"," ","0.0000","0.0000","2","54120","27060.0000"
"20201211","01","11","    25260","JP3048850006","16370.0000","16370.0000","16300.0000","16300.0000","16250.0000","16330.0000","16250.0000","16330.0000","16370.0000","16370.0000","16250.0000","16330.0000"," ","0.0000","0.0000","8269","134936580","16318.3674"
"20201211","01","11","    25270","JP3048860005","1011.0000","1015.0000","1011.0000","1015.0000","0.0000","0.0000","0.0000","0.0000","1011.0000","1015.0000","1011.0000","1015.0000"," ","0.0000","0.0000","30","30400","1013.3333"
"20201211","01","11","    25280","JP3048870004","995.0000","998.0000","994.0000","998.0000","997.0000","1000.0000","997.0000","1000.0000","995.0000","1000.0000","994.0000","1000.0000"," ","0.0000","0.0000","110","109790","998.0909"
"20201211","01","11","    25290","JP3048890002","953.0000","954.0000","946.0000","949.0000","948.0000","953.0000","947.0000","953.0000","953.0000","954.0000","946.0000","953.0000"," ","0.0000","0.0000","813","772125","949.7232"
"20201211","01","11","    25300","JP3048900009","12950.0000","12950.0000","12940.0000","12940.0000","12940.0000","12940.0000","12930.0000","12930.0000","12950.0000","12950.0000","12930.0000","12930.0000"," ","0.0000","0.0000","1173","15188400","12948.3376"
"20201211","01","11","    25310","JP3459600007","1276.0000","1282.0000","1267.0000","1270.0000","1265.0000","1273.0000","1265.0000","1270.0000","1276.0000","1282.0000","1265.0000","1270.0000"," ","0.0000","0.0000","522700","665527300","1273.2491"
"20201211","01","11","    25330","JP3307400006","408.0000","410.0000","405.0000","406.0000","405.0000","406.0000","403.0000","405.0000","408.0000","410.0000","403.0000","405.0000"," ","0.0000","0.0000","218400","88806600","406.6236"
"20201211","01","11","    25400","JP3953800004","1900.0000","1900.0000","1896.0000","1897.0000","1900.0000","1908.0000","1895.0000","1904.0000","1900.0000","1908.0000","1895.0000","1904.0000"," ","0.0000","0.0000","8500","16159000","1901.0588"
"20201211","01","11","    25520","JP3048910008","1800.0000","1805.0000","1796.0000","1805.0000","1804.0000","1810.0000","1804.0000","1810.0000","1800.0000","1810.0000","1796.0000","1810.0000"," ","0.0000","0.0000","505","911079","1804.1168"
"20201211","01","11","    25530","JP3048920007","1360.0000","1383.0000","1360.0000","1360.0000","1335.0000","1399.0000","1300.0000","1399.0000","1360.0000","1399.0000","1300.0000","1399.0000"," ","0.0000","0.0000","310","424970","1370.8710"
"20201211","01","11","    25540","JP3048930006","1029.0000","1029.0000","1029.0000","1029.0000","1027.0000","1028.0000","1027.0000","1027.0000","1029.0000","1029.0000","1027.0000","1027.0000"," ","0.0000","0.0000","24710","25378020","1027.0344"
"20201211","01","11","    25550","JP3048940005","1729.0000","1729.0000","1728.0000","1728.0000","1734.0000","1734.0000","1734.0000","1734.0000","1729.0000","1734.0000","1728.0000","1734.0000"," ","0.0000","0.0000","330","570310","1728.2121"
"20201211","01","11","    25560","JP3048950004","1721.0000","1731.0000","1716.0000","1726.0000","1726.0000","1738.0000","1726.0000","1738.0000","1721.0000","1738.0000","1716.0000","1738.0000"," ","0.0000","0.0000","4180","7205010","1723.6866"
"20201211","01","11","    25570","JP3048970002","0.0000","0.0000","0.0000","0.0000","0.0000","0.0000","0.0000","0.0000","0.0000","0.0000","0.0000","0.0000"," ","0.0000","0.0000","0","0","0.0000"
"20201211","01","11","    25580","JP3048980001","10920.0000","10920.0000","10880.0000","10880.0000","10870.0000","10880.0000","10860.0000","10860.0000","10920.0000","10920.0000","10860.0000","10860.0000"," ","0.0000","0.0000","6013","65512330","10895.1156"
"20201211","01","11","    25590","JP3048990000","10720.0000","10750.0000","10700.0000","10710.0000","10710.0000","10730.0000","10700.0000","10700.0000","10720.0000","10750.0000","10700.0000","10700.0000"," ","0.0000","0.0000","4492","48221110","10734.8865"
"20201211","01","11","    25600","JP3049010006","0.0000","0.0000","0.0000","0.0000","0.0000","0.0000","0.0000","0.0000","0.0000","0.0000","0.0000","0.0000"," ","0.0000","0.0000","0","0","0.0000"
"20201211","01","11","    25610","JP3049020005","2737.0000","2737.0000","2736.0000","2736.0000","2738.0000","2739.0000","2737.0000","2737.0000","2737.0000","2739.0000","2736.0000","2737.0000"," ","0.0000","0.0000","1058","2895570","2736.8336"
"20201211","01","11","    25620","JP3049030004","2604.0000","2604.0000","2603.0000","2604.0000","2597.0000","2597.0000","2595.0000","2597.0000","2604.0000","2604.0000","2595.0000","2597.0000"," ","0.0000","0.0000","38720","100787490","2602.9827"
"20201211","01","11","    25630","JP3049040003","2383.0000","2384.0000","2380.0000","2381.0000","2376.0000","2378.0000","2374.0000","2377.0000","2383.0000","2384.0000","2374.0000","2377.0000"," ","0.0000","0.0000","10038","23880574","2379.0171"
"20201211","01","11","    25640","JP3049050002","1595.0000","1595.0000","1589.0000","1590.0000","1590.0000","1595.0000","1590.0000","1595.0000","1595.0000","1595.0000","1589.0000","1595.0000"," ","0.0000","0.0000","272","432600","1590.4412"
"20201211","01","11","    25650","JP3049060001","991.0000","991.0000","981.0000","989.0000","989.0000","995.0000","988.0000","994.0000","991.0000","995.0000","981.0000","994.0000"," ","0.0000","0.0000","6443","6366653","988.1504"
"20201211","01","11","    25660","JP3049070000","956.0000","957.0000","954.0000","955.0000","0.0000","0.0000","0.0000","0.0000","956.0000","957.0000","954.0000","955.0000"," ","0.0000","0.0000","300","286850","956.1667"
"20201211","01","11","    25670","JP3049080009","231.0000","231.0000","228.0000","228.0000","229.0000","237.0000","229.0000","236.0000","231.0000","237.0000","228.0000","236.0000"," ","0.0000","0.0000","8190","1917130","234.0818"
"20201211","01","11","    25680","JP3049090008","2227.0000","2227.0000","2216.0000","2216.0000","2215.0000","2219.0000","2213.0000","2215.0000","2227.0000","2227.0000","2213.0000","2215.0000"," ","0.0000","0.0000","28200","62567650","2218.7110"
"20201211","01","11","    25690","JP3049100005","2238.0000","2239.0000","2231.0000","2233.0000","2230.0000","2233.0000","2230.0000","2232.0000","2238.0000","2239.0000","2230.0000","2232.0000"," ","0.0000","0.0000","5890","13164900","2235.1273"
"20201211","01","11","    25790","JP3293200006","1622.0000","1638.0000","1616.0000","1621.0000","1616.0000","1621.0000","1601.0000","1607.0000","1622.0000","1638.0000","1601.0000","1607.0000"," ","0.0000","0.0000","572200","925016900","1616.5972"
"20201211","01","11","    25870","JP3336560002","3850.0000","3875.0000","3850.0000","3860.0000","3865.0000","3875.0000","3855.0000","3870.0000","3850.0000","3875.0000","3850.0000","3870.0000"," ","0.0000","0.0000","335200","1294505500","3861.8899"
"20201211","01","11","    25900","JP3488400007","5670.0000","5760.0000","5670.0000","5730.0000","5730.0000","5790.0000","5710.0000","5790.0000","5670.0000","5790.0000","5670.0000","5790.0000"," ","0.0000","0.0000","53400","306423000","5738.2584"
"20201211","01","11","    25930","JP3143000002","7030.0000","7040.0000","6920.0000","6920.0000","6920.0000","6960.0000","6890.0000","6950.0000","7030.0000","7040.0000","6890.0000","6950.0000"," ","0.0000","0.0000","270600","1884808000","6965.2919"
"20201211","01","11","    25935","JP3143000101","2155.0000","2155.0000","2135.0000","2136.0000","2134.0000","2144.0000","2131.0000","2140.0000","2155.0000","2155.0000","2131.0000","2140.0000"," ","0.0000","0.0000","10000","21400700","2140.0700"
"20201211","01","11","    25940","JP3236300004","2153.0000","2168.0000","2147.0000","2166.0000","2163.0000","2181.0000","2161.0000","2181.0000","2153.0000","2181.0000","2147.0000","2181.0000"," ","0.0000","0.0000","29800","64501800","2164.4899"
"20201211","01","11","    25970","JP3950820005","1200.0000","1205.0000","1200.0000","1205.0000","1205.0000","1214.0000","1202.0000","1212.0000","1200.0000","1214.0000","1200.0000","1212.0000"," ","0.0000","0.0000","26800","32262300","1203.8172"
"20201211","01","11","    25990","JP3389650007","1238.0000","1238.0000","1219.0000","1230.0000","1229.0000","1229.0000","1223.0000","1228.0000","1238.0000","1238.0000","1219.0000","1228.0000"," ","0.0000","0.0000","6500","8015600","1233.1692"
"20201211","01","11","    26020","JP3677200002","3060.0000","3060.0000","3035.0000","3045.0000","3050.0000","3050.0000","3020.0000","3035.0000","3060.0000","3060.0000","3020.0000","3035.0000"," ","0.0000","0.0000","86600","264075000","3049.3649"
"20201211","01","11","    26070","JP3816400000","2824.0000","2850.0000","2820.0000","2845.0000","2853.0000","2890.0000","2852.0000","2887.0000","2824.0000","2890.0000","2820.0000","2887.0000"," ","0.0000","0.0000","215800","617536700","2861.6158"
"20201211","01","11","    26120","JP3214400008","3910.0000","3910.0000","3910.0000","3910.0000","3915.0000","3925.0000","3910.0000","3910.0000","3910.0000","3925.0000","3910.0000","3910.0000"," ","0.0000","0.0000","1800","7040500","3911.3889"
"20201211","01","11","    26130","JP3840000008","3525.0000","3545.0000","3490.0000","3495.0000","3490.0000","3520.0000","3490.0000","3520.0000","3525.0000","3545.0000","3490.0000","3520.0000"," ","0.0000","0.0000","27700","97290000","3512.2744"
"20201211","01","11","    26200","JP3049120003","2495.0000","2495.0000","2470.0000","2477.0000","0.0000","0.0000","0.0000","0.0000","2495.0000","2495.0000","2470.0000","2477.0000"," ","0.0000","0.0000","806","1990880","2470.0744"
"20201211","01","11","    26210","JP3049130002","2456.0000","2456.0000","2450.0000","2452.0000","2454.0000","2455.0000","2448.0000","2455.0000","2456.0000","2456.0000","2448.0000","2455.0000"," ","0.0000","0.0000","381","933914","2451.2178"
"20201211","01","11","    26220","JP3049140001","2607.0000","2607.0000","2607.0000","2607.0000","0.0000","0.0000","0.0000","0.0000","2607.0000","2607.0000","2607.0000","2607.0000"," ","0.0000","0.0000","4","10428","2607.0000"
"20201211","01","11","    26230","JP3049150000","2556.0000","2556.0000","2556.0000","2556.0000","2544.0000","2544.0000","2544.0000","2544.0000","2556.0000","2556.0000","2544.0000","2544.0000"," ","0.0000","0.0000","2","5100","2550.0000"
"20201211","01","11","    26240","JP3049160009","2679.0000","2679.0000","2657.0000","2662.0000","2662.0000","2665.0000","2662.0000","2665.0000","2679.0000","2679.0000","2657.0000","2665.0000"," ","0.0000","0.0000","4014","10719242","2670.4639"
"20201211","01","11","    26250","JP3049170008","1781.0000","1781.0000","1774.0000","1777.0000","1778.0000","1785.0000","1778.0000","1781.0000","1781.0000","1785.0000","1774.0000","1781.0000"," ","0.0000","0.0000","4340","7724634","1779.8696"
"20201211","01","11","    26510","JP3982100004","4815.0000","4835.0000","4730.0000","4735.0000","4730.0000","4775.0000","4730.0000","4775.0000","4815.0000","4835.0000","4730.0000","4775.0000"," ","0.0000","0.0000","279500","1332251500","4766.5528"
"20201211","01","11","    26590","JP3324500002","4105.0000","4200.0000","4105.0000","4175.0000","4175.0000","4245.0000","4165.0000","4225.0000","4105.0000","4245.0000","4105.0000","4225.0000"," ","0.0000","0.0000","53100","222328000","4186.9680"
"20201211","01","11","    26640","JP3226450009","2916.0000","2939.0000","2900.0000","2914.0000","2908.0000","2933.0000","2902.0000","2932.0000","2916.0000","2939.0000","2900.0000","2932.0000"," ","0.0000","0.0000","121800","355446600","2918.2808"
"20201211","01","11","    26700","JP3152740001","5460.0000","5520.0000","5440.0000","5510.0000","5500.0000","5560.0000","5490.0000","5510.0000","5460.0000","5560.0000","5440.0000","5510.0000"," ","0.0000","0.0000","247900","1364612000","5504.6874"
"20201211","01","11","    26740","JP3765120005","708.0000","718.0000","706.0000","717.0000","719.0000","723.0000","717.0000","723.0000","708.0000","723.0000","706.0000","723.0000"," ","0.0000","0.0000","48200","34484600","715.4481"
"20201211","01","11","    26760","JP3457710006","1138.0000","1142.0000","1138.0000","1142.0000","1140.0000","1150.0000","1140.0000","1149.0000","1138.0000","1150.0000","1138.0000","1149.0000"," ","0.0000","0.0000","10700","12204400","1140.5981"
"20201211","01","11","    26780","JP3119920001","4200.0000","4280.0000","4195.0000","4280.0000","4245.0000","4305.0000","4235.0000","4275.0000","4200.0000","4305.0000","4195.0000","4275.0000"," ","0.0000","0.0000","156100","665183500","4261.2652"
"20201211","01","11","    26810","JP3282400005","1234.0000","1259.0000","1234.0000","1251.0000","1251.0000","1260.0000","1245.0000","1260.0000","1234.0000","1260.0000","1234.0000","1260.0000"," ","0.0000","0.0000","171200","214112800","1250.6589"
"20201211","01","11","    26850","JP3856000009","1872.0000","1907.0000","1858.0000","1902.0000","1899.0000","1901.0000","1881.0000","1881.0000","1872.0000","1907.0000","1858.0000","1881.0000"," ","0.0000","0.0000","223800","421623000","1883.9276"
"20201211","01","11","    26860","JP3536900008","415.0000","415.0000","411.0000","411.0000","410.0000","415.0000","410.0000","415.0000","415.0000","415.0000","410.0000","415.0000"," ","0.0000","0.0000","46200","19071400","412.8009"
"20201211","01","11","    26870","JP3346250008","418.0000","420.0000","418.0000","418.0000","419.0000","419.0000","419.0000","419.0000","418.0000","420.0000","418.0000","419.0000"," ","0.0000","0.0000","1800","752800","418.2222"
"20201211","01","11","    26890","JP3226700007","1420.0000","1420.0000","1412.0000","1412.0000","1418.0000","1429.0000","1418.0000","1429.0000","1420.0000","1429.0000","1412.0000","1429.0000"," ","0.0000","0.0000","3000","4264000","1421.3333"
"20201211","01","11","    26920","JP3143700007","5460.0000","5460.0000","5400.0000","5430.0000","5440.0000","5530.0000","5440.0000","5530.0000","5460.0000","5530.0000","5400.0000","5530.0000"," ","0.0000","0.0000","8600","47008000","5466.0465"
"20201211","01","11","    26950","JP3268200007","6640.0000","6750.0000","6600.0000","6740.0000","6740.0000","6830.0000","6730.0000","6830.0000","6640.0000","6830.0000","6600.0000","6830.0000"," ","0.0000","0.0000","200300","1347863000","6729.2212"
"20201211","01","11","    26980","JP3244550004","1880.0000","1890.0000","1876.0000","1883.0000","1883.0000","1910.0000","1880.0000","1910.0000","1880.0000","1910.0000","1876.0000","1910.0000"," ","0.0000","0.0000","34600","65452100","1891.6792"
"20201211","01","11","    27150","JP3457690000","1017.0000","1024.0000","1012.0000","1022.0000","1013.0000","1043.0000","1013.0000","1043.0000","1017.0000","1043.0000","1012.0000","1043.0000"," ","0.0000","0.0000","47400","48542500","1024.1034"
"20201211","01","11","    27220","JP3101100000","892.0000","909.0000","889.0000","907.0000","907.0000","910.0000","900.0000","909.0000","892.0000","910.0000","889.0000","909.0000"," ","0.0000","0.0000","61100","55091700","901.6645"
"20201211","01","11","    27260","JP3781650001","1205.0000","1220.0000","1205.0000","1214.0000","1214.0000","1222.0000","1205.0000","1213.0000","1205.0000","1222.0000","1205.0000","1213.0000"," ","0.0000","0.0000","165600","200953300","1213.4861"
"20201211","01","11","    27290","JP3390250003","1351.0000","1355.0000","1347.0000","1350.0000","1354.0000","1355.0000","1350.0000","1350.0000","1351.0000","1355.0000","1347.0000","1350.0000"," ","0.0000","0.0000","11600","15665900","1350.5086"
"20201211","01","11","    27300","JP3164470001","1010.0000","1011.0000","1000.0000","1004.0000","1004.0000","1014.0000","1001.0000","1014.0000","1010.0000","1014.0000","1000.0000","1014.0000"," ","0.0000","0.0000","436400","439502400","1007.1091"
"20201211","01","11","    27330","JP3125100002","5090.0000","5110.0000","5000.0000","5020.0000","5030.0000","5060.0000","5020.0000","5050.0000","5090.0000","5110.0000","5000.0000","5050.0000"," ","0.0000","0.0000","62400","316216000","5067.5641"
"20201211","01","11","    27340","JP3310350008","563.0000","568.0000","562.0000","568.0000","568.0000","573.0000","566.0000","572.0000","563.0000","573.0000","562.0000","572.0000"," ","0.0000","0.0000","93200","52805000","566.5773"
"20201211","01","11","    27350","JP3993950009","818.0000","839.0000","814.0000","836.0000","836.0000","843.0000","832.0000","843.0000","818.0000","843.0000","814.0000","843.0000"," ","0.0000","0.0000","63900","53217400","832.8232"
"20201211","01","11","    27370","JP3553900006","3350.0000","3350.0000","3300.0000","3315.0000","3315.0000","3340.0000","3315.0000","3340.0000","3350.0000","3350.0000","3300.0000","3340.0000"," ","0.0000","0.0000","5100","16964000","3326.2745"
"20201211","01","11","    27420","JP3773750009","3515.0000","3565.0000","3515.0000","3560.0000","3560.0000","3635.0000","3560.0000","3635.0000","3515.0000","3635.0000","3515.0000","3635.0000"," ","0.0000","0.0000","14900","53130000","3565.7718"
"20201211","01","11","    27490","JP3386190007","283.0000","288.0000","283.0000","287.0000","287.0000","290.0000","286.0000","290.0000","283.0000","290.0000","283.0000","290.0000"," ","0.0000","0.0000","172200","49337400","286.5122"
"20201211","01","11","    27520","JP3807770007","1380.0000","1382.0000","1359.0000","1364.0000","1362.0000","1366.0000","1357.0000","1360.0000","1380.0000","1382.0000","1357.0000","1360.0000"," ","0.0000","0.0000","95200","130009000","1365.6408"
"20201211","01","11","    27530","JP3124450002","2871.0000","2876.0000","2863.0000","2867.0000","2863.0000","2889.0000","2863.0000","2885.0000","2871.0000","2889.0000","2863.0000","2885.0000"," ","0.0000","0.0000","7100","20402600","2873.6056"
"20201211","01","11","    27600","JP3571600000","3135.0000","3150.0000","3120.0000","3130.0000","3135.0000","3150.0000","3115.0000","3140.0000","3135.0000","3150.0000","3115.0000","3140.0000"," ","0.0000","0.0000","21500","67316500","3131.0000"
"20201211","01","11","    27640","JP3796000002","173.0000","174.0000","170.0000","173.0000","172.0000","174.0000","172.0000","174.0000","173.0000","174.0000","170.0000","174.0000"," ","0.0000","0.0000","107200","18481800","172.4049"
"20201211","01","11","    27670","JP3802680003","393.0000","394.0000","386.0000","393.0000","393.0000","393.0000","389.0000","391.0000","393.0000","394.0000","386.0000","391.0000"," ","0.0000","0.0000","112400","43907800","390.6388"
"20201211","01","11","    27680","JP3663900003","234.0000","236.0000","233.0000","233.0000","233.0000","236.0000","232.0000","235.0000","234.0000","236.0000","232.0000","235.0000"," ","0.0000","0.0000","6316300","1478700900","234.1087"
"20201211","01","11","    27840","JP3126340003","2043.0000","2069.0000","2020.0000","2056.0000","2046.0000","2071.0000","2044.0000","2069.0000","2043.0000","2071.0000","2020.0000","2069.0000"," ","0.0000","0.0000","713100","1463008400","2051.6174"
"20201211","01","11","    27910","JP3483050005","5830.0000","6030.0000","5810.0000","5970.0000","5930.0000","5990.0000","5910.0000","5970.0000","5830.0000","6030.0000","5810.0000","5970.0000"," ","0.0000","0.0000","59800","356001000","5953.1940"
"20201211","01","11","    27920","JP3770080004","925.0000","926.0000","917.0000","920.0000","919.0000","931.0000","917.0000","931.0000","925.0000","931.0000","917.0000","931.0000"," ","0.0000","0.0000","230200","212221700","921.9014"
"20201211","01","11","    27960","JP3802320006","776.0000","783.0000","776.0000","783.0000","782.0000","782.0000","778.0000","778.0000","776.0000","783.0000","776.0000","778.0000"," ","0.0000","0.0000","5600","4356800","778.0000"
"20201211","01","11","    28010","JP3240400006","6550.0000","6580.0000","6470.0000","6510.0000","6500.0000","6560.0000","6490.0000","6530.0000","6550.0000","6580.0000","6470.0000","6530.0000"," ","0.0000","0.0000","586100","3831424000","6537.1507"
"20201211","01","11","    28020","JP3119600009","2267.5000","2330.0000","2267.5000","2315.5000","2303.5000","2349.5000","2303.5000","2345.5000","2267.5000","2349.5000","2267.5000","2345.5000"," ","0.0000","0.0000","2840900","6574744550","2314.3175"
"20201211","01","11","    28090","JP3244800003","2155.0000","2167.0000","2149.0000","2152.0000","2152.0000","2184.0000","2150.0000","2184.0000","2155.0000","2184.0000","2149.0000","2184.0000"," ","0.0000","0.0000","278900","603772300","2164.8343"
"20201211","01","11","    28100","JP3765400001","3840.0000","3900.0000","3830.0000","3875.0000","3875.0000","3935.0000","3855.0000","3925.0000","3840.0000","3935.0000","3830.0000","3925.0000"," ","0.0000","0.0000","322200","1250766000","3881.9553"
"20201211","01","11","    28110","JP3208200000","3715.0000","3735.0000","3710.0000","3720.0000","3715.0000","3760.0000","3715.0000","3760.0000","3715.0000","3760.0000","3710.0000","3760.0000"," ","0.0000","0.0000","149300","556842500","3729.6885"
"20201211","01","11","    28120","JP3930100007","1002.0000","1002.0000","996.0000","1001.0000","1001.0000","1002.0000","999.0000","1000.0000","1002.0000","1002.0000","996.0000","1000.0000"," ","0.0000","0.0000","6100","6109500","1001.5574"
"20201211","01","11","    28150","JP3125800007","7150.0000","7190.0000","7120.0000","7150.0000","7130.0000","7160.0000","7090.0000","7140.0000","7150.0000","7190.0000","7090.0000","7140.0000"," ","0.0000","0.0000","46100","329324000","7143.6876"
"20201211","01","11","    28180","JP3801590005","1700.0000","1702.0000","1700.0000","1700.0000","1700.0000","1701.0000","1700.0000","1701.0000","1700.0000","1702.0000","1700.0000","1701.0000"," ","0.0000","0.0000","2900","4931800","1700.6207"
"20201211","01","11","    28190","JP3165930003","2446.0000","2449.0000","2414.0000","2448.0000","2448.0000","2448.0000","2424.0000","2433.0000","2446.0000","2449.0000","2414.0000","2433.0000"," ","0.0000","0.0000","7400","18043400","2438.2973"
"20201211","01","11","    28200","JP3943100002","2059.0000","2093.0000","2046.0000","2081.0000","2064.0000","2142.0000","2064.0000","2142.0000","2059.0000","2142.0000","2046.0000","2142.0000"," ","0.0000","0.0000","16900","35567400","2104.5799"
"20201211","01","11","    28710","JP3665200006","2781.0000","2793.0000","2744.0000","2746.0000","2751.0000","2789.0000","2743.0000","2789.0000","2781.0000","2793.0000","2743.0000","2789.0000"," ","0.0000","0.0000","434200","1206007200","2777.5385"
"20201211","01","11","    28740","JP3957000007","863.0000","866.0000","847.0000","852.0000","852.0000","861.0000","851.0000","859.0000","863.0000","866.0000","847.0000","859.0000"," ","0.0000","0.0000","157300","134692900","856.2804"
"20201211","01","11","    28750","JP3613000003","5180.0000","5220.0000","5170.0000","5200.0000","5190.0000","5240.0000","5170.0000","5230.0000","5180.0000","5240.0000","5170.0000","5230.0000"," ","0.0000","0.0000","338400","1760614000","5202.7600"
"20201211","01","11","    28820","JP3130740008","1850.0000","1870.0000","1841.0000","1860.0000","1860.0000","1886.0000","1860.0000","1880.0000","1850.0000","1886.0000","1841.0000","1880.0000"," ","0.0000","0.0000","17100","31856100","1862.9298"
"20201211","01","11","    28830","JP3500150002","1964.0000","1969.0000","1960.0000","1965.0000","1965.0000","1971.0000","1952.0000","1954.0000","1964.0000","1971.0000","1952.0000","1954.0000"," ","0.0000","0.0000","7100","13920400","1960.6197"
"20201211","01","11","    28840","JP3958400008","819.0000","822.0000","810.0000","817.0000","814.0000","819.0000","810.0000","818.0000","819.0000","822.0000","810.0000","818.0000"," ","0.0000","0.0000","63700","51970500","815.8634"
"20201211","01","11","    28970","JP3675600005","8720.0000","8760.0000","8670.0000","8670.0000","8660.0000","8780.0000","8660.0000","8780.0000","8720.0000","8780.0000","8660.0000","8780.0000"," ","0.0000","0.0000","215800","1884794000","8733.9852"
"20201211","01","11","    28990","JP3648200008","2288.0000","2288.0000","2261.0000","2270.0000","2275.0000","2317.0000","2272.0000","2317.0000","2288.0000","2317.0000","2261.0000","2317.0000"," ","0.0000","0.0000","35600","81543100","2290.5365"
"20201211","01","11","    29040","JP3142200009","1170.0000","1171.0000","1166.0000","1166.0000","1167.0000","1177.0000","1167.0000","1177.0000","1170.0000","1177.0000","1166.0000","1177.0000"," ","0.0000","0.0000","8900","10419000","1170.6742"
"20201211","01","11","    29080","JP3818700001","2011.0000","2045.0000","2010.0000","2036.0000","2036.0000","2043.0000","2029.0000","2037.0000","2011.0000","2045.0000","2010.0000","2037.0000"," ","0.0000","0.0000","78700","159666900","2028.8043"
"20201211","01","11","    29100","JP3984200000","1620.0000","1627.0000","1608.0000","1616.0000","1609.0000","1639.0000","1606.0000","1633.0000","1620.0000","1639.0000","1606.0000","1633.0000"," ","0.0000","0.0000","57900","93951300","1622.6477"
"20201211","01","11","    29140","JP3726800000","2165.0000","2174.5000","2160.5000","2167.5000","2166.0000","2172.5000","2164.5000","2172.0000","2165.0000","2174.5000","2160.5000","2172.0000"," ","0.0000","0.0000","4308500","9338633550","2167.4907"
"20201211","01","11","    29150","JP3281850002","1921.0000","1921.0000","1878.0000","1878.0000","1871.0000","1881.0000","1864.0000","1881.0000","1921.0000","1921.0000","1864.0000","1881.0000"," ","0.0000","0.0000","17100","32390400","1894.1754"
"20201211","01","11","    29180","JP3994400004","1416.0000","1424.0000","1416.0000","1424.0000","1425.0000","1432.0000","1423.0000","1432.0000","1416.0000","1432.0000","1416.0000","1432.0000"," ","0.0000","0.0000","36700","52271500","1424.2916"
"20201211","01","11","    29220","JP3651060000","1924.0000","1958.0000","1924.0000","1946.0000","1946.0000","1948.0000","1931.0000","1931.0000","1924.0000","1958.0000","1924.0000","1931.0000"," ","0.0000","0.0000","18200","35233000","1935.8791"
"20201211","01","11","    29240","JP3148950003","820.0000","835.0000","820.0000","832.0000","832.0000","833.0000","830.0000","833.0000","820.0000","835.0000","820.0000","833.0000"," ","0.0000","0.0000","12800","10601400","828.2344"
"20201211","01","11","    29250","JP3801800008","3185.0000","3220.0000","3125.0000","3220.0000","3220.0000","3245.0000","3175.0000","3215.0000","3185.0000","3245.0000","3125.0000","3215.0000"," ","0.0000","0.0000","37400","119630500","3198.6765"
"20201211","01","11","    29300","JP3240100002","483.0000","487.0000","479.0000","482.0000","482.0000","491.0000","482.0000","491.0000","483.0000","491.0000","479.0000","491.0000"," ","0.0000","0.0000","552600","267818500","484.6516"
"20201211","01","11","    29310","JP3944370000","785.0000","799.0000","785.0000","792.0000","790.0000","790.0000","785.0000","788.0000","785.0000","799.0000","785.0000","788.0000"," ","0.0000","0.0000","488200","385866600","790.3863"
"20201211","01","11","    29710","JP3048810000","111600.0000","111600.0000","110800.0000","111200.0000","111200.0000","112300.0000","111000.0000","112300.0000","111600.0000","112300.0000","110800.0000","112300.0000"," ","0.0000","0.0000","883","98481600","111530.6908"
"20201211","01","11","    29720","JP3048880003","95200.0000","96600.0000","95200.0000","96300.0000","96500.0000","96600.0000","95900.0000","95900.0000","95200.0000","96600.0000","95200.0000","95900.0000"," ","0.0000","0.0000","1249","119624900","95776.5412"
"20201211","01","11","    29750","JP3399340003","1382.0000","1393.0000","1374.0000","1393.0000","1393.0000","1403.0000","1392.0000","1400.0000","1382.0000","1403.0000","1374.0000","1400.0000"," ","0.0000","0.0000","33300","46188900","1387.0541"
"20201211","01","11","    29790","JP3048960003","119500.0000","119800.0000","118600.0000","119200.0000","119400.0000","120800.0000","119400.0000","120400.0000","119500.0000","120800.0000","118600.0000","120400.0000"," ","0.0000","0.0000","4025","482868300","119967.2795"
"20201211","01","11","    29820","JP3160560003","160.0000","160.0000","159.0000","160.0000","159.0000","161.0000","159.0000","161.0000","160.0000","161.0000","159.0000","161.0000"," ","0.0000","0.0000","112100","17934100","159.9831"
"20201211","01","11","    30010","JP3211400001","1396.0000","1418.0000","1396.0000","1407.0000","1407.0000","1415.0000","1405.0000","1413.0000","1396.0000","1418.0000","1396.0000","1413.0000"," ","0.0000","0.0000","96300","135260900","1404.5784"
"20201211","01","11","    30020","JP3275200008","3490.0000","3490.0000","3430.0000","3445.0000","3445.0000","3510.0000","3430.0000","3495.0000","3490.0000","3510.0000","3430.0000","3495.0000"," ","0.0000","0.0000","101400","352039000","3471.7850"
"20201211","01","11","    30030","JP3360800001","1106.0000","1120.0000","1104.0000","1115.0000","1115.0000","1120.0000","1114.0000","1116.0000","1106.0000","1120.0000","1104.0000","1116.0000"," ","0.0000","0.0000","1144400","1273975100","1113.2254"
"20201211","01","11","    30040","JP3370400008","640.0000","650.0000","635.0000","650.0000","652.0000","744.0000","652.0000","744.0000","640.0000","744.0000","635.0000","744.0000"," ","0.0000","0.0000","100300","72132500","719.1675"
"20201211","01","11","    30230","JP3967450002","903.0000","905.0000","898.0000","900.0000","901.0000","907.0000","898.0000","905.0000","903.0000","907.0000","898.0000","905.0000"," ","0.0000","0.0000","27400","24739400","902.8978"
"20201211","01","11","    30280","JP3126470008","2359.0000","2408.0000","2350.0000","2408.0000","2422.0000","2439.0000","2397.0000","2427.0000","2359.0000","2439.0000","2350.0000","2427.0000"," ","0.0000","0.0000","494400","1180333200","2387.4053"
"20201211","01","11","    30300","JP3770350001","570.0000","570.0000","558.0000","559.0000","559.0000","573.0000","558.0000","573.0000","570.0000","573.0000","558.0000","573.0000"," ","0.0000","0.0000","32500","18354500","564.7538"
"20201211","01","11","    30310","JP3967050000","1780.0000","1810.0000","1759.0000","1807.0000","1800.0000","1809.0000","1790.0000","1803.0000","1780.0000","1810.0000","1759.0000","1803.0000"," ","0.0000","0.0000","695100","1246545400","1793.3325"
"20201211","01","11","    30340","JP3266160005","1118.0000","1124.0000","1112.0000","1113.0000","1111.0000","1119.0000","1108.0000","1116.0000","1118.0000","1124.0000","1108.0000","1116.0000"," ","0.0000","0.0000","135200","150762100","1115.1043"
"20201211","01","11","    30360","JP3126210008","1477.0000","1477.0000","1450.0000","1451.0000","1441.0000","1463.0000","1438.0000","1455.0000","1477.0000","1477.0000","1438.0000","1455.0000"," ","0.0000","0.0000","68900","100373700","1456.8026"
"20201211","01","11","    30380","JP3291200008","3460.0000","3520.0000","3440.0000","3470.0000","3465.0000","3475.0000","3420.0000","3450.0000","3460.0000","3520.0000","3420.0000","3450.0000"," ","0.0000","0.0000","2008200","6952901500","3462.2555"
"20201211","01","11","    30400","JP3436300002","1896.0000","1928.0000","1896.0000","1924.0000","1924.0000","1934.0000","1904.0000","1934.0000","1896.0000","1934.0000","1896.0000","1934.0000"," ","0.0000","0.0000","80300","153682800","1913.8580"
"20201211","01","11","    30460","JP3386110005","6740.0000","6800.0000","6740.0000","6770.0000","6760.0000","6780.0000","6650.0000","6760.0000","6740.0000","6800.0000","6650.0000","6760.0000"," ","0.0000","0.0000","45900","309433000","6741.4597"
"20201211","01","11","    30480","JP3800390001","1090.0000","1099.0000","1088.0000","1095.0000","1095.0000","1105.0000","1093.0000","1105.0000","1090.0000","1105.0000","1088.0000","1105.0000"," ","0.0000","0.0000","328300","359685100","1095.5988"
"20201211","01","11","    30500","JP3548660004","1165.0000","1170.0000","1154.0000","1157.0000","1159.0000","1188.0000","1156.0000","1188.0000","1165.0000","1188.0000","1154.0000","1188.0000"," ","0.0000","0.0000","695900","817878700","1175.2819"
"20201211","01","11","    30530","JP3836400006","300.0000","300.0000","294.0000","298.0000","297.0000","299.0000","296.0000","298.0000","300.0000","300.0000","294.0000","298.0000"," ","0.0000","0.0000","213500","63366800","296.8000"
"20201211","01","11","    30540","JP3765220003","595.0000","604.0000","594.0000","602.0000","600.0000","605.0000","596.0000","599.0000","595.0000","605.0000","594.0000","599.0000"," ","0.0000","0.0000","66100","39636200","599.6399"
"20201211","01","11","    30640","JP3922950005","5300.0000","5400.0000","5260.0000","5390.0000","5380.0000","5430.0000","5360.0000","5400.0000","5300.0000","5430.0000","5260.0000","5400.0000"," ","0.0000","0.0000","1427300","7657631000","5365.1167"
"20201211","01","11","    30670","JP3570800007","613.0000","613.0000","601.0000","609.0000","610.0000","613.0000","610.0000","611.0000","613.0000","613.0000","601.0000","611.0000"," ","0.0000","0.0000","17000","10362200","609.5412"
"20201211","01","11","    30730","JP3499650004","600.0000","602.0000","593.0000","600.0000","599.0000","600.0000","593.0000","597.0000","600.0000","602.0000","593.0000","597.0000"," ","0.0000","0.0000","164600","98364900","597.5996"
"20201211","01","11","    30760","JP3105090009","2191.0000","2197.0000","2153.0000","2158.0000","2153.0000","2177.0000","2149.0000","2177.0000","2191.0000","2197.0000","2149.0000","2177.0000"," ","0.0000","0.0000","141400","307036400","2171.4031"
"20201211","01","11","    30790","JP3548710007","1041.0000","1041.0000","1033.0000","1035.0000","1024.0000","1055.0000","1024.0000","1050.0000","1041.0000","1055.0000","1024.0000","1050.0000"," ","0.0000","0.0000","9100","9496800","1043.6044"
"20201211","01","11","    30820","JP3240300008","670.0000","670.0000","665.0000","667.0000","667.0000","675.0000","667.0000","673.0000","670.0000","675.0000","665.0000","673.0000"," ","0.0000","0.0000","18800","12600500","670.2394"
"20201211","01","11","    30850","JP3100090004","2108.0000","2118.0000","2104.0000","2105.0000","2107.0000","2119.0000","2104.0000","2118.0000","2108.0000","2119.0000","2104.0000","2118.0000"," ","0.0000","0.0000","66600","140499500","2109.6021"
"20201211","01","11","    30860","JP3386380004","892.0000","897.0000","874.0000","877.0000","876.0000","884.0000","873.0000","884.0000","892.0000","897.0000","873.0000","884.0000"," ","0.0000","0.0000","1417800","1251648600","882.8104"
"20201211","01","11","    30870","JP3639100001","1510.0000","1513.0000","1494.0000","1494.0000","1494.0000","1501.0000","1490.0000","1501.0000","1510.0000","1513.0000","1490.0000","1501.0000"," ","0.0000","0.0000","153000","229340700","1498.9588"
"20201211","01","11","    30880","JP3869010003","4630.0000","4670.0000","4585.0000","4590.0000","4580.0000","4625.0000","4580.0000","4625.0000","4630.0000","4670.0000","4580.0000","4625.0000"," ","0.0000","0.0000","345400","1593847500","4614.4977"
"20201211","01","11","    30910","JP3831550003","2408.0000","2440.0000","2408.0000","2434.0000","2434.0000","2441.0000","2428.0000","2438.0000","2408.0000","2441.0000","2408.0000","2438.0000"," ","0.0000","0.0000","45600","110724200","2428.1623"
"20201211","01","11","    30920","JP3399310006","2674.0000","2742.0000","2664.0000","2727.0000","2724.0000","2724.0000","2698.0000","2707.0000","2674.0000","2742.0000","2664.0000","2707.0000"," ","0.0000","0.0000","1495100","4048182400","2707.6332"
"20201211","01","11","    30930","JP3637270004","679.0000","690.0000","676.0000","687.0000","682.0000","686.0000","681.0000","686.0000","679.0000","690.0000","676.0000","686.0000"," ","0.0000","0.0000","19400","13251400","683.0619"
"20201211","01","11","    30970","JP3922930007","12630.0000","12980.0000","12620.0000","12940.0000","12990.0000","12990.0000","12760.0000","12930.0000","12630.0000","12990.0000","12620.0000","12930.0000"," ","0.0000","0.0000","60500","776025000","12826.8595"
"20201211","01","11","    30980","JP3297330007","7800.0000","7970.0000","7800.0000","7920.0000","7920.0000","7950.0000","7890.0000","7940.0000","7800.0000","7970.0000","7800.0000","7940.0000"," ","0.0000","0.0000","48400","382247000","7897.6653"
"20201211","01","11","    30990","JP3894900004","610.0000","617.0000","602.0000","607.0000","607.0000","617.0000","605.0000","616.0000","610.0000","617.0000","602.0000","616.0000"," ","0.0000","0.0000","4455200","2724085300","611.4395"
"20201211","01","11","    31010","JP3619800000","1339.0000","1349.0000","1327.0000","1331.0000","1331.0000","1341.0000","1329.0000","1338.0000","1339.0000","1349.0000","1327.0000","1338.0000"," ","0.0000","0.0000","290700","388516700","1336.4868"
"20201211","01","11","    31030","JP3951200009","395.0000","398.0000","391.0000","394.0000","394.0000","399.0000","393.0000","399.0000","395.0000","399.0000","391.0000","399.0000"," ","0.0000","0.0000","494100","195569900","395.8104"
"20201211","01","11","    31040","JP3820800005","3820.0000","3820.0000","3710.0000","3710.0000","3735.0000","3805.0000","3720.0000","3805.0000","3820.0000","3820.0000","3710.0000","3805.0000"," ","0.0000","0.0000","21600","81541000","3775.0463"
"20201211","01","11","    31050","JP3678000005","813.0000","815.0000","788.0000","790.0000","787.0000","794.0000","786.0000","794.0000","813.0000","815.0000","786.0000","794.0000"," ","0.0000","0.0000","952600","761003100","798.8695"
"20201211","01","11","    31060","JP3268800004","1883.0000","1889.0000","1869.0000","1870.0000","1875.0000","1884.0000","1868.0000","1883.0000","1883.0000","1889.0000","1868.0000","1883.0000"," ","0.0000","0.0000","33300","62576900","1879.1862"
"20201211","01","11","    31070","JP3505400006","7150.0000","7280.0000","7100.0000","7140.0000","7110.0000","7840.0000","7110.0000","7800.0000","7150.0000","7840.0000","7100.0000","7800.0000"," ","0.0000","0.0000","374200","2791533000","7460.0027"
"20201211","01","11","    31090","JP3348400007","1020.0000","1030.0000","1019.0000","1025.0000","1028.0000","1030.0000","1024.0000","1028.0000","1020.0000","1030.0000","1019.0000","1028.0000"," ","0.0000","0.0000","38500","39422700","1023.9662"
"20201211","01","11","    31100","JP3684400009","4270.0000","4470.0000","4230.0000","4440.0000","4455.0000","4530.0000","4445.0000","4515.0000","4270.0000","4530.0000","4230.0000","4515.0000"," ","0.0000","0.0000","214800","953366500","4438.3915"
"20201211","01","11","    31160","JP3635400009","1669.0000","1693.0000","1661.0000","1688.0000","1680.0000","1713.0000","1679.0000","1702.0000","1669.0000","1713.0000","1661.0000","1702.0000"," ","0.0000","0.0000","854000","1443259200","1689.9991"
"20201211","01","11","    31320","JP3862960006","2025.0000","2038.0000","1997.0000","2000.0000","1999.0000","2019.0000","1994.0000","2019.0000","2025.0000","2038.0000","1994.0000","2019.0000"," ","0.0000","0.0000","91900","185059700","2013.7073"
"20201211","01","11","    31340","JP3772000000","1600.0000","1616.0000","1577.0000","1582.0000","1582.0000","1591.0000","1561.0000","1570.0000","1600.0000","1616.0000","1561.0000","1570.0000"," ","0.0000","0.0000","216300","342359300","1582.7984"
"20201211","01","11","    31390","JP3967250006","2950.0000","2983.0000","2950.0000","2972.0000","2972.0000","2984.0000","2966.0000","2980.0000","2950.0000","2984.0000","2950.0000","2980.0000"," ","0.0000","0.0000","16600","49241700","2966.3675"
"20201211","01","11","    31410","JP3274280001","4015.0000","4045.0000","3980.0000","4025.0000","4000.0000","4050.0000","3995.0000","4050.0000","4015.0000","4050.0000","3980.0000","4050.0000"," ","0.0000","0.0000","524900","2114371000","4028.1406"
"20201211","01","11","    31480","JP3269940007","3845.0000","3870.0000","3815.0000","3840.0000","3815.0000","3900.0000","3810.0000","3885.0000","3845.0000","3900.0000","3810.0000","3885.0000"," ","0.0000","0.0000","79100","305317000","3859.8862"
"20201211","01","11","    31500","JP3952860009","2030.0000","2075.0000","1994.0000","2065.0000","2070.0000","2086.0000","2055.0000","2083.0000","2030.0000","2086.0000","1994.0000","2083.0000"," ","0.0000","0.0000","377700","773989700","2049.2182"
"20201211","01","11","    31510","JP3778280002","850.0000","857.0000","842.0000","852.0000","849.0000","858.0000","849.0000","857.0000","850.0000","858.0000","842.0000","857.0000"," ","0.0000","0.0000","86400","73634800","852.2546"
"20201211","01","11","    31530","JP3931700003","979.0000","979.0000","970.0000","970.0000","970.0000","981.0000","968.0000","980.0000","979.0000","981.0000","968.0000","980.0000"," ","0.0000","0.0000","12600","12299800","976.1746"
"20201211","01","11","    31540","JP3254190006","820.0000","836.0000","812.0000","826.0000","822.0000","828.0000","818.0000","824.0000","820.0000","836.0000","812.0000","824.0000"," ","0.0000","0.0000","57900","47664500","823.2211"
"20201211","01","11","    31560","JP3944360001","2210.0000","2222.0000","2207.0000","2222.0000","2215.0000","2215.0000","2197.0000","2205.0000","2210.0000","2222.0000","2197.0000","2205.0000"," ","0.0000","0.0000","57300","126478500","2207.3037"
"20201211","01","11","    31570","JP3390360000","1002.0000","1002.0000","994.0000","996.0000","992.0000","999.0000","992.0000","998.0000","1002.0000","1002.0000","992.0000","998.0000"," ","0.0000","0.0000","4200","4196100","999.0714"
"20201211","01","11","    31590","JP3346330008","367.0000","367.0000","366.0000","366.0000","366.0000","368.0000","366.0000","368.0000","367.0000","368.0000","366.0000","368.0000"," ","0.0000","0.0000","21200","7784000","367.1698"
"20201211","01","11","    31600","JP3190430003","663.0000","664.0000","661.0000","664.0000","664.0000","664.0000","662.0000","663.0000","663.0000","664.0000","661.0000","663.0000"," ","0.0000","0.0000","9100","6030500","662.6923"
"20201211","01","11","    31660","JP3196630002","1311.0000","1314.0000","1302.0000","1306.0000","1306.0000","1309.0000","1306.0000","1309.0000","1311.0000","1314.0000","1302.0000","1309.0000"," ","0.0000","0.0000","11300","14796500","1309.4248"
"20201211","01","11","    31670","JP3552260006","1007.0000","1015.0000","1007.0000","1011.0000","1010.0000","1019.0000","1009.0000","1019.0000","1007.0000","1019.0000","1007.0000","1019.0000"," ","0.0000","0.0000","199900","202350000","1012.2561"
"20201211","01","11","    31680","JP3272780002","750.0000","777.0000","742.0000","771.0000","770.0000","775.0000","745.0000","775.0000","750.0000","777.0000","742.0000","775.0000"," ","0.0000","0.0000","154300","117938300","764.3441"
"20201211","01","11","    31690","JP3883750006","831.0000","831.0000","807.0000","813.0000","813.0000","820.0000","810.0000","816.0000","831.0000","831.0000","807.0000","816.0000"," ","0.0000","0.0000","67100","55034400","820.1848"
"20201211","01","11","    31720","JP3539050009","1140.0000","1150.0000","1125.0000","1148.0000","1148.0000","1148.0000","1132.0000","1140.0000","1140.0000","1150.0000","1125.0000","1140.0000"," ","0.0000","0.0000","28300","32203400","1137.9293"
"20201211","01","11","    31730","JP3181400007","755.0000","755.0000","755.0000","755.0000","755.0000","755.0000","755.0000","755.0000","755.0000","755.0000","755.0000","755.0000"," ","0.0000","0.0000","1800","1359000","755.0000"
"20201211","01","11","    31750","JP3160620005","405.0000","405.0000","403.0000","403.0000","403.0000","404.0000","402.0000","403.0000","405.0000","405.0000","402.0000","403.0000"," ","0.0000","0.0000","7800","3148900","403.7051"
"20201211","01","11","    31760","JP3342500000","981.0000","981.0000","975.0000","976.0000","976.0000","998.0000","974.0000","995.0000","981.0000","998.0000","974.0000","995.0000"," ","0.0000","0.0000","47300","46507100","983.2368"
"20201211","01","11","    31780","JP3512720008","1240.0000","1245.0000","1228.0000","1236.0000","1230.0000","1234.0000","1227.0000","1229.0000","1240.0000","1245.0000","1227.0000","1229.0000"," ","0.0000","0.0000","56600","69845400","1234.0177"
"20201211","01","11","    31790","JP3359940008","852.0000","859.0000","850.0000","854.0000","854.0000","861.0000","849.0000","861.0000","852.0000","861.0000","849.0000","861.0000"," ","0.0000","0.0000","39600","33855500","854.9369"
"20201211","01","11","    31800","JP3800480000","2807.0000","2974.0000","2757.0000","2966.0000","2977.0000","3000.0000","2950.0000","2967.0000","2807.0000","3000.0000","2757.0000","2967.0000"," ","0.0000","0.0000","147800","432780800","2928.1516"
"20201211","01","11","    31820","JP3174190003","2940.0000","3065.0000","2894.0000","3045.0000","3035.0000","3035.0000","2981.0000","2997.0000","2940.0000","3065.0000","2894.0000","2997.0000"," ","0.0000","0.0000","768300","2297545200","2990.4272"
"20201211","01","11","    31830","JP3154390003","1175.0000","1175.0000","1165.0000","1166.0000","1155.0000","1197.0000","1155.0000","1197.0000","1175.0000","1197.0000","1155.0000","1197.0000"," ","0.0000","0.0000","20800","24532900","1179.4663"
"20201211","01","11","    31860","JP3758210003","1351.0000","1363.0000","1323.0000","1338.0000","1336.0000","1343.0000","1329.0000","1342.0000","1351.0000","1363.0000","1323.0000","1342.0000"," ","0.0000","0.0000","211900","283373500","1337.2983"
"20201211","01","11","    31910","JP3392920009","1433.0000","1444.0000","1432.0000","1437.0000","1430.0000","1452.0000","1430.0000","1452.0000","1433.0000","1452.0000","1430.0000","1452.0000"," ","0.0000","0.0000","87000","125316600","1440.4207"
"20201211","01","11","    31930","JP3635900008","1515.0000","1519.0000","1502.0000","1513.0000","1507.0000","1510.0000","1495.0000","1500.0000","1515.0000","1519.0000","1495.0000","1500.0000"," ","0.0000","0.0000","77800","117174300","1506.0964"
"20201211","01","11","    31940","JP3257900005","3485.0000","3495.0000","3485.0000","3485.0000","3495.0000","3495.0000","3485.0000","3485.0000","3485.0000","3495.0000","3485.0000","3485.0000"," ","0.0000","0.0000","2300","8025500","3489.3478"
"20201211","01","11","    31960","JP3851950000","1288.0000","1298.0000","1286.0000","1295.0000","1295.0000","1300.0000","1291.0000","1300.0000","1288.0000","1300.0000","1286.0000","1300.0000"," ","0.0000","0.0000","33700","43579200","1293.1513"
"20201211","01","11","    31970","JP3396210001","1645.0000","1659.0000","1642.0000","1651.0000","1651.0000","1651.0000","1635.0000","1648.0000","1645.0000","1659.0000","1635.0000","1648.0000"," ","0.0000","0.0000","1212200","1998392500","1648.5667"
"20201211","01","11","    31980","JP3162250009","1300.0000","1301.0000","1290.0000","1291.0000","1290.0000","1299.0000","1287.0000","1299.0000","1300.0000","1301.0000","1287.0000","1299.0000"," ","0.0000","0.0000","41900","54229100","1294.2506"
"20201211","01","11","    31990","JP3993830003","1340.0000","1349.0000","1326.0000","1327.0000","1327.0000","1340.0000","1322.0000","1330.0000","1340.0000","1349.0000","1322.0000","1330.0000"," ","0.0000","0.0000","30200","40291000","1334.1391"
"20201211","01","11","    32010","JP3700800000","1017.0000","1018.0000","1010.0000","1013.0000","1007.0000","1024.0000","1007.0000","1021.0000","1017.0000","1024.0000","1007.0000","1021.0000"," ","0.0000","0.0000","71500","72694800","1016.7105"
"20201211","01","11","    32020","JP3487400008","105.0000","106.0000","105.0000","105.0000","105.0000","106.0000","105.0000","105.0000","105.0000","106.0000","105.0000","105.0000"," ","0.0000","0.0000","226500","23833300","105.2243"
"20201211","01","11","    32040","JP3552170007","482.0000","482.0000","461.0000","466.0000","467.0000","473.0000","467.0000","467.0000","482.0000","482.0000","461.0000","467.0000"," ","0.0000","0.0000","14500","6859400","473.0621"
"20201211","01","11","    32050","JP3488600002","194.0000","195.0000","194.0000","195.0000","194.0000","195.0000","194.0000","195.0000","194.0000","195.0000","194.0000","195.0000"," ","0.0000","0.0000","32100","6237000","194.2991"
"20201211","01","11","    32210","JP3957600004","1861.0000","1881.0000","1855.0000","1859.0000","1854.0000","1883.0000","1854.0000","1881.0000","1861.0000","1883.0000","1854.0000","1881.0000"," ","0.0000","0.0000","12800","23890400","1866.4375"
"20201211","01","11","    32220","JP3949450005","1110.0000","1114.0000","1106.0000","1109.0000","1107.0000","1121.0000","1107.0000","1121.0000","1110.0000","1121.0000","1106.0000","1121.0000"," ","0.0000","0.0000","137600","153244000","1113.6919"
"20201211","01","11","    32260","JP3046440008","565000.0000","567000.0000","558000.0000","560000.0000","559000.0000","565000.0000","558000.0000","565000.0000","565000.0000","567000.0000","558000.0000","565000.0000"," ","0.0000","0.0000","2527","1423501000","563316.5809"
"20201211","01","11","    32270","JP3046450007","86200.0000","87600.0000","85900.0000","86200.0000","85800.0000","87400.0000","85800.0000","86600.0000","86200.0000","87600.0000","85800.0000","86600.0000"," ","0.0000","0.0000","15038","1299897800","86440.8698"
"20201211","01","11","    32280","JP3324700008","1580.0000","1620.0000","1580.0000","1614.0000","1614.0000","1618.0000","1601.0000","1616.0000","1580.0000","1620.0000","1580.0000","1616.0000"," ","0.0000","0.0000","61600","98668900","1601.7679"
"20201211","01","11","    32310","JP3762900003","2276.0000","2277.0000","2234.0000","2245.0000","2235.0000","2265.0000","2233.0000","2253.0000","2276.0000","2277.0000","2233.0000","2253.0000"," ","0.0000","0.0000","834200","1880136700","2253.8201"
"20201211","01","11","    32320","JP3332510001","473.0000","476.0000","470.0000","470.0000","470.0000","477.0000","469.0000","477.0000","473.0000","477.0000","469.0000","477.0000"," ","0.0000","0.0000","56300","26635300","473.0959"
"20201211","01","11","    32340","JP3046470005","137200.0000","138300.0000","136700.0000","137600.0000","137900.0000","138200.0000","137000.0000","137900.0000","137200.0000","138300.0000","136700.0000","137900.0000"," ","0.0000","0.0000","6968","958082400","137497.4742"
"20201211","01","11","    32440","JP3322970009","1709.0000","1714.0000","1700.0000","1705.0000","1702.0000","1716.0000","1700.0000","1713.0000","1709.0000","1716.0000","1700.0000","1713.0000"," ","0.0000","0.0000","161200","275263600","1707.5906"
"20201211","01","11","    32450","JP3548720006","419.0000","423.0000","418.0000","422.0000","422.0000","422.0000","418.0000","418.0000","419.0000","423.0000","418.0000","418.0000"," ","0.0000","0.0000","108000","45310100","419.5380"
"20201211","01","11","    32460","JP3283670002","648.0000","648.0000","638.0000","643.0000","643.0000","652.0000","643.0000","647.0000","648.0000","652.0000","638.0000","647.0000"," ","0.0000","0.0000","25500","16475800","646.1098"
"20201211","01","11","    32490","JP3046500009","172400.0000","174700.0000","170800.0000","172500.0000","172200.0000","174000.0000","171900.0000","173600.0000","172400.0000","174700.0000","170800.0000","173600.0000"," ","0.0000","0.0000","8068","1395710200","172993.3317"
"20201211","01","11","    32520","JP3714200007","1728.0000","1742.0000","1726.0000","1735.0000","1731.0000","1743.0000","1727.0000","1743.0000","1728.0000","1743.0000","1726.0000","1743.0000"," ","0.0000","0.0000","119000","205999200","1731.0857"
"20201211","01","11","    32540","JP3833300001","1751.0000","1755.0000","1749.0000","1751.0000","1751.0000","1753.0000","1749.0000","1751.0000","1751.0000","1755.0000","1749.0000","1751.0000"," ","0.0000","0.0000","805300","1409905500","1750.7829"
"20201211","01","11","    32670","JP3802930002","1953.0000","2062.0000","1928.0000","2050.0000","2049.0000","2049.0000","2026.0000","2038.0000","1953.0000","2062.0000","1928.0000","2038.0000"," ","0.0000","0.0000","29000","58590600","2020.3655"
"20201211","01","11","    32690","JP3047160001","295700.0000","298600.0000","295100.0000","298300.0000","297700.0000","303000.0000","297700.0000","301000.0000","295700.0000","303000.0000","295100.0000","301000.0000"," ","0.0000","0.0000","5016","1495957000","298237.0415"
"20201211","01","11","    32710","JP3345720001","315.0000","326.0000","304.0000","307.0000","306.0000","316.0000","306.0000","309.0000","315.0000","326.0000","304.0000","309.0000"," ","0.0000","0.0000","411400","128730300","312.9079"
"20201211","01","11","    32750","JP3765350008","1292.0000","1299.0000","1292.0000","1299.0000","1299.0000","1308.0000","1299.0000","1308.0000","1292.0000","1308.0000","1292.0000","1308.0000"," ","0.0000","0.0000","2800","3635100","1298.2500"
"20201211","01","11","    32760","JP3695050009","1237.0000","1257.0000","1236.0000","1251.0000","1250.0000","1256.0000","1240.0000","1253.0000","1237.0000","1257.0000","1236.0000","1253.0000"," ","0.0000","0.0000","37100","46286800","1247.6226"
"20201211","01","11","    32770","JP3335000000","749.0000","752.0000","747.0000","751.0000","750.0000","753.0000","749.0000","749.0000","749.0000","753.0000","747.0000","749.0000"," ","0.0000","0.0000","11200","8400100","750.0089"
"20201211","01","11","    32780","JP3047480003","174500.0000","176400.0000","174100.0000","174900.0000","174300.0000","176700.0000","174100.0000","176600.0000","174500.0000","176700.0000","174100.0000","176600.0000"," ","0.0000","0.0000","4761","834097100","175193.6778"
"20201211","01","11","    32790","JP3047490002","397500.0000","401500.0000","394000.0000","400000.0000","400000.0000","408500.0000","400000.0000","407000.0000","397500.0000","408500.0000","394000.0000","407000.0000"," ","0.0000","0.0000","5088","2040420000","401025.9434"
"20201211","01","11","    32800","JP3163350006","706.0000","706.0000","706.0000","706.0000","700.0000","700.0000","697.0000","697.0000","706.0000","706.0000","697.0000","697.0000"," ","0.0000","0.0000","2300","1620100","704.3913"
"20201211","01","11","    32810","JP3047510007","154300.0000","156400.0000","153900.0000","156100.0000","156500.0000","157400.0000","155500.0000","157400.0000","154300.0000","157400.0000","153900.0000","157400.0000"," ","0.0000","0.0000","25275","3934641200","155673.2423"
"20201211","01","11","    32820","JP3047540004","279500.0000","285200.0000","279500.0000","284600.0000","284600.0000","285800.0000","283100.0000","285600.0000","279500.0000","285800.0000","279500.0000","285600.0000"," ","0.0000","0.0000","2386","674062400","282507.2925"
"20201211","01","11","    32830","JP3047550003","315000.0000","317500.0000","311500.0000","315500.0000","315500.0000","319500.0000","315000.0000","318000.0000","315000.0000","319500.0000","311500.0000","318000.0000"," ","0.0000","0.0000","10132","3202968500","316124.0130"
"20201211","01","11","    32840","JP3802060008","735.0000","742.0000","729.0000","739.0000","737.0000","742.0000","736.0000","740.0000","735.0000","742.0000","729.0000","740.0000"," ","0.0000","0.0000","169000","124658200","737.6225"
"20201211","01","11","    32870","JP3047610005","490500.0000","497000.0000","490500.0000","491500.0000","492000.0000","497000.0000","491500.0000","497000.0000","490500.0000","497000.0000","490500.0000","497000.0000"," ","0.0000","0.0000","1721","849348000","493520.0465"
"20201211","01","11","    32880","JP3173540000","3910.0000","3930.0000","3820.0000","3840.0000","3835.0000","3860.0000","3830.0000","3850.0000","3910.0000","3930.0000","3820.0000","3850.0000"," ","0.0000","0.0000","420400","1620305000","3854.1984"
"20201211","01","11","    32890","JP3569200003","532.0000","537.0000","525.0000","526.0000","525.0000","528.0000","521.0000","522.0000","532.0000","537.0000","521.0000","522.0000"," ","0.0000","0.0000","2964200","1560464700","526.4370"
"20201211","01","11","    32900","JP3047640002","243900.0000","245300.0000","243000.0000","243800.0000","243400.0000","245600.0000","243300.0000","245300.0000","243900.0000","245600.0000","243000.0000","245300.0000"," ","0.0000","0.0000","644","157219900","244130.2795"
"20201211","01","11","    32910","JP3131090007","2055.0000","2062.0000","2037.0000","2045.0000","2041.0000","2065.0000","2039.0000","2064.0000","2055.0000","2065.0000","2037.0000","2064.0000"," ","0.0000","0.0000","651400","1337681500","2053.5485"
"20201211","01","11","    32920","JP3047650001","124500.0000","124500.0000","122800.0000","123200.0000","123000.0000","123800.0000","123000.0000","123400.0000","124500.0000","124500.0000","122800.0000","123400.0000"," ","0.0000","0.0000","5614","695343000","123858.7460"
"20201211","01","11","    32940","JP3130350006","771.0000","779.0000","771.0000","778.0000","778.0000","793.0000","778.0000","793.0000","771.0000","793.0000","771.0000","793.0000"," ","0.0000","0.0000","13400","10441500","779.2164"
"20201211","01","11","    32950","JP3047660000","143200.0000","145100.0000","143100.0000","143700.0000","143400.0000","144400.0000","143000.0000","144400.0000","143200.0000","145100.0000","143000.0000","144400.0000"," ","0.0000","0.0000","5167","742299200","143661.5444"
"20201211","01","11","    32960","JP3047750009","351500.0000","358000.0000","351000.0000","357000.0000","357500.0000","360000.0000","356500.0000","359000.0000","351500.0000","360000.0000","351000.0000","359000.0000"," ","0.0000","0.0000","3077","1092353500","355006.0123"
"20201211","01","11","    32980","JP3047760008","13850.0000","14200.0000","13850.0000","14050.0000","14120.0000","14190.0000","14030.0000","14120.0000","13850.0000","14200.0000","13850.0000","14120.0000"," ","0.0000","0.0000","67718","949149370","14016.2050"
"20201211","01","11","    32990","JP3912500000","500.0000","503.0000","497.0000","499.0000","498.0000","501.0000","497.0000","501.0000","500.0000","503.0000","497.0000","501.0000"," ","0.0000","0.0000","77200","38617500","500.2267"
"20201211","01","11","    33020","JP3540800004","2559.0000","2579.0000","2551.0000","2551.0000","2551.0000","2575.0000","2551.0000","2573.0000","2559.0000","2579.0000","2551.0000","2573.0000"," ","0.0000","0.0000","74500","190766900","2560.6295"
"20201211","01","11","    33090","JP3047820000","75900.0000","77300.0000","75800.0000","76400.0000","75700.0000","77700.0000","75700.0000","77600.0000","75900.0000","77700.0000","75700.0000","77600.0000"," ","0.0000","0.0000","18171","1393169400","76669.9356"
"20201211","01","11","    33150","JP3889610006","70.0000","71.0000","70.0000","70.0000","70.0000","71.0000","70.0000","71.0000","70.0000","71.0000","70.0000","71.0000"," ","0.0000","0.0000","383500","26911800","70.1742"
"20201211","01","11","    33190","JP3309050007","897.0000","926.0000","897.0000","921.0000","924.0000","924.0000","908.0000","916.0000","897.0000","926.0000","897.0000","916.0000"," ","0.0000","0.0000","72700","66419200","913.6066"
"20201211","01","11","    33210","JP3886200009","644.0000","644.0000","629.0000","630.0000","630.0000","630.0000","619.0000","619.0000","644.0000","644.0000","619.0000","619.0000"," ","0.0000","0.0000","16700","10560000","632.3353"
"20201211","01","11","    33280","JP3758110005","2556.0000","2613.0000","2525.0000","2580.0000","2580.0000","2581.0000","2538.0000","2572.0000","2556.0000","2613.0000","2525.0000","2572.0000"," ","0.0000","0.0000","145500","374124700","2571.3038"
"20201211","01","11","    33330","JP3110500000","1666.0000","1689.0000","1655.0000","1662.0000","1660.0000","1674.0000","1653.0000","1672.0000","1666.0000","1689.0000","1653.0000","1672.0000"," ","0.0000","0.0000","164400","274024500","1666.8157"
"20201211","01","11","    33410","JP3729200000","1509.0000","1509.0000","1493.0000","1498.0000","1496.0000","1503.0000","1495.0000","1500.0000","1509.0000","1509.0000","1493.0000","1500.0000"," ","0.0000","0.0000","51100","76677400","1500.5362"
"20201211","01","11","    33490","JP3298400007","17130.0000","17200.0000","16980.0000","17040.0000","17070.0000","17270.0000","17000.0000","17270.0000","17130.0000","17270.0000","16980.0000","17270.0000"," ","0.0000","0.0000","134300","2302569000","17144.9665"
"20201211","01","11","    33600","JP3274150006","5370.0000","5440.0000","5360.0000","5400.0000","5400.0000","5430.0000","5370.0000","5420.0000","5370.0000","5440.0000","5360.0000","5420.0000"," ","0.0000","0.0000","112000","604519000","5397.4911"
"20201211","01","11","    33610","JP3552240008","786.0000","790.0000","776.0000","789.0000","791.0000","812.0000","791.0000","809.0000","786.0000","812.0000","776.0000","809.0000"," ","0.0000","0.0000","13900","11042900","794.4532"
"20201211","01","11","    33710","JP3436040004","2774.0000","2863.0000","2763.0000","2854.0000","2866.0000","2866.0000","2825.0000","2848.0000","2774.0000","2866.0000","2763.0000","2848.0000"," ","0.0000","0.0000","66400","187709000","2826.9428"
"20201211","01","11","    33760","JP3203200005","454.0000","456.0000","454.0000","454.0000","454.0000","456.0000","454.0000","454.0000","454.0000","456.0000","454.0000","454.0000"," ","0.0000","0.0000","7200","3272700","454.5417"
"20201211","01","11","    33820","JP3422950000","3639.0000","3659.0000","3560.0000","3600.0000","3597.0000","3614.0000","3581.0000","3600.0000","3639.0000","3659.0000","3560.0000","3600.0000"," ","0.0000","0.0000","3630700","13091485100","3605.7744"
"20201211","01","11","    33870","JP3269930008","605.0000","608.0000","601.0000","606.0000","606.0000","610.0000","605.0000","608.0000","605.0000","610.0000","601.0000","608.0000"," ","0.0000","0.0000","401000","243019300","606.0332"
"20201211","01","11","    33880","JP3917600003","1416.0000","1450.0000","1416.0000","1437.0000","1437.0000","1437.0000","1428.0000","1432.0000","1416.0000","1450.0000","1416.0000","1432.0000"," ","0.0000","0.0000","8800","12555500","1426.7614"
"20201211","01","11","    33910","JP3536150000","16330.0000","16390.0000","16190.0000","16270.0000","16210.0000","16450.0000","16210.0000","16370.0000","16330.0000","16450.0000","16190.0000","16370.0000"," ","0.0000","0.0000","117300","1916568000","16339.0281"
"20201211","01","11","    33920","JP3549350001","648.0000","667.0000","643.0000","662.0000","660.0000","663.0000","651.0000","655.0000","648.0000","667.0000","643.0000","655.0000"," ","0.0000","0.0000","52400","34362400","655.7710"
"20201211","01","11","    33930","JP3399270002","696.0000","714.0000","696.0000","713.0000","713.0000","713.0000","704.0000","704.0000","696.0000","714.0000","696.0000","704.0000"," ","0.0000","0.0000","24200","17098400","706.5455"
"20201211","01","11","    33950","JP3337070001","1393.0000","1397.0000","1388.0000","1392.0000","1390.0000","1403.0000","1389.0000","1403.0000","1393.0000","1403.0000","1388.0000","1403.0000"," ","0.0000","0.0000","112200","156335200","1393.3619"
"20201211","01","11","    33960","JP3802860001","1343.0000","1356.0000","1342.0000","1347.0000","1345.0000","1345.0000","1333.0000","1341.0000","1343.0000","1356.0000","1333.0000","1341.0000"," ","0.0000","0.0000","9700","13029800","1343.2784"
"20201211","01","11","    33970","JP3636650008","1388.0000","1394.0000","1378.0000","1390.0000","1388.0000","1400.0000","1383.0000","1399.0000","1388.0000","1400.0000","1378.0000","1399.0000"," ","0.0000","0.0000","300100","416913000","1389.2469"
"20201211","01","11","    34010","JP3544000007","1958.0000","1969.0000","1954.0000","1967.0000","1966.0000","1975.0000","1954.0000","1975.0000","1958.0000","1975.0000","1954.0000","1975.0000"," ","0.0000","0.0000","1337600","2629944700","1966.1668"
"20201211","01","11","    34020","JP3621000003","627.0000","630.0000","616.1000","621.1000","621.1000","624.0000","618.4000","621.5000","627.0000","630.0000","616.1000","621.5000"," ","0.0000","0.0000","7797600","4856043970","622.7614"
"20201211","01","11","    34050","JP3269600007","1133.0000","1135.0000","1111.0000","1118.0000","1116.0000","1120.0000","1112.0000","1114.0000","1133.0000","1135.0000","1111.0000","1114.0000"," ","0.0000","0.0000","1145500","1284563100","1121.3995"
"20201211","01","11","    34070","JP3111200006","1058.5000","1061.0000","1014.0000","1018.5000","1017.0000","1024.0000","1013.5000","1020.0000","1058.5000","1061.0000","1013.5000","1020.0000"," ","0.0000","0.0000","8946400","9195885500","1027.8867"
"20201211","01","11","    34080","JP3312600004","2136.0000","2136.0000","2090.0000","2100.0000","2101.0000","2113.0000","2097.0000","2099.0000","2136.0000","2136.0000","2090.0000","2099.0000"," ","0.0000","0.0000","11200","23635700","2110.3304"
"20201211","01","11","    34150","JP3399710007","507.0000","512.0000","502.0000","509.0000","510.0000","517.0000","507.0000","516.0000","507.0000","517.0000","502.0000","516.0000"," ","0.0000","0.0000","224500","114500000","510.0223"
"20201211","01","11","    34210","JP3145800003","1360.0000","1368.0000","1360.0000","1363.0000","1360.0000","1370.0000","1359.0000","1362.0000","1360.0000","1370.0000","1359.0000","1362.0000"," ","0.0000","0.0000","13600","18524600","1362.1029"
"20201211","01","11","    34310","JP3908700002","2260.0000","2274.0000","2231.0000","2273.0000","2274.0000","2277.0000","2252.0000","2255.0000","2260.0000","2277.0000","2231.0000","2255.0000"," ","0.0000","0.0000","27600","62385100","2260.3297"
"20201211","01","11","    34330","JP3552290003","1337.0000","1346.0000","1309.0000","1312.0000","1312.0000","1339.0000","1309.0000","1339.0000","1337.0000","1346.0000","1309.0000","1339.0000"," ","0.0000","0.0000","191900","255203100","1329.8755"
"20201211","01","11","    34340","JP3126360001","978.0000","979.0000","970.0000","970.0000","973.0000","973.0000","967.0000","967.0000","978.0000","979.0000","967.0000","967.0000"," ","0.0000","0.0000","6900","6720000","973.9130"
"20201211","01","11","    34360","JP3322930003","2392.0000","2426.0000","2346.0000","2349.0000","2340.0000","2345.0000","2310.0000","2336.0000","2392.0000","2426.0000","2310.0000","2336.0000"," ","0.0000","0.0000","7524200","17671497200","2348.6214"
"20201211","01","11","    34430","JP3226300006","4290.0000","4315.0000","4280.0000","4305.0000","4310.0000","4325.0000","4280.0000","4310.0000","4290.0000","4325.0000","4280.0000","4310.0000"," ","0.0000","0.0000","9600","41298500","4301.9271"
"20201211","01","11","    34450","JP3100350002","5030.0000","5090.0000","4875.0000","4895.0000","4895.0000","4975.0000","4850.0000","4955.0000","5030.0000","5090.0000","4850.0000","4955.0000"," ","0.0000","0.0000","97800","483763500","4946.4571"
"20201211","01","11","    34460","JP3386660009","3760.0000","3760.0000","3690.0000","3700.0000","3700.0000","3785.0000","3675.0000","3785.0000","3760.0000","3785.0000","3675.0000","3785.0000"," ","0.0000","0.0000","15000","56019000","3734.6000"
"20201211","01","11","    34470","JP3384730002","674.0000","675.0000","671.0000","673.0000","672.0000","679.0000","672.0000","677.0000","674.0000","679.0000","671.0000","677.0000"," ","0.0000","0.0000","98700","66515400","673.9149"
"20201211","01","11","    34510","JP3047830009","108000.0000","108800.0000","107600.0000","107900.0000","108300.0000","108500.0000","108000.0000","108500.0000","108000.0000","108800.0000","107600.0000","108500.0000"," ","0.0000","0.0000","1704","184240000","108122.0657"
"20201211","01","11","    34520","JP3799770007","707.0000","711.0000","702.0000","710.0000","711.0000","715.0000","708.0000","713.0000","707.0000","715.0000","702.0000","713.0000"," ","0.0000","0.0000","120700","85503400","708.3960"
"20201211","01","11","    34530","JP3047900000","237000.0000","240300.0000","237000.0000","238400.0000","238400.0000","242500.0000","238000.0000","241800.0000","237000.0000","242500.0000","237000.0000","241800.0000"," ","0.0000","0.0000","2854","682801700","239243.7631"
"20201211","01","11","    34540","JP3802290001","910.0000","911.0000","890.0000","900.0000","900.0000","904.0000","897.0000","901.0000","910.0000","911.0000","890.0000","901.0000"," ","0.0000","0.0000","48500","43600500","898.9794"
"20201211","01","11","    34550","JP3047910009","125200.0000","125400.0000","123800.0000","124500.0000","124500.0000","126600.0000","124500.0000","126500.0000","125200.0000","126600.0000","123800.0000","126500.0000"," ","0.0000","0.0000","1085","135964100","125312.5346"
"20201211","01","11","    34570","JP3765420009","1202.0000","1228.0000","1202.0000","1228.0000","1228.0000","1248.0000","1221.0000","1246.0000","1202.0000","1248.0000","1202.0000","1246.0000"," ","0.0000","0.0000","97600","119385800","1223.2152"
"20201211","01","11","    34580","JP3346080009","1307.0000","1327.0000","1303.0000","1317.0000","1321.0000","1348.0000","1319.0000","1348.0000","1307.0000","1348.0000","1303.0000","1348.0000"," ","0.0000","0.0000","61900","82130000","1326.8174"
"20201211","01","11","    34590","JP3047960004","105400.0000","105900.0000","104800.0000","105100.0000","105100.0000","105400.0000","104300.0000","105400.0000","105400.0000","105900.0000","104300.0000","105400.0000"," ","0.0000","0.0000","2066","217439200","105246.4666"
"20201211","01","11","    34620","JP3048110005","137900.0000","139500.0000","136900.0000","138500.0000","138000.0000","139900.0000","137900.0000","139200.0000","137900.0000","139900.0000","136900.0000","139200.0000"," ","0.0000","0.0000","24461","3388059200","138508.6137"
"20201211","01","11","    34630","JP3048160000","69900.0000","70500.0000","69800.0000","69900.0000","69800.0000","70300.0000","69800.0000","70200.0000","69900.0000","70500.0000","69800.0000","70200.0000"," ","0.0000","0.0000","943","66023500","70014.3160"
"20201211","01","11","    34640","JP3833810009","1471.0000","1471.0000","1435.0000","1460.0000","1473.0000","1478.0000","1461.0000","1468.0000","1471.0000","1478.0000","1435.0000","1468.0000"," ","0.0000","0.0000","12100","17625600","1456.6612"
"20201211","01","11","    34650","JP3277620005","2630.0000","2734.0000","2620.0000","2729.0000","2738.0000","2754.0000","2703.0000","2719.0000","2630.0000","2754.0000","2620.0000","2719.0000"," ","0.0000","0.0000","94100","254503000","2704.6015"
"20201211","01","11","    34660","JP3048180008","153100.0000","154300.0000","152700.0000","153700.0000","154300.0000","156500.0000","154000.0000","156000.0000","153100.0000","156500.0000","152700.0000","156000.0000"," ","0.0000","0.0000","6533","1007485300","154214.8018"
"20201211","01","11","    34670","JP3108170006","623.0000","623.0000","613.0000","615.0000","615.0000","616.0000","613.0000","616.0000","623.0000","623.0000","613.0000","616.0000"," ","0.0000","0.0000","10100","6261400","619.9406"
"20201211","01","11","    34680","JP3048200004","47800.0000","48300.0000","47800.0000","48150.0000","48000.0000","48500.0000","48000.0000","48500.0000","47800.0000","48500.0000","47800.0000","48500.0000"," ","0.0000","0.0000","4040","193941050","48005.2104"
"20201211","01","11","    34700","JP3048290005","113200.0000","113700.0000","113200.0000","113300.0000","113200.0000","114000.0000","113100.0000","113900.0000","113200.0000","114000.0000","113100.0000","113900.0000"," ","0.0000","0.0000","464","52598800","113359.4828"
"20201211","01","11","    34710","JP3048300002","486500.0000","493000.0000","486500.0000","489000.0000","487500.0000","494500.0000","487500.0000","494500.0000","486500.0000","494500.0000","486500.0000","494500.0000"," ","0.0000","0.0000","2954","1447638500","490060.4265"
"20201211","01","11","    34720","JP3048310001","71000.0000","71100.0000","70100.0000","70100.0000","70000.0000","70200.0000","69600.0000","70100.0000","71000.0000","71100.0000","69600.0000","70100.0000"," ","0.0000","0.0000","1232","86846700","70492.4513"
"20201211","01","11","    34750","JP3273750004","1566.0000","1661.0000","1566.0000","1621.0000","1622.0000","1632.0000","1571.0000","1585.0000","1566.0000","1661.0000","1566.0000","1585.0000"," ","0.0000","0.0000","454100","731565900","1611.0238"
"20201211","01","11","    34760","JP3048370005","37500.0000","37550.0000","37250.0000","37350.0000","37450.0000","37650.0000","37350.0000","37650.0000","37500.0000","37650.0000","37250.0000","37650.0000"," ","0.0000","0.0000","9103","341048700","37465.5278"
"20201211","01","11","    34780","JP3048380004","112500.0000","114200.0000","112500.0000","113600.0000","113900.0000","115500.0000","113400.0000","114900.0000","112500.0000","115500.0000","112500.0000","114900.0000"," ","0.0000","0.0000","1623","184424400","113631.7930"
"20201211","01","11","    34800","JP3386630002","3485.0000","3575.0000","3460.0000","3575.0000","3555.0000","3565.0000","3535.0000","3560.0000","3485.0000","3575.0000","3460.0000","3560.0000"," ","0.0000","0.0000","25400","89805500","3535.6496"
"20201211","01","11","    34810","JP3048480002","388000.0000","394000.0000","387500.0000","392000.0000","392000.0000","394000.0000","391000.0000","394000.0000","388000.0000","394000.0000","387500.0000","394000.0000"," ","0.0000","0.0000","1069","417822000","390853.1338"
"20201211","01","11","    34840","JP3547690002","821.0000","825.0000","811.0000","817.0000","817.0000","824.0000","816.0000","822.0000","821.0000","825.0000","811.0000","822.0000"," ","0.0000","0.0000","14900","12177800","817.3020"
"20201211","01","11","    34860","JP3274380009","891.0000","918.0000","888.0000","916.0000","915.0000","916.0000","903.0000","911.0000","891.0000","918.0000","888.0000","911.0000"," ","0.0000","0.0000","36200","32738100","904.3674"
"20201211","01","11","    34870","JP3048680007","152700.0000","155000.0000","152700.0000","153600.0000","153600.0000","155400.0000","153600.0000","155200.0000","152700.0000","155400.0000","152700.0000","155200.0000"," ","0.0000","0.0000","2412","371664800","154089.8839"
"20201211","01","11","    34880","JP3048690006","90900.0000","91400.0000","90300.0000","90900.0000","91100.0000","91300.0000","90900.0000","91300.0000","90900.0000","91400.0000","90300.0000","91300.0000"," ","0.0000","0.0000","885","80501400","90962.0339"
"20201211","01","11","    34920","JP3048750008","88000.0000","88400.0000","87700.0000","87800.0000","87700.0000","88600.0000","87700.0000","88500.0000","88000.0000","88600.0000","87700.0000","88500.0000"," ","0.0000","0.0000","2251","198220900","88059.0404"
"20201211","01","11","    34930","JP3048770006","127300.0000","129400.0000","127300.0000","128900.0000","128300.0000","129100.0000","128300.0000","129100.0000","127300.0000","129400.0000","127300.0000","129100.0000"," ","0.0000","0.0000","3273","420274700","128406.5689"
"20201211","01","11","    35010","JP3410200004","2249.0000","2249.0000","2232.0000","2232.0000","2240.0000","2249.0000","2236.0000","2248.0000","2249.0000","2249.0000","2232.0000","2248.0000"," ","0.0000","0.0000","3500","7864500","2247.0000"
"20201211","01","11","    35120","JP3749000000","448.0000","454.0000","447.0000","454.0000","451.0000","454.0000","451.0000","454.0000","448.0000","454.0000","447.0000","454.0000"," ","0.0000","0.0000","18200","8196200","450.3407"
"20201211","01","11","    35130","JP3141200000","1290.0000","1290.0000","1288.0000","1288.0000","1288.0000","1290.0000","1284.0000","1284.0000","1290.0000","1290.0000","1284.0000","1284.0000"," ","0.0000","0.0000","4200","5409800","1288.0476"
"20201211","01","11","    35210","JP3755800004","92.0000","92.0000","91.0000","92.0000","91.0000","92.0000","90.0000","92.0000","92.0000","92.0000","90.0000","92.0000"," ","0.0000","0.0000","217500","19917900","91.5766"
"20201211","01","11","    35240","JP3683600005","1569.0000","1577.0000","1569.0000","1572.0000","1571.0000","1587.0000","1571.0000","1586.0000","1569.0000","1587.0000","1569.0000","1586.0000"," ","0.0000","0.0000","19700","31012000","1574.2132"
"20201211","01","11","    35260","JP3118400005","1006.0000","1006.0000","985.0000","986.0000","986.0000","992.0000","982.0000","992.0000","1006.0000","1006.0000","982.0000","992.0000"," ","0.0000","0.0000","15900","15840600","996.2642"
"20201211","01","11","    35290","JP3120200005","512.0000","513.0000","511.0000","511.0000","511.0000","513.0000","508.0000","510.0000","512.0000","513.0000","508.0000","510.0000"," ","0.0000","0.0000","29100","14873700","511.1237"
"20201211","01","11","    35380","JP3154270007","690.0000","697.0000","690.0000","693.0000","695.0000","708.0000","695.0000","706.0000","690.0000","708.0000","690.0000","706.0000"," ","0.0000","0.0000","10200","7121600","698.1961"
"20201211","01","11","    35390","JP3389690003","2389.0000","2430.0000","2389.0000","2430.0000","2431.0000","2482.0000","2431.0000","2466.0000","2389.0000","2482.0000","2389.0000","2466.0000"," ","0.0000","0.0000","63100","154301400","2445.3471"
"20201211","01","11","    35430","JP3305580007","1848.0000","1854.0000","1820.0000","1824.0000","1824.0000","1840.0000","1822.0000","1840.0000","1848.0000","1854.0000","1820.0000","1840.0000"," ","0.0000","0.0000","261700","479702800","1833.0256"
"20201211","01","11","    35440","JP3319750000","2020.0000","2030.0000","2020.0000","2030.0000","2030.0000","2040.0000","2024.0000","2024.0000","2020.0000","2040.0000","2020.0000","2024.0000"," ","0.0000","0.0000","1900","3845300","2023.8421"
"20201211","01","11","    35460","JP3500050004","1294.0000","1294.0000","1267.0000","1272.0000","1270.0000","1282.0000","1262.0000","1282.0000","1294.0000","1294.0000","1262.0000","1282.0000"," ","0.0000","0.0000","46000","58639300","1274.7674"
"20201211","01","11","    35470","JP3266180003","1569.0000","1574.0000","1555.0000","1560.0000","1559.0000","1573.0000","1555.0000","1569.0000","1569.0000","1574.0000","1555.0000","1569.0000"," ","0.0000","0.0000","48500","75786700","1562.6124"
"20201211","01","11","    35480","JP3778450001","666.0000","671.0000","664.0000","666.0000","664.0000","669.0000","663.0000","664.0000","666.0000","671.0000","663.0000","664.0000"," ","0.0000","0.0000","30100","20052800","666.2060"
"20201211","01","11","    35490","JP3266190002","8800.0000","8880.0000","8790.0000","8790.0000","8780.0000","8940.0000","8780.0000","8920.0000","8800.0000","8940.0000","8780.0000","8920.0000"," ","0.0000","0.0000","91600","812562000","8870.7642"
"20201211","01","11","    35510","JP3493000008","830.0000","842.0000","820.0000","842.0000","844.0000","857.0000","844.0000","854.0000","830.0000","857.0000","820.0000","854.0000"," ","0.0000","0.0000","7800","6530600","837.2564"
"20201211","01","11","    35530","JP3256400007","618.0000","619.0000","616.0000","616.0000","613.0000","618.0000","611.0000","611.0000","618.0000","619.0000","611.0000","611.0000"," ","0.0000","0.0000","16200","9967900","615.3025"
"20201211","01","11","    35590","JP3801640008","902.0000","909.0000","898.0000","901.0000","901.0000","911.0000","896.0000","901.0000","902.0000","911.0000","896.0000","901.0000"," ","0.0000","0.0000","21200","19146400","903.1321"
"20201211","01","11","    35610","JP3507780009","593.0000","594.0000","588.0000","591.0000","591.0000","597.0000","591.0000","595.0000","593.0000","597.0000","588.0000","595.0000"," ","0.0000","0.0000","48700","28847500","592.3511"
"20201211","01","11","    35630","JP3397150008","3420.0000","3455.0000","3410.0000","3445.0000","3440.0000","3475.0000","3435.0000","3465.0000","3420.0000","3475.0000","3410.0000","3465.0000"," ","0.0000","0.0000","481300","1657674000","3444.1596"
"20201211","01","11","    35650","JP3120110006","1759.0000","1821.0000","1722.0000","1813.0000","1809.0000","1836.0000","1804.0000","1834.0000","1759.0000","1836.0000","1722.0000","1834.0000"," ","0.0000","0.0000","347600","619781100","1783.0296"
"20201211","01","11","    35690","JP3413800008","1567.0000","1595.0000","1567.0000","1592.0000","1589.0000","1616.0000","1580.0000","1616.0000","1567.0000","1616.0000","1567.0000","1616.0000"," ","0.0000","0.0000","140700","223465500","1588.2409"
"20201211","01","11","    35710","JP3434600007","912.0000","913.0000","906.0000","912.0000","913.0000","918.0000","912.0000","918.0000","912.0000","918.0000","906.0000","918.0000"," ","0.0000","0.0000","14200","12962400","912.8451"
"20201211","01","11","    35770","JP3564600009","1129.0000","1151.0000","1129.0000","1151.0000","1144.0000","1153.0000","1144.0000","1146.0000","1129.0000","1153.0000","1129.0000","1146.0000"," ","0.0000","0.0000","3700","4206200","1136.8108"
"20201211","01","11","    35800","JP3304600004","984.0000","991.0000","971.0000","977.0000","975.0000","987.0000","975.0000","981.0000","984.0000","991.0000","971.0000","981.0000"," ","0.0000","0.0000","93700","92001600","981.8741"
"20201211","01","11","    35910","JP3992400006","2031.0000","2036.0000","2021.0000","2026.0000","2020.0000","2043.0000","2015.0000","2043.0000","2031.0000","2043.0000","2015.0000","2043.0000"," ","0.0000","0.0000","91900","186714700","2031.7160"
"20201211","01","11","    35930","JP3840800001","3345.0000","3385.0000","3345.0000","3360.0000","3370.0000","3405.0000","3365.0000","3400.0000","3345.0000","3405.0000","3345.0000","3400.0000"," ","0.0000","0.0000","60100","202990500","3377.5458"
"20201211","01","11","    36070","JP3267800005","280.0000","285.0000","280.0000","285.0000","289.0000","290.0000","286.0000","290.0000","280.0000","290.0000","280.0000","290.0000"," ","0.0000","0.0000","14600","4169700","285.5959"
"20201211","01","11","    36080","JP3538690003","215.0000","216.0000","211.0000","212.0000","212.0000","213.0000","211.0000","212.0000","215.0000","216.0000","211.0000","212.0000"," ","0.0000","0.0000","302600","64354100","212.6705"
"20201211","01","11","    36110","JP3863900001","2322.0000","2350.0000","2312.0000","2340.0000","2329.0000","2442.0000","2318.0000","2429.0000","2322.0000","2442.0000","2312.0000","2429.0000"," ","0.0000","0.0000","26600","62865800","2363.3759"
"20201211","01","11","    36120","JP3990210001","1294.0000","1302.0000","1282.0000","1285.0000","1281.0000","1284.0000","1273.0000","1280.0000","1294.0000","1302.0000","1273.0000","1280.0000"," ","0.0000","0.0000","221400","285020200","1287.3541"
"20201211","01","11","    36260","JP3104890003","2079.0000","2083.0000","2042.0000","2048.0000","2042.0000","2063.0000","2041.0000","2060.0000","2079.0000","2083.0000","2041.0000","2060.0000"," ","0.0000","0.0000","572200","1180363900","2062.8520"
"20201211","01","11","    36270","JP3832370005","574.0000","582.0000","573.0000","578.0000","575.0000","579.0000","573.0000","579.0000","574.0000","582.0000","573.0000","579.0000"," ","0.0000","0.0000","69000","39756500","576.1812"
"20201211","01","11","    36300","JP3551420007","3235.0000","3290.0000","3235.0000","3290.0000","3290.0000","3295.0000","3275.0000","3295.0000","3235.0000","3295.0000","3235.0000","3295.0000"," ","0.0000","0.0000","30100","98386000","3268.6379"
"20201211","01","11","    36320","JP3274070006","585.0000","592.0000","585.0000","587.0000","587.0000","591.0000","585.0000","591.0000","585.0000","592.0000","585.0000","591.0000"," ","0.0000","0.0000","454700","267426600","588.1386"
"20201211","01","11","    36330","JP3836100002","6190.0000","6440.0000","6120.0000","6410.0000","6410.0000","6420.0000","6180.0000","6250.0000","6190.0000","6440.0000","6120.0000","6250.0000"," ","0.0000","0.0000","104700","659958000","6303.3238"
"20201211","01","11","    36350","JP3283460008","6150.0000","6330.0000","6150.0000","6320.0000","6320.0000","6350.0000","6260.0000","6350.0000","6150.0000","6350.0000","6150.0000","6350.0000"," ","0.0000","0.0000","485600","3052702000","6286.4539"
"20201211","01","11","    36360","JP3902200009","4235.0000","4270.0000","4225.0000","4260.0000","4240.0000","4275.0000","4240.0000","4275.0000","4235.0000","4275.0000","4225.0000","4275.0000"," ","0.0000","0.0000","25400","107995500","4251.7913"
"20201211","01","11","    36390","JP3855700005","558.0000","566.0000","556.0000","566.0000","566.0000","566.0000","557.0000","559.0000","558.0000","566.0000","556.0000","559.0000"," ","0.0000","0.0000","55000","30881000","561.4727"
"20201211","01","11","    36400","JP3551410008","2480.0000","2487.0000","2480.0000","2487.0000","2461.0000","2486.0000","2461.0000","2486.0000","2480.0000","2487.0000","2461.0000","2486.0000"," ","0.0000","0.0000","15800","39137800","2477.0759"
"20201211","01","11","    36480","JP3160460006","811.0000","815.0000","811.0000","814.0000","810.0000","817.0000","810.0000","814.0000","811.0000","817.0000","810.0000","814.0000"," ","0.0000","0.0000","9800","7959700","812.2143"
"20201211","01","11","    36490","JP3801450002","1257.0000","1292.0000","1257.0000","1290.0000","1290.0000","1299.0000","1274.0000","1296.0000","1257.0000","1299.0000","1257.0000","1296.0000"," ","0.0000","0.0000","74700","95721400","1281.4110"
"20201211","01","11","    36550","JP3831460005","4545.0000","4585.0000","4500.0000","4570.0000","4550.0000","4555.0000","4455.0000","4495.0000","4545.0000","4585.0000","4455.0000","4495.0000"," ","0.0000","0.0000","70900","320132500","4515.2680"
"20201211","01","11","    36560","JP3268870007","1002.0000","1023.0000","1001.0000","1018.0000","1018.0000","1025.0000","1012.0000","1019.0000","1002.0000","1025.0000","1001.0000","1019.0000"," ","0.0000","0.0000","347300","353107000","1016.7204"
"20201211","01","11","    36570","JP3855950006","1068.0000","1073.0000","1058.0000","1068.0000","1061.0000","1071.0000","1060.0000","1069.0000","1068.0000","1073.0000","1058.0000","1069.0000"," ","0.0000","0.0000","199600","213010300","1067.1859"
"20201211","01","11","    36580","JP3130820008","2610.0000","2686.0000","2610.0000","2666.0000","2674.0000","2674.0000","2622.0000","2650.0000","2610.0000","2686.0000","2610.0000","2650.0000"," ","0.0000","0.0000","91100","241203100","2647.6740"
"20201211","01","11","    36590","JP3758190007","2998.0000","3165.0000","2995.0000","3145.0000","3145.0000","3145.0000","3090.0000","3105.0000","2998.0000","3165.0000","2995.0000","3105.0000"," ","0.0000","0.0000","3515400","10839262600","3083.3654"
"20201211","01","11","    36600","JP3102320003","418.0000","426.0000","411.0000","417.0000","419.0000","419.0000","408.0000","415.0000","418.0000","426.0000","408.0000","415.0000"," ","0.0000","0.0000","1012800","419391500","414.0911"
"20201211","01","11","    36610","JP3167310006","2530.0000","2580.0000","2506.0000","2571.0000","2557.0000","2588.0000","2546.0000","2586.0000","2530.0000","2588.0000","2506.0000","2586.0000"," ","0.0000","0.0000","124200","317797300","2558.7544"
"20201211","01","11","    36620","JP3160890004","1084.0000","1107.0000","1060.0000","1103.0000","1100.0000","1127.0000","1092.0000","1125.0000","1084.0000","1127.0000","1060.0000","1125.0000"," ","0.0000","0.0000","222400","244432500","1099.0670"
"20201211","01","11","    36650","JP3164590006","1286.0000","1370.0000","1275.0000","1367.0000","1365.0000","1388.0000","1354.0000","1382.0000","1286.0000","1388.0000","1275.0000","1382.0000"," ","0.0000","0.0000","696600","943357100","1354.2307"
"20201211","01","11","    36660","JP3545230009","695.0000","713.0000","695.0000","708.0000","705.0000","707.0000","700.0000","705.0000","695.0000","713.0000","695.0000","705.0000"," ","0.0000","0.0000","87600","61701000","704.3493"
"20201211","01","11","    36670","JP3164580007","468.0000","475.0000","467.0000","473.0000","470.0000","479.0000","470.0000","476.0000","468.0000","479.0000","467.0000","476.0000"," ","0.0000","0.0000","213200","100869800","473.1229"
"20201211","01","11","    36680","JP3305960001","953.0000","974.0000","950.0000","973.0000","970.0000","982.0000","970.0000","982.0000","953.0000","982.0000","950.0000","982.0000"," ","0.0000","0.0000","1286600","1247599500","969.6872"
"20201211","01","11","    36720","JP3201800004","423.0000","430.0000","422.0000","426.0000","424.0000","428.0000","424.0000","426.0000","423.0000","430.0000","422.0000","426.0000"," ","0.0000","0.0000","81600","34677400","424.9681"
"20201211","01","11","    36730","JP3831490002","717.0000","720.0000","699.0000","706.0000","706.0000","713.0000","704.0000","713.0000","717.0000","720.0000","699.0000","713.0000"," ","0.0000","0.0000","642900","457168100","711.1030"
"20201211","01","11","    36750","JP3272760004","364.0000","371.0000","359.0000","369.0000","369.0000","371.0000","367.0000","367.0000","364.0000","371.0000","359.0000","367.0000"," ","0.0000","0.0000","89100","32585300","365.7160"
"20201211","01","11","    36760","JP3765110006","1248.0000","1249.0000","1226.0000","1244.0000","1238.0000","1241.0000","1230.0000","1236.0000","1248.0000","1249.0000","1226.0000","1236.0000"," ","0.0000","0.0000","53700","66379200","1236.1117"
"20201211","01","11","    36770","JP3350940007","1113.0000","1133.0000","1104.0000","1130.0000","1130.0000","1130.0000","1117.0000","1129.0000","1113.0000","1133.0000","1104.0000","1129.0000"," ","0.0000","0.0000","121500","136342700","1122.1621"
"20201211","01","11","    36780","JP3921230003","6900.0000","7050.0000","6860.0000","7040.0000","7070.0000","7100.0000","7000.0000","7100.0000","6900.0000","7100.0000","6860.0000","7100.0000"," ","0.0000","0.0000","82100","574537000","6998.0146"
"20201211","01","11","    36790","JP3386490001","337.0000","340.0000","334.0000","339.0000","340.0000","342.0000","338.0000","339.0000","337.0000","342.0000","334.0000","339.0000"," ","0.0000","0.0000","398700","134863200","338.2573"
"20201211","01","11","    36810","JP3829750003","3165.0000","3285.0000","3135.0000","3275.0000","3290.0000","3320.0000","3205.0000","3220.0000","3165.0000","3320.0000","3135.0000","3220.0000"," ","0.0000","0.0000","2395200","7738321000","3230.7619"
"20201211","01","11","    36820","JP3168300006","762.0000","797.0000","762.0000","796.0000","793.0000","810.0000","793.0000","794.0000","762.0000","810.0000","762.0000","794.0000"," ","0.0000","0.0000","31100","24579800","790.3473"
"20201211","01","11","    36830","JP3311540003","6720.0000","7130.0000","6540.0000","6970.0000","7010.0000","7010.0000","6700.0000","6830.0000","6720.0000","7130.0000","6540.0000","6830.0000"," ","0.0000","0.0000","1160800","7952865000","6851.1931"
"20201211","01","11","    36860","JP3548760002","341.0000","344.0000","335.0000","341.0000","341.0000","342.0000","337.0000","342.0000","341.0000","344.0000","335.0000","342.0000"," ","0.0000","0.0000","281100","95442500","339.5322"
"20201211","01","11","    36870","JP3802950000","960.0000","967.0000","954.0000","958.0000","960.0000","964.0000","952.0000","964.0000","960.0000","967.0000","952.0000","964.0000"," ","0.0000","0.0000","100800","96578600","958.1210"
"20201211","01","11","    36880","JP3855650002","1255.0000","1282.0000","1240.0000","1248.0000","1245.0000","1255.0000","1239.0000","1249.0000","1255.0000","1282.0000","1239.0000","1249.0000"," ","0.0000","0.0000","51600","64541400","1250.8023"
"20201211","01","11","    36940","JP3197690005","2825.0000","2845.0000","2771.0000","2844.0000","2839.0000","2859.0000","2820.0000","2859.0000","2825.0000","2859.0000","2771.0000","2859.0000"," ","0.0000","0.0000","300400","846964700","2819.4564"
"20201211","01","11","    36960","JP3423570005","2530.0000","2664.0000","2520.0000","2657.0000","2656.0000","2669.0000","2603.0000","2606.0000","2530.0000","2669.0000","2520.0000","2606.0000"," ","0.0000","0.0000","628000","1642689000","2615.7468"
"20201211","01","11","    36970","JP3355400007","13340.0000","13860.0000","13310.0000","13840.0000","13840.0000","13880.0000","13690.0000","13870.0000","13340.0000","13880.0000","13310.0000","13870.0000"," ","0.0000","0.0000","166800","2284883000","13698.3393"
"20201211","01","11","    37080","JP3624900001","5170.0000","5210.0000","5170.0000","5170.0000","5200.0000","5220.0000","5170.0000","5200.0000","5170.0000","5220.0000","5170.0000","5200.0000"," ","0.0000","0.0000","13200","68465000","5186.7424"
"20201211","01","11","    37380","JP3893700009","1811.0000","1815.0000","1799.0000","1799.0000","1800.0000","1818.0000","1797.0000","1818.0000","1811.0000","1818.0000","1797.0000","1818.0000"," ","0.0000","0.0000","65900","119229000","1809.2413"
"20201211","01","11","    37410","JP3422190003","2971.0000","3010.0000","2952.0000","2989.0000","2995.0000","3010.0000","2985.0000","3005.0000","2971.0000","3010.0000","2952.0000","3005.0000"," ","0.0000","0.0000","19100","56930000","2980.6283"
"20201211","01","11","    37510","JP3385840008","686.0000","746.0000","686.0000","743.0000","740.0000","743.0000","718.0000","718.0000","686.0000","746.0000","686.0000","718.0000"," ","0.0000","0.0000","311100","223258900","717.6435"
"20201211","01","11","    37620","JP3545130001","2054.0000","2105.0000","2054.0000","2102.0000","2105.0000","2105.0000","2070.0000","2100.0000","2054.0000","2105.0000","2054.0000","2100.0000"," ","0.0000","0.0000","243000","505477300","2080.1535"
"20201211","01","11","    37630","JP3833730009","1435.0000","1449.0000","1409.0000","1449.0000","1444.0000","1447.0000","1433.0000","1433.0000","1435.0000","1449.0000","1409.0000","1433.0000"," ","0.0000","0.0000","16900","24307500","1438.3136"
"20201211","01","11","    37650","JP3235900002","2649.0000","2662.0000","2634.0000","2653.0000","2655.0000","2655.0000","2637.0000","2650.0000","2649.0000","2662.0000","2634.0000","2650.0000"," ","0.0000","0.0000","418400","1107712000","2647.4952"
"20201211","01","11","    37690","JP3385890003","13650.0000","14120.0000","13570.0000","14120.0000","14120.0000","14250.0000","14080.0000","14240.0000","13650.0000","14250.0000","13570.0000","14240.0000"," ","0.0000","0.0000","305200","4282719000","14032.5000"
"20201211","01","11","    37700","JP3345770006","484.0000","492.0000","468.0000","484.0000","484.0000","493.0000","477.0000","492.0000","484.0000","493.0000","468.0000","492.0000"," ","0.0000","0.0000","69800","33773600","483.8625"
"20201211","01","11","    37710","JP3351070002","1596.0000","1613.0000","1596.0000","1613.0000","1612.0000","1612.0000","1588.0000","1596.0000","1596.0000","1613.0000","1588.0000","1596.0000"," ","0.0000","0.0000","24900","39866000","1601.0442"
"20201211","01","11","    37740","JP3152820001","4110.0000","4265.0000","4110.0000","4190.0000","4180.0000","4200.0000","4155.0000","4200.0000","4110.0000","4265.0000","4110.0000","4200.0000"," ","0.0000","0.0000","303000","1266664500","4180.4109"
"20201211","01","11","    37780","JP3317300006","684.0000","697.0000","682.0000","689.0000","690.0000","694.0000","688.0000","693.0000","684.0000","697.0000","682.0000","693.0000"," ","0.0000","0.0000","177500","122651500","690.9944"
"20201211","01","11","    37840","JP3159980006","1233.0000","1233.0000","1216.0000","1223.0000","1223.0000","1228.0000","1220.0000","1226.0000","1233.0000","1233.0000","1216.0000","1226.0000"," ","0.0000","0.0000","14800","18127400","1224.8243"
"20201211","01","11","    37880","JP3386040004","9500.0000","10030.0000","9500.0000","9950.0000","9950.0000","10050.0000","9810.0000","9990.0000","9500.0000","10050.0000","9500.0000","9990.0000"," ","0.0000","0.0000","299700","2953190000","9853.8205"
"20201211","01","11","    38170","JP3161450006","2464.0000","2476.0000","2449.0000","2460.0000","2461.0000","2506.0000","2461.0000","2504.0000","2464.0000","2506.0000","2449.0000","2504.0000"," ","0.0000","0.0000","14400","35643400","2475.2361"
"20201211","01","11","    38260","JP3350930008","647.0000","650.0000","636.0000","648.0000","649.0000","652.0000","646.0000","652.0000","647.0000","652.0000","636.0000","652.0000"," ","0.0000","0.0000","59900","38703500","646.1352"
"20201211","01","11","    38340","JP3115800009","857.0000","873.0000","856.0000","873.0000","870.0000","875.0000","867.0000","872.0000","857.0000","875.0000","856.0000","872.0000"," ","0.0000","0.0000","114900","99515900","866.1088"
"20201211","01","11","    38350","JP3130790003","1060.0000","1077.0000","1057.0000","1067.0000","1066.0000","1066.0000","1043.0000","1050.0000","1060.0000","1077.0000","1043.0000","1050.0000"," ","0.0000","0.0000","129600","137125200","1058.0648"
"20201211","01","11","    38360","JP3548680002","1166.0000","1184.0000","1152.0000","1176.0000","1175.0000","1188.0000","1170.0000","1188.0000","1166.0000","1188.0000","1152.0000","1188.0000"," ","0.0000","0.0000","91100","106914700","1173.5971"
"20201211","01","11","    38370","JP3122030004","3000.0000","3010.0000","2949.0000","2955.0000","2954.0000","2969.0000","2937.0000","2960.0000","3000.0000","3010.0000","2937.0000","2960.0000"," ","0.0000","0.0000","58600","173951300","2968.4522"
"20201211","01","11","    38430","JP3826720009","945.0000","958.0000","943.0000","953.0000","958.0000","960.0000","946.0000","959.0000","945.0000","960.0000","943.0000","959.0000"," ","0.0000","0.0000","164100","156410600","953.1420"
"20201211","01","11","    38440","JP3305560009","3125.0000","3150.0000","3100.0000","3120.0000","3105.0000","3140.0000","3100.0000","3140.0000","3125.0000","3150.0000","3100.0000","3140.0000"," ","0.0000","0.0000","112500","350558500","3116.0756"
"20201211","01","11","    38520","JP3311510006","1765.0000","1765.0000","1734.0000","1753.0000","1760.0000","1772.0000","1745.0000","1772.0000","1765.0000","1772.0000","1734.0000","1772.0000"," ","0.0000","0.0000","15700","27542700","1754.3121"
"20201211","01","11","    38530","JP3153470004","1058.0000","1120.0000","1058.0000","1105.0000","1100.0000","1100.0000","1070.0000","1086.0000","1058.0000","1120.0000","1058.0000","1086.0000"," ","0.0000","0.0000","650700","708056800","1088.1463"
"20201211","01","11","    38540","JP3105180008","1536.0000","1555.0000","1517.0000","1531.0000","1535.0000","1560.0000","1528.0000","1560.0000","1536.0000","1560.0000","1517.0000","1560.0000"," ","0.0000","0.0000","161200","249065200","1545.0695"
"20201211","01","11","    38610","JP3174410005","553.0000","555.0000","536.0000","537.0000","536.0000","539.0000","534.0000","535.0000","553.0000","555.0000","534.0000","535.0000"," ","0.0000","0.0000","3965800","2141976100","540.1120"
"20201211","01","11","    38630","JP3721600009","1224.0000","1228.0000","1205.0000","1207.0000","1206.0000","1213.0000","1205.0000","1210.0000","1224.0000","1228.0000","1205.0000","1210.0000"," ","0.0000","0.0000","461900","559881000","1212.1260"
"20201211","01","11","    38640","JP3901200000","325.0000","325.0000","321.0000","324.0000","322.0000","324.0000","321.0000","321.0000","325.0000","325.0000","321.0000","321.0000"," ","0.0000","0.0000","38200","12336600","322.9476"
"20201211","01","11","    38650","JP3841800000","373.0000","375.0000","369.0000","369.0000","369.0000","377.0000","368.0000","375.0000","373.0000","377.0000","368.0000","375.0000"," ","0.0000","0.0000","499000","186175700","373.0976"
"20201211","01","11","    38770","JP3513400006","1337.0000","1337.0000","1312.0000","1321.0000","1313.0000","1313.0000","1301.0000","1313.0000","1337.0000","1337.0000","1301.0000","1313.0000"," ","0.0000","0.0000","25500","33828300","1326.6000"
"20201211","01","11","    38780","JP3631000001","799.0000","800.0000","797.0000","800.0000","800.0000","804.0000","800.0000","803.0000","799.0000","804.0000","797.0000","803.0000"," ","0.0000","0.0000","7400","5922400","800.3243"
"20201211","01","11","    38800","JP3440400004","1778.0000","1794.0000","1775.0000","1784.0000","1780.0000","1804.0000","1777.0000","1804.0000","1778.0000","1804.0000","1775.0000","1804.0000"," ","0.0000","0.0000","199800","357327700","1788.4269"
"20201211","01","11","    38960","JP3127000002","482.0000","485.0000","474.0000","485.0000","485.0000","494.0000","484.0000","494.0000","482.0000","494.0000","474.0000","494.0000"," ","0.0000","0.0000","19200","9284800","483.5833"
"20201211","01","11","    39010","JP3860210008","2785.0000","2879.0000","2764.0000","2851.0000","2845.0000","2863.0000","2835.0000","2856.0000","2785.0000","2879.0000","2764.0000","2856.0000"," ","0.0000","0.0000","76700","217891900","2840.8331"
"20201211","01","11","    39020","JP3921250001","2594.0000","2693.0000","2588.0000","2675.0000","2671.0000","2672.0000","2622.0000","2633.0000","2594.0000","2693.0000","2588.0000","2633.0000"," ","0.0000","0.0000","1030400","2730246900","2649.6961"
"20201211","01","11","    39030","JP3273810006","871.0000","881.0000","825.0000","835.0000","836.0000","836.0000","813.0000","826.0000","871.0000","881.0000","813.0000","826.0000"," ","0.0000","0.0000","2671500","2241157800","838.9136"
"20201211","01","11","    39090","JP3360120004","1028.0000","1056.0000","1012.0000","1055.0000","1046.0000","1050.0000","1024.0000","1043.0000","1028.0000","1056.0000","1012.0000","1043.0000"," ","0.0000","0.0000","346500","358960300","1035.9605"
"20201211","01","11","    39120","JP3922980002","1005.0000","1022.0000","1003.0000","1018.0000","1018.0000","1024.0000","1015.0000","1022.0000","1005.0000","1024.0000","1003.0000","1022.0000"," ","0.0000","0.0000","56100","56897200","1014.2103"
"20201211","01","11","    39150","JP3546300009","4260.0000","4310.0000","4240.0000","4290.0000","4265.0000","4320.0000","4260.0000","4320.0000","4260.0000","4320.0000","4240.0000","4320.0000"," ","0.0000","0.0000","101000","432573500","4282.9059"
"20201211","01","11","    39160","JP3549060006","1474.0000","1489.0000","1468.0000","1481.0000","1480.0000","1481.0000","1473.0000","1474.0000","1474.0000","1489.0000","1468.0000","1474.0000"," ","0.0000","0.0000","65600","96908600","1477.2652"
"20201211","01","11","    39180","JP3801470000","1228.0000","1262.0000","1228.0000","1255.0000","1248.0000","1259.0000","1237.0000","1256.0000","1228.0000","1262.0000","1228.0000","1256.0000"," ","0.0000","0.0000","33800","42113400","1245.9586"
"20201211","01","11","    39190","JP3780550004","1612.0000","1639.0000","1599.0000","1632.0000","1632.0000","1638.0000","1615.0000","1632.0000","1612.0000","1639.0000","1599.0000","1632.0000"," ","0.0000","0.0000","45500","73911400","1624.4264"
"20201211","01","11","    39200","JP3104940006","1180.0000","1209.0000","1164.0000","1196.0000","1196.0000","1196.0000","1174.0000","1182.0000","1180.0000","1209.0000","1164.0000","1182.0000"," ","0.0000","0.0000","36300","42992400","1184.3636"
"20201211","01","11","    39210","JP3758230001","2546.0000","2645.0000","2529.0000","2615.0000","2620.0000","2626.0000","2584.0000","2621.0000","2546.0000","2645.0000","2529.0000","2621.0000"," ","0.0000","0.0000","74400","192879100","2592.4610"
"20201211","01","11","    39220","JP3801050000","3100.0000","3330.0000","3080.0000","3290.0000","3290.0000","3290.0000","3220.0000","3260.0000","3100.0000","3330.0000","3080.0000","3260.0000"," ","0.0000","0.0000","221200","718129000","3246.5145"
"20201211","01","11","    39240","JP3968840003","1120.0000","1120.0000","1120.0000","1120.0000","1120.0000","1120.0000","1119.0000","1119.0000","1120.0000","1120.0000","1119.0000","1119.0000"," ","0.0000","0.0000","3800","4255700","1119.9211"
"20201211","01","11","    39250","JP3505980007","4160.0000","4210.0000","4150.0000","4175.0000","4175.0000","4190.0000","4140.0000","4190.0000","4160.0000","4210.0000","4140.0000","4190.0000"," ","0.0000","0.0000","41500","172933000","4167.0602"
"20201211","01","11","    39260","JP3173560008","1394.0000","1411.0000","1363.0000","1371.0000","1384.0000","1386.0000","1355.0000","1372.0000","1394.0000","1411.0000","1355.0000","1372.0000"," ","0.0000","0.0000","153800","212957600","1384.6398"
"20201211","01","11","    39280","JP3860330004","860.0000","881.0000","860.0000","880.0000","879.0000","880.0000","863.0000","871.0000","860.0000","881.0000","860.0000","871.0000"," ","0.0000","0.0000","152300","132786300","871.8733"
"20201211","01","11","    39320","JP3107000006","4415.0000","4465.0000","4375.0000","4390.0000","4410.0000","4425.0000","4380.0000","4405.0000","4415.0000","4465.0000","4375.0000","4405.0000"," ","0.0000","0.0000","62900","277951500","4418.9428"
"20201211","01","11","    39340","JP3835680004","1679.0000","1705.0000","1671.0000","1705.0000","1705.0000","1713.0000","1691.0000","1710.0000","1679.0000","1713.0000","1671.0000","1710.0000"," ","0.0000","0.0000","32600","55160100","1692.0276"
"20201211","01","11","    39370","JP3160910000","3220.0000","3295.0000","3180.0000","3275.0000","3285.0000","3350.0000","3260.0000","3310.0000","3220.0000","3350.0000","3180.0000","3310.0000"," ","0.0000","0.0000","116200","380037000","3270.5422"
"20201211","01","11","    39380","JP3966750006","5360.0000","5370.0000","5360.0000","5360.0000","5360.0000","5370.0000","5360.0000","5360.0000","5360.0000","5370.0000","5360.0000","5360.0000"," ","0.0000","0.0000","320000","1715285000","5360.2656"
"20201211","01","11","    39390","JP3215100003","764.0000","776.0000","764.0000","770.0000","768.0000","770.0000","761.0000","768.0000","764.0000","776.0000","761.0000","768.0000"," ","0.0000","0.0000","164500","126317500","767.8875"
"20201211","01","11","    39400","JP3762500001","360.0000","366.0000","358.0000","365.0000","365.0000","366.0000","360.0000","365.0000","360.0000","366.0000","358.0000","365.0000"," ","0.0000","0.0000","125900","45697600","362.9674"
"20201211","01","11","    39410","JP3981400009","826.0000","830.0000","818.0000","821.0000","822.0000","829.0000","819.0000","827.0000","826.0000","830.0000","818.0000","827.0000"," ","0.0000","0.0000","557900","460212500","824.9014"
"20201211","01","11","    39460","JP3554000004","1715.0000","1715.0000","1691.0000","1695.0000","1685.0000","1712.0000","1683.0000","1707.0000","1715.0000","1715.0000","1683.0000","1707.0000"," ","0.0000","0.0000","11200","19109900","1706.2411"
"20201211","01","11","    39500","JP3345900009","2935.0000","2958.0000","2929.0000","2942.0000","2942.0000","2986.0000","2941.0000","2968.0000","2935.0000","2986.0000","2929.0000","2968.0000"," ","0.0000","0.0000","41800","123047700","2943.7249"
"20201211","01","11","    39620","JP3507750002","7540.0000","7890.0000","7480.0000","7890.0000","7890.0000","7890.0000","7640.0000","7760.0000","7540.0000","7890.0000","7480.0000","7760.0000"," ","0.0000","0.0000","810600","6257438000","7719.5139"
"20201211","01","11","    39630","JP3372300008","314.0000","314.0000","307.0000","309.0000","308.0000","312.0000","308.0000","312.0000","314.0000","314.0000","307.0000","312.0000"," ","0.0000","0.0000","40700","12622700","310.1400"
"20201211","01","11","    39640","JP3172060000","1456.0000","1461.0000","1437.0000","1442.0000","1442.0000","1453.0000","1441.0000","1443.0000","1456.0000","1461.0000","1437.0000","1443.0000"," ","0.0000","0.0000","29200","42410200","1452.4041"
"20201211","01","11","    39680","JP3421350004","1347.0000","1408.0000","1345.0000","1396.0000","1396.0000","1398.0000","1371.0000","1393.0000","1347.0000","1408.0000","1345.0000","1393.0000"," ","0.0000","0.0000","130500","180939500","1386.5096"
"20201211","01","11","    39690","JP3160930008","2539.0000","2596.0000","2533.0000","2589.0000","2577.0000","2596.0000","2553.0000","2596.0000","2539.0000","2596.0000","2533.0000","2596.0000"," ","0.0000","0.0000","33000","84859900","2571.5121"
"20201211","01","11","    39750","JP3105330009","417.0000","422.0000","417.0000","422.0000","421.0000","424.0000","420.0000","424.0000","417.0000","424.0000","417.0000","424.0000"," ","0.0000","0.0000","60900","25516900","418.9967"
"20201211","01","11","    39780","JP3863030007","689.0000","698.0000","684.0000","693.0000","692.0000","696.0000","690.0000","696.0000","689.0000","698.0000","684.0000","696.0000"," ","0.0000","0.0000","120200","83247200","692.5724"
"20201211","01","11","    39810","JP3799710003","1842.0000","1870.0000","1818.0000","1862.0000","1862.0000","1876.0000","1839.0000","1871.0000","1842.0000","1876.0000","1818.0000","1871.0000"," ","0.0000","0.0000","124400","230791400","1855.2363"
"20201211","01","11","    39830","JP3201900002","4430.0000","4475.0000","4370.0000","4420.0000","4420.0000","4430.0000","4350.0000","4395.0000","4430.0000","4475.0000","4350.0000","4395.0000"," ","0.0000","0.0000","26900","118354500","4399.7955"
"20201211","01","11","    39840","JP3944410004","3860.0000","3950.0000","3830.0000","3905.0000","3895.0000","3900.0000","3840.0000","3845.0000","3860.0000","3950.0000","3830.0000","3845.0000"," ","0.0000","0.0000","40100","155847000","3886.4589"
"20201211","01","11","    39850","JP3545850004","1141.0000","1178.0000","1132.0000","1175.0000","1175.0000","1178.0000","1155.0000","1167.0000","1141.0000","1178.0000","1132.0000","1167.0000"," ","0.0000","0.0000","87100","101009700","1159.6980"
"20201211","01","11","    39920","JP3654100001","680.0000","699.0000","680.0000","696.0000","696.0000","698.0000","690.0000","697.0000","680.0000","699.0000","680.0000","697.0000"," ","0.0000","0.0000","80100","55236200","689.5905"
"20201211","01","11","    39960","JP3312170008","877.0000","888.0000","875.0000","877.0000","877.0000","880.0000","872.0000","878.0000","877.0000","888.0000","872.0000","878.0000"," ","0.0000","0.0000","81500","71667400","879.3546"
"20201211","01","11","    40040","JP3368000000","2195.0000","2274.0000","2195.0000","2258.0000","2257.0000","2273.0000","2242.0000","2257.0000","2195.0000","2274.0000","2195.0000","2257.0000"," ","0.0000","0.0000","4006200","9009866000","2248.9806"
"20201211","01","11","    40050","JP3401400001","412.0000","415.0000","405.0000","406.0000","406.0000","410.0000","405.0000","408.0000","412.0000","415.0000","405.0000","408.0000"," ","0.0000","0.0000","9857400","4032073800","409.0403"
"20201211","01","11","    40080","JP3405600002","3940.0000","3980.0000","3940.0000","3975.0000","3955.0000","3985.0000","3950.0000","3975.0000","3940.0000","3985.0000","3940.0000","3975.0000"," ","0.0000","0.0000","12600","49912000","3961.2698"
"20201211","01","11","    40210","JP3670800006","6270.0000","6350.0000","6170.0000","6240.0000","6260.0000","6310.0000","6230.0000","6250.0000","6270.0000","6350.0000","6170.0000","6250.0000"," ","0.0000","0.0000","482900","3025568000","6265.4131"
"20201211","01","11","    40220","JP3967400007","2248.0000","2267.0000","2230.0000","2263.0000","2263.0000","2263.0000","2231.0000","2247.0000","2248.0000","2267.0000","2230.0000","2247.0000"," ","0.0000","0.0000","45200","101405800","2243.4912"
"20201211","01","11","    40230","JP3271600003","6390.0000","6400.0000","6200.0000","6260.0000","6260.0000","6350.0000","6230.0000","6310.0000","6390.0000","6400.0000","6200.0000","6310.0000"," ","0.0000","0.0000","165700","1044166000","6301.5450"
"20201211","01","11","    40250","JP3461000006","6620.0000","6710.0000","6610.0000","6620.0000","6600.0000","6680.0000","6600.0000","6650.0000","6620.0000","6710.0000","6600.0000","6650.0000"," ","0.0000","0.0000","12300","81662000","6639.1870"
"20201211","01","11","    40270","JP3539300008","1564.0000","1594.0000","1564.0000","1594.0000","1589.0000","1623.0000","1588.0000","1623.0000","1564.0000","1623.0000","1564.0000","1623.0000"," ","0.0000","0.0000","24000","38092700","1587.1958"
"20201211","01","11","    40280","JP3136800004","625.0000","634.0000","624.0000","627.0000","625.0000","630.0000","624.0000","628.0000","625.0000","634.0000","624.0000","628.0000"," ","0.0000","0.0000","184000","115268000","626.4565"
"20201211","01","11","    40310","JP3211800002","1240.0000","1240.0000","1231.0000","1231.0000","1231.0000","1231.0000","1219.0000","1230.0000","1240.0000","1240.0000","1219.0000","1230.0000"," ","0.0000","0.0000","5900","7274000","1232.8814"
"20201211","01","11","    40410","JP3726200003","2891.0000","2894.0000","2846.0000","2860.0000","2870.0000","2888.0000","2855.0000","2888.0000","2891.0000","2894.0000","2846.0000","2888.0000"," ","0.0000","0.0000","75300","216518700","2875.4143"
"20201211","01","11","    40420","JP3595200001","1779.0000","1790.0000","1735.0000","1743.0000","1742.0000","1754.0000","1736.0000","1754.0000","1779.0000","1790.0000","1735.0000","1754.0000"," ","0.0000","0.0000","1258100","2211130100","1757.5154"
"20201211","01","11","    40430","JP3625000009","2359.0000","2386.0000","2327.0000","2346.0000","2345.0000","2367.0000","2339.0000","2366.0000","2359.0000","2386.0000","2327.0000","2366.0000"," ","0.0000","0.0000","394000","927695000","2354.5558"
"20201211","01","11","    40440","JP3425000001","2261.0000","2275.0000","2245.0000","2248.0000","2243.0000","2260.0000","2240.0000","2257.0000","2261.0000","2275.0000","2240.0000","2257.0000"," ","0.0000","0.0000","50700","114384900","2256.1124"
"20201211","01","11","    40450","JP3556400004","1281.0000","1292.0000","1270.0000","1283.0000","1276.0000","1291.0000","1276.0000","1290.0000","1281.0000","1292.0000","1270.0000","1290.0000"," ","0.0000","0.0000","298300","382833000","1283.3825"
"20201211","01","11","    40460","JP3485900009","2668.0000","2679.0000","2627.0000","2641.0000","2631.0000","2655.0000","2628.0000","2650.0000","2668.0000","2679.0000","2627.0000","2650.0000"," ","0.0000","0.0000","45500","120703700","2652.8286"
"20201211","01","11","    40470","JP3232600001","752.0000","755.0000","737.0000","744.0000","744.0000","753.0000","742.0000","751.0000","752.0000","755.0000","737.0000","751.0000"," ","0.0000","0.0000","229800","171783400","747.5344"
"20201211","01","11","    40610","JP3549600009","3865.0000","3905.0000","3770.0000","3800.0000","3800.0000","3840.0000","3800.0000","3840.0000","3865.0000","3905.0000","3770.0000","3840.0000"," ","0.0000","0.0000","613400","2347331500","3826.7550"
"20201211","01","11","    40620","JP3148800000","5050.0000","5100.0000","5000.0000","5020.0000","5010.0000","5090.0000","5010.0000","5060.0000","5050.0000","5100.0000","5000.0000","5060.0000"," ","0.0000","0.0000","589100","2975281000","5050.5534"
"20201211","01","11","    40630","JP3371200001","17150.0000","17275.0000","16880.0000","16995.0000","16985.0000","17110.0000","16970.0000","17055.0000","17150.0000","17275.0000","16880.0000","17055.0000"," ","0.0000","0.0000","1306900","22301074000","17064.1013"
"20201211","01","11","    40640","JP3690000009","1286.0000","1298.0000","1281.0000","1290.0000","1291.0000","1303.0000","1290.0000","1297.0000","1286.0000","1303.0000","1281.0000","1297.0000"," ","0.0000","0.0000","26500","34204100","1290.7208"
"20201211","01","11","    40780","JP3312800000","2047.0000","2069.0000","2004.0000","2004.0000","2010.0000","2030.0000","2005.0000","2029.0000","2047.0000","2069.0000","2004.0000","2029.0000"," ","0.0000","0.0000","32700","66352800","2029.1376"
"20201211","01","11","    40820","JP3474350000","803.0000","810.0000","780.0000","785.0000","791.0000","798.0000","787.0000","788.0000","803.0000","810.0000","780.0000","788.0000"," ","0.0000","0.0000","140200","111158000","792.8531"
"20201211","01","11","    40880","JP3160670000","1784.0000","1807.0000","1782.0000","1806.0000","1806.0000","1832.0000","1794.0000","1829.0000","1784.0000","1832.0000","1782.0000","1829.0000"," ","0.0000","0.0000","900400","1627640300","1807.6858"
"20201211","01","11","    40910","JP3711600001","1787.0000","1803.0000","1780.0000","1792.0000","1790.0000","1816.0000","1788.0000","1808.0000","1787.0000","1816.0000","1780.0000","1808.0000"," ","0.0000","0.0000","813900","1464611700","1799.4983"
"20201211","01","11","    40920","JP3691600005","2576.0000","2590.0000","2554.0000","2564.0000","2571.0000","2582.0000","2567.0000","2571.0000","2576.0000","2590.0000","2554.0000","2571.0000"," ","0.0000","0.0000","21900","56374800","2574.1918"
"20201211","01","11","    40930","JP3599400003","1271.0000","1272.0000","1263.0000","1270.0000","1275.0000","1548.0000","1275.0000","1548.0000","1271.0000","1548.0000","1263.0000","1548.0000"," ","0.0000","0.0000","65000","95673600","1471.9015"
"20201211","01","11","    40950","JP3744600002","1100.0000","1101.0000","1085.0000","1089.0000","1084.0000","1102.0000","1081.0000","1097.0000","1100.0000","1102.0000","1081.0000","1097.0000"," ","0.0000","0.0000","200000","219131200","1095.6560"
"20201211","01","11","    40970","JP3285800003","832.0000","841.0000","825.0000","833.0000","834.0000","856.0000","833.0000","837.0000","832.0000","856.0000","825.0000","837.0000"," ","0.0000","0.0000","159200","133763500","840.2230"
"20201211","01","11","    40980","JP3509000000","2301.0000","2387.0000","2278.0000","2371.0000","2382.0000","2384.0000","2341.0000","2384.0000","2301.0000","2387.0000","2278.0000","2384.0000"," ","0.0000","0.0000","40400","94511100","2339.3837"
"20201211","01","11","    40990","JP3349600001","1192.0000","1209.0000","1192.0000","1202.0000","1199.0000","1207.0000","1199.0000","1207.0000","1192.0000","1209.0000","1192.0000","1207.0000"," ","0.0000","0.0000","41300","49429700","1196.8450"
"20201211","01","11","    41000","JP3627400009","2400.0000","2425.0000","2342.0000","2420.0000","2430.0000","2430.0000","2391.0000","2410.0000","2400.0000","2430.0000","2342.0000","2410.0000"," ","0.0000","0.0000","41500","99277000","2392.2169"
"20201211","01","11","    41090","JP3399720006","3410.0000","3440.0000","3380.0000","3410.0000","3410.0000","3415.0000","3380.0000","3405.0000","3410.0000","3440.0000","3380.0000","3405.0000"," ","0.0000","0.0000","37000","125845000","3401.2162"
"20201211","01","11","    41120","JP3852600000","4555.0000","4630.0000","4535.0000","4550.0000","4530.0000","4565.0000","4510.0000","4545.0000","4555.0000","4630.0000","4510.0000","4545.0000"," ","0.0000","0.0000","31600","143672000","4546.5823"
"20201211","01","11","    41140","JP3715200006","5390.0000","5430.0000","5370.0000","5410.0000","5380.0000","5460.0000","5380.0000","5450.0000","5390.0000","5460.0000","5370.0000","5450.0000"," ","0.0000","0.0000","81200","439602000","5413.8177"
"20201211","01","11","    41160","JP3492200005","2413.0000","2420.0000","2371.0000","2389.0000","2392.0000","2401.0000","2382.0000","2397.0000","2413.0000","2420.0000","2371.0000","2397.0000"," ","0.0000","0.0000","50000","120308800","2406.1760"
"20201211","01","11","    41180","JP3215800008","3460.0000","3475.0000","3420.0000","3450.0000","3450.0000","3480.0000","3435.0000","3470.0000","3460.0000","3480.0000","3420.0000","3470.0000"," ","0.0000","0.0000","225100","777985500","3456.1773"
"20201211","01","11","    41510","JP3256000005","2831.0000","2858.0000","2816.0000","2839.0000","2840.0000","2851.0000","2837.0000","2843.0000","2831.0000","2858.0000","2816.0000","2843.0000"," ","0.0000","0.0000","822200","2334931300","2839.8581"
"20201211","01","11","    41820","JP3896800004","2320.0000","2338.0000","2288.0000","2296.0000","2290.0000","2309.0000","2286.0000","2302.0000","2320.0000","2338.0000","2286.0000","2302.0000"," ","0.0000","0.0000","1064900","2455563700","2305.9101"
"20201211","01","11","    41830","JP3888300005","2890.0000","2910.0000","2859.0000","2890.0000","2889.0000","2902.0000","2882.0000","2890.0000","2890.0000","2910.0000","2859.0000","2890.0000"," ","0.0000","0.0000","1087500","3140963800","2888.2426"
"20201211","01","11","    41850","JP3385980002","2801.0000","2808.0000","2770.0000","2792.0000","2792.0000","2819.0000","2790.0000","2816.0000","2801.0000","2819.0000","2770.0000","2816.0000"," ","0.0000","0.0000","1289800","3610331600","2799.1406"
"20201211","01","11","    41860","JP3571800006","7000.0000","7070.0000","6890.0000","6900.0000","6900.0000","6990.0000","6890.0000","6960.0000","7000.0000","7070.0000","6890.0000","6960.0000"," ","0.0000","0.0000","197200","1376456000","6980.0000"
"20201211","01","11","    41870","JP3187000009","2998.0000","3050.0000","2986.0000","3015.0000","3045.0000","3045.0000","3000.0000","3000.0000","2998.0000","3050.0000","2986.0000","3000.0000"," ","0.0000","0.0000","110500","333498900","3018.0896"
"20201211","01","11","    41880","JP3897700005","643.9000","649.7000","636.3000","644.5000","643.1000","644.4000","640.4000","643.9000","643.9000","649.7000","636.3000","643.9000"," ","0.0000","0.0000","5471700","3519330450","643.1878"
"20201211","01","11","    41890","JP3277040006","2747.0000","2761.0000","2731.0000","2752.0000","2739.0000","2795.0000","2739.0000","2789.0000","2747.0000","2795.0000","2731.0000","2789.0000"," ","0.0000","0.0000","130300","360551300","2767.0860"
"20201211","01","11","    42020","JP3485800001","722.0000","724.0000","707.0000","710.0000","710.0000","715.0000","706.0000","715.0000","722.0000","724.0000","706.0000","715.0000"," ","0.0000","0.0000","1627300","1159504300","712.5326"
"20201211","01","11","    42030","JP3409400003","3520.0000","3550.0000","3510.0000","3540.0000","3530.0000","3560.0000","3515.0000","3545.0000","3520.0000","3560.0000","3510.0000","3545.0000"," ","0.0000","0.0000","126000","444730500","3529.6071"
"20201211","01","11","    42040","JP3419400001","1920.0000","1928.0000","1891.0000","1896.0000","1891.0000","1905.0000","1888.0000","1902.0000","1920.0000","1928.0000","1888.0000","1902.0000"," ","0.0000","0.0000","1312000","2498553000","1904.3849"
"20201211","01","11","    42050","JP3725400000","1390.0000","1397.0000","1362.0000","1365.0000","1362.0000","1383.0000","1360.0000","1383.0000","1390.0000","1397.0000","1360.0000","1383.0000"," ","0.0000","0.0000","522100","718054400","1375.3197"
"20201211","01","11","    42060","JP3100800006","3660.0000","3690.0000","3645.0000","3650.0000","3650.0000","3715.0000","3645.0000","3715.0000","3660.0000","3715.0000","3645.0000","3715.0000"," ","0.0000","0.0000","128400","472257000","3678.0140"
"20201211","01","11","    42080","JP3158800007","1907.0000","1926.0000","1889.0000","1892.0000","1893.0000","1905.0000","1890.0000","1905.0000","1907.0000","1926.0000","1889.0000","1905.0000"," ","0.0000","0.0000","560100","1065122600","1901.6651"
"20201211","01","11","    42120","JP3420200002","2168.0000","2186.0000","2143.0000","2154.0000","2144.0000","2154.0000","2126.0000","2141.0000","2168.0000","2186.0000","2126.0000","2141.0000"," ","0.0000","0.0000","79900","171568500","2147.2904"
"20201211","01","11","    42150","JP3462200001","699.0000","700.0000","694.0000","694.0000","692.0000","699.0000","692.0000","698.0000","699.0000","700.0000","692.0000","698.0000"," ","0.0000","0.0000","97100","67581200","695.9959"
"20201211","01","11","    42160","JP3117200000","1550.0000","1563.0000","1543.0000","1562.0000","1563.0000","1578.0000","1562.0000","1575.0000","1550.0000","1578.0000","1543.0000","1575.0000"," ","0.0000","0.0000","30100","47027800","1562.3854"
"20201211","01","11","    42180","JP3662400005","1638.0000","1644.0000","1631.0000","1639.0000","1639.0000","1649.0000","1633.0000","1645.0000","1638.0000","1649.0000","1631.0000","1645.0000"," ","0.0000","0.0000","12700","20827800","1639.9843"
"20201211","01","11","    42200","JP3973000007","452.0000","457.0000","448.0000","452.0000","451.0000","454.0000","448.0000","451.0000","452.0000","457.0000","448.0000","451.0000"," ","0.0000","0.0000","63300","28582000","451.5324"
"20201211","01","11","    42210","JP3178400002","1834.0000","1850.0000","1803.0000","1804.0000","1820.0000","1849.0000","1814.0000","1841.0000","1834.0000","1850.0000","1803.0000","1841.0000"," ","0.0000","0.0000","26200","47929200","1829.3588"
"20201211","01","11","    42280","JP3419800002","536.0000","540.0000","534.0000","534.0000","534.0000","535.0000","531.0000","534.0000","536.0000","540.0000","531.0000","534.0000"," ","0.0000","0.0000","72300","38667500","534.8202"
"20201211","01","11","    42290","JP3274800006","2412.0000","2425.0000","2401.0000","2414.0000","2412.0000","2420.0000","2412.0000","2420.0000","2412.0000","2425.0000","2401.0000","2420.0000"," ","0.0000","0.0000","6700","16166100","2412.8507"
"20201211","01","11","    42310","JP3440800005","425.0000","428.0000","423.0000","428.0000","427.0000","427.0000","418.0000","421.0000","425.0000","428.0000","418.0000","421.0000"," ","0.0000","0.0000","45500","19258700","423.2681"
"20201211","01","11","    42380","JP3910570005","1165.0000","1189.0000","1165.0000","1178.0000","1177.0000","1188.0000","1173.0000","1183.0000","1165.0000","1189.0000","1165.0000","1183.0000"," ","0.0000","0.0000","37500","44213100","1179.0160"
"20201211","01","11","    42450","JP3480590003","1130.0000","1171.0000","1106.0000","1133.0000","1128.0000","1177.0000","1122.0000","1177.0000","1130.0000","1177.0000","1106.0000","1177.0000"," ","0.0000","0.0000","466900","532704700","1140.9396"
"20201211","01","11","    42460","JP3481300006","812.0000","813.0000","799.0000","811.0000","810.0000","810.0000","799.0000","802.0000","812.0000","813.0000","799.0000","802.0000"," ","0.0000","0.0000","257600","207433400","805.2539"
"20201211","01","11","    42480","JP3463300008","1009.0000","1014.0000","1003.0000","1007.0000","1006.0000","1013.0000","1004.0000","1010.0000","1009.0000","1014.0000","1003.0000","1010.0000"," ","0.0000","0.0000","42300","42678400","1008.9456"
"20201211","01","11","    42490","JP3927450001","2157.0000","2197.0000","2157.0000","2197.0000","2205.0000","2206.0000","2190.0000","2193.0000","2157.0000","2206.0000","2157.0000","2193.0000"," ","0.0000","0.0000","14700","32030400","2178.9388"
"20201211","01","11","    42720","JP3694400007","960.0000","964.0000","943.0000","944.0000","946.0000","964.0000","942.0000","962.0000","960.0000","964.0000","942.0000","962.0000"," ","0.0000","0.0000","893000","853727200","956.0215"
"20201211","01","11","    42750","JP3205320009","690.0000","701.0000","673.0000","694.0000","695.0000","696.0000","690.0000","691.0000","690.0000","701.0000","673.0000","691.0000"," ","0.0000","0.0000","136400","93704000","686.9795"
"20201211","01","11","    42820","JP3130770005","1009.0000","1014.0000","1002.0000","1003.0000","1001.0000","1018.0000","999.0000","1018.0000","1009.0000","1018.0000","999.0000","1018.0000"," ","0.0000","0.0000","89100","90010300","1010.2166"
"20201211","01","11","    42840","JP3436400000","970.0000","1008.0000","970.0000","1004.0000","1007.0000","1010.0000","999.0000","1005.0000","970.0000","1010.0000","970.0000","1005.0000"," ","0.0000","0.0000","76900","76268800","991.7919"
"20201211","01","11","    42860","JP3980300002","1847.0000","1858.0000","1826.0000","1847.0000","1847.0000","1879.0000","1845.0000","1876.0000","1847.0000","1879.0000","1826.0000","1876.0000"," ","0.0000","0.0000","49800","92311400","1853.6426"
"20201211","01","11","    42900","JP3833620002","958.0000","958.0000","944.0000","944.0000","943.0000","949.0000","942.0000","949.0000","958.0000","958.0000","942.0000","949.0000"," ","0.0000","0.0000","110900","105376800","950.1966"
"20201211","01","11","    42950","JP3802690002","754.0000","787.0000","754.0000","787.0000","787.0000","787.0000","780.0000","786.0000","754.0000","787.0000","754.0000","786.0000"," ","0.0000","0.0000","33600","25997900","773.7470"
"20201211","01","11","    42980","JP3833740008","1032.0000","1033.0000","1013.0000","1031.0000","1035.0000","1048.0000","1032.0000","1045.0000","1032.0000","1048.0000","1013.0000","1045.0000"," ","0.0000","0.0000","49800","51409400","1032.3173"
"20201211","01","11","    42990","JP3765250000","1135.0000","1166.0000","1135.0000","1156.0000","1149.0000","1161.0000","1140.0000","1152.0000","1135.0000","1166.0000","1135.0000","1152.0000"," ","0.0000","0.0000","13300","15244600","1146.2105"
"20201211","01","11","    43010","JP3124500004","2539.0000","2570.0000","2528.0000","2564.0000","2569.0000","2584.0000","2555.0000","2581.0000","2539.0000","2584.0000","2528.0000","2581.0000"," ","0.0000","0.0000","22400","57340700","2559.8527"
"20201211","01","11","    43070","JP3762800005","3370.0000","3400.0000","3365.0000","3380.0000","3375.0000","3440.0000","3365.0000","3435.0000","3370.0000","3440.0000","3365.0000","3435.0000"," ","0.0000","0.0000","1377400","4683434500","3400.1993"
"20201211","01","11","    43100","JP3639420003","1460.0000","1467.0000","1425.0000","1447.0000","1444.0000","1454.0000","1399.0000","1399.0000","1460.0000","1467.0000","1399.0000","1399.0000"," ","0.0000","0.0000","15100","21586300","1429.5563"
"20201211","01","11","    43120","JP3311570000","1030.0000","1042.0000","1019.0000","1037.0000","1037.0000","1047.0000","1034.0000","1037.0000","1030.0000","1047.0000","1019.0000","1037.0000"," ","0.0000","0.0000","362600","375254100","1034.8982"
"20201211","01","11","    43180","JP3266000003","1162.0000","1171.0000","1155.0000","1166.0000","1156.0000","1162.0000","1148.0000","1160.0000","1162.0000","1171.0000","1148.0000","1160.0000"," ","0.0000","0.0000","41100","47666300","1159.7640"
"20201211","01","11","    43190","JP3467200006","242.0000","242.0000","230.0000","232.0000","232.0000","235.0000","232.0000","234.0000","242.0000","242.0000","230.0000","234.0000"," ","0.0000","0.0000","98500","23206000","235.5939"
"20201211","01","11","    43200","JP3346350006","555.0000","567.0000","555.0000","562.0000","561.0000","569.0000","559.0000","567.0000","555.0000","569.0000","555.0000","567.0000"," ","0.0000","0.0000","56200","31599300","562.2651"
"20201211","01","11","    43210","JP3281630008","750.0000","750.0000","749.0000","750.0000","749.0000","750.0000","749.0000","749.0000","750.0000","750.0000","749.0000","749.0000"," ","0.0000","0.0000","1212600","908745000","749.4186"
"20201211","01","11","    43230","JP3712550007","1512.0000","1538.0000","1496.0000","1538.0000","1540.0000","1547.0000","1523.0000","1547.0000","1512.0000","1547.0000","1496.0000","1547.0000"," ","0.0000","0.0000","32900","50155100","1524.4711"
"20201211","01","11","    43240","JP3551520004","3320.0000","3350.0000","3260.0000","3260.0000","3260.0000","3285.0000","3250.0000","3270.0000","3320.0000","3350.0000","3250.0000","3270.0000"," ","0.0000","0.0000","876100","2883282500","3291.0427"
"20201211","01","11","    43260","JP3152790006","1056.0000","1067.0000","1051.0000","1060.0000","1058.0000","1071.0000","1056.0000","1071.0000","1056.0000","1071.0000","1051.0000","1071.0000"," ","0.0000","0.0000","398600","421555400","1057.5901"
"20201211","01","11","    43310","JP3539350003","577.0000","578.0000","563.0000","566.0000","565.0000","567.0000","558.0000","567.0000","577.0000","578.0000","558.0000","567.0000"," ","0.0000","0.0000","82200","46592900","566.8236"
"20201211","01","11","    43330","JP3601600004","927.0000","927.0000","923.0000","924.0000","925.0000","925.0000","923.0000","923.0000","927.0000","927.0000","923.0000","923.0000"," ","0.0000","0.0000","2900","2686100","926.2414"
"20201211","01","11","    43370","JP3801570007","2920.0000","2942.0000","2887.0000","2901.0000","2888.0000","2918.0000","2880.0000","2905.0000","2920.0000","2942.0000","2880.0000","2905.0000"," ","0.0000","0.0000","24900","72379200","2906.7952"
"20201211","01","11","    43430","JP3131420006","2342.0000","2390.0000","2335.0000","2374.0000","2344.0000","2375.0000","2341.0000","2367.0000","2342.0000","2390.0000","2335.0000","2367.0000"," ","0.0000","0.0000","42900","101521100","2366.4592"
"20201211","01","11","    43440","JP3431200009","297.0000","302.0000","297.0000","300.0000","300.0000","300.0000","298.0000","300.0000","297.0000","302.0000","297.0000","300.0000"," ","0.0000","0.0000","628400","187965600","299.1178"
"20201211","01","11","    43450","JP3346970001","1003.0000","1020.0000","990.0000","1013.0000","1019.0000","1038.0000","1017.0000","1032.0000","1003.0000","1038.0000","990.0000","1032.0000"," ","0.0000","0.0000","249000","253730000","1018.9960"
"20201211","01","11","    43460","JP3758020006","856.0000","863.0000","851.0000","860.0000","858.0000","863.0000","855.0000","863.0000","856.0000","863.0000","851.0000","863.0000"," ","0.0000","0.0000","35600","30514600","857.1517"
"20201211","01","11","    43480","JP3153450006","3320.0000","3380.0000","3315.0000","3375.0000","3375.0000","3390.0000","3340.0000","3360.0000","3320.0000","3390.0000","3315.0000","3360.0000"," ","0.0000","0.0000","146800","491957500","3351.2091"
"20201211","01","11","    43500","JP3920940008","613.0000","636.0000","612.0000","632.0000","634.0000","634.0000","624.0000","629.0000","613.0000","636.0000","612.0000","629.0000"," ","0.0000","0.0000","109800","68649600","625.2240"
"20201211","01","11","    43620","JP3720000003","1484.0000","1486.0000","1470.0000","1477.0000","1480.0000","1487.0000","1476.0000","1484.0000","1484.0000","1487.0000","1470.0000","1484.0000"," ","0.0000","0.0000","26300","38965000","1481.5589"
"20201211","01","11","    43680","JP3822600007","3760.0000","3810.0000","3760.0000","3785.0000","3785.0000","3825.0000","3760.0000","3800.0000","3760.0000","3825.0000","3760.0000","3800.0000"," ","0.0000","0.0000","64400","244064000","3789.8137"
"20201211","01","11","    43690","JP3636000006","14100.0000","14260.0000","13900.0000","13960.0000","13910.0000","13920.0000","13810.0000","13810.0000","14100.0000","14260.0000","13810.0000","13810.0000"," ","0.0000","0.0000","34000","474393000","13952.7353"
"20201211","01","11","    43820","JP3783070000","2910.0000","2973.0000","2910.0000","2951.0000","2974.0000","2999.0000","2950.0000","2999.0000","2910.0000","2999.0000","2910.0000","2999.0000"," ","0.0000","0.0000","71900","212448200","2954.7733"
"20201211","01","11","    43840","JP3967180005","4970.0000","4970.0000","4530.0000","4590.0000","4590.0000","4630.0000","4565.0000","4595.0000","4970.0000","4970.0000","4530.0000","4595.0000"," ","0.0000","0.0000","297100","1388371000","4673.0764"
"20201211","01","11","    43920","JP3166650006","278.0000","285.0000","278.0000","284.0000","283.0000","284.0000","280.0000","282.0000","278.0000","285.0000","278.0000","282.0000"," ","0.0000","0.0000","248600","69594600","279.9461"
"20201211","01","11","    43960","JP3350960005","1565.0000","1622.0000","1565.0000","1615.0000","1615.0000","1617.0000","1593.0000","1606.0000","1565.0000","1622.0000","1565.0000","1606.0000"," ","0.0000","0.0000","101800","163291400","1604.0413"
"20201211","01","11","    44010","JP3114800000","1769.0000","1789.0000","1751.0000","1759.0000","1750.0000","1774.0000","1746.0000","1774.0000","1769.0000","1789.0000","1746.0000","1774.0000"," ","0.0000","0.0000","205200","362639800","1767.2505"
"20201211","01","11","    44030","JP3753400005","4870.0000","4900.0000","4855.0000","4865.0000","4860.0000","4905.0000","4850.0000","4905.0000","4870.0000","4905.0000","4850.0000","4905.0000"," ","0.0000","0.0000","143000","697809500","4879.7867"
"20201211","01","11","    44040","JP3910400005","1292.0000","1294.0000","1279.0000","1279.0000","1282.0000","1286.0000","1278.0000","1278.0000","1292.0000","1294.0000","1278.0000","1278.0000"," ","0.0000","0.0000","31700","40801000","1287.0978"
"20201211","01","11","    44060","JP3382600009","250.0000","310.0000","248.0000","307.0000","301.0000","306.0000","283.0000","300.0000","250.0000","310.0000","248.0000","300.0000"," ","0.0000","0.0000","44736500","13051000900","291.7305"
"20201211","01","11","    44100","JP3772600007","1078.0000","1094.0000","1072.0000","1094.0000","1086.0000","1100.0000","1079.0000","1091.0000","1078.0000","1100.0000","1072.0000","1091.0000"," ","0.0000","0.0000","24000","26046800","1085.2833"
"20201211","01","11","    44200","JP3130650009","1271.0000","1288.0000","1264.0000","1274.0000","1274.0000","1292.0000","1268.0000","1283.0000","1271.0000","1292.0000","1264.0000","1283.0000"," ","0.0000","0.0000","109500","139955400","1278.1315"
"20201211","01","11","    44230","JP3126240005","1528.0000","1553.0000","1523.0000","1527.0000","1525.0000","1541.0000","1524.0000","1541.0000","1528.0000","1553.0000","1523.0000","1541.0000"," ","0.0000","0.0000","109200","167350000","1532.5092"
"20201211","01","11","    44270","JP3164480000","6830.0000","7190.0000","6830.0000","7160.0000","7190.0000","7190.0000","7080.0000","7150.0000","6830.0000","7190.0000","6830.0000","7150.0000"," ","0.0000","0.0000","54300","384223000","7075.9300"
"20201211","01","11","    44300","JP3564800005","1100.0000","1117.0000","1100.0000","1108.0000","1116.0000","1117.0000","1102.0000","1117.0000","1100.0000","1117.0000","1100.0000","1117.0000"," ","0.0000","0.0000","36400","40364200","1108.9066"
"20201211","01","11","    44330","JP3791990009","1441.0000","1457.0000","1440.0000","1452.0000","1451.0000","1465.0000","1448.0000","1460.0000","1441.0000","1465.0000","1440.0000","1460.0000"," ","0.0000","0.0000","26600","38643900","1452.7782"
"20201211","01","11","    44390","JP3606150005","1227.0000","1227.0000","1193.0000","1206.0000","1197.0000","1209.0000","1197.0000","1204.0000","1227.0000","1227.0000","1193.0000","1204.0000"," ","0.0000","0.0000","9700","11667200","1202.8041"
"20201211","01","11","    44400","JP3159930001","2548.0000","2615.0000","2522.0000","2613.0000","2620.0000","2620.0000","2567.0000","2597.0000","2548.0000","2620.0000","2522.0000","2597.0000"," ","0.0000","0.0000","49500","127804100","2581.9010"
"20201211","01","11","    44410","JP3630000002","1491.0000","1550.0000","1451.0000","1541.0000","1540.0000","1584.0000","1538.0000","1571.0000","1491.0000","1584.0000","1451.0000","1571.0000"," ","0.0000","0.0000","578200","885582000","1531.6188"
"20201211","01","11","    44460","JP3977060007","1504.0000","1527.0000","1497.0000","1523.0000","1520.0000","1549.0000","1516.0000","1546.0000","1504.0000","1549.0000","1497.0000","1546.0000"," ","0.0000","0.0000","143400","218022100","1520.3773"
"20201211","01","11","    44520","JP3205800000","7680.0000","7772.0000","7679.0000","7734.0000","7723.0000","7751.0000","7717.0000","7730.0000","7680.0000","7772.0000","7679.0000","7730.0000"," ","0.0000","0.0000","2374700","18325977000","7717.1756"
"20201211","01","11","    44610","JP3475000000","4335.0000","4415.0000","4335.0000","4380.0000","4380.0000","4440.0000","4380.0000","4440.0000","4335.0000","4440.0000","4335.0000","4440.0000"," ","0.0000","0.0000","26800","117765500","4394.2351"
"20201211","01","11","    44620","JP3136900002","2129.0000","2200.0000","2129.0000","2200.0000","2198.0000","2198.0000","2153.0000","2195.0000","2129.0000","2200.0000","2129.0000","2195.0000"," ","0.0000","0.0000","11200","24239700","2164.2589"
"20201211","01","11","    44630","JP3666700004","948.0000","948.0000","939.0000","946.0000","946.0000","948.0000","942.0000","947.0000","948.0000","948.0000","939.0000","947.0000"," ","0.0000","0.0000","21400","20262200","946.8318"
"20201211","01","11","    44650","JP3657250001","3080.0000","3115.0000","3070.0000","3075.0000","3075.0000","3100.0000","3040.0000","3065.0000","3080.0000","3115.0000","3040.0000","3065.0000"," ","0.0000","0.0000","43000","132070500","3071.4070"
"20201211","01","11","    44710","JP3337600005","4650.0000","4715.0000","4650.0000","4700.0000","4700.0000","4730.0000","4680.0000","4730.0000","4650.0000","4730.0000","4650.0000","4730.0000"," ","0.0000","0.0000","67200","315655000","4697.2470"
"20201211","01","11","    45020","JP3463000004","3874.0000","3895.0000","3856.0000","3868.0000","3868.0000","3880.0000","3862.0000","3870.0000","3874.0000","3895.0000","3856.0000","3870.0000"," ","0.0000","0.0000","4382000","16968946400","3872.4204"
"20201211","01","11","    45030","JP3942400007","1503.0000","1522.0000","1503.0000","1518.0000","1518.0000","1525.5000","1516.0000","1525.5000","1503.0000","1525.5000","1503.0000","1525.5000"," ","0.0000","0.0000","7898300","11963445200","1514.6861"
"20201211","01","11","    45060","JP3495000006","1332.0000","1344.0000","1320.0000","1327.0000","1326.0000","1346.0000","1325.0000","1346.0000","1332.0000","1346.0000","1320.0000","1346.0000"," ","0.0000","0.0000","952800","1273145700","1336.2151"
"20201211","01","11","    45070","JP3347200002","5620.0000","5666.0000","5581.0000","5591.0000","5599.0000","5622.0000","5582.0000","5607.0000","5620.0000","5666.0000","5581.0000","5607.0000"," ","0.0000","0.0000","1043000","5853407300","5612.0875"
"20201211","01","11","    45120","JP3991200001","258.0000","264.0000","256.0000","261.0000","260.0000","263.0000","260.0000","260.0000","258.0000","264.0000","256.0000","260.0000"," ","0.0000","0.0000","40300","10438700","259.0248"
"20201211","01","11","    45140","JP3541200006","1793.0000","1798.0000","1754.0000","1778.0000","1780.0000","1785.0000","1765.0000","1781.0000","1793.0000","1798.0000","1754.0000","1781.0000"," ","0.0000","0.0000","196400","348893500","1776.4435"
"20201211","01","11","    45160","JP3717600005","7180.0000","7250.0000","7180.0000","7220.0000","7220.0000","7310.0000","7200.0000","7280.0000","7180.0000","7310.0000","7180.0000","7280.0000"," ","0.0000","0.0000","149000","1077592000","7232.1611"
"20201211","01","11","    45170","JP3799800002","2465.0000","2470.0000","2463.0000","2467.0000","2464.0000","2488.0000","2464.0000","2488.0000","2465.0000","2488.0000","2463.0000","2488.0000"," ","0.0000","0.0000","12600","31150600","2472.2698"
"20201211","01","11","    45190","JP3519400000","4975.0000","5027.0000","4954.0000","5020.0000","5007.0000","5068.0000","5003.0000","5051.0000","4975.0000","5068.0000","4954.0000","5051.0000"," ","0.0000","0.0000","2269600","11367518400","5008.5999"
"20201211","01","11","    45210","JP3207000005","3945.0000","3960.0000","3900.0000","3925.0000","3920.0000","3940.0000","3910.0000","3940.0000","3945.0000","3960.0000","3900.0000","3940.0000"," ","0.0000","0.0000","149100","586006500","3930.2918"
"20201211","01","11","    45230","JP3160400002","7653.0000","7730.0000","7521.0000","7548.0000","7570.0000","7637.0000","7562.0000","7621.0000","7653.0000","7730.0000","7521.0000","7621.0000"," ","0.0000","0.0000","1314400","10008147300","7614.2326"
"20201211","01","11","    45260","JP3972600005","1373.0000","1389.0000","1372.0000","1387.0000","1387.0000","1415.0000","1384.0000","1414.0000","1373.0000","1415.0000","1372.0000","1414.0000"," ","0.0000","0.0000","119100","166588000","1398.7238"
"20201211","01","11","    45270","JP3982400008","3115.0000","3160.0000","3110.0000","3160.0000","3140.0000","3190.0000","3140.0000","3180.0000","3115.0000","3190.0000","3110.0000","3180.0000"," ","0.0000","0.0000","221100","697335000","3153.9349"
"20201211","01","11","    45280","JP3197600004","3213.0000","3225.0000","3158.0000","3169.0000","3159.0000","3182.0000","3150.0000","3176.0000","3213.0000","3225.0000","3150.0000","3176.0000"," ","0.0000","0.0000","976600","3109911000","3184.4266"
"20201211","01","11","    45300","JP3784600003","6130.0000","6170.0000","6100.0000","6110.0000","6080.0000","6200.0000","6080.0000","6180.0000","6130.0000","6200.0000","6080.0000","6180.0000"," ","0.0000","0.0000","76600","471080000","6149.8695"
"20201211","01","11","    45310","JP3946400003","316.0000","317.0000","314.0000","317.0000","316.0000","321.0000","316.0000","321.0000","316.0000","321.0000","314.0000","321.0000"," ","0.0000","0.0000","109900","34824000","316.8699"
"20201211","01","11","    45340","JP3922800002","3925.0000","3960.0000","3920.0000","3950.0000","3940.0000","3990.0000","3940.0000","3990.0000","3925.0000","3990.0000","3920.0000","3990.0000"," ","0.0000","0.0000","34600","136817000","3954.2486"
"20201211","01","11","    45360","JP3336000009","1708.0000","1723.0000","1702.0000","1702.0000","1697.0000","1714.0000","1692.0000","1714.0000","1708.0000","1723.0000","1692.0000","1714.0000"," ","0.0000","0.0000","722600","1234403800","1708.2809"
"20201211","01","11","    45380","JP3823600006","2950.0000","3025.0000","2937.0000","3020.0000","3020.0000","3020.0000","2980.0000","3000.0000","2950.0000","3025.0000","2937.0000","3000.0000"," ","0.0000","0.0000","20500","61157600","2983.2976"
"20201211","01","11","    45390","JP3701600003","2380.0000","2380.0000","2330.0000","2351.0000","2380.0000","2380.0000","2358.0000","2359.0000","2380.0000","2380.0000","2330.0000","2359.0000"," ","0.0000","0.0000","6200","14705700","2371.8871"
"20201211","01","11","    45400","JP3535800001","3290.0000","3330.0000","3290.0000","3320.0000","3320.0000","3350.0000","3320.0000","3330.0000","3290.0000","3350.0000","3290.0000","3330.0000"," ","0.0000","0.0000","168300","558782500","3320.1575"
"20201211","01","11","    45410","JP3687200000","1005.0000","1012.0000","996.0000","1000.0000","1000.0000","1011.0000","998.0000","1011.0000","1005.0000","1012.0000","996.0000","1011.0000"," ","0.0000","0.0000","432300","433895700","1003.6912"
"20201211","01","11","    45430","JP3546800008","4093.0000","4140.0000","4079.0000","4097.0000","4090.0000","4103.0000","4087.0000","4095.0000","4093.0000","4140.0000","4079.0000","4095.0000"," ","0.0000","0.0000","2247600","9205434800","4095.6731"
"20201211","01","11","    45440","JP3822000000","2849.0000","2912.0000","2839.0000","2909.0000","2901.0000","2914.0000","2882.0000","2897.0000","2849.0000","2914.0000","2839.0000","2897.0000"," ","0.0000","0.0000","482800","1394220500","2887.7807"
"20201211","01","11","    45470","JP3240600001","2167.0000","2213.0000","2158.0000","2182.0000","2172.0000","2197.0000","2161.0000","2197.0000","2167.0000","2213.0000","2158.0000","2197.0000"," ","0.0000","0.0000","152800","334163600","2186.9346"
"20201211","01","11","    45480","JP3414000004","1042.0000","1057.0000","1040.0000","1040.0000","1036.0000","1051.0000","1033.0000","1051.0000","1042.0000","1057.0000","1033.0000","1051.0000"," ","0.0000","0.0000","58200","60925800","1046.8351"
"20201211","01","11","    45490","JP3160700005","1978.0000","2028.0000","1978.0000","2026.0000","2028.0000","2041.0000","2023.0000","2034.0000","1978.0000","2041.0000","1978.0000","2034.0000"," ","0.0000","0.0000","259800","524641300","2019.4045"
"20201211","01","11","    45500","JP3678100003","967.0000","968.0000","960.0000","968.0000","966.0000","966.0000","961.0000","962.0000","967.0000","968.0000","960.0000","962.0000"," ","0.0000","0.0000","24800","23921300","964.5685"
"20201211","01","11","    45510","JP3635800000","3310.0000","3340.0000","3295.0000","3305.0000","3315.0000","3315.0000","3295.0000","3315.0000","3310.0000","3340.0000","3295.0000","3315.0000"," ","0.0000","0.0000","22600","74837000","3311.3717"
"20201211","01","11","    45520","JP3701000006","2521.0000","2544.0000","2479.0000","2484.0000","2484.0000","2490.0000","2464.0000","2481.0000","2521.0000","2544.0000","2464.0000","2481.0000"," ","0.0000","0.0000","424800","1060267000","2495.9204"
"20201211","01","11","    45530","JP3623150004","1866.0000","1869.0000","1855.0000","1856.0000","1859.0000","1884.0000","1854.0000","1884.0000","1866.0000","1884.0000","1854.0000","1884.0000"," ","0.0000","0.0000","76700","143282200","1868.0860"
"20201211","01","11","    45540","JP3816200004","1264.0000","1265.0000","1254.0000","1262.0000","1262.0000","1270.0000","1253.0000","1256.0000","1264.0000","1270.0000","1253.0000","1256.0000"," ","0.0000","0.0000","42000","52954800","1260.8286"
"20201211","01","11","    45550","JP3323050009","4840.0000","4860.0000","4805.0000","4815.0000","4815.0000","4875.0000","4805.0000","4875.0000","4840.0000","4875.0000","4805.0000","4875.0000"," ","0.0000","0.0000","125400","607246000","4842.4721"
"20201211","01","11","    45590","JP3428850006","1911.0000","1915.0000","1904.0000","1907.0000","1905.0000","1923.0000","1900.0000","1920.0000","1911.0000","1923.0000","1900.0000","1920.0000"," ","0.0000","0.0000","76500","146317700","1912.6497"
"20201211","01","11","    45680","JP3475350009","3375.0000","3402.0000","3360.0000","3367.0000","3362.0000","3403.0000","3358.0000","3387.0000","3375.0000","3403.0000","3358.0000","3387.0000"," ","0.0000","0.0000","4869500","16472889300","3382.8708"
"20201211","01","11","    45690","JP3247090008","1928.0000","1933.0000","1915.0000","1924.0000","1930.0000","1939.0000","1925.0000","1939.0000","1928.0000","1939.0000","1915.0000","1939.0000"," ","0.0000","0.0000","190500","367517600","1929.2262"
"20201211","01","11","    45740","JP3442200006","1615.0000","1622.0000","1593.0000","1603.0000","1597.0000","1637.0000","1595.0000","1637.0000","1615.0000","1637.0000","1593.0000","1637.0000"," ","0.0000","0.0000","737900","1188948300","1611.2594"
"20201211","01","11","    45770","JP3486150000","3715.0000","3800.0000","3715.0000","3780.0000","3785.0000","3800.0000","3760.0000","3795.0000","3715.0000","3800.0000","3715.0000","3795.0000"," ","0.0000","0.0000","46100","173388500","3761.1388"
"20201211","01","11","    45780","JP3188220002","4402.0000","4437.0000","4388.0000","4394.0000","4390.0000","4434.0000","4382.0000","4425.0000","4402.0000","4437.0000","4382.0000","4425.0000"," ","0.0000","0.0000","955900","4216707200","4411.2430"
"20201211","01","11","    45810","JP3442850008","6600.0000","6610.0000","6530.0000","6560.0000","6560.0000","6660.0000","6550.0000","6650.0000","6600.0000","6660.0000","6530.0000","6650.0000"," ","0.0000","0.0000","70200","464159000","6611.9516"
"20201211","01","11","    45870","JP3836750004","5430.0000","5510.0000","5420.0000","5490.0000","5490.0000","5530.0000","5470.0000","5510.0000","5430.0000","5530.0000","5420.0000","5510.0000"," ","0.0000","0.0000","384600","2109494000","5484.9038"
"20201211","01","11","    46110","JP3495400008","999.0000","1004.0000","994.0000","1000.0000","1000.0000","1001.0000","992.0000","993.0000","999.0000","1004.0000","992.0000","993.0000"," ","0.0000","0.0000","32200","32136300","998.0217"
"20201211","01","11","    46120","JP3749400002","10830.0000","11590.0000","10710.0000","11590.0000","11690.0000","11760.0000","11440.0000","11690.0000","10830.0000","11760.0000","10710.0000","11690.0000"," ","0.0000","0.0000","1117500","12717387000","11380.2121"
"20201211","01","11","    46130","JP3229400001","2999.0000","3050.0000","2999.0000","3035.0000","3035.0000","3070.0000","3025.0000","3070.0000","2999.0000","3070.0000","2999.0000","3070.0000"," ","0.0000","0.0000","454200","1380863800","3040.2109"
"20201211","01","11","    46150","JP3378600005","194.0000","204.0000","194.0000","204.0000","203.0000","209.0000","200.0000","209.0000","194.0000","209.0000","194.0000","209.0000"," ","0.0000","0.0000","377000","76510600","202.9459"
"20201211","01","11","    46170","JP3522600000","991.0000","998.0000","986.0000","986.0000","986.0000","991.0000","981.0000","988.0000","991.0000","998.0000","981.0000","988.0000"," ","0.0000","0.0000","188900","186829700","989.0402"
"20201211","01","11","    46190","JP3739000002","1232.0000","1246.0000","1212.0000","1235.0000","1235.0000","1260.0000","1220.0000","1259.0000","1232.0000","1260.0000","1212.0000","1259.0000"," ","0.0000","0.0000","30300","37619100","1241.5545"
"20201211","01","11","    46200","JP3811200009","551.0000","559.0000","551.0000","553.0000","551.0000","564.0000","551.0000","562.0000","551.0000","564.0000","551.0000","562.0000"," ","0.0000","0.0000","37200","20632900","554.6478"
"20201211","01","11","    46260","JP3449100001","6170.0000","6200.0000","6140.0000","6150.0000","6150.0000","6160.0000","6080.0000","6130.0000","6170.0000","6200.0000","6080.0000","6130.0000"," ","0.0000","0.0000","51100","313795000","6140.8023"
"20201211","01","11","    46310","JP3493400000","2683.0000","2709.0000","2654.0000","2658.0000","2658.0000","2682.0000","2656.0000","2682.0000","2683.0000","2709.0000","2654.0000","2682.0000"," ","0.0000","0.0000","262100","701282400","2675.6291"
"20201211","01","11","    46330","JP3314800008","1203.0000","1215.0000","1197.0000","1207.0000","1201.0000","1217.0000","1201.0000","1211.0000","1203.0000","1217.0000","1197.0000","1211.0000"," ","0.0000","0.0000","105500","127286600","1206.5081"
"20201211","01","11","    46340","JP3606600009","1992.0000","2015.0000","1992.0000","2001.0000","1994.0000","2017.0000","1993.0000","2012.0000","1992.0000","2017.0000","1992.0000","2012.0000"," ","0.0000","0.0000","68200","136669000","2003.9443"
"20201211","01","11","    46360","JP3538570007","821.0000","822.0000","816.0000","816.0000","816.0000","971.0000","816.0000","971.0000","821.0000","971.0000","816.0000","971.0000"," ","0.0000","0.0000","152900","138625500","906.6416"
"20201211","01","11","    46410","JP3126350002","2242.0000","2258.0000","2236.0000","2250.0000","2238.0000","2243.0000","2230.0000","2239.0000","2242.0000","2258.0000","2230.0000","2239.0000"," ","0.0000","0.0000","45100","101132500","2242.4058"
"20201211","01","11","    46510","JP3322600002","262.0000","265.0000","257.0000","260.0000","262.0000","262.0000","259.0000","261.0000","262.0000","265.0000","257.0000","261.0000"," ","0.0000","0.0000","800800","208241100","260.0413"
"20201211","01","11","    46530","JP3480520000","964.0000","967.0000","960.0000","962.0000","963.0000","963.0000","960.0000","963.0000","964.0000","967.0000","960.0000","963.0000"," ","0.0000","0.0000","6300","6064200","962.5714"
"20201211","01","11","    46580","JP3699500009","773.0000","778.0000","772.0000","775.0000","775.0000","784.0000","774.0000","781.0000","773.0000","784.0000","772.0000","781.0000"," ","0.0000","0.0000","28000","21773300","777.6179"
"20201211","01","11","    46610","JP3198900007","18250.0000","18350.0000","18155.0000","18315.0000","18285.0000","18375.0000","18260.0000","18320.0000","18250.0000","18375.0000","18155.0000","18320.0000"," ","0.0000","0.0000","602500","11019561500","18289.7286"
"20201211","01","11","    46620","JP3802740005","898.0000","905.0000","896.0000","904.0000","904.0000","906.0000","900.0000","904.0000","898.0000","906.0000","896.0000","904.0000"," ","0.0000","0.0000","32900","29633800","900.7234"
"20201211","01","11","    46650","JP3505900005","2853.0000","2886.0000","2850.0000","2859.0000","2863.0000","2913.0000","2859.0000","2913.0000","2853.0000","2913.0000","2850.0000","2913.0000"," ","0.0000","0.0000","154700","446471900","2886.0498"
"20201211","01","11","    46660","JP3780100008","1775.0000","1780.0000","1709.0000","1713.0000","1721.0000","1744.0000","1713.0000","1740.0000","1775.0000","1780.0000","1709.0000","1740.0000"," ","0.0000","0.0000","1908700","3307287300","1732.7434"
"20201211","01","11","    46680","JP3916100005","580.0000","586.0000","578.0000","578.0000","577.0000","581.0000","576.0000","581.0000","580.0000","586.0000","576.0000","581.0000"," ","0.0000","0.0000","91200","52954600","580.6425"
"20201211","01","11","    46710","JP3802650006","1633.0000","1636.0000","1626.0000","1631.0000","1631.0000","1650.0000","1627.0000","1638.0000","1633.0000","1650.0000","1626.0000","1638.0000"," ","0.0000","0.0000","21200","34659300","1634.8726"
"20201211","01","11","    46740","JP3271100004","1295.0000","1301.0000","1284.0000","1293.0000","1294.0000","1304.0000","1288.0000","1304.0000","1295.0000","1304.0000","1284.0000","1304.0000"," ","0.0000","0.0000","34100","44166200","1295.1965"
"20201211","01","11","    46760","JP3819400007","1126.0000","1137.0000","1121.0000","1121.0000","1120.0000","1132.0000","1118.0000","1127.0000","1126.0000","1137.0000","1118.0000","1127.0000"," ","0.0000","0.0000","612300","690566500","1127.8238"
"20201211","01","11","    46780","JP3359850009","422.0000","422.0000","420.0000","420.0000","420.0000","420.0000","419.0000","420.0000","422.0000","422.0000","419.0000","420.0000"," ","0.0000","0.0000","3700","1558300","421.1622"
"20201211","01","11","    46790","JP3472000003","550.0000","550.0000","546.0000","546.0000","546.0000","550.0000","546.0000","547.0000","550.0000","550.0000","546.0000","547.0000"," ","0.0000","0.0000","4500","2470800","549.0667"
"20201211","01","11","    46800","JP3966800009","953.0000","957.0000","946.0000","956.0000","956.0000","970.0000","954.0000","958.0000","953.0000","970.0000","946.0000","958.0000"," ","0.0000","0.0000","732800","702527400","958.6891"
"20201211","01","11","    46810","JP3974450003","1602.0000","1614.0000","1561.0000","1565.0000","1563.0000","1585.0000","1560.0000","1579.0000","1602.0000","1614.0000","1560.0000","1579.0000"," ","0.0000","0.0000","652800","1031590900","1580.2557"
"20201211","01","11","    46840","JP3173400007","21550.0000","21740.0000","21260.0000","21340.0000","21300.0000","21570.0000","21290.0000","21570.0000","21550.0000","21740.0000","21260.0000","21570.0000"," ","0.0000","0.0000","295900","6360108000","21494.1129"
"20201211","01","11","    46860","JP3388450003","6910.0000","7020.0000","6880.0000","6940.0000","6880.0000","6930.0000","6860.0000","6900.0000","6910.0000","7020.0000","6860.0000","6900.0000"," ","0.0000","0.0000","206800","1430111000","6915.4304"
"20201211","01","11","    46870","JP3539000004","985.0000","993.0000","980.0000","988.0000","983.0000","992.0000","981.0000","992.0000","985.0000","993.0000","980.0000","992.0000"," ","0.0000","0.0000","30900","30489000","986.6990"
"20201211","01","11","    46890","JP3933800009","632.0000","636.4000","625.8000","627.5000","627.0000","630.9000","626.1000","629.8000","632.0000","636.4000","625.8000","629.8000"," ","0.0000","0.0000","12193700","7681965170","629.9946"
"20201211","01","11","    46940","JP3799700004","3455.0000","3580.0000","3450.0000","3580.0000","3565.0000","3605.0000","3560.0000","3585.0000","3455.0000","3605.0000","3450.0000","3585.0000"," ","0.0000","0.0000","102800","363072000","3531.8288"
"20201211","01","11","    46960","JP3993850001","276.0000","277.0000","273.0000","276.0000","272.0000","279.0000","272.0000","277.0000","276.0000","279.0000","272.0000","277.0000"," ","0.0000","0.0000","26600","7327200","275.4586"
"20201211","01","11","    47040","JP3637300009","5720.0000","5750.0000","5710.0000","5730.0000","5730.0000","5750.0000","5710.0000","5750.0000","5720.0000","5750.0000","5710.0000","5750.0000"," ","0.0000","0.0000","672400","3852031000","5728.7790"
"20201211","01","11","    47080","JP3922200005","1341.0000","1357.0000","1332.0000","1350.0000","1353.0000","1363.0000","1350.0000","1358.0000","1341.0000","1363.0000","1332.0000","1358.0000"," ","0.0000","0.0000","300500","406368500","1352.3078"
"20201211","01","11","    47090","JP3153600006","1235.0000","1243.0000","1231.0000","1239.0000","1232.0000","1249.0000","1232.0000","1249.0000","1235.0000","1249.0000","1231.0000","1249.0000"," ","0.0000","0.0000","30800","38127700","1237.9123"
"20201211","01","11","    47140","JP3974300000","312.0000","315.0000","310.0000","314.0000","312.0000","314.0000","310.0000","314.0000","312.0000","315.0000","310.0000","314.0000"," ","0.0000","0.0000","309700","96634400","312.0258"
"20201211","01","11","    47160","JP3689500001","11200.0000","11330.0000","11150.0000","11200.0000","11200.0000","11360.0000","11160.0000","11330.0000","11200.0000","11360.0000","11150.0000","11330.0000"," ","0.0000","0.0000","169900","1911579000","11251.2007"
"20201211","01","11","    47180","JP3993750003","996.0000","1017.0000","993.0000","1004.0000","1017.0000","1017.0000","998.0000","1003.0000","996.0000","1017.0000","993.0000","1003.0000"," ","0.0000","0.0000","44600","44782600","1004.0942"
"20201211","01","11","    47190","JP3126330004","3575.0000","3575.0000","3535.0000","3545.0000","3545.0000","3570.0000","3545.0000","3570.0000","3575.0000","3575.0000","3535.0000","3570.0000"," ","0.0000","0.0000","8700","31022000","3565.7471"
"20201211","01","11","    47220","JP3826200002","1781.0000","1803.0000","1772.0000","1782.0000","1788.0000","1788.0000","1756.0000","1758.0000","1781.0000","1803.0000","1756.0000","1758.0000"," ","0.0000","0.0000","93000","164667700","1770.6204"
"20201211","01","11","    47250","JP3346300001","1483.0000","1489.0000","1475.0000","1489.0000","1485.0000","1493.0000","1481.0000","1493.0000","1483.0000","1493.0000","1475.0000","1493.0000"," ","0.0000","0.0000","32300","47943000","1484.3034"
"20201211","01","11","    47260","JP3436150001","3715.0000","3810.0000","3695.0000","3795.0000","3810.0000","3810.0000","3730.0000","3755.0000","3715.0000","3810.0000","3695.0000","3755.0000"," ","0.0000","0.0000","171300","644223500","3760.7910"
"20201211","01","11","    47280","JP3552450003","857.0000","866.0000","848.0000","866.0000","858.0000","874.0000","855.0000","869.0000","857.0000","874.0000","848.0000","869.0000"," ","0.0000","0.0000","28800","24802000","861.1806"
"20201211","01","11","    47320","JP3944130008","2085.0000","2092.0000","2066.0000","2070.0000","2070.0000","2095.0000","2066.0000","2094.0000","2085.0000","2095.0000","2066.0000","2094.0000"," ","0.0000","0.0000","582900","1215693100","2085.5946"
"20201211","01","11","    47330","JP3173500004","6740.0000","6750.0000","6650.0000","6710.0000","6770.0000","6770.0000","6710.0000","6740.0000","6740.0000","6770.0000","6650.0000","6740.0000"," ","0.0000","0.0000","75300","506907000","6731.8327"
"20201211","01","11","    47390","JP3143900003","3810.0000","3825.0000","3770.0000","3790.0000","3790.0000","3790.0000","3750.0000","3790.0000","3810.0000","3825.0000","3750.0000","3790.0000"," ","0.0000","0.0000","574700","2175394500","3785.2697"
"20201211","01","11","    47430","JP3530000003","920.0000","933.0000","918.0000","928.0000","922.0000","926.0000","916.0000","922.0000","920.0000","933.0000","916.0000","922.0000"," ","0.0000","0.0000","89300","82507700","923.9384"
"20201211","01","11","    47450","JP3576500007","621.0000","622.0000","616.0000","619.0000","620.0000","625.0000","618.0000","625.0000","621.0000","625.0000","616.0000","625.0000"," ","0.0000","0.0000","69900","43416900","621.1288"
"20201211","01","11","    47460","JP3590850008","4515.0000","4580.0000","4515.0000","4550.0000","4550.0000","4580.0000","4550.0000","4565.0000","4515.0000","4580.0000","4515.0000","4565.0000"," ","0.0000","0.0000","7700","34941000","4537.7922"
"20201211","01","11","    47510","JP3311400000","6970.0000","7110.0000","6970.0000","7100.0000","7100.0000","7180.0000","7090.0000","7170.0000","6970.0000","7180.0000","6970.0000","7170.0000"," ","0.0000","0.0000","622300","4417762000","7099.0873"
"20201211","01","11","    47550","JP3967200001","1011.0000","1028.0000","1011.0000","1015.0000","1015.0000","1024.0000","1012.0000","1024.0000","1011.0000","1028.0000","1011.0000","1024.0000"," ","0.0000","0.0000","5130000","5225308100","1018.5786"
"20201211","01","11","    47620","JP3164430005","980.0000","980.0000","974.0000","977.0000","978.0000","985.0000","976.0000","980.0000","980.0000","985.0000","974.0000","980.0000"," ","0.0000","0.0000","3700","3626700","980.1892"
"20201211","01","11","    47630","JP3269700005","1034.0000","1047.0000","1030.0000","1045.0000","1044.0000","1044.0000","1029.0000","1037.0000","1034.0000","1047.0000","1029.0000","1037.0000"," ","0.0000","0.0000","99600","103122500","1035.3665"
"20201211","01","11","    47650","JP3922100007","452.0000","460.0000","452.0000","458.0000","458.0000","459.0000","454.0000","459.0000","452.0000","460.0000","452.0000","459.0000"," ","0.0000","0.0000","175700","80153400","456.1946"
"20201211","01","11","    47670","JP3538450002","284.0000","285.0000","283.0000","283.0000","283.0000","285.0000","282.0000","284.0000","284.0000","285.0000","282.0000","284.0000"," ","0.0000","0.0000","138700","39341100","283.6417"
"20201211","01","11","    47680","JP3188200004","5070.0000","5110.0000","5030.0000","5060.0000","5060.0000","5100.0000","5020.0000","5080.0000","5070.0000","5110.0000","5020.0000","5080.0000"," ","0.0000","0.0000","675900","3430095000","5074.8557"
"20201211","01","11","    47760","JP3312100005","2633.0000","2669.0000","2607.0000","2657.0000","2655.0000","2668.0000","2624.0000","2668.0000","2633.0000","2669.0000","2607.0000","2668.0000"," ","0.0000","0.0000","356600","942175300","2642.1068"
"20201211","01","11","    47790","JP3436170009","866.0000","867.0000","866.0000","866.0000","866.0000","867.0000","865.0000","865.0000","866.0000","867.0000","865.0000","865.0000"," ","0.0000","0.0000","247200","214081300","866.0247"
"20201211","01","11","    47920","JP3588100002","979.0000","986.0000","969.0000","972.0000","972.0000","972.0000","956.0000","958.0000","979.0000","986.0000","956.0000","958.0000"," ","0.0000","0.0000","84300","81598100","967.9490"
"20201211","01","11","    48010","JP3425600008","2228.0000","2234.0000","2212.0000","2233.0000","2247.0000","2271.0000","2241.0000","2271.0000","2228.0000","2271.0000","2212.0000","2271.0000"," ","0.0000","0.0000","13600","30481900","2241.3162"
"20201211","01","11","    48090","JP3781700004","1614.0000","1614.0000","1603.0000","1612.0000","1607.0000","1622.0000","1606.0000","1610.0000","1614.0000","1622.0000","1603.0000","1610.0000"," ","0.0000","0.0000","11700","18877300","1613.4444"
"20201211","01","11","    48120","JP3551530003","6760.0000","6800.0000","6680.0000","6790.0000","6790.0000","6830.0000","6690.0000","6740.0000","6760.0000","6830.0000","6680.0000","6740.0000"," ","0.0000","0.0000","55600","374772000","6740.5036"
"20201211","01","11","    48130","JP3108060009","770.0000","790.0000","756.0000","764.0000","764.0000","783.0000","763.0000","783.0000","770.0000","790.0000","756.0000","783.0000"," ","0.0000","0.0000","333300","257756800","773.3477"
"20201211","01","11","    48190","JP3549070005","4160.0000","4190.0000","4145.0000","4190.0000","4160.0000","4180.0000","4145.0000","4180.0000","4160.0000","4190.0000","4145.0000","4180.0000"," ","0.0000","0.0000","65400","272406000","4165.2294"
"20201211","01","11","    48200","JP3130200003","858.0000","863.0000","851.0000","854.0000","854.0000","858.0000","849.0000","854.0000","858.0000","863.0000","849.0000","854.0000"," ","0.0000","0.0000","92400","79038700","855.3972"
"20201211","01","11","    48250","JP3154500007","5640.0000","5730.0000","5640.0000","5710.0000","5680.0000","5720.0000","5680.0000","5720.0000","5640.0000","5730.0000","5640.0000","5720.0000"," ","0.0000","0.0000","15200","86450000","5687.5000"
"20201211","01","11","    48260","JP3346170008","937.0000","939.0000","929.0000","938.0000","931.0000","938.0000","931.0000","933.0000","937.0000","939.0000","929.0000","933.0000"," ","0.0000","0.0000","28000","26194800","935.5286"
"20201211","01","11","    48280","JP3618800001","3460.0000","3460.0000","3360.0000","3365.0000","3365.0000","3380.0000","3365.0000","3380.0000","3460.0000","3460.0000","3360.0000","3380.0000"," ","0.0000","0.0000","7200","24701000","3430.6944"
"20201211","01","11","    48290","JP3689470007","216.0000","218.0000","214.0000","216.0000","216.0000","217.0000","215.0000","217.0000","216.0000","218.0000","214.0000","217.0000"," ","0.0000","0.0000","171800","37117900","216.0530"
"20201211","01","11","    48390","JP3990770004","2850.0000","2853.0000","2824.0000","2828.0000","2825.0000","2852.0000","2815.0000","2852.0000","2850.0000","2853.0000","2815.0000","2852.0000"," ","0.0000","0.0000","12500","35520000","2841.6000"
"20201211","01","11","    48450","JP3548520000","828.0000","843.0000","824.0000","835.0000","833.0000","838.0000","828.0000","832.0000","828.0000","843.0000","824.0000","832.0000"," ","0.0000","0.0000","248200","206598400","832.3868"
"20201211","01","11","    48470","JP3153100007","687.0000","692.0000","686.0000","690.0000","687.0000","696.0000","687.0000","696.0000","687.0000","696.0000","686.0000","696.0000"," ","0.0000","0.0000","38400","26502400","690.1667"
"20201211","01","11","    48480","JP3827800008","1797.0000","1800.0000","1771.0000","1794.0000","1788.0000","1795.0000","1782.0000","1794.0000","1797.0000","1800.0000","1771.0000","1794.0000"," ","0.0000","0.0000","64700","115771500","1789.3586"
"20201211","01","11","    48490","JP3168700007","3450.0000","3475.0000","3345.0000","3350.0000","3330.0000","3355.0000","3315.0000","3330.0000","3450.0000","3475.0000","3315.0000","3330.0000"," ","0.0000","0.0000","157100","530434500","3376.4131"
"20201211","01","11","    49010","JP3814000000","5661.0000","5689.0000","5579.0000","5587.0000","5580.0000","5601.0000","5577.0000","5591.0000","5661.0000","5689.0000","5577.0000","5591.0000"," ","0.0000","0.0000","1454600","8173380700","5618.9885"
"20201211","01","11","    49020","JP3300600008","377.0000","378.0000","369.0000","375.0000","375.0000","375.0000","371.0000","371.0000","377.0000","378.0000","369.0000","371.0000"," ","0.0000","0.0000","10162700","3792363700","373.1650"
"20201211","01","11","    49110","JP3351600006","7314.0000","7337.0000","7278.0000","7312.0000","7300.0000","7318.0000","7290.0000","7313.0000","7314.0000","7337.0000","7278.0000","7313.0000"," ","0.0000","0.0000","1037800","7586494600","7310.1702"
"20201211","01","11","    49120","JP3965400009","2476.0000","2510.0000","2476.0000","2485.0000","2480.0000","2499.0000","2480.0000","2498.0000","2476.0000","2510.0000","2476.0000","2498.0000"," ","0.0000","0.0000","701200","1745924100","2489.9089"
"20201211","01","11","    49140","JP3454400007","2497.0000","2505.0000","2475.0000","2495.0000","2496.0000","2531.0000","2481.0000","2530.0000","2497.0000","2531.0000","2475.0000","2530.0000"," ","0.0000","0.0000","26800","66998600","2499.9478"
"20201211","01","11","    49170","JP3879400004","1688.0000","1701.0000","1682.0000","1685.0000","1683.0000","1697.0000","1683.0000","1697.0000","1688.0000","1701.0000","1682.0000","1697.0000"," ","0.0000","0.0000","110200","186411100","1691.5708"
"20201211","01","11","    49190","JP3910650005","6120.0000","6210.0000","6090.0000","6100.0000","6080.0000","6170.0000","6080.0000","6140.0000","6120.0000","6210.0000","6080.0000","6140.0000"," ","0.0000","0.0000","82500","506166000","6135.3455"
"20201211","01","11","    49210","JP3802670004","4250.0000","4270.0000","4215.0000","4240.0000","4245.0000","4300.0000","4235.0000","4295.0000","4250.0000","4300.0000","4215.0000","4295.0000"," ","0.0000","0.0000","310700","1323229500","4258.8655"
"20201211","01","11","    49220","JP3283650004","16860.0000","17430.0000","16770.0000","17390.0000","17390.0000","17460.0000","17310.0000","17400.0000","16860.0000","17460.0000","16770.0000","17400.0000"," ","0.0000","0.0000","462900","7990230000","17261.2443"
"20201211","01","11","    49230","JP3298900006","1391.0000","1399.0000","1386.0000","1397.0000","1390.0000","1400.0000","1390.0000","1399.0000","1391.0000","1400.0000","1386.0000","1399.0000"," ","0.0000","0.0000","31100","43412600","1395.9035"
"20201211","01","11","    49260","JP3347130001","1967.0000","1967.0000","1959.0000","1959.0000","1964.0000","1964.0000","1960.0000","1960.0000","1967.0000","1967.0000","1959.0000","1960.0000"," ","0.0000","0.0000","2900","5699200","1965.2414"
"20201211","01","11","    49270","JP3855900001","2057.0000","2080.0000","2054.0000","2074.0000","2067.0000","2082.0000","2065.0000","2073.0000","2057.0000","2082.0000","2054.0000","2073.0000"," ","0.0000","0.0000","586700","1213867800","2068.9753"
"20201211","01","11","    49280","JP3760450001","4350.0000","4370.0000","4330.0000","4340.0000","4335.0000","4370.0000","4330.0000","4370.0000","4350.0000","4370.0000","4330.0000","4370.0000"," ","0.0000","0.0000","38600","167964500","4351.4119"
"20201211","01","11","    49290","JP3119620007","1019.0000","1019.0000","1012.0000","1014.0000","1013.0000","1017.0000","1013.0000","1017.0000","1019.0000","1019.0000","1012.0000","1017.0000"," ","0.0000","0.0000","3500","3560400","1017.2571"
"20201211","01","11","    49510","JP3162800001","1958.0000","1968.0000","1952.0000","1963.0000","1960.0000","1979.0000","1955.0000","1974.0000","1958.0000","1979.0000","1952.0000","1974.0000"," ","0.0000","0.0000","26500","52081200","1965.3283"
"20201211","01","11","    49550","JP3108200001","1692.0000","1724.0000","1692.0000","1724.0000","1714.0000","1725.0000","1699.0000","1699.0000","1692.0000","1725.0000","1692.0000","1699.0000"," ","0.0000","0.0000","36200","61595500","1701.5331"
"20201211","01","11","    49560","JP3300800004","1617.0000","1624.0000","1609.0000","1609.0000","1590.0000","1626.0000","1590.0000","1625.0000","1617.0000","1626.0000","1590.0000","1625.0000"," ","0.0000","0.0000","40600","65701100","1618.2537"
"20201211","01","11","    49580","JP3768500005","2050.0000","2070.0000","2050.0000","2055.0000","2050.0000","2081.0000","2050.0000","2081.0000","2050.0000","2081.0000","2050.0000","2081.0000"," ","0.0000","0.0000","45900","94638800","2061.8475"
"20201211","01","11","    49630","JP3746900004","737.0000","752.0000","735.0000","748.0000","750.0000","760.0000","747.0000","759.0000","737.0000","760.0000","735.0000","759.0000"," ","0.0000","0.0000","63500","47605000","749.6850"
"20201211","01","11","    49670","JP3301100008","12550.0000","12660.0000","12500.0000","12610.0000","12570.0000","12720.0000","12570.0000","12720.0000","12550.0000","12720.0000","12500.0000","12720.0000"," ","0.0000","0.0000","146600","1851057000","12626.5825"
"20201211","01","11","    49680","JP3125000004","1156.0000","1161.0000","1146.0000","1160.0000","1154.0000","1162.0000","1152.0000","1153.0000","1156.0000","1162.0000","1146.0000","1153.0000"," ","0.0000","0.0000","30000","34661000","1155.3667"
"20201211","01","11","    49710","JP3920890005","2220.0000","2241.0000","2202.0000","2207.0000","2206.0000","2222.0000","2198.0000","2217.0000","2220.0000","2241.0000","2198.0000","2217.0000"," ","0.0000","0.0000","51500","114078500","2215.1165"
"20201211","01","11","    49730","JP3706600008","2792.0000","2792.0000","2769.0000","2770.0000","2766.0000","2793.0000","2766.0000","2792.0000","2792.0000","2793.0000","2766.0000","2792.0000"," ","0.0000","0.0000","6100","16975600","2782.8852"
"20201211","01","11","    49740","JP3460200003","2903.0000","2930.0000","2886.0000","2890.0000","2896.0000","2916.0000","2891.0000","2913.0000","2903.0000","2930.0000","2886.0000","2913.0000"," ","0.0000","0.0000","476600","1383891000","2903.6739"
"20201211","01","11","    49750","JP3166200000","3730.0000","3770.0000","3715.0000","3745.0000","3730.0000","3780.0000","3720.0000","3765.0000","3730.0000","3780.0000","3715.0000","3765.0000"," ","0.0000","0.0000","38200","143067000","3745.2094"
"20201211","01","11","    49770","JP3679870000","680.0000","685.0000","680.0000","680.0000","680.0000","691.0000","680.0000","690.0000","680.0000","691.0000","680.0000","690.0000"," ","0.0000","0.0000","12200","8317600","681.7705"
"20201211","01","11","    49790","JP3174220008","1467.0000","1467.0000","1438.0000","1440.0000","1444.0000","1445.0000","1431.0000","1435.0000","1467.0000","1467.0000","1431.0000","1435.0000"," ","0.0000","0.0000","22000","31952700","1452.3955"
"20201211","01","11","    49800","JP3548770001","1298.0000","1311.0000","1280.0000","1280.0000","1284.0000","1296.0000","1282.0000","1296.0000","1298.0000","1311.0000","1280.0000","1296.0000"," ","0.0000","0.0000","178000","229905400","1291.6034"
"20201211","01","11","    49850","JP3100190002","5990.0000","6020.0000","5950.0000","5970.0000","5980.0000","6040.0000","5960.0000","6040.0000","5990.0000","6040.0000","5950.0000","6040.0000"," ","0.0000","0.0000","72900","437348000","5999.2867"
"20201211","01","11","    49920","JP3851000004","1118.0000","1126.0000","1092.0000","1116.0000","1120.0000","1122.0000","1107.0000","1122.0000","1118.0000","1126.0000","1092.0000","1122.0000"," ","0.0000","0.0000","88000","97808900","1111.4648"
"20201211","01","11","    49940","JP3444900009","2979.0000","3025.0000","2951.0000","3015.0000","3015.0000","3050.0000","3005.0000","3040.0000","2979.0000","3050.0000","2951.0000","3040.0000"," ","0.0000","0.0000","26200","78675300","3002.8740"
"20201211","01","11","    49960","JP3267600009","1075.0000","1085.0000","1065.0000","1065.0000","1060.0000","1066.0000","1055.0000","1066.0000","1075.0000","1085.0000","1055.0000","1066.0000"," ","0.0000","0.0000","154000","164209800","1066.2974"
"20201211","01","11","    49970","JP3741800001","532.0000","534.0000","527.0000","528.0000","528.0000","536.0000","527.0000","536.0000","532.0000","536.0000","527.0000","536.0000"," ","0.0000","0.0000","74900","39795700","531.3178"
"20201211","01","11","    50090","JP3812800005","899.0000","910.0000","892.0000","904.0000","904.0000","905.0000","894.0000","896.0000","899.0000","910.0000","892.0000","896.0000"," ","0.0000","0.0000","58800","52932200","900.2075"
"20201211","01","11","    50110","JP3665600007","1632.0000","1636.0000","1614.0000","1620.0000","1620.0000","1634.0000","1612.0000","1633.0000","1632.0000","1636.0000","1612.0000","1633.0000"," ","0.0000","0.0000","64800","105507700","1628.2052"
"20201211","01","11","    50130","JP3948400001","1196.0000","1212.0000","1181.0000","1195.0000","1198.0000","1205.0000","1198.0000","1203.0000","1196.0000","1212.0000","1181.0000","1203.0000"," ","0.0000","0.0000","7500","8966300","1195.5067"
"20201211","01","11","    50150","JP3836500003","1270.0000","1286.0000","1270.0000","1285.0000","1282.0000","1288.0000","1280.0000","1280.0000","1270.0000","1288.0000","1270.0000","1280.0000"," ","0.0000","0.0000","19800","25263200","1275.9192"
"20201211","01","11","    50170","JP3160300004","180.0000","180.0000","177.0000","177.0000","177.0000","180.0000","177.0000","180.0000","180.0000","180.0000","177.0000","180.0000"," ","0.0000","0.0000","241900","43300300","179.0008"
"20201211","01","11","    50180","JP3868850003","1035.0000","1035.0000","1018.0000","1022.0000","1022.0000","1026.0000","1019.0000","1026.0000","1035.0000","1035.0000","1018.0000","1026.0000"," ","0.0000","0.0000","16800","17304600","1030.0357"
"20201211","01","11","    50190","JP3142500002","2248.0000","2270.0000","2242.0000","2246.0000","2246.0000","2259.0000","2243.0000","2254.0000","2248.0000","2270.0000","2242.0000","2254.0000"," ","0.0000","0.0000","1193500","2688516100","2252.6318"
"20201211","01","11","    50200","JP3386450005","353.7000","353.9000","350.0000","350.1000","350.2000","353.6000","350.1000","352.5000","353.7000","353.9000","350.0000","352.5000"," ","0.0000","0.0000","31176300","10967019550","351.7742"
"20201211","01","11","    50210","JP3298000005","1764.0000","1774.0000","1751.0000","1758.0000","1762.0000","1780.0000","1758.0000","1772.0000","1764.0000","1780.0000","1751.0000","1772.0000"," ","0.0000","0.0000","214100","378384500","1767.3260"
"20201211","01","11","    51010","JP3955800002","1595.0000","1615.0000","1572.0000","1579.0000","1576.0000","1590.0000","1567.0000","1584.0000","1595.0000","1615.0000","1567.0000","1584.0000"," ","0.0000","0.0000","847400","1344367600","1586.4616"
"20201211","01","11","    51050","JP3610600003","1706.0000","1706.0000","1651.0000","1652.0000","1650.0000","1660.0000","1639.0000","1659.0000","1706.0000","1706.0000","1639.0000","1659.0000"," ","0.0000","0.0000","604200","1005017800","1663.3860"
"20201211","01","11","    51080","JP3830800003","3683.0000","3722.0000","3672.0000","3672.0000","3670.0000","3679.0000","3659.0000","3666.0000","3683.0000","3722.0000","3659.0000","3666.0000"," ","0.0000","0.0000","2622200","9647158800","3679.0324"
"20201211","01","11","    51100","JP3404200002","902.0000","908.0000","896.0000","898.0000","897.0000","904.0000","893.0000","904.0000","902.0000","908.0000","893.0000","904.0000"," ","0.0000","0.0000","2471300","2223673500","899.7991"
"20201211","01","11","    51210","JP3811600000","390.0000","392.0000","389.0000","390.0000","389.0000","389.0000","386.0000","387.0000","390.0000","392.0000","386.0000","387.0000"," ","0.0000","0.0000","29900","11622200","388.7023"
"20201211","01","11","    51220","JP3192800005","4020.0000","4040.0000","4005.0000","4025.0000","4020.0000","4070.0000","4015.0000","4070.0000","4020.0000","4070.0000","4005.0000","4070.0000"," ","0.0000","0.0000","29700","119707000","4030.5387"
"20201211","01","11","    51420","JP3108000005","1441.0000","1445.0000","1428.0000","1439.0000","1439.0000","1455.0000","1439.0000","1454.0000","1441.0000","1455.0000","1428.0000","1454.0000"," ","0.0000","0.0000","24700","35591400","1440.9474"
"20201211","01","11","    51850","JP3807000009","705.0000","705.0000","696.0000","700.0000","698.0000","705.0000","698.0000","705.0000","705.0000","705.0000","696.0000","705.0000"," ","0.0000","0.0000","11200","7869500","702.6339"
"20201211","01","11","    51860","JP3679850002","2345.0000","2350.0000","2326.0000","2339.0000","2334.0000","2354.0000","2327.0000","2348.0000","2345.0000","2354.0000","2326.0000","2348.0000"," ","0.0000","0.0000","44900","105129400","2341.4120"
"20201211","01","11","    51870","JP3269800003","989.0000","989.0000","984.0000","984.0000","987.0000","995.0000","983.0000","995.0000","989.0000","995.0000","983.0000","995.0000"," ","0.0000","0.0000","8500","8403800","988.6824"
"20201211","01","11","    51910","JP3564200008","561.0000","561.0000","547.0000","550.0000","548.0000","554.0000","545.0000","553.0000","561.0000","561.0000","545.0000","553.0000"," ","0.0000","0.0000","69400","38437400","553.8530"
"20201211","01","11","    51920","JP3904000001","1703.0000","1715.0000","1680.0000","1685.0000","1696.0000","1714.0000","1682.0000","1713.0000","1703.0000","1715.0000","1680.0000","1713.0000"," ","0.0000","0.0000","40800","69365800","1700.1422"
"20201211","01","11","    51950","JP3779000003","594.0000","598.0000","589.0000","594.0000","596.0000","600.0000","592.0000","600.0000","594.0000","600.0000","589.0000","600.0000"," ","0.0000","0.0000","87500","52116200","595.6137"
"20201211","01","11","    52010","JP3112000009","3425.0000","3430.0000","3350.0000","3355.0000","3360.0000","3395.0000","3350.0000","3375.0000","3425.0000","3430.0000","3350.0000","3375.0000"," ","0.0000","0.0000","860500","2913316000","3385.6084"
"20201211","01","11","    52020","JP3686800008","439.0000","441.0000","431.0000","436.0000","435.0000","438.0000","433.0000","435.0000","439.0000","441.0000","431.0000","435.0000"," ","0.0000","0.0000","759900","331582900","436.3507"
"20201211","01","11","    52040","JP3136000001","1890.0000","1899.0000","1890.0000","1891.0000","1895.0000","1898.0000","1895.0000","1898.0000","1890.0000","1899.0000","1890.0000","1898.0000"," ","0.0000","0.0000","1900","3594800","1892.0000"
"20201211","01","11","    52080","JP3126000003","960.0000","961.0000","953.0000","959.0000","955.0000","963.0000","954.0000","959.0000","960.0000","963.0000","953.0000","959.0000"," ","0.0000","0.0000","33700","32306000","958.6350"
"20201211","01","11","    52100","JP3752800007","910.0000","913.0000","905.0000","911.0000","902.0000","904.0000","889.0000","892.0000","910.0000","913.0000","889.0000","892.0000"," ","0.0000","0.0000","25800","23189900","898.8333"
"20201211","01","11","    52140","JP3733400000","2379.0000","2386.0000","2354.0000","2368.0000","2360.0000","2386.0000","2360.0000","2384.0000","2379.0000","2386.0000","2354.0000","2384.0000"," ","0.0000","0.0000","757000","1797048600","2373.9083"
"20201211","01","11","    52180","JP3197630001","1633.0000","1669.0000","1574.0000","1631.0000","1640.0000","1670.0000","1623.0000","1655.0000","1633.0000","1670.0000","1574.0000","1655.0000"," ","0.0000","0.0000","389900","636198000","1631.6953"
"20201211","01","11","    52320","JP3400900001","3170.0000","3190.0000","3075.0000","3080.0000","3080.0000","3095.0000","3065.0000","3085.0000","3170.0000","3190.0000","3065.0000","3085.0000"," ","0.0000","0.0000","359000","1113460000","3101.5599"
"20201211","01","11","    52330","JP3449020001","2773.0000","2775.0000","2689.0000","2701.0000","2699.0000","2722.0000","2690.0000","2708.0000","2773.0000","2775.0000","2689.0000","2708.0000"," ","0.0000","0.0000","767700","2087173300","2718.7356"
"20201211","01","11","    52610","JP3884600002","3800.0000","3800.0000","3800.0000","3800.0000","3780.0000","3800.0000","3780.0000","3800.0000","3800.0000","3800.0000","3780.0000","3800.0000"," ","0.0000","0.0000","2800","10636500","3798.7500"
"20201211","01","11","    52620","JP3745800007","801.0000","806.0000","800.0000","800.0000","798.0000","810.0000","798.0000","803.0000","801.0000","810.0000","798.0000","803.0000"," ","0.0000","0.0000","31500","25299000","803.1429"
"20201211","01","11","    52690","JP3708400001","322.0000","323.0000","320.0000","323.0000","321.0000","326.0000","321.0000","325.0000","322.0000","326.0000","320.0000","325.0000"," ","0.0000","0.0000","75000","24197000","322.6267"
"20201211","01","11","    52730","JP3887600009","4060.0000","4060.0000","3980.0000","3980.0000","3965.0000","4050.0000","3965.0000","4015.0000","4060.0000","4060.0000","3965.0000","4015.0000"," ","0.0000","0.0000","14500","58323500","4022.3103"
"20201211","01","11","    52880","JP3389640008","471.0000","474.0000","466.0000","468.0000","467.0000","468.0000","465.0000","466.0000","471.0000","474.0000","465.0000","466.0000"," ","0.0000","0.0000","88000","41134600","467.4386"
"20201211","01","11","    53010","JP3560800009","1185.0000","1192.0000","1172.0000","1181.0000","1180.0000","1187.0000","1180.0000","1187.0000","1185.0000","1192.0000","1172.0000","1187.0000"," ","0.0000","0.0000","1508400","1785227400","1183.5239"
"20201211","01","11","    53020","JP3690400001","3920.0000","3960.0000","3920.0000","3955.0000","3945.0000","3995.0000","3945.0000","3995.0000","3920.0000","3995.0000","3920.0000","3995.0000"," ","0.0000","0.0000","83800","331983000","3961.6110"
"20201211","01","11","    53100","JP3616000000","1852.0000","1854.0000","1830.0000","1835.0000","1835.0000","1865.0000","1834.0000","1864.0000","1852.0000","1865.0000","1830.0000","1864.0000"," ","0.0000","0.0000","32800","60595700","1847.4299"
"20201211","01","11","    53310","JP3763000001","2946.0000","2957.0000","2937.0000","2949.0000","2949.0000","2968.0000","2936.0000","2960.0000","2946.0000","2968.0000","2936.0000","2960.0000"," ","0.0000","0.0000","41300","121822000","2949.6852"
"20201211","01","11","    53320","JP3596200000","5790.0000","5790.0000","5720.0000","5770.0000","5760.0000","5840.0000","5760.0000","5810.0000","5790.0000","5840.0000","5720.0000","5810.0000"," ","0.0000","0.0000","416600","2412634000","5791.2482"
"20201211","01","11","    53330","JP3695200000","1692.0000","1698.0000","1651.0000","1651.0000","1650.0000","1658.0000","1647.0000","1657.0000","1692.0000","1698.0000","1647.0000","1657.0000"," ","0.0000","0.0000","1282000","2136552500","1666.5776"
"20201211","01","11","    53340","JP3738600000","1890.0000","1896.0000","1851.0000","1858.0000","1853.0000","1861.0000","1844.0000","1861.0000","1890.0000","1896.0000","1844.0000","1861.0000"," ","0.0000","0.0000","1264300","2353663600","1861.6338"
"20201211","01","11","    53370","JP3506600000","496.0000","523.0000","479.0000","483.0000","483.0000","489.0000","480.0000","484.0000","496.0000","523.0000","479.0000","484.0000"," ","0.0000","0.0000","396700","195458000","492.7099"
"20201211","01","11","    53440","JP3879250003","11210.0000","11310.0000","11020.0000","11090.0000","11000.0000","11180.0000","10980.0000","11140.0000","11210.0000","11310.0000","10980.0000","11140.0000"," ","0.0000","0.0000","38200","424330000","11108.1152"
"20201211","01","11","    53510","JP3353200003","2351.0000","2356.0000","2320.0000","2326.0000","2329.0000","2334.0000","2320.0000","2320.0000","2351.0000","2356.0000","2320.0000","2320.0000"," ","0.0000","0.0000","13200","30793600","2332.8485"
"20201211","01","11","    53520","JP3272400007","3625.0000","3660.0000","3595.0000","3635.0000","3620.0000","3635.0000","3585.0000","3585.0000","3625.0000","3660.0000","3585.0000","3585.0000"," ","0.0000","0.0000","25600","92529500","3614.4336"
"20201211","01","11","    53570","JP3953600008","830.0000","834.0000","828.0000","833.0000","833.0000","837.0000","831.0000","834.0000","830.0000","837.0000","828.0000","834.0000"," ","0.0000","0.0000","23400","19435200","830.5641"
"20201211","01","11","    53580","JP3140800008","484.0000","486.0000","474.0000","474.0000","474.0000","478.0000","473.0000","474.0000","484.0000","486.0000","473.0000","474.0000"," ","0.0000","0.0000","53800","25793600","479.4349"
"20201211","01","11","    53630","JP3589400005","346.0000","346.0000","340.0000","343.0000","340.0000","345.0000","340.0000","343.0000","346.0000","346.0000","340.0000","343.0000"," ","0.0000","0.0000","28400","9772800","344.1127"
"20201211","01","11","    53670","JP3667000008","800.0000","805.0000","785.0000","785.0000","789.0000","789.0000","773.0000","787.0000","800.0000","805.0000","773.0000","787.0000"," ","0.0000","0.0000","31500","24843000","788.6667"
"20201211","01","11","    53840","JP3820900003","3790.0000","3835.0000","3790.0000","3815.0000","3800.0000","3840.0000","3800.0000","3840.0000","3790.0000","3840.0000","3790.0000","3840.0000"," ","0.0000","0.0000","53700","204932500","3816.2477"
"20201211","01","11","    53880","JP3266200009","1054.0000","1060.0000","1047.0000","1056.0000","1056.0000","1071.0000","1055.0000","1055.0000","1054.0000","1071.0000","1047.0000","1055.0000"," ","0.0000","0.0000","24700","26087000","1056.1538"
"20201211","01","11","    53910","JP3119800005","1022.0000","1022.0000","1022.0000","1022.0000","1023.0000","1029.0000","1021.0000","1023.0000","1022.0000","1029.0000","1021.0000","1023.0000"," ","0.0000","0.0000","7200","7372500","1023.9583"
"20201211","01","11","    53930","JP3660400007","2453.0000","2492.0000","2451.0000","2466.0000","2454.0000","2473.0000","2447.0000","2464.0000","2453.0000","2492.0000","2447.0000","2464.0000"," ","0.0000","0.0000","188200","464172100","2466.3767"
"20201211","01","11","    54010","JP3381000003","1342.0000","1356.5000","1321.0000","1343.5000","1337.0000","1354.0000","1335.0000","1349.5000","1342.0000","1356.5000","1321.0000","1349.5000"," ","0.0000","0.0000","5288900","7108901100","1344.1171"
"20201211","01","11","    54060","JP3289800009","543.0000","544.0000","529.0000","536.0000","535.0000","536.0000","531.0000","534.0000","543.0000","544.0000","529.0000","534.0000"," ","0.0000","0.0000","2745700","1469765500","535.2972"
"20201211","01","11","    54080","JP3646400006","390.0000","390.0000","382.0000","385.0000","385.0000","392.0000","383.0000","392.0000","390.0000","392.0000","382.0000","392.0000"," ","0.0000","0.0000","98300","38051300","387.0936"
"20201211","01","11","    54100","JP3307800007","1950.0000","1956.0000","1908.0000","1913.0000","1913.0000","1921.0000","1909.0000","1918.0000","1950.0000","1956.0000","1908.0000","1918.0000"," ","0.0000","0.0000","77900","149691500","1921.5854"
"20201211","01","11","    54110","JP3386030005","1080.0000","1086.0000","1055.0000","1063.0000","1060.0000","1066.0000","1053.0000","1065.0000","1080.0000","1086.0000","1053.0000","1065.0000"," ","0.0000","0.0000","2756800","2938470000","1065.8989"
"20201211","01","11","    54230","JP3579800008","638.0000","651.0000","637.0000","649.0000","645.0000","657.0000","645.0000","655.0000","638.0000","657.0000","637.0000","655.0000"," ","0.0000","0.0000","909100","588491400","647.3341"
"20201211","01","11","    54400","JP3247400009","1463.0000","1480.0000","1435.0000","1436.0000","1441.0000","1444.0000","1432.0000","1440.0000","1463.0000","1480.0000","1432.0000","1440.0000"," ","0.0000","0.0000","167100","241213000","1443.5248"
"20201211","01","11","    54440","JP3940400009","2747.0000","2752.0000","2722.0000","2732.0000","2722.0000","2766.0000","2722.0000","2763.0000","2747.0000","2766.0000","2722.0000","2763.0000"," ","0.0000","0.0000","151300","415815200","2748.2829"
"20201211","01","11","    54450","JP3584600005","2149.0000","2164.0000","2121.0000","2140.0000","2140.0000","2140.0000","2121.0000","2132.0000","2149.0000","2164.0000","2121.0000","2132.0000"," ","0.0000","0.0000","46100","98361500","2133.6551"
"20201211","01","11","    54490","JP3184600009","1260.0000","1261.0000","1231.0000","1231.0000","1240.0000","1256.0000","1230.0000","1253.0000","1260.0000","1261.0000","1230.0000","1253.0000"," ","0.0000","0.0000","13000","16251300","1250.1000"
"20201211","01","11","    54510","JP3959400007","2016.0000","2048.0000","2014.0000","2038.0000","2038.0000","2048.0000","2029.0000","2045.0000","2016.0000","2048.0000","2014.0000","2045.0000"," ","0.0000","0.0000","53000","107555200","2029.3434"
"20201211","01","11","    54630","JP3871200006","2285.0000","2317.0000","2265.0000","2272.0000","2264.0000","2288.0000","2264.0000","2288.0000","2285.0000","2317.0000","2264.0000","2288.0000"," ","0.0000","0.0000","426500","973704300","2283.0113"
"20201211","01","11","    54640","JP3924000007","2699.0000","2704.0000","2670.0000","2684.0000","2685.0000","2740.0000","2594.0000","2675.0000","2699.0000","2740.0000","2594.0000","2675.0000"," ","0.0000","0.0000","22400","60216600","2688.2411"
"20201211","01","11","    54710","JP3491000000","4500.0000","4520.0000","4445.0000","4485.0000","4490.0000","4495.0000","4440.0000","4480.0000","4500.0000","4520.0000","4440.0000","4480.0000"," ","0.0000","0.0000","75300","337218000","4478.3267"
"20201211","01","11","    54760","JP3706400003","341.0000","341.0000","339.0000","340.0000","338.0000","348.0000","338.0000","347.0000","341.0000","348.0000","338.0000","347.0000"," ","0.0000","0.0000","24300","8325800","342.6255"
"20201211","01","11","    54800","JP3752600001","1806.0000","1809.0000","1772.0000","1773.0000","1770.0000","1780.0000","1760.0000","1769.0000","1806.0000","1809.0000","1760.0000","1769.0000"," ","0.0000","0.0000","70400","125214300","1778.6122"
"20201211","01","11","    54810","JP3342000001","1308.0000","1318.0000","1280.0000","1282.0000","1281.0000","1301.0000","1277.0000","1300.0000","1308.0000","1318.0000","1277.0000","1300.0000"," ","0.0000","0.0000","96500","124703700","1292.2663"
"20201211","01","11","    54820","JP3103600007","2973.0000","3020.0000","2921.0000","3015.0000","3005.0000","3085.0000","2980.0000","3080.0000","2973.0000","3085.0000","2921.0000","3080.0000"," ","0.0000","0.0000","132600","397611500","2998.5784"
"20201211","01","11","    54860","JP3786200000","1554.0000","1568.0000","1544.0000","1562.0000","1558.0000","1563.0000","1554.0000","1559.0000","1554.0000","1568.0000","1544.0000","1559.0000"," ","0.0000","0.0000","840100","1307417200","1556.2638"
"20201211","01","11","    54910","JP3698000001","1036.0000","1083.0000","1030.0000","1043.0000","1046.0000","1060.0000","1038.0000","1052.0000","1036.0000","1083.0000","1030.0000","1052.0000"," ","0.0000","0.0000","376800","395796700","1050.4159"
"20201211","01","11","    55410","JP3448000004","2132.0000","2168.0000","2089.0000","2114.0000","2114.0000","2130.0000","2101.0000","2117.0000","2132.0000","2168.0000","2089.0000","2117.0000"," ","0.0000","0.0000","326700","695118700","2127.6973"
"20201211","01","11","    55630","JP3734600004","271.0000","271.0000","255.0000","266.0000","267.0000","276.0000","266.0000","274.0000","271.0000","276.0000","255.0000","274.0000"," ","0.0000","0.0000","5372500","1433026700","266.7337"
"20201211","01","11","    56020","JP3270800000","1710.0000","1715.0000","1695.0000","1706.0000","1697.0000","1705.0000","1691.0000","1700.0000","1710.0000","1715.0000","1691.0000","1700.0000"," ","0.0000","0.0000","37300","63480200","1701.8820"
"20201211","01","11","    56030","JP3286400001","1220.0000","1220.0000","1220.0000","1220.0000","1211.0000","1221.0000","1211.0000","1216.0000","1220.0000","1221.0000","1211.0000","1216.0000"," ","0.0000","0.0000","1800","2193300","1218.5000"
"20201211","01","11","    56120","JP3728600002","1279.0000","1280.0000","1279.0000","1279.0000","1289.0000","1289.0000","1279.0000","1279.0000","1279.0000","1289.0000","1279.0000","1279.0000"," ","0.0000","0.0000","5800","7443400","1283.3448"
"20201211","01","11","    56310","JP3721400004","2927.0000","2942.0000","2820.0000","2856.0000","2856.0000","2880.0000","2850.0000","2869.0000","2927.0000","2942.0000","2820.0000","2869.0000"," ","0.0000","0.0000","475100","1365203600","2873.5079"
"20201211","01","11","    56320","JP3900800008","582.0000","583.0000","561.0000","561.0000","563.0000","580.0000","563.0000","578.0000","582.0000","583.0000","561.0000","578.0000"," ","0.0000","0.0000","116600","66720500","572.2170"
"20201211","01","11","    56580","JP3660000005","294.0000","296.0000","293.0000","294.0000","294.0000","296.0000","294.0000","296.0000","294.0000","296.0000","293.0000","296.0000"," ","0.0000","0.0000","24800","7296700","294.2218"
"20201211","01","11","    56590","JP3721800005","3815.0000","3815.0000","3695.0000","3725.0000","3740.0000","3820.0000","3725.0000","3790.0000","3815.0000","3820.0000","3695.0000","3790.0000"," ","0.0000","0.0000","14300","53921500","3770.7343"
"20201211","01","11","    56980","JP3169750001","622.0000","634.0000","607.0000","634.0000","627.0000","638.0000","620.0000","628.0000","622.0000","638.0000","607.0000","628.0000"," ","0.0000","0.0000","84200","52342500","621.6449"
"20201211","01","11","    57020","JP3480600000","742.0000","755.0000","742.0000","754.0000","749.0000","758.0000","749.0000","753.0000","742.0000","758.0000","742.0000","753.0000"," ","0.0000","0.0000","101200","76022500","751.2105"
"20201211","01","11","    57030","JP3700200003","1964.0000","1973.0000","1929.0000","1940.0000","1925.0000","1928.0000","1915.0000","1922.0000","1964.0000","1973.0000","1915.0000","1922.0000"," ","0.0000","0.0000","279400","541271000","1937.2620"
"20201211","01","11","    57060","JP3888400003","3575.0000","3590.0000","3480.0000","3555.0000","3555.0000","3555.0000","3500.0000","3520.0000","3575.0000","3590.0000","3480.0000","3520.0000"," ","0.0000","0.0000","1018300","3597211500","3532.5656"
"20201211","01","11","    57070","JP3599000001","2412.0000","2464.0000","2360.0000","2415.0000","2413.0000","2425.0000","2385.0000","2410.0000","2412.0000","2464.0000","2360.0000","2410.0000"," ","0.0000","0.0000","384200","924655600","2406.7038"
"20201211","01","11","    57110","JP3903000002","2097.0000","2123.0000","2086.0000","2106.0000","2106.0000","2129.0000","2097.0000","2129.0000","2097.0000","2129.0000","2086.0000","2129.0000"," ","0.0000","0.0000","909200","1918770900","2110.3947"
"20201211","01","11","    57130","JP3402600005","4320.0000","4401.0000","4286.0000","4344.0000","4325.0000","4335.0000","4271.0000","4304.0000","4320.0000","4401.0000","4271.0000","4304.0000"," ","0.0000","0.0000","1634200","7058618600","4319.3113"
"20201211","01","11","    57140","JP3638600001","3660.0000","3710.0000","3640.0000","3670.0000","3655.0000","3680.0000","3650.0000","3665.0000","3660.0000","3710.0000","3640.0000","3665.0000"," ","0.0000","0.0000","413700","1518630000","3670.8484"
"20201211","01","11","    57150","JP3826800009","1300.0000","1330.0000","1299.0000","1321.0000","1313.0000","1313.0000","1276.0000","1293.0000","1300.0000","1330.0000","1276.0000","1293.0000"," ","0.0000","0.0000","225800","294704300","1305.1563"
"20201211","01","11","    57210","JP3359200007","43.0000","43.0000","42.0000","42.0000","43.0000","43.0000","42.0000","43.0000","43.0000","43.0000","42.0000","43.0000"," ","0.0000","0.0000","192500","8231100","42.7590"
"20201211","01","11","    57260","JP3407200009","951.0000","964.0000","945.0000","949.0000","944.0000","948.0000","941.0000","947.0000","951.0000","964.0000","941.0000","947.0000"," ","0.0000","0.0000","216900","205914600","949.3527"
"20201211","01","11","    57270","JP3601800000","807.0000","833.0000","788.0000","788.0000","785.0000","794.0000","776.0000","794.0000","807.0000","833.0000","776.0000","794.0000"," ","0.0000","0.0000","538100","431171000","801.2841"
"20201211","01","11","    57410","JP3826900007","1886.0000","1910.0000","1869.0000","1879.0000","1870.0000","1895.0000","1865.0000","1895.0000","1886.0000","1910.0000","1865.0000","1895.0000"," ","0.0000","0.0000","60400","113950600","1886.5993"
"20201211","01","11","    57570","JP3325100000","3950.0000","3950.0000","3915.0000","3915.0000","3940.0000","3940.0000","3920.0000","3940.0000","3950.0000","3950.0000","3915.0000","3940.0000"," ","0.0000","0.0000","3300","13005000","3940.9091"
"20201211","01","11","    58010","JP3827200001","2898.0000","2920.0000","2830.0000","2880.0000","2878.0000","2891.0000","2857.0000","2870.0000","2898.0000","2920.0000","2830.0000","2870.0000"," ","0.0000","0.0000","540300","1551305600","2871.1930"
"20201211","01","11","    58020","JP3407400005","1252.0000","1261.5000","1241.5000","1251.5000","1248.5000","1262.0000","1247.0000","1257.5000","1252.0000","1262.0000","1241.5000","1257.5000"," ","0.0000","0.0000","2854100","3577569200","1253.4842"
"20201211","01","11","    58030","JP3811000003","465.0000","468.0000","459.0000","463.0000","461.0000","465.0000","461.0000","464.0000","465.0000","468.0000","459.0000","464.0000"," ","0.0000","0.0000","1463900","679036000","463.8541"
"20201211","01","11","    58050","JP3368400002","1765.0000","1789.0000","1742.0000","1756.0000","1759.0000","1779.0000","1740.0000","1778.0000","1765.0000","1789.0000","1740.0000","1778.0000"," ","0.0000","0.0000","208100","366699300","1762.1302"
"20201211","01","11","    58070","JP3586200002","2425.0000","2425.0000","2413.0000","2413.0000","2425.0000","2430.0000","2422.0000","2430.0000","2425.0000","2430.0000","2413.0000","2430.0000"," ","0.0000","0.0000","2300","5574900","2423.8696"
"20201211","01","11","    58090","JP3467400002","694.0000","711.0000","680.0000","707.0000","709.0000","712.0000","690.0000","706.0000","694.0000","712.0000","680.0000","706.0000"," ","0.0000","0.0000","833600","580341500","696.1870"
"20201211","01","11","    58190","JP3215300009","1805.0000","1810.0000","1802.0000","1807.0000","1820.0000","1820.0000","1813.0000","1820.0000","1805.0000","1820.0000","1802.0000","1820.0000"," ","0.0000","0.0000","17600","31902100","1812.6193"
"20201211","01","11","    58210","JP3795080005","1151.0000","1169.0000","1145.0000","1162.0000","1160.0000","1190.0000","1158.0000","1189.0000","1151.0000","1190.0000","1145.0000","1189.0000"," ","0.0000","0.0000","28000","32621300","1165.0464"
"20201211","01","11","    58510","JP3975800008","1291.0000","1292.0000","1263.0000","1267.0000","1267.0000","1294.0000","1260.0000","1292.0000","1291.0000","1294.0000","1260.0000","1292.0000"," ","0.0000","0.0000","100200","128315400","1280.5928"
"20201211","01","11","    58520","JP3100600000","336.0000","337.0000","333.0000","335.0000","336.0000","340.0000","334.0000","339.0000","336.0000","340.0000","333.0000","339.0000"," ","0.0000","0.0000","63100","21188800","335.7971"
"20201211","01","11","    58570","JP3116700000","3275.0000","3320.0000","3275.0000","3280.0000","3295.0000","3325.0000","3285.0000","3325.0000","3275.0000","3325.0000","3275.0000","3325.0000"," ","0.0000","0.0000","150400","496670500","3302.3305"
"20201211","01","11","    59010","JP3613400005","1105.0000","1112.0000","1089.0000","1092.0000","1089.0000","1102.0000","1086.0000","1100.0000","1105.0000","1112.0000","1086.0000","1100.0000"," ","0.0000","0.0000","834100","917881100","1100.4449"
"20201211","01","11","    59020","JP3846600009","1403.0000","1403.0000","1389.0000","1402.0000","1407.0000","1431.0000","1398.0000","1430.0000","1403.0000","1431.0000","1389.0000","1430.0000"," ","0.0000","0.0000","16500","23222800","1407.4424"
"20201211","01","11","    59090","JP3305950002","940.0000","941.0000","931.0000","931.0000","931.0000","942.0000","924.0000","942.0000","940.0000","942.0000","924.0000","942.0000"," ","0.0000","0.0000","24200","22624000","934.8760"
"20201211","01","11","    59110","JP3955200005","2116.0000","2120.0000","2079.0000","2095.0000","2089.0000","2101.0000","2082.0000","2101.0000","2116.0000","2120.0000","2079.0000","2101.0000"," ","0.0000","0.0000","75500","158486200","2099.1550"
"20201211","01","11","    59120","JP3697600009","266.0000","267.0000","261.0000","262.0000","261.0000","263.0000","261.0000","261.0000","266.0000","267.0000","261.0000","261.0000"," ","0.0000","0.0000","523000","137597300","263.0924"
"20201211","01","11","    59150","JP3302600006","1660.0000","1683.0000","1660.0000","1672.0000","1670.0000","1671.0000","1657.0000","1670.0000","1660.0000","1683.0000","1657.0000","1670.0000"," ","0.0000","0.0000","7400","12326400","1665.7297"
"20201211","01","11","    59230","JP3457200008","2565.0000","2565.0000","2545.0000","2545.0000","2545.0000","2555.0000","2545.0000","2555.0000","2565.0000","2565.0000","2545.0000","2555.0000"," ","0.0000","0.0000","1100","2814600","2558.7273"
"20201211","01","11","    59290","JP3344400001","1196.0000","1204.0000","1177.0000","1180.0000","1176.0000","1190.0000","1176.0000","1188.0000","1196.0000","1204.0000","1176.0000","1188.0000"," ","0.0000","0.0000","532500","632593500","1187.9690"
"20201211","01","11","    59300","JP3831600006","948.0000","953.0000","938.0000","944.0000","944.0000","949.0000","941.0000","949.0000","948.0000","953.0000","938.0000","949.0000"," ","0.0000","0.0000","209700","198297900","945.6266"
"20201211","01","11","    59320","JP3326800004","770.0000","771.0000","764.0000","767.0000","766.0000","771.0000","762.0000","771.0000","770.0000","771.0000","762.0000","771.0000"," ","0.0000","0.0000","68200","52349100","767.5821"
"20201211","01","11","    59330","JP3126100001","916.0000","925.0000","916.0000","925.0000","925.0000","929.0000","923.0000","926.0000","916.0000","929.0000","916.0000","926.0000"," ","0.0000","0.0000","20000","18424300","921.2150"
"20201211","01","11","    59360","JP3611400007","746.0000","748.0000","739.0000","743.0000","742.0000","749.0000","741.0000","749.0000","746.0000","749.0000","739.0000","749.0000"," ","0.0000","0.0000","8500","6330400","744.7529"
"20201211","01","11","    59380","JP3626800001","2301.0000","2321.0000","2285.0000","2315.0000","2304.0000","2319.0000","2302.0000","2303.0000","2301.0000","2321.0000","2285.0000","2303.0000"," ","0.0000","0.0000","1248700","2881623000","2307.6984"
"20201211","01","11","    59420","JP3748600008","524.0000","614.0000","512.0000","520.0000","518.0000","549.0000","517.0000","529.0000","524.0000","614.0000","512.0000","529.0000"," ","0.0000","0.0000","486500","270989300","557.0181"
"20201211","01","11","    59430","JP3759400009","1646.0000","1652.0000","1630.0000","1638.0000","1641.0000","1647.0000","1632.0000","1642.0000","1646.0000","1652.0000","1630.0000","1642.0000"," ","0.0000","0.0000","85600","140550400","1641.9439"
"20201211","01","11","    59460","JP3527800001","2084.0000","2095.0000","2077.0000","2095.0000","2101.0000","2112.0000","2086.0000","2111.0000","2084.0000","2112.0000","2077.0000","2111.0000"," ","0.0000","0.0000","33600","70292300","2092.0327"
"20201211","01","11","    59470","JP3977400005","11870.0000","12080.0000","11820.0000","12050.0000","12010.0000","12120.0000","11990.0000","12060.0000","11870.0000","12120.0000","11820.0000","12060.0000"," ","0.0000","0.0000","136000","1635484000","12025.6176"
"20201211","01","11","    59490","JP3952550006","968.0000","973.0000","953.0000","960.0000","955.0000","971.0000","955.0000","967.0000","968.0000","973.0000","953.0000","967.0000"," ","0.0000","0.0000","149600","144358100","964.9606"
"20201211","01","11","    59510","JP3492000009","830.0000","859.0000","822.0000","859.0000","858.0000","869.0000","856.0000","856.0000","830.0000","869.0000","822.0000","856.0000"," ","0.0000","0.0000","55900","47477000","849.3202"
"20201211","01","11","    59570","JP3682800002","451.0000","451.0000","443.0000","448.0000","447.0000","465.0000","447.0000","459.0000","451.0000","465.0000","443.0000","459.0000"," ","0.0000","0.0000","57600","26136900","453.7656"
"20201211","01","11","    59580","JP3338000007","1896.0000","1900.0000","1894.0000","1900.0000","1905.0000","1909.0000","1898.0000","1909.0000","1896.0000","1909.0000","1894.0000","1909.0000"," ","0.0000","0.0000","3100","5889600","1899.8710"
"20201211","01","11","    59590","JP3192000002","791.0000","795.0000","791.0000","793.0000","791.0000","795.0000","788.0000","794.0000","791.0000","795.0000","788.0000","794.0000"," ","0.0000","0.0000","77600","61431300","791.6405"
"20201211","01","11","    59700","JP3236750000","1472.0000","1488.0000","1460.0000","1474.0000","1473.0000","1500.0000","1467.0000","1500.0000","1472.0000","1500.0000","1460.0000","1500.0000"," ","0.0000","0.0000","60400","89376900","1479.7500"
"20201211","01","11","    59750","JP3598200008","1450.0000","1453.0000","1426.0000","1446.0000","1445.0000","1473.0000","1441.0000","1470.0000","1450.0000","1473.0000","1426.0000","1470.0000"," ","0.0000","0.0000","163200","237333900","1454.2518"
"20201211","01","11","    59760","JP3288200003","482.0000","484.0000","476.0000","479.0000","479.0000","481.0000","475.0000","479.0000","482.0000","484.0000","475.0000","479.0000"," ","0.0000","0.0000","97800","46933800","479.8957"
"20201211","01","11","    59810","JP3579400007","877.0000","889.0000","845.0000","851.0000","854.0000","888.0000","850.0000","878.0000","877.0000","889.0000","845.0000","878.0000"," ","0.0000","0.0000","1006900","875553600","869.5537"
"20201211","01","11","    59850","JP3330600002","450.0000","453.0000","445.0000","447.0000","447.0000","454.0000","447.0000","450.0000","450.0000","454.0000","445.0000","450.0000"," ","0.0000","0.0000","52700","23716700","450.0323"
"20201211","01","11","    59860","JP3925800009","541.0000","545.0000","512.0000","515.0000","515.0000","525.0000","508.0000","515.0000","541.0000","545.0000","508.0000","515.0000"," ","0.0000","0.0000","923000","482291400","522.5259"
"20201211","01","11","    59880","JP3780400002","1708.0000","1715.0000","1665.0000","1672.0000","1661.0000","1688.0000","1654.0000","1685.0000","1708.0000","1715.0000","1654.0000","1685.0000"," ","0.0000","0.0000","42200","71309300","1689.7938"
"20201211","01","11","    59890","JP3795200009","777.0000","787.0000","765.0000","785.0000","783.0000","809.0000","779.0000","809.0000","777.0000","809.0000","765.0000","809.0000"," ","0.0000","0.0000","72900","57695300","791.4307"
"20201211","01","11","    59910","JP3742600004","671.0000","677.0000","664.0000","670.0000","667.0000","674.0000","664.0000","673.0000","671.0000","677.0000","664.0000","673.0000"," ","0.0000","0.0000","526500","352902000","670.2792"
"20201211","01","11","    59920","JP3517800003","2997.0000","3040.0000","2997.0000","3040.0000","3055.0000","3055.0000","3010.0000","3025.0000","2997.0000","3055.0000","2997.0000","3025.0000"," ","0.0000","0.0000","6900","20893300","3028.0145"
"20201211","01","11","    59980","JP3213400009","1291.0000","1297.0000","1269.0000","1289.0000","1297.0000","1300.0000","1297.0000","1300.0000","1291.0000","1300.0000","1269.0000","1300.0000"," ","0.0000","0.0000","5300","6826800","1288.0755"
"20201211","01","11","    60050","JP3880800002","5660.0000","5670.0000","5610.0000","5660.0000","5630.0000","5700.0000","5630.0000","5670.0000","5660.0000","5700.0000","5610.0000","5670.0000"," ","0.0000","0.0000","173300","980905000","5660.1558"
"20201211","01","11","    60130","JP3462600002","1783.0000","1788.0000","1754.0000","1757.0000","1760.0000","1775.0000","1756.0000","1768.0000","1783.0000","1788.0000","1754.0000","1768.0000"," ","0.0000","0.0000","224000","396300600","1769.1991"
"20201211","01","11","    60280","JP3545240008","8320.0000","8320.0000","8220.0000","8240.0000","8210.0000","8270.0000","8200.0000","8220.0000","8320.0000","8320.0000","8200.0000","8220.0000"," ","0.0000","0.0000","144800","1194999000","8252.7555"
"20201211","01","11","    60290","JP3121920007","326.0000","334.0000","319.0000","323.0000","323.0000","330.0000","323.0000","330.0000","326.0000","334.0000","319.0000","330.0000"," ","0.0000","0.0000","168900","55110200","326.2889"
"20201211","01","11","    60320","JP3152870006","328.0000","330.0000","328.0000","330.0000","328.0000","331.0000","324.0000","328.0000","328.0000","331.0000","324.0000","328.0000"," ","0.0000","0.0000","26000","8505800","327.1462"
"20201211","01","11","    60350","JP3100640006","15480.0000","15800.0000","15280.0000","15800.0000","15800.0000","15800.0000","15420.0000","15500.0000","15480.0000","15800.0000","15280.0000","15500.0000"," ","0.0000","0.0000","59100","919175000","15552.8765"
"20201211","01","11","    60360","JP3236320002","2092.0000","2195.0000","2086.0000","2139.0000","2163.0000","2163.0000","2093.0000","2126.0000","2092.0000","2195.0000","2086.0000","2126.0000"," ","0.0000","0.0000","295700","631099700","2134.2567"
"20201211","01","11","    60370","JP3802340004","784.0000","786.0000","779.0000","782.0000","785.0000","799.0000","785.0000","799.0000","784.0000","799.0000","779.0000","799.0000"," ","0.0000","0.0000","16500","13008700","788.4061"
"20201211","01","11","    60440","JP3325700007","1000.0000","1000.0000","989.0000","989.0000","989.0000","990.0000","989.0000","990.0000","1000.0000","1000.0000","989.0000","990.0000"," ","0.0000","0.0000","9400","9379900","997.8617"
"20201211","01","11","    60470","JP3273820005","724.0000","738.0000","722.0000","726.0000","726.0000","734.0000","725.0000","734.0000","724.0000","738.0000","722.0000","734.0000"," ","0.0000","0.0000","101800","74148100","728.3703"
"20201211","01","11","    60480","JP3548870009","214.0000","215.0000","212.0000","214.0000","214.0000","215.0000","213.0000","213.0000","214.0000","215.0000","212.0000","213.0000"," ","0.0000","0.0000","44900","9600400","213.8174"
"20201211","01","11","    60500","JP3130230000","3030.0000","3085.0000","3030.0000","3085.0000","3085.0000","3090.0000","3055.0000","3090.0000","3030.0000","3090.0000","3030.0000","3090.0000"," ","0.0000","0.0000","50000","153177500","3063.5500"
"20201211","01","11","    60540","JP3974740007","240.0000","240.0000","240.0000","240.0000","240.0000","241.0000","239.0000","240.0000","240.0000","241.0000","239.0000","240.0000"," ","0.0000","0.0000","17900","4294900","239.9385"
"20201211","01","11","    60550","JP3389680004","1416.0000","1423.0000","1397.0000","1414.0000","1414.0000","1427.0000","1404.0000","1421.0000","1416.0000","1427.0000","1397.0000","1421.0000"," ","0.0000","0.0000","167600","237078600","1414.5501"
"20201211","01","11","    60580","JP3835500004","937.0000","955.0000","932.0000","955.0000","956.0000","957.0000","947.0000","957.0000","937.0000","957.0000","932.0000","957.0000"," ","0.0000","0.0000","353900","334768500","945.9409"
"20201211","01","11","    60590","JP3157250006","304.0000","304.0000","301.0000","303.0000","303.0000","304.0000","303.0000","304.0000","304.0000","304.0000","301.0000","304.0000"," ","0.0000","0.0000","10700","3247800","303.5327"
"20201211","01","11","    60620","JP3512740006","1191.0000","1241.0000","1179.0000","1241.0000","1232.0000","1237.0000","1215.0000","1235.0000","1191.0000","1241.0000","1179.0000","1235.0000"," ","0.0000","0.0000","208800","253711500","1215.0934"
"20201211","01","11","    60700","JP3244520007","1888.0000","1952.0000","1873.0000","1946.0000","1955.0000","1991.0000","1879.0000","1984.0000","1888.0000","1991.0000","1873.0000","1984.0000"," ","0.0000","0.0000","500300","971048900","1940.9332"
"20201211","01","11","    60710","JP3104960004","825.0000","825.0000","805.0000","817.0000","817.0000","824.0000","811.0000","824.0000","825.0000","825.0000","805.0000","824.0000"," ","0.0000","0.0000","324500","264932300","816.4324"
"20201211","01","11","    60730","JP3117350003","1478.0000","1478.0000","1449.0000","1452.0000","1452.0000","1463.0000","1450.0000","1453.0000","1478.0000","1478.0000","1449.0000","1453.0000"," ","0.0000","0.0000","176000","257021600","1460.3500"
"20201211","01","11","    60770","JP3165850003","789.0000","791.0000","773.0000","784.0000","786.0000","786.0000","780.0000","782.0000","789.0000","791.0000","773.0000","782.0000"," ","0.0000","0.0000","222000","173882800","783.2559"
"20201211","01","11","    60780","JP3778410005","1692.0000","1709.0000","1692.0000","1702.0000","1695.0000","1715.0000","1695.0000","1702.0000","1692.0000","1715.0000","1692.0000","1702.0000"," ","0.0000","0.0000","32700","55466300","1696.2171"
"20201211","01","11","    60800","JP3167320005","6320.0000","6540.0000","6320.0000","6530.0000","6500.0000","6520.0000","6450.0000","6510.0000","6320.0000","6540.0000","6320.0000","6510.0000"," ","0.0000","0.0000","120900","778948000","6442.9115"
"20201211","01","11","    60820","JP3966000006","1922.0000","2001.0000","1922.0000","1998.0000","1986.0000","1990.0000","1963.0000","1990.0000","1922.0000","2001.0000","1922.0000","1990.0000"," ","0.0000","0.0000","128000","252358200","1971.5484"
"20201211","01","11","    60830","JP3130050002","686.0000","686.0000","667.0000","685.0000","681.0000","685.0000","680.0000","682.0000","686.0000","686.0000","667.0000","682.0000"," ","0.0000","0.0000","11500","7819800","679.9826"
"20201211","01","11","    60870","JP3122480001","3035.0000","3090.0000","3035.0000","3075.0000","3060.0000","3070.0000","3045.0000","3060.0000","3035.0000","3090.0000","3035.0000","3060.0000"," ","0.0000","0.0000","6500","19861000","3055.5385"
"20201211","01","11","    60880","JP3348950001","1762.0000","1805.0000","1756.0000","1799.0000","1804.0000","1810.0000","1783.0000","1796.0000","1762.0000","1810.0000","1756.0000","1796.0000"," ","0.0000","0.0000","201300","360122700","1788.9851"
"20201211","01","11","    60890","JP3154160000","1001.0000","1009.0000","997.0000","1005.0000","1006.0000","1008.0000","1000.0000","1004.0000","1001.0000","1009.0000","997.0000","1004.0000"," ","0.0000","0.0000","68100","68280500","1002.6505"
"20201211","01","11","    60930","JP3162660009","316.0000","322.0000","315.0000","319.0000","319.0000","320.0000","317.0000","320.0000","316.0000","322.0000","315.0000","320.0000"," ","0.0000","0.0000","136200","43360800","318.3612"
"20201211","01","11","    60950","JP3921240002","6560.0000","6790.0000","6440.0000","6780.0000","6790.0000","6820.0000","6700.0000","6790.0000","6560.0000","6820.0000","6440.0000","6790.0000"," ","0.0000","0.0000","903300","6047309000","6694.6850"
"20201211","01","11","    60960","JP3979210006","2022.0000","2056.0000","2019.0000","2052.0000","2051.0000","2051.0000","2025.0000","2035.0000","2022.0000","2056.0000","2019.0000","2035.0000"," ","0.0000","0.0000","34100","69409000","2035.4545"
"20201211","01","11","    60980","JP3970300004","4211.0000","4215.0000","4182.0000","4186.0000","4185.0000","4194.0000","4173.0000","4184.0000","4211.0000","4215.0000","4173.0000","4184.0000"," ","0.0000","0.0000","5143000","21572092300","4194.4570"
"20201211","01","11","    60990","JP3167680002","3040.0000","3130.0000","3040.0000","3125.0000","3125.0000","3165.0000","3115.0000","3165.0000","3040.0000","3165.0000","3040.0000","3165.0000"," ","0.0000","0.0000","118900","370295000","3114.3398"
"20201211","01","11","    61010","JP3531800005","1582.0000","1611.0000","1571.0000","1604.0000","1604.0000","1620.0000","1600.0000","1619.0000","1582.0000","1620.0000","1571.0000","1619.0000"," ","0.0000","0.0000","457000","731993600","1601.7365"
"20201211","01","11","    61030","JP3172100004","5920.0000","5960.0000","5860.0000","5940.0000","5940.0000","5950.0000","5890.0000","5890.0000","5920.0000","5960.0000","5860.0000","5890.0000"," ","0.0000","0.0000","235300","1391791000","5914.9639"
"20201211","01","11","    61040","JP3592600005","2287.0000","2301.0000","2253.0000","2254.0000","2252.0000","2283.0000","2249.0000","2283.0000","2287.0000","2301.0000","2249.0000","2283.0000"," ","0.0000","0.0000","211000","478677300","2268.6128"
"20201211","01","11","    61130","JP3122800000","1115.0000","1115.0000","1097.0000","1099.0000","1101.0000","1106.0000","1098.0000","1099.0000","1115.0000","1115.0000","1097.0000","1099.0000"," ","0.0000","0.0000","2003900","2212592400","1104.1431"
"20201211","01","11","    61180","JP3102400003","967.0000","992.0000","967.0000","983.0000","978.0000","979.0000","965.0000","973.0000","967.0000","992.0000","965.0000","973.0000"," ","0.0000","0.0000","304000","296588900","975.6214"
"20201211","01","11","    61210","JP3461800009","985.0000","988.0000","982.0000","988.0000","986.0000","998.0000","986.0000","986.0000","985.0000","998.0000","982.0000","986.0000"," ","0.0000","0.0000","9600","9482100","987.7188"
"20201211","01","11","    61340","JP3809200003","2700.0000","2700.0000","2634.0000","2669.0000","2642.0000","2678.0000","2642.0000","2678.0000","2700.0000","2700.0000","2634.0000","2678.0000"," ","0.0000","0.0000","363300","969635700","2668.9670"
"20201211","01","11","    61350","JP3862800004","4020.0000","4055.0000","3985.0000","3985.0000","3985.0000","3985.0000","3960.0000","3975.0000","4020.0000","4055.0000","3960.0000","3975.0000"," ","0.0000","0.0000","125200","498961000","3985.3115"
"20201211","01","11","    61360","JP3170800001","1869.0000","1895.0000","1864.0000","1881.0000","1884.0000","1889.0000","1877.0000","1882.0000","1869.0000","1895.0000","1864.0000","1882.0000"," ","0.0000","0.0000","251200","471723700","1877.8810"
"20201211","01","11","    61380","JP3485000008","1341.0000","1344.0000","1335.0000","1344.0000","1344.0000","1350.0000","1340.0000","1350.0000","1341.0000","1350.0000","1335.0000","1350.0000"," ","0.0000","0.0000","4600","6170200","1341.3478"
"20201211","01","11","    61400","JP3114400009","426.0000","432.0000","424.0000","430.0000","427.0000","432.0000","427.0000","431.0000","426.0000","432.0000","424.0000","431.0000"," ","0.0000","0.0000","223300","95726200","428.6888"
"20201211","01","11","    61410","JP3924800000","1610.0000","1625.0000","1597.0000","1599.0000","1595.0000","1609.0000","1591.0000","1609.0000","1610.0000","1625.0000","1591.0000","1609.0000"," ","0.0000","0.0000","841100","1349441100","1604.3765"
"20201211","01","11","    61430","JP3434200006","835.0000","842.0000","829.0000","833.0000","835.0000","842.0000","832.0000","842.0000","835.0000","842.0000","829.0000","842.0000"," ","0.0000","0.0000","146800","122839600","836.7820"
"20201211","01","11","    61460","JP3548600000","32900.0000","33100.0000","32800.0000","32950.0000","32900.0000","33200.0000","32800.0000","33100.0000","32900.0000","33200.0000","32800.0000","33100.0000"," ","0.0000","0.0000","126500","4176560000","33016.2846"
"20201211","01","11","    61510","JP3682300003","1761.0000","1764.0000","1726.0000","1745.0000","1744.0000","1759.0000","1733.0000","1738.0000","1761.0000","1764.0000","1726.0000","1738.0000"," ","0.0000","0.0000","28300","49522400","1749.9081"
"20201211","01","11","    61570","JP3675320000","2649.0000","2721.0000","2649.0000","2677.0000","2667.0000","2705.0000","2666.0000","2689.0000","2649.0000","2721.0000","2649.0000","2689.0000"," ","0.0000","0.0000","24500","65633600","2678.9224"
"20201211","01","11","    61650","JP3782950004","476.0000","480.0000","462.0000","462.0000","462.0000","464.0000","459.0000","462.0000","476.0000","480.0000","459.0000","462.0000"," ","0.0000","0.0000","51500","24146500","468.8641"
"20201211","01","11","    61670","JP3817400009","664.0000","665.0000","658.0000","658.0000","657.0000","666.0000","657.0000","666.0000","664.0000","666.0000","657.0000","666.0000"," ","0.0000","0.0000","10800","7161600","663.1111"
"20201211","01","11","    61710","JP3639200009","362.0000","362.0000","356.0000","361.0000","360.0000","365.0000","360.0000","362.0000","362.0000","365.0000","356.0000","362.0000"," ","0.0000","0.0000","39500","14272800","361.3367"
"20201211","01","11","    61750","JP3758220002","580.0000","609.0000","580.0000","606.0000","605.0000","616.0000","602.0000","613.0000","580.0000","616.0000","580.0000","613.0000"," ","0.0000","0.0000","384500","231704700","602.6130"
"20201211","01","11","    61780","JP3752900005","770.0000","771.0000","762.1000","762.5000","762.2000","767.6000","762.0000","764.9000","770.0000","771.0000","762.0000","764.9000"," ","0.0000","0.0000","9842100","7535679620","765.6577"
"20201211","01","11","    61830","JP3835760004","1715.0000","1727.0000","1706.0000","1717.0000","1689.0000","1708.0000","1687.0000","1708.0000","1715.0000","1727.0000","1687.0000","1708.0000"," ","0.0000","0.0000","137400","233985400","1702.9505"
"20201211","01","11","    61840","JP3218950008","959.0000","1099.0000","942.0000","1084.0000","1088.0000","1100.0000","1084.0000","1100.0000","959.0000","1100.0000","942.0000","1100.0000"," ","0.0000","0.0000","723500","764137100","1056.1674"
"20201211","01","11","    61850","JP3435770007","761.0000","782.0000","758.0000","768.0000","768.0000","788.0000","767.0000","787.0000","761.0000","788.0000","758.0000","787.0000"," ","0.0000","0.0000","51700","40051200","774.6847"
"20201211","01","11","    61860","JP3141300008","362.0000","362.0000","362.0000","362.0000","362.0000","364.0000","361.0000","362.0000","362.0000","364.0000","361.0000","362.0000"," ","0.0000","0.0000","4700","1701600","362.0426"
"20201211","01","11","    61870","JP3974460002","3455.0000","3455.0000","3385.0000","3425.0000","3420.0000","3460.0000","3400.0000","3450.0000","3455.0000","3460.0000","3385.0000","3450.0000"," ","0.0000","0.0000","40800","139861500","3427.9779"
"20201211","01","11","    61890","JP3274320005","946.0000","988.0000","944.0000","988.0000","993.0000","1006.0000","974.0000","995.0000","946.0000","1006.0000","944.0000","995.0000"," ","0.0000","0.0000","25600","25147100","982.3086"
"20201211","01","11","    61910","JP3167240005","1343.0000","1359.0000","1334.0000","1338.0000","1353.0000","1353.0000","1317.0000","1333.0000","1343.0000","1359.0000","1317.0000","1333.0000"," ","0.0000","0.0000","143500","191942900","1337.5812"
"20201211","01","11","    61920","JP3765170000","171.0000","172.0000","166.0000","167.0000","167.0000","171.0000","167.0000","169.0000","171.0000","172.0000","166.0000","169.0000"," ","0.0000","0.0000","307700","51876900","168.5957"
"20201211","01","11","    61940","JP3121890002","2730.0000","2742.0000","2684.0000","2684.0000","2680.0000","2756.0000","2680.0000","2721.0000","2730.0000","2756.0000","2680.0000","2721.0000"," ","0.0000","0.0000","52200","141913500","2718.6494"
"20201211","01","11","    61960","JP3399780000","5950.0000","6210.0000","5950.0000","6200.0000","6210.0000","6210.0000","6110.0000","6200.0000","5950.0000","6210.0000","5950.0000","6200.0000"," ","0.0000","0.0000","75900","465697000","6135.6653"
"20201211","01","11","    61970","JP3436250009","1472.0000","1484.0000","1452.0000","1459.0000","1453.0000","1482.0000","1453.0000","1478.0000","1472.0000","1484.0000","1452.0000","1478.0000"," ","0.0000","0.0000","97300","142965500","1469.3268"
"20201211","01","11","    61990","JP3423510001","2247.0000","2295.0000","2228.0000","2286.0000","2284.0000","2290.0000","2250.0000","2280.0000","2247.0000","2295.0000","2228.0000","2280.0000"," ","0.0000","0.0000","249900","567093300","2269.2809"
"20201211","01","11","    62000","JP3152670000","3435.0000","3475.0000","3340.0000","3365.0000","3355.0000","3395.0000","3325.0000","3395.0000","3435.0000","3475.0000","3325.0000","3395.0000"," ","0.0000","0.0000","137300","465004000","3386.7735"
"20201211","01","11","    62010","JP3634600005","7800.0000","7970.0000","7770.0000","7960.0000","7950.0000","8000.0000","7940.0000","7970.0000","7800.0000","8000.0000","7770.0000","7970.0000"," ","0.0000","0.0000","622400","4922242000","7908.4865"
"20201211","01","11","    62030","JP3840600005","852.0000","852.0000","838.0000","841.0000","841.0000","845.0000","838.0000","843.0000","852.0000","852.0000","838.0000","843.0000"," ","0.0000","0.0000","52700","44489700","844.2068"
"20201211","01","11","    62050","JP3180800009","401.0000","406.0000","397.0000","398.0000","400.0000","402.0000","398.0000","399.0000","401.0000","406.0000","397.0000","399.0000"," ","0.0000","0.0000","35200","14134400","401.5455"
"20201211","01","11","    62080","JP3135200008","1800.0000","1801.0000","1770.0000","1794.0000","1793.0000","1810.0000","1779.0000","1807.0000","1800.0000","1810.0000","1770.0000","1807.0000"," ","0.0000","0.0000","107700","193133600","1793.2553"
"20201211","01","11","    62100","JP3609000009","408.0000","417.0000","407.0000","408.0000","406.0000","410.0000","406.0000","408.0000","408.0000","417.0000","406.0000","408.0000"," ","0.0000","0.0000","48300","19757900","409.0663"
"20201211","01","11","    62170","JP3533000000","900.0000","902.0000","896.0000","898.0000","896.0000","910.0000","885.0000","910.0000","900.0000","910.0000","885.0000","910.0000"," ","0.0000","0.0000","9200","8273200","899.2609"
"20201211","01","11","    62180","JP3168400004","933.0000","942.0000","933.0000","942.0000","935.0000","950.0000","935.0000","949.0000","933.0000","950.0000","933.0000","949.0000"," ","0.0000","0.0000","9400","8824300","938.7553"
"20201211","01","11","    62220","JP3356500003","1802.0000","1816.0000","1774.0000","1774.0000","1770.0000","1782.0000","1761.0000","1777.0000","1802.0000","1816.0000","1761.0000","1777.0000"," ","0.0000","0.0000","78000","138921100","1781.0397"
"20201211","01","11","    62350","JP3197760006","2250.0000","2263.0000","2210.0000","2220.0000","2218.0000","2235.0000","2211.0000","2231.0000","2250.0000","2263.0000","2210.0000","2231.0000"," ","0.0000","0.0000","241600","538771500","2230.0145"
"20201211","01","11","    62360","JP3165100003","529.0000","535.0000","529.0000","535.0000","535.0000","549.0000","533.0000","548.0000","529.0000","549.0000","529.0000","548.0000"," ","0.0000","0.0000","18200","9803300","538.6429"
"20201211","01","11","    62370","JP3150100000","840.0000","848.0000","834.0000","837.0000","838.0000","843.0000","837.0000","842.0000","840.0000","848.0000","834.0000","842.0000"," ","0.0000","0.0000","51500","43237500","839.5631"
"20201211","01","11","    62380","JP3826770004","1079.0000","1092.0000","1074.0000","1092.0000","1092.0000","1098.0000","1083.0000","1098.0000","1079.0000","1098.0000","1074.0000","1098.0000"," ","0.0000","0.0000","64900","70543400","1086.9553"
"20201211","01","11","    62400","JP3936600000","1126.0000","1141.0000","1124.0000","1141.0000","1141.0000","1145.0000","1136.0000","1145.0000","1126.0000","1145.0000","1124.0000","1145.0000"," ","0.0000","0.0000","349100","396382000","1135.4397"
"20201211","01","11","    62470","JP3784200002","836.0000","840.0000","823.0000","823.0000","823.0000","828.0000","820.0000","825.0000","836.0000","840.0000","820.0000","825.0000"," ","0.0000","0.0000","45900","38053300","829.0479"
"20201211","01","11","    62500","JP3943000004","1372.0000","1374.0000","1321.0000","1331.0000","1334.0000","1334.0000","1318.0000","1321.0000","1372.0000","1374.0000","1318.0000","1321.0000"," ","0.0000","0.0000","340600","454579600","1334.6436"
"20201211","01","11","    62580","JP3795300007","8520.0000","8600.0000","8320.0000","8390.0000","8390.0000","8500.0000","8390.0000","8470.0000","8520.0000","8600.0000","8320.0000","8470.0000"," ","0.0000","0.0000","87300","738091000","8454.6506"
"20201211","01","11","    62620","JP3836300008","332.0000","334.0000","329.0000","332.0000","332.0000","340.0000","331.0000","338.0000","332.0000","340.0000","329.0000","338.0000"," ","0.0000","0.0000","80400","26850300","333.9590"
"20201211","01","11","    62640","JP3878150006","1233.0000","1274.0000","1219.0000","1240.0000","1237.0000","1259.0000","1235.0000","1249.0000","1233.0000","1274.0000","1219.0000","1249.0000"," ","0.0000","0.0000","199500","249517600","1250.7148"
"20201211","01","11","    62660","JP3468000009","1550.0000","1562.0000","1528.0000","1541.0000","1536.0000","1537.0000","1510.0000","1529.0000","1550.0000","1562.0000","1510.0000","1529.0000"," ","0.0000","0.0000","199300","305030600","1530.5098"
"20201211","01","11","    62680","JP3651210001","4345.0000","4365.0000","4275.0000","4285.0000","4280.0000","4300.0000","4235.0000","4295.0000","4345.0000","4365.0000","4235.0000","4295.0000"," ","0.0000","0.0000","432700","1861462500","4301.9702"
"20201211","01","11","    62690","JP3888250002","1779.0000","1783.0000","1762.0000","1770.0000","1774.0000","1778.0000","1761.0000","1774.0000","1779.0000","1783.0000","1761.0000","1774.0000"," ","0.0000","0.0000","139200","246703800","1772.2974"
"20201211","01","11","    62720","JP3979400003","1117.0000","1124.0000","1102.0000","1111.0000","1112.0000","1121.0000","1107.0000","1116.0000","1117.0000","1124.0000","1102.0000","1116.0000"," ","0.0000","0.0000","33300","37124200","1114.8408"
"20201211","01","11","    62730","JP3162600005","65610.0000","65900.0000","64950.0000","65040.0000","65000.0000","65260.0000","64690.0000","65090.0000","65610.0000","65900.0000","64690.0000","65090.0000"," ","0.0000","0.0000","135200","8822899000","65258.1287"
"20201211","01","11","    62770","JP3846000002","6380.0000","6410.0000","6350.0000","6410.0000","6420.0000","6520.0000","6420.0000","6480.0000","6380.0000","6520.0000","6350.0000","6480.0000"," ","0.0000","0.0000","17300","111596000","6450.6358"
"20201211","01","11","    62780","JP3950600001","3105.0000","3115.0000","3090.0000","3100.0000","3095.0000","3105.0000","3085.0000","3085.0000","3105.0000","3115.0000","3085.0000","3085.0000"," ","0.0000","0.0000","12800","39625000","3095.7031"
"20201211","01","11","    62820","JP3174200000","1670.0000","1685.0000","1665.0000","1665.0000","1665.0000","1680.0000","1660.0000","1675.0000","1670.0000","1685.0000","1660.0000","1675.0000"," ","0.0000","0.0000","31400","52492700","1671.7420"
"20201211","01","11","    62840","JP3678200001","6010.0000","6090.0000","5890.0000","5940.0000","5930.0000","5930.0000","5860.0000","5930.0000","6010.0000","6090.0000","5860.0000","5930.0000"," ","0.0000","0.0000","57500","341090000","5932.0000"
"20201211","01","11","    62870","JP3321400008","2190.0000","2215.0000","2174.0000","2179.0000","2184.0000","2191.0000","2162.0000","2186.0000","2190.0000","2215.0000","2162.0000","2186.0000"," ","0.0000","0.0000","76900","168139100","2186.4642"
"20201211","01","11","    62890","JP3264200001","4180.0000","4250.0000","4180.0000","4235.0000","4250.0000","4275.0000","4235.0000","4270.0000","4180.0000","4275.0000","4180.0000","4270.0000"," ","0.0000","0.0000","84600","358815500","4241.3180"
"20201211","01","11","    62910","JP3688100001","1557.0000","1640.0000","1557.0000","1631.0000","1632.0000","1633.0000","1613.0000","1632.0000","1557.0000","1640.0000","1557.0000","1632.0000"," ","0.0000","0.0000","427000","690180100","1616.3468"
"20201211","01","11","    62920","JP3225900004","1089.0000","1089.0000","1000.0000","1029.0000","1024.0000","1036.0000","1020.0000","1023.0000","1089.0000","1089.0000","1000.0000","1023.0000"," ","0.0000","0.0000","67700","69864000","1031.9645"
"20201211","01","11","    62930","JP3679000004","875.0000","879.0000","871.0000","879.0000","876.0000","884.0000","874.0000","884.0000","875.0000","884.0000","871.0000","884.0000"," ","0.0000","0.0000","29800","26151800","877.5772"
"20201211","01","11","    62940","JP3191400005","1059.0000","1066.0000","1059.0000","1064.0000","1065.0000","1067.0000","1059.0000","1066.0000","1059.0000","1067.0000","1059.0000","1066.0000"," ","0.0000","0.0000","15600","16567300","1062.0064"
"20201211","01","11","    62980","JP3990600003","1137.0000","1166.0000","1123.0000","1129.0000","1126.0000","1126.0000","1066.0000","1082.0000","1137.0000","1166.0000","1066.0000","1082.0000"," ","0.0000","0.0000","814300","901624900","1107.2392"
"20201211","01","11","    63010","JP3304200003","2791.0000","2793.0000","2736.5000","2760.0000","2755.0000","2764.0000","2732.5000","2740.5000","2791.0000","2793.0000","2732.5000","2740.5000"," ","0.0000","0.0000","4542300","12528894600","2758.2711"
"20201211","01","11","    63020","JP3405400007","2321.0000","2328.0000","2266.0000","2285.0000","2285.0000","2300.0000","2278.0000","2295.0000","2321.0000","2328.0000","2266.0000","2295.0000"," ","0.0000","0.0000","978300","2246763800","2296.6000"
"20201211","01","11","    63050","JP3787000003","2957.0000","2974.0000","2886.0000","2911.0000","2913.0000","2936.0000","2898.0000","2927.0000","2957.0000","2974.0000","2886.0000","2927.0000"," ","0.0000","0.0000","727600","2131410600","2929.3714"
"20201211","01","11","    63060","JP3669200002","688.0000","693.0000","686.0000","693.0000","693.0000","703.0000","692.0000","701.0000","688.0000","703.0000","686.0000","701.0000"," ","0.0000","0.0000","86100","59840600","695.0128"
"20201211","01","11","    63090","JP3631600008","1904.0000","1940.0000","1901.0000","1901.0000","1925.0000","1934.0000","1905.0000","1922.0000","1904.0000","1940.0000","1901.0000","1922.0000"," ","0.0000","0.0000","26400","50540600","1914.4167"
"20201211","01","11","    63100","JP3139600005","1408.0000","1413.0000","1393.0000","1399.0000","1393.0000","1398.0000","1385.0000","1393.0000","1408.0000","1413.0000","1385.0000","1393.0000"," ","0.0000","0.0000","25600","35821200","1399.2656"
"20201211","01","11","    63150","JP3555700008","1970.0000","1992.0000","1951.0000","1965.0000","1965.0000","1975.0000","1939.0000","1968.0000","1970.0000","1992.0000","1939.0000","1968.0000"," ","0.0000","0.0000","267800","525596900","1962.6471"
"20201211","01","11","    63160","JP3878800006","1504.0000","1504.0000","1482.0000","1497.0000","1495.0000","1507.0000","1489.0000","1507.0000","1504.0000","1507.0000","1482.0000","1507.0000"," ","0.0000","0.0000","14700","22030900","1498.7007"
"20201211","01","11","    63170","JP3237200005","1367.0000","1384.0000","1360.0000","1380.0000","1371.0000","1393.0000","1370.0000","1393.0000","1367.0000","1393.0000","1360.0000","1393.0000"," ","0.0000","0.0000","15700","21574900","1374.1975"
"20201211","01","11","    63190","JP3379600004","190.0000","191.0000","186.0000","186.0000","186.0000","188.0000","186.0000","186.0000","190.0000","191.0000","186.0000","186.0000"," ","0.0000","0.0000","108200","20286500","187.4908"
"20201211","01","11","    63230","JP3982200002","5790.0000","5950.0000","5790.0000","5830.0000","5800.0000","5810.0000","5750.0000","5790.0000","5790.0000","5950.0000","5750.0000","5790.0000"," ","0.0000","0.0000","61800","361075000","5842.6375"
"20201211","01","11","    63250","JP3453200002","693.0000","693.0000","689.0000","689.0000","690.0000","705.0000","690.0000","705.0000","693.0000","705.0000","689.0000","705.0000"," ","0.0000","0.0000","10800","7531700","697.3796"
"20201211","01","11","    63260","JP3266400005","2177.0000","2182.0000","2150.0000","2168.5000","2170.5000","2190.0000","2167.0000","2187.0000","2177.0000","2190.0000","2150.0000","2187.0000"," ","0.0000","0.0000","2183900","4755421800","2177.4906"
"20201211","01","11","    63280","JP3165950001","3900.0000","4045.0000","3900.0000","4025.0000","4025.0000","4040.0000","3970.0000","4020.0000","3900.0000","4045.0000","3900.0000","4020.0000"," ","0.0000","0.0000","38000","151256500","3980.4342"
"20201211","01","11","    63300","JP3607800004","424.0000","434.0000","409.0000","415.0000","415.0000","422.0000","415.0000","416.0000","424.0000","434.0000","409.0000","416.0000"," ","0.0000","0.0000","340400","142571400","418.8349"
"20201211","01","11","    63310","JP3896000001","3200.0000","3285.0000","3095.0000","3145.0000","3135.0000","3145.0000","3105.0000","3140.0000","3200.0000","3285.0000","3095.0000","3140.0000"," ","0.0000","0.0000","509100","1613450500","3169.2212"
"20201211","01","11","    63320","JP3532200007","1403.0000","1404.0000","1383.0000","1387.0000","1380.0000","1399.0000","1380.0000","1387.0000","1403.0000","1404.0000","1380.0000","1387.0000"," ","0.0000","0.0000","44600","62246800","1395.6682"
"20201211","01","11","    63330","JP3541800003","1248.0000","1273.0000","1248.0000","1271.0000","1271.0000","1286.0000","1267.0000","1272.0000","1248.0000","1286.0000","1248.0000","1272.0000"," ","0.0000","0.0000","22100","27990300","1266.5294"
"20201211","01","11","    63350","JP3573400003","250.0000","254.0000","250.0000","252.0000","251.0000","252.0000","250.0000","251.0000","250.0000","254.0000","250.0000","251.0000"," ","0.0000","0.0000","20700","5192000","250.8213"
"20201211","01","11","    63390","JP3378200004","749.0000","762.0000","748.0000","755.0000","751.0000","760.0000","750.0000","758.0000","749.0000","762.0000","748.0000","758.0000"," ","0.0000","0.0000","169100","127567400","754.3903"
"20201211","01","11","    63400","JP3356000004","3595.0000","3630.0000","3580.0000","3620.0000","3605.0000","3640.0000","3605.0000","3635.0000","3595.0000","3640.0000","3580.0000","3635.0000"," ","0.0000","0.0000","30700","110863500","3611.1889"
"20201211","01","11","    63450","JP3103200006","941.0000","948.0000","939.0000","941.0000","938.0000","949.0000","932.0000","940.0000","941.0000","949.0000","932.0000","940.0000"," ","0.0000","0.0000","98200","92521800","942.1772"
"20201211","01","11","    63490","JP3305800009","724.0000","729.0000","716.0000","716.0000","712.0000","723.0000","712.0000","723.0000","724.0000","729.0000","712.0000","723.0000"," ","0.0000","0.0000","160500","115646000","720.5358"
"20201211","01","11","    63510","JP3536200003","1790.0000","1797.0000","1778.0000","1782.0000","1776.0000","1795.0000","1773.0000","1779.0000","1790.0000","1797.0000","1773.0000","1779.0000"," ","0.0000","0.0000","13600","24286900","1785.8015"
"20201211","01","11","    63550","JP3405800008","2010.0000","2010.0000","1993.0000","2001.0000","2000.0000","2019.0000","2000.0000","2012.0000","2010.0000","2019.0000","1993.0000","2012.0000"," ","0.0000","0.0000","4800","9636700","2007.6458"
"20201211","01","11","    63560","JP3698800004","300.0000","300.0000","296.0000","296.0000","296.0000","300.0000","295.0000","298.0000","300.0000","300.0000","295.0000","298.0000"," ","0.0000","0.0000","17400","5190800","298.3218"
"20201211","01","11","    63580","JP3313200002","2408.0000","2408.0000","2387.0000","2387.0000","2381.0000","2383.0000","2376.0000","2376.0000","2408.0000","2408.0000","2376.0000","2376.0000"," ","0.0000","0.0000","3100","7433400","2397.8710"
"20201211","01","11","    63610","JP3166000004","3410.0000","3415.0000","3320.0000","3350.0000","3350.0000","3395.0000","3345.0000","3365.0000","3410.0000","3415.0000","3320.0000","3365.0000"," ","0.0000","0.0000","358900","1212804000","3379.2254"
"20201211","01","11","    63620","JP3134400005","2820.0000","2837.0000","2817.0000","2829.0000","2827.0000","2847.0000","2826.0000","2830.0000","2820.0000","2847.0000","2817.0000","2830.0000"," ","0.0000","0.0000","3200","9046900","2827.1563"
"20201211","01","11","    63630","JP3636600003","889.0000","890.0000","869.0000","872.0000","868.0000","875.0000","866.0000","868.0000","889.0000","890.0000","866.0000","868.0000"," ","0.0000","0.0000","54800","48095100","877.6478"
"20201211","01","11","    63640","JP3841400009","1047.0000","1062.0000","1047.0000","1059.0000","1050.0000","1070.0000","1050.0000","1070.0000","1047.0000","1070.0000","1047.0000","1070.0000"," ","0.0000","0.0000","21400","22555100","1053.9766"
"20201211","01","11","    63670","JP3481800005","22400.0000","22640.0000","22185.0000","22250.0000","22275.0000","22580.0000","22225.0000","22480.0000","22400.0000","22640.0000","22185.0000","22480.0000"," ","0.0000","0.0000","1205700","27011947500","22403.5394"
"20201211","01","11","    63680","JP3201600008","6060.0000","6090.0000","5940.0000","6000.0000","6000.0000","6040.0000","5990.0000","5990.0000","6060.0000","6090.0000","5940.0000","5990.0000"," ","0.0000","0.0000","31600","190042000","6013.9873"
"20201211","01","11","    63690","JP3554400006","2125.0000","2140.0000","2120.0000","2137.0000","2136.0000","2139.0000","2128.0000","2131.0000","2125.0000","2140.0000","2120.0000","2131.0000"," ","0.0000","0.0000","50900","108538700","2132.3910"
"20201211","01","11","    63700","JP3270000007","3810.0000","3875.0000","3810.0000","3820.0000","3810.0000","3870.0000","3800.0000","3865.0000","3810.0000","3875.0000","3800.0000","3865.0000"," ","0.0000","0.0000","369700","1419558000","3839.7566"
"20201211","01","11","    63710","JP3535400000","2787.0000","2801.0000","2760.0000","2774.0000","2751.0000","2790.0000","2718.0000","2787.0000","2787.0000","2801.0000","2718.0000","2787.0000"," ","0.0000","0.0000","91500","254222300","2778.3858"
"20201211","01","11","    63730","JP3489000004","678.0000","697.0000","660.0000","690.0000","686.0000","691.0000","676.0000","691.0000","678.0000","697.0000","660.0000","691.0000"," ","0.0000","0.0000","14800","10077000","680.8784"
"20201211","01","11","    63760","JP3668000007","1032.0000","1037.0000","1023.0000","1025.0000","1025.0000","1035.0000","1023.0000","1034.0000","1032.0000","1037.0000","1023.0000","1034.0000"," ","0.0000","0.0000","233500","240387900","1029.4985"
"20201211","01","11","    63780","JP3242000002","550.0000","575.0000","546.0000","570.0000","573.0000","617.0000","567.0000","605.0000","550.0000","617.0000","546.0000","605.0000"," ","0.0000","0.0000","1312800","772197900","588.2068"
"20201211","01","11","    63790","JP3331600001","1172.0000","1175.0000","1162.0000","1163.0000","1159.0000","1171.0000","1158.0000","1168.0000","1172.0000","1175.0000","1158.0000","1168.0000"," ","0.0000","0.0000","68600","80114300","1167.8469"
"20201211","01","11","    63810","JP3122450004","991.0000","1019.0000","991.0000","1014.0000","1018.0000","1030.0000","1013.0000","1027.0000","991.0000","1030.0000","991.0000","1027.0000"," ","0.0000","0.0000","89300","90457500","1012.9619"
"20201211","01","11","    63830","JP3497400006","12480.0000","12650.0000","12410.0000","12520.0000","12440.0000","12500.0000","12370.0000","12490.0000","12480.0000","12650.0000","12370.0000","12490.0000"," ","0.0000","0.0000","689000","8607500000","12492.7431"
"20201211","01","11","    63870","JP3322950001","2990.0000","3085.0000","2955.0000","3005.0000","3005.0000","3015.0000","2960.0000","2992.0000","2990.0000","3085.0000","2955.0000","2992.0000"," ","0.0000","0.0000","422300","1270424900","3008.3469"
"20201211","01","11","    63900","JP3213800000","1002.0000","1010.0000","988.0000","990.0000","995.0000","998.0000","988.0000","997.0000","1002.0000","1010.0000","988.0000","997.0000"," ","0.0000","0.0000","74300","73907200","994.7133"
"20201211","01","11","    63930","JP3948000009","1510.0000","1510.0000","1510.0000","1510.0000","1510.0000","1511.0000","1505.0000","1510.0000","1510.0000","1511.0000","1505.0000","1510.0000"," ","0.0000","0.0000","2200","3321100","1509.5909"
"20201211","01","11","    63950","JP3465000002","898.0000","899.0000","878.0000","880.0000","878.0000","881.0000","875.0000","879.0000","898.0000","899.0000","875.0000","879.0000"," ","0.0000","0.0000","369000","326601500","885.0989"
"20201211","01","11","    64060","JP3818800009","2211.0000","2226.0000","2188.0000","2197.0000","2192.0000","2209.0000","2188.0000","2205.0000","2211.0000","2226.0000","2188.0000","2205.0000"," ","0.0000","0.0000","128200","282840300","2206.2426"
"20201211","01","11","    64070","JP3346800000","2335.0000","2342.0000","2284.0000","2285.0000","2281.0000","2298.0000","2271.0000","2296.0000","2335.0000","2342.0000","2271.0000","2296.0000"," ","0.0000","0.0000","461100","1059785400","2298.3852"
"20201211","01","11","    64090","JP3240800007","1610.0000","1610.0000","1593.0000","1608.0000","1610.0000","1610.0000","1594.0000","1596.0000","1610.0000","1610.0000","1593.0000","1596.0000"," ","0.0000","0.0000","42500","68219500","1605.1647"
"20201211","01","11","    64120","JP3834200002","1449.0000","1472.0000","1448.0000","1455.0000","1455.0000","1467.0000","1451.0000","1466.0000","1449.0000","1472.0000","1448.0000","1466.0000"," ","0.0000","0.0000","268000","391030200","1459.0679"
"20201211","01","11","    64130","JP3974400008","1279.0000","1287.0000","1275.0000","1286.0000","1283.0000","1309.0000","1278.0000","1306.0000","1279.0000","1309.0000","1275.0000","1306.0000"," ","0.0000","0.0000","24000","30886700","1286.9458"
"20201211","01","11","    64170","JP3326410002","2670.0000","2682.0000","2659.0000","2671.0000","2673.0000","2680.0000","2668.0000","2679.0000","2670.0000","2682.0000","2659.0000","2679.0000"," ","0.0000","0.0000","339200","907256000","2674.6934"
"20201211","01","11","    64180","JP3697800005","536.0000","537.0000","531.0000","534.0000","535.0000","537.0000","530.0000","536.0000","536.0000","537.0000","530.0000","536.0000"," ","0.0000","0.0000","90800","48520200","534.3634"
"20201211","01","11","    64190","JP3860220007","1606.0000","1606.0000","1592.0000","1592.0000","1592.0000","1602.0000","1591.0000","1602.0000","1606.0000","1606.0000","1591.0000","1602.0000"," ","0.0000","0.0000","16300","26104300","1601.4908"
"20201211","01","11","    64200","JP3805150004","4585.0000","4680.0000","4525.0000","4545.0000","4555.0000","4595.0000","4530.0000","4590.0000","4585.0000","4680.0000","4525.0000","4590.0000"," ","0.0000","0.0000","45700","209646500","4587.4508"
"20201211","01","11","    64280","JP3170100006","384.0000","384.0000","380.0000","382.0000","383.0000","391.0000","381.0000","387.0000","384.0000","391.0000","380.0000","387.0000"," ","0.0000","0.0000","23500","9050400","385.1234"
"20201211","01","11","    64300","JP3483100008","862.0000","866.0000","861.0000","865.0000","862.0000","867.0000","861.0000","865.0000","862.0000","867.0000","861.0000","865.0000"," ","0.0000","0.0000","37100","32035500","863.4906"
"20201211","01","11","    64320","JP3462660006","2501.0000","2518.0000","2431.0000","2431.0000","2430.0000","2447.0000","2417.0000","2446.0000","2501.0000","2518.0000","2417.0000","2446.0000"," ","0.0000","0.0000","233100","571563600","2452.0103"
"20201211","01","11","    64360","JP3124400007","2666.0000","2693.0000","2655.0000","2672.0000","2670.0000","2705.0000","2662.0000","2699.0000","2666.0000","2705.0000","2655.0000","2699.0000"," ","0.0000","0.0000","241800","648122200","2680.4061"
"20201211","01","11","    64400","JP3390400004","512.0000","518.0000","509.0000","515.0000","513.0000","527.0000","512.0000","525.0000","512.0000","527.0000","509.0000","525.0000"," ","0.0000","0.0000","194500","100651100","517.4864"
"20201211","01","11","    64440","JP3336400001","379.0000","380.0000","368.0000","370.0000","371.0000","371.0000","366.0000","369.0000","379.0000","380.0000","366.0000","369.0000"," ","0.0000","0.0000","233100","86470500","370.9588"
"20201211","01","11","    64450","JP3389400007","803.0000","812.0000","797.0000","810.0000","810.0000","811.0000","803.0000","806.0000","803.0000","812.0000","797.0000","806.0000"," ","0.0000","0.0000","205500","165552300","805.6073"
"20201211","01","11","    64480","JP3830000000","2093.0000","2093.0000","2053.0000","2055.0000","2053.0000","2065.0000","2047.0000","2058.0000","2093.0000","2093.0000","2047.0000","2058.0000"," ","0.0000","0.0000","753600","1558919300","2068.6296"
"20201211","01","11","    64540","JP3864800002","1400.0000","1409.0000","1391.0000","1396.0000","1392.0000","1405.0000","1390.0000","1405.0000","1400.0000","1409.0000","1390.0000","1405.0000"," ","0.0000","0.0000","74500","104215200","1398.8617"
"20201211","01","11","    64550","JP3925600003","1661.0000","1695.0000","1661.0000","1691.0000","1680.0000","1708.0000","1680.0000","1705.0000","1661.0000","1708.0000","1661.0000","1705.0000"," ","0.0000","0.0000","46000","77552300","1685.9196"
"20201211","01","11","    64570","JP3274400005","2085.0000","2088.0000","2045.0000","2046.0000","2045.0000","2061.0000","2036.0000","2059.0000","2085.0000","2088.0000","2036.0000","2059.0000"," ","0.0000","0.0000","374400","771029500","2059.3737"
"20201211","01","11","    64580","JP3372800007","1678.0000","1691.0000","1671.0000","1683.0000","1676.0000","1689.0000","1676.0000","1689.0000","1678.0000","1691.0000","1671.0000","1689.0000"," ","0.0000","0.0000","45700","76832300","1681.2319"
"20201211","01","11","    64590","JP3505800007","1148.0000","1157.0000","1126.0000","1150.0000","1154.0000","1154.0000","1131.0000","1144.0000","1148.0000","1157.0000","1126.0000","1144.0000"," ","0.0000","0.0000","138200","158046600","1143.6078"
"20201211","01","11","    64600","JP3419050004","1508.0000","1534.0000","1508.0000","1525.0000","1523.0000","1524.0000","1510.0000","1516.0000","1508.0000","1534.0000","1508.0000","1516.0000"," ","0.0000","0.0000","1231400","1870034300","1518.6246"
"20201211","01","11","    64610","JP3747400004","1018.0000","1021.0000","1007.0000","1012.0000","1012.0000","1041.0000","1009.0000","1036.0000","1018.0000","1041.0000","1007.0000","1036.0000"," ","0.0000","0.0000","32400","33272600","1026.9321"
"20201211","01","11","    64620","JP3970600007","2162.0000","2182.0000","2153.0000","2172.0000","2169.0000","2226.0000","2165.0000","2221.0000","2162.0000","2226.0000","2153.0000","2221.0000"," ","0.0000","0.0000","48700","106342500","2183.6242"
"20201211","01","11","    64630","JP3542400001","1440.0000","1445.0000","1428.0000","1433.0000","1419.0000","1468.0000","1418.0000","1465.0000","1440.0000","1468.0000","1418.0000","1465.0000"," ","0.0000","0.0000","106100","153437500","1446.1593"
"20201211","01","11","    64640","JP3534410000","948.0000","955.0000","929.0000","930.0000","928.0000","936.0000","922.0000","934.0000","948.0000","955.0000","922.0000","934.0000"," ","0.0000","0.0000","303100","283221100","934.4147"
"20201211","01","11","    64650","JP3845770001","9730.0000","9810.0000","9660.0000","9790.0000","9810.0000","9910.0000","9790.0000","9910.0000","9730.0000","9910.0000","9660.0000","9910.0000"," ","0.0000","0.0000","132700","1301172000","9805.3655"
"20201211","01","11","    64700","JP3449080005","663.0000","663.0000","644.0000","645.0000","646.0000","711.0000","642.0000","707.0000","663.0000","711.0000","642.0000","707.0000"," ","0.0000","0.0000","122800","83075100","676.5073"
"20201211","01","11","    64710","JP3720800006","942.0000","945.0000","917.0000","918.0000","915.0000","916.0000","906.0000","912.0000","942.0000","945.0000","906.0000","912.0000"," ","0.0000","0.0000","3141300","2886545500","918.9016"
"20201211","01","11","    64720","JP3165600002","253.0000","253.0000","245.0000","245.0000","245.0000","247.0000","244.0000","245.0000","253.0000","253.0000","244.0000","245.0000"," ","0.0000","0.0000","5408000","1335774600","246.9997"
"20201211","01","11","    64730","JP3292200007","777.0000","782.0000","764.0000","773.0000","781.0000","782.0000","772.0000","780.0000","777.0000","782.0000","764.0000","780.0000"," ","0.0000","0.0000","2643100","2051919900","776.3308"
"20201211","01","11","    64740","JP3813200007","4235.0000","4250.0000","4175.0000","4185.0000","4195.0000","4225.0000","4165.0000","4210.0000","4235.0000","4250.0000","4165.0000","4210.0000"," ","0.0000","0.0000","42900","180371500","4204.4639"
"20201211","01","11","    64790","JP3906000009","2171.0000","2190.0000","2121.0000","2129.0000","2118.0000","2132.0000","2113.0000","2129.0000","2171.0000","2190.0000","2113.0000","2129.0000"," ","0.0000","0.0000","1682900","3600797700","2139.6385"
"20201211","01","11","    64800","JP3739400004","376.0000","378.0000","372.0000","373.0000","373.0000","374.0000","371.0000","374.0000","376.0000","378.0000","371.0000","374.0000"," ","0.0000","0.0000","285800","106768800","373.5787"
"20201211","01","11","    64810","JP3539250005","3400.0000","3425.0000","3320.0000","3320.0000","3310.0000","3325.0000","3290.0000","3320.0000","3400.0000","3425.0000","3290.0000","3320.0000"," ","0.0000","0.0000","566700","1890267500","3335.5700"
"20201211","01","11","    64820","JP3944500002","891.0000","924.0000","891.0000","919.0000","920.0000","923.0000","908.0000","922.0000","891.0000","924.0000","891.0000","922.0000"," ","0.0000","0.0000","187400","170768100","911.2492"
"20201211","01","11","    64850","JP3860300007","2396.0000","2396.0000","2372.0000","2377.0000","2361.0000","2368.0000","2343.0000","2366.0000","2396.0000","2396.0000","2343.0000","2366.0000"," ","0.0000","0.0000","8100","19240400","2375.3580"
"20201211","01","11","    64860","JP3130400009","966.0000","970.0000","950.0000","960.0000","960.0000","973.0000","956.0000","971.0000","966.0000","973.0000","950.0000","971.0000"," ","0.0000","0.0000","85000","81868700","963.1612"
"20201211","01","11","    64890","JP3860400005","457.0000","458.0000","451.0000","453.0000","453.0000","456.0000","453.0000","454.0000","457.0000","458.0000","451.0000","454.0000"," ","0.0000","0.0000","30800","13979600","453.8831"
"20201211","01","11","    64900","JP3747800005","1612.0000","1616.0000","1598.0000","1601.0000","1600.0000","1615.0000","1594.0000","1613.0000","1612.0000","1616.0000","1594.0000","1613.0000"," ","0.0000","0.0000","31100","50063600","1609.7621"
"20201211","01","11","    64980","JP3240700009","655.0000","659.0000","637.0000","638.0000","638.0000","644.0000","631.0000","643.0000","655.0000","659.0000","631.0000","643.0000"," ","0.0000","0.0000","393200","253570800","644.8901"
"20201211","01","11","    65010","JP3788600009","4205.0000","4211.0000","4125.0000","4161.0000","4156.0000","4159.0000","4136.0000","4146.0000","4205.0000","4211.0000","4125.0000","4146.0000"," ","0.0000","0.0000","3769600","15685231300","4160.9803"
"20201211","01","11","    65030","JP3902400005","1504.5000","1509.0000","1486.5000","1493.5000","1490.0000","1497.5000","1486.5000","1494.0000","1504.5000","1509.0000","1486.5000","1494.0000"," ","0.0000","0.0000","4632300","6933755300","1496.8278"
"20201211","01","11","    65040","JP3820000002","3660.0000","3660.0000","3605.0000","3650.0000","3675.0000","3685.0000","3650.0000","3665.0000","3660.0000","3685.0000","3605.0000","3665.0000"," ","0.0000","0.0000","761100","2782855000","3656.3592"
"20201211","01","11","    65050","JP3617000009","1156.0000","1168.0000","1146.0000","1150.0000","1145.0000","1173.0000","1145.0000","1173.0000","1156.0000","1173.0000","1145.0000","1173.0000"," ","0.0000","0.0000","13900","16091300","1157.6475"
"20201211","01","11","    65060","JP3932000007","4850.0000","4910.0000","4810.0000","4820.0000","4815.0000","4850.0000","4815.0000","4840.0000","4850.0000","4910.0000","4810.0000","4840.0000"," ","0.0000","0.0000","1674400","8106974000","4841.7188"
"20201211","01","11","    65070","JP3375400003","1423.0000","1446.0000","1416.0000","1445.0000","1442.0000","1456.0000","1438.0000","1450.0000","1423.0000","1456.0000","1416.0000","1450.0000"," ","0.0000","0.0000","91600","131994300","1440.9858"
"20201211","01","11","    65080","JP3919800007","2084.0000","2102.0000","2036.0000","2047.0000","2038.0000","2074.0000","2032.0000","2066.0000","2084.0000","2102.0000","2032.0000","2066.0000"," ","0.0000","0.0000","288800","595143200","2060.7452"
"20201211","01","11","    65130","JP3200400004","1349.0000","1349.0000","1329.0000","1334.0000","1328.0000","1339.0000","1322.0000","1322.0000","1349.0000","1349.0000","1322.0000","1322.0000"," ","0.0000","0.0000","8200","10977500","1338.7195"
"20201211","01","11","    65160","JP3340800006","5180.0000","5220.0000","5120.0000","5150.0000","5160.0000","5180.0000","5120.0000","5160.0000","5180.0000","5220.0000","5120.0000","5160.0000"," ","0.0000","0.0000","18500","95543000","5164.4865"
"20201211","01","11","    65170","JP3551600004","2096.0000","2126.0000","2094.0000","2110.0000","2097.0000","2124.0000","2086.0000","2122.0000","2096.0000","2126.0000","2086.0000","2122.0000"," ","0.0000","0.0000","21200","44674300","2107.2783"
"20201211","01","11","    65320","JP3835250006","15640.0000","16190.0000","15610.0000","16140.0000","16170.0000","16170.0000","15870.0000","16040.0000","15640.0000","16190.0000","15610.0000","16040.0000"," ","0.0000","0.0000","156100","2493442000","15973.3632"
"20201211","01","11","    65330","JP3549040008","2322.0000","2373.0000","2287.0000","2353.0000","2350.0000","2364.0000","2326.0000","2364.0000","2322.0000","2373.0000","2287.0000","2364.0000"," ","0.0000","0.0000","148100","345216600","2330.9696"
"20201211","01","11","    65350","JP3105210003","1350.0000","1477.0000","1310.0000","1475.0000","1477.0000","1477.0000","1477.0000","1477.0000","1350.0000","1477.0000","1310.0000","1477.0000"," ","0.0000","0.0000","1824900","2584458100","1416.2190"
"20201211","01","11","    65380","JP3244440008","749.0000","776.0000","748.0000","774.0000","773.0000","774.0000","742.0000","745.0000","749.0000","776.0000","742.0000","745.0000"," ","0.0000","0.0000","448400","341181800","760.8872"
"20201211","01","11","    65390","JP3167330004","855.0000","855.0000","838.0000","840.0000","842.0000","846.0000","836.0000","845.0000","855.0000","855.0000","836.0000","845.0000"," ","0.0000","0.0000","70500","59552900","844.7220"
"20201211","01","11","    65400","JP3426050005","905.0000","905.0000","905.0000","905.0000","899.0000","906.0000","899.0000","906.0000","905.0000","906.0000","899.0000","906.0000"," ","0.0000","0.0000","3400","3073900","904.0882"
"20201211","01","11","    65410","JP3274260003","7010.0000","7240.0000","6970.0000","7180.0000","7180.0000","7200.0000","7010.0000","7090.0000","7010.0000","7240.0000","6970.0000","7090.0000"," ","0.0000","0.0000","239300","1702498000","7114.4923"
"20201211","01","11","    65440","JP3389510003","4655.0000","4755.0000","4640.0000","4705.0000","4735.0000","4765.0000","4700.0000","4765.0000","4655.0000","4765.0000","4640.0000","4765.0000"," ","0.0000","0.0000","101100","476386000","4712.0277"
"20201211","01","11","    65460","JP3828350003","1488.0000","1488.0000","1480.0000","1484.0000","1487.0000","1490.0000","1484.0000","1490.0000","1488.0000","1490.0000","1480.0000","1490.0000"," ","0.0000","0.0000","8400","12496000","1487.6190"
"20201211","01","11","    65470","JP3274090004","485.0000","488.0000","477.0000","480.0000","479.0000","480.0000","477.0000","478.0000","485.0000","488.0000","477.0000","478.0000"," ","0.0000","0.0000","69400","33364200","480.7522"
"20201211","01","11","    65510","JP3534100007","339.0000","341.0000","331.0000","334.0000","334.0000","336.0000","331.0000","333.0000","339.0000","341.0000","331.0000","333.0000"," ","0.0000","0.0000","62400","20824000","333.7179"
"20201211","01","11","    65520","JP3282230006","578.0000","579.0000","573.0000","574.0000","573.0000","577.0000","573.0000","575.0000","578.0000","579.0000","573.0000","575.0000"," ","0.0000","0.0000","29500","16976300","575.4678"
"20201211","01","11","    65530","JP3433050006","1535.0000","1546.0000","1526.0000","1526.0000","1526.0000","1540.0000","1519.0000","1522.0000","1535.0000","1546.0000","1519.0000","1522.0000"," ","0.0000","0.0000","41500","63521700","1530.6434"
"20201211","01","11","    65550","JP3167340003","622.0000","637.0000","618.0000","634.0000","642.0000","642.0000","629.0000","630.0000","622.0000","642.0000","618.0000","630.0000"," ","0.0000","0.0000","34900","21914700","627.9284"
"20201211","01","11","    65600","JP3167710007","4485.0000","4595.0000","4475.0000","4520.0000","4540.0000","4565.0000","4445.0000","4565.0000","4485.0000","4595.0000","4445.0000","4565.0000"," ","0.0000","0.0000","57800","261633000","4526.5225"
"20201211","01","11","    65640","JP3887800005","3225.0000","3260.0000","3125.0000","3140.0000","3130.0000","3180.0000","3105.0000","3175.0000","3225.0000","3260.0000","3105.0000","3175.0000"," ","0.0000","0.0000","74500","235472500","3160.7047"
"20201211","01","11","    65690","JP3679860001","753.0000","759.0000","744.0000","755.0000","755.0000","758.0000","752.0000","754.0000","753.0000","759.0000","744.0000","754.0000"," ","0.0000","0.0000","235300","177253100","753.3068"
"20201211","01","11","    65710","JP3244750000","1530.0000","1535.0000","1496.0000","1500.0000","1499.0000","1505.0000","1497.0000","1505.0000","1530.0000","1535.0000","1496.0000","1505.0000"," ","0.0000","0.0000","113900","171469700","1505.4407"
"20201211","01","11","    65720","JP3100550007","630.0000","634.0000","627.0000","631.0000","628.0000","636.0000","627.0000","636.0000","630.0000","636.0000","627.0000","636.0000"," ","0.0000","0.0000","122600","77264200","630.2137"
"20201211","01","11","    65840","JP3325200008","835.0000","893.0000","816.0000","892.0000","890.0000","891.0000","855.0000","886.0000","835.0000","893.0000","816.0000","886.0000"," ","0.0000","0.0000","5402200","4655656900","861.8076"
"20201211","01","11","    65860","JP3862400003","5350.0000","5360.0000","5280.0000","5290.0000","5280.0000","5360.0000","5250.0000","5360.0000","5350.0000","5360.0000","5250.0000","5360.0000"," ","0.0000","0.0000","487800","2602880000","5335.9574"
"20201211","01","11","    65880","JP3594000006","3885.0000","3905.0000","3860.0000","3875.0000","3850.0000","3880.0000","3850.0000","3865.0000","3885.0000","3905.0000","3850.0000","3865.0000"," ","0.0000","0.0000","84200","325983000","3871.5321"
"20201211","01","11","    65900","JP3355000005","4255.0000","4345.0000","4175.0000","4200.0000","4180.0000","4230.0000","4170.0000","4220.0000","4255.0000","4345.0000","4170.0000","4220.0000"," ","0.0000","0.0000","44800","189407000","4227.8348"
"20201211","01","11","    65920","JP3870000001","4540.0000","4555.0000","4455.0000","4460.0000","4450.0000","4505.0000","4440.0000","4505.0000","4540.0000","4555.0000","4440.0000","4505.0000"," ","0.0000","0.0000","288500","1294742500","4487.8423"
"20201211","01","11","    65940","JP3734800000","12370.0000","12450.0000","12285.0000","12375.0000","12380.0000","12525.0000","12335.0000","12460.0000","12370.0000","12525.0000","12285.0000","12460.0000"," ","0.0000","0.0000","1770000","21951157000","12401.7836"
"20201211","01","11","    66150","JP3944330004","448.0000","490.0000","448.0000","484.0000","485.0000","491.0000","473.0000","477.0000","448.0000","491.0000","448.0000","477.0000"," ","0.0000","0.0000","411400","197028000","478.9208"
"20201211","01","11","    66160","JP3637280003","1370.0000","1372.0000","1317.0000","1323.0000","1323.0000","1330.0000","1319.0000","1330.0000","1370.0000","1372.0000","1317.0000","1330.0000"," ","0.0000","0.0000","36300","48582300","1338.3554"
"20201211","01","11","    66170","JP3591600006","1835.0000","1842.0000","1720.0000","1728.0000","1732.0000","1770.0000","1716.0000","1767.0000","1835.0000","1842.0000","1716.0000","1767.0000"," ","0.0000","0.0000","510400","895977900","1755.4426"
"20201211","01","11","    66190","JP3505970008","902.0000","925.0000","894.0000","902.0000","900.0000","935.0000","896.0000","919.0000","902.0000","935.0000","894.0000","919.0000"," ","0.0000","0.0000","1867100","1701519200","911.3166"
"20201211","01","11","    66200","JP3907850006","688.0000","691.0000","680.0000","686.0000","688.0000","689.0000","681.0000","681.0000","688.0000","691.0000","680.0000","681.0000"," ","0.0000","0.0000","25500","17471800","685.1686"
"20201211","01","11","    66220","JP3497800007","4935.0000","4935.0000","4845.0000","4865.0000","4850.0000","4885.0000","4810.0000","4880.0000","4935.0000","4935.0000","4810.0000","4880.0000"," ","0.0000","0.0000","59900","292197000","4878.0801"
"20201211","01","11","    66300","JP3930050004","2387.0000","2458.0000","2343.0000","2379.0000","2385.0000","2393.0000","2296.0000","2316.0000","2387.0000","2458.0000","2296.0000","2316.0000"," ","0.0000","0.0000","1323800","3141643400","2373.2009"
"20201211","01","11","    66320","JP3386410009","149.0000","149.0000","146.0000","148.0000","147.0000","147.0000","146.0000","146.0000","149.0000","149.0000","146.0000","146.0000"," ","0.0000","0.0000","1048600","154601200","147.4358"
"20201211","01","11","    66380","JP3907150001","521.0000","526.0000","512.0000","523.0000","522.0000","528.0000","519.0000","527.0000","521.0000","528.0000","512.0000","527.0000"," ","0.0000","0.0000","61400","32111900","522.9951"
"20201211","01","11","    66400","JP3476210004","2000.0000","2022.0000","1978.0000","1986.0000","1992.0000","2009.0000","1980.0000","2001.0000","2000.0000","2022.0000","1978.0000","2001.0000"," ","0.0000","0.0000","86300","172441200","1998.1599"
"20201211","01","11","    66410","JP3677600003","1133.0000","1138.0000","1128.0000","1130.0000","1132.0000","1134.0000","1127.0000","1134.0000","1133.0000","1138.0000","1127.0000","1134.0000"," ","0.0000","0.0000","156100","176600100","1131.3267"
"20201211","01","11","    66440","JP3187600006","555.0000","560.0000","552.0000","553.0000","553.0000","560.0000","551.0000","557.0000","555.0000","560.0000","551.0000","557.0000"," ","0.0000","0.0000","109700","60949600","555.6026"
"20201211","01","11","    66450","JP3197800000","8870.0000","8970.0000","8830.0000","8870.0000","8870.0000","8940.0000","8870.0000","8890.0000","8870.0000","8970.0000","8830.0000","8890.0000"," ","0.0000","0.0000","936700","8322621000","8885.0443"
"20201211","01","11","    66510","JP3682400001","1995.0000","2015.0000","1964.0000","1974.0000","1973.0000","1983.0000","1964.0000","1982.0000","1995.0000","2015.0000","1964.0000","1982.0000"," ","0.0000","0.0000","106800","211363700","1979.0609"
"20201211","01","11","    66520","JP3138800002","1837.0000","1844.0000","1816.0000","1820.0000","1810.0000","1835.0000","1810.0000","1835.0000","1837.0000","1844.0000","1810.0000","1835.0000"," ","0.0000","0.0000","56700","103729700","1829.4480"
"20201211","01","11","    66530","JP3414900005","2294.0000","2315.0000","2190.0000","2237.0000","2218.0000","2291.0000","2202.0000","2254.0000","2294.0000","2315.0000","2190.0000","2254.0000"," ","0.0000","0.0000","211100","475195100","2251.0426"
"20201211","01","11","    66540","JP3820500001","1318.0000","1318.0000","1299.0000","1300.0000","1300.0000","1302.0000","1299.0000","1299.0000","1318.0000","1318.0000","1299.0000","1299.0000"," ","0.0000","0.0000","17200","22423600","1303.6977"
"20201211","01","11","    66740","JP3385820000","2698.0000","2709.0000","2644.0000","2655.0000","2646.0000","2663.0000","2626.0000","2659.0000","2698.0000","2709.0000","2626.0000","2659.0000"," ","0.0000","0.0000","508000","1351685900","2660.7990"
"20201211","01","11","    66750","JP3471200000","1421.0000","1428.0000","1421.0000","1421.0000","1420.0000","1424.0000","1418.0000","1419.0000","1421.0000","1428.0000","1418.0000","1419.0000"," ","0.0000","0.0000","9500","13497300","1420.7684"
"20201211","01","11","    66760","JP3921080002","3300.0000","3320.0000","3265.0000","3265.0000","3265.0000","3290.0000","3225.0000","3270.0000","3300.0000","3320.0000","3225.0000","3270.0000"," ","0.0000","0.0000","26800","87848500","3277.9291"
"20201211","01","11","    66780","JP3545110003","1500.0000","1507.0000","1499.0000","1504.0000","1500.0000","1508.0000","1490.0000","1491.0000","1500.0000","1508.0000","1490.0000","1491.0000"," ","0.0000","0.0000","24700","37006200","1498.2267"
"20201211","01","11","    66990","JP3499480006","1490.0000","1539.0000","1366.0000","1397.0000","1404.0000","1412.0000","1346.0000","1371.0000","1490.0000","1539.0000","1346.0000","1371.0000"," ","0.0000","0.0000","1133100","1624322900","1433.5212"
"20201211","01","11","    67010","JP3733000008","5430.0000","5470.0000","5370.0000","5380.0000","5370.0000","5400.0000","5350.0000","5390.0000","5430.0000","5470.0000","5350.0000","5390.0000"," ","0.0000","0.0000","934200","5041518000","5396.6153"
"20201211","01","11","    67020","JP3818000006","13865.0000","13990.0000","13790.0000","13900.0000","13890.0000","13900.0000","13720.0000","13810.0000","13865.0000","13990.0000","13720.0000","13810.0000"," ","0.0000","0.0000","697100","9653600000","13848.2284"
"20201211","01","11","    67030","JP3194000000","919.0000","921.0000","909.0000","911.0000","911.0000","916.0000","906.0000","915.0000","919.0000","921.0000","906.0000","915.0000"," ","0.0000","0.0000","367000","335174400","913.2817"
"20201211","01","11","    67040","JP3150400004","850.0000","850.0000","845.0000","848.0000","843.0000","849.0000","843.0000","848.0000","850.0000","850.0000","843.0000","848.0000"," ","0.0000","0.0000","9200","7799200","847.7391"
"20201211","01","11","    67060","JP3550000008","2771.0000","2801.0000","2758.0000","2759.0000","2760.0000","2770.0000","2749.0000","2759.0000","2771.0000","2801.0000","2749.0000","2759.0000"," ","0.0000","0.0000","26500","73351800","2767.9925"
"20201211","01","11","    67070","JP3329600005","3915.0000","3930.0000","3835.0000","3870.0000","3885.0000","3885.0000","3850.0000","3865.0000","3915.0000","3930.0000","3835.0000","3865.0000"," ","0.0000","0.0000","84200","326119000","3873.1473"
"20201211","01","11","    67150","JP3646800007","1486.0000","1486.0000","1469.0000","1469.0000","1460.0000","1490.0000","1460.0000","1490.0000","1486.0000","1490.0000","1460.0000","1490.0000"," ","0.0000","0.0000","9800","14491300","1478.7041"
"20201211","01","11","    67180","JP3105050003","1744.0000","1744.0000","1708.0000","1708.0000","1705.0000","1705.0000","1682.0000","1698.0000","1744.0000","1744.0000","1682.0000","1698.0000"," ","0.0000","0.0000","35300","61091600","1730.6402"
"20201211","01","11","    67230","JP3164720009","1014.0000","1023.0000","1004.0000","1006.0000","1007.0000","1017.0000","1006.0000","1012.0000","1014.0000","1023.0000","1004.0000","1012.0000"," ","0.0000","0.0000","6029300","6100412500","1011.7945"
"20201211","01","11","    67240","JP3414750004","1635.0000","1675.0000","1621.0000","1628.0000","1622.0000","1628.0000","1618.0000","1619.0000","1635.0000","1675.0000","1618.0000","1619.0000"," ","0.0000","0.0000","2058100","3354173100","1629.7425"
"20201211","01","11","    67270","JP3993400005","918.0000","941.0000","913.0000","936.0000","936.0000","946.0000","930.0000","946.0000","918.0000","946.0000","913.0000","946.0000"," ","0.0000","0.0000","1494800","1394671300","933.0153"
"20201211","01","11","    67280","JP3126190002","4565.0000","4565.0000","4480.0000","4500.0000","4500.0000","4510.0000","4480.0000","4505.0000","4565.0000","4565.0000","4480.0000","4505.0000"," ","0.0000","0.0000","276300","1245638000","4508.2809"
"20201211","01","11","    67300","JP3108080007","767.0000","767.0000","747.0000","751.0000","750.0000","756.0000","744.0000","756.0000","767.0000","767.0000","744.0000","756.0000"," ","0.0000","0.0000","35700","26871500","752.7031"
"20201211","01","11","    67370","JP3651080008","3815.0000","3815.0000","3745.0000","3760.0000","3765.0000","3805.0000","3760.0000","3805.0000","3815.0000","3815.0000","3745.0000","3805.0000"," ","0.0000","0.0000","19900","75473500","3792.6382"
"20201211","01","11","    67400","JP3389660006","51.0000","51.0000","49.0000","50.0000","50.0000","50.0000","49.0000","50.0000","51.0000","51.0000","49.0000","50.0000"," ","0.0000","0.0000","5046900","253266300","50.1825"
"20201211","01","11","    67410","JP3716000009","944.0000","948.0000","934.0000","935.0000","934.0000","944.0000","931.0000","944.0000","944.0000","948.0000","931.0000","944.0000"," ","0.0000","0.0000","133100","125097800","939.8783"
"20201211","01","11","    67420","JP3248800009","446.0000","446.0000","433.0000","434.0000","434.0000","438.0000","433.0000","438.0000","446.0000","446.0000","433.0000","438.0000"," ","0.0000","0.0000","142100","62614100","440.6341"
"20201211","01","11","    67440","JP3759800000","2387.0000","2387.0000","2339.0000","2348.0000","2337.0000","2366.0000","2329.0000","2366.0000","2387.0000","2387.0000","2329.0000","2366.0000"," ","0.0000","0.0000","36200","85577900","2364.0304"
"20201211","01","11","    67450","JP3837400005","1291.0000","1293.0000","1272.0000","1274.0000","1265.0000","1284.0000","1265.0000","1273.0000","1291.0000","1293.0000","1265.0000","1273.0000"," ","0.0000","0.0000","18400","23593400","1282.2500"
"20201211","01","11","    67480","JP3418400002","660.0000","697.0000","655.0000","691.0000","691.0000","700.0000","686.0000","692.0000","660.0000","700.0000","655.0000","692.0000"," ","0.0000","0.0000","156100","106749900","683.8559"
"20201211","01","11","    67500","JP3168200008","4820.0000","4855.0000","4765.0000","4810.0000","4810.0000","4885.0000","4790.0000","4880.0000","4820.0000","4885.0000","4765.0000","4880.0000"," ","0.0000","0.0000","148800","719936000","4838.2796"
"20201211","01","11","    67520","JP3866800000","1183.0000","1184.5000","1162.0000","1162.0000","1161.0000","1164.5000","1157.0000","1161.0000","1183.0000","1184.5000","1157.0000","1161.0000"," ","0.0000","0.0000","5659100","6619396600","1169.6907"
"20201211","01","11","    67530","JP3359600008","1412.0000","1412.0000","1373.0000","1381.0000","1381.0000","1397.0000","1376.0000","1396.0000","1412.0000","1412.0000","1373.0000","1396.0000"," ","0.0000","0.0000","3062400","4258239400","1390.4909"
"20201211","01","11","    67540","JP3128800004","2315.0000","2328.0000","2300.0000","2316.0000","2316.0000","2317.0000","2300.0000","2300.0000","2315.0000","2328.0000","2300.0000","2300.0000"," ","0.0000","0.0000","1251700","2892954400","2311.2203"
"20201211","01","11","    67550","JP3818400008","2806.0000","2829.0000","2770.0000","2790.0000","2776.0000","2817.0000","2775.0000","2816.0000","2806.0000","2829.0000","2770.0000","2816.0000"," ","0.0000","0.0000","525500","1470360400","2798.0217"
"20201211","01","11","    67580","JP3435000009","9870.0000","9910.0000","9820.0000","9880.0000","9878.0000","9906.0000","9858.0000","9858.0000","9870.0000","9910.0000","9820.0000","9858.0000"," ","0.0000","0.0000","4807900","47481085600","9875.6392"
"20201211","01","11","    67620","JP3538800008","14040.0000","14150.0000","13790.0000","13880.0000","13860.0000","13940.0000","13860.0000","13940.0000","14040.0000","14150.0000","13790.0000","13940.0000"," ","0.0000","0.0000","752500","10505406000","13960.6724"
"20201211","01","11","    67630","JP3541600007","1161.0000","1161.0000","1149.0000","1149.0000","1155.0000","1164.0000","1155.0000","1158.0000","1161.0000","1164.0000","1149.0000","1158.0000"," ","0.0000","0.0000","6200","7192600","1160.0968"
"20201211","01","11","    67680","JP3471000004","575.0000","579.0000","566.0000","573.0000","570.0000","578.0000","568.0000","576.0000","575.0000","579.0000","566.0000","576.0000"," ","0.0000","0.0000","708000","406367000","573.9647"
"20201211","01","11","    67700","JP3126400005","1268.0000","1279.0000","1251.0000","1263.0000","1270.0000","1280.0000","1265.0000","1269.0000","1268.0000","1280.0000","1251.0000","1269.0000"," ","0.0000","0.0000","2278700","2890160000","1268.3372"
"20201211","01","11","    67710","JP3132000005","921.0000","929.0000","910.0000","917.0000","917.0000","930.0000","917.0000","930.0000","921.0000","930.0000","910.0000","930.0000"," ","0.0000","0.0000","18300","16871700","921.9508"
"20201211","01","11","    67790","JP3737800007","653.0000","693.0000","651.0000","686.0000","680.0000","689.0000","670.0000","680.0000","653.0000","693.0000","651.0000","680.0000"," ","0.0000","0.0000","853300","577485200","676.7669"
"20201211","01","11","    67850","JP3397210000","1080.0000","1090.0000","1052.0000","1073.0000","1082.0000","1095.0000","1072.0000","1079.0000","1080.0000","1095.0000","1052.0000","1079.0000"," ","0.0000","0.0000","143900","155344000","1079.5274"
"20201211","01","11","    67880","JP3739700007","4155.0000","4165.0000","4085.0000","4115.0000","4095.0000","4110.0000","4085.0000","4100.0000","4155.0000","4165.0000","4085.0000","4100.0000"," ","0.0000","0.0000","16300","67047000","4113.3129"
"20201211","01","11","    67890","JP3983450002","1872.0000","1934.0000","1872.0000","1926.0000","1931.0000","1949.0000","1921.0000","1940.0000","1872.0000","1949.0000","1872.0000","1940.0000"," ","0.0000","0.0000","118500","225411100","1902.2034"
"20201211","01","11","    67940","JP3802800007","1208.0000","1217.0000","1201.0000","1214.0000","1215.0000","1218.0000","1207.0000","1214.0000","1208.0000","1218.0000","1201.0000","1214.0000"," ","0.0000","0.0000","76300","92351100","1210.3683"
"20201211","01","11","    67980","JP3162400000","3055.0000","3055.0000","2983.0000","2996.0000","2985.0000","2985.0000","2960.0000","2962.0000","3055.0000","3055.0000","2960.0000","2962.0000"," ","0.0000","0.0000","7500","22475200","2996.6933"
"20201211","01","11","    68000","JP3954200006","2560.0000","2590.0000","2547.0000","2570.0000","2575.0000","2586.0000","2556.0000","2585.0000","2560.0000","2590.0000","2547.0000","2585.0000"," ","0.0000","0.0000","117400","301876400","2571.3492"
"20201211","01","11","    68030","JP3539200000","103.0000","104.0000","102.0000","104.0000","104.0000","105.0000","104.0000","105.0000","103.0000","105.0000","102.0000","105.0000"," ","0.0000","0.0000","280300","29061900","103.6814"
"20201211","01","11","    68040","JP3845800006","969.0000","976.0000","963.0000","971.0000","972.0000","978.0000","965.0000","975.0000","969.0000","978.0000","963.0000","975.0000"," ","0.0000","0.0000","494100","479617000","970.6881"
"20201211","01","11","    68060","JP3799000009","15070.0000","15160.0000","15030.0000","15090.0000","15010.0000","15180.0000","15010.0000","15150.0000","15070.0000","15180.0000","15010.0000","15150.0000"," ","0.0000","0.0000","90600","1368620000","15106.1810"
"20201211","01","11","    68070","JP3705600009","1505.0000","1510.0000","1491.0000","1508.0000","1505.0000","1530.0000","1502.0000","1528.0000","1505.0000","1530.0000","1491.0000","1528.0000"," ","0.0000","0.0000","331900","502812300","1514.9512"
"20201211","01","11","    68090","JP3538600002","880.0000","880.0000","860.0000","875.0000","876.0000","892.0000","876.0000","886.0000","880.0000","892.0000","860.0000","886.0000"," ","0.0000","0.0000","45700","40195600","879.5536"
"20201211","01","11","    68100","JP3791800000","1330.0000","1335.0000","1287.0000","1290.0000","1290.0000","1290.0000","1279.0000","1286.0000","1330.0000","1335.0000","1279.0000","1286.0000"," ","0.0000","0.0000","245300","318139800","1296.9417"
"20201211","01","11","    68140","JP3828400006","1168.0000","1180.0000","1166.0000","1170.0000","1165.0000","1173.0000","1162.0000","1173.0000","1168.0000","1180.0000","1162.0000","1173.0000"," ","0.0000","0.0000","43900","51368800","1170.1321"
"20201211","01","11","    68150","JP3952000002","2325.0000","2331.0000","2306.0000","2311.0000","2313.0000","2313.0000","2267.0000","2271.0000","2325.0000","2331.0000","2267.0000","2271.0000"," ","0.0000","0.0000","30800","70839800","2299.9935"
"20201211","01","11","    68170","JP3400800003","1110.0000","1169.0000","1110.0000","1144.0000","1144.0000","1144.0000","1116.0000","1117.0000","1110.0000","1169.0000","1110.0000","1117.0000"," ","0.0000","0.0000","262100","299041400","1140.9439"
"20201211","01","11","    68200","JP3101400004","2717.0000","2755.0000","2717.0000","2740.0000","2720.0000","2748.0000","2719.0000","2744.0000","2717.0000","2755.0000","2717.0000","2744.0000"," ","0.0000","0.0000","14100","38470400","2728.3972"
"20201211","01","11","    68230","JP3969700008","3265.0000","3425.0000","3250.0000","3340.0000","3365.0000","3375.0000","3320.0000","3345.0000","3265.0000","3425.0000","3250.0000","3345.0000"," ","0.0000","0.0000","54400","181334000","3333.3456"
"20201211","01","11","    68260","JP3854650003","488.0000","489.0000","485.0000","487.0000","487.0000","493.0000","485.0000","493.0000","488.0000","493.0000","485.0000","493.0000"," ","0.0000","0.0000","34400","16790600","488.0988"
"20201211","01","11","    68390","JP3825850005","432.0000","432.0000","426.0000","430.0000","430.0000","432.0000","429.0000","432.0000","432.0000","432.0000","426.0000","432.0000"," ","0.0000","0.0000","33100","14250600","430.5317"
"20201211","01","11","    68410","JP3955000009","1928.0000","1941.0000","1907.0000","1916.0000","1913.0000","1946.0000","1912.0000","1937.0000","1928.0000","1946.0000","1907.0000","1937.0000"," ","0.0000","0.0000","824000","1590976800","1930.7971"
"20201211","01","11","    68440","JP3377800002","2570.0000","2615.0000","2536.0000","2547.0000","2565.0000","2568.0000","2541.0000","2552.0000","2570.0000","2615.0000","2536.0000","2552.0000"," ","0.0000","0.0000","62200","159332200","2561.6109"
"20201211","01","11","    68450","JP3937200008","5160.0000","5240.0000","5130.0000","5190.0000","5200.0000","5200.0000","5140.0000","5160.0000","5160.0000","5240.0000","5130.0000","5160.0000"," ","0.0000","0.0000","631400","3264432000","5170.1489"
"20201211","01","11","    68480","JP3557200007","890.0000","890.0000","880.0000","880.0000","873.0000","889.0000","873.0000","889.0000","890.0000","890.0000","873.0000","889.0000"," ","0.0000","0.0000","7900","7015200","888.0000"
"20201211","01","11","    68490","JP3706800004","3505.0000","3555.0000","3500.0000","3545.0000","3535.0000","3580.0000","3530.0000","3560.0000","3505.0000","3580.0000","3500.0000","3560.0000"," ","0.0000","0.0000","307900","1090124500","3540.5148"
"20201211","01","11","    68500","JP3511000006","1455.0000","1457.0000","1440.0000","1457.0000","1449.0000","1509.0000","1400.0000","1443.0000","1455.0000","1509.0000","1400.0000","1443.0000"," ","0.0000","0.0000","74400","108452400","1457.6935"
"20201211","01","11","    68530","JP3255200002","403.0000","403.0000","399.0000","399.0000","399.0000","402.0000","399.0000","402.0000","403.0000","403.0000","399.0000","402.0000"," ","0.0000","0.0000","46400","18611200","401.1034"
"20201211","01","11","    68550","JP3735300000","1750.0000","1775.0000","1727.0000","1754.0000","1750.0000","1754.0000","1732.0000","1749.0000","1750.0000","1775.0000","1727.0000","1749.0000"," ","0.0000","0.0000","193200","337805400","1748.4752"
"20201211","01","11","    68560","JP3853000002","5580.0000","5630.0000","5560.0000","5580.0000","5580.0000","5630.0000","5550.0000","5630.0000","5580.0000","5630.0000","5550.0000","5630.0000"," ","0.0000","0.0000","135000","755445000","5595.8889"
"20201211","01","11","    68570","JP3122400009","7510.0000","7590.0000","7420.0000","7460.0000","7500.0000","7500.0000","7420.0000","7440.0000","7510.0000","7590.0000","7420.0000","7440.0000"," ","0.0000","0.0000","1873600","14003202000","7473.9550"
"20201211","01","11","    68580","JP3196800001","520.0000","520.0000","515.0000","517.0000","517.0000","517.0000","514.0000","516.0000","520.0000","520.0000","514.0000","516.0000"," ","0.0000","0.0000","10500","5438000","517.9048"
"20201211","01","11","    68590","JP3469800001","2006.0000","2006.0000","1976.0000","1986.0000","1975.0000","1993.0000","1975.0000","1991.0000","2006.0000","2006.0000","1975.0000","1991.0000"," ","0.0000","0.0000","27600","54979200","1992.0000"
"20201211","01","11","    68610","JP3236200006","52070.0000","52500.0000","51970.0000","52070.0000","52030.0000","52250.0000","51980.0000","52040.0000","52070.0000","52500.0000","51970.0000","52040.0000"," ","0.0000","0.0000","470900","24536814000","52106.2094"
"20201211","01","11","    68660","JP3783200003","4250.0000","4260.0000","4145.0000","4170.0000","4165.0000","4185.0000","4155.0000","4155.0000","4250.0000","4260.0000","4145.0000","4155.0000"," ","0.0000","0.0000","15300","64280500","4201.3399"
"20201211","01","11","    68690","JP3351100007","11670.0000","11780.0000","11540.0000","11625.0000","11595.0000","11720.0000","11585.0000","11690.0000","11670.0000","11780.0000","11540.0000","11690.0000"," ","0.0000","0.0000","548200","6391966500","11659.9170"
"20201211","01","11","    68710","JP3750400008","1109.0000","1127.0000","1094.0000","1099.0000","1099.0000","1116.0000","1091.0000","1114.0000","1109.0000","1127.0000","1091.0000","1114.0000"," ","0.0000","0.0000","325000","359781500","1107.0200"
"20201211","01","11","    68750","JP3920860008","3020.0000","3090.0000","3010.0000","3085.0000","3075.0000","3100.0000","3050.0000","3090.0000","3020.0000","3100.0000","3010.0000","3090.0000"," ","0.0000","0.0000","95200","291943000","3066.6282"
"20201211","01","11","    68770","JP3197650009","3935.0000","3945.0000","3915.0000","3925.0000","3925.0000","3970.0000","3925.0000","3970.0000","3935.0000","3970.0000","3915.0000","3970.0000"," ","0.0000","0.0000","57600","227156500","3943.6892"
"20201211","01","11","    68790","JP3802900005","364.0000","367.0000","361.0000","367.0000","366.0000","368.0000","362.0000","366.0000","364.0000","368.0000","361.0000","366.0000"," ","0.0000","0.0000","113200","41320800","365.0247"
"20201211","01","11","    69010","JP3323200000","2340.0000","2424.0000","2226.0000","2290.0000","2310.0000","2410.0000","2281.0000","2410.0000","2340.0000","2424.0000","2226.0000","2410.0000"," ","0.0000","0.0000","149000","346013800","2322.2403"
"20201211","01","11","    69020","JP3551500006","5745.0000","5780.0000","5703.0000","5757.0000","5761.0000","5808.0000","5754.0000","5777.0000","5745.0000","5808.0000","5703.0000","5777.0000"," ","0.0000","0.0000","2259200","13009808100","5758.5907"
"20201211","01","11","    69040","JP3772500009","871.0000","871.0000","865.0000","866.0000","861.0000","869.0000","861.0000","866.0000","871.0000","871.0000","861.0000","866.0000"," ","0.0000","0.0000","13500","11725300","868.5407"
"20201211","01","11","    69050","JP3283700007","1201.0000","1221.0000","1201.0000","1215.0000","1213.0000","1230.0000","1208.0000","1230.0000","1201.0000","1230.0000","1201.0000","1230.0000"," ","0.0000","0.0000","94700","115033300","1214.7128"
"20201211","01","11","    69080","JP3149800009","4640.0000","4725.0000","4615.0000","4700.0000","4700.0000","4715.0000","4655.0000","4695.0000","4640.0000","4725.0000","4615.0000","4695.0000"," ","0.0000","0.0000","86500","404400000","4675.1445"
"20201211","01","11","    69140","JP3197700002","1940.0000","1953.0000","1916.0000","1932.0000","1931.0000","1961.0000","1920.0000","1961.0000","1940.0000","1961.0000","1916.0000","1961.0000"," ","0.0000","0.0000","86200","167497300","1943.1241"
"20201211","01","11","    69150","JP3528450004","1588.0000","1603.0000","1570.0000","1603.0000","1600.0000","1630.0000","1600.0000","1626.0000","1588.0000","1630.0000","1570.0000","1626.0000"," ","0.0000","0.0000","35400","56491700","1595.8107"
"20201211","01","11","    69160","JP3100750003","1060.0000","1064.0000","1042.0000","1048.0000","1047.0000","1064.0000","1042.0000","1061.0000","1060.0000","1064.0000","1042.0000","1061.0000"," ","0.0000","0.0000","51000","53798100","1054.8647"
"20201211","01","11","    69200","JP3979200007","11490.0000","11670.0000","11440.0000","11630.0000","11610.0000","11740.0000","11540.0000","11710.0000","11490.0000","11740.0000","11440.0000","11710.0000"," ","0.0000","0.0000","1355900","15745407000","11612.5135"
"20201211","01","11","    69230","JP3399400005","3415.0000","3445.0000","3370.0000","3435.0000","3430.0000","3460.0000","3425.0000","3435.0000","3415.0000","3460.0000","3370.0000","3435.0000"," ","0.0000","0.0000","628800","2157358500","3430.9136"
"20201211","01","11","    69240","JP3150800005","1402.0000","1415.0000","1394.0000","1398.0000","1386.0000","1400.0000","1385.0000","1391.0000","1402.0000","1415.0000","1385.0000","1391.0000"," ","0.0000","0.0000","50200","70126000","1396.9323"
"20201211","01","11","    69250","JP3156400008","1294.0000","1303.0000","1283.0000","1284.0000","1285.0000","1294.0000","1281.0000","1288.0000","1294.0000","1303.0000","1281.0000","1288.0000"," ","0.0000","0.0000","705700","909569600","1288.8899"
"20201211","01","11","    69260","JP3193600008","407.0000","411.0000","401.0000","410.0000","410.0000","412.0000","402.0000","402.0000","407.0000","412.0000","401.0000","402.0000"," ","0.0000","0.0000","31500","12785100","405.8762"
"20201211","01","11","    69270","JP3802700009","300.0000","300.0000","297.0000","298.0000","297.0000","299.0000","295.0000","297.0000","300.0000","300.0000","295.0000","297.0000"," ","0.0000","0.0000","84800","25246400","297.7170"
"20201211","01","11","    69280","JP3165800008","1452.0000","1513.0000","1452.0000","1487.0000","1495.0000","1521.0000","1473.0000","1487.0000","1452.0000","1521.0000","1452.0000","1487.0000"," ","0.0000","0.0000","131900","196411500","1489.0940"
"20201211","01","11","    69290","JP3725200004","2982.0000","2990.0000","2952.0000","2959.0000","2955.0000","2972.0000","2945.0000","2969.0000","2982.0000","2990.0000","2945.0000","2969.0000"," ","0.0000","0.0000","43000","127634300","2968.2395"
"20201211","01","11","    69320","JP3169600008","541.0000","542.0000","538.0000","539.0000","540.0000","543.0000","538.0000","538.0000","541.0000","543.0000","538.0000","538.0000"," ","0.0000","0.0000","37600","20324900","540.5559"
"20201211","01","11","    69370","JP3827600002","1418.0000","1435.0000","1365.0000","1383.0000","1383.0000","1389.0000","1365.0000","1386.0000","1418.0000","1435.0000","1365.0000","1386.0000"," ","0.0000","0.0000","1085800","1503286100","1384.4963"
"20201211","01","11","    69380","JP3432400004","455.0000","457.0000","448.0000","449.0000","450.0000","454.0000","446.0000","446.0000","455.0000","457.0000","446.0000","446.0000"," ","0.0000","0.0000","91500","41247200","450.7891"
"20201211","01","11","    69410","JP3934200001","1612.0000","1625.0000","1597.0000","1602.0000","1599.0000","1622.0000","1595.0000","1615.0000","1612.0000","1625.0000","1595.0000","1615.0000"," ","0.0000","0.0000","86000","138374200","1609.0023"
"20201211","01","11","    69470","JP3412000006","2999.0000","3045.0000","2976.0000","2994.0000","2950.0000","3020.0000","2929.0000","3000.0000","2999.0000","3045.0000","2929.0000","3000.0000"," ","0.0000","0.0000","154000","461285800","2995.3623"
"20201211","01","11","    69510","JP3735000006","4505.0000","4545.0000","4495.0000","4515.0000","4510.0000","4510.0000","4470.0000","4485.0000","4505.0000","4545.0000","4470.0000","4485.0000"," ","0.0000","0.0000","129600","583677000","4503.6806"
"20201211","01","11","    69520","JP3209000003","1957.0000","1969.0000","1937.0000","1948.0000","1950.0000","1966.0000","1947.0000","1957.0000","1957.0000","1969.0000","1937.0000","1957.0000"," ","0.0000","0.0000","1194000","2336106100","1956.5378"
"20201211","01","11","    69540","JP3802400006","26025.0000","26130.0000","25810.0000","25930.0000","25900.0000","26045.0000","25900.0000","25945.0000","26025.0000","26130.0000","25810.0000","25945.0000"," ","0.0000","0.0000","729200","18955529500","25994.9664"
"20201211","01","11","    69580","JP3712000003","414.0000","416.0000","409.0000","410.0000","409.0000","413.0000","403.0000","413.0000","414.0000","416.0000","403.0000","413.0000"," ","0.0000","0.0000","367700","151256900","411.3595"
"20201211","01","11","    69610","JP3169800004","0.0000","0.0000","0.0000","0.0000","3915.0000","3915.0000","3915.0000","3915.0000","3915.0000","3915.0000","3915.0000","3915.0000"," ","0.0000","0.0000","43100","168736500","3915.0000"
"20201211","01","11","    69620","JP3484400001","2536.0000","2577.0000","2484.0000","2515.0000","2504.0000","2515.0000","2485.0000","2497.0000","2536.0000","2577.0000","2484.0000","2497.0000"," ","0.0000","0.0000","82600","207262500","2509.2312"
"20201211","01","11","    69630","JP3982800009","9850.0000","9870.0000","9670.0000","9730.0000","9690.0000","9730.0000","9640.0000","9670.0000","9850.0000","9870.0000","9640.0000","9670.0000"," ","0.0000","0.0000","534500","5189350000","9708.7933"
"20201211","01","11","    69650","JP3771800004","5950.0000","6000.0000","5940.0000","6000.0000","5970.0000","6040.0000","5970.0000","6010.0000","5950.0000","6040.0000","5940.0000","6010.0000"," ","0.0000","0.0000","273400","1637475000","5989.3014"
"20201211","01","11","    69660","JP3892400007","3445.0000","3445.0000","3405.0000","3445.0000","3445.0000","3445.0000","3445.0000","3445.0000","3445.0000","3445.0000","3405.0000","3445.0000"," ","0.0000","0.0000","497200","1712242000","3443.7691"
"20201211","01","11","    69670","JP3375800004","2330.0000","2340.0000","2302.0000","2318.0000","2318.0000","2336.0000","2305.0000","2334.0000","2330.0000","2340.0000","2302.0000","2334.0000"," ","0.0000","0.0000","582600","1352084100","2320.7760"
"20201211","01","11","    69710","JP3249600002","6220.0000","6231.0000","6131.0000","6176.0000","6180.0000","6191.0000","6151.0000","6153.0000","6220.0000","6231.0000","6131.0000","6153.0000"," ","0.0000","0.0000","1250900","7741482000","6188.7297"
"20201211","01","11","    69730","JP3247200003","1331.0000","1336.0000","1320.0000","1336.0000","1341.0000","1341.0000","1309.0000","1321.0000","1331.0000","1341.0000","1309.0000","1321.0000"," ","0.0000","0.0000","6000","7965400","1327.5667"
"20201211","01","11","    69760","JP3452000007","4560.0000","4620.0000","4465.0000","4500.0000","4480.0000","4500.0000","4425.0000","4490.0000","4560.0000","4620.0000","4425.0000","4490.0000"," ","0.0000","0.0000","1911400","8612395000","4505.8046"
"20201211","01","11","    69810","JP3914400001","8780.0000","8838.0000","8674.0000","8705.0000","8699.0000","8750.0000","8686.0000","8720.0000","8780.0000","8838.0000","8674.0000","8720.0000"," ","0.0000","0.0000","2541700","22196180700","8732.8090"
"20201211","01","11","    69860","JP3824400000","861.0000","865.0000","856.0000","861.0000","861.0000","874.0000","860.0000","871.0000","861.0000","874.0000","856.0000","871.0000"," ","0.0000","0.0000","106300","91999100","865.4666"
"20201211","01","11","    69880","JP3684000007","8690.0000","8840.0000","8680.0000","8790.0000","8780.0000","8800.0000","8750.0000","8770.0000","8690.0000","8840.0000","8680.0000","8770.0000"," ","0.0000","0.0000","1126200","9857130000","8752.5573"
"20201211","01","11","    69890","JP3844600001","920.0000","920.0000","905.0000","914.0000","911.0000","921.0000","911.0000","915.0000","920.0000","921.0000","905.0000","915.0000"," ","0.0000","0.0000","13800","12616400","914.2319"
"20201211","01","11","    69950","JP3566600007","1679.0000","1692.0000","1668.0000","1684.0000","1686.0000","1710.0000","1678.0000","1703.0000","1679.0000","1710.0000","1668.0000","1703.0000"," ","0.0000","0.0000","156500","264674500","1691.2109"
"20201211","01","11","    69960","JP3661800007","1215.0000","1230.0000","1179.0000","1197.0000","1200.0000","1211.0000","1189.0000","1202.0000","1215.0000","1230.0000","1179.0000","1202.0000"," ","0.0000","0.0000","724200","869559200","1200.7169"
"20201211","01","11","    69970","JP3701200002","1856.0000","1879.0000","1825.0000","1848.0000","1848.0000","1848.0000","1822.0000","1824.0000","1856.0000","1879.0000","1822.0000","1824.0000"," ","0.0000","0.0000","392000","721128800","1839.6143"
"20201211","01","11","    69990","JP3283400004","1514.0000","1547.0000","1514.0000","1542.0000","1540.0000","1544.0000","1524.0000","1540.0000","1514.0000","1547.0000","1514.0000","1540.0000"," ","0.0000","0.0000","151200","231432100","1530.6356"
"20201211","01","11","    70030","JP3891600003","354.0000","356.0000","340.0000","340.0000","341.0000","345.0000","338.0000","345.0000","354.0000","356.0000","338.0000","345.0000"," ","0.0000","0.0000","1670300","575144300","344.3359"
"20201211","01","11","    70040","JP3789000001","436.0000","439.0000","424.0000","425.0000","426.0000","434.0000","425.0000","434.0000","436.0000","439.0000","424.0000","434.0000"," ","0.0000","0.0000","1773700","764767200","431.1705"
"20201211","01","11","    70110","JP3900000005","2729.5000","2740.0000","2685.0000","2717.0000","2712.0000","2748.0000","2697.5000","2742.0000","2729.5000","2748.0000","2685.0000","2742.0000"," ","0.0000","0.0000","2549300","6953791600","2727.7259"
"20201211","01","11","    70120","JP3224200000","1785.0000","1785.0000","1718.0000","1776.0000","1778.0000","1793.0000","1768.0000","1793.0000","1785.0000","1793.0000","1718.0000","1793.0000"," ","0.0000","0.0000","3823000","6765131600","1769.5871"
"20201211","01","11","    70130","JP3134800006","1810.0000","1862.0000","1803.0000","1853.0000","1850.0000","1850.0000","1809.0000","1817.0000","1810.0000","1862.0000","1803.0000","1817.0000"," ","0.0000","0.0000","3112000","5688715200","1827.9933"
"20201211","01","11","    70140","JP3651400008","194.0000","195.0000","182.0000","184.0000","185.0000","190.0000","176.0000","177.0000","194.0000","195.0000","176.0000","177.0000"," ","0.0000","0.0000","6566400","1217532700","185.4186"
"20201211","01","11","    70220","JP3322810007","170.0000","185.0000","165.0000","165.0000","166.0000","166.0000","161.0000","165.0000","170.0000","185.0000","161.0000","165.0000"," ","0.0000","0.0000","1045500","182732700","174.7802"
"20201211","01","11","    70300","JP3400020008","784.0000","790.0000","779.0000","782.0000","782.0000","790.0000","780.0000","787.0000","784.0000","790.0000","779.0000","787.0000"," ","0.0000","0.0000","46900","36771800","784.0469"
"20201211","01","11","    70330","JP3869980007","1386.0000","1428.0000","1386.0000","1425.0000","1418.0000","1422.0000","1397.0000","1420.0000","1386.0000","1428.0000","1386.0000","1420.0000"," ","0.0000","0.0000","77700","109517000","1409.4852"
"20201211","01","11","    70340","JP3833830007","4200.0000","4340.0000","4200.0000","4305.0000","4300.0000","4300.0000","4230.0000","4295.0000","4200.0000","4340.0000","4200.0000","4295.0000"," ","0.0000","0.0000","30700","131478000","4282.6710"
"20201211","01","11","    70350","JP3128620006","800.0000","810.0000","799.0000","804.0000","807.0000","807.0000","795.0000","799.0000","800.0000","810.0000","795.0000","799.0000"," ","0.0000","0.0000","37600","30132800","801.4043"
"20201211","01","11","    70370","JP3545820007","1250.0000","1292.0000","1250.0000","1286.0000","1280.0000","1290.0000","1273.0000","1290.0000","1250.0000","1292.0000","1250.0000","1290.0000"," ","0.0000","0.0000","50300","64281400","1277.9602"
"20201211","01","11","    70380","JP3829550007","4870.0000","5030.0000","4870.0000","5010.0000","5010.0000","5080.0000","4945.0000","4990.0000","4870.0000","5080.0000","4870.0000","4990.0000"," ","0.0000","0.0000","34700","172730000","4977.8098"
"20201211","01","11","    70440","JP3801650007","2260.0000","2364.0000","2260.0000","2360.0000","2360.0000","2360.0000","2292.0000","2316.0000","2260.0000","2364.0000","2260.0000","2316.0000"," ","0.0000","0.0000","77500","179580100","2317.1626"
"20201211","01","11","    70590","JP3302000009","3140.0000","3295.0000","3115.0000","3275.0000","3290.0000","3290.0000","3250.0000","3280.0000","3140.0000","3295.0000","3115.0000","3280.0000"," ","0.0000","0.0000","49700","160868500","3236.7907"
"20201211","01","11","    70600","JP3263700001","1125.0000","1152.0000","1117.0000","1144.0000","1148.0000","1150.0000","1136.0000","1146.0000","1125.0000","1152.0000","1117.0000","1146.0000"," ","0.0000","0.0000","37500","42620200","1136.5387"
"20201211","01","11","    70850","JP3205100005","789.0000","791.0000","775.0000","785.0000","781.0000","789.0000","778.0000","785.0000","789.0000","791.0000","775.0000","785.0000"," ","0.0000","0.0000","131100","102739100","783.6697"
"20201211","01","11","    70880","JP3803060007","857.0000","857.0000","831.0000","836.0000","837.0000","837.0000","825.0000","830.0000","857.0000","857.0000","825.0000","830.0000"," ","0.0000","0.0000","92400","77205400","835.5563"
"20201211","01","11","    71020","JP3713600009","2456.0000","2474.0000","2430.0000","2437.0000","2430.0000","2484.0000","2429.0000","2472.0000","2456.0000","2484.0000","2429.0000","2472.0000"," ","0.0000","0.0000","12000","29452500","2454.3750"
"20201211","01","11","    71050","JP3753800006","1250.0000","1251.0000","1208.0000","1210.0000","1209.0000","1223.0000","1202.0000","1213.0000","1250.0000","1251.0000","1202.0000","1213.0000"," ","0.0000","0.0000","163500","199501000","1220.1896"
"20201211","01","11","    71220","JP3258800006","1304.0000","1304.0000","1304.0000","1304.0000","1304.0000","1316.0000","1304.0000","1310.0000","1304.0000","1316.0000","1304.0000","1310.0000"," ","0.0000","0.0000","2700","3527800","1306.5926"
"20201211","01","11","    71480","JP3166990006","512.0000","512.0000","507.0000","510.0000","509.0000","510.0000","506.0000","508.0000","512.0000","512.0000","506.0000","508.0000"," ","0.0000","0.0000","360300","183553600","509.4466"
"20201211","01","11","    71500","JP3357800006","633.0000","634.0000","633.0000","634.0000","633.0000","663.0000","632.0000","652.0000","633.0000","663.0000","632.0000","652.0000"," ","0.0000","0.0000","24300","15667800","644.7654"
"20201211","01","11","    71610","JP3387970001","872.0000","878.0000","858.0000","864.0000","862.0000","873.0000","860.0000","863.0000","872.0000","878.0000","858.0000","863.0000"," ","0.0000","0.0000","67000","58075300","866.7955"
"20201211","01","11","    71640","JP3429250008","4690.0000","4720.0000","4645.0000","4660.0000","4650.0000","4670.0000","4625.0000","4665.0000","4690.0000","4720.0000","4625.0000","4665.0000"," ","0.0000","0.0000","233400","1089078500","4666.1461"
"20201211","01","11","    71670","JP3117700009","203.0000","205.0000","203.0000","203.0000","203.0000","205.0000","203.0000","204.0000","203.0000","205.0000","203.0000","204.0000"," ","0.0000","0.0000","5014500","1021862400","203.7815"
"20201211","01","11","    71720","JP3389470000","1465.0000","1499.0000","1450.0000","1490.0000","1493.0000","1493.0000","1472.0000","1482.0000","1465.0000","1499.0000","1450.0000","1482.0000"," ","0.0000","0.0000","169900","250938100","1476.9753"
"20201211","01","11","    71730","JP3584400000","1136.0000","1141.0000","1126.0000","1129.0000","1127.0000","1143.0000","1125.0000","1143.0000","1136.0000","1143.0000","1125.0000","1143.0000"," ","0.0000","0.0000","61000","69219500","1134.7459"
"20201211","01","11","    71800","JP3246500007","470.0000","471.0000","466.0000","468.0000","466.0000","472.0000","465.0000","470.0000","470.0000","472.0000","465.0000","470.0000"," ","0.0000","0.0000","1237400","581071800","469.5909"
"20201211","01","11","    71810","JP3233250004","1873.0000","1880.0000","1859.0000","1871.0000","1861.0000","1874.0000","1861.0000","1864.0000","1873.0000","1880.0000","1859.0000","1864.0000"," ","0.0000","0.0000","1189000","2219666800","1866.8350"
"20201211","01","11","    71820","JP3946750001","848.0000","848.0000","840.0000","844.0000","843.0000","851.0000","843.0000","851.0000","848.0000","851.0000","840.0000","851.0000"," ","0.0000","0.0000","2907300","2462192200","846.8999"
"20201211","01","11","    71840","JP3632150003","289.0000","290.0000","288.0000","288.0000","288.0000","294.0000","288.0000","294.0000","289.0000","294.0000","288.0000","294.0000"," ","0.0000","0.0000","79200","22970600","290.0328"
"20201211","01","11","    71860","JP3305990008","372.0000","376.0000","372.0000","376.0000","375.0000","382.0000","374.0000","380.0000","372.0000","382.0000","372.0000","380.0000"," ","0.0000","0.0000","3917300","1475383800","376.6328"
"20201211","01","11","    71870","JP3386590008","615.0000","640.0000","611.0000","640.0000","639.0000","640.0000","625.0000","631.0000","615.0000","640.0000","611.0000","631.0000"," ","0.0000","0.0000","175600","110468000","629.0888"
"20201211","01","11","    71890","JP3658850007","736.0000","738.0000","725.0000","728.0000","726.0000","743.0000","724.0000","738.0000","736.0000","743.0000","724.0000","738.0000"," ","0.0000","0.0000","307800","226137900","734.6910"
"20201211","01","11","    71900","JP3860150006","665.0000","668.0000","662.0000","662.0000","662.0000","665.0000","658.0000","658.0000","665.0000","668.0000","658.0000","658.0000"," ","0.0000","0.0000","15900","10521700","661.7421"
"20201211","01","11","    71910","JP3153160001","881.0000","904.0000","876.0000","900.0000","892.0000","897.0000","880.0000","881.0000","881.0000","904.0000","876.0000","881.0000"," ","0.0000","0.0000","52800","46916700","888.5739"
"20201211","01","11","    71920","JP3752500003","1140.0000","1144.0000","1132.0000","1142.0000","1136.0000","1143.0000","1136.0000","1141.0000","1140.0000","1144.0000","1132.0000","1141.0000"," ","0.0000","0.0000","19800","22558800","1139.3333"
"20201211","01","11","    71960","JP3204500007","1030.0000","1032.0000","1016.0000","1020.0000","1018.0000","1025.0000","1012.0000","1020.0000","1030.0000","1032.0000","1012.0000","1020.0000"," ","0.0000","0.0000","242000","247223400","1021.5843"
"20201211","01","11","    71980","JP3126290000","1760.0000","1784.0000","1760.0000","1776.0000","1779.0000","1785.0000","1772.0000","1782.0000","1760.0000","1785.0000","1760.0000","1782.0000"," ","0.0000","0.0000","106300","188679200","1774.9690"
"20201211","01","11","    71990","JP3833710001","2180.0000","2207.0000","2178.0000","2200.0000","2189.0000","2192.0000","2155.0000","2164.0000","2180.0000","2207.0000","2155.0000","2164.0000"," ","0.0000","0.0000","38100","82881100","2175.3570"
"20201211","01","11","    72010","JP3672400003","557.0000","566.8000","544.4000","552.2000","550.0000","556.3000","548.0000","554.1000","557.0000","566.8000","544.4000","554.1000"," ","0.0000","0.0000","25834000","14288872100","553.1034"
"20201211","01","11","    72020","JP3137200006","1021.0000","1032.0000","1012.0000","1029.0000","1030.0000","1033.0000","1020.0000","1033.0000","1021.0000","1033.0000","1012.0000","1033.0000"," ","0.0000","0.0000","2948300","3025121000","1026.0560"
"20201211","01","11","    72030","JP3633400001","7602.0000","7813.0000","7583.0000","7812.0000","7788.0000","7820.0000","7740.0000","7820.0000","7602.0000","7820.0000","7583.0000","7820.0000"," ","0.0000","0.0000","15705200","121419517000","7731.1666"
"20201211","01","11","    72050","JP3792600003","1008.0000","1018.0000","995.0000","1004.0000","1003.0000","1015.0000","999.0000","1004.0000","1008.0000","1018.0000","995.0000","1004.0000"," ","0.0000","0.0000","2711100","2726055600","1005.5164"
"20201211","01","11","    72110","JP3899800001","198.0000","198.0000","193.0000","193.0000","193.0000","194.0000","192.0000","194.0000","198.0000","198.0000","192.0000","194.0000"," ","0.0000","0.0000","12710000","2470713500","194.3913"
"20201211","01","11","    72120","JP3166950000","610.0000","630.0000","609.0000","629.0000","629.0000","637.0000","626.0000","637.0000","610.0000","637.0000","609.0000","637.0000"," ","0.0000","0.0000","91600","56956400","621.7948"
"20201211","01","11","    72130","JP3979550005","549.0000","550.0000","546.0000","549.0000","549.0000","550.0000","547.0000","547.0000","549.0000","550.0000","546.0000","547.0000"," ","0.0000","0.0000","16700","9168000","548.9820"
"20201211","01","11","    72140","JP3385860006","676.0000","676.0000","664.0000","667.0000","664.0000","667.0000","658.0000","664.0000","676.0000","676.0000","658.0000","664.0000"," ","0.0000","0.0000","12600","8400300","666.6905"
"20201211","01","11","    72150","JP3802660005","589.0000","597.0000","589.0000","592.0000","591.0000","594.0000","591.0000","591.0000","589.0000","597.0000","589.0000","591.0000"," ","0.0000","0.0000","17800","10525500","591.3202"
"20201211","01","11","    72200","JP3912700006","1566.0000","1582.0000","1549.0000","1565.0000","1561.0000","1582.0000","1550.0000","1580.0000","1566.0000","1582.0000","1549.0000","1580.0000"," ","0.0000","0.0000","190900","298659500","1564.4814"
"20201211","01","11","    72220","JP3672000001","894.0000","903.0000","887.0000","901.0000","897.0000","913.0000","897.0000","912.0000","894.0000","913.0000","887.0000","912.0000"," ","0.0000","0.0000","85700","77420300","903.3874"
"20201211","01","11","    72240","JP3384600007","872.0000","876.0000","868.0000","871.0000","871.0000","877.0000","870.0000","877.0000","872.0000","877.0000","868.0000","877.0000"," ","0.0000","0.0000","231300","201969900","873.1946"
"20201211","01","11","    72260","JP3256900006","1492.0000","1495.0000","1456.0000","1459.0000","1450.0000","1466.0000","1450.0000","1459.0000","1492.0000","1495.0000","1450.0000","1459.0000"," ","0.0000","0.0000","97400","143011600","1468.2916"
"20201211","01","11","    72310","JP3630200008","1269.0000","1274.0000","1227.0000","1227.0000","1225.0000","1232.0000","1220.0000","1227.0000","1269.0000","1274.0000","1220.0000","1227.0000"," ","0.0000","0.0000","45000","55847500","1241.0556"
"20201211","01","11","    72360","JP3620200000","1333.0000","1336.0000","1300.0000","1300.0000","1296.0000","1325.0000","1296.0000","1319.0000","1333.0000","1336.0000","1296.0000","1319.0000"," ","0.0000","0.0000","39100","51489200","1316.8593"
"20201211","01","11","    72380","JP3108400007","133.0000","134.0000","132.0000","133.0000","133.0000","134.0000","132.0000","134.0000","133.0000","134.0000","132.0000","134.0000"," ","0.0000","0.0000","769600","102353200","132.9953"
"20201211","01","11","    72390","JP3465400004","1220.0000","1223.0000","1205.0000","1207.0000","1201.0000","1217.0000","1200.0000","1217.0000","1220.0000","1223.0000","1200.0000","1217.0000"," ","0.0000","0.0000","62600","75997700","1214.0208"
"20201211","01","11","    72400","JP3164800009","1143.0000","1150.0000","1117.0000","1122.0000","1120.0000","1136.0000","1116.0000","1136.0000","1143.0000","1150.0000","1116.0000","1136.0000"," ","0.0000","0.0000","512900","579813000","1130.4601"
"20201211","01","11","    72410","JP3824000008","533.0000","538.0000","526.0000","528.0000","526.0000","532.0000","523.0000","531.0000","533.0000","538.0000","523.0000","531.0000"," ","0.0000","0.0000","153600","81448800","530.2656"
"20201211","01","11","    72420","JP3220200004","2524.0000","2539.0000","2480.0000","2495.0000","2481.0000","2524.0000","2474.0000","2518.0000","2524.0000","2539.0000","2474.0000","2518.0000"," ","0.0000","0.0000","148300","371097900","2502.3459"
"20201211","01","11","    72440","JP3141600001","622.0000","627.0000","605.0000","622.0000","619.0000","629.0000","615.0000","627.0000","622.0000","629.0000","605.0000","627.0000"," ","0.0000","0.0000","254200","157286500","618.7510"
"20201211","01","11","    72450","JP3491800003","464.0000","467.0000","462.0000","462.0000","462.0000","470.0000","462.0000","468.0000","464.0000","470.0000","462.0000","468.0000"," ","0.0000","0.0000","131800","61175000","464.1502"
"20201211","01","11","    72460","JP3833600004","339.0000","339.0000","330.0000","331.0000","330.0000","335.0000","326.0000","335.0000","339.0000","339.0000","326.0000","335.0000"," ","0.0000","0.0000","285600","95362800","333.9034"
"20201211","01","11","    72470","JP3882800000","292.0000","293.0000","287.0000","289.0000","286.0000","296.0000","285.0000","295.0000","292.0000","296.0000","285.0000","295.0000"," ","0.0000","0.0000","74200","21634800","291.5741"
"20201211","01","11","    72500","JP3448400006","1044.0000","1058.0000","1039.0000","1048.0000","1041.0000","1059.0000","1039.0000","1059.0000","1044.0000","1059.0000","1039.0000","1059.0000"," ","0.0000","0.0000","83500","87574000","1048.7904"
"20201211","01","11","    72560","JP3208600001","397.0000","405.0000","395.0000","396.0000","397.0000","397.0000","390.0000","394.0000","397.0000","405.0000","390.0000","394.0000"," ","0.0000","0.0000","364900","145025700","397.4396"
"20201211","01","11","    72590","JP3102000001","3070.0000","3085.0000","3010.0000","3025.0000","3025.0000","3045.0000","3010.0000","3045.0000","3070.0000","3085.0000","3010.0000","3045.0000"," ","0.0000","0.0000","1003900","3052631500","3040.7725"
"20201211","01","11","    72610","JP3868400007","670.0000","673.0000","653.0000","663.0000","663.0000","667.0000","660.0000","663.0000","670.0000","673.0000","653.0000","663.0000"," ","0.0000","0.0000","6844700","4540716800","663.3916"
"20201211","01","11","    72660","JP3149100004","829.0000","839.0000","827.0000","834.0000","832.0000","836.0000","827.0000","830.0000","829.0000","839.0000","827.0000","830.0000"," ","0.0000","0.0000","81300","67624100","831.7847"
"20201211","01","11","    72670","JP3854600008","3084.0000","3105.0000","3034.0000","3044.0000","3035.0000","3070.0000","3030.0000","3064.0000","3084.0000","3105.0000","3030.0000","3064.0000"," ","0.0000","0.0000","5185100","15885540100","3063.6902"
"20201211","01","11","    72690","JP3397200001","5255.0000","5298.0000","5227.0000","5285.0000","5273.0000","5370.0000","5256.0000","5366.0000","5255.0000","5370.0000","5227.0000","5366.0000"," ","0.0000","0.0000","2001700","10601746800","5296.3715"
"20201211","01","11","    72700","JP3814800003","2111.0000","2116.0000","2066.5000","2076.0000","2074.0000","2100.5000","2069.5000","2093.5000","2111.0000","2116.0000","2066.5000","2093.5000"," ","0.0000","0.0000","4802900","10040780850","2090.5663"
"20201211","01","11","    72710","JP3932850005","1380.0000","1398.0000","1342.0000","1354.0000","1359.0000","1365.0000","1350.0000","1362.0000","1380.0000","1398.0000","1342.0000","1362.0000"," ","0.0000","0.0000","42500","57872800","1361.7129"
"20201211","01","11","    72720","JP3942800008","2210.0000","2216.0000","2178.0000","2195.0000","2197.0000","2207.0000","2180.0000","2184.0000","2210.0000","2216.0000","2178.0000","2184.0000"," ","0.0000","0.0000","1751600","3846105500","2195.7670"
"20201211","01","11","    72760","JP3284600008","6850.0000","6980.0000","6840.0000","6930.0000","6880.0000","6960.0000","6880.0000","6930.0000","6850.0000","6980.0000","6840.0000","6930.0000"," ","0.0000","0.0000","438900","3034827000","6914.6206"
"20201211","01","11","    72770","JP3588200000","448.0000","448.0000","444.0000","444.0000","442.0000","446.0000","442.0000","444.0000","448.0000","448.0000","442.0000","444.0000"," ","0.0000","0.0000","17400","7767100","446.3851"
"20201211","01","11","    72780","JP3161160001","1302.0000","1309.0000","1276.0000","1286.0000","1285.0000","1303.0000","1281.0000","1303.0000","1302.0000","1309.0000","1276.0000","1303.0000"," ","0.0000","0.0000","312400","403765000","1292.4616"
"20201211","01","11","    72800","JP3895200008","485.0000","486.0000","467.0000","475.0000","477.0000","480.0000","473.0000","479.0000","485.0000","486.0000","467.0000","479.0000"," ","0.0000","0.0000","105000","49960700","475.8162"
"20201211","01","11","    72820","JP3634200004","2883.0000","2914.0000","2867.0000","2910.0000","2905.0000","2956.0000","2897.0000","2940.0000","2883.0000","2956.0000","2867.0000","2940.0000"," ","0.0000","0.0000","508500","1481268700","2913.0161"
"20201211","01","11","    72830","JP3101600009","476.0000","484.0000","470.0000","478.0000","480.0000","487.0000","476.0000","487.0000","476.0000","487.0000","470.0000","487.0000"," ","0.0000","0.0000","245000","117486900","479.5384"
"20201211","01","11","    72840","JP3920800004","894.0000","894.0000","883.0000","886.0000","886.0000","886.0000","883.0000","883.0000","894.0000","894.0000","883.0000","883.0000"," ","0.0000","0.0000","1800","1604300","891.2778"
"20201211","01","11","    72910","JP3749200006","482.0000","485.0000","479.0000","481.0000","481.0000","488.0000","480.0000","488.0000","482.0000","488.0000","479.0000","488.0000"," ","0.0000","0.0000","50800","24554500","483.3563"
"20201211","01","11","    72940","JP3961400003","1166.0000","1166.0000","1147.0000","1156.0000","1151.0000","1151.0000","1140.0000","1146.0000","1166.0000","1166.0000","1140.0000","1146.0000"," ","0.0000","0.0000","18900","21805000","1153.7037"
"20201211","01","11","    72960","JP3166900005","2033.0000","2033.0000","1998.0000","2011.0000","2001.0000","2037.0000","1991.0000","2034.0000","2033.0000","2037.0000","1991.0000","2034.0000"," ","0.0000","0.0000","185500","374581700","2019.3084"
"20201211","01","11","    73050","JP3125600001","1163.0000","1172.0000","1160.0000","1172.0000","1172.0000","1192.0000","1171.0000","1192.0000","1163.0000","1192.0000","1160.0000","1192.0000"," ","0.0000","0.0000","19800","23202000","1171.8182"
"20201211","01","11","    73090","JP3358000002","24300.0000","24490.0000","24270.0000","24345.0000","24320.0000","24465.0000","24265.0000","24445.0000","24300.0000","24490.0000","24265.0000","24445.0000"," ","0.0000","0.0000","194600","4744474500","24380.6501"
"20201211","01","11","    73130","JP3539230007","3240.0000","3280.0000","3200.0000","3205.0000","3200.0000","3255.0000","3195.0000","3245.0000","3240.0000","3280.0000","3195.0000","3245.0000"," ","0.0000","0.0000","212100","685413000","3231.5559"
"20201211","01","11","    73210","JP3229500008","511.0000","522.0000","511.0000","519.0000","517.0000","528.0000","517.0000","525.0000","511.0000","528.0000","511.0000","525.0000"," ","0.0000","0.0000","421300","218552400","518.7572"
"20201211","01","11","    73220","JP3333500001","1250.0000","1253.0000","1246.0000","1249.0000","1249.0000","1258.0000","1247.0000","1249.0000","1250.0000","1258.0000","1246.0000","1249.0000"," ","0.0000","0.0000","87800","109737300","1249.8554"
"20201211","01","11","    73270","JP3483850008","2385.0000","2385.0000","2346.0000","2356.0000","2356.0000","2377.0000","2345.0000","2374.0000","2385.0000","2385.0000","2345.0000","2374.0000"," ","0.0000","0.0000","86700","205797500","2373.6736"
"20201211","01","11","    73370","JP3796150005","596.0000","601.0000","596.0000","600.0000","600.0000","608.0000","599.0000","608.0000","596.0000","608.0000","596.0000","608.0000"," ","0.0000","0.0000","426600","256215800","600.5996"
"20201211","01","11","    73540","JP3500170000","2900.0000","2930.0000","2880.0000","2881.0000","2881.0000","2881.0000","2827.0000","2862.0000","2900.0000","2930.0000","2827.0000","2862.0000"," ","0.0000","0.0000","137000","394726800","2881.2175"
"20201211","01","11","    74080","JP3390000002","666.0000","666.0000","659.0000","666.0000","666.0000","676.0000","665.0000","675.0000","666.0000","676.0000","659.0000","675.0000"," ","0.0000","0.0000","69400","46297700","667.1138"
"20201211","01","11","    74140","JP3196700003","1209.0000","1215.0000","1208.0000","1211.0000","1208.0000","1215.0000","1203.0000","1214.0000","1209.0000","1215.0000","1203.0000","1214.0000"," ","0.0000","0.0000","15100","18262900","1209.4636"
"20201211","01","11","    74160","JP3773600006","688.0000","688.0000","684.0000","684.0000","684.0000","688.0000","684.0000","686.0000","688.0000","688.0000","684.0000","686.0000"," ","0.0000","0.0000","10000","6868800","686.8800"
"20201211","01","11","    74170","JP3653700009","1616.0000","1621.0000","1595.0000","1621.0000","1617.0000","1645.0000","1601.0000","1645.0000","1616.0000","1645.0000","1595.0000","1645.0000"," ","0.0000","0.0000","11100","17896100","1612.2613"
"20201211","01","11","    74190","JP3761600000","2650.0000","2671.0000","2648.0000","2651.0000","2651.0000","2684.0000","2646.0000","2684.0000","2650.0000","2684.0000","2646.0000","2684.0000"," ","0.0000","0.0000","87300","232414400","2662.2497"
"20201211","01","11","    74200","JP3322300009","806.0000","806.0000","795.0000","802.0000","802.0000","803.0000","792.0000","803.0000","806.0000","806.0000","792.0000","803.0000"," ","0.0000","0.0000","23000","18409700","800.4217"
"20201211","01","11","    74210","JP3212400000","1460.0000","1467.0000","1452.0000","1456.0000","1453.0000","1468.0000","1448.0000","1464.0000","1460.0000","1468.0000","1448.0000","1464.0000"," ","0.0000","0.0000","55500","81005100","1459.5514"
"20201211","01","11","    74270","JP3161170000","659.0000","660.0000","650.0000","658.0000","652.0000","666.0000","652.0000","666.0000","659.0000","666.0000","650.0000","666.0000"," ","0.0000","0.0000","13500","8877600","657.6000"
"20201211","01","11","    74330","JP3766400000","1068.0000","1075.0000","1060.0000","1062.0000","1059.0000","1067.0000","1057.0000","1063.0000","1068.0000","1075.0000","1057.0000","1063.0000"," ","0.0000","0.0000","56300","59840700","1062.8899"
"20201211","01","11","    74380","JP3306050000","1029.0000","1044.0000","1024.0000","1044.0000","1044.0000","1064.0000","1041.0000","1055.0000","1029.0000","1064.0000","1024.0000","1055.0000"," ","0.0000","0.0000","18700","19407200","1037.8182"
"20201211","01","11","    74420","JP3646600001","547.0000","564.0000","546.0000","560.0000","560.0000","575.0000","558.0000","575.0000","547.0000","575.0000","546.0000","575.0000"," ","0.0000","0.0000","92800","51840400","558.6250"
"20201211","01","11","    74450","JP3965600004","609.0000","617.0000","608.0000","617.0000","617.0000","618.0000","613.0000","615.0000","609.0000","618.0000","608.0000","615.0000"," ","0.0000","0.0000","36000","22064400","612.9000"
"20201211","01","11","    74470","JP3647000003","2679.0000","2705.0000","2663.0000","2672.0000","2642.0000","2672.0000","2640.0000","2664.0000","2679.0000","2705.0000","2640.0000","2664.0000"," ","0.0000","0.0000","44000","117200600","2663.6500"
"20201211","01","11","    74480","JP3385920008","316.0000","324.0000","311.0000","320.0000","320.0000","339.0000","319.0000","323.0000","316.0000","339.0000","311.0000","323.0000"," ","0.0000","0.0000","366300","117576400","320.9839"
"20201211","01","11","    74510","JP3976000004","2784.0000","2806.0000","2781.0000","2799.0000","2799.0000","2811.0000","2796.0000","2811.0000","2784.0000","2811.0000","2781.0000","2811.0000"," ","0.0000","0.0000","55300","154692500","2797.3327"
"20201211","01","11","    74530","JP3976300008","1978.0000","1998.0000","1973.0000","1992.0000","1992.0000","2004.0000","1989.0000","2003.0000","1978.0000","2004.0000","1973.0000","2003.0000"," ","0.0000","0.0000","1546700","3080734400","1991.8112"
"20201211","01","11","    74550","JP3882600004","299.0000","299.0000","293.0000","295.0000","296.0000","303.0000","296.0000","303.0000","299.0000","303.0000","293.0000","303.0000"," ","0.0000","0.0000","45200","13476400","298.1504"
"20201211","01","11","    74560","JP3868500004","1819.0000","1841.0000","1819.0000","1825.0000","1825.0000","1828.0000","1803.0000","1814.0000","1819.0000","1841.0000","1803.0000","1814.0000"," ","0.0000","0.0000","49300","89771700","1820.9270"
"20201211","01","11","    74580","JP3475200006","3680.0000","3715.0000","3660.0000","3660.0000","3640.0000","3680.0000","3635.0000","3665.0000","3680.0000","3715.0000","3635.0000","3665.0000"," ","0.0000","0.0000","117200","430441000","3672.7048"
"20201211","01","11","    74590","JP3268950007","2047.0000","2060.0000","2038.0000","2040.0000","2033.0000","2055.0000","2030.0000","2055.0000","2047.0000","2060.0000","2030.0000","2055.0000"," ","0.0000","0.0000","563000","1153698700","2049.1984"
"20201211","01","11","    74630","JP3121950004","1306.0000","1320.0000","1303.0000","1316.0000","1313.0000","1322.0000","1306.0000","1308.0000","1306.0000","1322.0000","1303.0000","1308.0000"," ","0.0000","0.0000","74300","97543400","1312.8318"
"20201211","01","11","    74660","JP3163800000","1298.0000","1298.0000","1280.0000","1289.0000","1290.0000","1301.0000","1290.0000","1297.0000","1298.0000","1301.0000","1280.0000","1297.0000"," ","0.0000","0.0000","18200","23564200","1294.7363"
"20201211","01","11","    74670","JP3765600006","2483.0000","2497.0000","2471.0000","2480.0000","2480.0000","2492.0000","2472.0000","2472.0000","2483.0000","2497.0000","2471.0000","2472.0000"," ","0.0000","0.0000","11300","28047000","2482.0354"
"20201211","01","11","    74750","JP3126300007","2490.0000","2506.0000","2474.0000","2487.0000","2487.0000","2539.0000","2487.0000","2539.0000","2490.0000","2539.0000","2474.0000","2539.0000"," ","0.0000","0.0000","19200","48026700","2501.3906"
"20201211","01","11","    74760","JP3131300000","14300.0000","14450.0000","14230.0000","14370.0000","14400.0000","14610.0000","14310.0000","14610.0000","14300.0000","14610.0000","14230.0000","14610.0000"," ","0.0000","0.0000","45400","654852000","14424.0529"
"20201211","01","11","    74800","JP3398400006","1240.0000","1240.0000","1210.0000","1236.0000","1226.0000","1235.0000","1226.0000","1230.0000","1240.0000","1240.0000","1210.0000","1230.0000"," ","0.0000","0.0000","15100","18594600","1231.4305"
"20201211","01","11","    74810","JP3174150007","1454.0000","1468.0000","1454.0000","1466.0000","1460.0000","1460.0000","1423.0000","1444.0000","1454.0000","1468.0000","1423.0000","1444.0000"," ","0.0000","0.0000","10700","15521800","1450.6355"
"20201211","01","11","    74820","JP3359500000","1376.0000","1389.0000","1376.0000","1380.0000","1380.0000","1410.0000","1377.0000","1409.0000","1376.0000","1410.0000","1376.0000","1409.0000"," ","0.0000","0.0000","15400","21271700","1381.2792"
"20201211","01","11","    74830","JP3638000004","1925.0000","1934.0000","1915.0000","1916.0000","1901.0000","1933.0000","1901.0000","1933.0000","1925.0000","1934.0000","1901.0000","1933.0000"," ","0.0000","0.0000","39400","75781800","1923.3959"
"20201211","01","11","    74870","JP3196650000","1872.0000","1880.0000","1872.0000","1873.0000","1861.0000","1871.0000","1861.0000","1871.0000","1872.0000","1880.0000","1861.0000","1871.0000"," ","0.0000","0.0000","5000","9363800","1872.7600"
"20201211","01","11","    74940","JP3300000001","272.0000","273.0000","270.0000","273.0000","273.0000","274.0000","270.0000","270.0000","272.0000","274.0000","270.0000","270.0000"," ","0.0000","0.0000","132500","35969300","271.4664"
"20201211","01","11","    75040","JP3288900008","1600.0000","1609.0000","1592.0000","1606.0000","1600.0000","1630.0000","1600.0000","1626.0000","1600.0000","1630.0000","1592.0000","1626.0000"," ","0.0000","0.0000","17300","27859200","1610.3584"
"20201211","01","11","    75060","JP3765300003","1630.0000","1648.0000","1625.0000","1639.0000","1639.0000","1645.0000","1638.0000","1641.0000","1630.0000","1648.0000","1625.0000","1641.0000"," ","0.0000","0.0000","3400","5560000","1635.2941"
"20201211","01","11","    75080","JP3172450003","2300.0000","2307.0000","2260.0000","2274.0000","2277.0000","2306.0000","2271.0000","2306.0000","2300.0000","2307.0000","2260.0000","2306.0000"," ","0.0000","0.0000","64800","148023300","2284.3102"
"20201211","01","11","    75100","JP3463100002","1569.0000","1569.0000","1558.0000","1569.0000","1568.0000","1568.0000","1565.0000","1565.0000","1569.0000","1569.0000","1558.0000","1565.0000"," ","0.0000","0.0000","5800","9087600","1566.8276"
"20201211","01","11","    75120","JP3860270002","952.0000","954.0000","938.0000","940.0000","940.0000","949.0000","938.0000","946.0000","952.0000","954.0000","938.0000","946.0000"," ","0.0000","0.0000","42000","39790200","947.3857"
"20201211","01","11","    75130","JP3297380002","709.0000","727.0000","708.0000","726.0000","723.0000","729.0000","720.0000","729.0000","709.0000","729.0000","708.0000","729.0000"," ","0.0000","0.0000","205600","148181600","720.7276"
"20201211","01","11","    75140","JP3793500004","950.0000","960.0000","945.0000","959.0000","953.0000","959.0000","949.0000","959.0000","950.0000","960.0000","945.0000","959.0000"," ","0.0000","0.0000","20200","19250600","953.0000"
"20201211","01","11","    75160","JP3283750002","3140.0000","3155.0000","3110.0000","3145.0000","3140.0000","3195.0000","3120.0000","3195.0000","3140.0000","3195.0000","3110.0000","3195.0000"," ","0.0000","0.0000","156500","494111500","3157.2620"
"20201211","01","11","    75180","JP3758200004","3680.0000","3730.0000","3675.0000","3715.0000","3715.0000","3755.0000","3715.0000","3755.0000","3680.0000","3755.0000","3675.0000","3755.0000"," ","0.0000","0.0000","624100","2321735000","3720.1330"
"20201211","01","11","    75200","JP3161180009","2096.0000","2104.0000","2080.0000","2082.0000","2083.0000","2120.0000","2082.0000","2113.0000","2096.0000","2120.0000","2080.0000","2113.0000"," ","0.0000","0.0000","33700","70614500","2095.3858"
"20201211","01","11","    75220","JP3993900004","894.0000","898.0000","888.0000","892.0000","893.0000","900.0000","892.0000","900.0000","894.0000","900.0000","888.0000","900.0000"," ","0.0000","0.0000","140900","126027400","894.4457"
"20201211","01","11","    75240","JP3875000006","499.0000","500.0000","497.0000","498.0000","499.0000","503.0000","499.0000","502.0000","499.0000","503.0000","497.0000","502.0000"," ","0.0000","0.0000","18500","9242400","499.5892"
"20201211","01","11","    75250","JP3974500005","1687.0000","1687.0000","1615.0000","1649.0000","1649.0000","1683.0000","1649.0000","1680.0000","1687.0000","1687.0000","1615.0000","1680.0000"," ","0.0000","0.0000","8800","14663700","1666.3295"
"20201211","01","11","    75270","JP3351000009","90.0000","90.0000","89.0000","90.0000","89.0000","91.0000","89.0000","91.0000","90.0000","91.0000","89.0000","91.0000"," ","0.0000","0.0000","153900","13802400","89.6842"
"20201211","01","11","    75320","JP3639650005","2464.0000","2474.0000","2430.0000","2433.0000","2429.0000","2444.0000","2424.0000","2441.0000","2464.0000","2474.0000","2424.0000","2441.0000"," ","0.0000","0.0000","1089700","2663216300","2443.9904"
"20201211","01","11","    75370","JP3877500003","530.0000","532.0000","525.0000","527.0000","527.0000","527.0000","525.0000","525.0000","530.0000","532.0000","525.0000","525.0000"," ","0.0000","0.0000","60400","31867200","527.6026"
"20201211","01","11","    75450","JP3659300002","1474.0000","1506.0000","1472.0000","1494.0000","1494.0000","1499.0000","1473.0000","1499.0000","1474.0000","1506.0000","1472.0000","1499.0000"," ","0.0000","0.0000","977300","1457001400","1490.8435"
"20201211","01","11","    75500","JP3429300001","2644.0000","2666.0000","2638.0000","2663.0000","2657.0000","2681.0000","2653.0000","2681.0000","2644.0000","2681.0000","2638.0000","2681.0000"," ","0.0000","0.0000","182400","485221900","2660.2078"
"20201211","01","11","    75520","JP3770300006","1518.0000","1538.0000","1515.0000","1523.0000","1520.0000","1547.0000","1513.0000","1542.0000","1518.0000","1547.0000","1513.0000","1542.0000"," ","0.0000","0.0000","128500","196255900","1527.2833"
"20201211","01","11","    75540","JP3292400003","1754.0000","1755.0000","1732.0000","1739.0000","1734.0000","1751.0000","1730.0000","1751.0000","1754.0000","1755.0000","1730.0000","1751.0000"," ","0.0000","0.0000","80500","140359400","1743.5950"
"20201211","01","11","    75610","JP3765100007","896.0000","900.0000","895.0000","897.0000","897.0000","900.0000","895.0000","900.0000","896.0000","900.0000","895.0000","900.0000"," ","0.0000","0.0000","14200","12745000","897.5352"
"20201211","01","11","    75700","JP3768000006","2650.0000","2690.0000","2650.0000","2675.0000","2674.0000","2800.0000","2674.0000","2743.0000","2650.0000","2800.0000","2650.0000","2743.0000"," ","0.0000","0.0000","7600","20396500","2683.7500"
"20201211","01","11","    75750","JP3754500001","1618.0000","1624.0000","1612.0000","1620.0000","1619.0000","1634.0000","1615.0000","1622.0000","1618.0000","1634.0000","1612.0000","1622.0000"," ","0.0000","0.0000","313500","508295900","1621.3585"
"20201211","01","11","    75810","JP3310500008","1903.0000","1910.0000","1897.0000","1904.0000","1904.0000","1920.0000","1900.0000","1917.0000","1903.0000","1920.0000","1897.0000","1917.0000"," ","0.0000","0.0000","137500","262362000","1908.0873"
"20201211","01","11","    75900","JP3456500002","800.0000","814.0000","799.0000","810.0000","810.0000","828.0000","806.0000","822.0000","800.0000","828.0000","799.0000","822.0000"," ","0.0000","0.0000","346300","279191300","806.2122"
"20201211","01","11","    75930","JP3854700006","386.0000","388.0000","381.0000","384.0000","383.0000","389.0000","383.0000","388.0000","386.0000","389.0000","381.0000","388.0000"," ","0.0000","0.0000","180100","69399600","385.3393"
"20201211","01","11","    75940","JP3873000008","1920.0000","1929.0000","1911.0000","1925.0000","1925.0000","1964.0000","1914.0000","1964.0000","1920.0000","1964.0000","1911.0000","1964.0000"," ","0.0000","0.0000","11800","22783800","1930.8305"
"20201211","01","11","    75950","JP3126110000","3010.0000","3070.0000","3005.0000","3065.0000","3050.0000","3070.0000","3040.0000","3060.0000","3010.0000","3070.0000","3005.0000","3060.0000"," ","0.0000","0.0000","42300","128853000","3046.1702"
"20201211","01","11","    75960","JP3155800000","1800.0000","1836.0000","1797.0000","1813.0000","1808.0000","1840.0000","1796.0000","1839.0000","1800.0000","1840.0000","1796.0000","1839.0000"," ","0.0000","0.0000","17200","31277500","1818.4593"
"20201211","01","11","    75990","JP3235700006","572.0000","572.0000","555.0000","560.0000","559.0000","559.0000","554.0000","554.0000","572.0000","572.0000","554.0000","554.0000"," ","0.0000","0.0000","418400","233918200","559.0779"
"20201211","01","11","    76000","JP3689100000","2342.0000","2390.0000","2342.0000","2367.0000","2370.0000","2399.0000","2364.0000","2397.0000","2342.0000","2399.0000","2342.0000","2397.0000"," ","0.0000","0.0000","45400","108039200","2379.7181"
"20201211","01","11","    76010","JP3856600006","392.0000","393.0000","390.0000","392.0000","392.0000","394.0000","392.0000","394.0000","392.0000","394.0000","390.0000","394.0000"," ","0.0000","0.0000","6500","2550100","392.3231"
"20201211","01","11","    76050","JP3812300006","2184.0000","2236.0000","2184.0000","2236.0000","2211.0000","2245.0000","2185.0000","2219.0000","2184.0000","2245.0000","2184.0000","2219.0000"," ","0.0000","0.0000","27100","59793500","2206.4022"
"20201211","01","11","    76060","JP3949400000","1572.0000","1582.0000","1559.0000","1563.0000","1566.0000","1566.0000","1547.0000","1550.0000","1572.0000","1582.0000","1547.0000","1550.0000"," ","0.0000","0.0000","169100","263543900","1558.5092"
"20201211","01","11","    76070","JP3384710004","2207.0000","2210.0000","2168.0000","2187.0000","2197.0000","2223.0000","2180.0000","2221.0000","2207.0000","2223.0000","2168.0000","2221.0000"," ","0.0000","0.0000","18300","40273700","2200.7486"
"20201211","01","11","    76080","JP3162670008","438.0000","458.0000","433.0000","447.0000","448.0000","465.0000","445.0000","452.0000","438.0000","465.0000","433.0000","452.0000"," ","0.0000","0.0000","549700","248718600","452.4624"
"20201211","01","11","    76090","JP3487600003","1536.0000","1540.0000","1530.0000","1530.0000","1526.0000","1563.0000","1525.0000","1556.0000","1536.0000","1563.0000","1525.0000","1556.0000"," ","0.0000","0.0000","17700","27238700","1538.9096"
"20201211","01","11","    76110","JP3765180009","1747.0000","1755.0000","1730.0000","1732.0000","1727.0000","1742.0000","1724.0000","1740.0000","1747.0000","1755.0000","1724.0000","1740.0000"," ","0.0000","0.0000","41700","72501500","1738.6451"
"20201211","01","11","    76130","JP3346700002","1597.0000","1622.0000","1581.0000","1587.0000","1580.0000","1598.0000","1577.0000","1596.0000","1597.0000","1622.0000","1577.0000","1596.0000"," ","0.0000","0.0000","197800","315272700","1593.8964"
"20201211","01","11","    76150","JP3250600008","226.0000","226.0000","223.0000","225.0000","224.0000","225.0000","224.0000","225.0000","226.0000","226.0000","223.0000","225.0000"," ","0.0000","0.0000","18700","4208500","225.0535"
"20201211","01","11","    76160","JP3305970000","1615.0000","1625.0000","1600.0000","1604.0000","1604.0000","1621.0000","1599.0000","1620.0000","1615.0000","1625.0000","1599.0000","1620.0000"," ","0.0000","0.0000","286800","462320000","1611.9944"
"20201211","01","11","    76180","JP3801520002","591.0000","593.0000","586.0000","586.0000","585.0000","592.0000","583.0000","592.0000","591.0000","593.0000","583.0000","592.0000"," ","0.0000","0.0000","57000","33523300","588.1281"
"20201211","01","11","    76190","JP3468820000","691.0000","691.0000","691.0000","691.0000","691.0000","695.0000","691.0000","694.0000","691.0000","695.0000","691.0000","694.0000"," ","0.0000","0.0000","4900","3388000","691.4286"
"20201211","01","11","    76280","JP3173100003","1363.0000","1392.0000","1363.0000","1388.0000","1395.0000","1449.0000","1388.0000","1449.0000","1363.0000","1449.0000","1363.0000","1449.0000"," ","0.0000","0.0000","21600","30122400","1394.5556"
"20201211","01","11","    76300","JP3142150006","5080.0000","5110.0000","5050.0000","5050.0000","5050.0000","5100.0000","5030.0000","5090.0000","5080.0000","5110.0000","5030.0000","5090.0000"," ","0.0000","0.0000","28200","142923000","5068.1915"
"20201211","01","11","    76370","JP3766500007","1430.0000","1442.0000","1430.0000","1441.0000","1439.0000","1480.0000","1439.0000","1477.0000","1430.0000","1480.0000","1430.0000","1477.0000"," ","0.0000","0.0000","14300","20701500","1447.6573"
"20201211","01","11","    76400","JP3629250006","373.0000","379.0000","355.0000","358.0000","358.0000","361.0000","358.0000","361.0000","373.0000","379.0000","355.0000","361.0000"," ","0.0000","0.0000","98900","36301800","367.0556"
"20201211","01","11","    76460","JP3895000002","742.0000","750.0000","739.0000","747.0000","747.0000","747.0000","741.0000","741.0000","742.0000","750.0000","739.0000","741.0000"," ","0.0000","0.0000","11100","8249800","743.2252"
"20201211","01","11","    76490","JP3397060009","6990.0000","7070.0000","6980.0000","7030.0000","7030.0000","7150.0000","7020.0000","7150.0000","6990.0000","7150.0000","6980.0000","7150.0000"," ","0.0000","0.0000","243800","1725497000","7077.5103"
"20201211","01","11","    76730","JP3482700006","1340.0000","1359.0000","1337.0000","1349.0000","1345.0000","1370.0000","1345.0000","1363.0000","1340.0000","1370.0000","1337.0000","1363.0000"," ","0.0000","0.0000","21600","29223300","1352.9306"
"20201211","01","11","    76790","JP3931410009","2440.0000","2451.0000","2415.0000","2422.0000","2420.0000","2454.0000","2405.0000","2451.0000","2440.0000","2454.0000","2405.0000","2451.0000"," ","0.0000","0.0000","38800","94274400","2429.7526"
"20201211","01","11","    77010","JP3357200009","3770.0000","3775.0000","3715.0000","3720.0000","3735.0000","3790.0000","3730.0000","3775.0000","3770.0000","3790.0000","3715.0000","3775.0000"," ","0.0000","0.0000","608900","2291548000","3763.4226"
"20201211","01","11","    77020","JP3386050003","897.0000","906.0000","885.0000","888.0000","889.0000","903.0000","885.0000","903.0000","897.0000","906.0000","885.0000","903.0000"," ","0.0000","0.0000","180600","161689100","895.2885"
"20201211","01","11","    77090","JP3266600000","398.0000","406.0000","394.0000","403.0000","402.0000","404.0000","396.0000","404.0000","398.0000","406.0000","394.0000","404.0000"," ","0.0000","0.0000","74700","29885000","400.0669"
"20201211","01","11","    77150","JP3648350001","890.0000","893.0000","857.0000","871.0000","871.0000","871.0000","855.0000","871.0000","890.0000","893.0000","855.0000","871.0000"," ","0.0000","0.0000","165800","144027900","868.6846"
"20201211","01","11","    77170","JP3829900004","5510.0000","5670.0000","5500.0000","5640.0000","5640.0000","5650.0000","5600.0000","5630.0000","5510.0000","5670.0000","5500.0000","5630.0000"," ","0.0000","0.0000","109500","615228000","5618.5205"
"20201211","01","11","    77180","JP3399000003","1700.0000","1706.0000","1688.0000","1690.0000","1684.0000","1692.0000","1676.0000","1692.0000","1700.0000","1706.0000","1676.0000","1692.0000"," ","0.0000","0.0000","191800","324515600","1691.9479"
"20201211","01","11","    77210","JP3624000000","948.0000","956.0000","946.0000","949.0000","948.0000","957.0000","946.0000","955.0000","948.0000","957.0000","946.0000","955.0000"," ","0.0000","0.0000","43500","41385100","951.3816"
"20201211","01","11","    77230","JP3104400001","4395.0000","4405.0000","4395.0000","4405.0000","4420.0000","4430.0000","4420.0000","4430.0000","4395.0000","4430.0000","4395.0000","4430.0000"," ","0.0000","0.0000","2000","8809500","4404.7500"
"20201211","01","11","    77250","JP3152720003","2023.0000","2051.0000","1991.0000","1993.0000","1990.0000","1994.0000","1979.0000","1985.0000","2023.0000","2051.0000","1979.0000","1985.0000"," ","0.0000","0.0000","116100","232815100","2005.2980"
"20201211","01","11","    77270","JP3173200001","342.0000","351.0000","325.0000","335.0000","330.0000","353.0000","330.0000","334.0000","342.0000","353.0000","325.0000","334.0000"," ","0.0000","0.0000","1711700","579431400","338.5122"
"20201211","01","11","    77290","JP3580200008","4845.0000","4905.0000","4800.0000","4855.0000","4835.0000","4895.0000","4830.0000","4870.0000","4845.0000","4905.0000","4800.0000","4870.0000"," ","0.0000","0.0000","268300","1303588000","4858.6955"
"20201211","01","11","    77300","JP3869920003","2571.0000","2593.0000","2555.0000","2558.0000","2558.0000","2569.0000","2545.0000","2569.0000","2571.0000","2593.0000","2545.0000","2569.0000"," ","0.0000","0.0000","240800","617453100","2564.1740"
"20201211","01","11","    77310","JP3657400002","680.0000","692.0000","672.0000","686.0000","686.0000","693.0000","683.0000","692.0000","680.0000","693.0000","672.0000","692.0000"," ","0.0000","0.0000","4104900","2812675600","685.1995"
"20201211","01","11","    77320","JP3630400004","1310.0000","1315.0000","1283.0000","1291.0000","1285.0000","1286.0000","1275.0000","1281.0000","1310.0000","1315.0000","1275.0000","1281.0000"," ","0.0000","0.0000","523300","674739100","1289.3925"
"20201211","01","11","    77330","JP3201200007","2220.0000","2222.5000","2170.0000","2186.0000","2185.5000","2207.5000","2182.0000","2201.0000","2220.0000","2222.5000","2170.0000","2201.0000"," ","0.0000","0.0000","3678900","8115724550","2206.0193"
"20201211","01","11","    77340","JP3971000009","2907.0000","2935.0000","2887.0000","2915.0000","2928.0000","2949.0000","2924.0000","2938.0000","2907.0000","2949.0000","2887.0000","2938.0000"," ","0.0000","0.0000","18400","53757300","2921.5924"
"20201211","01","11","    77350","JP3494600004","7220.0000","7260.0000","6960.0000","6990.0000","6990.0000","7070.0000","6940.0000","7060.0000","7220.0000","7260.0000","6940.0000","7060.0000"," ","0.0000","0.0000","922100","6507042000","7056.7639"
"20201211","01","11","    77390","JP3243200007","1527.0000","1533.0000","1512.0000","1514.0000","1513.0000","1514.0000","1502.0000","1512.0000","1527.0000","1533.0000","1502.0000","1512.0000"," ","0.0000","0.0000","56400","85489000","1515.7624"
"20201211","01","11","    77400","JP3471800007","1711.0000","1743.0000","1711.0000","1735.0000","1734.0000","1747.0000","1728.0000","1747.0000","1711.0000","1747.0000","1711.0000","1747.0000"," ","0.0000","0.0000","74900","129650000","1730.9746"
"20201211","01","11","    77410","JP3837800006","12975.0000","13080.0000","12935.0000","13000.0000","12950.0000","13165.0000","12925.0000","13080.0000","12975.0000","13165.0000","12925.0000","13080.0000"," ","0.0000","0.0000","1170600","15255497000","13032.2031"
"20201211","01","11","    77430","JP3347000006","620.0000","620.0000","604.0000","612.0000","610.0000","611.0000","605.0000","608.0000","620.0000","620.0000","604.0000","608.0000"," ","0.0000","0.0000","71700","43844000","611.4923"
"20201211","01","11","    77440","JP3759500006","2443.0000","2485.0000","2429.0000","2478.0000","2483.0000","2485.0000","2452.0000","2482.0000","2443.0000","2485.0000","2429.0000","2482.0000"," ","0.0000","0.0000","127200","313166700","2462.0024"
"20201211","01","11","    77450","JP3160130005","1021.0000","1036.0000","998.0000","1031.0000","1027.0000","1036.0000","1013.0000","1036.0000","1021.0000","1036.0000","998.0000","1036.0000"," ","0.0000","0.0000","164300","167655600","1020.4236"
"20201211","01","11","    77470","JP3110650003","3630.0000","3675.0000","3585.0000","3590.0000","3585.0000","3625.0000","3585.0000","3610.0000","3630.0000","3675.0000","3585.0000","3610.0000"," ","0.0000","0.0000","537300","1942282000","3614.8930"
"20201211","01","11","    77510","JP3242800005","2091.0000","2091.0000","2048.5000","2056.5000","2053.5000","2059.5000","2042.0000","2043.0000","2091.0000","2091.0000","2042.0000","2043.0000"," ","0.0000","0.0000","5796600","11965100050","2064.1583"
"20201211","01","11","    77520","JP3973400009","755.0000","759.0000","747.0000","748.0000","747.0000","749.0000","745.0000","747.0000","755.0000","759.0000","745.0000","747.0000"," ","0.0000","0.0000","4441700","3333780900","750.5642"
"20201211","01","11","    77620","JP3352400000","298.0000","302.0000","297.0000","297.0000","297.0000","300.0000","295.0000","299.0000","298.0000","302.0000","295.0000","299.0000"," ","0.0000","0.0000","2760900","823701800","298.3454"
"20201211","01","11","    77690","JP3974200002","614.0000","619.0000","614.0000","619.0000","621.0000","622.0000","618.0000","622.0000","614.0000","622.0000","614.0000","622.0000"," ","0.0000","0.0000","14200","8758200","616.7746"
"20201211","01","11","    77750","JP3482500000","525.0000","526.0000","520.0000","523.0000","523.0000","528.0000","522.0000","524.0000","525.0000","528.0000","520.0000","524.0000"," ","0.0000","0.0000","62000","32467900","523.6758"
"20201211","01","11","    77800","JP3921270009","6350.0000","6430.0000","6330.0000","6370.0000","6370.0000","6370.0000","6320.0000","6350.0000","6350.0000","6430.0000","6320.0000","6350.0000"," ","0.0000","0.0000","116900","744039000","6364.7476"
"20201211","01","11","    77820","JP3376500009","398.0000","399.0000","398.0000","399.0000","397.0000","397.0000","378.0000","378.0000","398.0000","399.0000","378.0000","378.0000"," ","0.0000","0.0000","13100","5076500","387.5191"
"20201211","01","11","    78110","JP3646100002","1565.0000","1565.0000","1547.0000","1547.0000","1549.0000","1552.0000","1548.0000","1552.0000","1565.0000","1565.0000","1547.0000","1552.0000"," ","0.0000","0.0000","5200","8104800","1558.6154"
"20201211","01","11","    78160","JP3399770001","1780.0000","1843.0000","1767.0000","1835.0000","1835.0000","1836.0000","1812.0000","1836.0000","1780.0000","1843.0000","1767.0000","1836.0000"," ","0.0000","0.0000","428900","780302100","1819.3101"
"20201211","01","11","    78170","JP3781620004","4400.0000","4480.0000","4400.0000","4470.0000","4410.0000","4485.0000","4410.0000","4480.0000","4400.0000","4485.0000","4400.0000","4480.0000"," ","0.0000","0.0000","47900","212571500","4437.8184"
"20201211","01","11","    78180","JP3635670007","917.0000","934.0000","917.0000","921.0000","917.0000","928.0000","917.0000","926.0000","917.0000","934.0000","917.0000","926.0000"," ","0.0000","0.0000","94200","86997000","923.5350"
"20201211","01","11","    78190","JP3360150001","395.0000","400.0000","395.0000","399.0000","397.0000","399.0000","393.0000","393.0000","395.0000","400.0000","393.0000","393.0000"," ","0.0000","0.0000","11000","4363000","396.6364"
"20201211","01","11","    78200","JP3756230003","1278.0000","1291.0000","1267.0000","1286.0000","1286.0000","1301.0000","1284.0000","1291.0000","1278.0000","1301.0000","1267.0000","1291.0000"," ","0.0000","0.0000","76500","98236900","1284.1425"
"20201211","01","11","    78210","JP3861250003","2546.0000","2583.0000","2546.0000","2578.0000","2578.0000","2610.0000","2573.0000","2610.0000","2546.0000","2610.0000","2546.0000","2610.0000"," ","0.0000","0.0000","65700","169425000","2578.7671"
"20201211","01","11","    78220","JP3160840009","285.0000","287.0000","285.0000","286.0000","285.0000","288.0000","285.0000","288.0000","285.0000","288.0000","285.0000","288.0000"," ","0.0000","0.0000","26600","7603300","285.8383"
"20201211","01","11","    78230","JP3100210008","664.0000","666.0000","659.0000","665.0000","662.0000","665.0000","660.0000","664.0000","664.0000","666.0000","659.0000","664.0000"," ","0.0000","0.0000","33300","22100200","663.6697"
"20201211","01","11","    78320","JP3778630008","9450.0000","9568.0000","9424.0000","9555.0000","9548.0000","9568.0000","9507.0000","9557.0000","9450.0000","9568.0000","9424.0000","9557.0000"," ","0.0000","0.0000","935000","8878818900","9496.0630"
"20201211","01","11","    78330","JP3105070001","791.0000","811.0000","790.0000","811.0000","811.0000","817.0000","808.0000","816.0000","791.0000","817.0000","790.0000","816.0000"," ","0.0000","0.0000","28200","22498600","797.8227"
"20201211","01","11","    78380","JP3253700003","124.0000","124.0000","123.0000","124.0000","124.0000","125.0000","123.0000","124.0000","124.0000","125.0000","123.0000","124.0000"," ","0.0000","0.0000","84700","10508200","124.0638"
"20201211","01","11","    78390","JP3360900009","3605.0000","3670.0000","3605.0000","3670.0000","3650.0000","3655.0000","3625.0000","3655.0000","3605.0000","3670.0000","3605.0000","3655.0000"," ","0.0000","0.0000","46000","167327000","3637.5435"
"20201211","01","11","    78400","JP3826500005","878.0000","889.0000","874.0000","881.0000","881.0000","896.0000","880.0000","896.0000","878.0000","896.0000","874.0000","896.0000"," ","0.0000","0.0000","72800","64293200","883.1484"
"20201211","01","11","    78440","JP3860230006","840.0000","850.0000","838.0000","847.0000","846.0000","850.0000","839.0000","850.0000","840.0000","850.0000","838.0000","850.0000"," ","0.0000","0.0000","256400","216429400","844.1084"
"20201211","01","11","    78460","JP3780610006","2968.0000","2977.0000","2952.0000","2956.0000","2956.0000","2982.0000","2955.0000","2982.0000","2968.0000","2982.0000","2952.0000","2982.0000"," ","0.0000","0.0000","117100","347461800","2967.2229"
"20201211","01","11","    78560","JP3765500008","1509.0000","1515.0000","1492.0000","1495.0000","1493.0000","1501.0000","1491.0000","1496.0000","1509.0000","1515.0000","1491.0000","1496.0000"," ","0.0000","0.0000","40800","61280900","1501.9828"
"20201211","01","11","    78600","JP3160950006","994.0000","1012.0000","990.0000","1010.0000","1008.0000","1025.0000","1006.0000","1025.0000","994.0000","1025.0000","990.0000","1025.0000"," ","0.0000","0.0000","149600","151070000","1009.8262"
"20201211","01","11","    78620","JP3629200001","1050.0000","1055.0000","1050.0000","1051.0000","1051.0000","1056.0000","1050.0000","1051.0000","1050.0000","1056.0000","1050.0000","1051.0000"," ","0.0000","0.0000","98900","104018800","1051.7573"
"20201211","01","11","    78640","JP3813800004","2000.0000","2021.0000","1996.0000","2003.0000","1998.0000","2022.0000","1993.0000","2022.0000","2000.0000","2022.0000","1993.0000","2022.0000"," ","0.0000","0.0000","170300","341948100","2007.9160"
"20201211","01","11","    78670","JP3630550006","948.0000","950.0000","944.0000","948.0000","950.0000","955.0000","947.0000","954.0000","948.0000","955.0000","944.0000","954.0000"," ","0.0000","0.0000","322700","306436600","949.6021"
"20201211","01","11","    78680","JP3287700003","685.0000","685.0000","681.0000","683.0000","681.0000","692.0000","679.0000","690.0000","685.0000","692.0000","679.0000","690.0000"," ","0.0000","0.0000","31000","21228800","684.8000"
"20201211","01","11","    78720","JP3163000007","628.0000","629.0000","623.0000","623.0000","622.0000","625.0000","622.0000","622.0000","628.0000","629.0000","622.0000","622.0000"," ","0.0000","0.0000","7300","4571800","626.2740"
"20201211","01","11","    78740","JP3410800001","1460.0000","1460.0000","1430.0000","1440.0000","1445.0000","1454.0000","1440.0000","1450.0000","1460.0000","1460.0000","1430.0000","1450.0000"," ","0.0000","0.0000","123100","178370100","1448.9854"
"20201211","01","11","    78850","JP3457750002","603.0000","603.0000","601.0000","602.0000","601.0000","603.0000","600.0000","600.0000","603.0000","603.0000","600.0000","600.0000"," ","0.0000","0.0000","9300","5600700","602.2258"
"20201211","01","11","    78880","JP3330900006","414.0000","426.0000","408.0000","418.0000","418.0000","418.0000","407.0000","413.0000","414.0000","426.0000","407.0000","413.0000"," ","0.0000","0.0000","1409900","585580100","415.3345"
"20201211","01","11","    78930","JP3119000002","1030.0000","1034.0000","1025.0000","1028.0000","1025.0000","1029.0000","1022.0000","1025.0000","1030.0000","1034.0000","1022.0000","1025.0000"," ","0.0000","0.0000","20200","20762700","1027.8564"
"20201211","01","11","    78970","JP3843000005","108.0000","109.0000","108.0000","109.0000","108.0000","109.0000","108.0000","109.0000","108.0000","109.0000","108.0000","109.0000"," ","0.0000","0.0000","25600","2769900","108.1992"
"20201211","01","11","    78980","JP3390600009","1122.0000","1122.0000","1111.0000","1111.0000","1111.0000","1141.0000","1111.0000","1135.0000","1122.0000","1141.0000","1111.0000","1135.0000"," ","0.0000","0.0000","5900","6649100","1126.9661"
"20201211","01","11","    79050","JP3482600008","1913.0000","1913.0000","1892.0000","1900.0000","1895.0000","1917.0000","1895.0000","1906.0000","1913.0000","1917.0000","1892.0000","1906.0000"," ","0.0000","0.0000","14600","27865600","1908.6027"
"20201211","01","11","    79080","JP3242600009","201.0000","207.0000","201.0000","205.0000","204.0000","207.0000","204.0000","205.0000","201.0000","207.0000","201.0000","205.0000"," ","0.0000","0.0000","160500","32797500","204.3458"
"20201211","01","11","    79110","JP3629000005","1531.0000","1538.0000","1505.0000","1507.0000","1503.0000","1521.0000","1503.0000","1518.0000","1531.0000","1538.0000","1503.0000","1518.0000"," ","0.0000","0.0000","954300","1450731600","1520.2050"
"20201211","01","11","    79120","JP3493800001","1888.0000","1897.0000","1853.0000","1856.0000","1858.0000","1877.0000","1854.0000","1877.0000","1888.0000","1897.0000","1853.0000","1877.0000"," ","0.0000","0.0000","932800","1747754500","1873.6648"
"20201211","01","11","    79140","JP3252800002","3070.0000","3200.0000","3065.0000","3195.0000","3160.0000","3230.0000","3015.0000","3035.0000","3070.0000","3230.0000","3015.0000","3035.0000"," ","0.0000","0.0000","29700","93293000","3141.1785"
"20201211","01","11","    79150","JP3713200008","1466.0000","1473.0000","1450.0000","1471.0000","1471.0000","1471.0000","1433.0000","1433.0000","1466.0000","1473.0000","1433.0000","1433.0000"," ","0.0000","0.0000","252000","365181400","1449.1325"
"20201211","01","11","    79160","JP3904800004","1799.0000","1799.0000","1799.0000","1799.0000","1797.0000","1797.0000","1793.0000","1797.0000","1799.0000","1799.0000","1793.0000","1797.0000"," ","0.0000","0.0000","1100","1977900","1798.0909"
"20201211","01","11","    79170","JP3821000001","4780.0000","4815.0000","4750.0000","4755.0000","4745.0000","4775.0000","4725.0000","4775.0000","4780.0000","4815.0000","4725.0000","4775.0000"," ","0.0000","0.0000","20500","97682000","4764.9756"
"20201211","01","11","    79180","JP3107200002","236.0000","237.0000","229.0000","229.0000","229.0000","231.0000","228.0000","231.0000","236.0000","237.0000","228.0000","231.0000"," ","0.0000","0.0000","160300","37118700","231.5577"
"20201211","01","11","    79210","JP3459000000","1928.0000","1949.0000","1928.0000","1934.0000","1929.0000","1941.0000","1927.0000","1939.0000","1928.0000","1949.0000","1927.0000","1939.0000"," ","0.0000","0.0000","61700","119477600","1936.4279"
"20201211","01","11","    79250","JP3860250004","986.0000","987.0000","983.0000","984.0000","982.0000","985.0000","981.0000","981.0000","986.0000","987.0000","981.0000","981.0000"," ","0.0000","0.0000","27900","27442800","983.6129"
"20201211","01","11","    79310","JP3910600000","1780.0000","1793.0000","1780.0000","1784.0000","1785.0000","1809.0000","1785.0000","1799.0000","1780.0000","1809.0000","1780.0000","1799.0000"," ","0.0000","0.0000","9300","16628400","1788.0000"
"20201211","01","11","    79360","JP3118000003","2183.0000","2193.0000","2128.0000","2147.0000","2151.0000","2180.0000","2150.0000","2179.0000","2183.0000","2193.0000","2128.0000","2179.0000"," ","0.0000","0.0000","805000","1742724400","2164.8750"
"20201211","01","11","    79370","JP3533500009","2132.0000","2141.0000","2103.0000","2103.0000","2101.0000","2121.0000","2094.0000","2094.0000","2132.0000","2141.0000","2094.0000","2094.0000"," ","0.0000","0.0000","13800","29170300","2113.7899"
"20201211","01","11","    79400","JP3687800007","787.0000","800.0000","787.0000","796.0000","795.0000","798.0000","789.0000","791.0000","787.0000","800.0000","787.0000","791.0000"," ","0.0000","0.0000","125100","99290200","793.6867"
"20201211","01","11","    79420","JP3386000008","1565.0000","1565.0000","1537.0000","1547.0000","1541.0000","1579.0000","1541.0000","1575.0000","1565.0000","1579.0000","1537.0000","1575.0000"," ","0.0000","0.0000","90100","140437400","1558.6837"
"20201211","01","11","    79430","JP3662200009","3130.0000","3185.0000","3130.0000","3130.0000","3100.0000","3160.0000","3100.0000","3160.0000","3130.0000","3185.0000","3100.0000","3160.0000"," ","0.0000","0.0000","41900","131685500","3142.8520"
"20201211","01","11","    79470","JP3167000003","4085.0000","4125.0000","4070.0000","4115.0000","4090.0000","4150.0000","4090.0000","4140.0000","4085.0000","4150.0000","4070.0000","4140.0000"," ","0.0000","0.0000","118500","487374000","4112.8608"
"20201211","01","11","    79490","JP3303200004","1794.0000","1794.0000","1759.0000","1761.0000","1762.0000","1788.0000","1754.0000","1788.0000","1794.0000","1794.0000","1754.0000","1788.0000"," ","0.0000","0.0000","37900","67596700","1783.5541"
"20201211","01","11","    79510","JP3942600002","6510.0000","6520.0000","6400.0000","6420.0000","6400.0000","6450.0000","6400.0000","6430.0000","6510.0000","6520.0000","6400.0000","6430.0000"," ","0.0000","0.0000","639300","4131032000","6461.8051"
"20201211","01","11","    79520","JP3221400009","2928.0000","2961.0000","2914.0000","2943.0000","2955.0000","2956.0000","2933.0000","2953.0000","2928.0000","2961.0000","2914.0000","2953.0000"," ","0.0000","0.0000","13700","40303100","2941.8321"
"20201211","01","11","    79550","JP3270200003","481.0000","481.0000","476.0000","477.0000","475.0000","475.0000","473.0000","473.0000","481.0000","481.0000","473.0000","473.0000"," ","0.0000","0.0000","35200","16783800","476.8125"
"20201211","01","11","    79560","JP3801600002","4655.0000","4680.0000","4615.0000","4645.0000","4620.0000","4680.0000","4605.0000","4680.0000","4655.0000","4680.0000","4605.0000","4680.0000"," ","0.0000","0.0000","279400","1301626000","4658.6471"
"20201211","01","11","    79580","JP3547800007","1999.0000","2024.0000","1995.0000","2023.0000","2021.0000","2036.0000","2017.0000","2034.0000","1999.0000","2036.0000","1995.0000","2034.0000"," ","0.0000","0.0000","35300","71232600","2017.9207"
"20201211","01","11","    79590","JP3200600009","2301.0000","2330.0000","2301.0000","2326.0000","2307.0000","2329.0000","2307.0000","2319.0000","2301.0000","2330.0000","2301.0000","2319.0000"," ","0.0000","0.0000","7300","16875900","2311.7671"
"20201211","01","11","    79610","JP3217600000","1614.0000","1614.0000","1607.0000","1612.0000","1613.0000","1614.0000","1610.0000","1614.0000","1614.0000","1614.0000","1607.0000","1614.0000"," ","0.0000","0.0000","1900","3064900","1613.1053"
"20201211","01","11","    79620","JP3262000007","925.0000","925.0000","918.0000","921.0000","920.0000","924.0000","916.0000","924.0000","925.0000","925.0000","916.0000","924.0000"," ","0.0000","0.0000","23800","21945800","922.0924"
"20201211","01","11","    79650","JP3437400009","1852.0000","1852.0000","1831.0000","1839.0000","1830.0000","1858.0000","1828.0000","1856.0000","1852.0000","1858.0000","1828.0000","1856.0000"," ","0.0000","0.0000","65000","120093200","1847.5877"
"20201211","01","11","    79660","JP3977200009","2264.0000","2273.0000","2226.0000","2227.0000","2226.0000","2256.0000","2224.0000","2256.0000","2264.0000","2273.0000","2224.0000","2256.0000"," ","0.0000","0.0000","160100","360138800","2249.4616"
"20201211","01","11","    79700","JP3371600002","981.0000","986.0000","970.0000","973.0000","972.0000","979.0000","969.0000","975.0000","981.0000","986.0000","969.0000","975.0000"," ","0.0000","0.0000","88600","86428400","975.4898"
"20201211","01","11","    79710","JP3620600001","255.0000","255.0000","253.0000","255.0000","253.0000","254.0000","253.0000","253.0000","255.0000","255.0000","253.0000","253.0000"," ","0.0000","0.0000","49700","12642900","254.3843"
"20201211","01","11","    79720","JP3142700008","352.0000","354.0000","350.0000","351.0000","351.0000","355.0000","349.0000","354.0000","352.0000","355.0000","349.0000","354.0000"," ","0.0000","0.0000","107300","37687800","351.2377"
"20201211","01","11","    79740","JP3756600007","59390.0000","60770.0000","59310.0000","60410.0000","60350.0000","60700.0000","60150.0000","60340.0000","59390.0000","60770.0000","59310.0000","60340.0000"," ","0.0000","0.0000","2053800","123729708000","60244.2828"
"20201211","01","11","    79760","JP3895600009","1448.0000","1448.0000","1414.0000","1416.0000","1407.0000","1424.0000","1404.0000","1424.0000","1448.0000","1448.0000","1404.0000","1424.0000"," ","0.0000","0.0000","36600","52460600","1433.3497"
"20201211","01","11","    79790","JP3363600002","1773.0000","1809.0000","1767.0000","1808.0000","1808.0000","1815.0000","1797.0000","1811.0000","1773.0000","1815.0000","1767.0000","1811.0000"," ","0.0000","0.0000","19800","35574000","1796.6667"
"20201211","01","11","    79810","JP3460000007","1430.0000","1442.0000","1421.0000","1437.0000","1430.0000","1455.0000","1430.0000","1455.0000","1430.0000","1455.0000","1421.0000","1455.0000"," ","0.0000","0.0000","113500","163261300","1438.4256"
"20201211","01","11","    79840","JP3297000006","1460.0000","1462.0000","1450.0000","1453.0000","1453.0000","1463.0000","1446.0000","1463.0000","1460.0000","1463.0000","1446.0000","1463.0000"," ","0.0000","0.0000","193500","282125100","1458.0109"
"20201211","01","11","    79870","JP3644400008","625.0000","625.0000","619.0000","620.0000","620.0000","627.0000","618.0000","623.0000","625.0000","627.0000","618.0000","623.0000"," ","0.0000","0.0000","17900","11166300","623.8156"
"20201211","01","11","    79880","JP3756200006","3775.0000","3825.0000","3730.0000","3745.0000","3735.0000","3755.0000","3730.0000","3750.0000","3775.0000","3825.0000","3730.0000","3750.0000"," ","0.0000","0.0000","311400","1169990000","3757.1933"
"20201211","01","11","    79890","JP3466200007","1375.0000","1375.0000","1356.0000","1362.0000","1364.0000","1380.0000","1362.0000","1379.0000","1375.0000","1380.0000","1356.0000","1379.0000"," ","0.0000","0.0000","67200","92265700","1373.0015"
"20201211","01","11","    79900","JP3503800009","4200.0000","4250.0000","4185.0000","4215.0000","4245.0000","4280.0000","4200.0000","4275.0000","4200.0000","4280.0000","4185.0000","4275.0000"," ","0.0000","0.0000","49300","208655500","4232.3631"
"20201211","01","11","    79940","JP3192400004","938.0000","940.0000","924.0000","928.0000","927.0000","939.0000","923.0000","939.0000","938.0000","940.0000","923.0000","939.0000"," ","0.0000","0.0000","165300","154204800","932.8784"
"20201211","01","11","    79950","JP3744200001","1993.0000","2002.0000","1985.0000","1996.0000","1995.0000","2011.0000","1991.0000","2010.0000","1993.0000","2011.0000","1985.0000","2010.0000"," ","0.0000","0.0000","64100","128066100","1997.9111"
"20201211","01","11","    79990","JP3914000009","1472.0000","1472.0000","1465.0000","1465.0000","1465.0000","1470.0000","1461.0000","1466.0000","1472.0000","1472.0000","1461.0000","1466.0000"," ","0.0000","0.0000","2800","4112800","1468.8571"
"20201211","01","11","    80010","JP3143600009","2947.5000","2961.5000","2928.0000","2929.5000","2925.0000","2928.0000","2914.0000","2927.5000","2947.5000","2961.5000","2914.0000","2927.5000"," ","0.0000","0.0000","3465800","10173579150","2935.4201"
"20201211","01","11","    80020","JP3877600001","669.3000","677.3000","665.0000","672.5000","671.5000","674.7000","669.4000","671.5000","669.3000","677.3000","665.0000","671.5000"," ","0.0000","0.0000","10578100","7103932540","671.5698"
"20201211","01","11","    80050","JP3913600007","740.0000","752.0000","722.0000","733.0000","733.0000","740.0000","729.0000","740.0000","740.0000","752.0000","722.0000","740.0000"," ","0.0000","0.0000","611600","449127100","734.3478"
"20201211","01","11","    80070","JP3455600001","1605.0000","1637.0000","1605.0000","1637.0000","1637.0000","1640.0000","1627.0000","1640.0000","1605.0000","1640.0000","1605.0000","1640.0000"," ","0.0000","0.0000","9700","15757500","1624.4845"
"20201211","01","11","    80080","JP3119950008","1915.0000","1922.0000","1905.0000","1922.0000","1922.0000","1941.0000","1919.0000","1938.0000","1915.0000","1941.0000","1905.0000","1938.0000"," ","0.0000","0.0000","48000","92418700","1925.3896"
"20201211","01","11","    80110","JP3339400008","574.0000","574.0000","560.0000","560.0000","559.0000","570.0000","558.0000","570.0000","574.0000","574.0000","558.0000","570.0000"," ","0.0000","0.0000","112000","63241000","564.6518"
"20201211","01","11","    80120","JP3647800006","1483.0000","1486.0000","1467.0000","1472.0000","1469.0000","1489.0000","1468.0000","1487.0000","1483.0000","1489.0000","1467.0000","1487.0000"," ","0.0000","0.0000","116600","172668300","1480.8602"
"20201211","01","11","    80130","JP3640800003","348.0000","348.0000","344.0000","347.0000","347.0000","348.0000","347.0000","348.0000","348.0000","348.0000","344.0000","348.0000"," ","0.0000","0.0000","19400","6736300","347.2320"
"20201211","01","11","    80140","JP3528200003","1583.0000","1588.0000","1573.0000","1580.0000","1580.0000","1599.0000","1579.0000","1599.0000","1583.0000","1599.0000","1573.0000","1599.0000"," ","0.0000","0.0000","23000","36449300","1584.7522"
"20201211","01","11","    80150","JP3635000007","3765.0000","3795.0000","3720.0000","3750.0000","3725.0000","3800.0000","3725.0000","3780.0000","3765.0000","3800.0000","3720.0000","3780.0000"," ","0.0000","0.0000","782800","2949042000","3767.2994"
"20201211","01","11","    80160","JP3203500008","205.0000","206.0000","201.0000","204.0000","203.0000","205.0000","203.0000","204.0000","205.0000","206.0000","201.0000","204.0000"," ","0.0000","0.0000","1084700","221290900","204.0112"
"20201211","01","11","    80180","JP3328000009","456.0000","470.0000","452.0000","469.0000","469.0000","475.0000","462.0000","474.0000","456.0000","475.0000","452.0000","474.0000"," ","0.0000","0.0000","48000","22173500","461.9479"
"20201211","01","11","    80200","JP3217100001","1234.0000","1239.0000","1226.0000","1231.0000","1227.0000","1243.0000","1224.0000","1243.0000","1234.0000","1243.0000","1224.0000","1243.0000"," ","0.0000","0.0000","174100","215013300","1234.9989"
"20201211","01","11","    80220","JP3905200006","2036.0000","2036.0000","2010.0000","2013.0000","2013.0000","2014.0000","2004.0000","2011.0000","2036.0000","2036.0000","2004.0000","2011.0000"," ","0.0000","0.0000","46100","93005600","2017.4751"
"20201211","01","11","    80250","JP3531400004","1480.0000","1491.0000","1480.0000","1488.0000","1488.0000","1494.0000","1483.0000","1490.0000","1480.0000","1494.0000","1480.0000","1490.0000"," ","0.0000","0.0000","20300","30125300","1484.0049"
"20201211","01","11","    80290","JP3981000007","1012.0000","1029.0000","1008.0000","1023.0000","1025.0000","1049.0000","1025.0000","1046.0000","1012.0000","1049.0000","1008.0000","1046.0000"," ","0.0000","0.0000","41200","42093200","1021.6796"
"20201211","01","11","    80310","JP3893600001","1924.5000","1929.5000","1910.0000","1914.0000","1912.0000","1928.5000","1910.0000","1928.5000","1924.5000","1929.5000","1910.0000","1928.5000"," ","0.0000","0.0000","4875100","9373819850","1922.7954"
"20201211","01","11","    80320","JP3694000005","3595.0000","3605.0000","3560.0000","3570.0000","3570.0000","3625.0000","3570.0000","3610.0000","3595.0000","3625.0000","3560.0000","3610.0000"," ","0.0000","0.0000","15100","54272000","3594.1722"
"20201211","01","11","    80350","JP3571400005","36080.0000","36580.0000","36080.0000","36420.0000","36340.0000","36540.0000","36310.0000","36350.0000","36080.0000","36580.0000","36080.0000","36350.0000"," ","0.0000","0.0000","878900","31875981000","36268.0407"
"20201211","01","11","    80370","JP3219400003","1195.0000","1209.0000","1195.0000","1200.0000","1170.0000","1198.0000","1150.0000","1198.0000","1195.0000","1209.0000","1150.0000","1198.0000"," ","0.0000","0.0000","30400","36164800","1189.6316"
"20201211","01","11","    80380","JP3596600001","4550.0000","4550.0000","4540.0000","4540.0000","4545.0000","4550.0000","4540.0000","4540.0000","4550.0000","4550.0000","4540.0000","4540.0000"," ","0.0000","0.0000","11900","54073500","4543.9916"
"20201211","01","11","    80410","JP3180000006","2880.0000","2880.0000","2830.0000","2835.0000","2875.0000","2875.0000","2845.0000","2871.0000","2880.0000","2880.0000","2830.0000","2871.0000"," ","0.0000","0.0000","4400","12620700","2868.3409"
"20201211","01","11","    80430","JP3399100001","4125.0000","4160.0000","4115.0000","4115.0000","4115.0000","4145.0000","4055.0000","4125.0000","4125.0000","4160.0000","4055.0000","4125.0000"," ","0.0000","0.0000","16000","65800000","4112.5000"
"20201211","01","11","    80500","JP3414700009","1380.0000","1389.0000","1368.0000","1368.0000","1368.0000","1386.0000","1367.0000","1384.0000","1380.0000","1389.0000","1367.0000","1384.0000"," ","0.0000","0.0000","108800","149837900","1377.1866"
"20201211","01","11","    80510","JP3936800006","1054.0000","1060.0000","1041.0000","1043.0000","1043.0000","1055.0000","1035.0000","1044.0000","1054.0000","1060.0000","1035.0000","1044.0000"," ","0.0000","0.0000","144700","151605000","1047.7194"
"20201211","01","11","    80520","JP3534600006","3960.0000","3990.0000","3940.0000","3950.0000","3950.0000","3960.0000","3940.0000","3940.0000","3960.0000","3990.0000","3940.0000","3940.0000"," ","0.0000","0.0000","7000","27701500","3957.3571"
"20201211","01","11","    80530","JP3404600003","1330.0000","1343.5000","1322.0000","1322.0000","1322.0000","1334.5000","1319.0000","1332.5000","1330.0000","1343.5000","1319.0000","1332.5000"," ","0.0000","0.0000","2806100","3732698400","1330.2086"
"20201211","01","11","    80560","JP3754200008","3815.0000","3870.0000","3810.0000","3870.0000","3865.0000","3920.0000","3850.0000","3890.0000","3815.0000","3920.0000","3810.0000","3890.0000"," ","0.0000","0.0000","495800","1916586000","3865.6434"
"20201211","01","11","    80570","JP3157200001","4270.0000","4325.0000","4255.0000","4285.0000","4285.0000","4295.0000","4265.0000","4275.0000","4270.0000","4325.0000","4255.0000","4275.0000"," ","0.0000","0.0000","72100","308435500","4277.8849"
"20201211","01","11","    80580","JP3898400001","2539.5000","2545.5000","2519.5000","2527.5000","2529.5000","2544.5000","2526.0000","2544.5000","2539.5000","2545.5000","2519.5000","2544.5000"," ","0.0000","0.0000","3737400","9480398950","2536.6295"
"20201211","01","11","    80590","JP3475800003","4100.0000","4100.0000","4045.0000","4075.0000","4060.0000","4100.0000","4060.0000","4090.0000","4100.0000","4100.0000","4045.0000","4090.0000"," ","0.0000","0.0000","21700","88749000","4089.8157"
"20201211","01","11","    80600","JP3243600008","2265.0000","2289.0000","2241.0000","2242.0000","2234.0000","2261.0000","2229.0000","2258.0000","2265.0000","2289.0000","2229.0000","2258.0000"," ","0.0000","0.0000","276800","624556000","2256.3439"
"20201211","01","11","    80610","JP3414200000","1305.0000","1309.0000","1287.0000","1287.0000","1284.0000","1306.0000","1284.0000","1305.0000","1305.0000","1309.0000","1284.0000","1305.0000"," ","0.0000","0.0000","10100","13144300","1301.4158"
"20201211","01","11","    80650","JP3322000005","977.0000","992.0000","976.0000","988.0000","991.0000","1003.0000","985.0000","1001.0000","977.0000","1003.0000","976.0000","1001.0000"," ","0.0000","0.0000","39500","38774900","981.6430"
"20201211","01","11","    80680","JP3976600001","2767.0000","2789.0000","2751.0000","2766.0000","2770.0000","2799.0000","2765.0000","2798.0000","2767.0000","2799.0000","2751.0000","2798.0000"," ","0.0000","0.0000","125700","348603100","2773.2944"
"20201211","01","11","    80700","JP3576600005","590.0000","590.0000","585.0000","588.0000","587.0000","597.0000","587.0000","597.0000","590.0000","597.0000","585.0000","597.0000"," ","0.0000","0.0000","42400","25016400","590.0094"
"20201211","01","11","    80740","JP3945200008","3520.0000","3545.0000","3510.0000","3530.0000","3530.0000","3545.0000","3515.0000","3530.0000","3520.0000","3545.0000","3510.0000","3530.0000"," ","0.0000","0.0000","34200","120672500","3528.4357"
"20201211","01","11","    80750","JP3374000002","1903.0000","1909.0000","1901.0000","1909.0000","1901.0000","1901.0000","1870.0000","1872.0000","1903.0000","1909.0000","1870.0000","1872.0000"," ","0.0000","0.0000","14100","26746300","1896.9007"
"20201211","01","11","    80770","JP3301000000","263.0000","264.0000","259.0000","264.0000","262.0000","264.0000","262.0000","263.0000","263.0000","264.0000","259.0000","263.0000"," ","0.0000","0.0000","9700","2548400","262.7216"
"20201211","01","11","    80780","JP3777800008","2761.0000","2797.0000","2753.0000","2784.0000","2776.0000","2825.0000","2763.0000","2825.0000","2761.0000","2825.0000","2753.0000","2825.0000"," ","0.0000","0.0000","291700","813158300","2787.6527"
"20201211","01","11","    80790","JP3361200003","3750.0000","3780.0000","3740.0000","3750.0000","3760.0000","3790.0000","3745.0000","3780.0000","3750.0000","3790.0000","3740.0000","3780.0000"," ","0.0000","0.0000","30500","114841000","3765.2787"
"20201211","01","11","    80810","JP3215000005","1365.0000","1394.0000","1365.0000","1380.0000","1382.0000","1444.0000","1380.0000","1406.0000","1365.0000","1444.0000","1365.0000","1406.0000"," ","0.0000","0.0000","37600","52397700","1393.5559"
"20201211","01","11","    80840","JP3976200000","1525.0000","1528.0000","1520.0000","1521.0000","1521.0000","1525.0000","1517.0000","1517.0000","1525.0000","1528.0000","1517.0000","1517.0000"," ","0.0000","0.0000","33700","51331800","1523.1988"
"20201211","01","11","    80860","JP3673600007","1188.0000","1193.0000","1183.0000","1190.0000","1190.0000","1202.0000","1186.0000","1202.0000","1188.0000","1202.0000","1183.0000","1202.0000"," ","0.0000","0.0000","510600","608728400","1192.1825"
"20201211","01","11","    80870","JP3828000004","1317.0000","1323.0000","1292.0000","1314.0000","1292.0000","1317.0000","1286.0000","1291.0000","1317.0000","1323.0000","1286.0000","1291.0000"," ","0.0000","0.0000","19800","25912800","1308.7273"
"20201211","01","11","    80880","JP3151600008","5960.0000","6320.0000","5940.0000","6280.0000","6300.0000","6310.0000","6180.0000","6300.0000","5960.0000","6320.0000","5940.0000","6300.0000"," ","0.0000","0.0000","1090700","6757574000","6195.6303"
"20201211","01","11","    80890","JP3641300003","1619.0000","1622.0000","1590.0000","1619.0000","1618.0000","1647.0000","1618.0000","1636.0000","1619.0000","1647.0000","1590.0000","1636.0000"," ","0.0000","0.0000","23100","37458600","1621.5844"
"20201211","01","11","    80900","JP3362400008","600.0000","601.0000","597.0000","601.0000","601.0000","604.0000","599.0000","604.0000","600.0000","604.0000","597.0000","604.0000"," ","0.0000","0.0000","12500","7506600","600.5280"
"20201211","01","11","    80910","JP3664400003","1960.0000","1960.0000","1947.0000","1960.0000","1960.0000","1960.0000","1937.0000","1957.0000","1960.0000","1960.0000","1937.0000","1957.0000"," ","0.0000","0.0000","4700","9176300","1952.4043"
"20201211","01","11","    80930","JP3257000004","1312.0000","1315.0000","1307.0000","1308.0000","1308.0000","1309.0000","1303.0000","1303.0000","1312.0000","1315.0000","1303.0000","1303.0000"," ","0.0000","0.0000","7500","9819800","1309.3067"
"20201211","01","11","    80950","JP3150000002","520.0000","524.0000","518.0000","520.0000","520.0000","524.0000","519.0000","524.0000","520.0000","524.0000","518.0000","524.0000"," ","0.0000","0.0000","86600","45120900","521.0266"
"20201211","01","11","    80960","JP3217200009","4025.0000","4040.0000","4010.0000","4040.0000","4025.0000","4075.0000","4020.0000","4075.0000","4025.0000","4075.0000","4010.0000","4075.0000"," ","0.0000","0.0000","23400","94710500","4047.4573"
"20201211","01","11","    80970","JP3323600001","1223.0000","1235.0000","1212.0000","1213.0000","1208.0000","1225.0000","1198.0000","1217.0000","1223.0000","1235.0000","1198.0000","1217.0000"," ","0.0000","0.0000","71500","87141600","1218.7636"
"20201211","01","11","    80980","JP3146000009","1450.0000","1450.0000","1425.0000","1434.0000","1437.0000","1444.0000","1427.0000","1444.0000","1450.0000","1450.0000","1425.0000","1444.0000"," ","0.0000","0.0000","88500","127470600","1440.3458"
"20201211","01","11","    81010","JP3276000001","1693.0000","1716.0000","1692.0000","1706.0000","1706.0000","1726.0000","1700.0000","1722.0000","1693.0000","1726.0000","1692.0000","1722.0000"," ","0.0000","0.0000","42100","71921900","1708.3587"
"20201211","01","11","    81030","JP3920600008","436.0000","442.0000","434.0000","439.0000","438.0000","439.0000","436.0000","439.0000","436.0000","442.0000","434.0000","439.0000"," ","0.0000","0.0000","146500","64146600","437.8608"
"20201211","01","11","    81040","JP3273200000","574.0000","574.0000","571.0000","571.0000","571.0000","574.0000","571.0000","574.0000","574.0000","574.0000","571.0000","574.0000"," ","0.0000","0.0000","5000","2868700","573.7400"
"20201211","01","11","    81070","JP3242400004","25.0000","25.0000","24.0000","25.0000","24.0000","25.0000","24.0000","24.0000","25.0000","25.0000","24.0000","24.0000"," ","0.0000","0.0000","171100","4232500","24.7370"
"20201211","01","11","    81080","JP3934400007","1211.0000","1224.0000","1211.0000","1220.0000","1220.0000","1235.0000","1215.0000","1227.0000","1211.0000","1235.0000","1211.0000","1227.0000"," ","0.0000","0.0000","27800","33906900","1219.6727"
"20201211","01","11","    81110","JP3306600002","7050.0000","7100.0000","7000.0000","7090.0000","7060.0000","7190.0000","7060.0000","7170.0000","7050.0000","7190.0000","7000.0000","7170.0000"," ","0.0000","0.0000","117300","833488000","7105.6095"
"20201211","01","11","    81130","JP3951600000","4832.0000","4845.0000","4779.0000","4786.0000","4775.0000","4809.0000","4765.0000","4809.0000","4832.0000","4845.0000","4765.0000","4809.0000"," ","0.0000","0.0000","1014200","4877739000","4809.4449"
"20201211","01","11","    81140","JP3548800006","1749.0000","1759.0000","1716.0000","1727.0000","1720.0000","1742.0000","1717.0000","1730.0000","1749.0000","1759.0000","1716.0000","1730.0000"," ","0.0000","0.0000","123500","214112000","1733.7004"
"20201211","01","11","    81180","JP3261200004","524.0000","525.0000","521.0000","525.0000","526.0000","535.0000","526.0000","534.0000","524.0000","535.0000","521.0000","534.0000"," ","0.0000","0.0000","9000","4736300","526.2556"
"20201211","01","11","    81250","JP3992000004","1147.0000","1152.0000","1142.0000","1147.0000","1143.0000","1158.0000","1139.0000","1153.0000","1147.0000","1158.0000","1139.0000","1153.0000"," ","0.0000","0.0000","139000","159761200","1149.3612"
"20201211","01","11","    81270","JP3939600007","340.0000","340.0000","338.0000","339.0000","339.0000","342.0000","339.0000","340.0000","340.0000","342.0000","338.0000","340.0000"," ","0.0000","0.0000","24400","8298300","340.0943"
"20201211","01","11","    81290","JP3602600003","1863.0000","1888.0000","1863.0000","1869.0000","1863.0000","1890.0000","1863.0000","1890.0000","1863.0000","1890.0000","1863.0000","1890.0000"," ","0.0000","0.0000","87500","164105700","1875.4937"
"20201211","01","11","    81300","JP3330000005","1488.0000","1488.0000","1470.0000","1474.0000","1469.0000","1533.0000","1469.0000","1504.0000","1488.0000","1533.0000","1469.0000","1504.0000"," ","0.0000","0.0000","189600","283005900","1492.6472"
"20201211","01","11","    81310","JP3894400005","1326.0000","1336.0000","1315.0000","1318.0000","1318.0000","1349.0000","1318.0000","1345.0000","1326.0000","1349.0000","1315.0000","1345.0000"," ","0.0000","0.0000","29100","38727100","1330.8282"
"20201211","01","11","    81320","JP3354000006","2964.0000","2964.0000","2905.0000","2921.0000","2937.0000","2944.0000","2924.0000","2944.0000","2964.0000","2964.0000","2905.0000","2944.0000"," ","0.0000","0.0000","11000","32293600","2935.7818"
"20201211","01","11","    81330","JP3144000001","1015.0000","1020.0000","1008.0000","1011.0000","1009.0000","1023.0000","1009.0000","1023.0000","1015.0000","1023.0000","1008.0000","1023.0000"," ","0.0000","0.0000","85400","86796000","1016.3466"
"20201211","01","11","    81360","JP3343200006","1532.0000","1544.0000","1512.0000","1515.0000","1513.0000","1523.0000","1506.0000","1523.0000","1532.0000","1544.0000","1506.0000","1523.0000"," ","0.0000","0.0000","298900","454533900","1520.6889"
"20201211","01","11","    81370","JP3345400000","955.0000","960.0000","950.0000","959.0000","952.0000","958.0000","950.0000","956.0000","955.0000","960.0000","950.0000","956.0000"," ","0.0000","0.0000","29900","28551700","954.9064"
"20201211","01","11","    81400","JP3975400007","1899.0000","1900.0000","1880.0000","1890.0000","1886.0000","1915.0000","1881.0000","1907.0000","1899.0000","1915.0000","1880.0000","1907.0000"," ","0.0000","0.0000","42800","81195000","1897.0794"
"20201211","01","11","    81410","JP3374200008","735.0000","737.0000","733.0000","735.0000","734.0000","744.0000","734.0000","741.0000","735.0000","744.0000","733.0000","741.0000"," ","0.0000","0.0000","42300","31149100","736.3853"
"20201211","01","11","    81420","JP3553200001","2000.0000","2000.0000","1935.0000","1978.0000","1978.0000","2036.0000","1972.0000","2025.0000","2000.0000","2036.0000","1935.0000","2025.0000"," ","0.0000","0.0000","27900","55564200","1991.5484"
"20201211","01","11","    81500","JP3333200008","2170.0000","2183.0000","2163.0000","2164.0000","2161.0000","2194.0000","2157.0000","2194.0000","2170.0000","2194.0000","2157.0000","2194.0000"," ","0.0000","0.0000","24600","53405300","2170.9472"
"20201211","01","11","    81510","JP3616600007","1122.0000","1147.0000","1122.0000","1144.0000","1144.0000","1144.0000","1119.0000","1130.0000","1122.0000","1147.0000","1119.0000","1130.0000"," ","0.0000","0.0000","150800","170647500","1131.6147"
"20201211","01","11","    81530","JP3922400001","2798.0000","2846.0000","2791.0000","2842.0000","2842.0000","2847.0000","2832.0000","2847.0000","2798.0000","2847.0000","2791.0000","2847.0000"," ","0.0000","0.0000","168400","476752100","2831.0695"
"20201211","01","11","    81540","JP3206200002","2178.0000","2213.0000","2165.0000","2188.0000","2188.0000","2224.0000","2173.0000","2222.0000","2178.0000","2224.0000","2165.0000","2222.0000"," ","0.0000","0.0000","87800","192684200","2194.5809"
"20201211","01","11","    81550","JP3907200004","2796.0000","2822.0000","2773.0000","2775.0000","2773.0000","2785.0000","2749.0000","2783.0000","2796.0000","2822.0000","2749.0000","2783.0000"," ","0.0000","0.0000","48400","134639000","2781.7975"
"20201211","01","11","    81570","JP3533800003","1596.0000","1606.0000","1574.0000","1593.0000","1593.0000","1620.0000","1592.0000","1615.0000","1596.0000","1620.0000","1574.0000","1615.0000"," ","0.0000","0.0000","18000","28693800","1594.1000"
"20201211","01","11","    81580","JP3431400005","542.0000","542.0000","540.0000","540.0000","540.0000","542.0000","540.0000","542.0000","542.0000","542.0000","540.0000","542.0000"," ","0.0000","0.0000","10400","5634800","541.8077"
"20201211","01","11","    81590","JP3466600008","1675.0000","1677.0000","1660.0000","1669.0000","1669.0000","1684.0000","1662.0000","1677.0000","1675.0000","1684.0000","1660.0000","1677.0000"," ","0.0000","0.0000","39200","65608600","1673.6888"
"20201211","01","11","    81600","JP3237000009","2414.0000","2428.0000","2403.0000","2407.0000","2405.0000","2424.0000","2401.0000","2424.0000","2414.0000","2428.0000","2401.0000","2424.0000"," ","0.0000","0.0000","31800","76761900","2413.8962"
"20201211","01","11","    81630","JP3322350004","848.0000","851.0000","843.0000","847.0000","845.0000","848.0000","844.0000","845.0000","848.0000","851.0000","843.0000","845.0000"," ","0.0000","0.0000","128000","108344800","846.4438"
"20201211","01","11","    81650","JP3424600009","344.0000","345.0000","343.0000","345.0000","345.0000","346.0000","343.0000","346.0000","344.0000","346.0000","343.0000","346.0000"," ","0.0000","0.0000","117900","40623400","344.5581"
"20201211","01","11","    81660","JP3453600003","135.0000","137.0000","135.0000","136.0000","136.0000","136.0000","135.0000","136.0000","135.0000","137.0000","135.0000","136.0000"," ","0.0000","0.0000","24900","3371700","135.4096"
"20201211","01","11","    81670","JP3873200004","1406.0000","1416.0000","1391.0000","1397.0000","1391.0000","1425.0000","1384.0000","1425.0000","1406.0000","1425.0000","1384.0000","1425.0000"," ","0.0000","0.0000","99900","140875400","1410.1642"
"20201211","01","11","    81680","JP3277400002","739.0000","746.0000","734.0000","736.0000","736.0000","742.0000","735.0000","742.0000","739.0000","746.0000","734.0000","742.0000"," ","0.0000","0.0000","132700","98101900","739.2758"
"20201211","01","11","    81730","JP3393000009","2780.0000","2810.0000","2779.0000","2803.0000","2785.0000","2812.0000","2779.0000","2811.0000","2780.0000","2812.0000","2779.0000","2811.0000"," ","0.0000","0.0000","37400","104447200","2792.7059"
"20201211","01","11","    81740","JP3695600001","5500.0000","5640.0000","5500.0000","5630.0000","5630.0000","5770.0000","5600.0000","5740.0000","5500.0000","5770.0000","5500.0000","5740.0000"," ","0.0000","0.0000","195600","1106072000","5654.7648"
"20201211","01","11","    81790","JP3983600002","1938.0000","1950.0000","1926.0000","1943.0000","1942.0000","1965.0000","1940.0000","1963.0000","1938.0000","1965.0000","1926.0000","1963.0000"," ","0.0000","0.0000","220100","427569100","1942.6129"
"20201211","01","11","    81810","JP3595800008","947.0000","947.0000","947.0000","947.0000","936.0000","937.0000","934.0000","934.0000","947.0000","947.0000","934.0000","934.0000"," ","0.0000","0.0000","900","848900","943.2222"
"20201211","01","11","    81820","JP3145200006","1990.0000","1993.0000","1964.0000","1964.0000","1958.0000","1990.0000","1957.0000","1985.0000","1990.0000","1993.0000","1957.0000","1985.0000"," ","0.0000","0.0000","40400","80056500","1981.5965"
"20201211","01","11","    81840","JP3356800007","5490.0000","5500.0000","5490.0000","5500.0000","5490.0000","5500.0000","5490.0000","5490.0000","5490.0000","5500.0000","5490.0000","5490.0000"," ","0.0000","0.0000","121100","665077000","5491.9653"
"20201211","01","11","    81850","JP3528400009","911.0000","922.0000","910.0000","919.0000","923.0000","927.0000","917.0000","925.0000","911.0000","927.0000","910.0000","925.0000"," ","0.0000","0.0000","50500","46418800","919.1842"
"20201211","01","11","    81940","JP3966600003","3550.0000","3595.0000","3545.0000","3555.0000","3550.0000","3580.0000","3545.0000","3580.0000","3550.0000","3595.0000","3545.0000","3580.0000"," ","0.0000","0.0000","68000","242608000","3567.7647"
"20201211","01","11","    82000","JP3977000003","2309.0000","2309.0000","2287.0000","2292.0000","2295.0000","2300.0000","2288.0000","2300.0000","2309.0000","2309.0000","2287.0000","2300.0000"," ","0.0000","0.0000","71900","165431600","2300.8567"
"20201211","01","11","    82030","JP3885200000","801.0000","815.0000","798.0000","815.0000","810.0000","813.0000","807.0000","813.0000","801.0000","815.0000","798.0000","813.0000"," ","0.0000","0.0000","94400","76351300","808.8061"
"20201211","01","11","    82070","JP3547200000","331.0000","334.0000","331.0000","332.0000","330.0000","333.0000","330.0000","331.0000","331.0000","334.0000","330.0000","331.0000"," ","0.0000","0.0000","90800","30043100","330.8711"
"20201211","01","11","    82140","JP3105400000","505.0000","516.0000","501.0000","506.0000","507.0000","507.0000","501.0000","505.0000","505.0000","516.0000","501.0000","505.0000"," ","0.0000","0.0000","633800","321863600","507.8315"
"20201211","01","11","    82170","JP3172150009","1312.0000","1320.0000","1303.0000","1307.0000","1307.0000","1324.0000","1304.0000","1324.0000","1312.0000","1324.0000","1303.0000","1324.0000"," ","0.0000","0.0000","54000","70875400","1312.5074"
"20201211","01","11","    82180","JP3305600003","2791.0000","2829.0000","2769.0000","2801.0000","2803.0000","2820.0000","2780.0000","2820.0000","2791.0000","2829.0000","2769.0000","2820.0000"," ","0.0000","0.0000","286600","802714800","2800.8193"
"20201211","01","11","    82190","JP3106200003","501.0000","525.0000","501.0000","518.0000","519.0000","520.0000","514.0000","520.0000","501.0000","525.0000","501.0000","520.0000"," ","0.0000","0.0000","1197700","616999700","515.1538"
"20201211","01","11","    82270","JP3358200008","10260.0000","10370.0000","10230.0000","10370.0000","10340.0000","10430.0000","10290.0000","10430.0000","10260.0000","10430.0000","10230.0000","10430.0000"," ","0.0000","0.0000","136800","1414762000","10341.8275"
"20201211","01","11","    82300","JP3768400008","294.0000","297.0000","293.0000","297.0000","297.0000","300.0000","297.0000","298.0000","294.0000","300.0000","293.0000","298.0000"," ","0.0000","0.0000","17800","5275300","296.3652"
"20201211","01","11","    82330","JP3456000003","851.0000","853.0000","842.0000","845.0000","843.0000","850.0000","842.0000","850.0000","851.0000","853.0000","842.0000","850.0000"," ","0.0000","0.0000","749900","635736900","847.7622"
"20201211","01","11","    82370","JP3869200000","810.0000","815.0000","801.0000","808.0000","807.0000","812.0000","803.0000","808.0000","810.0000","815.0000","801.0000","808.0000"," ","0.0000","0.0000","107700","86913500","806.9963"
"20201211","01","11","    82420","JP3774600005","682.0000","685.0000","677.0000","681.0000","677.0000","690.0000","677.0000","689.0000","682.0000","690.0000","677.0000","689.0000"," ","0.0000","0.0000","381600","260859500","683.5941"
"20201211","01","11","    82440","JP3250800004","3380.0000","3385.0000","3360.0000","3385.0000","3355.0000","3400.0000","3355.0000","3375.0000","3380.0000","3400.0000","3355.0000","3375.0000"," ","0.0000","0.0000","14100","47615500","3376.9858"
"20201211","01","11","    82520","JP3870400003","1922.0000","1945.0000","1913.0000","1938.0000","1935.0000","1949.0000","1929.0000","1945.0000","1922.0000","1949.0000","1913.0000","1945.0000"," ","0.0000","0.0000","927900","1793507300","1932.8670"
"20201211","01","11","    82530","JP3271400008","1257.0000","1264.0000","1227.0000","1228.0000","1226.0000","1244.0000","1223.0000","1244.0000","1257.0000","1264.0000","1223.0000","1244.0000"," ","0.0000","0.0000","1137600","1412930600","1242.0276"
"20201211","01","11","    82550","JP3772400002","4935.0000","4940.0000","4885.0000","4895.0000","4875.0000","4940.0000","4875.0000","4940.0000","4935.0000","4940.0000","4875.0000","4940.0000"," ","0.0000","0.0000","25300","124481500","4920.2174"
"20201211","01","11","    82600","JP3142400005","178.0000","179.0000","176.0000","179.0000","177.0000","179.0000","177.0000","179.0000","178.0000","179.0000","176.0000","179.0000"," ","0.0000","0.0000","14500","2580000","177.9310"
"20201211","01","11","    82670","JP3388200002","3099.0000","3107.0000","3063.0000","3084.0000","3080.0000","3114.0000","3077.0000","3112.0000","3099.0000","3114.0000","3063.0000","3112.0000"," ","0.0000","0.0000","1704000","5276712600","3096.6623"
"20201211","01","11","    82730","JP3138400001","3755.0000","3790.0000","3710.0000","3720.0000","3705.0000","3775.0000","3705.0000","3775.0000","3755.0000","3790.0000","3705.0000","3775.0000"," ","0.0000","0.0000","146000","547427000","3749.5000"
"20201211","01","11","    82750","JP3802750004","888.0000","888.0000","868.0000","878.0000","868.0000","879.0000","868.0000","876.0000","888.0000","888.0000","868.0000","876.0000"," ","0.0000","0.0000","7000","6169600","881.3714"
"20201211","01","11","    82760","JP3834400008","2154.0000","2154.0000","2133.0000","2139.0000","2134.0000","2167.0000","2129.0000","2167.0000","2154.0000","2167.0000","2129.0000","2167.0000"," ","0.0000","0.0000","63800","137445800","2154.3229"
"20201211","01","11","    82780","JP3807400001","1933.0000","1940.0000","1926.0000","1936.0000","1931.0000","1949.0000","1929.0000","1946.0000","1933.0000","1949.0000","1926.0000","1946.0000"," ","0.0000","0.0000","24700","47795000","1935.0202"
"20201211","01","11","    82790","JP3930200005","7020.0000","7100.0000","7010.0000","7050.0000","7020.0000","7090.0000","7020.0000","7090.0000","7020.0000","7100.0000","7010.0000","7090.0000"," ","0.0000","0.0000","86600","611042000","7055.9122"
"20201211","01","11","    82810","JP3428800001","821.0000","827.0000","818.0000","822.0000","819.0000","826.0000","816.0000","825.0000","821.0000","827.0000","816.0000","825.0000"," ","0.0000","0.0000","111400","91608900","822.3420"
"20201211","01","11","    82820","JP3277150003","1279.0000","1299.0000","1273.0000","1299.0000","1294.0000","1316.0000","1291.0000","1312.0000","1279.0000","1316.0000","1273.0000","1312.0000"," ","0.0000","0.0000","1039400","1348615400","1297.4941"
"20201211","01","11","    82830","JP3782200004","5670.0000","5750.0000","5670.0000","5740.0000","5740.0000","5840.0000","5720.0000","5820.0000","5670.0000","5840.0000","5670.0000","5820.0000"," ","0.0000","0.0000","101400","583385000","5753.3037"
"20201211","01","11","    82850","JP3886600000","413.0000","415.0000","407.0000","412.0000","413.0000","416.0000","410.0000","414.0000","413.0000","416.0000","407.0000","414.0000"," ","0.0000","0.0000","87600","36111600","412.2329"
"20201211","01","11","    82890","JP3201400003","928.0000","933.0000","909.0000","916.0000","913.0000","923.0000","908.0000","919.0000","928.0000","933.0000","908.0000","919.0000"," ","0.0000","0.0000","105900","97163400","917.5014"
"20201211","01","11","    82910","JP3587800008","254.0000","254.0000","252.0000","252.0000","252.0000","257.0000","252.0000","257.0000","254.0000","257.0000","252.0000","257.0000"," ","0.0000","0.0000","35300","8985900","254.5581"
"20201211","01","11","    83030","JP3729000004","1218.0000","1233.0000","1216.0000","1217.0000","1217.0000","1246.0000","1216.0000","1242.0000","1218.0000","1246.0000","1216.0000","1242.0000"," ","0.0000","0.0000","1632600","2007942100","1229.9045"
"20201211","01","11","    83040","JP3711200000","1856.0000","1868.0000","1850.0000","1852.0000","1851.0000","1883.0000","1849.0000","1882.0000","1856.0000","1883.0000","1849.0000","1882.0000"," ","0.0000","0.0000","1175800","2191443700","1863.7895"
"20201211","01","11","    83060","JP3902900004","443.0000","444.7000","441.1000","444.3000","444.5000","448.7000","443.8000","447.8000","443.0000","448.7000","441.1000","447.8000"," ","0.0000","0.0000","61160000","27200259580","444.7394"
"20201211","01","11","    83080","JP3500610005","371.9000","374.4000","370.6000","373.2000","373.0000","378.9000","372.7000","378.9000","371.9000","378.9000","370.6000","378.9000"," ","0.0000","0.0000","9762600","3665764670","375.4906"
"20201211","01","11","    83090","JP3892100003","3185.0000","3197.0000","3166.0000","3174.0000","3173.0000","3197.0000","3167.0000","3193.0000","3185.0000","3197.0000","3166.0000","3193.0000"," ","0.0000","0.0000","1170600","3727785700","3184.5085"
"20201211","01","11","    83160","JP3890350006","3066.0000","3084.0000","3066.0000","3078.0000","3078.0000","3107.0000","3076.0000","3101.0000","3066.0000","3107.0000","3066.0000","3101.0000"," ","0.0000","0.0000","5429500","16748851500","3084.7871"
"20201211","01","11","    83310","JP3511800009","581.0000","586.0000","578.0000","583.0000","584.0000","597.0000","582.0000","595.0000","581.0000","597.0000","578.0000","595.0000"," ","0.0000","0.0000","2491600","1464060700","587.5986"
"20201211","01","11","    83340","JP3276400003","325.0000","327.0000","324.0000","325.0000","326.0000","329.0000","323.0000","329.0000","325.0000","329.0000","323.0000","329.0000"," ","0.0000","0.0000","1331900","434932100","326.5501"
"20201211","01","11","    83360","JP3912800004","1547.0000","1556.0000","1541.0000","1549.0000","1549.0000","1565.0000","1541.0000","1561.0000","1547.0000","1565.0000","1541.0000","1561.0000"," ","0.0000","0.0000","99500","154440600","1552.1668"
"20201211","01","11","    83370","JP3512200001","256.0000","258.0000","256.0000","258.0000","256.0000","261.0000","256.0000","259.0000","256.0000","261.0000","256.0000","259.0000"," ","0.0000","0.0000","123100","31647900","257.0910"
"20201211","01","11","    83380","JP3231000005","196.0000","197.0000","194.0000","195.0000","195.0000","199.0000","195.0000","197.0000","196.0000","199.0000","194.0000","197.0000"," ","0.0000","0.0000","357500","70090600","196.0576"
"20201211","01","11","    83410","JP3352000008","1442.0000","1453.0000","1441.0000","1443.0000","1440.0000","1467.0000","1436.0000","1464.0000","1442.0000","1467.0000","1436.0000","1464.0000"," ","0.0000","0.0000","119500","173293500","1450.1548"
"20201211","01","11","    83420","JP3106000007","2492.0000","2507.0000","2481.0000","2494.0000","2496.0000","2536.0000","2484.0000","2520.0000","2492.0000","2536.0000","2481.0000","2520.0000"," ","0.0000","0.0000","26300","65838400","2503.3612"
"20201211","01","11","    83430","JP3107600003","1390.0000","1393.0000","1367.0000","1369.0000","1365.0000","1394.0000","1365.0000","1385.0000","1390.0000","1394.0000","1365.0000","1385.0000"," ","0.0000","0.0000","30600","42283800","1381.8235"
"20201211","01","11","    83440","JP3934800008","1036.0000","1051.0000","1032.0000","1044.0000","1047.0000","1063.0000","1037.0000","1059.0000","1036.0000","1063.0000","1032.0000","1059.0000"," ","0.0000","0.0000","113000","118350100","1047.3460"
"20201211","01","11","    83450","JP3152400002","2105.0000","2129.0000","2105.0000","2112.0000","2115.0000","2161.0000","2108.0000","2152.0000","2105.0000","2161.0000","2105.0000","2152.0000"," ","0.0000","0.0000","36100","76841700","2128.5789"
"20201211","01","11","    83460","JP3601000007","216.0000","218.0000","215.0000","217.0000","217.0000","220.0000","216.0000","219.0000","216.0000","220.0000","215.0000","219.0000"," ","0.0000","0.0000","707300","153426100","216.9180"
"20201211","01","11","    83490","JP3604200000","1034.0000","1047.0000","1034.0000","1047.0000","1051.0000","1081.0000","1051.0000","1078.0000","1034.0000","1081.0000","1034.0000","1078.0000"," ","0.0000","0.0000","8300","8683200","1046.1687"
"20201211","01","11","    83500","JP3888000001","1125.0000","1131.0000","1114.0000","1130.0000","1130.0000","1143.0000","1125.0000","1141.0000","1125.0000","1143.0000","1114.0000","1141.0000"," ","0.0000","0.0000","35300","39875500","1129.6176"
"20201211","01","11","    83540","JP3805010000","1863.0000","1876.0000","1851.0000","1854.0000","1851.0000","1893.0000","1851.0000","1884.0000","1863.0000","1893.0000","1851.0000","1884.0000"," ","0.0000","0.0000","662500","1239984300","1871.6744"
"20201211","01","11","    83550","JP3351200005","755.0000","759.0000","754.0000","758.0000","758.0000","772.0000","758.0000","770.0000","755.0000","772.0000","754.0000","770.0000"," ","0.0000","0.0000","2054500","1567618500","763.0170"
"20201211","01","11","    83560","JP3392600007","1903.0000","1911.0000","1893.0000","1893.0000","1896.0000","1930.0000","1894.0000","1930.0000","1903.0000","1930.0000","1893.0000","1930.0000"," ","0.0000","0.0000","104000","198583900","1909.4606"
"20201211","01","11","    83580","JP3411000007","331.0000","334.0000","330.0000","330.0000","330.0000","336.0000","330.0000","334.0000","331.0000","336.0000","330.0000","334.0000"," ","0.0000","0.0000","1256500","417873800","332.5697"
"20201211","01","11","    83590","JP3769000005","359.0000","366.0000","359.0000","363.0000","360.0000","365.0000","360.0000","364.0000","359.0000","366.0000","359.0000","364.0000"," ","0.0000","0.0000","1385700","502155000","362.3836"
"20201211","01","11","    83600","JP3942000005","768.0000","772.0000","764.0000","770.0000","770.0000","782.0000","767.0000","781.0000","768.0000","782.0000","764.0000","781.0000"," ","0.0000","0.0000","136200","105172200","772.1894"
"20201211","01","11","    83610","JP3176000002","2233.0000","2245.0000","2221.0000","2238.0000","2237.0000","2272.0000","2237.0000","2265.0000","2233.0000","2272.0000","2221.0000","2265.0000"," ","0.0000","0.0000","87300","196495200","2250.8041"
"20201211","01","11","    83620","JP3803600000","1818.0000","1831.0000","1805.0000","1806.0000","1807.0000","1823.0000","1798.0000","1811.0000","1818.0000","1831.0000","1798.0000","1811.0000"," ","0.0000","0.0000","35000","63517300","1814.7800"
"20201211","01","11","    83630","JP3851400006","2808.0000","2823.0000","2807.0000","2812.0000","2801.0000","2840.0000","2786.0000","2826.0000","2808.0000","2840.0000","2786.0000","2826.0000"," ","0.0000","0.0000","55400","155967300","2815.2942"
"20201211","01","11","    83640","JP3358400004","1782.0000","1827.0000","1782.0000","1827.0000","1816.0000","1848.0000","1816.0000","1835.0000","1782.0000","1848.0000","1782.0000","1835.0000"," ","0.0000","0.0000","15300","27607700","1804.4248"
"20201211","01","11","    83650","JP3632000000","3515.0000","3515.0000","3515.0000","3515.0000","3505.0000","3545.0000","3505.0000","3545.0000","3515.0000","3545.0000","3505.0000","3545.0000"," ","0.0000","0.0000","2900","10211500","3521.2069"
"20201211","01","11","    83660","JP3347600003","2280.0000","2282.0000","2250.0000","2275.0000","2268.0000","2308.0000","2266.0000","2305.0000","2280.0000","2308.0000","2250.0000","2305.0000"," ","0.0000","0.0000","67200","153659400","2286.5982"
"20201211","01","11","    83670","JP3653400006","1842.0000","1850.0000","1834.0000","1835.0000","1826.0000","1841.0000","1813.0000","1841.0000","1842.0000","1850.0000","1813.0000","1841.0000"," ","0.0000","0.0000","138600","254305200","1834.8139"
"20201211","01","11","    83680","JP3793800008","307.0000","309.0000","303.0000","304.0000","304.0000","310.0000","304.0000","307.0000","307.0000","310.0000","303.0000","307.0000"," ","0.0000","0.0000","628800","192852300","306.6990"
"20201211","01","11","    83690","JP3251200006","5270.0000","5340.0000","5270.0000","5320.0000","5300.0000","5420.0000","5300.0000","5400.0000","5270.0000","5420.0000","5270.0000","5400.0000"," ","0.0000","0.0000","161000","860493000","5344.6770"
"20201211","01","11","    83700","JP3248000006","1517.0000","1531.0000","1517.0000","1527.0000","1521.0000","1545.0000","1521.0000","1540.0000","1517.0000","1545.0000","1517.0000","1540.0000"," ","0.0000","0.0000","95000","145157500","1527.9737"
"20201211","01","11","    83770","JP3842400008","1032.0000","1042.0000","1032.0000","1034.0000","1033.0000","1051.0000","1031.0000","1048.0000","1032.0000","1051.0000","1031.0000","1048.0000"," ","0.0000","0.0000","189800","197169900","1038.8298"
"20201211","01","11","    83810","JP3324000003","539.0000","544.0000","534.0000","540.0000","539.0000","545.0000","534.0000","540.0000","539.0000","545.0000","534.0000","540.0000"," ","0.0000","0.0000","409800","221055400","539.4226"
"20201211","01","11","    83820","JP3521000004","841.0000","847.0000","838.0000","847.0000","849.0000","859.0000","842.0000","859.0000","841.0000","859.0000","838.0000","859.0000"," ","0.0000","0.0000","391100","331428400","847.4262"
"20201211","01","11","    83830","JP3628600003","1126.0000","1138.0000","1111.0000","1138.0000","1127.0000","1145.0000","1127.0000","1141.0000","1126.0000","1145.0000","1111.0000","1141.0000"," ","0.0000","0.0000","13300","14976700","1126.0677"
"20201211","01","11","    83850","JP3149600003","659.0000","663.0000","657.0000","658.0000","656.0000","668.0000","654.0000","668.0000","659.0000","668.0000","654.0000","668.0000"," ","0.0000","0.0000","466500","308629100","661.5844"
"20201211","01","11","    83860","JP3794200000","1551.0000","1559.0000","1546.0000","1552.0000","1550.0000","1581.0000","1548.0000","1579.0000","1551.0000","1581.0000","1546.0000","1579.0000"," ","0.0000","0.0000","97900","152842400","1561.2094"
"20201211","01","11","    83870","JP3350000000","693.0000","698.0000","690.0000","692.0000","691.0000","699.0000","690.0000","699.0000","693.0000","699.0000","690.0000","699.0000"," ","0.0000","0.0000","113000","78439700","694.1566"
"20201211","01","11","    83880","JP3126800006","2500.0000","2513.0000","2494.0000","2497.0000","2490.0000","2528.0000","2480.0000","2517.0000","2500.0000","2528.0000","2480.0000","2517.0000"," ","0.0000","0.0000","45800","114793200","2506.4017"
"20201211","01","11","    83920","JP3175200009","2316.0000","2323.0000","2262.0000","2268.0000","2279.0000","2294.0000","2267.0000","2276.0000","2316.0000","2323.0000","2262.0000","2276.0000"," ","0.0000","0.0000","35000","80190300","2291.1514"
"20201211","01","11","    83930","JP3908000007","2279.0000","2289.0000","2231.0000","2233.0000","2233.0000","2247.0000","2230.0000","2238.0000","2279.0000","2289.0000","2230.0000","2238.0000"," ","0.0000","0.0000","68300","154055100","2255.5652"
"20201211","01","11","    83950","JP3315200000","1350.0000","1355.0000","1337.0000","1337.0000","1339.0000","1354.0000","1335.0000","1349.0000","1350.0000","1355.0000","1335.0000","1349.0000"," ","0.0000","0.0000","25900","34871800","1346.4015"
"20201211","01","11","    83970","JP3194600007","2910.0000","2928.0000","2907.0000","2911.0000","2919.0000","2980.0000","2913.0000","2972.0000","2910.0000","2980.0000","2907.0000","2972.0000"," ","0.0000","0.0000","36400","107036900","2940.5742"
"20201211","01","11","    83990","JP3975000005","830.0000","835.0000","824.0000","832.0000","827.0000","844.0000","826.0000","839.0000","830.0000","844.0000","824.0000","839.0000"," ","0.0000","0.0000","99300","82732300","833.1551"
"20201211","01","11","    84100","JP3105220002","218.0000","220.0000","218.0000","219.0000","218.0000","222.0000","218.0000","222.0000","218.0000","222.0000","218.0000","222.0000"," ","0.0000","0.0000","10756900","2365944800","219.9467"
"20201211","01","11","    84110","JP3885780001","1317.5000","1323.0000","1314.0000","1321.0000","1321.5000","1331.5000","1319.5000","1331.0000","1317.5000","1331.5000","1314.0000","1331.0000"," ","0.0000","0.0000","9192200","12166016000","1323.5152"
"20201211","01","11","    84160","JP3288960002","810.0000","812.0000","805.0000","805.0000","808.0000","815.0000","808.0000","815.0000","810.0000","815.0000","805.0000","815.0000"," ","0.0000","0.0000","17900","14505800","810.3799"
"20201211","01","11","    84180","JP3935300008","628.0000","630.0000","625.0000","626.0000","625.0000","635.0000","620.0000","633.0000","628.0000","635.0000","620.0000","633.0000"," ","0.0000","0.0000","644400","405213900","628.8236"
"20201211","01","11","    84210","JP3429200003","235000.0000","235700.0000","235000.0000","235500.0000","235500.0000","236400.0000","235500.0000","236100.0000","235000.0000","236400.0000","235000.0000","236100.0000"," ","0.0000","0.0000","385","90740100","235688.5714"
"20201211","01","11","    84240","JP3826270005","6560.0000","6590.0000","6520.0000","6570.0000","6580.0000","6630.0000","6570.0000","6600.0000","6560.0000","6630.0000","6520.0000","6600.0000"," ","0.0000","0.0000","30500","200521000","6574.4590"
"20201211","01","11","    84250","JP3286500008","2999.0000","3000.0000","2964.0000","2971.0000","2960.0000","2990.0000","2959.0000","2987.0000","2999.0000","3000.0000","2959.0000","2987.0000"," ","0.0000","0.0000","72600","216656000","2984.2424"
"20201211","01","11","    84390","JP3424950008","7120.0000","7160.0000","7050.0000","7140.0000","7140.0000","7260.0000","7110.0000","7230.0000","7120.0000","7260.0000","7050.0000","7230.0000"," ","0.0000","0.0000","102200","733235000","7174.5108"
"20201211","01","11","    84730","JP3436120004","2858.0000","2868.0000","2801.0000","2815.0000","2810.0000","2828.0000","2805.0000","2822.0000","2858.0000","2868.0000","2801.0000","2822.0000"," ","0.0000","0.0000","1186100","3354515800","2828.1897"
"20201211","01","11","    85110","JP3714400003","518.0000","518.0000","511.0000","517.0000","517.0000","522.0000","516.0000","520.0000","518.0000","522.0000","511.0000","520.0000"," ","0.0000","0.0000","393900","203593200","516.8652"
"20201211","01","11","    85150","JP3105040004","261.0000","262.0000","258.0000","259.0000","259.0000","261.0000","258.0000","259.0000","261.0000","262.0000","258.0000","259.0000"," ","0.0000","0.0000","3772400","978534800","259.3932"
"20201211","01","11","    85180","JP3686150008","216.0000","220.0000","215.0000","217.0000","217.0000","219.0000","217.0000","219.0000","216.0000","220.0000","215.0000","219.0000"," ","0.0000","0.0000","71500","15567100","217.7217"
"20201211","01","11","    85210","JP3648300006","1394.0000","1410.0000","1377.0000","1384.0000","1385.0000","1438.0000","1384.0000","1436.0000","1394.0000","1438.0000","1377.0000","1436.0000"," ","0.0000","0.0000","9800","13743800","1402.4286"
"20201211","01","11","    85220","JP3648800005","2688.0000","2688.0000","2635.0000","2635.0000","2657.0000","2702.0000","2643.0000","2685.0000","2688.0000","2702.0000","2635.0000","2685.0000"," ","0.0000","0.0000","25200","67568300","2681.2817"
"20201211","01","11","    85240","JP3843400007","233.0000","236.0000","233.0000","234.0000","232.0000","236.0000","232.0000","236.0000","233.0000","236.0000","232.0000","236.0000"," ","0.0000","0.0000","555200","130089300","234.3107"
"20201211","01","11","    85270","JP3103000000","3070.0000","3085.0000","3040.0000","3045.0000","3050.0000","3125.0000","3030.0000","3120.0000","3070.0000","3125.0000","3030.0000","3120.0000"," ","0.0000","0.0000","12000","36860500","3071.7083"
"20201211","01","11","    85300","JP3520000005","2000.0000","2014.0000","2000.0000","2006.0000","2009.0000","2013.0000","2000.0000","2005.0000","2000.0000","2014.0000","2000.0000","2005.0000"," ","0.0000","0.0000","18800","37678000","2004.1489"
"20201211","01","11","    85370","JP3441600008","1214.0000","1215.0000","1205.0000","1212.0000","1212.0000","1220.0000","1205.0000","1220.0000","1214.0000","1220.0000","1205.0000","1220.0000"," ","0.0000","0.0000","33500","40655800","1213.6060"
"20201211","01","11","    85410","JP3166400006","1030.0000","1033.0000","1021.0000","1025.0000","1023.0000","1037.0000","1018.0000","1031.0000","1030.0000","1037.0000","1018.0000","1031.0000"," ","0.0000","0.0000","50400","51875000","1029.2659"
"20201211","01","11","    85420","JP3630500001","1116.0000","1135.0000","1116.0000","1117.0000","1120.0000","1137.0000","1116.0000","1133.0000","1116.0000","1137.0000","1116.0000","1133.0000"," ","0.0000","0.0000","17500","19637600","1122.1486"
"20201211","01","11","    85440","JP3281600001","439.0000","441.0000","436.0000","439.0000","437.0000","446.0000","436.0000","444.0000","439.0000","446.0000","436.0000","444.0000"," ","0.0000","0.0000","215400","94969200","440.8969"
"20201211","01","11","    85500","JP3627800000","181.0000","183.0000","180.0000","181.0000","182.0000","184.0000","181.0000","183.0000","181.0000","184.0000","180.0000","183.0000"," ","0.0000","0.0000","336600","61143400","181.6500"
"20201211","01","11","    85510","JP3238200004","1935.0000","1970.0000","1935.0000","1952.0000","1952.0000","2008.0000","1952.0000","2008.0000","1935.0000","2008.0000","1935.0000","2008.0000"," ","0.0000","0.0000","13900","27296900","1963.8058"
"20201211","01","11","    85580","JP3622400004","616.0000","623.0000","611.0000","615.0000","616.0000","622.0000","615.0000","619.0000","616.0000","623.0000","611.0000","619.0000"," ","0.0000","0.0000","156300","96523200","617.5509"
"20201211","01","11","    85620","JP3805100009","202.0000","205.0000","201.0000","202.0000","203.0000","206.0000","203.0000","205.0000","202.0000","206.0000","201.0000","205.0000"," ","0.0000","0.0000","212400","43182300","203.3065"
"20201211","01","11","    85630","JP3486700002","612.0000","619.0000","612.0000","617.0000","615.0000","642.0000","615.0000","631.0000","612.0000","642.0000","612.0000","631.0000"," ","0.0000","0.0000","42000","26264600","625.3476"
"20201211","01","11","    85660","JP3974100004","3035.0000","3045.0000","3020.0000","3030.0000","3040.0000","3055.0000","3020.0000","3055.0000","3035.0000","3055.0000","3020.0000","3055.0000"," ","0.0000","0.0000","28000","85053000","3037.6071"
"20201211","01","11","    85700","JP3131400008","1210.0000","1217.0000","1190.0000","1199.0000","1200.0000","1208.0000","1195.0000","1207.0000","1210.0000","1217.0000","1190.0000","1207.0000"," ","0.0000","0.0000","793400","954315000","1202.8170"
"20201211","01","11","    85720","JP3108600002","467.0000","469.0000","463.0000","464.0000","463.0000","468.0000","462.0000","468.0000","467.0000","469.0000","462.0000","468.0000"," ","0.0000","0.0000","1245400","580879100","466.4197"
"20201211","01","11","    85840","JP3388600003","1852.0000","1856.0000","1830.0000","1842.0000","1842.0000","1854.0000","1833.0000","1850.0000","1852.0000","1856.0000","1830.0000","1850.0000"," ","0.0000","0.0000","90800","167440200","1844.0551"
"20201211","01","11","    85850","JP3199000005","113.0000","114.0000","112.0000","113.0000","112.0000","113.0000","112.0000","112.0000","113.0000","114.0000","112.0000","112.0000"," ","0.0000","0.0000","1645400","185471300","112.7211"
"20201211","01","11","    85860","JP3786600001","2350.0000","2362.0000","2328.0000","2337.0000","2342.0000","2375.0000","2337.0000","2362.0000","2350.0000","2375.0000","2328.0000","2362.0000"," ","0.0000","0.0000","244200","574100700","2350.9447"
"20201211","01","11","    85910","JP3200450009","1564.0000","1579.5000","1545.5000","1550.0000","1547.0000","1565.0000","1545.5000","1564.0000","1564.0000","1579.5000","1545.5000","1564.0000"," ","0.0000","0.0000","6070900","9461322800","1558.4712"
"20201211","01","11","    85930","JP3499800005","471.0000","472.0000","466.0000","468.0000","468.0000","475.0000","467.0000","475.0000","471.0000","475.0000","466.0000","475.0000"," ","0.0000","0.0000","3340800","1571767000","470.4762"
"20201211","01","11","    85950","JP3389900006","4685.0000","4720.0000","4670.0000","4695.0000","4670.0000","4710.0000","4645.0000","4695.0000","4685.0000","4720.0000","4645.0000","4695.0000"," ","0.0000","0.0000","98500","461457500","4684.8477"
"20201211","01","11","    85960","JP3247000007","610.0000","610.0000","603.0000","605.0000","604.0000","606.0000","601.0000","601.0000","610.0000","610.0000","601.0000","601.0000"," ","0.0000","0.0000","17400","10584200","608.2874"
"20201211","01","11","    86000","JP3631700006","334.0000","338.0000","334.0000","337.0000","334.0000","341.0000","334.0000","340.0000","334.0000","341.0000","334.0000","340.0000"," ","0.0000","0.0000","218100","73351800","336.3219"
"20201211","01","11","    86010","JP3502200003","473.6000","475.2000","470.8000","473.5000","472.5000","475.5000","472.2000","475.5000","473.6000","475.5000","470.8000","475.5000"," ","0.0000","0.0000","3690100","1748664420","473.8800"
"20201211","01","11","    86040","JP3762600009","551.2000","557.1000","545.7000","546.0000","545.0000","550.9000","543.7000","550.9000","551.2000","557.1000","543.7000","550.9000"," ","0.0000","0.0000","10550700","5805130250","550.2128"
"20201211","01","11","    86090","JP3190800007","385.0000","385.0000","377.0000","380.0000","380.0000","386.0000","380.0000","386.0000","385.0000","386.0000","377.0000","386.0000"," ","0.0000","0.0000","302500","115994500","383.4529"
"20201211","01","11","    86130","JP3874800000","474.0000","477.0000","470.0000","474.0000","473.0000","477.0000","473.0000","477.0000","474.0000","477.0000","470.0000","477.0000"," ","0.0000","0.0000","167800","79550900","474.0816"
"20201211","01","11","    86140","JP3611800008","140.0000","140.0000","136.0000","137.0000","136.0000","138.0000","136.0000","138.0000","140.0000","140.0000","136.0000","138.0000"," ","0.0000","0.0000","274900","37874100","137.7741"
"20201211","01","11","    86160","JP3577600004","313.0000","314.0000","308.0000","310.0000","309.0000","311.0000","307.0000","310.0000","313.0000","314.0000","307.0000","310.0000"," ","0.0000","0.0000","1066000","330401200","309.9448"
"20201211","01","11","    86170","JP3288800000","663.0000","666.0000","650.0000","666.0000","660.0000","675.0000","655.0000","675.0000","663.0000","675.0000","650.0000","675.0000"," ","0.0000","0.0000","16900","11164700","660.6331"
"20201211","01","11","    86220","JP3905400002","239.0000","239.0000","236.0000","239.0000","239.0000","241.0000","238.0000","241.0000","239.0000","241.0000","236.0000","241.0000"," ","0.0000","0.0000","142100","33913400","238.6587"
"20201211","01","11","    86240","JP3142300007","473.0000","473.0000","465.0000","469.0000","472.0000","475.0000","470.0000","475.0000","473.0000","475.0000","465.0000","475.0000"," ","0.0000","0.0000","201700","95132900","471.6554"
"20201211","01","11","    86280","JP3863800003","814.0000","817.0000","810.0000","813.0000","812.0000","814.0000","811.0000","813.0000","814.0000","817.0000","810.0000","813.0000"," ","0.0000","0.0000","663300","539428500","813.2497"
"20201211","01","11","    86300","JP3165000005","4180.0000","4192.0000","4136.0000","4136.0000","4118.0000","4157.0000","4117.0000","4148.0000","4180.0000","4192.0000","4117.0000","4148.0000"," ","0.0000","0.0000","775200","3225753800","4161.1891"
"20201211","01","11","    86970","JP3183200009","2553.5000","2558.0000","2460.5000","2475.5000","2478.0000","2506.0000","2473.5000","2496.0000","2553.5000","2558.0000","2460.5000","2496.0000"," ","0.0000","0.0000","2666000","6681570850","2506.2156"
"20201211","01","11","    86980","JP3869970008","324.0000","329.0000","319.0000","327.0000","326.0000","328.0000","326.0000","327.0000","324.0000","329.0000","319.0000","327.0000"," ","0.0000","0.0000","2735500","887783200","324.5415"
"20201211","01","11","    87060","JP3256970009","694.0000","694.0000","684.0000","686.0000","685.0000","693.0000","682.0000","693.0000","694.0000","694.0000","682.0000","693.0000"," ","0.0000","0.0000","96300","66283000","688.2970"
"20201211","01","11","    87070","JP3149950002","1281.0000","1281.0000","1262.0000","1264.0000","1258.0000","1277.0000","1256.0000","1276.0000","1281.0000","1281.0000","1256.0000","1276.0000"," ","0.0000","0.0000","77600","98513000","1269.4974"
"20201211","01","11","    87080","JP3101850000","729.0000","730.0000","723.0000","723.0000","723.0000","738.0000","723.0000","738.0000","729.0000","738.0000","723.0000","738.0000"," ","0.0000","0.0000","39900","29150400","730.5865"
"20201211","01","11","    87130","JP3802940001","110.0000","110.0000","109.0000","109.0000","109.0000","110.0000","109.0000","109.0000","110.0000","110.0000","109.0000","109.0000"," ","0.0000","0.0000","534500","58592800","109.6217"
"20201211","01","11","    87140","JP3132600002","148.0000","149.0000","148.0000","148.0000","148.0000","150.0000","148.0000","149.0000","148.0000","150.0000","148.0000","149.0000"," ","0.0000","0.0000","990800","147124400","148.4905"
"20201211","01","11","    87150","JP3122440005","1059.0000","1066.0000","1052.0000","1064.0000","1062.0000","1072.0000","1060.0000","1069.0000","1059.0000","1072.0000","1052.0000","1069.0000"," ","0.0000","0.0000","161400","171545200","1062.8575"
"20201211","01","11","    87250","JP3890310000","3145.0000","3159.0000","3128.0000","3129.0000","3120.0000","3162.0000","3119.0000","3162.0000","3145.0000","3162.0000","3119.0000","3162.0000"," ","0.0000","0.0000","1177600","3708647100","3149.3267"
"20201211","01","11","    87320","JP3869930002","204.0000","204.0000","203.0000","203.0000","203.0000","204.0000","203.0000","204.0000","204.0000","204.0000","203.0000","204.0000"," ","0.0000","0.0000","27600","5617700","203.5399"
"20201211","01","11","    87390","JP3399900004","265.0000","267.0000","258.0000","261.0000","262.0000","265.0000","261.0000","262.0000","265.0000","267.0000","258.0000","262.0000"," ","0.0000","0.0000","857200","224832100","262.2866"
"20201211","01","11","    87420","JP3301300004","270.0000","270.0000","267.0000","268.0000","267.0000","268.0000","266.0000","267.0000","270.0000","270.0000","266.0000","267.0000"," ","0.0000","0.0000","9100","2443500","268.5165"
"20201211","01","11","    87500","JP3476480003","1646.0000","1663.5000","1631.0000","1632.5000","1635.0000","1646.0000","1630.0000","1644.0000","1646.0000","1663.5000","1630.0000","1644.0000"," ","0.0000","0.0000","3557600","5842330300","1642.2111"
"20201211","01","11","    87660","JP3910660004","5285.0000","5317.0000","5256.0000","5271.0000","5255.0000","5299.0000","5255.0000","5278.0000","5285.0000","5317.0000","5255.0000","5278.0000"," ","0.0000","0.0000","1315100","6948537500","5283.6571"
"20201211","01","11","    87690","JP3122410008","659.0000","664.0000","658.0000","662.0000","662.0000","676.0000","659.0000","675.0000","659.0000","676.0000","658.0000","675.0000"," ","0.0000","0.0000","37000","24634700","665.8027"
"20201211","01","11","    87710","JP3130300001","2077.0000","2102.0000","2069.0000","2085.0000","2076.0000","2103.0000","2076.0000","2099.0000","2077.0000","2103.0000","2069.0000","2099.0000"," ","0.0000","0.0000","112700","235351200","2088.2981"
"20201211","01","11","    87720","JP3109900005","701.0000","703.0000","700.0000","701.0000","702.0000","703.0000","700.0000","703.0000","701.0000","703.0000","700.0000","703.0000"," ","0.0000","0.0000","15400","10800500","701.3312"
"20201211","01","11","    87930","JP3164740007","1839.0000","1845.0000","1821.0000","1835.0000","1834.0000","1848.0000","1833.0000","1844.0000","1839.0000","1848.0000","1821.0000","1844.0000"," ","0.0000","0.0000","18700","34333500","1836.0160"
"20201211","01","11","    87950","JP3539220008","1218.0000","1225.0000","1196.0000","1205.0000","1208.0000","1213.0000","1203.0000","1207.0000","1218.0000","1225.0000","1196.0000","1207.0000"," ","0.0000","0.0000","2533900","3064326900","1209.3322"
"20201211","01","11","    87980","JP3122100005","1880.0000","1928.0000","1880.0000","1897.0000","1899.0000","1913.0000","1888.0000","1913.0000","1880.0000","1928.0000","1880.0000","1913.0000"," ","0.0000","0.0000","5000","9484900","1896.9800"
"20201211","01","11","    88010","JP3893200000","2258.5000","2271.0000","2236.5000","2246.5000","2240.0000","2257.0000","2238.5000","2252.5000","2258.5000","2271.0000","2236.5000","2252.5000"," ","0.0000","0.0000","2379800","5363380800","2253.7107"
"20201211","01","11","    88020","JP3899600005","1752.5000","1759.5000","1728.5000","1731.5000","1732.5000","1745.0000","1729.5000","1744.5000","1752.5000","1759.5000","1728.5000","1744.5000"," ","0.0000","0.0000","4091200","7127082250","1742.0518"
"20201211","01","11","    88030","JP3834800009","3430.0000","3480.0000","3400.0000","3405.0000","3395.0000","3435.0000","3390.0000","3425.0000","3430.0000","3480.0000","3390.0000","3425.0000"," ","0.0000","0.0000","89800","307240500","3421.3864"
"20201211","01","11","    88040","JP3582600007","1479.0000","1486.0000","1464.0000","1465.0000","1459.0000","1468.0000","1449.0000","1452.0000","1479.0000","1486.0000","1449.0000","1452.0000"," ","0.0000","0.0000","643900","943027000","1464.5551"
"20201211","01","11","    88060","JP3497200000","1317.0000","1326.0000","1307.0000","1312.0000","1306.0000","1314.0000","1305.0000","1312.0000","1317.0000","1326.0000","1305.0000","1312.0000"," ","0.0000","0.0000","145300","190688400","1312.3772"
"20201211","01","11","    88180","JP3279000008","1964.0000","1965.0000","1940.0000","1943.0000","1950.0000","1953.0000","1943.0000","1950.0000","1964.0000","1965.0000","1940.0000","1950.0000"," ","0.0000","0.0000","93200","181855400","1951.2382"
"20201211","01","11","    88300","JP3409000001","3497.0000","3508.0000","3445.0000","3448.0000","3433.0000","3472.0000","3433.0000","3469.0000","3497.0000","3508.0000","3433.0000","3469.0000"," ","0.0000","0.0000","1066000","3705473900","3476.0543"
"20201211","01","11","    88350","JP3448800007","624.0000","636.0000","624.0000","628.0000","626.0000","639.0000","625.0000","633.0000","624.0000","639.0000","624.0000","633.0000"," ","0.0000","0.0000","24100","15184600","630.0664"
"20201211","01","11","    88410","JP3538400007","680.0000","686.0000","676.0000","677.0000","676.0000","687.0000","675.0000","680.0000","680.0000","687.0000","675.0000","680.0000"," ","0.0000","0.0000","44100","30020700","680.7415"
"20201211","01","11","    88420","JP3589800006","4240.0000","4275.0000","4215.0000","4250.0000","4265.0000","4390.0000","4265.0000","4350.0000","4240.0000","4390.0000","4215.0000","4350.0000"," ","0.0000","0.0000","5000","21473000","4294.6000"
"20201211","01","11","    88480","JP3167500002","140.0000","141.0000","139.0000","140.0000","140.0000","142.0000","139.0000","142.0000","140.0000","142.0000","139.0000","142.0000"," ","0.0000","0.0000","1833400","257709300","140.5636"
"20201211","01","11","    88500","JP3399200009","3060.0000","3090.0000","3040.0000","3050.0000","3045.0000","3065.0000","3005.0000","3060.0000","3060.0000","3090.0000","3005.0000","3060.0000"," ","0.0000","0.0000","128900","392661500","3046.2490"
"20201211","01","11","    88600","JP3815000009","628.0000","631.0000","624.0000","627.0000","622.0000","627.0000","616.0000","616.0000","628.0000","631.0000","616.0000","616.0000"," ","0.0000","0.0000","104900","65499900","624.4032"
"20201211","01","11","    88640","JP3266050008","485.0000","490.0000","484.0000","487.0000","485.0000","495.0000","485.0000","493.0000","485.0000","495.0000","484.0000","493.0000"," ","0.0000","0.0000","36100","17633200","488.4543"
"20201211","01","11","    88690","JP3920850009","532.0000","535.0000","530.0000","535.0000","533.0000","536.0000","531.0000","534.0000","532.0000","536.0000","530.0000","534.0000"," ","0.0000","0.0000","50100","26708800","533.1098"
"20201211","01","11","    88710","JP3306800008","1565.0000","1579.0000","1563.0000","1565.0000","1565.0000","1575.0000","1562.0000","1565.0000","1565.0000","1579.0000","1562.0000","1565.0000"," ","0.0000","0.0000","94400","148146200","1569.3453"
"20201211","01","11","    88760","JP3755200007","2593.0000","2654.0000","2586.0000","2649.0000","2649.0000","2660.0000","2641.0000","2654.0000","2593.0000","2660.0000","2586.0000","2654.0000"," ","0.0000","0.0000","436100","1148101900","2632.6574"
"20201211","01","11","    88770","JP3688350002","1345.0000","1346.0000","1338.0000","1343.0000","1338.0000","1350.0000","1337.0000","1347.0000","1345.0000","1350.0000","1337.0000","1347.0000"," ","0.0000","0.0000","18500","24854800","1343.5027"
"20201211","01","11","    88810","JP3677900007","402.0000","405.0000","400.0000","405.0000","404.0000","409.0000","402.0000","409.0000","402.0000","409.0000","400.0000","409.0000"," ","0.0000","0.0000","48500","19588000","403.8763"
"20201211","01","11","    88920","JP3688330004","902.0000","903.0000","887.0000","894.0000","894.0000","906.0000","892.0000","904.0000","902.0000","906.0000","887.0000","904.0000"," ","0.0000","0.0000","357100","319915400","895.8706"
"20201211","01","11","    88970","JP3460800000","313.0000","313.0000","309.0000","310.0000","310.0000","312.0000","310.0000","310.0000","313.0000","313.0000","309.0000","310.0000"," ","0.0000","0.0000","285500","88777500","310.9545"
"20201211","01","11","    89040","JP3337500007","841.0000","842.0000","831.0000","842.0000","837.0000","837.0000","827.0000","834.0000","841.0000","842.0000","827.0000","834.0000"," ","0.0000","0.0000","18900","15793900","835.6561"
"20201211","01","11","    89050","JP3131430005","1677.0000","1686.0000","1666.0000","1669.0000","1672.0000","1682.0000","1669.0000","1682.0000","1677.0000","1686.0000","1666.0000","1682.0000"," ","0.0000","0.0000","483900","811165800","1676.3087"
"20201211","01","11","    89080","JP3860280001","689.0000","693.0000","688.0000","689.0000","689.0000","692.0000","688.0000","690.0000","689.0000","693.0000","688.0000","690.0000"," ","0.0000","0.0000","10600","7305300","689.1792"
"20201211","01","11","    89170","JP3802230007","1025.0000","1025.0000","1013.0000","1013.0000","1014.0000","1020.0000","1005.0000","1012.0000","1025.0000","1025.0000","1005.0000","1012.0000"," ","0.0000","0.0000","19400","19729800","1017.0000"
"20201211","01","11","    89180","JP3968800007","9.0000","10.0000","9.0000","9.0000","9.0000","10.0000","9.0000","9.0000","9.0000","10.0000","9.0000","9.0000"," ","0.0000","0.0000","50976900","458868200","9.0015"
"20201211","01","11","    89190","JP3932950003","3160.0000","3250.0000","3160.0000","3240.0000","3205.0000","3240.0000","3205.0000","3235.0000","3160.0000","3250.0000","3160.0000","3235.0000"," ","0.0000","0.0000","159700","513135000","3213.1183"
"20201211","01","11","    89200","JP3594400008","1649.0000","1653.0000","1609.0000","1624.0000","1630.0000","1666.0000","1614.0000","1649.0000","1649.0000","1666.0000","1609.0000","1649.0000"," ","0.0000","0.0000","244800","401080600","1638.4011"
"20201211","01","11","    89230","JP3595070008","1227.0000","1238.0000","1222.0000","1225.0000","1228.0000","1228.0000","1221.0000","1225.0000","1227.0000","1238.0000","1221.0000","1225.0000"," ","0.0000","0.0000","142100","174184600","1225.7889"
"20201211","01","11","    89280","JP3122430006","1670.0000","1670.0000","1650.0000","1651.0000","1649.0000","1649.0000","1640.0000","1640.0000","1670.0000","1670.0000","1640.0000","1640.0000"," ","0.0000","0.0000","7200","11895600","1652.1667"
"20201211","01","11","    89340","JP3336950005","892.0000","896.0000","883.0000","885.0000","884.0000","887.0000","882.0000","884.0000","892.0000","896.0000","882.0000","884.0000"," ","0.0000","0.0000","150500","133411500","886.4551"
"20201211","01","11","    89350","JP3166930002","1053.0000","1053.0000","1037.0000","1045.0000","1045.0000","1050.0000","1033.0000","1038.0000","1053.0000","1053.0000","1033.0000","1038.0000"," ","0.0000","0.0000","131800","137352900","1042.1313"
"20201211","01","11","    89400","JP3153150002","534.0000","534.0000","529.0000","529.0000","529.0000","546.0000","526.0000","537.0000","534.0000","546.0000","526.0000","537.0000"," ","0.0000","0.0000","18200","9707200","533.3626"
"20201211","01","11","    89440","JP3968850002","335.0000","337.0000","327.0000","329.0000","329.0000","333.0000","328.0000","329.0000","335.0000","337.0000","327.0000","329.0000"," ","0.0000","0.0000","90800","30155400","332.1079"
"20201211","01","11","    89450","JP3713400004","1005.0000","1009.0000","1000.0000","1001.0000","1000.0000","1003.0000","991.0000","995.0000","1005.0000","1009.0000","991.0000","995.0000"," ","0.0000","0.0000","43700","43651600","998.8924"
"20201211","01","11","    89510","JP3027670003","580000.0000","585000.0000","577000.0000","584000.0000","584000.0000","588000.0000","583000.0000","588000.0000","580000.0000","588000.0000","577000.0000","588000.0000"," ","0.0000","0.0000","9665","5638488000","583392.4470"
"20201211","01","11","    89520","JP3027680002","548000.0000","556000.0000","548000.0000","554000.0000","553000.0000","558000.0000","553000.0000","556000.0000","548000.0000","558000.0000","548000.0000","556000.0000"," ","0.0000","0.0000","6402","3534711000","552126.0544"
"20201211","01","11","    89530","JP3039710003","173300.0000","176200.0000","173100.0000","173500.0000","173500.0000","175500.0000","173000.0000","175300.0000","173300.0000","176200.0000","173000.0000","175300.0000"," ","0.0000","0.0000","15187","2643874000","174087.9700"
"20201211","01","11","    89540","JP3040880001","158100.0000","160000.0000","157900.0000","158600.0000","159400.0000","160000.0000","158600.0000","159800.0000","158100.0000","160000.0000","157900.0000","159800.0000"," ","0.0000","0.0000","11312","1797218200","158877.1393"
"20201211","01","11","    89550","JP3040890000","328000.0000","328500.0000","322000.0000","324000.0000","324500.0000","326000.0000","321500.0000","325000.0000","328000.0000","328500.0000","321500.0000","325000.0000"," ","0.0000","0.0000","8501","2763806000","325115.3982"
"20201211","01","11","    89560","JP3041770003","120100.0000","121100.0000","119600.0000","120100.0000","119900.0000","121100.0000","119800.0000","120900.0000","120100.0000","121100.0000","119600.0000","120900.0000"," ","0.0000","0.0000","5268","634264700","120399.5254"
"20201211","01","11","    89570","JP3044510000","150000.0000","152400.0000","150000.0000","151900.0000","152100.0000","152900.0000","151700.0000","152300.0000","150000.0000","152900.0000","150000.0000","152300.0000"," ","0.0000","0.0000","2748","415171700","151081.4047"
"20201211","01","11","    89580","JP3044520009","98000.0000","99600.0000","98000.0000","99100.0000","99000.0000","100500.0000","98900.0000","100100.0000","98000.0000","100500.0000","98000.0000","100100.0000"," ","0.0000","0.0000","4794","474886300","99058.4689"
"20201211","01","11","    89600","JP3045540006","120800.0000","122400.0000","120000.0000","122000.0000","122100.0000","123500.0000","121900.0000","123000.0000","120800.0000","123500.0000","120000.0000","123000.0000"," ","0.0000","0.0000","17660","2156151400","122092.3783"
"20201211","01","11","    89610","JP3046170001","127000.0000","128200.0000","126500.0000","127100.0000","127100.0000","128500.0000","127100.0000","128500.0000","127000.0000","128500.0000","126500.0000","128500.0000"," ","0.0000","0.0000","3549","452350500","127458.5799"
"20201211","01","11","    89630","JP3046190009","34050.0000","34550.0000","33700.0000","34200.0000","34100.0000","34300.0000","33950.0000","34100.0000","34050.0000","34550.0000","33700.0000","34100.0000"," ","0.0000","0.0000","57883","1974806450","34117.2097"
"20201211","01","11","    89640","JP3046200006","380000.0000","383000.0000","378500.0000","383000.0000","383000.0000","384500.0000","382500.0000","384000.0000","380000.0000","384500.0000","378500.0000","384000.0000"," ","0.0000","0.0000","2184","833529500","381652.7015"
"20201211","01","11","    89660","JP3046220004","119800.0000","120000.0000","118700.0000","119000.0000","118700.0000","119200.0000","117900.0000","118500.0000","119800.0000","120000.0000","117900.0000","118500.0000"," ","0.0000","0.0000","3823","454703700","118938.9746"
"20201211","01","11","    89670","JP3046230003","296700.0000","297900.0000","292600.0000","294100.0000","292700.0000","296200.0000","292100.0000","295400.0000","296700.0000","297900.0000","292100.0000","295400.0000"," ","0.0000","0.0000","3969","1172992800","295538.6243"
"20201211","01","11","    89680","JP3046240002","147700.0000","147900.0000","147300.0000","147600.0000","147700.0000","149000.0000","147300.0000","148800.0000","147700.0000","149000.0000","147300.0000","148800.0000"," ","0.0000","0.0000","4128","610422000","147873.5465"
"20201211","01","11","    89720","JP3046270009","665000.0000","672000.0000","662000.0000","668000.0000","668000.0000","677000.0000","665000.0000","675000.0000","665000.0000","677000.0000","662000.0000","675000.0000"," ","0.0000","0.0000","1910","1277486000","668840.8377"
"20201211","01","11","    89750","JP3046300004","67600.0000","68200.0000","67500.0000","67700.0000","68000.0000","68500.0000","67600.0000","68400.0000","67600.0000","68500.0000","67500.0000","68400.0000"," ","0.0000","0.0000","5941","403308500","67885.6253"
"20201211","01","11","    89760","JP3046310003","607000.0000","617000.0000","606000.0000","617000.0000","617000.0000","622000.0000","611000.0000","616000.0000","607000.0000","622000.0000","606000.0000","616000.0000"," ","0.0000","0.0000","1673","1026941000","613832.0383"
"20201211","01","11","    89770","JP3046320002","120400.0000","122400.0000","120400.0000","122000.0000","121800.0000","122700.0000","121600.0000","122500.0000","120400.0000","122700.0000","120400.0000","122500.0000"," ","0.0000","0.0000","2207","267814000","121347.5306"
"20201211","01","11","    89790","JP3046340000","191100.0000","192200.0000","190400.0000","190500.0000","190700.0000","192100.0000","190700.0000","191900.0000","191100.0000","192200.0000","190400.0000","191900.0000"," ","0.0000","0.0000","840","160585600","191173.3333"
"20201211","01","11","    89840","JP3046390005","245000.0000","247400.0000","244700.0000","245200.0000","245200.0000","247400.0000","245200.0000","246400.0000","245000.0000","247400.0000","244700.0000","246400.0000"," ","0.0000","0.0000","11565","2843968900","245911.7077"
"20201211","01","11","    89850","JP3046400002","53700.0000","53700.0000","52800.0000","53200.0000","53100.0000","53300.0000","52700.0000","53000.0000","53700.0000","53700.0000","52700.0000","53000.0000"," ","0.0000","0.0000","26784","1425409400","53218.6903"
"20201211","01","11","    89860","JP3046410001","92500.0000","92900.0000","92100.0000","92300.0000","92200.0000","92900.0000","92100.0000","92600.0000","92500.0000","92900.0000","92100.0000","92600.0000"," ","0.0000","0.0000","8248","762890500","92493.9985"
"20201211","01","11","    89870","JP3046420000","119800.0000","122100.0000","119800.0000","120500.0000","120600.0000","121100.0000","120400.0000","121100.0000","119800.0000","122100.0000","119800.0000","121100.0000"," ","0.0000","0.0000","4748","571813400","120432.4768"
"20201211","01","11","    89990","JP3274030000","382.0000","383.0000","375.0000","377.0000","378.0000","380.0000","376.0000","380.0000","382.0000","383.0000","375.0000","380.0000"," ","0.0000","0.0000","90100","34116100","378.6471"
"20201211","01","11","    90010","JP3597800006","3075.0000","3100.0000","3060.0000","3070.0000","3055.0000","3120.0000","3055.0000","3115.0000","3075.0000","3120.0000","3055.0000","3115.0000"," ","0.0000","0.0000","519400","1605562500","3091.1869"
"20201211","01","11","    90030","JP3316400005","2624.0000","2633.0000","2601.0000","2601.0000","2600.0000","2642.0000","2596.0000","2642.0000","2624.0000","2642.0000","2596.0000","2642.0000"," ","0.0000","0.0000","174300","457467300","2624.5972"
"20201211","01","11","    90050","JP3574200006","1277.0000","1285.0000","1272.0000","1279.0000","1275.0000","1297.0000","1275.0000","1297.0000","1277.0000","1297.0000","1272.0000","1297.0000"," ","0.0000","0.0000","1348200","1733359800","1285.6845"
"20201211","01","11","    90060","JP3280200001","1804.0000","1804.0000","1781.0000","1786.0000","1780.0000","1814.0000","1773.0000","1813.0000","1804.0000","1814.0000","1773.0000","1813.0000"," ","0.0000","0.0000","570200","1025010300","1797.6329"
"20201211","01","11","    90070","JP3196000008","3195.0000","3215.0000","3165.0000","3205.0000","3190.0000","3275.0000","3190.0000","3270.0000","3195.0000","3275.0000","3165.0000","3270.0000"," ","0.0000","0.0000","844600","2724480000","3225.7637"
"20201211","01","11","    90080","JP3277800003","7620.0000","7640.0000","7490.0000","7530.0000","7500.0000","7680.0000","7490.0000","7660.0000","7620.0000","7680.0000","7490.0000","7660.0000"," ","0.0000","0.0000","327600","2491508000","7605.3358"
"20201211","01","11","    90090","JP3278600006","3755.0000","3760.0000","3705.0000","3725.0000","3730.0000","3765.0000","3710.0000","3765.0000","3755.0000","3765.0000","3705.0000","3765.0000"," ","0.0000","0.0000","624900","2341693500","3747.3092"
"20201211","01","11","    90100","JP3810400006","4735.0000","4760.0000","4685.0000","4750.0000","4720.0000","4770.0000","4720.0000","4770.0000","4735.0000","4770.0000","4685.0000","4770.0000"," ","0.0000","0.0000","67300","319323000","4744.7697"
"20201211","01","11","    90140","JP3372400006","2237.0000","2246.0000","2225.0000","2242.0000","2227.0000","2245.0000","2227.0000","2239.0000","2237.0000","2246.0000","2225.0000","2239.0000"," ","0.0000","0.0000","3400","7608400","2237.7647"
"20201211","01","11","    90200","JP3783600004","6949.0000","6969.0000","6891.0000","6911.0000","6918.0000","6995.0000","6900.0000","6989.0000","6949.0000","6995.0000","6891.0000","6989.0000"," ","0.0000","0.0000","1368800","9514658500","6951.0948"
"20201211","01","11","    90210","JP3659000008","5493.0000","5515.0000","5409.0000","5440.0000","5435.0000","5498.0000","5411.0000","5498.0000","5493.0000","5515.0000","5409.0000","5498.0000"," ","0.0000","0.0000","1332800","7291988900","5471.1801"
"20201211","01","11","    90220","JP3566800003","14200.0000","14270.0000","14065.0000","14070.0000","14055.0000","14260.0000","14020.0000","14260.0000","14200.0000","14270.0000","14020.0000","14260.0000"," ","0.0000","0.0000","654500","9284109000","14185.0405"
"20201211","01","11","    90240","JP3417200007","1069.0000","1073.0000","1051.0000","1056.0000","1054.0000","1072.0000","1053.0000","1067.0000","1069.0000","1073.0000","1051.0000","1067.0000"," ","0.0000","0.0000","1483800","1576337200","1062.3650"
"20201211","01","11","    90250","JP3288970001","1015.0000","1021.0000","1012.0000","1012.0000","1012.0000","1029.0000","1010.0000","1028.0000","1015.0000","1029.0000","1010.0000","1028.0000"," ","0.0000","0.0000","46900","47750600","1018.1365"
"20201211","01","11","    90310","JP3658800002","2920.0000","2936.0000","2900.0000","2918.0000","2917.0000","2966.0000","2906.0000","2966.0000","2920.0000","2966.0000","2900.0000","2966.0000"," ","0.0000","0.0000","96000","281844700","2935.8823"
"20201211","01","11","    90370","JP3771150004","2916.0000","2928.0000","2891.0000","2896.0000","2902.0000","2906.0000","2896.0000","2900.0000","2916.0000","2928.0000","2891.0000","2900.0000"," ","0.0000","0.0000","42700","124068300","2905.5808"
"20201211","01","11","    90390","JP3314200001","5270.0000","5370.0000","5270.0000","5310.0000","5320.0000","5380.0000","5310.0000","5370.0000","5270.0000","5380.0000","5270.0000","5370.0000"," ","0.0000","0.0000","17500","93249000","5328.5143"
"20201211","01","11","    90410","JP3260800002","4660.0000","4700.0000","4625.0000","4645.0000","4625.0000","4700.0000","4625.0000","4700.0000","4660.0000","4700.0000","4625.0000","4700.0000"," ","0.0000","0.0000","350500","1636695500","4669.6020"
"20201211","01","11","    90420","JP3774200004","3445.0000","3470.0000","3435.0000","3445.0000","3430.0000","3495.0000","3430.0000","3495.0000","3445.0000","3495.0000","3430.0000","3495.0000"," ","0.0000","0.0000","447000","1549265500","3465.9183"
"20201211","01","11","    90440","JP3653000004","2645.0000","2660.0000","2626.0000","2639.0000","2633.0000","2674.0000","2631.0000","2673.0000","2645.0000","2674.0000","2626.0000","2673.0000"," ","0.0000","0.0000","197700","524676000","2653.8998"
"20201211","01","11","    90450","JP3279400000","4950.0000","5010.0000","4945.0000","4975.0000","5000.0000","5020.0000","4975.0000","5020.0000","4950.0000","5020.0000","4945.0000","5020.0000"," ","0.0000","0.0000","220600","1100433500","4988.3658"
"20201211","01","11","    90460","JP3290600000","3635.0000","3635.0000","3615.0000","3625.0000","3630.0000","3695.0000","3630.0000","3695.0000","3635.0000","3695.0000","3615.0000","3695.0000"," ","0.0000","0.0000","6000","21879000","3646.5000"
"20201211","01","11","    90480","JP3649800004","2771.0000","2789.0000","2761.0000","2764.0000","2755.0000","2790.0000","2753.0000","2790.0000","2771.0000","2790.0000","2753.0000","2790.0000"," ","0.0000","0.0000","522600","1451600800","2777.6517"
"20201211","01","11","    90520","JP3341600009","1988.0000","1997.0000","1988.0000","1994.0000","1989.0000","2004.0000","1985.0000","1999.0000","1988.0000","2004.0000","1985.0000","1999.0000"," ","0.0000","0.0000","28200","56259100","1995.0035"
"20201211","01","11","    90580","JP3635650009","8530.0000","8540.0000","8460.0000","8460.0000","8460.0000","8590.0000","8460.0000","8580.0000","8530.0000","8590.0000","8460.0000","8580.0000"," ","0.0000","0.0000","8800","75124000","8536.8182"
"20201211","01","11","    90620","JP3729400006","6940.0000","6980.0000","6860.0000","6880.0000","6880.0000","6980.0000","6860.0000","6980.0000","6940.0000","6980.0000","6860.0000","6980.0000"," ","0.0000","0.0000","265600","1841314000","6932.6581"
"20201211","01","11","    90640","JP3940000007","2550.0000","2587.0000","2547.0000","2566.0000","2570.0000","2600.0000","2562.0000","2599.0000","2550.0000","2600.0000","2547.0000","2599.0000"," ","0.0000","0.0000","1503800","3870092000","2573.5417"
"20201211","01","11","    90650","JP3326000001","3920.0000","3975.0000","3905.0000","3935.0000","3925.0000","3980.0000","3915.0000","3975.0000","3920.0000","3980.0000","3905.0000","3975.0000"," ","0.0000","0.0000","216800","856215500","3949.3335"
"20201211","01","11","    90660","JP3674400001","1234.0000","1254.0000","1232.0000","1235.0000","1235.0000","1235.0000","1228.0000","1234.0000","1234.0000","1254.0000","1228.0000","1234.0000"," ","0.0000","0.0000","64400","79583000","1235.7609"
"20201211","01","11","    90670","JP3871600007","254.0000","255.0000","253.0000","254.0000","254.0000","258.0000","254.0000","258.0000","254.0000","258.0000","253.0000","258.0000"," ","0.0000","0.0000","30800","7857500","255.1136"
"20201211","01","11","    90680","JP3876000005","3345.0000","3360.0000","3310.0000","3315.0000","3245.0000","3375.0000","3210.0000","3345.0000","3345.0000","3375.0000","3210.0000","3345.0000"," ","0.0000","0.0000","24700","82125500","3324.9190"
"20201211","01","11","    90690","JP3423800006","990.0000","993.0000","987.0000","993.0000","991.0000","1001.0000","989.0000","1001.0000","990.0000","1001.0000","987.0000","1001.0000"," ","0.0000","0.0000","276200","274476500","993.7600"
"20201211","01","11","    90700","JP3629400007","6270.0000","6290.0000","6080.0000","6150.0000","6150.0000","6200.0000","6110.0000","6170.0000","6270.0000","6290.0000","6080.0000","6170.0000"," ","0.0000","0.0000","22800","141976000","6227.0175"
"20201211","01","11","    90720","JP3709600005","2102.0000","2102.0000","2055.0000","2057.0000","2054.0000","2092.0000","2049.0000","2091.0000","2102.0000","2102.0000","2049.0000","2091.0000"," ","0.0000","0.0000","90100","187926500","2085.7547"
"20201211","01","11","    90740","JP3724600006","2600.0000","2601.0000","2586.0000","2586.0000","2586.0000","2597.0000","2580.0000","2580.0000","2600.0000","2601.0000","2580.0000","2580.0000"," ","0.0000","0.0000","4300","11140000","2590.6977"
"20201211","01","11","    90750","JP3806800003","4360.0000","4360.0000","4210.0000","4215.0000","4215.0000","4360.0000","4210.0000","4360.0000","4360.0000","4360.0000","4210.0000","4360.0000"," ","0.0000","0.0000","91700","395682000","4314.9618"
"20201211","01","11","    90760","JP3415400005","1382.0000","1392.0000","1368.0000","1374.0000","1370.0000","1394.0000","1370.0000","1394.0000","1382.0000","1394.0000","1368.0000","1394.0000"," ","0.0000","0.0000","650400","899542500","1383.0604"
"20201211","01","11","    90780","JP3164000006","904.0000","904.0000","903.0000","903.0000","905.0000","907.0000","904.0000","904.0000","904.0000","907.0000","903.0000","904.0000"," ","0.0000","0.0000","4400","3978800","904.2727"
"20201211","01","11","    90810","JP3214600003","4015.0000","4020.0000","3980.0000","3990.0000","3990.0000","4010.0000","3970.0000","4010.0000","4015.0000","4020.0000","3970.0000","4010.0000"," ","0.0000","0.0000","8300","33239500","4004.7590"
"20201211","01","11","    90860","JP3791200003","3070.0000","3105.0000","3040.0000","3080.0000","3060.0000","3100.0000","3055.0000","3100.0000","3070.0000","3105.0000","3040.0000","3100.0000"," ","0.0000","0.0000","230200","707490500","3073.3732"
"20201211","01","11","    90900","JP3879170003","4080.0000","4150.0000","4040.0000","4120.0000","4120.0000","4150.0000","4110.0000","4150.0000","4080.0000","4150.0000","4040.0000","4150.0000"," ","0.0000","0.0000","79600","327340500","4112.3178"
"20201211","01","11","    90990","JP3346180007","1933.0000","1952.0000","1911.0000","1928.0000","1933.0000","1972.0000","1931.0000","1967.0000","1933.0000","1972.0000","1911.0000","1967.0000"," ","0.0000","0.0000","28600","55507800","1940.8322"
"20201211","01","11","    91010","JP3753000003","2382.0000","2407.0000","2327.0000","2335.0000","2324.0000","2344.0000","2312.0000","2339.0000","2382.0000","2407.0000","2312.0000","2339.0000"," ","0.0000","0.0000","2452900","5746086100","2342.5684"
"20201211","01","11","    91040","JP3362700001","3005.0000","3035.0000","2945.0000","2965.0000","2958.0000","2972.0000","2944.0000","2966.0000","3005.0000","3035.0000","2944.0000","2966.0000"," ","0.0000","0.0000","986400","2929896800","2970.2928"
"20201211","01","11","    91070","JP3223800008","1975.0000","1987.0000","1917.0000","1918.0000","1901.0000","1929.0000","1898.0000","1916.0000","1975.0000","1987.0000","1898.0000","1916.0000"," ","0.0000","0.0000","1327000","2565929600","1933.6320"
"20201211","01","11","    91100","JP3385000009","1392.0000","1392.0000","1369.0000","1369.0000","1372.0000","1380.0000","1363.0000","1373.0000","1392.0000","1392.0000","1363.0000","1373.0000"," ","0.0000","0.0000","42200","58077700","1376.2488"
"20201211","01","11","    91150","JP3916200003","418.0000","418.0000","410.0000","414.0000","412.0000","413.0000","410.0000","412.0000","418.0000","418.0000","410.0000","412.0000"," ","0.0000","0.0000","27800","11500300","413.6799"
"20201211","01","11","    91190","JP3131200002","414.0000","421.0000","411.0000","412.0000","411.0000","415.0000","410.0000","415.0000","414.0000","421.0000","410.0000","415.0000"," ","0.0000","0.0000","200100","82847100","414.0285"
"20201211","01","11","    91300","JP3247600004","843.0000","846.0000","842.0000","845.0000","848.0000","858.0000","845.0000","855.0000","843.0000","858.0000","842.0000","855.0000"," ","0.0000","0.0000","20600","17515800","850.2816"
"20201211","01","11","    91420","JP3247010006","2290.0000","2299.0000","2277.0000","2282.0000","2277.0000","2308.0000","2272.0000","2307.0000","2290.0000","2308.0000","2272.0000","2307.0000"," ","0.0000","0.0000","677200","1553134100","2293.4644"
"20201211","01","11","    91430","JP3162770006","2771.0000","2869.0000","2765.0000","2822.0000","2814.0000","2854.0000","2805.0000","2852.0000","2771.0000","2869.0000","2765.0000","2852.0000"," ","0.0000","0.0000","1247200","3520581200","2822.7880"
"20201211","01","11","    92010","JP3705200008","1964.0000","1971.0000","1944.0000","1959.0000","1959.0000","2000.0000","1951.0000","2000.0000","1964.0000","2000.0000","1944.0000","2000.0000"," ","0.0000","0.0000","5972600","11800477700","1975.7690"
"20201211","01","11","    92020","JP3429800000","2433.0000","2501.5000","2418.5000","2497.0000","2493.5000","2525.5000","2480.0000","2520.0000","2433.0000","2525.5000","2418.5000","2520.0000"," ","0.0000","0.0000","9365500","23294769850","2487.2959"
"20201211","01","11","    92320","JP3781400001","1443.0000","1443.0000","1411.0000","1413.0000","1410.0000","1429.0000","1406.0000","1429.0000","1443.0000","1443.0000","1406.0000","1429.0000"," ","0.0000","0.0000","16700","23717700","1420.2216"
"20201211","01","11","    92600","JP3659350007","2230.0000","2239.0000","2228.0000","2232.0000","2237.0000","2250.0000","2230.0000","2250.0000","2230.0000","2250.0000","2228.0000","2250.0000"," ","0.0000","0.0000","34100","76100000","2231.6716"
"20201211","01","11","    92620","JP3369800002","2319.0000","2370.0000","2253.0000","2283.0000","2298.0000","2349.0000","2282.0000","2328.0000","2319.0000","2370.0000","2253.0000","2328.0000"," ","0.0000","0.0000","247900","574236300","2316.4030"
"20201211","01","11","    92650","JP3936200009","1397.0000","1397.0000","1390.0000","1390.0000","1390.0000","1396.0000","1390.0000","1396.0000","1397.0000","1397.0000","1390.0000","1396.0000"," ","0.0000","0.0000","1900","2649700","1394.5789"
"20201211","01","11","    92660","JP3142330004","532.0000","536.0000","531.0000","536.0000","533.0000","537.0000","531.0000","531.0000","532.0000","537.0000","531.0000","531.0000"," ","0.0000","0.0000","13400","7140600","532.8806"
"20201211","01","11","    92670","JP3282750003","4105.0000","4180.0000","4100.0000","4150.0000","4160.0000","4170.0000","4135.0000","4170.0000","4105.0000","4180.0000","4100.0000","4170.0000"," ","0.0000","0.0000","102700","423821500","4126.7916"
"20201211","01","11","    92730","JP3283420002","1508.0000","1559.0000","1502.0000","1557.0000","1560.0000","1561.0000","1517.0000","1533.0000","1508.0000","1561.0000","1502.0000","1533.0000"," ","0.0000","0.0000","75500","115887400","1534.9325"
"20201211","01","11","    92740","JP3293350009","258.0000","258.0000","249.0000","254.0000","253.0000","256.0000","248.0000","250.0000","258.0000","258.0000","248.0000","250.0000"," ","0.0000","0.0000","111700","28557500","255.6625"
"20201211","01","11","    92750","JP3652010004","719.0000","738.0000","716.0000","735.0000","735.0000","740.0000","724.0000","729.0000","719.0000","740.0000","716.0000","729.0000"," ","0.0000","0.0000","36300","26526400","730.7548"
"20201211","01","11","    92780","JP3829940000","840.0000","842.0000","835.0000","836.0000","834.0000","839.0000","833.0000","839.0000","840.0000","842.0000","833.0000","839.0000"," ","0.0000","0.0000","19100","15999500","837.6702"
"20201211","01","11","    92790","JP3264860002","1711.0000","1755.0000","1711.0000","1755.0000","1753.0000","1766.0000","1744.0000","1760.0000","1711.0000","1766.0000","1711.0000","1760.0000"," ","0.0000","0.0000","36400","63519200","1745.0330"
"20201211","01","11","    92810","JP3048210003","114100.0000","114500.0000","113800.0000","113800.0000","113900.0000","114100.0000","113800.0000","114000.0000","114100.0000","114500.0000","113800.0000","114000.0000"," ","0.0000","0.0000","562","64075100","114012.6335"
"20201211","01","11","    92820","JP3048360006","61700.0000","61700.0000","61500.0000","61500.0000","61400.0000","61800.0000","61400.0000","61800.0000","61700.0000","61800.0000","61400.0000","61800.0000"," ","0.0000","0.0000","145","8934600","61617.9310"
"20201211","01","11","    92830","JP3048410009","106300.0000","106300.0000","105700.0000","106000.0000","106000.0000","106300.0000","105800.0000","105900.0000","106300.0000","106300.0000","105700.0000","105900.0000"," ","0.0000","0.0000","199","21115600","106108.5427"
"20201211","01","11","    92840","JP3048590008","132000.0000","132100.0000","131600.0000","131800.0000","131800.0000","131900.0000","131000.0000","131000.0000","132000.0000","132100.0000","131000.0000","131000.0000"," ","0.0000","0.0000","302","39726000","131543.0464"
"20201211","01","11","    92850","JP3048780005","94100.0000","94200.0000","94000.0000","94100.0000","94100.0000","94100.0000","93500.0000","93900.0000","94100.0000","94200.0000","93500.0000","93900.0000"," ","0.0000","0.0000","1053","98835600","93860.9687"
"20201211","01","11","    92860","JP3048820009","87900.0000","88200.0000","87900.0000","88100.0000","88000.0000","88100.0000","88000.0000","88000.0000","87900.0000","88200.0000","87900.0000","88000.0000"," ","0.0000","0.0000","1770","155807800","88027.0056"
"20201211","01","11","    92870","JP3049000007","93100.0000","94000.0000","92200.0000","93500.0000","93100.0000","95100.0000","93100.0000","94300.0000","93100.0000","95100.0000","92200.0000","94300.0000"," ","0.0000","0.0000","457","42505800","93010.5033"
"20201211","01","11","    93010","JP3902000003","2924.0000","2939.0000","2857.0000","2880.0000","2883.0000","2933.0000","2876.0000","2933.0000","2924.0000","2939.0000","2857.0000","2933.0000"," ","0.0000","0.0000","391600","1139927700","2910.9492"
"20201211","01","11","    93020","JP3891200002","2099.0000","2150.0000","2090.0000","2127.0000","2127.0000","2144.0000","2122.0000","2144.0000","2099.0000","2150.0000","2090.0000","2144.0000"," ","0.0000","0.0000","125700","266948600","2123.6961"
"20201211","01","11","    93030","JP3407000003","1344.0000","1347.0000","1337.0000","1341.0000","1335.0000","1352.0000","1334.0000","1352.0000","1344.0000","1352.0000","1334.0000","1352.0000"," ","0.0000","0.0000","259600","348882200","1343.9222"
"20201211","01","11","    93040","JP3355600002","2317.0000","2351.0000","2298.0000","2301.0000","2285.0000","2394.0000","2281.0000","2384.0000","2317.0000","2394.0000","2281.0000","2384.0000"," ","0.0000","0.0000","20000","46568200","2328.4100"
"20201211","01","11","    93050","JP3937600009","1361.0000","1364.0000","1355.0000","1361.0000","1364.0000","1384.0000","1364.0000","1383.0000","1361.0000","1384.0000","1355.0000","1383.0000"," ","0.0000","0.0000","15700","21467700","1367.3694"
"20201211","01","11","    93060","JP3615400003","323.0000","323.0000","320.0000","321.0000","321.0000","325.0000","321.0000","325.0000","323.0000","325.0000","320.0000","325.0000"," ","0.0000","0.0000","23000","7430300","323.0565"
"20201211","01","11","    93080","JP3146800002","933.0000","942.0000","933.0000","936.0000","935.0000","943.0000","929.0000","943.0000","933.0000","943.0000","929.0000","943.0000"," ","0.0000","0.0000","12000","11225200","935.4333"
"20201211","01","11","    93100","JP3739600009","580.0000","580.0000","573.0000","573.0000","571.0000","579.0000","570.0000","579.0000","580.0000","580.0000","570.0000","579.0000"," ","0.0000","0.0000","25900","14979600","578.3629"
"20201211","01","11","    93120","JP3279800001","1369.0000","1374.0000","1356.0000","1361.0000","1372.0000","1372.0000","1362.0000","1372.0000","1369.0000","1374.0000","1356.0000","1372.0000"," ","0.0000","0.0000","8000","10930500","1366.3125"
"20201211","01","11","    93190","JP3516600008","1189.0000","1190.0000","1180.0000","1187.0000","1187.0000","1187.0000","1177.0000","1186.0000","1189.0000","1190.0000","1177.0000","1186.0000"," ","0.0000","0.0000","8100","9611400","1186.5926"
"20201211","01","11","    93220","JP3226800005","1112.0000","1116.0000","1110.0000","1110.0000","1113.0000","1113.0000","1099.0000","1099.0000","1112.0000","1116.0000","1099.0000","1099.0000"," ","0.0000","0.0000","3000","3328700","1109.5667"
"20201211","01","11","    93240","JP3932820008","1001.0000","1010.0000","1000.0000","1005.0000","1002.0000","1012.0000","1002.0000","1009.0000","1001.0000","1012.0000","1000.0000","1009.0000"," ","0.0000","0.0000","23000","23094900","1004.1261"
"20201211","01","11","    93250","JP3802360002","1024.0000","1059.0000","1024.0000","1059.0000","1056.0000","1057.0000","1039.0000","1048.0000","1024.0000","1059.0000","1024.0000","1048.0000"," ","0.0000","0.0000","95000","99334800","1045.6295"
"20201211","01","11","    93510","JP3619000007","1468.0000","1468.0000","1447.0000","1454.0000","1458.0000","1460.0000","1454.0000","1460.0000","1468.0000","1468.0000","1447.0000","1460.0000"," ","0.0000","0.0000","3700","5413200","1463.0270"
"20201211","01","11","    93580","JP3157600002","480.0000","480.0000","475.0000","479.0000","480.0000","501.0000","479.0000","500.0000","480.0000","501.0000","475.0000","500.0000"," ","0.0000","0.0000","32100","15611600","486.3427"
"20201211","01","11","    93640","JP3219000001","1875.0000","1900.0000","1847.0000","1853.0000","1854.0000","1876.0000","1850.0000","1876.0000","1875.0000","1900.0000","1847.0000","1876.0000"," ","0.0000","0.0000","802600","1498132500","1866.5992"
"20201211","01","11","    93660","JP3343400002","702.0000","704.0000","696.0000","700.0000","700.0000","707.0000","699.0000","707.0000","702.0000","707.0000","696.0000","707.0000"," ","0.0000","0.0000","7700","5401600","701.5065"
"20201211","01","11","    93680","JP3242500001","1046.0000","1046.0000","1046.0000","1046.0000","1045.0000","1049.0000","1044.0000","1046.0000","1046.0000","1049.0000","1044.0000","1046.0000"," ","0.0000","0.0000","5500","5753600","1046.1091"
"20201211","01","11","    93690","JP3244700005","1682.0000","1682.0000","1662.0000","1668.0000","1669.0000","1691.0000","1668.0000","1687.0000","1682.0000","1691.0000","1662.0000","1687.0000"," ","0.0000","0.0000","11000","18443800","1676.7091"
"20201211","01","11","    93750","JP3262900008","2151.0000","2203.0000","2151.0000","2160.0000","2155.0000","2181.0000","2151.0000","2171.0000","2151.0000","2203.0000","2151.0000","2171.0000"," ","0.0000","0.0000","262800","569742600","2167.9703"
"20201211","01","11","    93800","JP3121190007","320.0000","320.0000","317.0000","319.0000","319.0000","320.0000","317.0000","317.0000","320.0000","320.0000","317.0000","317.0000"," ","0.0000","0.0000","28400","9064400","319.1690"
"20201211","01","11","    93810","JP3160050005","995.0000","995.0000","981.0000","986.0000","982.0000","1018.0000","982.0000","1018.0000","995.0000","1018.0000","981.0000","1018.0000"," ","0.0000","0.0000","40800","40695700","997.4436"
"20201211","01","11","    93840","JP3641230002","1326.0000","1329.0000","1317.0000","1323.0000","1322.0000","1334.0000","1317.0000","1333.0000","1326.0000","1334.0000","1317.0000","1333.0000"," ","0.0000","0.0000","18500","24517800","1325.2865"
"20201211","01","11","    93850","JP3360100006","1006.0000","1020.0000","1003.0000","1019.0000","1012.0000","1030.0000","1012.0000","1027.0000","1006.0000","1030.0000","1003.0000","1027.0000"," ","0.0000","0.0000","37100","37808900","1019.1078"
"20201211","01","11","    93860","JP3708600006","1780.0000","1790.0000","1775.0000","1781.0000","1780.0000","1796.0000","1779.0000","1786.0000","1780.0000","1796.0000","1775.0000","1786.0000"," ","0.0000","0.0000","14200","25311900","1782.5282"
"20201211","01","11","    94010","JP3588600001","1950.0000","1958.0000","1924.0000","1927.0000","1920.0000","1948.0000","1917.0000","1942.0000","1950.0000","1958.0000","1917.0000","1942.0000"," ","0.0000","0.0000","181100","351708900","1942.0701"
"20201211","01","11","    94040","JP3732200005","1153.0000","1161.0000","1142.0000","1143.0000","1142.0000","1157.0000","1142.0000","1157.0000","1153.0000","1161.0000","1142.0000","1157.0000"," ","0.0000","0.0000","566900","653218200","1152.2635"
"20201211","01","11","    94050","JP3116800008","691.0000","691.0000","689.0000","689.0000","688.0000","703.0000","688.0000","701.0000","691.0000","703.0000","688.0000","701.0000"," ","0.0000","0.0000","27700","19228500","694.1697"
"20201211","01","11","    94090","JP3429000007","1710.0000","1720.0000","1674.0000","1675.0000","1671.0000","1699.0000","1671.0000","1698.0000","1710.0000","1720.0000","1671.0000","1698.0000"," ","0.0000","0.0000","198900","336869400","1693.6621"
"20201211","01","11","    94120","JP3396350005","507.0000","512.0000","503.0000","507.0000","505.0000","509.0000","503.0000","509.0000","507.0000","512.0000","503.0000","509.0000"," ","0.0000","0.0000","453000","229769700","507.2179"
"20201211","01","11","    94130","JP3547060008","2302.0000","2310.0000","2282.0000","2284.0000","2284.0000","2317.0000","2276.0000","2305.0000","2302.0000","2317.0000","2276.0000","2305.0000"," ","0.0000","0.0000","29500","67779100","2297.5966"
"20201211","01","11","    94140","JP3746000003","1078.0000","1078.0000","1074.0000","1078.0000","1077.0000","1083.0000","1076.0000","1081.0000","1078.0000","1083.0000","1074.0000","1081.0000"," ","0.0000","0.0000","24500","26415000","1078.1633"
"20201211","01","11","    94160","JP3800330007","1038.0000","1084.0000","1033.0000","1081.0000","1080.0000","1080.0000","1054.0000","1070.0000","1038.0000","1084.0000","1033.0000","1070.0000"," ","0.0000","0.0000","653400","693873100","1061.9423"
"20201211","01","11","    94170","JP3400090001","960.0000","998.0000","952.0000","996.0000","994.0000","994.0000","980.0000","983.0000","960.0000","998.0000","952.0000","983.0000"," ","0.0000","0.0000","86000","84358500","980.9128"
"20201211","01","11","    94180","JP3944640006","1347.0000","1356.0000","1339.0000","1354.0000","1350.0000","1362.0000","1346.0000","1362.0000","1347.0000","1362.0000","1339.0000","1362.0000"," ","0.0000","0.0000","100800","136335800","1352.5377"
"20201211","01","11","    94190","JP3990740007","622.0000","629.0000","620.0000","625.0000","624.0000","624.0000","618.0000","619.0000","622.0000","629.0000","618.0000","619.0000"," ","0.0000","0.0000","36900","22953300","622.0407"
"20201211","01","11","    94220","JP3104870005","1266.0000","1277.0000","1258.0000","1258.0000","1258.0000","1307.0000","1256.0000","1294.0000","1266.0000","1307.0000","1256.0000","1294.0000"," ","0.0000","0.0000","104500","133893700","1281.2794"
"20201211","01","11","    94240","JP3729600001","191.0000","193.0000","191.0000","193.0000","193.0000","193.0000","191.0000","192.0000","191.0000","193.0000","191.0000","192.0000"," ","0.0000","0.0000","1724300","330633300","191.7493"
"20201211","01","11","    94280","JP3273100002","772.0000","774.0000","772.0000","774.0000","773.0000","777.0000","773.0000","774.0000","772.0000","777.0000","772.0000","774.0000"," ","0.0000","0.0000","4900","3790100","773.4898"
"20201211","01","11","    94320","JP3735400008","2580.5000","2600.0000","2572.0000","2593.5000","2590.0000","2609.0000","2589.5000","2602.0000","2580.5000","2609.0000","2572.0000","2602.0000"," ","0.0000","0.0000","7650200","19838616750","2593.2154"
"20201211","01","11","    94330","JP3496400007","2933.0000","2963.0000","2925.0000","2941.0000","2935.0000","2956.0000","2935.0000","2947.0000","2933.0000","2963.0000","2925.0000","2947.0000"," ","0.0000","0.0000","5785300","17018672400","2941.7096"
"20201211","01","11","    94340","JP3732000009","1317.5000","1327.5000","1313.0000","1323.0000","1320.0000","1332.0000","1319.5000","1330.0000","1317.5000","1332.0000","1313.0000","1330.0000"," ","0.0000","0.0000","19437000","25727470250","1323.6338"
"20201211","01","11","    94350","JP3783420007","25530.0000","25600.0000","25080.0000","25160.0000","25160.0000","25350.0000","25100.0000","25280.0000","25530.0000","25600.0000","25080.0000","25280.0000"," ","0.0000","0.0000","82400","2084655000","25299.2112"
"20201211","01","11","    94370","JP3165650007","3875.0000","3880.0000","3875.0000","3875.0000","3880.0000","3880.0000","3875.0000","3880.0000","3875.0000","3880.0000","3875.0000","3880.0000"," ","0.0000","0.0000","1079200","4185654000","3878.4785"
"20201211","01","11","    94380","JP3167480007","800.0000","812.0000","798.0000","808.0000","808.0000","815.0000","804.0000","815.0000","800.0000","815.0000","798.0000","815.0000"," ","0.0000","0.0000","153400","123680100","806.2588"
"20201211","01","11","    94490","JP3152750000","2821.0000","2894.0000","2821.0000","2892.0000","2888.0000","2920.0000","2878.0000","2918.0000","2821.0000","2920.0000","2821.0000","2918.0000"," ","0.0000","0.0000","568700","1637424600","2879.2414"
"20201211","01","11","    94500","JP3802380000","2203.0000","2304.0000","2203.0000","2300.0000","2284.0000","2285.0000","2254.0000","2278.0000","2203.0000","2304.0000","2203.0000","2278.0000"," ","0.0000","0.0000","87600","198385800","2264.6781"
"20201211","01","11","    94660","JP3105110005","370.0000","374.0000","370.0000","371.0000","371.0000","373.0000","371.0000","373.0000","370.0000","374.0000","370.0000","373.0000"," ","0.0000","0.0000","29200","10840000","371.2329"
"20201211","01","11","    94680","JP3214350005","3615.0000","3710.0000","3615.0000","3700.0000","3695.0000","3820.0000","3675.0000","3795.0000","3615.0000","3820.0000","3615.0000","3795.0000"," ","0.0000","0.0000","435400","1616091000","3711.7386"
"20201211","01","11","    94700","JP3234200008","1746.0000","1760.0000","1735.0000","1738.0000","1737.0000","1778.0000","1737.0000","1771.0000","1746.0000","1778.0000","1735.0000","1771.0000"," ","0.0000","0.0000","103200","180921500","1753.1153"
"20201211","01","11","    94740","JP3430400006","1254.0000","1259.0000","1242.0000","1254.0000","1248.0000","1261.0000","1245.0000","1249.0000","1254.0000","1261.0000","1242.0000","1249.0000"," ","0.0000","0.0000","126700","158537100","1251.2794"
"20201211","01","11","    94750","JP3363800008","477.0000","500.0000","476.0000","489.0000","489.0000","491.0000","486.0000","490.0000","477.0000","500.0000","476.0000","490.0000"," ","0.0000","0.0000","28700","14027100","488.7491"
"20201211","01","11","    94790","JP3153900000","169.0000","171.0000","168.0000","170.0000","170.0000","171.0000","170.0000","170.0000","169.0000","171.0000","168.0000","170.0000"," ","0.0000","0.0000","112500","19052400","169.3547"
"20201211","01","11","    95010","JP3585800000","273.0000","274.0000","271.0000","273.0000","273.0000","277.0000","272.0000","276.0000","273.0000","277.0000","271.0000","276.0000"," ","0.0000","0.0000","9838900","2689623900","273.3663"
"20201211","01","11","    95020","JP3526600006","1227.5000","1232.0000","1225.5000","1230.0000","1228.0000","1244.5000","1226.5000","1244.0000","1227.5000","1244.5000","1225.5000","1244.0000"," ","0.0000","0.0000","1615000","1994261750","1234.8370"
"20201211","01","11","    95030","JP3228600007","929.6000","934.5000","927.7000","929.9000","929.0000","942.3000","928.6000","942.3000","929.6000","942.3000","927.7000","942.3000"," ","0.0000","0.0000","2984900","2791715240","935.2793"
"20201211","01","11","    95040","JP3522200009","1270.0000","1273.0000","1259.0000","1260.0000","1260.0000","1268.0000","1255.0000","1267.0000","1270.0000","1273.0000","1255.0000","1267.0000"," ","0.0000","0.0000","1552700","1964287900","1265.0788"
"20201211","01","11","    95050","JP3845400005","674.0000","678.0000","671.0000","672.0000","671.0000","682.0000","671.0000","682.0000","674.0000","682.0000","671.0000","682.0000"," ","0.0000","0.0000","424600","286975200","675.8719"
"20201211","01","11","    95060","JP3605400005","850.0000","853.0000","845.0000","847.0000","849.0000","860.0000","845.0000","860.0000","850.0000","860.0000","845.0000","860.0000"," ","0.0000","0.0000","1774100","1512333300","852.4510"
"20201211","01","11","    95070","JP3350800003","689.0000","691.0000","683.0000","686.0000","688.0000","701.0000","685.0000","701.0000","689.0000","701.0000","683.0000","701.0000"," ","0.0000","0.0000","702500","485888200","691.6558"
"20201211","01","11","    95080","JP3246400000","869.0000","871.0000","862.0000","865.0000","864.0000","878.0000","864.0000","878.0000","869.0000","878.0000","862.0000","878.0000"," ","0.0000","0.0000","1384100","1204771200","870.4365"
"20201211","01","11","    95090","JP3850200001","379.0000","381.0000","378.0000","381.0000","380.0000","385.0000","380.0000","385.0000","379.0000","385.0000","378.0000","385.0000"," ","0.0000","0.0000","859900","327994600","381.4334"
"20201211","01","11","    95110","JP3194700005","1382.0000","1387.0000","1379.0000","1380.0000","1383.0000","1396.0000","1378.0000","1396.0000","1382.0000","1396.0000","1378.0000","1396.0000"," ","0.0000","0.0000","167400","231967500","1385.7079"
"20201211","01","11","    95130","JP3551200003","1378.0000","1384.0000","1366.0000","1367.0000","1370.0000","1383.0000","1363.0000","1383.0000","1378.0000","1384.0000","1363.0000","1383.0000"," ","0.0000","0.0000","1640900","2257170500","1375.5686"
"20201211","01","11","    95140","JP3802140008","1053.0000","1108.0000","1053.0000","1107.0000","1100.0000","1116.0000","1089.0000","1116.0000","1053.0000","1116.0000","1053.0000","1116.0000"," ","0.0000","0.0000","551400","600484600","1089.0181"
"20201211","01","11","    95170","JP3130830007","1891.0000","1977.0000","1884.0000","1960.0000","1970.0000","1970.0000","1893.0000","1896.0000","1891.0000","1977.0000","1884.0000","1896.0000"," ","0.0000","0.0000","1182700","2272686000","1921.6082"
"20201211","01","11","    95190","JP3981200003","2690.0000","2872.0000","2670.0000","2845.0000","2845.0000","2862.0000","2806.0000","2857.0000","2690.0000","2872.0000","2670.0000","2857.0000"," ","0.0000","0.0000","2458000","6911168300","2811.7039"
"20201211","01","11","    95310","JP3573000001","2284.0000","2311.5000","2279.5000","2297.0000","2301.0000","2312.0000","2291.0000","2312.0000","2284.0000","2312.0000","2279.5000","2312.0000"," ","0.0000","0.0000","2639800","6065333300","2297.6488"
"20201211","01","11","    95320","JP3180400008","2023.0000","2060.0000","2023.0000","2060.0000","2061.0000","2072.0000","2051.0000","2072.0000","2023.0000","2072.0000","2023.0000","2072.0000"," ","0.0000","0.0000","1510000","3097329100","2051.2113"
"20201211","01","11","    95330","JP3600200004","6610.0000","6680.0000","6610.0000","6680.0000","6670.0000","6720.0000","6650.0000","6710.0000","6610.0000","6720.0000","6610.0000","6710.0000"," ","0.0000","0.0000","196800","1312403000","6668.7144"
"20201211","01","11","    95340","JP3847000001","1532.0000","1537.0000","1532.0000","1534.0000","1533.0000","1549.0000","1533.0000","1546.0000","1532.0000","1549.0000","1532.0000","1546.0000"," ","0.0000","0.0000","14400","22168900","1539.5069"
"20201211","01","11","    95350","JP3796200008","370.0000","376.0000","369.0000","375.0000","371.0000","377.0000","371.0000","376.0000","370.0000","377.0000","369.0000","376.0000"," ","0.0000","0.0000","43500","16163400","371.5724"
"20201211","01","11","    95360","JP3311600005","3575.0000","3590.0000","3445.0000","3475.0000","3470.0000","3550.0000","3470.0000","3530.0000","3575.0000","3590.0000","3445.0000","3530.0000"," ","0.0000","0.0000","43600","153555000","3521.9037"
"20201211","01","11","    95430","JP3351150002","1029.0000","1044.0000","1022.0000","1036.0000","1036.0000","1056.0000","1033.0000","1056.0000","1029.0000","1056.0000","1022.0000","1056.0000"," ","0.0000","0.0000","129000","133844800","1037.5566"
"20201211","01","11","    95510","JP3921260000","2264.0000","2279.0000","2234.0000","2243.0000","2242.0000","2263.0000","2239.0000","2263.0000","2264.0000","2279.0000","2234.0000","2263.0000"," ","0.0000","0.0000","158600","357303900","2252.8619"
"20201211","01","11","    96000","JP3105010007","1535.0000","1535.0000","1510.0000","1517.0000","1511.0000","1531.0000","1511.0000","1529.0000","1535.0000","1535.0000","1510.0000","1529.0000"," ","0.0000","0.0000","14500","22168800","1528.8828"
"20201211","01","11","    96010","JP3362800009","13900.0000","13910.0000","13780.0000","13830.0000","13810.0000","14010.0000","13730.0000","14010.0000","13900.0000","14010.0000","13730.0000","14010.0000"," ","0.0000","0.0000","25900","360023000","13900.5019"
"20201211","01","11","    96020","JP3598600009","4265.0000","4300.0000","4255.0000","4260.0000","4250.0000","4265.0000","4245.0000","4250.0000","4265.0000","4300.0000","4245.0000","4250.0000"," ","0.0000","0.0000","340800","1453530500","4265.0543"
"20201211","01","11","    96030","JP3160740001","1732.0000","1747.0000","1665.0000","1665.0000","1670.0000","1714.0000","1666.0000","1701.0000","1732.0000","1747.0000","1665.0000","1701.0000"," ","0.0000","0.0000","1614100","2741767600","1698.6355"
"20201211","01","11","    96050","JP3560000006","16130.0000","16230.0000","15750.0000","16010.0000","15890.0000","16200.0000","15890.0000","16110.0000","16130.0000","16230.0000","15750.0000","16110.0000"," ","0.0000","0.0000","38500","615705000","15992.3377"
"20201211","01","11","    96120","JP3968000004","2390.0000","2394.0000","2372.0000","2386.0000","2386.0000","2387.0000","2379.0000","2381.0000","2390.0000","2394.0000","2372.0000","2381.0000"," ","0.0000","0.0000","27600","65835200","2385.3333"
"20201211","01","11","    96130","JP3165700000","1364.0000","1367.0000","1335.0000","1340.0000","1337.0000","1351.0000","1335.0000","1347.0000","1364.0000","1367.0000","1335.0000","1347.0000"," ","0.0000","0.0000","4158600","5623738100","1352.3152"
"20201211","01","11","    96160","JP3253900009","3925.0000","3955.0000","3770.0000","3775.0000","3775.0000","3885.0000","3760.0000","3855.0000","3925.0000","3955.0000","3760.0000","3855.0000"," ","0.0000","0.0000","388800","1495677500","3846.9072"
"20201211","01","11","    96190","JP3142100001","1279.0000","1285.0000","1263.0000","1268.0000","1266.0000","1281.0000","1263.0000","1281.0000","1279.0000","1285.0000","1263.0000","1281.0000"," ","0.0000","0.0000","31200","39797300","1275.5545"
"20201211","01","11","    96210","JP3281900005","2130.0000","2140.0000","2099.0000","2099.0000","2092.0000","2100.0000","2075.0000","2084.0000","2130.0000","2140.0000","2075.0000","2084.0000"," ","0.0000","0.0000","57700","121338900","2102.9272"
"20201211","01","11","    96220","JP3400050005","796.0000","796.0000","789.0000","791.0000","791.0000","795.0000","790.0000","791.0000","796.0000","796.0000","789.0000","791.0000"," ","0.0000","0.0000","19400","15379100","792.7371"
"20201211","01","11","    96240","JP3527600005","1400.0000","1423.0000","1395.0000","1409.0000","1412.0000","1428.0000","1405.0000","1419.0000","1400.0000","1428.0000","1395.0000","1419.0000"," ","0.0000","0.0000","67400","95198200","1412.4362"
"20201211","01","11","    96270","JP3105250009","6330.0000","6390.0000","6250.0000","6300.0000","6310.0000","6390.0000","6300.0000","6390.0000","6330.0000","6390.0000","6250.0000","6390.0000"," ","0.0000","0.0000","200400","1271858000","6346.5968"
"20201211","01","11","    96280","JP3286300003","1280.0000","1280.0000","1265.0000","1276.0000","1265.0000","1280.0000","1261.0000","1280.0000","1280.0000","1280.0000","1261.0000","1280.0000"," ","0.0000","0.0000","20200","25797100","1277.0842"
"20201211","01","11","    96290","JP3801500004","4405.0000","4480.0000","4375.0000","4480.0000","4475.0000","4505.0000","4435.0000","4505.0000","4405.0000","4505.0000","4375.0000","4505.0000"," ","0.0000","0.0000","11800","52431500","4443.3475"
"20201211","01","11","    96320","JP3399800006","8630.0000","8630.0000","8530.0000","8530.0000","8540.0000","8570.0000","8520.0000","8520.0000","8630.0000","8630.0000","8520.0000","8520.0000"," ","0.0000","0.0000","2200","18856000","8570.9091"
"20201211","01","11","    96330","JP3584200004","1295.0000","1301.0000","1293.0000","1297.0000","1297.0000","1309.0000","1297.0000","1301.0000","1295.0000","1309.0000","1293.0000","1301.0000"," ","0.0000","0.0000","9900","12854400","1298.4242"
"20201211","01","11","    96440","JP3468850007","1311.0000","1314.0000","1300.0000","1313.0000","1319.0000","1333.0000","1312.0000","1333.0000","1311.0000","1333.0000","1300.0000","1333.0000"," ","0.0000","0.0000","8000","10519800","1314.9750"
"20201211","01","11","    96580","JP3800300000","1530.0000","1541.0000","1504.0000","1535.0000","1540.0000","1556.0000","1535.0000","1550.0000","1530.0000","1556.0000","1504.0000","1550.0000"," ","0.0000","0.0000","20500","31485900","1535.8976"
"20201211","01","11","    96630","JP3648700007","9010.0000","9010.0000","8940.0000","8990.0000","9000.0000","9190.0000","8960.0000","9170.0000","9010.0000","9190.0000","8940.0000","9170.0000"," ","0.0000","0.0000","9900","89480000","9038.3838"
"20201211","01","11","    96710","JP3960200008","6040.0000","6050.0000","6040.0000","6040.0000","6040.0000","6050.0000","6040.0000","6040.0000","6040.0000","6050.0000","6040.0000","6040.0000"," ","0.0000","0.0000","8600","51947000","6040.3488"
"20201211","01","11","    96720","JP3586600003","5060.0000","5120.0000","5030.0000","5100.0000","5070.0000","5080.0000","5030.0000","5070.0000","5060.0000","5120.0000","5030.0000","5070.0000"," ","0.0000","0.0000","73200","370475000","5061.1339"
"20201211","01","11","    96750","JP3393400001","1438.0000","1446.0000","1429.0000","1442.0000","1442.0000","1469.0000","1440.0000","1469.0000","1438.0000","1469.0000","1429.0000","1469.0000"," ","0.0000","0.0000","10600","15311100","1444.4434"
"20201211","01","11","    96780","JP3215200001","2288.0000","2300.0000","2272.0000","2275.0000","2270.0000","2294.0000","2267.0000","2293.0000","2288.0000","2300.0000","2267.0000","2293.0000"," ","0.0000","0.0000","164000","374301800","2282.3280"
"20201211","01","11","    96810","JP3587600002","1301.0000","1304.0000","1300.0000","1302.0000","1301.0000","1305.0000","1301.0000","1304.0000","1301.0000","1305.0000","1300.0000","1304.0000"," ","0.0000","0.0000","2510800","3268347900","1301.7157"
"20201211","01","11","    96820","JP3548500002","2206.0000","2222.0000","2191.0000","2200.0000","2190.0000","2224.0000","2187.0000","2223.0000","2206.0000","2224.0000","2187.0000","2223.0000"," ","0.0000","0.0000","114600","252931300","2207.0794"
"20201211","01","11","    96840","JP3164630000","6380.0000","6500.0000","6370.0000","6480.0000","6470.0000","6490.0000","6440.0000","6490.0000","6380.0000","6500.0000","6370.0000","6490.0000"," ","0.0000","0.0000","561900","3621020000","6444.2427"
"20201211","01","11","    96920","JP3346200003","1515.0000","1515.0000","1501.0000","1505.0000","1502.0000","1531.0000","1500.0000","1524.0000","1515.0000","1531.0000","1500.0000","1524.0000"," ","0.0000","0.0000","113500","172233800","1517.4784"
"20201211","01","11","    96970","JP3218900003","6370.0000","6620.0000","6370.0000","6610.0000","6600.0000","6650.0000","6540.0000","6640.0000","6370.0000","6650.0000","6370.0000","6640.0000"," ","0.0000","0.0000","999500","6550058000","6553.3347"
"20201211","01","11","    96990","JP3657500009","2158.0000","2165.0000","2136.0000","2140.0000","2135.0000","2171.0000","2135.0000","2171.0000","2158.0000","2171.0000","2135.0000","2171.0000"," ","0.0000","0.0000","115300","248503800","2155.2801"
"20201211","01","11","    97020","JP3100700008","2808.0000","2849.0000","2805.0000","2842.0000","2835.0000","2840.0000","2809.0000","2831.0000","2808.0000","2849.0000","2805.0000","2831.0000"," ","0.0000","0.0000","48200","136266100","2827.0975"
"20201211","01","11","    97040","JP3561200001","25.0000","26.0000","25.0000","25.0000","25.0000","26.0000","25.0000","25.0000","25.0000","26.0000","25.0000","25.0000"," ","0.0000","0.0000","173100","4348200","25.1196"
"20201211","01","11","    97060","JP3699400002","6670.0000","6720.0000","6590.0000","6620.0000","6600.0000","6620.0000","6550.0000","6550.0000","6670.0000","6720.0000","6550.0000","6550.0000"," ","0.0000","0.0000","325700","2147657000","6593.9730"
"20201211","01","11","    97150","JP3635700002","2750.0000","2757.0000","2728.0000","2746.0000","2733.0000","2752.0000","2733.0000","2741.0000","2750.0000","2757.0000","2728.0000","2741.0000"," ","0.0000","0.0000","73400","201386900","2743.6907"
"20201211","01","11","    97160","JP3762400004","846.0000","858.0000","831.0000","847.0000","845.0000","850.0000","842.0000","848.0000","846.0000","858.0000","831.0000","848.0000"," ","0.0000","0.0000","410700","346648100","844.0421"
"20201211","01","11","    97170","JP3388400008","1292.0000","1307.0000","1292.0000","1306.0000","1306.0000","1317.0000","1302.0000","1317.0000","1292.0000","1317.0000","1292.0000","1317.0000"," ","0.0000","0.0000","81300","106094900","1304.9803"
"20201211","01","11","    97190","JP3400400002","5910.0000","5970.0000","5880.0000","5890.0000","5880.0000","5920.0000","5860.0000","5910.0000","5910.0000","5970.0000","5860.0000","5910.0000"," ","0.0000","0.0000","204700","1209318000","5907.7577"
"20201211","01","11","    97220","JP3816800001","1495.0000","1500.0000","1476.0000","1491.0000","1491.0000","1496.0000","1487.0000","1495.0000","1495.0000","1500.0000","1476.0000","1495.0000"," ","0.0000","0.0000","69700","103901000","1490.6887"
"20201211","01","11","    97260","JP3260400001","970.0000","980.0000","918.0000","920.0000","928.0000","947.0000","922.0000","936.0000","970.0000","980.0000","918.0000","936.0000"," ","0.0000","0.0000","515700","486984200","944.3169"
"20201211","01","11","    97280","JP3695000004","2025.0000","2028.0000","2019.0000","2025.0000","2026.0000","2043.0000","2025.0000","2043.0000","2025.0000","2043.0000","2019.0000","2043.0000"," ","0.0000","0.0000","36000","73043000","2028.9722"
"20201211","01","11","    97290","JP3552250007","2070.0000","2108.0000","2069.0000","2108.0000","2107.0000","2137.0000","2107.0000","2135.0000","2070.0000","2137.0000","2069.0000","2135.0000"," ","0.0000","0.0000","32000","67074400","2096.0750"
"20201211","01","11","    97310","JP3766600005","2463.0000","2463.0000","2460.0000","2460.0000","2460.0000","2464.0000","2460.0000","2460.0000","2463.0000","2464.0000","2460.0000","2460.0000"," ","0.0000","0.0000","6200","15268900","2462.7258"
"20201211","01","11","    97350","JP3421800008","9753.0000","9838.0000","9700.0000","9782.0000","9782.0000","9895.0000","9770.0000","9889.0000","9753.0000","9895.0000","9700.0000","9889.0000"," ","0.0000","0.0000","764700","7499970400","9807.7290"
"20201211","01","11","    97390","JP3712500002","2135.0000","2146.0000","2128.0000","2136.0000","2126.0000","2160.0000","2124.0000","2150.0000","2135.0000","2160.0000","2124.0000","2150.0000"," ","0.0000","0.0000","13700","29327700","2140.7080"
"20201211","01","11","    97400","JP3425400003","3605.0000","3655.0000","3600.0000","3615.0000","3615.0000","3660.0000","3615.0000","3660.0000","3605.0000","3660.0000","3600.0000","3660.0000"," ","0.0000","0.0000","45000","163146000","3625.4667"
"20201211","01","11","    97420","JP3105000008","1426.0000","1433.0000","1420.0000","1429.0000","1419.0000","1431.0000","1414.0000","1428.0000","1426.0000","1433.0000","1414.0000","1428.0000"," ","0.0000","0.0000","42400","60422700","1425.0637"
"20201211","01","11","    97430","JP3472200009","847.0000","848.0000","822.0000","838.0000","835.0000","835.0000","826.0000","830.0000","847.0000","848.0000","822.0000","830.0000"," ","0.0000","0.0000","384300","320076300","832.8813"
"20201211","01","11","    97440","JP3919200000","5060.0000","5080.0000","4985.0000","5000.0000","4990.0000","5040.0000","4985.0000","5000.0000","5060.0000","5080.0000","4985.0000","5000.0000"," ","0.0000","0.0000","98900","496801500","5023.2710"
"20201211","01","11","    97460","JP3539400006","6830.0000","6890.0000","6830.0000","6850.0000","6870.0000","6920.0000","6840.0000","6900.0000","6830.0000","6920.0000","6830.0000","6900.0000"," ","0.0000","0.0000","29300","201167000","6865.7679"
"20201211","01","11","    97490","JP3816600005","4865.0000","4870.0000","4810.0000","4845.0000","4850.0000","4875.0000","4835.0000","4870.0000","4865.0000","4875.0000","4810.0000","4870.0000"," ","0.0000","0.0000","87100","423011000","4856.6131"
"20201211","01","11","    97550","JP3174600001","1235.0000","1242.0000","1230.0000","1234.0000","1230.0000","1240.0000","1222.0000","1240.0000","1235.0000","1242.0000","1222.0000","1240.0000"," ","0.0000","0.0000","87500","107922400","1233.3989"
"20201211","01","11","    97570","JP3825800000","2576.0000","2620.0000","2571.0000","2587.0000","2575.0000","2594.0000","2571.0000","2594.0000","2576.0000","2620.0000","2571.0000","2594.0000"," ","0.0000","0.0000","74400","192491000","2587.2446"
"20201211","01","11","    97590","JP3712600000","1963.0000","1988.0000","1963.0000","1980.0000","1970.0000","1982.0000","1965.0000","1980.0000","1963.0000","1988.0000","1963.0000","1980.0000"," ","0.0000","0.0000","138500","273355100","1973.6830"
"20201211","01","11","    97600","JP3371900006","434.0000","435.0000","431.0000","434.0000","435.0000","437.0000","432.0000","435.0000","434.0000","437.0000","431.0000","435.0000"," ","0.0000","0.0000","17600","7636900","433.9148"
"20201211","01","11","    97630","JP3878000003","1708.0000","1708.0000","1708.0000","1708.0000","1704.0000","1708.0000","1703.0000","1708.0000","1708.0000","1708.0000","1703.0000","1708.0000"," ","0.0000","0.0000","1700","2901600","1706.8235"
"20201211","01","11","    97650","JP3189600004","751.0000","751.0000","744.0000","747.0000","751.0000","758.0000","748.0000","755.0000","751.0000","758.0000","744.0000","755.0000"," ","0.0000","0.0000","14900","11203500","751.9128"
"20201211","01","11","    97660","JP3300200007","6010.0000","6120.0000","5970.0000","6040.0000","6030.0000","6060.0000","6010.0000","6020.0000","6010.0000","6120.0000","5970.0000","6020.0000"," ","0.0000","0.0000","783500","4719636000","6023.7856"
"20201211","01","11","    97680","JP3380200000","1811.0000","1846.0000","1804.0000","1846.0000","1846.0000","1872.0000","1840.0000","1856.0000","1811.0000","1872.0000","1804.0000","1856.0000"," ","0.0000","0.0000","49300","90427900","1834.2373"
"20201211","01","11","    97690","JP3235400003","1273.0000","1290.0000","1271.0000","1290.0000","1283.0000","1283.0000","1260.0000","1266.0000","1273.0000","1290.0000","1260.0000","1266.0000"," ","0.0000","0.0000","24600","31288800","1271.9024"
"20201211","01","11","    97830","JP3835620000","2102.0000","2128.0000","2100.0000","2103.0000","2107.0000","2120.0000","2101.0000","2117.0000","2102.0000","2128.0000","2100.0000","2117.0000"," ","0.0000","0.0000","754300","1592100200","2110.6989"
"20201211","01","11","    97870","JP3389700000","2572.0000","2588.0000","2554.0000","2559.0000","2553.0000","2570.0000","2553.0000","2568.0000","2572.0000","2588.0000","2553.0000","2568.0000"," ","0.0000","0.0000","82200","210899200","2565.6837"
"20201211","01","11","    97880","JP3651020004","934.0000","934.0000","930.0000","930.0000","927.0000","935.0000","927.0000","931.0000","934.0000","935.0000","927.0000","931.0000"," ","0.0000","0.0000","9700","9052400","933.2371"
"20201211","01","11","    97900","JP3803800006","3375.0000","3420.0000","3370.0000","3410.0000","3420.0000","3440.0000","3390.0000","3430.0000","3375.0000","3440.0000","3370.0000","3430.0000"," ","0.0000","0.0000","22700","77141000","3398.2819"
"20201211","01","11","    97930","JP3485600005","3110.0000","3120.0000","3090.0000","3095.0000","3105.0000","3120.0000","3095.0000","3115.0000","3110.0000","3120.0000","3090.0000","3115.0000"," ","0.0000","0.0000","60900","189389500","3109.8440"
"20201211","01","11","    97950","JP3399700008","1605.0000","1611.0000","1596.0000","1611.0000","1612.0000","1617.0000","1605.0000","1606.0000","1605.0000","1617.0000","1596.0000","1606.0000"," ","0.0000","0.0000","8400","13496400","1606.7143"
"20201211","01","11","    98100","JP3681000000","3810.0000","3830.0000","3780.0000","3790.0000","3795.0000","3820.0000","3780.0000","3805.0000","3810.0000","3830.0000","3780.0000","3805.0000"," ","0.0000","0.0000","162000","615487000","3799.3025"
"20201211","01","11","    98240","JP3424400004","3080.0000","3110.0000","3055.0000","3100.0000","3105.0000","3145.0000","3080.0000","3135.0000","3080.0000","3145.0000","3055.0000","3135.0000"," ","0.0000","0.0000","24000","74502500","3104.2708"
"20201211","01","11","    98280","JP3282800006","2389.0000","2395.0000","2333.0000","2333.0000","2333.0000","2347.0000","2329.0000","2336.0000","2389.0000","2395.0000","2329.0000","2336.0000"," ","0.0000","0.0000","56900","133611600","2348.1828"
"20201211","01","11","    98300","JP3635500006","2794.0000","2814.0000","2772.0000","2772.0000","2758.0000","2803.0000","2754.0000","2803.0000","2794.0000","2814.0000","2754.0000","2803.0000"," ","0.0000","0.0000","121400","338737600","2790.2603"
"20201211","01","11","    98310","JP3939000000","504.0000","515.0000","504.0000","513.0000","513.0000","519.0000","511.0000","519.0000","504.0000","519.0000","504.0000","519.0000"," ","0.0000","0.0000","5030500","2581429500","513.1557"
"20201211","01","11","    98320","JP3172500005","1383.0000","1385.0000","1373.0000","1380.0000","1380.0000","1392.0000","1377.0000","1392.0000","1383.0000","1392.0000","1373.0000","1392.0000"," ","0.0000","0.0000","276600","382710900","1383.6258"
"20201211","01","11","    98370","JP3926200001","608.0000","608.0000","605.0000","606.0000","606.0000","615.0000","606.0000","615.0000","608.0000","615.0000","605.0000","615.0000"," ","0.0000","0.0000","14100","8588800","609.1348"
"20201211","01","11","    98420","JP3100100001","1780.0000","1789.0000","1770.0000","1785.0000","1780.0000","1789.0000","1766.0000","1787.0000","1780.0000","1789.0000","1766.0000","1787.0000"," ","0.0000","0.0000","220100","391831800","1780.2444"
"20201211","01","11","    98430","JP3756100008","21085.0000","21310.0000","21070.0000","21200.0000","21170.0000","21400.0000","21170.0000","21370.0000","21085.0000","21400.0000","21070.0000","21370.0000"," ","0.0000","0.0000","255200","5418399000","21231.9710"
"20201211","01","11","    98500","JP3274200009","1002.0000","1004.0000","995.0000","1004.0000","1004.0000","1019.0000","997.0000","1019.0000","1002.0000","1019.0000","995.0000","1019.0000"," ","0.0000","0.0000","37700","37921000","1005.8621"
"20201211","01","11","    98540","JP3101000002","237.0000","238.0000","237.0000","238.0000","238.0000","240.0000","237.0000","239.0000","237.0000","240.0000","237.0000","239.0000"," ","0.0000","0.0000","19600","4655100","237.5051"
"20201211","01","11","    98560","JP3277300004","835.0000","835.0000","827.0000","827.0000","834.0000","850.0000","834.0000","848.0000","835.0000","850.0000","827.0000","848.0000"," ","0.0000","0.0000","11700","9802400","837.8120"
"20201211","01","11","    98610","JP3958000006","1931.0000","1931.0000","1913.0000","1914.0000","1915.0000","1930.0000","1908.0000","1930.0000","1931.0000","1931.0000","1908.0000","1930.0000"," ","0.0000","0.0000","378000","725810900","1920.1347"
"20201211","01","11","    98690","JP3213300001","3430.0000","3435.0000","3415.0000","3415.0000","3410.0000","3470.0000","3410.0000","3470.0000","3430.0000","3470.0000","3410.0000","3470.0000"," ","0.0000","0.0000","27200","93646000","3442.8676"
"20201211","01","11","    98720","JP3237400001","878.0000","878.0000","864.0000","864.0000","866.0000","874.0000","866.0000","869.0000","878.0000","878.0000","864.0000","869.0000"," ","0.0000","0.0000","9200","8036100","873.4891"
"20201211","01","11","    98800","JP3147800001","980.0000","988.0000","977.0000","988.0000","988.0000","996.0000","984.0000","996.0000","980.0000","996.0000","977.0000","996.0000"," ","0.0000","0.0000","38100","37552200","985.6220"
"20201211","01","11","    98820","JP3131350005","1558.0000","1568.0000","1550.0000","1556.0000","1558.0000","1568.0000","1552.0000","1565.0000","1558.0000","1568.0000","1550.0000","1565.0000"," ","0.0000","0.0000","99400","155036400","1559.7223"
"20201211","01","11","    98870","JP3869800007","3375.0000","3385.0000","3360.0000","3385.0000","3380.0000","3400.0000","3370.0000","3400.0000","3375.0000","3400.0000","3360.0000","3400.0000"," ","0.0000","0.0000","18300","61898500","3382.4317"
"20201211","01","11","    98890","JP3746800006","1491.0000","1501.0000","1473.0000","1475.0000","1470.0000","1471.0000","1464.0000","1469.0000","1491.0000","1501.0000","1464.0000","1469.0000"," ","0.0000","0.0000","44200","65378700","1479.1561"
"20201211","01","11","    98960","JP3389570007","871.0000","877.0000","865.0000","875.0000","875.0000","890.0000","875.0000","889.0000","871.0000","890.0000","865.0000","889.0000"," ","0.0000","0.0000","19400","16966400","874.5567"
"20201211","01","11","    99000","JP3316200009","1255.0000","1262.0000","1250.0000","1253.0000","1250.0000","1262.0000","1249.0000","1262.0000","1255.0000","1262.0000","1249.0000","1262.0000"," ","0.0000","0.0000","92000","115430200","1254.6761"
"20201211","01","11","    99020","JP3661950000","2268.0000","2293.0000","2256.0000","2276.0000","2266.0000","2302.0000","2266.0000","2285.0000","2268.0000","2302.0000","2256.0000","2285.0000"," ","0.0000","0.0000","25700","58585200","2279.5798"
"20201211","01","11","    99190","JP3227900002","1240.0000","1260.0000","1240.0000","1253.0000","1244.0000","1274.0000","1244.0000","1264.0000","1240.0000","1274.0000","1240.0000","1264.0000"," ","0.0000","0.0000","40400","50692900","1254.7748"
"20201211","01","11","    99280","JP3910700008","2004.0000","2006.0000","1985.0000","1991.0000","1989.0000","2019.0000","1989.0000","2019.0000","2004.0000","2019.0000","1985.0000","2019.0000"," ","0.0000","0.0000","81800","163949100","2004.2677"
"20201211","01","11","    99300","JP3237600006","273.0000","273.0000","269.0000","272.0000","273.0000","277.0000","270.0000","277.0000","273.0000","277.0000","269.0000","277.0000"," ","0.0000","0.0000","18100","4953500","273.6740"
"20201211","01","11","    99320","JP3397050000","2480.0000","2500.0000","2480.0000","2492.0000","2485.0000","2499.0000","2485.0000","2488.0000","2480.0000","2500.0000","2480.0000","2488.0000"," ","0.0000","0.0000","10300","25617300","2487.1165"
"20201211","01","11","    99340","JP3146200005","2459.0000","2469.0000","2440.0000","2440.0000","2438.0000","2460.0000","2432.0000","2452.0000","2459.0000","2469.0000","2432.0000","2452.0000"," ","0.0000","0.0000","140900","345504900","2452.1285"
"20201211","01","11","    99360","JP3174300008","5960.0000","6000.0000","5950.0000","6000.0000","5960.0000","6010.0000","5960.0000","5990.0000","5960.0000","6010.0000","5950.0000","5990.0000"," ","0.0000","0.0000","21700","129739000","5978.7558"
"20201211","01","11","    99450","JP3833700002","1721.0000","1728.0000","1707.0000","1710.0000","1710.0000","1725.0000","1708.0000","1725.0000","1721.0000","1728.0000","1707.0000","1725.0000"," ","0.0000","0.0000","54900","94264200","1717.0164"
"20201211","01","11","    99460","JP3905950006","1377.0000","1399.0000","1377.0000","1387.0000","1390.0000","1402.0000","1383.0000","1402.0000","1377.0000","1402.0000","1377.0000","1402.0000"," ","0.0000","0.0000","69400","96634400","1392.4265"
"20201211","01","11","    99480","JP3968600001","2251.0000","2265.0000","2249.0000","2258.0000","2253.0000","2279.0000","2246.0000","2276.0000","2251.0000","2279.0000","2246.0000","2276.0000"," ","0.0000","0.0000","133700","302360200","2261.4824"
"20201211","01","11","    99560","JP3778400006","2640.0000","2660.0000","2624.0000","2630.0000","2630.0000","2663.0000","2625.0000","2663.0000","2640.0000","2663.0000","2624.0000","2663.0000"," ","0.0000","0.0000","94700","250397500","2644.1130"
"20201211","01","11","    99600","JP3595300009","2760.0000","2765.0000","2753.0000","2761.0000","2768.0000","2800.0000","2768.0000","2799.0000","2760.0000","2800.0000","2753.0000","2799.0000"," ","0.0000","0.0000","7400","20476700","2767.1216"
"20201211","01","11","    99620","JP3885400006","3380.0000","3430.0000","3345.0000","3345.0000","3330.0000","3365.0000","3330.0000","3355.0000","3380.0000","3430.0000","3330.0000","3355.0000"," ","0.0000","0.0000","710100","2390562000","3366.5146"
"20201211","01","11","    99660","JP3810200000","833.0000","850.0000","828.0000","848.0000","848.0000","854.0000","844.0000","850.0000","833.0000","854.0000","828.0000","850.0000"," ","0.0000","0.0000","109400","92562700","846.0941"
"20201211","01","11","    99720","JP3126150006","294.0000","297.0000","292.0000","296.0000","296.0000","296.0000","294.0000","296.0000","294.0000","297.0000","292.0000","296.0000"," ","0.0000","0.0000","72500","21370700","294.7683"
"20201211","01","11","    99740","JP3835700000","6320.0000","6340.0000","6280.0000","6300.0000","6280.0000","6430.0000","6280.0000","6400.0000","6320.0000","6430.0000","6280.0000","6400.0000"," ","0.0000","0.0000","35100","222791000","6347.3219"
"20201211","01","11","    99790","JP3484000009","1027.0000","1035.0000","1013.0000","1013.0000","1013.0000","1014.0000","1003.0000","1006.0000","1027.0000","1035.0000","1003.0000","1006.0000"," ","0.0000","0.0000","95800","97271600","1015.3612"
"20201211","01","11","    99820","JP3462100003","1974.0000","2008.0000","1932.0000","1993.0000","1991.0000","2031.0000","1980.0000","2031.0000","1974.0000","2031.0000","1932.0000","2031.0000"," ","0.0000","0.0000","29500","58943000","1998.0678"
"20201211","01","11","    99830","JP3802300008","84500.0000","84950.0000","83530.0000","84610.0000","84530.0000","84530.0000","83950.0000","84030.0000","84500.0000","84950.0000","83530.0000","84030.0000"," ","0.0000","0.0000","685000","57687109000","84214.7577"
"20201211","01","11","    99840","JP3436100006","8281.0000","8442.0000","7913.0000","7938.0000","7911.0000","7978.0000","7800.0000","7913.0000","8281.0000","8442.0000","7800.0000","7913.0000"," ","0.0000","0.0000","45612000","368295711700","8074.5355"
"20201211","01","11","    99860","JP3345700003","1342.0000","1342.0000","1319.0000","1323.0000","1328.0000","1328.0000","1322.0000","1325.0000","1342.0000","1342.0000","1319.0000","1325.0000"," ","0.0000","0.0000","9000","11980700","1331.1889"
"20201211","01","11","    99870","JP3398000004","3930.0000","3965.0000","3910.0000","3930.0000","3930.0000","3980.0000","3925.0000","3970.0000","3930.0000","3980.0000","3910.0000","3970.0000"," ","0.0000","0.0000","188800","745204500","3947.0577"
"20201211","01","11","    99890","JP3336600006","4375.0000","4405.0000","4290.0000","4290.0000","4290.0000","4330.0000","4285.0000","4305.0000","4375.0000","4405.0000","4285.0000","4305.0000"," ","0.0000","0.0000","508900","2200170000","4323.3838"
"20201211","01","11","    99900","JP3584700003","539.0000","548.0000","538.0000","544.0000","541.0000","545.0000","539.0000","544.0000","539.0000","548.0000","538.0000","544.0000"," ","0.0000","0.0000","61100","33148100","542.5221"
"20201211","01","11","    99910","JP3225500002","951.0000","951.0000","936.0000","937.0000","937.0000","951.0000","937.0000","950.0000","951.0000","951.0000","936.0000","950.0000"," ","0.0000","0.0000","11200","10596500","946.1161"
"20201211","01","11","    99930","JP3935800007","1738.0000","1738.0000","1725.0000","1725.0000","1739.0000","1743.0000","1734.0000","1739.0000","1738.0000","1743.0000","1725.0000","1739.0000"," ","0.0000","0.0000","5500","9556000","1737.4545"
"20201211","01","11","    99940","JP3943800007","2140.0000","2163.0000","2140.0000","2158.0000","2150.0000","2157.0000","2150.0000","2152.0000","2140.0000","2163.0000","2140.0000","2152.0000"," ","0.0000","0.0000","6400","13753700","2149.0156"
"20201211","01","11","    99950","JP3130600004","429.0000","432.0000","427.0000","432.0000","430.0000","440.0000","430.0000","440.0000","429.0000","440.0000","427.0000","440.0000"," ","0.0000","0.0000","31100","13461000","432.8296"
"20201211","01","11","    99970","JP3835650007","902.0000","929.0000","902.0000","922.0000","917.0000","937.0000","917.0000","934.0000","902.0000","937.0000","902.0000","934.0000"," ","0.0000","0.0000","200700","185516900","924.3493"
"20201211","01","12","    13190","JP3013190008","0.0000","0.0000","0.0000","0.0000","336.0000","336.0000","332.0000","332.0000","336.0000","336.0000","332.0000","332.0000"," ","0.0000","0.0000","4000","1333000","333.2500"
"20201211","01","12","    13800","JP3107400008","1109.0000","1109.0000","1097.0000","1097.0000","1090.0000","1100.0000","1090.0000","1100.0000","1109.0000","1109.0000","1090.0000","1100.0000"," ","0.0000","0.0000","2700","2959800","1096.2222"
"20201211","01","12","    13810","JP3108030002","3250.0000","3255.0000","3205.0000","3205.0000","3225.0000","3260.0000","3200.0000","3215.0000","3250.0000","3260.0000","3200.0000","3215.0000"," ","0.0000","0.0000","4500","14486000","3219.1111"
"20201211","01","12","    13820","JP3837630007","967.0000","990.0000","967.0000","990.0000","999.0000","1017.0000","990.0000","1017.0000","967.0000","1017.0000","967.0000","1017.0000"," ","0.0000","0.0000","4900","4877600","995.4286"
"20201211","01","12","    13830","JP3835730007","2121.0000","2121.0000","2121.0000","2121.0000","2130.0000","2169.0000","2122.0000","2139.0000","2121.0000","2169.0000","2121.0000","2139.0000"," ","0.0000","0.0000","1200","2560200","2133.5000"
"20201211","01","12","    14000","JP3124750005","238.0000","241.0000","236.0000","241.0000","241.0000","243.0000","238.0000","241.0000","238.0000","243.0000","236.0000","241.0000"," ","0.0000","0.0000","41300","9891600","239.5061"
"20201211","01","12","    14010","JP3167660004","646.0000","647.0000","635.0000","647.0000","647.0000","648.0000","640.0000","648.0000","646.0000","648.0000","635.0000","648.0000"," ","0.0000","0.0000","13800","8876300","643.2101"
"20201211","01","12","    14070","JP3154750008","4045.0000","4210.0000","4045.0000","4195.0000","4180.0000","4240.0000","4150.0000","4230.0000","4045.0000","4240.0000","4045.0000","4230.0000"," ","0.0000","0.0000","557900","2320888500","4160.0439"
"20201211","01","12","    14180","JP3152860007","265.0000","268.0000","264.0000","265.0000","266.0000","269.0000","265.0000","269.0000","265.0000","269.0000","264.0000","269.0000"," ","0.0000","0.0000","30200","8048900","266.5199"
"20201211","01","12","    14310","JP3162680007","2025.0000","2056.0000","1983.0000","2019.0000","2019.0000","2042.0000","2005.0000","2033.0000","2025.0000","2056.0000","1983.0000","2033.0000"," ","0.0000","0.0000","41700","84319200","2022.0432"
"20201211","01","12","    14320","JP3397900006","0.0000","0.0000","0.0000","0.0000","0.0000","0.0000","0.0000","0.0000","0.0000","0.0000","0.0000","0.0000"," ","0.0000","0.0000","0","0","0.0000"
"20201211","01","12","    14340","JP3386570000","504.0000","504.0000","493.0000","499.0000","502.0000","502.0000","492.0000","497.0000","504.0000","504.0000","492.0000","497.0000"," ","0.0000","0.0000","22400","11135500","497.1205"
"20201211","01","12","    14360","JP3802980007","1352.0000","1367.0000","1338.0000","1363.0000","1360.0000","1420.0000","1360.0000","1386.0000","1352.0000","1420.0000","1338.0000","1386.0000"," ","0.0000","0.0000","37300","51292800","1375.1421"
"20201211","01","12","    14390","JP3931750008","1005.0000","1005.0000","1005.0000","1005.0000","1005.0000","1005.0000","1005.0000","1005.0000","1005.0000","1005.0000","1005.0000","1005.0000"," ","0.0000","0.0000","700","703500","1005.0000"
"20201211","01","12","    14400","JP3937000002","0.0000","0.0000","0.0000","0.0000","0.0000","0.0000","0.0000","0.0000","0.0000","0.0000","0.0000","0.0000"," ","0.0000","0.0000","0","0","0.0000"
"20201211","01","12","    14430","JP3264300009","302.0000","306.0000","294.0000","303.0000","304.0000","312.0000","304.0000","309.0000","302.0000","312.0000","294.0000","309.0000"," ","0.0000","0.0000","224100","68183900","304.2566"
"20201211","01","12","    14450","JP3783430006","0.0000","0.0000","0.0000","0.0000","0.0000","0.0000","0.0000","0.0000","0.0000","0.0000","0.0000","0.0000"," ","0.0000","0.0000","0","0","0.0000"
"20201211","01","12","    14470","JP3104860006","619.0000","638.0000","611.0000","620.0000","618.0000","620.0000","612.0000","618.0000","619.0000","638.0000","611.0000","618.0000"," ","0.0000","0.0000","417200","259090400","621.0221"
"20201211","01","12","    14500","JP3468860006","2024.0000","2026.0000","2022.0000","2022.0000","2024.0000","2028.0000","2024.0000","2026.0000","2024.0000","2028.0000","2022.0000","2026.0000"," ","0.0000","0.0000","3100","6275900","2024.4839"
"20201211","01","12","    14510","JP3277630004","528.0000","533.0000","528.0000","530.0000","532.0000","534.0000","531.0000","531.0000","528.0000","534.0000","528.0000","531.0000"," ","0.0000","0.0000","2600","1379400","530.5385"
"20201211","01","12","    14520","JP3956650000","0.0000","0.0000","0.0000","0.0000","0.0000","0.0000","0.0000","0.0000","0.0000","0.0000","0.0000","0.0000"," ","0.0000","0.0000","0","0","0.0000"
"20201211","01","12","    14910","JP3519000008","36.0000","36.0000","35.0000","35.0000","35.0000","36.0000","35.0000","35.0000","36.0000","36.0000","35.0000","35.0000"," ","0.0000","0.0000","1042600","36655700","35.1580"
"20201211","01","12","    17110","JP3363000005","492.0000","517.0000","471.0000","494.0000","490.0000","494.0000","478.0000","484.0000","492.0000","517.0000","471.0000","484.0000"," ","0.0000","0.0000","310200","152632300","492.0448"
"20201211","01","12","    17180","JP3882700002","3835.0000","3835.0000","3835.0000","3835.0000","3840.0000","3840.0000","3830.0000","3830.0000","3835.0000","3840.0000","3830.0000","3830.0000"," ","0.0000","0.0000","400","1534000","3835.0000"
"20201211","01","12","    17230","JP3734350006","3865.0000","3875.0000","3815.0000","3830.0000","3830.0000","3875.0000","3830.0000","3830.0000","3865.0000","3875.0000","3815.0000","3830.0000"," ","0.0000","0.0000","2400","9239000","3849.5833"
"20201211","01","12","    17240","JP3372200000","791.0000","802.0000","791.0000","802.0000","803.0000","806.0000","800.0000","806.0000","791.0000","806.0000","791.0000","806.0000"," ","0.0000","0.0000","17300","13803900","797.9133"
"20201211","01","12","    17280","JP3884490008","242.0000","242.0000","233.0000","238.0000","238.0000","239.0000","237.0000","237.0000","242.0000","242.0000","233.0000","237.0000"," ","0.0000","0.0000","11900","2863300","240.6134"
"20201211","01","12","    17300","JP3119990004","545.0000","548.0000","533.0000","548.0000","543.0000","543.0000","543.0000","543.0000","545.0000","548.0000","533.0000","543.0000"," ","0.0000","0.0000","3700","2000800","540.7568"
"20201211","01","12","    17360","JP3172410007","2200.0000","2200.0000","2200.0000","2200.0000","2210.0000","2210.0000","2210.0000","2210.0000","2200.0000","2210.0000","2200.0000","2210.0000"," ","0.0000","0.0000","700","1541000","2201.4286"
"20201211","01","12","    17370","JP3888350000","1017.0000","1027.0000","1015.0000","1015.0000","1006.0000","1020.0000","1003.0000","1020.0000","1017.0000","1027.0000","1003.0000","1020.0000"," ","0.0000","0.0000","2200","2231600","1014.3636"
"20201211","01","12","    17390","JP3347010005","641.0000","641.0000","640.0000","640.0000","640.0000","644.0000","640.0000","644.0000","641.0000","644.0000","640.0000","644.0000"," ","0.0000","0.0000","4800","3076600","640.9583"
"20201211","01","12","    17430","JP3283450009","0.0000","0.0000","0.0000","0.0000","0.0000","0.0000","0.0000","0.0000","0.0000","0.0000","0.0000","0.0000"," ","0.0000","0.0000","0","0","0.0000"
"20201211","01","12","    17570","JP3236100008","68.0000","68.0000","67.0000","67.0000","68.0000","68.0000","66.0000","66.0000","68.0000","68.0000","66.0000","66.0000"," ","0.0000","0.0000","1174600","78690100","66.9931"
"20201211","01","12","    17580","JP3450200005","4995.0000","5100.0000","4970.0000","4985.0000","5000.0000","5120.0000","5000.0000","5120.0000","4995.0000","5120.0000","4970.0000","5120.0000"," ","0.0000","0.0000","4400","22249000","5056.5909"
"20201211","01","12","    17640","JP3266150006","0.0000","0.0000","0.0000","0.0000","2000.0000","2000.0000","2000.0000","2000.0000","2000.0000","2000.0000","2000.0000","2000.0000"," ","0.0000","0.0000","200","400000","2000.0000"
"20201211","01","12","    17700","JP3816750008","884.0000","898.0000","884.0000","890.0000","891.0000","895.0000","890.0000","895.0000","884.0000","898.0000","884.0000","895.0000"," ","0.0000","0.0000","5600","4965200","886.6429"
"20201211","01","12","    17750","JP3820550006","2175.0000","2175.0000","2154.0000","2169.0000","2149.0000","2168.0000","2149.0000","2168.0000","2175.0000","2175.0000","2149.0000","2168.0000"," ","0.0000","0.0000","3000","6503700","2167.9000"
"20201211","01","12","    17760","JP3892200001","882.0000","882.0000","882.0000","882.0000","887.0000","887.0000","887.0000","887.0000","882.0000","887.0000","882.0000","887.0000"," ","0.0000","0.0000","300","265600","885.3333"
"20201211","01","12","    17820","JP3393200005","9280.0000","9280.0000","9210.0000","9210.0000","9200.0000","9280.0000","9200.0000","9200.0000","9280.0000","9280.0000","9200.0000","9200.0000"," ","0.0000","0.0000","2000","18471000","9235.5000"
"20201211","01","12","    17830","JP3653550008","45.0000","45.0000","44.0000","45.0000","45.0000","46.0000","44.0000","46.0000","45.0000","46.0000","44.0000","46.0000"," ","0.0000","0.0000","81700","3668400","44.9009"
"20201211","01","12","    17870","JP3644600003","4720.0000","4795.0000","4720.0000","4795.0000","4800.0000","4825.0000","4750.0000","4750.0000","4720.0000","4825.0000","4720.0000","4750.0000"," ","0.0000","0.0000","2500","11993000","4797.2000"
"20201211","01","12","    17880","JP3336500008","0.0000","0.0000","0.0000","0.0000","0.0000","0.0000","0.0000","0.0000","0.0000","0.0000","0.0000","0.0000"," ","0.0000","0.0000","0","0","0.0000"
"20201211","01","12","    17890","JP3934500004","715.0000","778.0000","708.0000","760.0000","760.0000","766.0000","745.0000","766.0000","715.0000","778.0000","708.0000","766.0000"," ","0.0000","0.0000","178400","134743700","755.2898"
"20201211","01","12","    17930","JP3190500003","4925.0000","5000.0000","4925.0000","5000.0000","4900.0000","5050.0000","4900.0000","5050.0000","4925.0000","5050.0000","4900.0000","5050.0000"," ","0.0000","0.0000","8500","42242000","4969.6471"
"20201211","01","12","    17950","JP3863100008","3450.0000","3450.0000","3450.0000","3450.0000","0.0000","0.0000","0.0000","0.0000","3450.0000","3450.0000","3450.0000","3450.0000"," ","0.0000","0.0000","200","690000","3450.0000"
"20201211","01","12","    17980","JP3927400006","2007.0000","2007.0000","2007.0000","2007.0000","2007.0000","2007.0000","2007.0000","2007.0000","2007.0000","2007.0000","2007.0000","2007.0000"," ","0.0000","0.0000","300","602100","2007.0000"
"20201211","01","12","    17990","JP3474610007","1765.0000","1801.0000","1765.0000","1800.0000","1797.0000","1804.0000","1793.0000","1804.0000","1765.0000","1804.0000","1765.0000","1804.0000"," ","0.0000","0.0000","6900","12310300","1784.1014"
"20201211","01","12","    18070","JP3993800006","0.0000","0.0000","0.0000","0.0000","2222.0000","2222.0000","2222.0000","2222.0000","2222.0000","2222.0000","2222.0000","2222.0000"," ","0.0000","0.0000","100","222200","2222.0000"
"20201211","01","12","    18280","JP3468900000","827.0000","827.0000","821.0000","821.0000","826.0000","832.0000","824.0000","830.0000","827.0000","832.0000","821.0000","830.0000"," ","0.0000","0.0000","6800","5633300","828.4265"
"20201211","01","12","    18400","JP3533300004","131.0000","131.0000","130.0000","130.0000","130.0000","131.0000","129.0000","131.0000","131.0000","131.0000","129.0000","131.0000"," ","0.0000","0.0000","82600","10808300","130.8511"
"20201211","01","12","    18410","JP3337200004","0.0000","0.0000","0.0000","0.0000","0.0000","0.0000","0.0000","0.0000","0.0000","0.0000","0.0000","0.0000"," ","0.0000","0.0000","0","0","0.0000"
"20201211","01","12","    18440","JP3190600001","200.0000","204.0000","199.0000","201.0000","202.0000","205.0000","201.0000","203.0000","200.0000","205.0000","199.0000","203.0000"," ","0.0000","0.0000","169300","34117500","201.5210"
"20201211","01","12","    18500","JP3652600002","283.0000","286.0000","280.0000","280.0000","285.0000","285.0000","283.0000","283.0000","283.0000","286.0000","280.0000","283.0000"," ","0.0000","0.0000","7400","2089300","282.3378"
"20201211","01","12","    18530","JP3923600005","281.0000","283.0000","281.0000","283.0000","283.0000","286.0000","283.0000","286.0000","281.0000","286.0000","281.0000","286.0000"," ","0.0000","0.0000","40800","11571300","283.6103"
"20201211","01","12","    18970","JP3216600001","0.0000","0.0000","0.0000","0.0000","0.0000","0.0000","0.0000","0.0000","0.0000","0.0000","0.0000","0.0000"," ","0.0000","0.0000","0","0","0.0000"
"20201211","01","12","    19040","JP3443000009","1880.0000","1880.0000","1880.0000","1880.0000","1880.0000","1887.0000","1880.0000","1887.0000","1880.0000","1887.0000","1880.0000","1887.0000"," ","0.0000","0.0000","800","1505800","1882.2500"
"20201211","01","12","    19050","JP3545800009","851.0000","851.0000","849.0000","849.0000","852.0000","853.0000","851.0000","851.0000","851.0000","853.0000","849.0000","851.0000"," ","0.0000","0.0000","6800","5786200","850.9118"
"20201211","01","12","    19480","JP3288600004","0.0000","0.0000","0.0000","0.0000","0.0000","0.0000","0.0000","0.0000","0.0000","0.0000","0.0000","0.0000"," ","0.0000","0.0000","0","0","0.0000"
"20201211","01","12","    19600","JP3335400002","710.0000","712.0000","710.0000","712.0000","714.0000","723.0000","714.0000","715.0000","710.0000","723.0000","710.0000","715.0000"," ","0.0000","0.0000","8600","6109400","710.3953"
"20201211","01","12","    19650","JP3545040002","900.0000","900.0000","899.0000","900.0000","897.0000","899.0000","897.0000","898.0000","900.0000","900.0000","897.0000","898.0000"," ","0.0000","0.0000","1900","1708000","898.9474"
"20201211","01","12","    19660","JP3457600009","705.0000","732.0000","699.0000","705.0000","705.0000","795.0000","700.0000","760.0000","705.0000","795.0000","699.0000","760.0000"," ","0.0000","0.0000","350800","263052300","749.8640"
"20201211","01","12","    19710","JP3518200005","597.0000","597.0000","597.0000","597.0000","600.0000","600.0000","600.0000","600.0000","597.0000","600.0000","597.0000","600.0000"," ","0.0000","0.0000","200","119700","598.5000"
"20201211","01","12","    19810","JP3254800000","930.0000","930.0000","902.0000","902.0000","910.0000","910.0000","904.0000","904.0000","930.0000","930.0000","902.0000","904.0000"," ","0.0000","0.0000","1700","1551400","912.5882"
"20201211","01","12","    19920","JP3230000006","1020.0000","1020.0000","1020.0000","1020.0000","1034.0000","1034.0000","1034.0000","1034.0000","1020.0000","1034.0000","1020.0000","1034.0000"," ","0.0000","0.0000","700","718200","1026.0000"
"20201211","01","12","    19940","JP3457800005","562.0000","563.0000","557.0000","560.0000","557.0000","560.0000","555.0000","555.0000","562.0000","563.0000","555.0000","555.0000"," ","0.0000","0.0000","10200","5701300","558.9510"
"20201211","01","12","    19970","JP3131000006","0.0000","0.0000","0.0000","0.0000","0.0000","0.0000","0.0000","0.0000","0.0000","0.0000","0.0000","0.0000"," ","0.0000","0.0000","0","0","0.0000"
"20201211","01","12","    20550","JP3666400001","300.0000","300.0000","300.0000","300.0000","300.0000","301.0000","297.0000","297.0000","300.0000","301.0000","297.0000","297.0000"," ","0.0000","0.0000","19700","5904300","299.7107"
"20201211","01","12","    21140","JP3722200007","547.0000","547.0000","543.0000","546.0000","546.0000","548.0000","544.0000","545.0000","547.0000","548.0000","543.0000","545.0000"," ","0.0000","0.0000","3600","1963500","545.4167"
"20201211","01","12","    21220","JP3152830000","1230.0000","1230.0000","1230.0000","1230.0000","1202.0000","1217.0000","1180.0000","1217.0000","1230.0000","1230.0000","1180.0000","1217.0000"," ","0.0000","0.0000","2000","2433200","1216.6000"
"20201211","01","12","    21340","JP3325800005","48.0000","49.0000","47.0000","49.0000","49.0000","49.0000","47.0000","47.0000","48.0000","49.0000","47.0000","47.0000"," ","0.0000","0.0000","1281100","61526400","48.0262"
"20201211","01","12","    21360","JP3791970001","603.0000","603.0000","603.0000","603.0000","603.0000","605.0000","603.0000","605.0000","603.0000","605.0000","603.0000","605.0000"," ","0.0000","0.0000","500","302000","604.0000"
"20201211","01","12","    21380","JP3155270006","1136.0000","1174.0000","1136.0000","1174.0000","1173.0000","1173.0000","1158.0000","1164.0000","1136.0000","1174.0000","1136.0000","1164.0000"," ","0.0000","0.0000","58000","67082200","1156.5897"
"20201211","01","12","    21500","JP3277550004","4820.0000","5220.0000","4720.0000","5190.0000","5240.0000","5310.0000","5180.0000","5310.0000","4820.0000","5310.0000","4720.0000","5310.0000"," ","0.0000","0.0000","704900","3590856500","5094.1360"
"20201211","01","12","    21520","JP3953750001","0.0000","0.0000","0.0000","0.0000","999.0000","1000.0000","999.0000","1000.0000","999.0000","1000.0000","999.0000","1000.0000"," ","0.0000","0.0000","200","199900","999.5000"
"20201211","01","12","    21560","JP3413200001","273.0000","273.0000","273.0000","273.0000","272.0000","272.0000","270.0000","270.0000","273.0000","273.0000","270.0000","270.0000"," ","0.0000","0.0000","600","163100","271.8333"
"20201211","01","12","    21580","JP3944630007","665.0000","684.0000","655.0000","680.0000","679.0000","679.0000","659.0000","667.0000","665.0000","684.0000","655.0000","667.0000"," ","0.0000","0.0000","446100","299250700","670.8153"
"20201211","01","12","    21590","JP3828200000","475.0000","487.0000","475.0000","487.0000","485.0000","485.0000","471.0000","473.0000","475.0000","487.0000","471.0000","473.0000"," ","0.0000","0.0000","79700","38112300","478.1970"
"20201211","01","12","    21600","JP3386370005","1824.0000","1847.0000","1814.0000","1846.0000","1842.0000","1844.0000","1815.0000","1844.0000","1824.0000","1847.0000","1814.0000","1844.0000"," ","0.0000","0.0000","870000","1592886100","1830.9036"
"20201211","01","12","    21620","JP3750800009","292.0000","297.0000","292.0000","293.0000","293.0000","294.0000","290.0000","291.0000","292.0000","297.0000","290.0000","291.0000"," ","0.0000","0.0000","76900","22507800","292.6892"
"20201211","01","12","    21640","JP3507500001","800.0000","800.0000","800.0000","800.0000","800.0000","800.0000","790.0000","799.0000","800.0000","800.0000","790.0000","799.0000"," ","0.0000","0.0000","3200","2544800","795.2500"
"20201211","01","12","    21730","JP3766300002","384.0000","386.0000","383.0000","384.0000","383.0000","387.0000","383.0000","387.0000","384.0000","387.0000","383.0000","387.0000"," ","0.0000","0.0000","6900","2651800","384.3188"
"20201211","01","12","    21760","JP3146300003","749.0000","754.0000","744.0000","754.0000","750.0000","754.0000","747.0000","754.0000","749.0000","754.0000","744.0000","754.0000"," ","0.0000","0.0000","9100","6815800","748.9890"
"20201211","01","12","    21780","JP3635480001","413.0000","423.0000","406.0000","415.0000","412.0000","415.0000","410.0000","412.0000","413.0000","423.0000","406.0000","412.0000"," ","0.0000","0.0000","100400","41563200","413.9761"
"20201211","01","12","    21790","JP3414400006","764.0000","764.0000","763.0000","763.0000","763.0000","766.0000","761.0000","761.0000","764.0000","766.0000","761.0000","761.0000"," ","0.0000","0.0000","1300","993000","763.8462"
"20201211","01","12","    21850","JP3347170007","2395.0000","2395.0000","2345.0000","2345.0000","2360.0000","2360.0000","2359.0000","2360.0000","2395.0000","2395.0000","2345.0000","2360.0000"," ","0.0000","0.0000","2800","6670200","2382.2143"
"20201211","01","12","    21860","JP3431520000","909.0000","909.0000","906.0000","907.0000","907.0000","912.0000","907.0000","912.0000","909.0000","912.0000","906.0000","912.0000"," ","0.0000","0.0000","2000","1817900","908.9500"
"20201211","01","12","    21910","JP3545900007","412.0000","417.0000","400.0000","408.0000","408.0000","414.0000","405.0000","413.0000","412.0000","417.0000","400.0000","413.0000"," ","0.0000","0.0000","1194900","486556900","407.1947"
"20201211","01","12","    21950","JP3124440003","0.0000","0.0000","0.0000","0.0000","0.0000","0.0000","0.0000","0.0000","0.0000","0.0000","0.0000","0.0000"," ","0.0000","0.0000","0","0","0.0000"
"20201211","01","12","    22080","JP3831400001","1934.0000","1945.0000","1934.0000","1944.0000","1940.0000","1948.0000","1939.0000","1948.0000","1934.0000","1948.0000","1934.0000","1948.0000"," ","0.0000","0.0000","7200","13975200","1941.0000"
"20201211","01","12","    22160","JP3233400005","1552.0000","1555.0000","1552.0000","1555.0000","1551.0000","1554.0000","1551.0000","1554.0000","1552.0000","1555.0000","1551.0000","1554.0000"," ","0.0000","0.0000","5000","7761800","1552.3600"
"20201211","01","12","    22210","JP3152200006","3935.0000","3940.0000","3915.0000","3915.0000","3900.0000","3930.0000","3890.0000","3930.0000","3935.0000","3940.0000","3890.0000","3930.0000"," ","0.0000","0.0000","1100","4309500","3917.7273"
"20201211","01","12","    22240","JP3305700001","2535.0000","2535.0000","2535.0000","2535.0000","2547.0000","2547.0000","2536.0000","2536.0000","2535.0000","2547.0000","2535.0000","2536.0000"," ","0.0000","0.0000","700","1777300","2539.0000"
"20201211","01","12","    22260","JP3829100001","5120.0000","5140.0000","5100.0000","5130.0000","5130.0000","5150.0000","5120.0000","5150.0000","5120.0000","5150.0000","5100.0000","5150.0000"," ","0.0000","0.0000","3300","16922000","5127.8788"
"20201211","01","12","    22300","JP3309020000","0.0000","0.0000","0.0000","0.0000","0.0000","0.0000","0.0000","0.0000","0.0000","0.0000","0.0000","0.0000"," ","0.0000","0.0000","0","0","0.0000"
"20201211","01","12","    22680","JP3799600006","3940.0000","3940.0000","3940.0000","3940.0000","3940.0000","3945.0000","3940.0000","3945.0000","3940.0000","3945.0000","3940.0000","3945.0000"," ","0.0000","0.0000","700","2759000","3941.4286"
"20201211","01","12","    22910","JP3806600007","0.0000","0.0000","0.0000","0.0000","1899.0000","1899.0000","1899.0000","1899.0000","1899.0000","1899.0000","1899.0000","1899.0000"," ","0.0000","0.0000","100","189900","1899.0000"
"20201211","01","12","    22930","JP3462000005","0.0000","0.0000","0.0000","0.0000","2987.0000","2987.0000","2987.0000","2987.0000","2987.0000","2987.0000","2987.0000","2987.0000"," ","0.0000","0.0000","300","896100","2987.0000"
"20201211","01","12","    23000","JP3256850003","520.0000","520.0000","520.0000","520.0000","518.0000","520.0000","518.0000","520.0000","520.0000","520.0000","518.0000","520.0000"," ","0.0000","0.0000","1000","519400","519.4000"
"20201211","01","12","    23030","JP3637600002","3210.0000","3210.0000","3120.0000","3210.0000","3210.0000","3210.0000","3060.0000","3155.0000","3210.0000","3210.0000","3060.0000","3155.0000"," ","0.0000","0.0000","585500","1868949500","3192.0572"
"20201211","01","12","    23040","JP3425500000","239.0000","239.0000","236.0000","239.0000","0.0000","0.0000","0.0000","0.0000","239.0000","239.0000","236.0000","239.0000"," ","0.0000","0.0000","300","71400","238.0000"
"20201211","01","12","    23150","JP3333400004","18.0000","18.0000","17.0000","18.0000","18.0000","18.0000","17.0000","18.0000","18.0000","18.0000","17.0000","18.0000"," ","0.0000","0.0000","71416200","1285116700","17.9948"
"20201211","01","12","    23210","JP3436190007","133.0000","134.0000","132.0000","133.0000","133.0000","133.0000","133.0000","133.0000","133.0000","134.0000","132.0000","133.0000"," ","0.0000","0.0000","33700","4482000","132.9970"
"20201211","01","12","    23230","JP3758080000","505.0000","517.0000","505.0000","512.0000","512.0000","512.0000","506.0000","506.0000","505.0000","517.0000","505.0000","506.0000"," ","0.0000","0.0000","34500","17582000","509.6232"
"20201211","01","12","    23290","JP3604400006","637.0000","641.0000","633.0000","633.0000","637.0000","647.0000","634.0000","647.0000","637.0000","647.0000","633.0000","647.0000"," ","0.0000","0.0000","8300","5296300","638.1084"
"20201211","01","12","    23300","JP3802810006","81.0000","82.0000","81.0000","82.0000","82.0000","82.0000","81.0000","81.0000","81.0000","82.0000","81.0000","81.0000"," ","0.0000","0.0000","190200","15510400","81.5478"
"20201211","01","12","    23320","JP3266130008","1287.0000","1300.0000","1283.0000","1283.0000","1281.0000","1288.0000","1275.0000","1288.0000","1287.0000","1300.0000","1275.0000","1288.0000"," ","0.0000","0.0000","6000","7714600","1285.7667"
"20201211","01","12","    23340","JP3131380002","1378.0000","1395.0000","1370.0000","1390.0000","1393.0000","1394.0000","1372.0000","1378.0000","1378.0000","1395.0000","1370.0000","1378.0000"," ","0.0000","0.0000","11300","15624700","1382.7168"
"20201211","01","12","    23360","JP3818770004","0.0000","0.0000","0.0000","0.0000","0.0000","0.0000","0.0000","0.0000","0.0000","0.0000","0.0000","0.0000"," ","0.0000","0.0000","0","0","0.0000"
"20201211","01","12","    23380","JP3345580009","572.0000","580.0000","562.0000","565.0000","565.0000","576.0000","561.0000","573.0000","572.0000","580.0000","561.0000","573.0000"," ","0.0000","0.0000","29600","16866800","569.8243"
"20201211","01","12","    23400","JP3387850005","306.0000","307.0000","306.0000","306.0000","306.0000","309.0000","306.0000","309.0000","306.0000","309.0000","306.0000","309.0000"," ","0.0000","0.0000","42800","13141900","307.0537"
"20201211","01","12","    23410","JP3126180003","136.0000","136.0000","135.0000","135.0000","135.0000","135.0000","135.0000","135.0000","136.0000","136.0000","135.0000","135.0000"," ","0.0000","0.0000","8500","1153700","135.7294"
"20201211","01","12","    23420","JP3635720000","364.0000","364.0000","359.0000","362.0000","362.0000","366.0000","361.0000","366.0000","364.0000","366.0000","359.0000","366.0000"," ","0.0000","0.0000","62900","22843600","363.1733"
"20201211","01","12","    23440","JP3834050001","832.0000","844.0000","832.0000","844.0000","844.0000","844.0000","844.0000","844.0000","832.0000","844.0000","832.0000","844.0000"," ","0.0000","0.0000","1100","921200","837.4545"
"20201211","01","12","    23450","JP3351020007","660.0000","667.0000","624.0000","644.0000","645.0000","660.0000","643.0000","658.0000","660.0000","667.0000","624.0000","658.0000"," ","0.0000","0.0000","742700","481170900","647.8671"
"20201211","01","12","    23490","JP3164610002","1456.0000","1456.0000","1401.0000","1433.0000","1429.0000","1430.0000","1429.0000","1430.0000","1456.0000","1456.0000","1401.0000","1430.0000"," ","0.0000","0.0000","10300","14948200","1451.2816"
"20201211","01","12","    23510","JP3122420007","881.0000","881.0000","862.0000","872.0000","872.0000","899.0000","868.0000","899.0000","881.0000","899.0000","862.0000","899.0000"," ","0.0000","0.0000","21900","19189000","876.2100"
"20201211","01","12","    23540","JP3931800001","705.0000","727.0000","699.0000","724.0000","725.0000","728.0000","711.0000","718.0000","705.0000","728.0000","699.0000","718.0000"," ","0.0000","0.0000","316600","226968500","716.8936"
"20201211","01","12","    23620","JP3952850000","707.0000","712.0000","706.0000","708.0000","707.0000","713.0000","707.0000","710.0000","707.0000","713.0000","706.0000","710.0000"," ","0.0000","0.0000","378300","268269600","709.1451"
"20201211","01","12","    23700","JP3920990003","58.0000","59.0000","58.0000","59.0000","59.0000","60.0000","58.0000","60.0000","58.0000","60.0000","58.0000","60.0000"," ","0.0000","0.0000","1647900","96818000","58.7524"
"20201211","01","12","    23730","JP3277500009","2588.0000","2670.0000","2563.0000","2630.0000","2630.0000","2699.0000","2600.0000","2699.0000","2588.0000","2699.0000","2563.0000","2699.0000"," ","0.0000","0.0000","50100","132189700","2638.5170"
"20201211","01","12","    23750","JP3410750008","2051.0000","2154.0000","2051.0000","2135.0000","2140.0000","2147.0000","2092.0000","2104.0000","2051.0000","2154.0000","2051.0000","2104.0000"," ","0.0000","0.0000","189100","400441500","2117.6177"
"20201211","01","12","    23850","JP3431850001","654.0000","658.0000","644.0000","654.0000","654.0000","659.0000","650.0000","659.0000","654.0000","659.0000","644.0000","659.0000"," ","0.0000","0.0000","208800","136279300","652.6786"
"20201211","01","12","    23880","JP3831450006","102.0000","103.0000","101.0000","102.0000","102.0000","103.0000","101.0000","102.0000","102.0000","103.0000","101.0000","102.0000"," ","0.0000","0.0000","125000","12793900","102.3512"
"20201211","01","12","    23910","JP3833120003","1430.0000","1434.0000","1429.0000","1434.0000","1428.0000","1434.0000","1426.0000","1426.0000","1430.0000","1434.0000","1426.0000","1426.0000"," ","0.0000","0.0000","1500","2143500","1429.0000"
"20201211","01","12","    23930","JP3699800003","1644.0000","1644.0000","1624.0000","1630.0000","1625.0000","1633.0000","1624.0000","1632.0000","1644.0000","1644.0000","1624.0000","1632.0000"," ","0.0000","0.0000","2100","3428600","1632.6667"
"20201211","01","12","    23970","JP3548590003","709.0000","735.0000","707.0000","735.0000","725.0000","739.0000","725.0000","732.0000","709.0000","739.0000","707.0000","732.0000"," ","0.0000","0.0000","117500","85117800","724.4068"
"20201211","01","12","    24020","JP3124200001","674.0000","674.0000","668.0000","670.0000","674.0000","676.0000","671.0000","676.0000","674.0000","676.0000","668.0000","676.0000"," ","0.0000","0.0000","7100","4780600","673.3239"
"20201211","01","12","    24040","JP3545620001","250.0000","250.0000","248.0000","249.0000","249.0000","250.0000","248.0000","249.0000","250.0000","250.0000","248.0000","249.0000"," ","0.0000","0.0000","6000","1492300","248.7167"
"20201211","01","12","    24060","JP3126170004","568.0000","570.0000","568.0000","570.0000","567.0000","570.0000","563.0000","569.0000","568.0000","570.0000","563.0000","569.0000"," ","0.0000","0.0000","6200","3513400","566.6774"
"20201211","01","12","    24080","JP3277130005","286.0000","286.0000","286.0000","286.0000","288.0000","295.0000","288.0000","289.0000","286.0000","295.0000","286.0000","289.0000"," ","0.0000","0.0000","6300","1835400","291.3333"
"20201211","01","12","    24110","JP3282850001","283.0000","283.0000","281.0000","281.0000","281.0000","281.0000","281.0000","281.0000","283.0000","283.0000","281.0000","281.0000"," ","0.0000","0.0000","10100","2853400","282.5149"
"20201211","01","12","    24150","JP3794520001","755.0000","758.0000","755.0000","758.0000","751.0000","754.0000","750.0000","753.0000","755.0000","758.0000","750.0000","753.0000"," ","0.0000","0.0000","3800","2866100","754.2368"
"20201211","01","12","    24250","JP3277450007","520.0000","524.0000","508.0000","515.0000","514.0000","515.0000","514.0000","515.0000","520.0000","524.0000","508.0000","515.0000"," ","0.0000","0.0000","5200","2672000","513.8462"
"20201211","01","12","    24350","JP3351630003","357.0000","363.0000","352.0000","361.0000","360.0000","360.0000","350.0000","351.0000","357.0000","363.0000","350.0000","351.0000"," ","0.0000","0.0000","38900","13845900","355.9357"
"20201211","01","12","    24360","JP3253500007","911.0000","921.0000","909.0000","920.0000","912.0000","913.0000","909.0000","909.0000","911.0000","921.0000","909.0000","909.0000"," ","0.0000","0.0000","3600","3286300","912.8611"
"20201211","01","12","    24370","JP3384900001","400.0000","404.0000","395.0000","402.0000","402.0000","402.0000","399.0000","400.0000","400.0000","404.0000","395.0000","400.0000"," ","0.0000","0.0000","27400","10929800","398.8978"
"20201211","01","12","    24380","JP3119670002","1107.0000","1107.0000","1071.0000","1092.0000","1096.0000","1099.0000","1081.0000","1095.0000","1107.0000","1107.0000","1071.0000","1095.0000"," ","0.0000","0.0000","120300","131352500","1091.8745"
"20201211","01","12","    24490","JP3833050002","0.0000","0.0000","0.0000","0.0000","1299.0000","1307.0000","1298.0000","1305.0000","1299.0000","1307.0000","1298.0000","1305.0000"," ","0.0000","0.0000","400","520900","1302.2500"
"20201211","01","12","    24520","JP3306450002","0.0000","0.0000","0.0000","0.0000","0.0000","0.0000","0.0000","0.0000","0.0000","0.0000","0.0000","0.0000"," ","0.0000","0.0000","0","0","0.0000"
"20201211","01","12","    24540","JP3174050009","976.0000","976.0000","955.0000","968.0000","963.0000","963.0000","955.0000","955.0000","976.0000","976.0000","955.0000","955.0000"," ","0.0000","0.0000","8300","7998300","963.6506"
"20201211","01","12","    24590","JP3105310001","230.0000","232.0000","226.0000","232.0000","232.0000","233.0000","230.0000","232.0000","230.0000","233.0000","226.0000","232.0000"," ","0.0000","0.0000","58000","13319900","229.6534"
"20201211","01","12","    24680","JP3826260006","375.0000","378.0000","374.0000","378.0000","376.0000","379.0000","373.0000","373.0000","375.0000","379.0000","373.0000","373.0000"," ","0.0000","0.0000","14500","5442800","375.3655"
"20201211","01","12","    24690","JP3793200001","1188.0000","1192.0000","1181.0000","1189.0000","1185.0000","1191.0000","1181.0000","1190.0000","1188.0000","1192.0000","1181.0000","1190.0000"," ","0.0000","0.0000","4500","5341800","1187.0667"
"20201211","01","12","    24790","JP3386260008","171.0000","171.0000","170.0000","170.0000","171.0000","171.0000","169.0000","170.0000","171.0000","171.0000","169.0000","170.0000"," ","0.0000","0.0000","12000","2043400","170.2833"
"20201211","01","12","    24800","JP3351080001","1711.0000","1711.0000","1690.0000","1690.0000","1701.0000","1701.0000","1680.0000","1686.0000","1711.0000","1711.0000","1680.0000","1686.0000"," ","0.0000","0.0000","4100","6952300","1695.6829"
"20201211","01","12","    24810","JP3452300001","323.0000","332.0000","322.0000","331.0000","331.0000","332.0000","329.0000","330.0000","323.0000","332.0000","322.0000","330.0000"," ","0.0000","0.0000","15700","5154600","328.3185"
"20201211","01","12","    24830","JP3854900002","1201.0000","1201.0000","1201.0000","1201.0000","1202.0000","1205.0000","1202.0000","1205.0000","1201.0000","1205.0000","1201.0000","1205.0000"," ","0.0000","0.0000","2600","3129900","1203.8077"
"20201211","01","12","    24840","JP3952870008","3300.0000","3760.0000","3295.0000","3695.0000","3660.0000","3730.0000","3575.0000","3645.0000","3300.0000","3760.0000","3295.0000","3645.0000"," ","0.0000","0.0000","3062400","11059481000","3611.3770"
"20201211","01","12","    24880","JP3710700000","771.0000","784.0000","771.0000","782.0000","782.0000","782.0000","777.0000","778.0000","771.0000","784.0000","771.0000","778.0000"," ","0.0000","0.0000","17200","13390900","778.5407"
"20201211","01","12","    24930","JP3130420007","916.0000","916.0000","899.0000","900.0000","901.0000","908.0000","901.0000","907.0000","916.0000","916.0000","899.0000","907.0000"," ","0.0000","0.0000","10100","9137800","904.7327"
"20201211","01","12","    24970","JP3758130003","1505.0000","1531.0000","1498.0000","1515.0000","1510.0000","1510.0000","1495.0000","1497.0000","1505.0000","1531.0000","1495.0000","1497.0000"," ","0.0000","0.0000","85900","129585300","1508.5600"
"20201211","01","12","    24980","JP3121120004","2147.0000","2344.0000","2147.0000","2305.0000","2295.0000","2297.0000","2215.0000","2255.0000","2147.0000","2344.0000","2147.0000","2255.0000"," ","0.0000","0.0000","96800","218131500","2253.4246"
"20201211","01","12","    24990","JP3756080002","247.0000","250.0000","247.0000","250.0000","249.0000","249.0000","245.0000","248.0000","247.0000","250.0000","245.0000","248.0000"," ","0.0000","0.0000","14500","3591700","247.7034"
"20201211","01","12","    25730","JP3847800004","4140.0000","4145.0000","4130.0000","4145.0000","4140.0000","4145.0000","4140.0000","4145.0000","4140.0000","4145.0000","4130.0000","4145.0000"," ","0.0000","0.0000","1200","4966000","4138.3333"
"20201211","01","12","    25860","JP3828300008","168.0000","171.0000","168.0000","170.0000","170.0000","171.0000","169.0000","170.0000","168.0000","171.0000","168.0000","170.0000"," ","0.0000","0.0000","250200","42386300","169.4097"
"20201211","01","12","    25880","JP3155450004","3715.0000","3825.0000","3680.0000","3725.0000","3770.0000","3770.0000","3725.0000","3750.0000","3715.0000","3825.0000","3680.0000","3750.0000"," ","0.0000","0.0000","4200","15712500","3741.0714"
"20201211","01","12","    26520","JP3879700007","489.0000","491.0000","489.0000","490.0000","490.0000","492.0000","489.0000","489.0000","489.0000","492.0000","489.0000","489.0000"," ","0.0000","0.0000","3800","1864100","490.5526"
"20201211","01","12","    26530","JP3245400001","1872.0000","1881.0000","1872.0000","1879.0000","1879.0000","1879.0000","1878.0000","1879.0000","1872.0000","1881.0000","1872.0000","1879.0000"," ","0.0000","0.0000","2700","5063400","1875.3333"
"20201211","01","12","    26540","JP3384720003","390.0000","391.0000","390.0000","391.0000","391.0000","392.0000","390.0000","391.0000","390.0000","392.0000","390.0000","391.0000"," ","0.0000","0.0000","4400","1719200","390.7273"
"20201211","01","12","    26560","JP3835400007","209.0000","211.0000","209.0000","211.0000","211.0000","212.0000","208.0000","208.0000","209.0000","212.0000","208.0000","208.0000"," ","0.0000","0.0000","36700","7677800","209.2044"
"20201211","01","12","    26660","JP3172430005","109.0000","109.0000","108.0000","108.0000","108.0000","109.0000","108.0000","108.0000","109.0000","109.0000","108.0000","108.0000"," ","0.0000","0.0000","26000","2813600","108.2154"
"20201211","01","12","    26670","JP3149400008","594.0000","624.0000","591.0000","603.0000","600.0000","601.0000","574.0000","587.0000","594.0000","624.0000","574.0000","587.0000"," ","0.0000","0.0000","535300","321294600","600.2141"
"20201211","01","12","    26680","JP3506100001","1020.0000","1024.0000","1020.0000","1024.0000","1023.0000","1023.0000","1019.0000","1019.0000","1020.0000","1024.0000","1019.0000","1019.0000"," ","0.0000","0.0000","700","715000","1021.4286"
"20201211","01","12","    26690","JP3217900004","2980.0000","2982.0000","2976.0000","2982.0000","2976.0000","2977.0000","2971.0000","2972.0000","2980.0000","2982.0000","2971.0000","2972.0000"," ","0.0000","0.0000","7200","21433400","2976.8611"
"20201211","01","12","    26730","JP3952900003","117.0000","117.0000","116.0000","117.0000","117.0000","117.0000","116.0000","117.0000","117.0000","117.0000","116.0000","117.0000"," ","0.0000","0.0000","27500","3213800","116.8655"
"20201211","01","12","    26750","JP3491900001","1217.0000","1222.0000","1217.0000","1222.0000","1228.0000","1229.0000","1227.0000","1227.0000","1217.0000","1229.0000","1217.0000","1227.0000"," ","0.0000","0.0000","1500","1834700","1223.1333"
"20201211","01","12","    26830","JP3155500006","1013.0000","1013.0000","1010.0000","1010.0000","1013.0000","1013.0000","1011.0000","1011.0000","1013.0000","1013.0000","1010.0000","1011.0000"," ","0.0000","0.0000","1300","1314900","1011.4615"
"20201211","01","12","    26930","JP3990750006","306.0000","307.0000","301.0000","304.0000","305.0000","310.0000","303.0000","306.0000","306.0000","310.0000","301.0000","306.0000"," ","0.0000","0.0000","43400","13225000","304.7235"
"20201211","01","12","    26940","JP3834150009","65.0000","66.0000","65.0000","65.0000","65.0000","66.0000","65.0000","65.0000","65.0000","66.0000","65.0000","65.0000"," ","0.0000","0.0000","158700","10324000","65.0536"
"20201211","01","12","    27000","JP3240900005","3530.0000","3555.0000","3530.0000","3555.0000","3535.0000","3540.0000","3500.0000","3525.0000","3530.0000","3555.0000","3500.0000","3525.0000"," ","0.0000","0.0000","2600","9151000","3519.6154"
"20201211","01","12","    27020","JP3750500005","5240.0000","5240.0000","5200.0000","5220.0000","5220.0000","5220.0000","5210.0000","5210.0000","5240.0000","5240.0000","5200.0000","5210.0000"," ","0.0000","0.0000","726700","3795707000","5223.2104"
"20201211","01","12","    27050","JP3188300002","2290.0000","2297.0000","2278.0000","2287.0000","2275.0000","2280.0000","2260.0000","2275.0000","2290.0000","2297.0000","2260.0000","2275.0000"," ","0.0000","0.0000","12900","29377100","2277.2946"
"20201211","01","12","    27060","JP3831500008","1461.0000","1472.0000","1451.0000","1461.0000","1455.0000","1465.0000","1451.0000","1464.0000","1461.0000","1472.0000","1451.0000","1464.0000"," ","0.0000","0.0000","92600","135058600","1458.5162"
"20201211","01","12","    27080","JP3266120009","710.0000","710.0000","710.0000","710.0000","709.0000","709.0000","709.0000","709.0000","710.0000","710.0000","709.0000","709.0000"," ","0.0000","0.0000","400","283900","709.7500"
"20201211","01","12","    27140","JP3833150000","769.0000","770.0000","769.0000","769.0000","769.0000","770.0000","769.0000","769.0000","769.0000","770.0000","769.0000","769.0000"," ","0.0000","0.0000","16300","12535000","769.0184"
"20201211","01","12","    27210","JP3386180008","302.0000","303.0000","297.0000","299.0000","297.0000","300.0000","296.0000","297.0000","302.0000","303.0000","296.0000","297.0000"," ","0.0000","0.0000","13200","3939800","298.4697"
"20201211","01","12","    27360","JP3319700005","1200.0000","1200.0000","1191.0000","1191.0000","1189.0000","1191.0000","1187.0000","1191.0000","1200.0000","1200.0000","1187.0000","1191.0000"," ","0.0000","0.0000","700","835800","1194.0000"
"20201211","01","12","    27430","JP3765210004","182.0000","185.0000","176.0000","178.0000","178.0000","179.0000","176.0000","178.0000","182.0000","185.0000","176.0000","178.0000"," ","0.0000","0.0000","1124900","202324300","179.8598"
"20201211","01","12","    27470","JP3843370002","0.0000","0.0000","0.0000","0.0000","0.0000","0.0000","0.0000","0.0000","0.0000","0.0000","0.0000","0.0000"," ","0.0000","0.0000","0","0","0.0000"
"20201211","01","12","    27500","JP3136950007","417.0000","417.0000","406.0000","407.0000","407.0000","413.0000","405.0000","406.0000","417.0000","417.0000","405.0000","406.0000"," ","0.0000","0.0000","8400","3427400","408.0238"
"20201211","01","12","    27510","JP3547700009","1950.0000","1971.0000","1950.0000","1966.0000","1969.0000","1971.0000","1968.0000","1971.0000","1950.0000","1971.0000","1950.0000","1971.0000"," ","0.0000","0.0000","11500","22566400","1962.2957"
"20201211","01","12","    27540","JP3854630005","412.0000","412.0000","411.0000","411.0000","414.0000","414.0000","414.0000","414.0000","412.0000","414.0000","411.0000","414.0000"," ","0.0000","0.0000","300","123700","412.3333"
"20201211","01","12","    27610","JP3626400000","5870.0000","5870.0000","5830.0000","5830.0000","5830.0000","5860.0000","5830.0000","5860.0000","5870.0000","5870.0000","5830.0000","5860.0000"," ","0.0000","0.0000","700","4094000","5848.5714"
"20201211","01","12","    27620","JP3332520000","300.0000","300.0000","299.0000","299.0000","299.0000","300.0000","299.0000","300.0000","300.0000","300.0000","299.0000","300.0000"," ","0.0000","0.0000","7600","2275200","299.3684"
"20201211","01","12","    27630","JP3166940001","1406.0000","1412.0000","1405.0000","1410.0000","1410.0000","1420.0000","1410.0000","1419.0000","1406.0000","1420.0000","1405.0000","1419.0000"," ","0.0000","0.0000","9000","12721000","1413.4444"
"20201211","01","12","    27690","JP3159960008","954.0000","955.0000","952.0000","953.0000","953.0000","959.0000","953.0000","956.0000","954.0000","959.0000","952.0000","956.0000"," ","0.0000","0.0000","7200","6874800","954.8333"
"20201211","01","12","    27730","JP3909550000","851.0000","854.0000","848.0000","854.0000","854.0000","856.0000","854.0000","856.0000","851.0000","856.0000","848.0000","856.0000"," ","0.0000","0.0000","2200","1875600","852.5455"
"20201211","01","12","    27760","JP3270600004","84.0000","85.0000","83.0000","85.0000","85.0000","86.0000","84.0000","86.0000","84.0000","86.0000","83.0000","86.0000"," ","0.0000","0.0000","205900","17332900","84.1812"
"20201211","01","12","    27770","JP3212300002","0.0000","0.0000","0.0000","0.0000","0.0000","0.0000","0.0000","0.0000","0.0000","0.0000","0.0000","0.0000"," ","0.0000","0.0000","0","0","0.0000"
"20201211","01","12","    27780","JP3782800001","177.0000","177.0000","176.0000","176.0000","176.0000","177.0000","176.0000","177.0000","177.0000","177.0000","176.0000","177.0000"," ","0.0000","0.0000","10600","1870700","176.4811"
"20201211","01","12","    27800","JP3305590006","686.0000","692.0000","686.0000","692.0000","689.0000","690.0000","686.0000","686.0000","686.0000","692.0000","686.0000","686.0000"," ","0.0000","0.0000","12900","8880700","688.4264"
"20201211","01","12","    27820","JP3423520000","3775.0000","3850.0000","3775.0000","3850.0000","3850.0000","3905.0000","3840.0000","3885.0000","3775.0000","3905.0000","3775.0000","3885.0000"," ","0.0000","0.0000","160800","619121500","3850.2581"
"20201211","01","12","    27880","JP3121170009","256.0000","268.0000","253.0000","256.0000","257.0000","258.0000","251.0000","253.0000","256.0000","268.0000","251.0000","253.0000"," ","0.0000","0.0000","201900","51813500","256.6295"
"20201211","01","12","    27890","JP3220800001","437.0000","439.0000","436.0000","439.0000","436.0000","441.0000","436.0000","441.0000","437.0000","441.0000","436.0000","441.0000"," ","0.0000","0.0000","1100","481600","437.8182"
"20201211","01","12","    27900","JP3651160008","2087.0000","2095.0000","2078.0000","2081.0000","2094.0000","2123.0000","2078.0000","2120.0000","2087.0000","2123.0000","2078.0000","2120.0000"," ","0.0000","0.0000","57800","121069900","2094.6349"
"20201211","01","12","    27950","JP3749250001","732.0000","732.0000","732.0000","732.0000","731.0000","732.0000","721.0000","732.0000","732.0000","732.0000","721.0000","732.0000"," ","0.0000","0.0000","400","291600","729.0000"
"20201211","01","12","    27980","JP3990760005","1707.0000","1720.0000","1707.0000","1720.0000","1710.0000","1712.0000","1708.0000","1708.0000","1707.0000","1720.0000","1707.0000","1708.0000"," ","0.0000","0.0000","2400","4103700","1709.8750"
"20201211","01","12","    28040","JP3831200005","1289.0000","1291.0000","1286.0000","1287.0000","1287.0000","1289.0000","1285.0000","1288.0000","1289.0000","1291.0000","1285.0000","1288.0000"," ","0.0000","0.0000","4600","5924400","1287.9130"
"20201211","01","12","    28050","JP3163600004","4445.0000","4475.0000","4445.0000","4460.0000","4460.0000","4460.0000","4450.0000","4450.0000","4445.0000","4475.0000","4445.0000","4450.0000"," ","0.0000","0.0000","1200","5346500","4455.4167"
"20201211","01","12","    28060","JP3949200004","1838.0000","1838.0000","1838.0000","1838.0000","0.0000","0.0000","0.0000","0.0000","1838.0000","1838.0000","1838.0000","1838.0000"," ","0.0000","0.0000","200","367600","1838.0000"
"20201211","01","12","    28130","JP3993000003","0.0000","0.0000","0.0000","0.0000","2505.0000","2505.0000","2505.0000","2505.0000","2505.0000","2505.0000","2505.0000","2505.0000"," ","0.0000","0.0000","200","501000","2505.0000"
"20201211","01","12","    28140","JP3322100003","1664.0000","1670.0000","1624.0000","1660.0000","1636.0000","1662.0000","1636.0000","1662.0000","1664.0000","1670.0000","1624.0000","1662.0000"," ","0.0000","0.0000","2000","3308100","1654.0500"
"20201211","01","12","    28160","JP3483900001","1278.0000","1278.0000","1278.0000","1278.0000","1283.0000","1283.0000","1279.0000","1281.0000","1278.0000","1283.0000","1278.0000","1281.0000"," ","0.0000","0.0000","1100","1408300","1280.2727"
"20201211","01","12","    28300","JP3105900009","2318.0000","2318.0000","2308.0000","2314.0000","2314.0000","2317.0000","2314.0000","2317.0000","2318.0000","2318.0000","2308.0000","2317.0000"," ","0.0000","0.0000","1300","3008900","2314.5385"
"20201211","01","12","    28310","JP3767600004","3100.0000","3100.0000","3090.0000","3090.0000","3095.0000","3110.0000","3095.0000","3110.0000","3100.0000","3110.0000","3090.0000","3110.0000"," ","0.0000","0.0000","5400","16736500","3099.3519"
"20201211","01","12","    28720","JP3415600000","3155.0000","3155.0000","3155.0000","3155.0000","0.0000","0.0000","0.0000","0.0000","3155.0000","3155.0000","3155.0000","3155.0000"," ","0.0000","0.0000","100","315500","3155.0000"
"20201211","01","12","    28760","JP3385950005","0.0000","0.0000","0.0000","0.0000","465.0000","467.0000","465.0000","467.0000","465.0000","467.0000","465.0000","467.0000"," ","0.0000","0.0000","400","186600","466.5000"
"20201211","01","12","    28770","JP3684300001","0.0000","0.0000","0.0000","0.0000","0.0000","0.0000","0.0000","0.0000","0.0000","0.0000","0.0000","0.0000"," ","0.0000","0.0000","0","0","0.0000"
"20201211","01","12","    28920","JP3715600007","0.0000","0.0000","0.0000","0.0000","1760.0000","1785.0000","1760.0000","1785.0000","1760.0000","1785.0000","1760.0000","1785.0000"," ","0.0000","0.0000","1400","2485600","1775.4286"
"20201211","01","12","    28940","JP3133600001","225.0000","225.0000","224.0000","225.0000","223.0000","224.0000","222.0000","224.0000","225.0000","225.0000","222.0000","224.0000"," ","0.0000","0.0000","8300","1858000","223.8554"
"20201211","01","12","    29010","JP3135600009","103.0000","105.0000","102.0000","104.0000","103.0000","103.0000","101.0000","101.0000","103.0000","105.0000","101.0000","101.0000"," ","0.0000","0.0000","75000","7647800","101.9707"
"20201211","01","12","    29030","JP3354200002","574.0000","574.0000","572.0000","574.0000","574.0000","574.0000","571.0000","574.0000","574.0000","574.0000","571.0000","574.0000"," ","0.0000","0.0000","7800","4469200","572.9744"
"20201211","01","12","    29050","JP3172200002","1073.0000","1073.0000","1073.0000","1073.0000","0.0000","0.0000","0.0000","0.0000","1073.0000","1073.0000","1073.0000","1073.0000"," ","0.0000","0.0000","100","107300","1073.0000"
"20201211","01","12","    29070","JP3119400004","796.0000","800.0000","796.0000","800.0000","800.0000","800.0000","796.0000","796.0000","796.0000","800.0000","796.0000","796.0000"," ","0.0000","0.0000","2500","1994000","797.6000"
"20201211","01","12","    29110","JP3117000004","2111.0000","2111.0000","2111.0000","2111.0000","2120.0000","2120.0000","2101.0000","2101.0000","2111.0000","2120.0000","2101.0000","2101.0000"," ","0.0000","0.0000","700","1476500","2109.2857"
"20201211","01","12","    29160","JP3426100008","620.0000","620.0000","618.0000","619.0000","618.0000","620.0000","616.0000","617.0000","620.0000","620.0000","616.0000","617.0000"," ","0.0000","0.0000","2300","1424300","619.2609"
"20201211","01","12","    29170","JP3190700009","750.0000","750.0000","750.0000","750.0000","750.0000","750.0000","750.0000","750.0000","750.0000","750.0000","750.0000","750.0000"," ","0.0000","0.0000","1300","975000","750.0000"
"20201211","01","12","    29230","JP3322110002","4940.0000","5040.0000","4940.0000","4980.0000","4980.0000","5000.0000","4975.0000","4985.0000","4940.0000","5040.0000","4940.0000","4985.0000"," ","0.0000","0.0000","6900","34424000","4988.9855"
"20201211","01","12","    29260","JP3354050001","92.0000","92.0000","91.0000","92.0000","92.0000","93.0000","92.0000","93.0000","92.0000","93.0000","91.0000","93.0000"," ","0.0000","0.0000","52800","4839100","91.6496"
"20201211","01","12","    29270","JP3124700000","698.0000","698.0000","694.0000","694.0000","694.0000","697.0000","694.0000","694.0000","698.0000","698.0000","694.0000","694.0000"," ","0.0000","0.0000","6200","4312700","695.5968"
"20201211","01","12","    29290","JP3802310007","2830.0000","2974.0000","2760.0000","2947.0000","2950.0000","2980.0000","2912.0000","2978.0000","2830.0000","2980.0000","2760.0000","2978.0000"," ","0.0000","0.0000","3335300","9713725100","2912.3992"
"20201211","01","12","    29320","JP3163130002","4280.0000","4460.0000","4250.0000","4440.0000","4460.0000","4555.0000","4440.0000","4525.0000","4280.0000","4555.0000","4250.0000","4525.0000"," ","0.0000","0.0000","95000","423056000","4453.2211"
"20201211","01","12","    29700","JP3273780001","1431.0000","1461.0000","1410.0000","1445.0000","1438.0000","1438.0000","1360.0000","1397.0000","1431.0000","1461.0000","1360.0000","1397.0000"," ","0.0000","0.0000","12200","17062900","1398.5984"
"20201211","01","12","    29770","JP3100290000","0.0000","0.0000","0.0000","0.0000","0.0000","0.0000","0.0000","0.0000","0.0000","0.0000","0.0000","0.0000"," ","0.0000","0.0000","0","0","0.0000"
"20201211","01","12","    29780","JP3532950007","718.0000","718.0000","682.0000","686.0000","690.0000","717.0000","690.0000","716.0000","718.0000","718.0000","682.0000","716.0000"," ","0.0000","0.0000","10600","7507100","708.2170"
"20201211","01","12","    29800","JP3161320001","3040.0000","3225.0000","3010.0000","3200.0000","3200.0000","3200.0000","3105.0000","3165.0000","3040.0000","3225.0000","3010.0000","3165.0000"," ","0.0000","0.0000","68600","213467000","3111.7638"
"20201211","01","12","    29810","JP3968750004","1709.0000","1715.0000","1703.0000","1705.0000","1707.0000","1711.0000","1691.0000","1700.0000","1709.0000","1715.0000","1691.0000","1700.0000"," ","0.0000","0.0000","8300","14151300","1704.9759"
"20201211","01","12","    29850","JP3802240006","0.0000","0.0000","0.0000","0.0000","0.0000","0.0000","0.0000","0.0000","0.0000","0.0000","0.0000","0.0000"," ","0.0000","0.0000","0","0","0.0000"
"20201211","01","12","    29860","JP3968300008","839.0000","845.0000","828.0000","843.0000","843.0000","845.0000","837.0000","844.0000","839.0000","845.0000","828.0000","844.0000"," ","0.0000","0.0000","17300","14491800","837.6763"
"20201211","01","12","    29870","JP3464300007","2664.0000","2695.0000","2620.0000","2647.0000","2638.0000","2661.0000","2631.0000","2658.0000","2664.0000","2695.0000","2620.0000","2658.0000"," ","0.0000","0.0000","21800","57679500","2645.8486"
"20201211","01","12","    30100","JP3393800002","114.0000","115.0000","113.0000","113.0000","114.0000","114.0000","112.0000","114.0000","114.0000","115.0000","112.0000","114.0000"," ","0.0000","0.0000","27500","3124700","113.6255"
"20201211","01","12","    30110","JP3864600006","115.0000","115.0000","113.0000","115.0000","115.0000","115.0000","114.0000","114.0000","115.0000","115.0000","113.0000","114.0000"," ","0.0000","0.0000","13400","1529800","114.1642"
"20201211","01","12","    30200","JP3122630001","3245.0000","3345.0000","3245.0000","3320.0000","3325.0000","3400.0000","3320.0000","3355.0000","3245.0000","3400.0000","3245.0000","3355.0000"," ","0.0000","0.0000","26200","87090000","3324.0458"
"20201211","01","12","    30210","JP3781360007","2020.0000","2088.0000","2020.0000","2088.0000","2087.0000","2135.0000","2037.0000","2131.0000","2020.0000","2135.0000","2020.0000","2131.0000"," ","0.0000","0.0000","56300","116891500","2076.2256"
"20201211","01","12","    30240","JP3269910000","628.0000","628.0000","627.0000","627.0000","627.0000","628.0000","627.0000","628.0000","628.0000","628.0000","627.0000","628.0000"," ","0.0000","0.0000","1100","690300","627.5455"
"20201211","01","12","    30350","JP3278700004","317.0000","321.0000","317.0000","318.0000","318.0000","320.0000","318.0000","320.0000","317.0000","321.0000","317.0000","320.0000"," ","0.0000","0.0000","14100","4505200","319.5177"
"20201211","01","12","    30390","JP3835000005","0.0000","0.0000","0.0000","0.0000","0.0000","0.0000","0.0000","0.0000","0.0000","0.0000","0.0000","0.0000"," ","0.0000","0.0000","0","0","0.0000"
"20201211","01","12","    30410","JP3800470001","226.0000","227.0000","226.0000","226.0000","223.0000","225.0000","223.0000","223.0000","226.0000","227.0000","223.0000","223.0000"," ","0.0000","0.0000","4400","983000","223.4091"
"20201211","01","12","    30420","JP3420960001","660.0000","677.0000","648.0000","654.0000","655.0000","658.0000","653.0000","653.0000","660.0000","677.0000","648.0000","653.0000"," ","0.0000","0.0000","25200","16667600","661.4127"
"20201211","01","12","    30450","JP3223200001","1012.0000","1014.0000","1012.0000","1014.0000","1012.0000","1014.0000","1012.0000","1014.0000","1012.0000","1014.0000","1012.0000","1014.0000"," ","0.0000","0.0000","1700","1721000","1012.3529"
"20201211","01","12","    30580","JP3342100009","895.0000","895.0000","895.0000","895.0000","893.0000","893.0000","890.0000","890.0000","895.0000","895.0000","890.0000","890.0000"," ","0.0000","0.0000","700","624700","892.4286"
"20201211","01","12","    30590","JP3795150006","989.0000","1000.0000","989.0000","1000.0000","999.0000","1000.0000","997.0000","1000.0000","989.0000","1000.0000","989.0000","1000.0000"," ","0.0000","0.0000","8000","7969800","996.2250"
"20201211","01","12","    30630","JP3386320000","496.0000","496.0000","491.0000","491.0000","491.0000","492.0000","490.0000","490.0000","496.0000","496.0000","490.0000","490.0000"," ","0.0000","0.0000","12300","6075400","493.9350"
"20201211","01","12","    30650","JP3966670006","0.0000","0.0000","0.0000","0.0000","1717.0000","1717.0000","1710.0000","1710.0000","1717.0000","1717.0000","1710.0000","1710.0000"," ","0.0000","0.0000","500","857200","1714.4000"
"20201211","01","12","    30680","JP3505930002","1461.0000","1461.0000","1455.0000","1455.0000","1455.0000","1464.0000","1454.0000","1464.0000","1461.0000","1464.0000","1454.0000","1464.0000"," ","0.0000","0.0000","4600","6702200","1457.0000"
"20201211","01","12","    30690","JP3120050004","332.0000","332.0000","329.0000","331.0000","331.0000","331.0000","330.0000","331.0000","332.0000","332.0000","329.0000","331.0000"," ","0.0000","0.0000","36100","11941500","330.7895"
"20201211","01","12","    30700","JP3122670007","304.0000","311.0000","304.0000","311.0000","310.0000","310.0000","304.0000","308.0000","304.0000","311.0000","304.0000","308.0000"," ","0.0000","0.0000","14500","4448000","306.7586"
"20201211","01","12","    30710","JP3399760002","176.0000","181.0000","171.0000","180.0000","180.0000","181.0000","178.0000","179.0000","176.0000","181.0000","171.0000","179.0000"," ","0.0000","0.0000","818800","144954400","177.0327"
"20201211","01","12","    30750","JP3527550002","1016.0000","1020.0000","1016.0000","1016.0000","1019.0000","1024.0000","1019.0000","1021.0000","1016.0000","1024.0000","1016.0000","1021.0000"," ","0.0000","0.0000","4400","4490300","1020.5227"
"20201211","01","12","    30770","JP3852850001","487.0000","489.0000","487.0000","488.0000","488.0000","489.0000","487.0000","488.0000","487.0000","489.0000","487.0000","488.0000"," ","0.0000","0.0000","1200","585700","488.0833"
"20201211","01","12","    30800","JP3386360006","658.0000","665.0000","644.0000","651.0000","651.0000","654.0000","648.0000","654.0000","658.0000","665.0000","644.0000","654.0000"," ","0.0000","0.0000","21800","14267000","654.4495"
"20201211","01","12","    30830","JP3347030003","321.0000","324.0000","321.0000","322.0000","322.0000","331.0000","322.0000","326.0000","321.0000","331.0000","321.0000","326.0000"," ","0.0000","0.0000","7700","2504100","325.2078"
"20201211","01","12","    30890","JP3545210001","1073.0000","1073.0000","1041.0000","1051.0000","1059.0000","1059.0000","1043.0000","1043.0000","1073.0000","1073.0000","1041.0000","1043.0000"," ","0.0000","0.0000","12000","12651800","1054.3167"
"20201211","01","12","    30940","JP3395600004","724.0000","750.0000","724.0000","747.0000","747.0000","760.0000","745.0000","755.0000","724.0000","760.0000","724.0000","755.0000"," ","0.0000","0.0000","9400","6994200","744.0638"
"20201211","01","12","    30960","JP3172260006","1226.0000","1226.0000","1224.0000","1226.0000","1221.0000","1226.0000","1220.0000","1225.0000","1226.0000","1226.0000","1220.0000","1225.0000"," ","0.0000","0.0000","3000","3671900","1223.9667"
"20201211","01","12","    31110","JP3174000004","431.0000","433.0000","428.0000","433.0000","433.0000","433.0000","426.0000","426.0000","431.0000","433.0000","426.0000","426.0000"," ","0.0000","0.0000","14100","6053500","429.3262"
"20201211","01","12","    31130","JP3795400005","87.0000","87.0000","86.0000","87.0000","86.0000","87.0000","86.0000","86.0000","87.0000","87.0000","86.0000","86.0000"," ","0.0000","0.0000","73300","6333600","86.4065"
"20201211","01","12","    31210","JP3382200008","324.0000","327.0000","324.0000","324.0000","325.0000","327.0000","323.0000","327.0000","324.0000","327.0000","323.0000","327.0000"," ","0.0000","0.0000","8500","2760700","324.7882"
"20201211","01","12","    31230","JP3312000007","432.0000","432.0000","432.0000","432.0000","432.0000","432.0000","432.0000","432.0000","432.0000","432.0000","432.0000","432.0000"," ","0.0000","0.0000","1100","475200","432.0000"
"20201211","01","12","    31250","JP3379400009","602.0000","625.0000","602.0000","607.0000","616.0000","616.0000","600.0000","608.0000","602.0000","625.0000","600.0000","608.0000"," ","0.0000","0.0000","11000","6694400","608.5818"
"20201211","01","12","    31310","JP3377850007","1711.0000","1738.0000","1711.0000","1716.0000","1719.0000","1774.0000","1717.0000","1772.0000","1711.0000","1774.0000","1711.0000","1772.0000"," ","0.0000","0.0000","21400","37248400","1740.5794"
"20201211","01","12","    31330","JP3205670007","386.0000","387.0000","381.0000","381.0000","382.0000","383.0000","381.0000","383.0000","386.0000","387.0000","381.0000","383.0000"," ","0.0000","0.0000","3600","1382500","384.0278"
"20201211","01","12","    31350","JP3860190002","2087.0000","2088.0000","2049.0000","2051.0000","2042.0000","2044.0000","1996.0000","2012.0000","2087.0000","2088.0000","1996.0000","2012.0000"," ","0.0000","0.0000","21500","43827000","2038.4651"
"20201211","01","12","    31370","JP3802970008","566.0000","566.0000","562.0000","562.0000","562.0000","571.0000","562.0000","571.0000","566.0000","571.0000","562.0000","571.0000"," ","0.0000","0.0000","15700","8906500","567.2930"
"20201211","01","12","    31380","JP3813750001","995.0000","995.0000","985.0000","990.0000","991.0000","1010.0000","991.0000","1008.0000","995.0000","1010.0000","985.0000","1008.0000"," ","0.0000","0.0000","5300","5283800","996.9434"
"20201211","01","12","    31400","JP3142450000","838.0000","843.0000","836.0000","841.0000","837.0000","843.0000","837.0000","838.0000","838.0000","843.0000","836.0000","838.0000"," ","0.0000","0.0000","9000","7556800","839.6444"
"20201211","01","12","    31430","JP3170150001","1043.0000","1043.0000","1020.0000","1020.0000","1022.0000","1026.0000","1022.0000","1022.0000","1043.0000","1043.0000","1020.0000","1022.0000"," ","0.0000","0.0000","3100","3196400","1031.0968"
"20201211","01","12","    31610","JP3120070002","807.0000","807.0000","791.0000","801.0000","802.0000","802.0000","797.0000","800.0000","807.0000","807.0000","791.0000","800.0000"," ","0.0000","0.0000","96000","76732000","799.2917"
"20201211","01","12","    31740","JP3770280000","935.0000","935.0000","932.0000","932.0000","931.0000","936.0000","931.0000","936.0000","935.0000","936.0000","931.0000","936.0000"," ","0.0000","0.0000","2800","2616900","934.6071"
"20201211","01","12","    31770","JP3125850002","1700.0000","1700.0000","1695.0000","1695.0000","1695.0000","1695.0000","1695.0000","1695.0000","1700.0000","1700.0000","1695.0000","1695.0000"," ","0.0000","0.0000","900","1527700","1697.4444"
"20201211","01","12","    31810","JP3205620002","632.0000","635.0000","608.0000","619.0000","610.0000","619.0000","610.0000","617.0000","632.0000","635.0000","608.0000","617.0000"," ","0.0000","0.0000","19600","12091900","616.9337"
"20201211","01","12","    31840","JP3101920001","1985.0000","1990.0000","1983.0000","1990.0000","1980.0000","1995.0000","1980.0000","1991.0000","1985.0000","1995.0000","1980.0000","1991.0000"," ","0.0000","0.0000","1700","3376400","1986.1176"
"20201211","01","12","    31850","JP3952880007","209.0000","209.0000","208.0000","208.0000","209.0000","209.0000","207.0000","207.0000","209.0000","209.0000","207.0000","207.0000"," ","0.0000","0.0000","11400","2377400","208.5439"
"20201211","01","12","    31870","JP3343950006","282.0000","340.0000","281.0000","313.0000","314.0000","317.0000","300.0000","304.0000","282.0000","340.0000","281.0000","304.0000"," ","0.0000","0.0000","2082600","663550200","318.6162"
"20201211","01","12","    31890","JP3160160002","478.0000","479.0000","458.0000","466.0000","466.0000","470.0000","462.0000","469.0000","478.0000","479.0000","458.0000","469.0000"," ","0.0000","0.0000","30000","14029600","467.6533"
"20201211","01","12","    31900","JP3851900005","509.0000","509.0000","509.0000","509.0000","505.0000","511.0000","505.0000","511.0000","509.0000","511.0000","505.0000","511.0000"," ","0.0000","0.0000","1600","810400","506.5000"
"20201211","01","12","    31920","JP3370200002","288.0000","288.0000","286.0000","286.0000","283.0000","287.0000","283.0000","285.0000","288.0000","288.0000","283.0000","285.0000"," ","0.0000","0.0000","8400","2396300","285.2738"
"20201211","01","12","    31950","JP3386510006","679.0000","686.0000","666.0000","686.0000","683.0000","694.0000","677.0000","692.0000","679.0000","694.0000","666.0000","692.0000"," ","0.0000","0.0000","51400","35131000","683.4825"
"20201211","01","12","    32230","JP3162580009","605.0000","610.0000","605.0000","609.0000","0.0000","0.0000","0.0000","0.0000","605.0000","610.0000","605.0000","609.0000"," ","0.0000","0.0000","2100","1279600","609.3333"
"20201211","01","12","    32240","JP3794490007","882.0000","882.0000","876.0000","880.0000","879.0000","879.0000","877.0000","879.0000","882.0000","882.0000","876.0000","879.0000"," ","0.0000","0.0000","3500","3077100","879.1714"
"20201211","01","12","    32360","JP3833780004","180.0000","182.0000","180.0000","181.0000","181.0000","182.0000","179.0000","181.0000","180.0000","182.0000","179.0000","181.0000"," ","0.0000","0.0000","292800","52943900","180.8193"
"20201211","01","12","    32370","JP3153170000","71.0000","71.0000","69.0000","69.0000","70.0000","70.0000","68.0000","70.0000","71.0000","71.0000","68.0000","70.0000"," ","0.0000","0.0000","59700","4160100","69.6834"
"20201211","01","12","    32380","JP3425650003","339.0000","339.0000","329.0000","330.0000","335.0000","338.0000","329.0000","335.0000","339.0000","339.0000","329.0000","335.0000"," ","0.0000","0.0000","20000","6651800","332.5900"
"20201211","01","12","    32410","JP3154250009","331.0000","331.0000","331.0000","331.0000","332.0000","334.0000","332.0000","334.0000","331.0000","334.0000","331.0000","334.0000"," ","0.0000","0.0000","3500","1161900","331.9714"
"20201211","01","12","    32420","JP3100230006","268.0000","270.0000","268.0000","269.0000","269.0000","270.0000","267.0000","269.0000","268.0000","270.0000","267.0000","269.0000"," ","0.0000","0.0000","97300","26122000","268.4687"
"20201211","01","12","    32480","JP3100280001","639.0000","645.0000","637.0000","639.0000","646.0000","649.0000","646.0000","649.0000","639.0000","649.0000","637.0000","649.0000"," ","0.0000","0.0000","4100","2639500","643.7805"
"20201211","01","12","    32610","JP3274040009","374.0000","389.0000","374.0000","389.0000","387.0000","387.0000","381.0000","382.0000","374.0000","389.0000","374.0000","382.0000"," ","0.0000","0.0000","9900","3791900","383.0202"
"20201211","01","12","    32640","JP3120060003","290.0000","294.0000","271.0000","285.0000","287.0000","301.0000","283.0000","290.0000","290.0000","301.0000","271.0000","290.0000"," ","0.0000","0.0000","2264600","643189200","284.0189"
"20201211","01","12","    32660","JP3802920003","88.0000","90.0000","88.0000","90.0000","89.0000","89.0000","89.0000","89.0000","88.0000","90.0000","88.0000","89.0000"," ","0.0000","0.0000","92500","8223300","88.9005"
"20201211","01","12","    32860","JP3635590007","363.0000","363.0000","360.0000","360.0000","360.0000","361.0000","359.0000","359.0000","363.0000","363.0000","359.0000","359.0000"," ","0.0000","0.0000","5400","1949600","361.0370"
"20201211","01","12","    32930","JP3120090000","0.0000","0.0000","0.0000","0.0000","1460.0000","1460.0000","1460.0000","1460.0000","1460.0000","1460.0000","1460.0000","1460.0000"," ","0.0000","0.0000","100","146000","1460.0000"
"20201211","01","12","    32970","JP3597200009","968.0000","968.0000","951.0000","951.0000","954.0000","954.0000","954.0000","954.0000","968.0000","968.0000","951.0000","954.0000"," ","0.0000","0.0000","600","573300","955.5000"
"20201211","01","12","    33000","JP3128650003","830.0000","844.0000","825.0000","841.0000","836.0000","840.0000","828.0000","839.0000","830.0000","844.0000","825.0000","839.0000"," ","0.0000","0.0000","27900","23234400","832.7742"
"20201211","01","12","    33060","JP3723400002","350.0000","350.0000","348.0000","348.0000","349.0000","354.0000","349.0000","352.0000","350.0000","354.0000","348.0000","352.0000"," ","0.0000","0.0000","5600","1957700","349.5893"
"20201211","01","12","    33160","JP3587700000","499.0000","499.0000","499.0000","499.0000","495.0000","498.0000","495.0000","498.0000","499.0000","499.0000","495.0000","498.0000"," ","0.0000","0.0000","2700","1341800","496.9630"
"20201211","01","12","    33170","JP3826350005","1401.0000","1443.0000","1401.0000","1418.0000","1418.0000","1431.0000","1418.0000","1431.0000","1401.0000","1443.0000","1401.0000","1431.0000"," ","0.0000","0.0000","2900","4122000","1421.3793"
"20201211","01","12","    33200","JP3272700000","810.0000","810.0000","796.0000","799.0000","800.0000","808.0000","798.0000","805.0000","810.0000","810.0000","796.0000","805.0000"," ","0.0000","0.0000","25800","20707600","802.6202"
"20201211","01","12","    33220","JP3126370000","735.0000","735.0000","735.0000","735.0000","735.0000","749.0000","735.0000","749.0000","735.0000","749.0000","735.0000","749.0000"," ","0.0000","0.0000","500","368900","737.8000"
"20201211","01","12","    33230","JP3979500000","127.0000","127.0000","124.0000","126.0000","126.0000","127.0000","124.0000","124.0000","127.0000","127.0000","124.0000","124.0000"," ","0.0000","0.0000","1395900","175418800","125.6672"
"20201211","01","12","    33260","JP3968700009","443.0000","443.0000","436.0000","436.0000","437.0000","439.0000","435.0000","438.0000","443.0000","443.0000","435.0000","438.0000"," ","0.0000","0.0000","3900","1707300","437.7692"
"20201211","01","12","    33290","JP3622800005","1205.0000","1206.0000","1201.0000","1206.0000","1204.0000","1204.0000","1201.0000","1201.0000","1205.0000","1206.0000","1201.0000","1201.0000"," ","0.0000","0.0000","2800","3366500","1202.3214"
"20201211","01","12","    33440","JP3994600009","603.0000","610.0000","603.0000","610.0000","606.0000","610.0000","606.0000","610.0000","603.0000","610.0000","603.0000","610.0000"," ","0.0000","0.0000","1900","1155200","608.0000"
"20201211","01","12","    33470","JP3635550001","153.0000","153.0000","152.0000","153.0000","151.0000","152.0000","149.0000","149.0000","153.0000","153.0000","149.0000","149.0000"," ","0.0000","0.0000","13500","2036900","150.8815"
"20201211","01","12","    33500","JP3481200008","61.0000","61.0000","60.0000","61.0000","61.0000","61.0000","60.0000","61.0000","61.0000","61.0000","60.0000","61.0000"," ","0.0000","0.0000","22900","1390300","60.7118"
"20201211","01","12","    33520","JP3778360002","1100.0000","1110.0000","1096.0000","1110.0000","1111.0000","1111.0000","1111.0000","1111.0000","1100.0000","1111.0000","1096.0000","1111.0000"," ","0.0000","0.0000","600","663600","1106.0000"
"20201211","01","12","    33530","JP3921040006","0.0000","0.0000","0.0000","0.0000","0.0000","0.0000","0.0000","0.0000","0.0000","0.0000","0.0000","0.0000"," ","0.0000","0.0000","0","0","0.0000"
"20201211","01","12","    33550","JP3270810009","715.0000","719.0000","711.0000","718.0000","718.0000","721.0000","715.0000","716.0000","715.0000","721.0000","711.0000","716.0000"," ","0.0000","0.0000","24400","17495200","717.0164"
"20201211","01","12","    33560","JP3546600002","476.0000","482.0000","475.0000","477.0000","478.0000","480.0000","476.0000","478.0000","476.0000","482.0000","475.0000","478.0000"," ","0.0000","0.0000","163600","78109300","477.4407"
"20201211","01","12","    33580","JP3990650008","285.0000","285.0000","262.0000","266.0000","269.0000","272.0000","256.0000","266.0000","285.0000","285.0000","256.0000","266.0000"," ","0.0000","0.0000","474200","127876700","269.6683"
"20201211","01","12","    33590","JP3442910000","781.0000","793.0000","769.0000","771.0000","773.0000","784.0000","766.0000","782.0000","781.0000","793.0000","766.0000","782.0000"," ","0.0000","0.0000","325800","253049200","776.7010"
"20201211","01","12","    33700","JP3817000007","396.0000","396.0000","385.0000","392.0000","396.0000","396.0000","392.0000","393.0000","396.0000","396.0000","385.0000","393.0000"," ","0.0000","0.0000","7400","2895500","391.2838"
"20201211","01","12","    33720","JP3233300007","315.0000","316.0000","314.0000","314.0000","314.0000","315.0000","313.0000","314.0000","315.0000","316.0000","313.0000","314.0000"," ","0.0000","0.0000","10600","3332400","314.3774"
"20201211","01","12","    33740","JP3641220003","2580.0000","2628.0000","2579.0000","2610.0000","2603.0000","2605.0000","2570.0000","2588.0000","2580.0000","2628.0000","2570.0000","2588.0000"," ","0.0000","0.0000","17800","46228100","2597.0843"
"20201211","01","12","    33750","JP3437200003","1204.0000","1205.0000","1197.0000","1197.0000","1206.0000","1206.0000","1201.0000","1201.0000","1204.0000","1206.0000","1197.0000","1201.0000"," ","0.0000","0.0000","1100","1320800","1200.7273"
"20201211","01","12","    33770","JP3101150005","338.0000","357.0000","338.0000","355.0000","351.0000","356.0000","348.0000","355.0000","338.0000","357.0000","338.0000","355.0000"," ","0.0000","0.0000","348500","121940900","349.9022"
"20201211","01","12","    33860","JP3298700000","1151.0000","1160.0000","1140.0000","1146.0000","1146.0000","1153.0000","1146.0000","1153.0000","1151.0000","1160.0000","1140.0000","1153.0000"," ","0.0000","0.0000","24600","28280600","1149.6179"
"20201211","01","12","    33900","JP3952410003","89.0000","90.0000","87.0000","88.0000","88.0000","88.0000","85.0000","85.0000","89.0000","90.0000","85.0000","85.0000"," ","0.0000","0.0000","1891100","165567000","87.5506"
"20201211","01","12","    33990","JP3876450002","1938.0000","1945.0000","1936.0000","1945.0000","1945.0000","1950.0000","1945.0000","1947.0000","1938.0000","1950.0000","1936.0000","1947.0000"," ","0.0000","0.0000","3100","6013800","1939.9355"
"20201211","01","12","    34090","JP3239600004","245.0000","257.0000","231.0000","231.0000","233.0000","234.0000","226.0000","226.0000","245.0000","257.0000","226.0000","226.0000"," ","0.0000","0.0000","645200","155257300","240.6344"
"20201211","01","12","    34160","JP3801630009","1182.0000","1182.0000","1131.0000","1179.0000","1169.0000","1169.0000","1167.0000","1167.0000","1182.0000","1182.0000","1131.0000","1167.0000"," ","0.0000","0.0000","7200","8285100","1150.7083"
"20201211","01","12","    34170","JP3176900003","1365.0000","1384.0000","1365.0000","1380.0000","1380.0000","1392.0000","1376.0000","1391.0000","1365.0000","1392.0000","1365.0000","1391.0000"," ","0.0000","0.0000","4800","6636500","1382.6042"
"20201211","01","12","    34180","JP3778420004","1129.0000","1129.0000","1100.0000","1106.0000","1101.0000","1101.0000","1091.0000","1094.0000","1129.0000","1129.0000","1091.0000","1094.0000"," ","0.0000","0.0000","17600","19518700","1109.0170"
"20201211","01","12","    34200","JP3277100008","2068.0000","2074.0000","2063.0000","2074.0000","2074.0000","2082.0000","2070.0000","2082.0000","2068.0000","2082.0000","2063.0000","2082.0000"," ","0.0000","0.0000","2900","6009800","2072.3448"
"20201211","01","12","    34230","JP3161570001","288.0000","291.0000","288.0000","288.0000","289.0000","290.0000","288.0000","288.0000","288.0000","291.0000","288.0000","288.0000"," ","0.0000","0.0000","34100","9844100","288.6833"
"20201211","01","12","    34260","JP3121910008","1490.0000","1490.0000","1462.0000","1486.0000","1489.0000","1500.0000","1489.0000","1500.0000","1490.0000","1500.0000","1462.0000","1500.0000"," ","0.0000","0.0000","3600","5334200","1481.7222"
"20201211","01","12","    34350","JP3330500004","899.0000","902.0000","895.0000","895.0000","895.0000","900.0000","894.0000","897.0000","899.0000","902.0000","894.0000","897.0000"," ","0.0000","0.0000","7100","6369300","897.0845"
"20201211","01","12","    34370","JP3624800003","2068.0000","2068.0000","2068.0000","2068.0000","2069.0000","2069.0000","2024.0000","2024.0000","2068.0000","2069.0000","2024.0000","2024.0000"," ","0.0000","0.0000","300","616100","2053.6667"
"20201211","01","12","    34390","JP3895100000","2226.0000","2421.0000","2226.0000","2240.0000","2250.0000","2250.0000","2250.0000","2250.0000","2226.0000","2421.0000","2226.0000","2250.0000"," ","0.0000","0.0000","1700","3871600","2277.4118"
"20201211","01","12","    34400","JP3679830004","788.0000","788.0000","768.0000","770.0000","781.0000","781.0000","764.0000","775.0000","788.0000","788.0000","764.0000","775.0000"," ","0.0000","0.0000","18700","14430400","771.6791"
"20201211","01","12","    34410","JP3336700004","1688.0000","1768.0000","1688.0000","1737.0000","1731.0000","1773.0000","1718.0000","1752.0000","1688.0000","1773.0000","1688.0000","1752.0000"," ","0.0000","0.0000","135200","234162400","1731.9704"
"20201211","01","12","    34440","JP3236730002","923.0000","924.0000","886.0000","899.0000","899.0000","899.0000","875.0000","889.0000","923.0000","924.0000","875.0000","889.0000"," ","0.0000","0.0000","88900","79806800","897.7143"
"20201211","01","12","    34480","JP3396630000","0.0000","0.0000","0.0000","0.0000","0.0000","0.0000","0.0000","0.0000","0.0000","0.0000","0.0000","0.0000"," ","0.0000","0.0000","0","0","0.0000"
"20201211","01","12","    34490","JP3545260006","1130.0000","1137.0000","1122.0000","1136.0000","1131.0000","1136.0000","1127.0000","1132.0000","1130.0000","1137.0000","1122.0000","1132.0000"," ","0.0000","0.0000","29100","32880000","1129.8969"
"20201211","01","12","    34560","JP3538790001","0.0000","0.0000","0.0000","0.0000","0.0000","0.0000","0.0000","0.0000","0.0000","0.0000","0.0000","0.0000"," ","0.0000","0.0000","0","0","0.0000"
"20201211","01","12","    34610","JP3782700003","705.0000","705.0000","699.0000","702.0000","700.0000","701.0000","700.0000","701.0000","705.0000","705.0000","699.0000","701.0000"," ","0.0000","0.0000","4200","2952100","702.8810"
"20201211","01","12","    34690","JP3549250003","625.0000","640.0000","615.0000","637.0000","631.0000","641.0000","625.0000","638.0000","625.0000","641.0000","615.0000","638.0000"," ","0.0000","0.0000","22400","14183300","633.1830"
"20201211","01","12","    34740","JP3386610004","360.0000","364.0000","354.0000","354.0000","354.0000","357.0000","354.0000","355.0000","360.0000","364.0000","354.0000","355.0000"," ","0.0000","0.0000","7300","2616400","358.4110"
"20201211","01","12","    34770","JP3803020001","1027.0000","1028.0000","1023.0000","1028.0000","998.0000","1030.0000","998.0000","1030.0000","1027.0000","1030.0000","998.0000","1030.0000"," ","0.0000","0.0000","1900","1944100","1023.2105"
"20201211","01","12","    34790","JP3538710009","3100.0000","3100.0000","2980.0000","2989.0000","2969.0000","3015.0000","2956.0000","3010.0000","3100.0000","3100.0000","2956.0000","3010.0000"," ","0.0000","0.0000","102400","308257900","3010.3311"
"20201211","01","12","    34820","JP3982600003","949.0000","967.0000","948.0000","956.0000","960.0000","968.0000","949.0000","964.0000","949.0000","968.0000","948.0000","964.0000"," ","0.0000","0.0000","84600","80960500","956.9799"
"20201211","01","12","    34830","JP3360850006","0.0000","0.0000","0.0000","0.0000","0.0000","0.0000","0.0000","0.0000","0.0000","0.0000","0.0000","0.0000"," ","0.0000","0.0000","0","0","0.0000"
"20201211","01","12","    34890","JP3803030000","1064.0000","1078.0000","1052.0000","1073.0000","1086.0000","1095.0000","1078.0000","1093.0000","1064.0000","1095.0000","1052.0000","1093.0000"," ","0.0000","0.0000","12800","13715900","1071.5547"
"20201211","01","12","    34900","JP3119890006","1260.0000","1260.0000","1255.0000","1260.0000","1282.0000","1289.0000","1282.0000","1289.0000","1260.0000","1289.0000","1255.0000","1289.0000"," ","0.0000","0.0000","500","634600","1269.2000"
"20201211","01","12","    34910","JP3386670008","3610.0000","3700.0000","3570.0000","3670.0000","3695.0000","3695.0000","3630.0000","3690.0000","3610.0000","3700.0000","3570.0000","3690.0000"," ","0.0000","0.0000","291000","1062552500","3651.3832"
"20201211","01","12","    34940","JP3870340001","1039.0000","1039.0000","1038.0000","1039.0000","0.0000","0.0000","0.0000","0.0000","1039.0000","1039.0000","1038.0000","1039.0000"," ","0.0000","0.0000","900","935000","1038.8889"
"20201211","01","12","    34950","JP3292700006","1585.0000","1585.0000","1585.0000","1585.0000","1603.0000","1603.0000","1603.0000","1603.0000","1585.0000","1603.0000","1585.0000","1603.0000"," ","0.0000","0.0000","500","796100","1592.2000"
"20201211","01","12","    34960","JP3119880007","9460.0000","9740.0000","9370.0000","9550.0000","9460.0000","9510.0000","9300.0000","9360.0000","9460.0000","9740.0000","9300.0000","9360.0000"," ","0.0000","0.0000","20100","190756000","9490.3483"
"20201211","01","12","    34970","JP3969250004","928.0000","943.0000","917.0000","943.0000","935.0000","943.0000","930.0000","940.0000","928.0000","943.0000","917.0000","940.0000"," ","0.0000","0.0000","10600","9870400","931.1698"
"20201211","01","12","    34980","JP3211050004","3495.0000","3515.0000","3470.0000","3480.0000","3470.0000","3500.0000","3470.0000","3490.0000","3495.0000","3515.0000","3470.0000","3490.0000"," ","0.0000","0.0000","11300","39400000","3486.7257"
"20201211","01","12","    35150","JP3812200008","0.0000","0.0000","0.0000","0.0000","0.0000","0.0000","0.0000","0.0000","0.0000","0.0000","0.0000","0.0000"," ","0.0000","0.0000","0","0","0.0000"
"20201211","01","12","    35280","JP3221000007","36.0000","36.0000","35.0000","36.0000","35.0000","36.0000","35.0000","35.0000","36.0000","36.0000","35.0000","35.0000"," ","0.0000","0.0000","585900","20718100","35.3612"
"20201211","01","12","    35360","JP3108160007","120.0000","122.0000","120.0000","121.0000","121.0000","122.0000","120.0000","121.0000","120.0000","122.0000","120.0000","121.0000"," ","0.0000","0.0000","169400","20457700","120.7656"
"20201211","01","12","    35370","JP3361400009","912.0000","913.0000","912.0000","913.0000","917.0000","920.0000","915.0000","920.0000","912.0000","920.0000","912.0000","920.0000"," ","0.0000","0.0000","1200","1100500","917.0833"
"20201211","01","12","    35400","JP3346190006","6330.0000","6440.0000","6330.0000","6410.0000","6420.0000","6510.0000","6400.0000","6510.0000","6330.0000","6510.0000","6330.0000","6510.0000"," ","0.0000","0.0000","29100","186542000","6410.3780"
"20201211","01","12","    35410","JP3759570009","664.0000","671.0000","657.0000","668.0000","666.0000","670.0000","661.0000","669.0000","664.0000","671.0000","657.0000","669.0000"," ","0.0000","0.0000","137200","91162200","664.4475"
"20201211","01","12","    35420","JP3835300009","1814.0000","1886.0000","1814.0000","1878.0000","1878.0000","1905.0000","1859.0000","1905.0000","1814.0000","1905.0000","1814.0000","1905.0000"," ","0.0000","0.0000","166800","311415500","1866.9994"
"20201211","01","12","    35500","JP3399330004","426.0000","426.0000","416.0000","421.0000","421.0000","424.0000","420.0000","421.0000","426.0000","426.0000","416.0000","421.0000"," ","0.0000","0.0000","22300","9380900","420.6682"
"20201211","01","12","    35560","JP3974560009","588.0000","602.0000","579.0000","600.0000","597.0000","618.0000","596.0000","612.0000","588.0000","618.0000","579.0000","612.0000"," ","0.0000","0.0000","279400","169129300","605.3304"
"20201211","01","12","    35570","JP3949420008","1074.0000","1084.0000","1073.0000","1084.0000","1075.0000","1083.0000","1075.0000","1078.0000","1074.0000","1084.0000","1073.0000","1078.0000"," ","0.0000","0.0000","2000","2150900","1075.4500"
"20201211","01","12","    35580","JP3984120000","2175.0000","2271.0000","2170.0000","2242.0000","2254.0000","2289.0000","2229.0000","2284.0000","2175.0000","2289.0000","2170.0000","2284.0000"," ","0.0000","0.0000","476300","1068418900","2243.1638"
"20201211","01","12","    35600","JP3852650005","3990.0000","3990.0000","3990.0000","3990.0000","0.0000","0.0000","0.0000","0.0000","3990.0000","3990.0000","3990.0000","3990.0000"," ","0.0000","0.0000","100","399000","3990.0000"
"20201211","01","12","    35620","JP3653590004","1430.0000","1483.0000","1420.0000","1467.0000","1470.0000","1477.0000","1441.0000","1477.0000","1430.0000","1483.0000","1420.0000","1477.0000"," ","0.0000","0.0000","136100","198391100","1457.6863"
"20201211","01","12","    35660","JP3952530008","1500.0000","1500.0000","1461.0000","1461.0000","1461.0000","1461.0000","1452.0000","1452.0000","1500.0000","1500.0000","1452.0000","1452.0000"," ","0.0000","0.0000","1300","1937400","1490.3077"
"20201211","01","12","    35780","JP3431800006","395.0000","397.0000","387.0000","397.0000","390.0000","395.0000","390.0000","395.0000","395.0000","397.0000","387.0000","395.0000"," ","0.0000","0.0000","900","353300","392.5556"
"20201211","01","12","    35781","JP3431800014","0.0000","0.0000","0.0000","0.0000","0.0000","0.0000","0.0000","0.0000","0.0000","0.0000","0.0000","0.0000"," ","0.0000","0.0000","0","0","0.0000"
"20201211","01","12","    35830","JP3173600002","0.0000","0.0000","0.0000","0.0000","685.0000","690.0000","685.0000","690.0000","685.0000","690.0000","685.0000","690.0000"," ","0.0000","0.0000","1100","758500","689.5455"
"20201211","01","12","    35970","JP3386400000","5950.0000","5950.0000","5950.0000","5950.0000","5950.0000","5950.0000","5950.0000","5950.0000","5950.0000","5950.0000","5950.0000","5950.0000"," ","0.0000","0.0000","300","1785000","5950.0000"
"20201211","01","12","    35980","JP3935000004","168.0000","169.0000","167.0000","168.0000","169.0000","169.0000","168.0000","168.0000","168.0000","169.0000","167.0000","168.0000"," ","0.0000","0.0000","19500","3281700","168.2923"
"20201211","01","12","    36000","JP3818650008","1617.0000","1617.0000","1617.0000","1617.0000","1617.0000","1617.0000","1617.0000","1617.0000","1617.0000","1617.0000","1617.0000","1617.0000"," ","0.0000","0.0000","600","970200","1617.0000"
"20201211","01","12","    36040","JP3227100009","1880.0000","1884.0000","1817.0000","1830.0000","1825.0000","1842.0000","1795.0000","1833.0000","1880.0000","1884.0000","1795.0000","1833.0000"," ","0.0000","0.0000","235900","433612600","1838.1204"
"20201211","01","12","    36220","JP3758180008","691.0000","691.0000","683.0000","689.0000","681.0000","682.0000","678.0000","680.0000","691.0000","691.0000","678.0000","680.0000"," ","0.0000","0.0000","7200","4929100","684.5972"
"20201211","01","12","    36230","JP3800490009","1329.0000","1329.0000","1267.0000","1280.0000","1280.0000","1293.0000","1270.0000","1290.0000","1329.0000","1329.0000","1267.0000","1290.0000"," ","0.0000","0.0000","69900","89922500","1286.4449"
"20201211","01","12","    36240","JP3108130000","353.0000","375.0000","353.0000","370.0000","368.0000","372.0000","366.0000","372.0000","353.0000","375.0000","353.0000","372.0000"," ","0.0000","0.0000","150400","55066500","366.1336"
"20201211","01","12","    36250","JP3545400008","899.0000","904.0000","894.0000","903.0000","901.0000","901.0000","892.0000","897.0000","899.0000","904.0000","892.0000","897.0000"," ","0.0000","0.0000","22200","19934300","897.9414"
"20201211","01","12","    36280","JP3548730005","3630.0000","3630.0000","3530.0000","3535.0000","3595.0000","3800.0000","3575.0000","3715.0000","3630.0000","3800.0000","3530.0000","3715.0000"," ","0.0000","0.0000","12400","45220500","3646.8145"
"20201211","01","12","    36340","JP3433300005","1054.0000","1077.0000","1054.0000","1064.0000","1069.0000","1069.0000","1069.0000","1069.0000","1054.0000","1077.0000","1054.0000","1069.0000"," ","0.0000","0.0000","1400","1492300","1065.9286"
"20201211","01","12","    36410","JP3781540004","2288.0000","2319.0000","2285.0000","2319.0000","2310.0000","2332.0000","2290.0000","2327.0000","2288.0000","2332.0000","2285.0000","2327.0000"," ","0.0000","0.0000","42200","97351000","2306.8957"
"20201211","01","12","    36450","JP3752400006","803.0000","835.0000","795.0000","827.0000","953.0000","953.0000","953.0000","953.0000","803.0000","953.0000","795.0000","953.0000"," ","0.0000","0.0000","473600","394799500","833.6138"
"20201211","01","12","    36460","JP3161250000","504.0000","507.0000","498.0000","505.0000","505.0000","508.0000","495.0000","498.0000","504.0000","508.0000","495.0000","498.0000"," ","0.0000","0.0000","38200","19194800","502.4817"
"20201211","01","12","    36470","JP3300950007","220.0000","220.0000","215.0000","216.0000","215.0000","217.0000","212.0000","216.0000","220.0000","220.0000","212.0000","216.0000"," ","0.0000","0.0000","99400","21493000","216.2274"
"20201211","01","12","    36520","JP3548750003","2996.0000","2996.0000","2958.0000","2978.0000","2970.0000","3045.0000","2970.0000","2998.0000","2996.0000","3045.0000","2958.0000","2998.0000"," ","0.0000","0.0000","13800","41323300","2994.4420"
"20201211","01","12","    36530","JP3927550008","1468.0000","1630.0000","1468.0000","1568.0000","1560.0000","1629.0000","1560.0000","1628.0000","1468.0000","1630.0000","1468.0000","1628.0000"," ","0.0000","0.0000","363300","572012500","1574.4908"
"20201211","01","12","    36630","JP3100260003","2054.0000","2169.0000","2029.0000","2146.0000","2175.0000","2185.0000","2133.0000","2161.0000","2054.0000","2185.0000","2029.0000","2161.0000"," ","0.0000","0.0000","374400","797397900","2129.8021"
"20201211","01","12","    36640","JP3922970003","151.0000","151.0000","150.0000","151.0000","151.0000","152.0000","150.0000","151.0000","151.0000","152.0000","150.0000","151.0000"," ","0.0000","0.0000","295300","44557000","150.8872"
"20201211","01","12","    36700","JP3253820009","1630.0000","1634.0000","1620.0000","1634.0000","0.0000","0.0000","0.0000","0.0000","1630.0000","1634.0000","1620.0000","1634.0000"," ","0.0000","0.0000","1600","2606000","1628.7500"
"20201211","01","12","    36710","JP3436140002","1203.0000","1234.0000","1180.0000","1232.0000","1232.0000","1234.0000","1211.0000","1231.0000","1203.0000","1234.0000","1180.0000","1231.0000"," ","0.0000","0.0000","52600","64007000","1216.8631"
"20201211","01","12","    36740","JP3172070009","1675.0000","1693.0000","1646.0000","1677.0000","1680.0000","1760.0000","1674.0000","1727.0000","1675.0000","1760.0000","1646.0000","1727.0000"," ","0.0000","0.0000","465400","792669200","1703.1998"
"20201211","01","12","    36800","JP3852000003","725.0000","740.0000","708.0000","730.0000","730.0000","744.0000","726.0000","740.0000","725.0000","744.0000","708.0000","740.0000"," ","0.0000","0.0000","529400","385719100","728.5967"
"20201211","01","12","    36890","JP3131550000","1350.0000","1362.0000","1340.0000","1350.0000","1348.0000","1348.0000","1328.0000","1334.0000","1350.0000","1362.0000","1328.0000","1334.0000"," ","0.0000","0.0000","132100","177636300","1344.7108"
"20201211","01","12","    36900","JP3984180004","1691.0000","1721.0000","1679.0000","1712.0000","1712.0000","1723.0000","1692.0000","1712.0000","1691.0000","1723.0000","1679.0000","1712.0000"," ","0.0000","0.0000","64000","109111400","1704.8656"
"20201211","01","12","    36910","JP3969570005","721.0000","750.0000","710.0000","737.0000","730.0000","745.0000","695.0000","718.0000","721.0000","750.0000","695.0000","718.0000"," ","0.0000","0.0000","94400","68442600","725.0275"
"20201211","01","12","    36920","JP3166830004","2480.0000","2486.0000","2446.0000","2462.0000","2474.0000","2475.0000","2446.0000","2465.0000","2480.0000","2486.0000","2446.0000","2465.0000"," ","0.0000","0.0000","38700","95420100","2465.6357"
"20201211","01","12","    36930","JP3130220001","0.0000","0.0000","0.0000","0.0000","0.0000","0.0000","0.0000","0.0000","0.0000","0.0000","0.0000","0.0000"," ","0.0000","0.0000","0","0","0.0000"
"20201211","01","12","    36950","JP3386530004","1859.0000","1859.0000","1818.0000","1843.0000","1837.0000","1861.0000","1837.0000","1861.0000","1859.0000","1861.0000","1818.0000","1861.0000"," ","0.0000","0.0000","2600","4788800","1841.8462"
"20201211","01","12","    36980","JP3346050002","2055.0000","2055.0000","2014.0000","2034.0000","2031.0000","2034.0000","2004.0000","2007.0000","2055.0000","2055.0000","2004.0000","2007.0000"," ","0.0000","0.0000","50000","101224300","2024.4860"
"20201211","01","12","    37100","JP3394800001","948.0000","1066.0000","944.0000","1041.0000","1040.0000","1055.0000","980.0000","1010.0000","948.0000","1066.0000","944.0000","1010.0000"," ","0.0000","0.0000","138100","139090600","1007.1731"
"20201211","01","12","    37120","JP3393500008","3300.0000","3355.0000","3300.0000","3355.0000","3355.0000","3390.0000","3355.0000","3390.0000","3300.0000","3390.0000","3300.0000","3390.0000"," ","0.0000","0.0000","3000","10059500","3353.1667"
"20201211","01","12","    37190","JP3800280004","231.0000","238.0000","229.0000","232.0000","235.0000","235.0000","229.0000","230.0000","231.0000","238.0000","229.0000","230.0000"," ","0.0000","0.0000","335300","77787200","231.9928"
"20201211","01","12","    37230","JP3748520008","1373.0000","1373.0000","1349.0000","1359.0000","1358.0000","1374.0000","1358.0000","1372.0000","1373.0000","1374.0000","1349.0000","1372.0000"," ","0.0000","0.0000","10300","14035000","1362.6214"
"20201211","01","12","    37260","JP3163300001","437.0000","437.0000","433.0000","433.0000","432.0000","444.0000","432.0000","434.0000","437.0000","444.0000","432.0000","434.0000"," ","0.0000","0.0000","15300","6680900","436.6601"
"20201211","01","12","    37270","JP3122610003","231.0000","232.0000","227.0000","229.0000","231.0000","235.0000","229.0000","234.0000","231.0000","235.0000","227.0000","234.0000"," ","0.0000","0.0000","190800","44177000","231.5356"
"20201211","01","12","    37330","JP3436020006","10920.0000","10970.0000","10920.0000","10970.0000","11000.0000","11000.0000","10890.0000","10920.0000","10920.0000","11000.0000","10890.0000","10920.0000"," ","0.0000","0.0000","1600","17543000","10964.3750"
"20201211","01","12","    37440","JP3547100002","590.0000","601.0000","590.0000","600.0000","600.0000","602.0000","593.0000","600.0000","590.0000","602.0000","590.0000","600.0000"," ","0.0000","0.0000","56400","33707400","597.6489"
"20201211","01","12","    37470","JP3152810002","480.0000","489.0000","480.0000","487.0000","485.0000","487.0000","474.0000","479.0000","480.0000","489.0000","474.0000","479.0000"," ","0.0000","0.0000","166100","79931800","481.2270"
"20201211","01","12","    37500","JP3426500009","1299.0000","1450.0000","1299.0000","1423.0000","1411.0000","1441.0000","1411.0000","1417.0000","1299.0000","1450.0000","1299.0000","1417.0000"," ","0.0000","0.0000","119500","162201600","1357.3356"
"20201211","01","12","    37530","JP3826280004","618.0000","629.0000","617.0000","625.0000","625.0000","627.0000","619.0000","626.0000","618.0000","629.0000","617.0000","626.0000"," ","0.0000","0.0000","67800","42176800","622.0767"
"20201211","01","12","    37580","JP3105290005","480.0000","488.0000","478.0000","483.0000","482.0000","482.0000","473.0000","478.0000","480.0000","488.0000","473.0000","478.0000"," ","0.0000","0.0000","271900","130677700","480.6094"
"20201211","01","12","    37600","JP3281200000","1475.0000","1494.0000","1443.0000","1450.0000","1445.0000","1454.0000","1421.0000","1449.0000","1475.0000","1494.0000","1421.0000","1449.0000"," ","0.0000","0.0000","123000","178207500","1448.8415"
"20201211","01","12","    37660","JP3350950006","606.0000","611.0000","606.0000","611.0000","607.0000","607.0000","606.0000","606.0000","606.0000","611.0000","606.0000","606.0000"," ","0.0000","0.0000","1000","608800","608.8000"
"20201211","01","12","    37680","JP3974180006","2116.0000","2122.0000","2101.0000","2101.0000","2100.0000","2100.0000","1964.0000","2015.0000","2116.0000","2122.0000","1964.0000","2015.0000"," ","0.0000","0.0000","45200","92179400","2039.3673"
"20201211","01","12","    37720","JP3639550007","1400.0000","1400.0000","1356.0000","1376.0000","1370.0000","1418.0000","1365.0000","1406.0000","1400.0000","1418.0000","1356.0000","1406.0000"," ","0.0000","0.0000","36200","50102300","1384.0414"
"20201211","01","12","    37730","JP3122150000","773.0000","773.0000","759.0000","769.0000","765.0000","774.0000","763.0000","774.0000","773.0000","774.0000","759.0000","774.0000"," ","0.0000","0.0000","89000","68313100","767.5629"
"20201211","01","12","    37760","JP3831480003","348.0000","359.0000","348.0000","357.0000","357.0000","365.0000","354.0000","365.0000","348.0000","365.0000","348.0000","365.0000"," ","0.0000","0.0000","1354600","482296000","356.0431"
"20201211","01","12","    37770","JP3440200008","19.0000","20.0000","18.0000","19.0000","19.0000","19.0000","18.0000","19.0000","19.0000","20.0000","18.0000","19.0000"," ","0.0000","0.0000","760800","14450400","18.9937"
"20201211","01","12","    37790","JP3386010007","106.0000","106.0000","105.0000","106.0000","106.0000","106.0000","104.0000","106.0000","106.0000","106.0000","104.0000","106.0000"," ","0.0000","0.0000","27700","2910700","105.0794"
"20201211","01","12","    37820","JP3548620008","230.0000","235.0000","229.0000","233.0000","232.0000","234.0000","231.0000","233.0000","230.0000","235.0000","229.0000","233.0000"," ","0.0000","0.0000","495200","114491100","231.2017"
"20201211","01","12","    37870","JP3545170007","795.0000","795.0000","790.0000","790.0000","775.0000","777.0000","775.0000","775.0000","795.0000","795.0000","775.0000","775.0000"," ","0.0000","0.0000","1100","860400","782.1818"
"20201211","01","12","    37910","JP3833770005","1411.0000","1411.0000","1381.0000","1390.0000","1396.0000","1405.0000","1393.0000","1405.0000","1411.0000","1411.0000","1381.0000","1405.0000"," ","0.0000","0.0000","8500","11881200","1397.7882"
"20201211","01","12","    37930","JP3639570005","870.0000","879.0000","861.0000","867.0000","870.0000","880.0000","864.0000","880.0000","870.0000","880.0000","861.0000","880.0000"," ","0.0000","0.0000","112900","98466900","872.1603"
"20201211","01","12","    37960","JP3131050001","774.0000","791.0000","765.0000","790.0000","790.0000","790.0000","771.0000","777.0000","774.0000","791.0000","765.0000","777.0000"," ","0.0000","0.0000","35800","27976300","781.4609"
"20201211","01","12","    37980","JP3159910003","3610.0000","3710.0000","3610.0000","3705.0000","3675.0000","3725.0000","3675.0000","3705.0000","3610.0000","3725.0000","3610.0000","3705.0000"," ","0.0000","0.0000","13600","49942000","3672.2059"
"20201211","01","12","    37990","JP3236150003","723.0000","739.0000","723.0000","738.0000","739.0000","739.0000","731.0000","736.0000","723.0000","739.0000","723.0000","736.0000"," ","0.0000","0.0000","26700","19582500","733.4270"
"20201211","01","12","    38000","JP3799680008","1981.0000","1984.0000","1969.0000","1980.0000","1969.0000","1982.0000","1969.0000","1975.0000","1981.0000","1984.0000","1969.0000","1975.0000"," ","0.0000","0.0000","2800","5537900","1977.8214"
"20201211","01","12","    38020","JP3161220003","865.0000","880.0000","865.0000","880.0000","880.0000","882.0000","877.0000","881.0000","865.0000","882.0000","865.0000","881.0000"," ","0.0000","0.0000","4000","3511700","877.9250"
"20201211","01","12","    38030","JP3149300000","532.0000","532.0000","532.0000","532.0000","535.0000","566.0000","535.0000","547.0000","532.0000","566.0000","532.0000","547.0000"," ","0.0000","0.0000","3000","1642600","547.5333"
"20201211","01","12","    38040","JP3351040005","1876.0000","1976.0000","1870.0000","1963.0000","1950.0000","1955.0000","1897.0000","1955.0000","1876.0000","1976.0000","1870.0000","1955.0000"," ","0.0000","0.0000","65200","125923600","1931.3436"
"20201211","01","12","    38070","JP3802890008","153.0000","156.0000","148.0000","152.0000","152.0000","152.0000","148.0000","149.0000","153.0000","156.0000","148.0000","149.0000"," ","0.0000","0.0000","689100","103841400","150.6913"
"20201211","01","12","    38100","JP3311520005","740.0000","749.0000","739.0000","743.0000","743.0000","745.0000","736.0000","736.0000","740.0000","749.0000","736.0000","736.0000"," ","0.0000","0.0000","70600","52370200","741.7875"
"20201211","01","12","    38140","JP3126380009","1062.0000","1169.0000","1062.0000","1130.0000","1122.0000","1131.0000","1090.0000","1096.0000","1062.0000","1169.0000","1062.0000","1096.0000"," ","0.0000","0.0000","59300","66825000","1126.8971"
"20201211","01","12","    38150","JP3921140004","555.0000","569.0000","511.0000","537.0000","539.0000","569.0000","448.0000","458.0000","555.0000","569.0000","448.0000","458.0000"," ","0.0000","0.0000","7934300","4128760800","520.3686"
"20201211","01","12","    38160","JP3501900009","1045.0000","1054.0000","1038.0000","1038.0000","1037.0000","1048.0000","1037.0000","1048.0000","1045.0000","1054.0000","1037.0000","1048.0000"," ","0.0000","0.0000","6400","6687200","1044.8750"
"20201211","01","12","    38230","JP3108120001","183.0000","190.0000","183.0000","190.0000","189.0000","189.0000","186.0000","188.0000","183.0000","190.0000","183.0000","188.0000"," ","0.0000","0.0000","294300","54953100","186.7248"
"20201211","01","12","    38250","JP3974900007","77.0000","78.0000","77.0000","77.0000","77.0000","78.0000","76.0000","76.0000","77.0000","78.0000","76.0000","76.0000"," ","0.0000","0.0000","524100","40321600","76.9349"
"20201211","01","12","    38390","JP3172440004","641.0000","641.0000","633.0000","640.0000","641.0000","641.0000","635.0000","635.0000","641.0000","641.0000","633.0000","635.0000"," ","0.0000","0.0000","7800","4959900","635.8846"
"20201211","01","12","    38400","JP3130250008","138.0000","139.0000","136.0000","139.0000","137.0000","139.0000","137.0000","137.0000","138.0000","139.0000","136.0000","137.0000"," ","0.0000","0.0000","208100","28556700","137.2259"
"20201211","01","12","    38410","JP3386340008","1708.0000","1709.0000","1623.0000","1641.0000","1647.0000","1647.0000","1603.0000","1603.0000","1708.0000","1709.0000","1603.0000","1603.0000"," ","0.0000","0.0000","5000","8245500","1649.1000"
"20201211","01","12","    38420","JP3758150001","1406.0000","1415.0000","1405.0000","1412.0000","1417.0000","1417.0000","1408.0000","1409.0000","1406.0000","1417.0000","1405.0000","1409.0000"," ","0.0000","0.0000","8000","11272400","1409.0500"
"20201211","01","12","    38450","JP3105080000","148.0000","151.0000","148.0000","150.0000","150.0000","152.0000","150.0000","151.0000","148.0000","152.0000","148.0000","151.0000"," ","0.0000","0.0000","150300","22465700","149.4724"
"20201211","01","12","    38470","JP3781340009","2973.0000","2973.0000","2973.0000","2973.0000","0.0000","0.0000","0.0000","0.0000","2973.0000","2973.0000","2973.0000","2973.0000"," ","0.0000","0.0000","800","2378400","2973.0000"
"20201211","01","12","    38480","JP3548450000","0.0000","0.0000","0.0000","0.0000","0.0000","0.0000","0.0000","0.0000","0.0000","0.0000","0.0000","0.0000"," ","0.0000","0.0000","0","0","0.0000"
"20201211","01","12","    38500","JP3165830005","3100.0000","3125.0000","3080.0000","3080.0000","3090.0000","3105.0000","3080.0000","3100.0000","3100.0000","3125.0000","3080.0000","3100.0000"," ","0.0000","0.0000","4800","14860000","3095.8333"
"20201211","01","12","    38510","JP3687000004","1223.0000","1249.0000","1221.0000","1245.0000","1245.0000","1259.0000","1230.0000","1241.0000","1223.0000","1259.0000","1221.0000","1241.0000"," ","0.0000","0.0000","32400","40099500","1237.6389"
"20201211","01","12","    38560","JP3969530009","2235.0000","2400.0000","2170.0000","2400.0000","2410.0000","2410.0000","2324.0000","2384.0000","2235.0000","2410.0000","2170.0000","2384.0000"," ","0.0000","0.0000","540900","1256611600","2323.1865"
"20201211","01","12","    38570","JP3967900006","1042.0000","1054.0000","1042.0000","1049.0000","1049.0000","1065.0000","1046.0000","1065.0000","1042.0000","1065.0000","1042.0000","1065.0000"," ","0.0000","0.0000","106500","111935800","1051.0404"
"20201211","01","12","    38580","JP3952840001","742.0000","762.0000","738.0000","761.0000","760.0000","760.0000","749.0000","752.0000","742.0000","762.0000","738.0000","752.0000"," ","0.0000","0.0000","63900","47990000","751.0172"
"20201211","01","12","    38910","JP3707000000","2515.0000","2535.0000","2412.0000","2487.0000","2498.0000","2540.0000","2482.0000","2520.0000","2515.0000","2540.0000","2412.0000","2520.0000"," ","0.0000","0.0000","257200","639018200","2484.5187"
"20201211","01","12","    38920","JP3193900002","910.0000","910.0000","908.0000","908.0000","902.0000","912.0000","902.0000","912.0000","910.0000","912.0000","902.0000","912.0000"," ","0.0000","0.0000","1500","1355800","903.8667"
"20201211","01","12","    38950","JP3770250003","507.0000","508.0000","505.0000","508.0000","508.0000","524.0000","507.0000","524.0000","507.0000","524.0000","505.0000","524.0000"," ","0.0000","0.0000","23000","11866300","515.9261"
"20201211","01","12","    39000","JP3267900003","1233.0000","1234.0000","1202.0000","1232.0000","1235.0000","1235.0000","1217.0000","1218.0000","1233.0000","1235.0000","1202.0000","1218.0000"," ","0.0000","0.0000","55500","67717200","1220.1297"
"20201211","01","12","    39040","JP3220100006","844.0000","857.0000","841.0000","850.0000","856.0000","856.0000","844.0000","846.0000","844.0000","857.0000","841.0000","846.0000"," ","0.0000","0.0000","29100","24689700","848.4433"
"20201211","01","12","    39050","JP3548480007","490.0000","494.0000","485.0000","494.0000","491.0000","492.0000","487.0000","491.0000","490.0000","494.0000","485.0000","491.0000"," ","0.0000","0.0000","50500","24734100","489.7842"
"20201211","01","12","    39060","JP3126460009","6750.0000","6750.0000","6530.0000","6600.0000","6580.0000","6690.0000","6560.0000","6650.0000","6750.0000","6750.0000","6530.0000","6650.0000"," ","0.0000","0.0000","39700","262650000","6615.8690"
"20201211","01","12","    39070","JP3369550003","1205.0000","1251.0000","1205.0000","1250.0000","1249.0000","1260.0000","1227.0000","1235.0000","1205.0000","1260.0000","1205.0000","1235.0000"," ","0.0000","0.0000","16600","20484200","1233.9880"
"20201211","01","12","    39080","JP3305890000","689.0000","689.0000","673.0000","677.0000","680.0000","690.0000","673.0000","690.0000","689.0000","690.0000","673.0000","690.0000"," ","0.0000","0.0000","5200","3553300","683.3269"
"20201211","01","12","    39100","JP3167410004","800.0000","822.0000","800.0000","811.0000","806.0000","814.0000","805.0000","813.0000","800.0000","822.0000","800.0000","813.0000"," ","0.0000","0.0000","45100","36486800","809.0200"
"20201211","01","12","    39110","JP3161050004","462.0000","464.0000","453.0000","457.0000","457.0000","460.0000","456.0000","458.0000","462.0000","464.0000","453.0000","458.0000"," ","0.0000","0.0000","776300","355396700","457.8085"
"20201211","01","12","    39130","JP3163950003","1100.0000","1130.0000","1098.0000","1121.0000","1120.0000","1135.0000","1116.0000","1133.0000","1100.0000","1135.0000","1098.0000","1133.0000"," ","0.0000","0.0000","11500","12845400","1116.9913"
"20201211","01","12","    39140","JP3386560001","8750.0000","9060.0000","8680.0000","8970.0000","9000.0000","9000.0000","8490.0000","8540.0000","8750.0000","9060.0000","8490.0000","8540.0000"," ","0.0000","0.0000","218100","1913915000","8775.4012"
"20201211","01","12","    39170","JP3105190007","1205.0000","1256.0000","1205.0000","1256.0000","1252.0000","1255.0000","1208.0000","1218.0000","1205.0000","1256.0000","1205.0000","1218.0000"," ","0.0000","0.0000","79800","98258800","1231.3133"
"20201211","01","12","    39230","JP3967170006","2223.0000","2276.0000","2192.0000","2261.0000","2272.0000","2272.0000","2224.0000","2248.0000","2223.0000","2276.0000","2192.0000","2248.0000"," ","0.0000","0.0000","1179600","2642622000","2240.2696"
"20201211","01","12","    39270","JP3100110000","975.0000","1027.0000","970.0000","1020.0000","1020.0000","1030.0000","1006.0000","1019.0000","975.0000","1030.0000","970.0000","1019.0000"," ","0.0000","0.0000","124200","125296400","1008.8277"
"20201211","01","12","    39290","JP3431100001","822.0000","827.0000","809.0000","820.0000","815.0000","821.0000","815.0000","815.0000","822.0000","827.0000","809.0000","815.0000"," ","0.0000","0.0000","33300","27228200","817.6637"
"20201211","01","12","    39300","JP3769650007","1509.0000","1524.0000","1509.0000","1515.0000","1515.0000","1524.0000","1515.0000","1521.0000","1509.0000","1524.0000","1509.0000","1521.0000"," ","0.0000","0.0000","7900","11975800","1515.9241"
"20201211","01","12","    39310","JP3778430003","2085.0000","2085.0000","2031.0000","2060.0000","2060.0000","2070.0000","2031.0000","2055.0000","2085.0000","2085.0000","2031.0000","2055.0000"," ","0.0000","0.0000","7900","16276100","2060.2658"
"20201211","01","12","    39330","JP3507650004","1620.0000","1633.0000","1582.0000","1625.0000","1623.0000","1647.0000","1620.0000","1645.0000","1620.0000","1647.0000","1582.0000","1645.0000"," ","0.0000","0.0000","140500","227054000","1616.0427"
"20201211","01","12","    39350","JP3164460002","559.0000","589.0000","544.0000","557.0000","558.0000","574.0000","545.0000","555.0000","559.0000","589.0000","544.0000","555.0000"," ","0.0000","0.0000","1608300","911529900","566.7661"
"20201211","01","12","    39360","JP3274310006","1685.0000","1700.0000","1610.0000","1655.0000","1615.0000","1635.0000","1605.0000","1605.0000","1685.0000","1700.0000","1605.0000","1605.0000"," ","0.0000","0.0000","7200","11727900","1628.8750"
"20201211","01","12","    39440","JP3828800007","0.0000","0.0000","0.0000","0.0000","0.0000","0.0000","0.0000","0.0000","0.0000","0.0000","0.0000","0.0000"," ","0.0000","0.0000","0","0","0.0000"
"20201211","01","12","    39450","JP3395400009","1142.0000","1158.0000","1142.0000","1143.0000","1153.0000","1155.0000","1153.0000","1155.0000","1142.0000","1158.0000","1142.0000","1155.0000"," ","0.0000","0.0000","1100","1263900","1149.0000"
"20201211","01","12","    39470","JP3494200003","1397.0000","1397.0000","1396.0000","1397.0000","1396.0000","1400.0000","1396.0000","1400.0000","1397.0000","1400.0000","1396.0000","1400.0000"," ","0.0000","0.0000","2900","4054300","1398.0345"
"20201211","01","12","    39480","JP3783450004","455.0000","458.0000","453.0000","457.0000","457.0000","459.0000","456.0000","459.0000","455.0000","459.0000","453.0000","459.0000"," ","0.0000","0.0000","7000","3194500","456.3571"
"20201211","01","12","    39510","JP3110600008","994.0000","1012.0000","972.0000","977.0000","978.0000","989.0000","978.0000","987.0000","994.0000","1012.0000","972.0000","987.0000"," ","0.0000","0.0000","20800","20646800","992.6346"
"20201211","01","12","    39530","JP3190450001","585.0000","585.0000","583.0000","583.0000","580.0000","581.0000","578.0000","579.0000","585.0000","585.0000","578.0000","579.0000"," ","0.0000","0.0000","2300","1340500","582.8261"
"20201211","01","12","    39540","JP3368600007","0.0000","0.0000","0.0000","0.0000","0.0000","0.0000","0.0000","0.0000","0.0000","0.0000","0.0000","0.0000"," ","0.0000","0.0000","0","0","0.0000"
"20201211","01","12","    39550","JP3149150009","895.0000","895.0000","849.0000","866.0000","867.0000","869.0000","852.0000","869.0000","895.0000","895.0000","849.0000","869.0000"," ","0.0000","0.0000","116100","100634500","866.7916"
"20201211","01","12","    39560","JP3294500008","273.0000","277.0000","273.0000","276.0000","276.0000","276.0000","273.0000","275.0000","273.0000","277.0000","273.0000","275.0000"," ","0.0000","0.0000","1800","494200","274.5556"
"20201211","01","12","    39600","JP3778440002","3180.0000","3180.0000","3155.0000","3180.0000","3185.0000","3225.0000","3185.0000","3205.0000","3180.0000","3225.0000","3155.0000","3205.0000"," ","0.0000","0.0000","6000","19142500","3190.4167"
"20201211","01","12","    39610","JP3369580000","1870.0000","1900.0000","1842.0000","1894.0000","1893.0000","1893.0000","1863.0000","1883.0000","1870.0000","1900.0000","1842.0000","1883.0000"," ","0.0000","0.0000","28000","52591000","1878.2500"
"20201211","01","12","    39650","JP3244420000","931.0000","936.0000","928.0000","931.0000","931.0000","939.0000","931.0000","938.0000","931.0000","939.0000","928.0000","938.0000"," ","0.0000","0.0000","18900","17649000","933.8095"
"20201211","01","12","    39660","JP3944390008","3610.0000","3615.0000","3525.0000","3555.0000","3550.0000","3635.0000","3530.0000","3610.0000","3610.0000","3635.0000","3525.0000","3610.0000"," ","0.0000","0.0000","153400","551076000","3592.4120"
"20201211","01","12","    39670","JP3167700008","1163.0000","1165.0000","1141.0000","1162.0000","1163.0000","1183.0000","1157.0000","1180.0000","1163.0000","1183.0000","1141.0000","1180.0000"," ","0.0000","0.0000","54900","63996700","1165.6958"
"20201211","01","12","    39700","JP3147900009","3345.0000","3400.0000","3310.0000","3400.0000","3395.0000","3395.0000","3315.0000","3350.0000","3345.0000","3400.0000","3310.0000","3350.0000"," ","0.0000","0.0000","38100","127743000","3352.8346"
"20201211","01","12","    39740","JP3544970001","1294.0000","1309.0000","1294.0000","1298.0000","1296.0000","1296.0000","1296.0000","1296.0000","1294.0000","1309.0000","1294.0000","1296.0000"," ","0.0000","0.0000","1300","1688000","1298.4615"
"20201211","01","12","    39760","JP3359750001","2719.0000","2740.0000","2647.0000","2735.0000","2735.0000","2765.0000","2709.0000","2765.0000","2719.0000","2765.0000","2647.0000","2765.0000"," ","0.0000","0.0000","41400","112475200","2716.7923"
"20201211","01","12","    39790","JP3159920002","2903.0000","2903.0000","2837.0000","2896.0000","2878.0000","2879.0000","2820.0000","2831.0000","2903.0000","2903.0000","2820.0000","2831.0000"," ","0.0000","0.0000","13100","37829100","2887.7176"
"20201211","01","12","    39860","JP3799760008","1387.0000","1387.0000","1335.0000","1335.0000","1350.0000","1354.0000","1330.0000","1330.0000","1387.0000","1387.0000","1330.0000","1330.0000"," ","0.0000","0.0000","2100","2847100","1355.7619"
"20201211","01","12","    39870","JP3161290006","855.0000","872.0000","854.0000","864.0000","860.0000","870.0000","859.0000","859.0000","855.0000","872.0000","854.0000","859.0000"," ","0.0000","0.0000","46700","40071200","858.0557"
"20201211","01","12","    39880","JP3164200002","1349.0000","1379.0000","1342.0000","1350.0000","1348.0000","1348.0000","1326.0000","1339.0000","1349.0000","1379.0000","1326.0000","1339.0000"," ","0.0000","0.0000","19900","26778100","1345.6332"
"20201211","01","12","    39890","JP3347190005","249.0000","255.0000","246.0000","255.0000","255.0000","258.0000","252.0000","257.0000","249.0000","258.0000","246.0000","257.0000"," ","0.0000","0.0000","513900","129593600","252.1767"
"20201211","01","12","    39900","JP3154080000","1743.0000","1743.0000","1711.0000","1722.0000","1725.0000","1725.0000","1710.0000","1722.0000","1743.0000","1743.0000","1710.0000","1722.0000"," ","0.0000","0.0000","176900","304960700","1723.9158"
"20201211","01","12","    39910","JP3155850005","1199.0000","1199.0000","1171.0000","1185.0000","1185.0000","1187.0000","1176.0000","1187.0000","1199.0000","1199.0000","1171.0000","1187.0000"," ","0.0000","0.0000","1900","2260300","1189.6316"
"20201211","01","12","    39930","JP3780050005","2277.0000","2277.0000","2224.0000","2239.0000","2228.0000","2245.0000","2221.0000","2239.0000","2277.0000","2277.0000","2221.0000","2239.0000"," ","0.0000","0.0000","188300","422613100","2244.3606"
"20201211","01","12","    39940","JP3869960009","4485.0000","4525.0000","4380.0000","4510.0000","4510.0000","4520.0000","4390.0000","4465.0000","4485.0000","4525.0000","4380.0000","4465.0000"," ","0.0000","0.0000","262700","1172069000","4461.6254"
"20201211","01","12","    39950","JP3396650008","612.0000","631.0000","610.0000","625.0000","626.0000","638.0000","621.0000","635.0000","612.0000","638.0000","610.0000","635.0000"," ","0.0000","0.0000","182200","114013900","625.7623"
"20201211","01","12","    39970","JP3637220009","779.0000","779.0000","776.0000","776.0000","776.0000","776.0000","770.0000","770.0000","779.0000","779.0000","770.0000","770.0000"," ","0.0000","0.0000","3500","2712100","774.8857"
"20201211","01","12","    39980","JP3410450005","5700.0000","5900.0000","5630.0000","5880.0000","5880.0000","5910.0000","5760.0000","5880.0000","5700.0000","5910.0000","5630.0000","5880.0000"," ","0.0000","0.0000","158400","917469000","5792.1023"
"20201211","01","12","    39990","JP3652100003","951.0000","951.0000","925.0000","932.0000","962.0000","962.0000","941.0000","944.0000","951.0000","962.0000","925.0000","944.0000"," ","0.0000","0.0000","37500","35880300","956.8080"
"20201211","01","12","    40110","JP3835050000","13370.0000","13700.0000","13140.0000","13380.0000","13240.0000","13290.0000","12730.0000","12790.0000","13370.0000","13700.0000","12730.0000","12790.0000"," ","0.0000","0.0000","41500","546166000","13160.6265"
"20201211","01","12","    40120","JP3108210000","3795.0000","3950.0000","3760.0000","3835.0000","3825.0000","3870.0000","3785.0000","3870.0000","3795.0000","3950.0000","3760.0000","3870.0000"," ","0.0000","0.0000","27700","106058000","3828.8087"
"20201211","01","12","    40130","JP3680630005","3165.0000","3220.0000","3090.0000","3160.0000","3150.0000","3175.0000","3100.0000","3175.0000","3165.0000","3220.0000","3090.0000","3175.0000"," ","0.0000","0.0000","44300","139944000","3159.0068"
"20201211","01","12","    40140","JP3220270007","1592.0000","1648.0000","1569.0000","1634.0000","1639.0000","1648.0000","1611.0000","1620.0000","1592.0000","1648.0000","1569.0000","1620.0000"," ","0.0000","0.0000","164500","265958200","1616.7672"
"20201211","01","12","    40150","JP3125700009","2200.0000","2280.0000","2150.0000","2224.0000","2240.0000","2250.0000","2194.0000","2216.0000","2200.0000","2280.0000","2150.0000","2216.0000"," ","0.0000","0.0000","337600","747180800","2213.2133"
"20201211","01","12","    40160","JP3895150005","1849.0000","1948.0000","1840.0000","1906.0000","1914.0000","1924.0000","1860.0000","1924.0000","1849.0000","1948.0000","1840.0000","1924.0000"," ","0.0000","0.0000","78900","149471900","1894.4474"
"20201211","01","12","    40170","JP3269770008","4785.0000","4875.0000","4715.0000","4820.0000","4850.0000","4975.0000","4830.0000","4945.0000","4785.0000","4975.0000","4715.0000","4945.0000"," ","0.0000","0.0000","69300","335370500","4839.4012"
"20201211","01","12","    40180","JP3386740009","500.0000","500.0000","500.0000","500.0000","0.0000","0.0000","0.0000","0.0000","500.0000","500.0000","500.0000","500.0000"," ","0.0000","0.0000","22000","11000000","500.0000"
"20201211","01","12","    40260","JP3289000006","1107.0000","1160.0000","1069.0000","1160.0000","1160.0000","1209.0000","1156.0000","1195.0000","1107.0000","1209.0000","1069.0000","1195.0000"," ","0.0000","0.0000","333400","383678400","1150.8050"
"20201211","01","12","    40510","JP3386710002","16010.0000","17000.0000","15830.0000","17000.0000","16970.0000","17110.0000","16630.0000","16940.0000","16010.0000","17110.0000","15830.0000","16940.0000"," ","0.0000","0.0000","84600","1407964000","16642.6005"
"20201211","01","12","    40520","JP3803080005","1679.0000","1713.0000","1675.0000","1698.0000","1699.0000","1723.0000","1685.0000","1706.0000","1679.0000","1723.0000","1675.0000","1706.0000"," ","0.0000","0.0000","31300","53177300","1698.9553"
"20201211","01","12","    40530","JP3323800007","2613.0000","2707.0000","2591.0000","2698.0000","2692.0000","2692.0000","2604.0000","2629.0000","2613.0000","2707.0000","2591.0000","2629.0000"," ","0.0000","0.0000","147200","389751300","2647.7670"
"20201211","01","12","    40540","JP3718700002","3180.0000","3300.0000","3125.0000","3265.0000","3265.0000","3285.0000","3190.0000","3240.0000","3180.0000","3300.0000","3125.0000","3240.0000"," ","0.0000","0.0000","253200","822259000","3247.4684"
"20201211","01","12","    40550","JP3539210009","7300.0000","7440.0000","6920.0000","7090.0000","7140.0000","7250.0000","6950.0000","6970.0000","7300.0000","7440.0000","6920.0000","6970.0000"," ","0.0000","0.0000","143300","1017497000","7100.4676"
"20201211","01","12","    40560","JP3756370007","4040.0000","4195.0000","3990.0000","4185.0000","4190.0000","4190.0000","4025.0000","4075.0000","4040.0000","4195.0000","3990.0000","4075.0000"," ","0.0000","0.0000","232400","951009500","4092.1235"
"20201211","01","12","    40570","JP3152710004","3170.0000","3180.0000","3060.0000","3125.0000","3135.0000","3145.0000","3085.0000","3090.0000","3170.0000","3180.0000","3060.0000","3090.0000"," ","0.0000","0.0000","26000","81040000","3116.9231"
"20201211","01","12","    40580","JP3632650002","5550.0000","5680.0000","5470.0000","5520.0000","5520.0000","5550.0000","5390.0000","5450.0000","5550.0000","5680.0000","5390.0000","5450.0000"," ","0.0000","0.0000","33300","183432000","5508.4685"
"20201211","01","12","    40590","JP3863060004","1874.0000","1923.0000","1821.0000","1893.0000","1897.0000","1979.0000","1885.0000","1979.0000","1874.0000","1979.0000","1821.0000","1979.0000"," ","0.0000","0.0000","33200","63238600","1904.7771"
"20201211","01","12","    40600","JP3967270004","1902.0000","1968.0000","1871.0000","1965.0000","1938.0000","1991.0000","1938.0000","1980.0000","1902.0000","1991.0000","1871.0000","1980.0000"," ","0.0000","0.0000","122900","239795100","1951.1400"
"20201211","01","12","    40800","JP3468810001","1260.0000","1284.0000","1204.0000","1250.0000","1247.0000","1261.0000","1228.0000","1244.0000","1260.0000","1284.0000","1204.0000","1244.0000"," ","0.0000","0.0000","903700","1124256400","1244.0593"
"20201211","01","12","    40940","JP3692000007","1118.0000","1134.0000","1111.0000","1125.0000","1120.0000","1163.0000","1100.0000","1163.0000","1118.0000","1163.0000","1100.0000","1163.0000"," ","0.0000","0.0000","38000","42624400","1121.6947"
"20201211","01","12","    41020","JP3872800002","1390.0000","1390.0000","1385.0000","1385.0000","0.0000","0.0000","0.0000","0.0000","1390.0000","1390.0000","1385.0000","1385.0000"," ","0.0000","0.0000","600","833500","1389.1667"
"20201211","01","12","    41070","JP3139300002","3100.0000","3100.0000","3085.0000","3085.0000","3090.0000","3145.0000","3090.0000","3135.0000","3100.0000","3145.0000","3085.0000","3135.0000"," ","0.0000","0.0000","4000","12504000","3126.0000"
"20201211","01","12","    41130","JP3452400009","13410.0000","13430.0000","13000.0000","13180.0000","13180.0000","13360.0000","13180.0000","13260.0000","13410.0000","13430.0000","13000.0000","13260.0000"," ","0.0000","0.0000","11900","157383000","13225.4622"
"20201211","01","12","    41150","JP3853400004","1797.0000","1800.0000","1797.0000","1799.0000","1798.0000","1800.0000","1798.0000","1800.0000","1797.0000","1800.0000","1797.0000","1800.0000"," ","0.0000","0.0000","23800","42800300","1798.3319"
"20201211","01","12","    41190","JP3747000002","1743.0000","1743.0000","1718.0000","1718.0000","1718.0000","1718.0000","1718.0000","1718.0000","1743.0000","1743.0000","1718.0000","1718.0000"," ","0.0000","0.0000","1000","1723500","1723.5000"
"20201211","01","12","    41200","JP3396600003","1408.0000","1411.0000","1408.0000","1411.0000","1415.0000","1419.0000","1415.0000","1419.0000","1408.0000","1419.0000","1408.0000","1419.0000"," ","0.0000","0.0000","500","706100","1412.2000"
"20201211","01","12","    41240","JP3187100007","1094.0000","1094.0000","1056.0000","1056.0000","1056.0000","1067.0000","1056.0000","1067.0000","1094.0000","1094.0000","1056.0000","1067.0000"," ","0.0000","0.0000","800","860300","1075.3750"
"20201211","01","12","    42220","JP3299000004","417.0000","434.0000","408.0000","427.0000","427.0000","438.0000","417.0000","417.0000","417.0000","438.0000","408.0000","417.0000"," ","0.0000","0.0000","46500","19778700","425.3484"
"20201211","01","12","    42240","JP3985200009","1532.0000","1542.0000","1530.0000","1530.0000","1549.0000","1549.0000","1537.0000","1537.0000","1532.0000","1549.0000","1530.0000","1537.0000"," ","0.0000","0.0000","1100","1692300","1538.4545"
"20201211","01","12","    42340","JP3324600000","522.0000","523.0000","519.0000","519.0000","519.0000","522.0000","517.0000","522.0000","522.0000","523.0000","517.0000","522.0000"," ","0.0000","0.0000","3600","1873100","520.3056"
"20201211","01","12","    42350","JP3473600009","834.0000","843.0000","834.0000","837.0000","838.0000","852.0000","838.0000","850.0000","834.0000","852.0000","834.0000","850.0000"," ","0.0000","0.0000","11900","10042100","843.8739"
"20201211","01","12","    42370","JP3820720005","339.0000","347.0000","337.0000","346.0000","344.0000","344.0000","337.0000","342.0000","339.0000","347.0000","337.0000","342.0000"," ","0.0000","0.0000","140600","48019300","341.5313"
"20201211","01","12","    42400","JP3268810003","416.0000","416.0000","397.0000","397.0000","400.0000","415.0000","397.0000","415.0000","416.0000","416.0000","397.0000","415.0000"," ","0.0000","0.0000","49200","19873900","403.9411"
"20201211","01","12","    42410","JP3121300002","951.0000","972.0000","951.0000","961.0000","961.0000","964.0000","959.0000","962.0000","951.0000","972.0000","951.0000","962.0000"," ","0.0000","0.0000","4200","4028300","959.1190"
"20201211","01","12","    42420","JP3453900007","2252.0000","2343.0000","2240.0000","2268.0000","2251.0000","2300.0000","2250.0000","2271.0000","2252.0000","2343.0000","2240.0000","2271.0000"," ","0.0000","0.0000","21800","49685900","2279.1697"
"20201211","01","12","    42430","JP3668300001","850.0000","850.0000","790.0000","814.0000","803.0000","814.0000","800.0000","804.0000","850.0000","850.0000","790.0000","804.0000"," ","0.0000","0.0000","27800","22737700","817.9029"
"20201211","01","12","    42500","JP3829500002","0.0000","0.0000","0.0000","0.0000","0.0000","0.0000","0.0000","0.0000","0.0000","0.0000","0.0000","0.0000"," ","0.0000","0.0000","0","0","0.0000"
"20201211","01","12","    42510","JP3281610000","1991.0000","2051.0000","1991.0000","2040.0000","2037.0000","2081.0000","2033.0000","2053.0000","1991.0000","2081.0000","1991.0000","2053.0000"," ","0.0000","0.0000","72100","146886700","2037.2635"
"20201211","01","12","    42740","JP3846200008","1150.0000","1169.0000","1123.0000","1154.0000","1160.0000","1167.0000","1148.0000","1162.0000","1150.0000","1169.0000","1123.0000","1162.0000"," ","0.0000","0.0000","141600","162702100","1149.0261"
"20201211","01","12","    42870","JP3388470001","370.0000","379.0000","370.0000","378.0000","377.0000","391.0000","377.0000","391.0000","370.0000","391.0000","370.0000","391.0000"," ","0.0000","0.0000","48900","18648500","381.3599"
"20201211","01","12","    42880","JP3119910002","1109.0000","1136.0000","1109.0000","1136.0000","1127.0000","1147.0000","1127.0000","1142.0000","1109.0000","1147.0000","1109.0000","1142.0000"," ","0.0000","0.0000","6500","7304300","1123.7385"
"20201211","01","12","    42930","JP3423300007","415.0000","427.0000","415.0000","422.0000","420.0000","422.0000","414.0000","421.0000","415.0000","427.0000","414.0000","421.0000"," ","0.0000","0.0000","874900","367207200","419.7133"
"20201211","01","12","    43040","JP3130500006","2696.0000","2712.0000","2582.0000","2659.0000","2658.0000","2670.0000","2606.0000","2608.0000","2696.0000","2712.0000","2582.0000","2608.0000"," ","0.0000","0.0000","45600","120584800","2644.4035"
"20201211","01","12","    43080","JP3386170009","5040.0000","5210.0000","5000.0000","5190.0000","5190.0000","5360.0000","5160.0000","5280.0000","5040.0000","5360.0000","5000.0000","5280.0000"," ","0.0000","0.0000","598700","3106271000","5188.3598"
"20201211","01","12","    43160","JP3799750009","615.0000","628.0000","615.0000","623.0000","623.0000","628.0000","620.0000","628.0000","615.0000","628.0000","615.0000","628.0000"," ","0.0000","0.0000","10900","6770900","621.1835"
"20201211","01","12","    43170","JP3979230004","320.0000","328.0000","320.0000","325.0000","328.0000","338.0000","326.0000","334.0000","320.0000","338.0000","320.0000","334.0000"," ","0.0000","0.0000","34000","11168000","328.4706"
"20201211","01","12","    43270","JP3688320005","2471.0000","2478.0000","2471.0000","2478.0000","2478.0000","2500.0000","2478.0000","2480.0000","2471.0000","2500.0000","2471.0000","2480.0000"," ","0.0000","0.0000","800","1983800","2479.7500"
"20201211","01","12","    43340","JP3944350002","361.0000","363.0000","360.0000","363.0000","362.0000","362.0000","359.0000","362.0000","361.0000","363.0000","359.0000","362.0000"," ","0.0000","0.0000","16800","6061900","360.8274"
"20201211","01","12","    43350","JP3104980002","956.0000","983.0000","956.0000","978.0000","985.0000","1008.0000","981.0000","1005.0000","956.0000","1008.0000","956.0000","1005.0000"," ","0.0000","0.0000","46600","46085100","988.9506"
"20201211","01","12","    43360","JP3269830000","0.0000","0.0000","0.0000","0.0000","538.0000","539.0000","538.0000","538.0000","538.0000","539.0000","538.0000","538.0000"," ","0.0000","0.0000","600","322900","538.1667"
"20201211","01","12","    43410","JP3418100008","917.0000","917.0000","897.0000","897.0000","900.0000","900.0000","890.0000","891.0000","917.0000","917.0000","890.0000","891.0000"," ","0.0000","0.0000","6500","5896600","907.1692"
"20201211","01","12","    43420","JP3421850003","3425.0000","3425.0000","3400.0000","3415.0000","3425.0000","3450.0000","3405.0000","3405.0000","3425.0000","3450.0000","3400.0000","3405.0000"," ","0.0000","0.0000","7400","25325500","3422.3649"
"20201211","01","12","    43470","JP3268830001","89.0000","90.0000","88.0000","90.0000","89.0000","90.0000","88.0000","88.0000","89.0000","90.0000","88.0000","88.0000"," ","0.0000","0.0000","742200","66061700","89.0079"
"20201211","01","12","    43510","JP3938900002","667.0000","667.0000","652.0000","660.0000","660.0000","664.0000","660.0000","660.0000","667.0000","667.0000","652.0000","660.0000"," ","0.0000","0.0000","2700","1781400","659.7778"
"20201211","01","12","    43550","JP3756070003","245.0000","246.0000","244.0000","244.0000","245.0000","246.0000","243.0000","246.0000","245.0000","246.0000","243.0000","246.0000"," ","0.0000","0.0000","23800","5823900","244.7017"
"20201211","01","12","    43560","JP3174500003","2802.0000","2828.0000","2802.0000","2803.0000","2803.0000","2841.0000","2793.0000","2841.0000","2802.0000","2841.0000","2793.0000","2841.0000"," ","0.0000","0.0000","5500","15454900","2809.9818"
"20201211","01","12","    43610","JP3222600003","953.0000","953.0000","953.0000","953.0000","955.0000","955.0000","950.0000","950.0000","953.0000","955.0000","950.0000","950.0000"," ","0.0000","0.0000","700","666000","951.4286"
"20201211","01","12","    43640","JP3869900005","1028.0000","1037.0000","1023.0000","1024.0000","1025.0000","1026.0000","1018.0000","1019.0000","1028.0000","1037.0000","1018.0000","1019.0000"," ","0.0000","0.0000","18700","19169700","1025.1176"
"20201211","01","12","    43650","JP3869100002","0.0000","0.0000","0.0000","0.0000","0.0000","0.0000","0.0000","0.0000","0.0000","0.0000","0.0000","0.0000"," ","0.0000","0.0000","0","0","0.0000"
"20201211","01","12","    43660","JP3486500006","962.0000","977.0000","931.0000","935.0000","929.0000","945.0000","925.0000","936.0000","962.0000","977.0000","925.0000","936.0000"," ","0.0000","0.0000","152100","144068600","947.1966"
"20201211","01","12","    43670","JP3286100007","3005.0000","3035.0000","2990.0000","3025.0000","3015.0000","3025.0000","3010.0000","3015.0000","3005.0000","3035.0000","2990.0000","3015.0000"," ","0.0000","0.0000","12500","37700800","3016.0640"
"20201211","01","12","    43800","JP3167490006","1092.0000","1150.0000","1092.0000","1134.0000","1132.0000","1163.0000","1127.0000","1147.0000","1092.0000","1163.0000","1092.0000","1147.0000"," ","0.0000","0.0000","32300","36575300","1132.3622"
"20201211","01","12","    43810","JP3799780006","2565.0000","2727.0000","2565.0000","2647.0000","2675.0000","2676.0000","2644.0000","2647.0000","2565.0000","2727.0000","2565.0000","2647.0000"," ","0.0000","0.0000","13900","36617300","2634.3381"
"20201211","01","12","    43830","JP3800420006","0.0000","0.0000","0.0000","0.0000","0.0000","0.0000","0.0000","0.0000","0.0000","0.0000","0.0000","0.0000"," ","0.0000","0.0000","0","0","0.0000"
"20201211","01","12","    43850","JP3921290007","4575.0000","4580.0000","4280.0000","4310.0000","4320.0000","4345.0000","4295.0000","4345.0000","4575.0000","4580.0000","4280.0000","4345.0000"," ","0.0000","0.0000","2287900","10007685500","4374.1796"
"20201211","01","12","    43860","JP3161590009","964.0000","996.0000","963.0000","993.0000","993.0000","1004.0000","980.0000","995.0000","964.0000","1004.0000","963.0000","995.0000"," ","0.0000","0.0000","67300","66386600","986.4279"
"20201211","01","12","    43870","JP3411810009","2482.0000","2510.0000","2420.0000","2510.0000","2510.0000","2510.0000","2453.0000","2492.0000","2482.0000","2510.0000","2420.0000","2492.0000"," ","0.0000","0.0000","44100","109009700","2471.8753"
"20201211","01","12","    43880","JP3160020008","2292.0000","2345.0000","2265.0000","2316.0000","2313.0000","2319.0000","2285.0000","2305.0000","2292.0000","2345.0000","2265.0000","2305.0000"," ","0.0000","0.0000","90800","209625300","2308.6487"
"20201211","01","12","    43890","JP3833820008","1811.0000","1897.0000","1808.0000","1885.0000","1883.0000","1885.0000","1826.0000","1847.0000","1811.0000","1897.0000","1808.0000","1847.0000"," ","0.0000","0.0000","87200","161691800","1854.2638"
"20201211","01","12","    43900","JP3104910009","2067.0000","2100.0000","1996.0000","2077.0000","2080.0000","2116.0000","2079.0000","2105.0000","2067.0000","2116.0000","1996.0000","2105.0000"," ","0.0000","0.0000","161200","333294900","2067.5862"
"20201211","01","12","    43910","JP3984140008","1657.0000","1663.0000","1622.0000","1628.0000","1632.0000","1806.0000","1632.0000","1800.0000","1657.0000","1806.0000","1622.0000","1800.0000"," ","0.0000","0.0000","74100","128551700","1734.8408"
"20201211","01","12","    43930","JP3778460000","2870.0000","3035.0000","2860.0000","2995.0000","3005.0000","3005.0000","2880.0000","2987.0000","2870.0000","3035.0000","2860.0000","2987.0000"," ","0.0000","0.0000","291500","859151100","2947.3451"
"20201211","01","12","    43940","JP3161310002","1530.0000","1565.0000","1502.0000","1520.0000","1521.0000","1678.0000","1521.0000","1677.0000","1530.0000","1678.0000","1502.0000","1677.0000"," ","0.0000","0.0000","72400","114789900","1585.4959"
"20201211","01","12","    43950","JP3108180005","1471.0000","1519.0000","1435.0000","1452.0000","1461.0000","1507.0000","1459.0000","1495.0000","1471.0000","1519.0000","1435.0000","1495.0000"," ","0.0000","0.0000","187600","277516900","1479.3012"
"20201211","01","12","    43970","JP3507200008","2266.0000","2370.0000","2259.0000","2364.0000","2344.0000","2351.0000","2250.0000","2278.0000","2266.0000","2370.0000","2250.0000","2278.0000"," ","0.0000","0.0000","308000","707300200","2296.4292"
"20201211","01","12","    43980","JP3831470004","2150.0000","2228.0000","2138.0000","2214.0000","2218.0000","2229.0000","2184.0000","2228.0000","2150.0000","2229.0000","2138.0000","2228.0000"," ","0.0000","0.0000","23000","50460300","2193.9261"
"20201211","01","12","    43990","JP3266300007","812.0000","812.0000","784.0000","790.0000","790.0000","796.0000","783.0000","785.0000","812.0000","812.0000","783.0000","785.0000"," ","0.0000","0.0000","15500","12403900","800.2516"
"20201211","01","12","    44090","JP3599800004","450.0000","450.0000","446.0000","448.0000","448.0000","450.0000","446.0000","450.0000","450.0000","450.0000","446.0000","450.0000"," ","0.0000","0.0000","4300","1927700","448.3023"
"20201211","01","12","    44210","JP3548810005","2138.0000","2180.0000","2138.0000","2177.0000","2177.0000","2229.0000","2162.0000","2223.0000","2138.0000","2229.0000","2138.0000","2223.0000"," ","0.0000","0.0000","15800","34620700","2191.1835"
"20201211","01","12","    44220","JP3778470009","1274.0000","1311.0000","1260.0000","1311.0000","1299.0000","1311.0000","1285.0000","1285.0000","1274.0000","1311.0000","1260.0000","1285.0000"," ","0.0000","0.0000","6700","8592500","1282.4627"
"20201211","01","12","    44240","JP3124740006","2457.0000","2485.0000","2429.0000","2455.0000","2458.0000","2468.0000","2424.0000","2435.0000","2457.0000","2485.0000","2424.0000","2435.0000"," ","0.0000","0.0000","41800","102621400","2455.0574"
"20201211","01","12","    44250","JP3266220007","3040.0000","3080.0000","3020.0000","3070.0000","3070.0000","3070.0000","3020.0000","3045.0000","3040.0000","3080.0000","3020.0000","3045.0000"," ","0.0000","0.0000","46100","140703500","3052.1367"
"20201211","01","12","    44260","JP3781440007","0.0000","0.0000","0.0000","0.0000","0.0000","0.0000","0.0000","0.0000","0.0000","0.0000","0.0000","0.0000"," ","0.0000","0.0000","0","0","0.0000"
"20201211","01","12","    44280","JP3977010002","1588.0000","1665.0000","1580.0000","1665.0000","1661.0000","1686.0000","1655.0000","1680.0000","1588.0000","1686.0000","1580.0000","1680.0000"," ","0.0000","0.0000","41500","68412500","1648.4940"
"20201211","01","12","    44290","JP3974510004","3640.0000","3695.0000","3610.0000","3685.0000","3690.0000","3750.0000","3685.0000","3720.0000","3640.0000","3750.0000","3610.0000","3720.0000"," ","0.0000","0.0000","25700","94606000","3681.1673"
"20201211","01","12","    44310","JP3400110007","4875.0000","4955.0000","4730.0000","4785.0000","4740.0000","4770.0000","4685.0000","4745.0000","4875.0000","4955.0000","4685.0000","4745.0000"," ","0.0000","0.0000","71100","339701000","4777.7918"
"20201211","01","12","    44340","JP3310250000","4375.0000","4575.0000","4345.0000","4550.0000","4585.0000","4600.0000","4515.0000","4580.0000","4375.0000","4600.0000","4345.0000","4580.0000"," ","0.0000","0.0000","119200","536855500","4503.8213"
"20201211","01","12","    44350","JP3205900008","5230.0000","5320.0000","5140.0000","5290.0000","5240.0000","5270.0000","5160.0000","5260.0000","5230.0000","5320.0000","5140.0000","5260.0000"," ","0.0000","0.0000","46500","242997000","5225.7419"
"20201211","01","12","    44360","JP3911000002","2821.0000","2910.0000","2780.0000","2854.0000","2854.0000","2889.0000","2823.0000","2883.0000","2821.0000","2910.0000","2780.0000","2883.0000"," ","0.0000","0.0000","579100","1650227200","2849.6412"
"20201211","01","12","    44370","JP3273760003","1030.0000","1030.0000","1030.0000","1030.0000","1017.0000","1027.0000","1010.0000","1010.0000","1030.0000","1030.0000","1010.0000","1010.0000"," ","0.0000","0.0000","5600","5703100","1018.4107"
"20201211","01","12","    44380","JP3155410008","1426.0000","1426.0000","1398.0000","1398.0000","1393.0000","1403.0000","1390.0000","1395.0000","1426.0000","1426.0000","1390.0000","1395.0000"," ","0.0000","0.0000","7200","10118200","1405.3056"
"20201211","01","12","    44420","JP3778480008","2510.0000","2612.0000","2503.0000","2612.0000","2595.0000","2600.0000","2554.0000","2588.0000","2510.0000","2612.0000","2503.0000","2588.0000"," ","0.0000","0.0000","49500","127008500","2565.8283"
"20201211","01","12","    44430","JP3332540008","6270.0000","6480.0000","6210.0000","6440.0000","6440.0000","6500.0000","6370.0000","6430.0000","6270.0000","6500.0000","6210.0000","6430.0000"," ","0.0000","0.0000","144800","922110000","6368.1630"
"20201211","01","12","    44440","JP3153490002","1265.0000","1265.0000","1231.0000","1235.0000","1246.0000","1255.0000","1199.0000","1218.0000","1265.0000","1265.0000","1199.0000","1218.0000"," ","0.0000","0.0000","17100","21016300","1229.0234"
"20201211","01","12","    44450","JP3974710000","2560.0000","2560.0000","2484.0000","2546.0000","2532.0000","2580.0000","2524.0000","2553.0000","2560.0000","2580.0000","2484.0000","2553.0000"," ","0.0000","0.0000","5000","12691800","2538.3600"
"20201211","01","12","    44480","JP3512900006","1370.0000","1397.0000","1347.0000","1366.0000","1366.0000","1367.0000","1347.0000","1351.0000","1370.0000","1397.0000","1347.0000","1351.0000"," ","0.0000","0.0000","837400","1145679100","1368.1384"
"20201211","01","12","    44490","JP3264870001","2748.0000","2796.0000","2687.0000","2783.0000","2787.0000","2803.0000","2733.0000","2745.0000","2748.0000","2803.0000","2687.0000","2745.0000"," ","0.0000","0.0000","323400","888727500","2748.0751"
"20201211","01","12","    44500","JP3782930006","2399.0000","2399.0000","2350.0000","2365.0000","2365.0000","2414.0000","2365.0000","2388.0000","2399.0000","2414.0000","2350.0000","2388.0000"," ","0.0000","0.0000","4300","10289200","2392.8372"
"20201211","01","12","    44640","JP3436030005","1000.0000","1004.0000","1000.0000","1000.0000","1000.0000","1004.0000","1000.0000","1004.0000","1000.0000","1004.0000","1000.0000","1004.0000"," ","0.0000","0.0000","5100","5103900","1000.7647"
"20201211","01","12","    44750","JP3835150008","6840.0000","7200.0000","6750.0000","7200.0000","7200.0000","7240.0000","7010.0000","7210.0000","6840.0000","7240.0000","6750.0000","7210.0000"," ","0.0000","0.0000","517800","3647162000","7043.5728"
"20201211","01","12","    44760","JP3160030007","1737.0000","1784.0000","1737.0000","1784.0000","1777.0000","1783.0000","1757.0000","1763.0000","1737.0000","1784.0000","1737.0000","1763.0000"," ","0.0000","0.0000","45900","80841400","1761.2505"
"20201211","01","12","    44770","JP3835260005","8800.0000","9690.0000","8630.0000","9640.0000","9600.0000","9600.0000","8920.0000","9070.0000","8800.0000","9690.0000","8630.0000","9070.0000"," ","0.0000","0.0000","2879500","26268915000","9122.7348"
"20201211","01","12","    44780","JP3826520003","9470.0000","10000.0000","9310.0000","9980.0000","9960.0000","10050.0000","9730.0000","9770.0000","9470.0000","10050.0000","9310.0000","9770.0000"," ","0.0000","0.0000","523200","5105042000","9757.3433"
"20201211","01","12","    44790","JP3862920000","8490.0000","8820.0000","8350.0000","8820.0000","8880.0000","8960.0000","8700.0000","8930.0000","8490.0000","8960.0000","8350.0000","8930.0000"," ","0.0000","0.0000","391000","3404423000","8706.9642"
"20201211","01","12","    44800","JP3921310003","4515.0000","4610.0000","4445.0000","4590.0000","4605.0000","4685.0000","4590.0000","4665.0000","4515.0000","4685.0000","4445.0000","4665.0000"," ","0.0000","0.0000","632900","2895762500","4575.3871"
"20201211","01","12","    44810","JP3835210000","6480.0000","6690.0000","6340.0000","6490.0000","6500.0000","6650.0000","6460.0000","6590.0000","6480.0000","6690.0000","6340.0000","6590.0000"," ","0.0000","0.0000","154700","1008783000","6520.8985"
"20201211","01","12","    44820","JP3154190007","1070.0000","1100.0000","1063.0000","1095.0000","1095.0000","1107.0000","1087.0000","1104.0000","1070.0000","1107.0000","1063.0000","1104.0000"," ","0.0000","0.0000","74000","80678500","1090.2500"
"20201211","01","12","    44830","JP3386690006","4940.0000","5040.0000","4870.0000","5040.0000","5000.0000","5070.0000","4985.0000","5040.0000","4940.0000","5070.0000","4870.0000","5040.0000"," ","0.0000","0.0000","354400","1767835000","4988.2477"
"20201211","01","12","    44840","JP3968650006","825.0000","836.0000","815.0000","823.0000","823.0000","829.0000","819.0000","827.0000","825.0000","836.0000","815.0000","827.0000"," ","0.0000","0.0000","71600","59218400","827.0726"
"20201211","01","12","    44850","JP3386700003","9330.0000","9700.0000","9280.0000","9660.0000","9640.0000","9640.0000","9360.0000","9480.0000","9330.0000","9700.0000","9280.0000","9480.0000"," ","0.0000","0.0000","469500","4448244000","9474.4281"
"20201211","01","12","    44860","JP3949550002","1354.0000","1405.0000","1354.0000","1404.0000","1401.0000","1423.0000","1390.0000","1400.0000","1354.0000","1423.0000","1354.0000","1400.0000"," ","0.0000","0.0000","38300","53298900","1391.6162"
"20201211","01","12","    44870","JP3400040006","834.0000","870.0000","823.0000","861.0000","861.0000","861.0000","835.0000","844.0000","834.0000","870.0000","823.0000","844.0000"," ","0.0000","0.0000","74500","63161800","847.8094"
"20201211","01","12","    44880","JP3160040006","72400.0000","75100.0000","69700.0000","73000.0000","72700.0000","72700.0000","69600.0000","70600.0000","72400.0000","75100.0000","69600.0000","70600.0000"," ","0.0000","0.0000","247600","17824270000","71988.1664"
"20201211","01","12","    44900","JP3800220000","3880.0000","4070.0000","3810.0000","4055.0000","4060.0000","4165.0000","4030.0000","4080.0000","3880.0000","4165.0000","3810.0000","4080.0000"," ","0.0000","0.0000","168700","678173000","4019.9941"
"20201211","01","12","    44910","JP3306200001","2864.0000","2864.0000","2830.0000","2844.0000","2845.0000","2861.0000","2807.0000","2807.0000","2864.0000","2864.0000","2807.0000","2807.0000"," ","0.0000","0.0000","5900","16733000","2836.1017"
"20201211","01","12","    44920","JP3428000008","2298.0000","2344.0000","2284.0000","2310.0000","2290.0000","2312.0000","2222.0000","2310.0000","2298.0000","2344.0000","2222.0000","2310.0000"," ","0.0000","0.0000","19000","43552200","2292.2211"
"20201211","01","12","    44930","JP3311590008","3585.0000","3790.0000","3550.0000","3790.0000","3755.0000","3855.0000","3710.0000","3795.0000","3585.0000","3855.0000","3550.0000","3795.0000"," ","0.0000","0.0000","186500","693980500","3721.0751"
"20201211","01","12","    44940","JP3778490007","1825.0000","1870.0000","1822.0000","1855.0000","1870.0000","1911.0000","1857.0000","1906.0000","1825.0000","1911.0000","1822.0000","1906.0000"," ","0.0000","0.0000","78900","146090700","1851.5932"
"20201211","01","12","    44950","JP3101050007","5420.0000","5890.0000","5400.0000","5860.0000","5890.0000","5900.0000","5770.0000","5900.0000","5420.0000","5900.0000","5400.0000","5900.0000"," ","0.0000","0.0000","57900","333658000","5762.6598"
"20201211","01","12","    44960","JP3302400001","6300.0000","6750.0000","6240.0000","6720.0000","6700.0000","6900.0000","6660.0000","6780.0000","6300.0000","6900.0000","6240.0000","6780.0000"," ","0.0000","0.0000","84600","561906000","6641.9149"
"20201211","01","12","    44970","JP3984130009","3180.0000","3275.0000","3090.0000","3275.0000","3270.0000","3270.0000","3205.0000","3260.0000","3180.0000","3275.0000","3090.0000","3260.0000"," ","0.0000","0.0000","59300","190860000","3218.5497"
"20201211","01","12","    44990","JP3400010009","3185.0000","3280.0000","3185.0000","3265.0000","3265.0000","3280.0000","3230.0000","3260.0000","3185.0000","3280.0000","3185.0000","3260.0000"," ","0.0000","0.0000","27500","89206000","3243.8545"
"20201211","01","12","    45240","JP3924400009","1890.0000","1903.0000","1890.0000","1903.0000","1890.0000","1899.0000","1889.0000","1889.0000","1890.0000","1903.0000","1889.0000","1889.0000"," ","0.0000","0.0000","1500","2838300","1892.2000"
"20201211","01","12","    45560","JP3205650009","973.0000","981.0000","973.0000","979.0000","978.0000","978.0000","968.0000","968.0000","973.0000","981.0000","968.0000","968.0000"," ","0.0000","0.0000","11500","11194900","973.4696"
"20201211","01","12","    45570","JP3131450003","4375.0000","4375.0000","4375.0000","4375.0000","4375.0000","4375.0000","4375.0000","4375.0000","4375.0000","4375.0000","4375.0000","4375.0000"," ","0.0000","0.0000","2700","11812500","4375.0000"
"20201211","01","12","    45580","JP3519900009","373.0000","378.0000","370.0000","375.0000","374.0000","377.0000","373.0000","374.0000","373.0000","378.0000","370.0000","374.0000"," ","0.0000","0.0000","216500","81020800","374.2300"
"20201211","01","12","    45630","JP3127700007","1310.0000","1310.0000","1275.0000","1282.0000","1282.0000","1290.0000","1275.0000","1290.0000","1310.0000","1310.0000","1275.0000","1290.0000"," ","0.0000","0.0000","1408500","1813605200","1287.6146"
"20201211","01","12","    45640","JP3202150003","119.0000","120.0000","116.0000","119.0000","118.0000","120.0000","117.0000","118.0000","119.0000","120.0000","116.0000","118.0000"," ","0.0000","0.0000","1935900","228574700","118.0715"
"20201211","01","12","    45650","JP3431300007","1656.0000","1656.0000","1621.0000","1641.0000","1639.0000","1645.0000","1616.0000","1630.0000","1656.0000","1656.0000","1616.0000","1630.0000"," ","0.0000","0.0000","497100","811498400","1632.4651"
"20201211","01","12","    45700","JP3921300004","513.0000","520.0000","513.0000","518.0000","518.0000","525.0000","518.0000","525.0000","513.0000","525.0000","513.0000","525.0000"," ","0.0000","0.0000","63900","33130400","518.4726"
"20201211","01","12","    45710","JP3651120002","332.0000","340.0000","329.0000","337.0000","337.0000","344.0000","337.0000","339.0000","332.0000","344.0000","329.0000","339.0000"," ","0.0000","0.0000","1044900","351718200","336.6047"
"20201211","01","12","    45720","JP3220550002","1305.0000","1326.0000","1286.0000","1304.0000","1304.0000","1304.0000","1280.0000","1290.0000","1305.0000","1326.0000","1280.0000","1290.0000"," ","0.0000","0.0000","157100","203068100","1292.6041"
"20201211","01","12","    45750","JP3244570002","488.0000","488.0000","480.0000","481.0000","481.0000","486.0000","480.0000","484.0000","488.0000","488.0000","480.0000","484.0000"," ","0.0000","0.0000","39800","19266700","484.0879"
"20201211","01","12","    45760","JP3548740004","292.0000","297.0000","292.0000","295.0000","295.0000","298.0000","295.0000","297.0000","292.0000","298.0000","292.0000","297.0000"," ","0.0000","0.0000","142300","41859700","294.1651"
"20201211","01","12","    45790","JP3967150008","1022.0000","1035.0000","1022.0000","1031.0000","1031.0000","1039.0000","1025.0000","1039.0000","1022.0000","1039.0000","1022.0000","1039.0000"," ","0.0000","0.0000","60200","62010400","1030.0731"
"20201211","01","12","    45820","JP3383050006","364.0000","370.0000","363.0000","368.0000","367.0000","369.0000","364.0000","366.0000","364.0000","370.0000","363.0000","366.0000"," ","0.0000","0.0000","449500","164655800","366.3088"
"20201211","01","12","    45830","JP3205350006","190.0000","197.0000","190.0000","197.0000","197.0000","198.0000","196.0000","196.0000","190.0000","198.0000","190.0000","196.0000"," ","0.0000","0.0000","583900","113346400","194.1195"
"20201211","01","12","    45840","JP3386460004","500.0000","510.0000","500.0000","509.0000","509.0000","518.0000","508.0000","515.0000","500.0000","518.0000","500.0000","515.0000"," ","0.0000","0.0000","118300","60021700","507.3686"
"20201211","01","12","    45860","JP3921220004","218.0000","220.0000","215.0000","217.0000","217.0000","218.0000","213.0000","215.0000","218.0000","220.0000","213.0000","215.0000"," ","0.0000","0.0000","318900","69072300","216.5955"
"20201211","01","12","    45880","JP3202170001","1511.0000","1580.0000","1475.0000","1535.0000","1540.0000","1550.0000","1511.0000","1525.0000","1511.0000","1580.0000","1475.0000","1525.0000"," ","0.0000","0.0000","1422900","2168557200","1524.0405"
"20201211","01","12","    45910","JP3974850004","388.0000","395.0000","383.0000","395.0000","390.0000","396.0000","389.0000","395.0000","388.0000","396.0000","383.0000","395.0000"," ","0.0000","0.0000","294900","114815600","389.3374"
"20201211","01","12","    45920","JP3336750009","1890.0000","1909.0000","1863.0000","1897.0000","1898.0000","1899.0000","1864.0000","1880.0000","1890.0000","1909.0000","1863.0000","1880.0000"," ","0.0000","0.0000","383100","723513400","1888.5758"
"20201211","01","12","    45930","JP3835100003","2150.0000","2150.0000","2082.0000","2107.0000","2107.0000","2121.0000","2089.0000","2116.0000","2150.0000","2150.0000","2082.0000","2116.0000"," ","0.0000","0.0000","265800","560090300","2107.1870"
"20201211","01","12","    45940","JP3274140007","194.0000","195.0000","189.0000","193.0000","193.0000","193.0000","190.0000","190.0000","194.0000","195.0000","189.0000","190.0000"," ","0.0000","0.0000","714800","136923500","191.5550"
"20201211","01","12","    45950","JP3885900005","1215.0000","1230.0000","1206.0000","1217.0000","1212.0000","1227.0000","1211.0000","1227.0000","1215.0000","1230.0000","1206.0000","1227.0000"," ","0.0000","0.0000","42500","51729600","1217.1671"
"20201211","01","12","    45960","JP3266500002","264.0000","264.0000","258.0000","259.0000","259.0000","262.0000","259.0000","260.0000","264.0000","264.0000","258.0000","260.0000"," ","0.0000","0.0000","136700","35627900","260.6284"
"20201211","01","12","    45970","JP3436500007","153.0000","153.0000","148.0000","150.0000","150.0000","150.0000","149.0000","149.0000","153.0000","153.0000","148.0000","149.0000"," ","0.0000","0.0000","892500","134078600","150.2281"
"20201211","01","12","    45980","JP3549370009","1160.0000","1285.0000","1153.0000","1256.0000","1226.0000","1278.0000","1223.0000","1275.0000","1160.0000","1285.0000","1153.0000","1275.0000"," ","0.0000","0.0000","354000","435042800","1228.9345"
"20201211","01","12","    45990","JP3399690001","652.0000","725.0000","646.0000","700.0000","695.0000","719.0000","690.0000","715.0000","652.0000","725.0000","646.0000","715.0000"," ","0.0000","0.0000","1298800","898892700","692.0948"
"20201211","01","12","    46160","JP3221800000","1203.0000","1207.0000","1200.0000","1207.0000","1197.0000","1207.0000","1195.0000","1203.0000","1203.0000","1207.0000","1195.0000","1203.0000"," ","0.0000","0.0000","1300","1562800","1202.1538"
"20201211","01","12","    46210","JP3984400006","772.0000","772.0000","769.0000","772.0000","776.0000","780.0000","762.0000","764.0000","772.0000","780.0000","762.0000","764.0000"," ","0.0000","0.0000","9800","7571200","772.5714"
"20201211","01","12","    46230","JP3116400007","1831.0000","1846.0000","1831.0000","1846.0000","1847.0000","1860.0000","1847.0000","1859.0000","1831.0000","1860.0000","1831.0000","1859.0000"," ","0.0000","0.0000","5800","10736600","1851.1379"
"20201211","01","12","    46240","JP3133200000","0.0000","0.0000","0.0000","0.0000","3395.0000","3400.0000","3360.0000","3360.0000","3395.0000","3400.0000","3360.0000","3360.0000"," ","0.0000","0.0000","900","3051000","3390.0000"
"20201211","01","12","    46250","JP3121800001","634.0000","637.0000","633.0000","633.0000","636.0000","643.0000","636.0000","643.0000","634.0000","643.0000","633.0000","643.0000"," ","0.0000","0.0000","1800","1142900","634.9444"
"20201211","01","12","    46270","JP3651050001","1242.0000","1242.0000","1215.0000","1215.0000","1215.0000","1235.0000","1213.0000","1229.0000","1242.0000","1242.0000","1213.0000","1229.0000"," ","0.0000","0.0000","6800","8348500","1227.7206"
"20201211","01","12","    46280","JP3162650000","39000.0000","39000.0000","38400.0000","38400.0000","38850.0000","38850.0000","38850.0000","38850.0000","39000.0000","39000.0000","38400.0000","38850.0000"," ","0.0000","0.0000","700","27225000","38892.8571"
"20201211","01","12","    46290","JP3484300003","1505.0000","1505.0000","1490.0000","1490.0000","1490.0000","1493.0000","1485.0000","1485.0000","1505.0000","1505.0000","1485.0000","1485.0000"," ","0.0000","0.0000","4100","6116700","1491.8780"
"20201211","01","12","    46350","JP3571000003","2010.0000","2010.0000","1986.0000","1990.0000","1986.0000","1986.0000","1971.0000","1981.0000","2010.0000","2010.0000","1971.0000","1981.0000"," ","0.0000","0.0000","4400","8776100","1994.5682"
"20201211","01","12","    46400","JP3127800005","445.0000","445.0000","429.0000","441.0000","0.0000","0.0000","0.0000","0.0000","445.0000","445.0000","429.0000","441.0000"," ","0.0000","0.0000","1400","609500","435.3571"
"20201211","01","12","    46420","JP3200200008","975.0000","975.0000","960.0000","961.0000","966.0000","966.0000","966.0000","966.0000","975.0000","975.0000","960.0000","966.0000"," ","0.0000","0.0000","1200","1163800","969.8333"
"20201211","01","12","    46440","JP3149000006","1151.0000","1183.0000","1150.0000","1177.0000","1175.0000","1181.0000","1166.0000","1176.0000","1151.0000","1183.0000","1150.0000","1176.0000"," ","0.0000","0.0000","59100","69000700","1167.5245"
"20201211","01","12","    46450","JP3141800007","343.0000","343.0000","343.0000","343.0000","343.0000","344.0000","343.0000","344.0000","343.0000","344.0000","343.0000","344.0000"," ","0.0000","0.0000","1400","480400","343.1429"
"20201211","01","12","    46500","JP3396400008","395.0000","397.0000","395.0000","396.0000","396.0000","399.0000","396.0000","397.0000","395.0000","399.0000","395.0000","397.0000"," ","0.0000","0.0000","3400","1346400","396.0000"
"20201211","01","12","    46570","JP3227300005","426.0000","427.0000","426.0000","427.0000","425.0000","428.0000","421.0000","427.0000","426.0000","428.0000","421.0000","427.0000"," ","0.0000","0.0000","10700","4548400","425.0841"
"20201211","01","12","    46590","JP3160720003","3225.0000","3250.0000","3225.0000","3250.0000","3250.0000","3270.0000","3235.0000","3270.0000","3225.0000","3270.0000","3225.0000","3270.0000"," ","0.0000","0.0000","3100","10065500","3246.9355"
"20201211","01","12","    46640","JP3100300007","651.0000","656.0000","642.0000","645.0000","646.0000","650.0000","639.0000","640.0000","651.0000","656.0000","639.0000","640.0000"," ","0.0000","0.0000","10100","6519400","645.4851"
"20201211","01","12","    46670","JP3101800005","1561.0000","1581.0000","1561.0000","1568.0000","1563.0000","1577.0000","1563.0000","1570.0000","1561.0000","1581.0000","1561.0000","1570.0000"," ","0.0000","0.0000","23400","36653700","1566.3974"
"20201211","01","12","    46690","JP3685100004","722.0000","722.0000","709.0000","709.0000","710.0000","710.0000","708.0000","708.0000","722.0000","722.0000","708.0000","708.0000"," ","0.0000","0.0000","3000","2138300","712.7667"
"20201211","01","12","    46730","JP3224900005","2337.0000","2340.0000","2282.0000","2282.0000","2283.0000","2324.0000","2280.0000","2280.0000","2337.0000","2340.0000","2280.0000","2280.0000"," ","0.0000","0.0000","1900","4363100","2296.3684"
"20201211","01","12","    46850","JP3976500003","9960.0000","10000.0000","9950.0000","9950.0000","9950.0000","9950.0000","9910.0000","9910.0000","9960.0000","10000.0000","9910.0000","9910.0000"," ","0.0000","0.0000","1600","15940000","9962.5000"
"20201211","01","12","    46900","JP3745100002","4025.0000","4030.0000","4025.0000","4030.0000","4035.0000","4035.0000","4020.0000","4035.0000","4025.0000","4035.0000","4020.0000","4035.0000"," ","0.0000","0.0000","1000","4028500","4028.5000"
"20201211","01","12","    46910","JP3993700008","700.0000","704.0000","694.0000","694.0000","701.0000","703.0000","694.0000","695.0000","700.0000","704.0000","694.0000","695.0000"," ","0.0000","0.0000","7300","5100200","698.6575"
"20201211","01","12","    46990","JP3156600003","3120.0000","3130.0000","3070.0000","3095.0000","3070.0000","3125.0000","3070.0000","3125.0000","3120.0000","3130.0000","3070.0000","3125.0000"," ","0.0000","0.0000","14200","43979000","3097.1127"
"20201211","01","12","    47050","JP3270100005","751.0000","751.0000","737.0000","737.0000","737.0000","739.0000","737.0000","739.0000","751.0000","751.0000","737.0000","739.0000"," ","0.0000","0.0000","2500","1847300","738.9200"
"20201211","01","12","    47070","JP3238100006","325.0000","325.0000","325.0000","325.0000","324.0000","324.0000","321.0000","321.0000","325.0000","325.0000","321.0000","321.0000"," ","0.0000","0.0000","3500","1127300","322.0857"
"20201211","01","12","    47120","JP3348900006","1003.0000","1007.0000","987.0000","987.0000","981.0000","992.0000","975.0000","987.0000","1003.0000","1007.0000","975.0000","987.0000"," ","0.0000","0.0000","204200","201935200","988.9089"
"20201211","01","12","    47200","JP3393100007","372.0000","376.0000","371.0000","373.0000","374.0000","380.0000","374.0000","380.0000","372.0000","380.0000","371.0000","380.0000"," ","0.0000","0.0000","3000","1124300","374.7667"
"20201211","01","12","    47340","JP3799650001","647.0000","647.0000","631.0000","637.0000","637.0000","643.0000","630.0000","630.0000","647.0000","647.0000","630.0000","630.0000"," ","0.0000","0.0000","7500","4820600","642.7467"
"20201211","01","12","    47350","JP3249250006","500.0000","502.0000","500.0000","501.0000","502.0000","504.0000","501.0000","501.0000","500.0000","504.0000","500.0000","501.0000"," ","0.0000","0.0000","2200","1103200","501.4545"
"20201211","01","12","    47360","JP3754650004","723.0000","727.0000","711.0000","720.0000","718.0000","724.0000","716.0000","719.0000","723.0000","727.0000","711.0000","719.0000"," ","0.0000","0.0000","7000","5026600","718.0857"
"20201211","01","12","    47480","JP3288950003","2300.0000","2300.0000","2280.0000","2280.0000","2279.0000","2324.0000","2276.0000","2313.0000","2300.0000","2324.0000","2276.0000","2313.0000"," ","0.0000","0.0000","31600","72471600","2293.4051"
"20201211","01","12","    47500","JP3483200006","621.0000","621.0000","620.0000","620.0000","620.0000","620.0000","620.0000","620.0000","621.0000","621.0000","620.0000","620.0000"," ","0.0000","0.0000","5100","3162700","620.1373"
"20201211","01","12","    47520","JP3366900003","755.0000","755.0000","754.0000","754.0000","0.0000","0.0000","0.0000","0.0000","755.0000","755.0000","754.0000","754.0000"," ","0.0000","0.0000","1300","980300","754.0769"
"20201211","01","12","    47540","JP3626950004","850.0000","850.0000","850.0000","850.0000","850.0000","855.0000","847.0000","855.0000","850.0000","855.0000","847.0000","855.0000"," ","0.0000","0.0000","5700","4851900","851.2105"
"20201211","01","12","    47600","JP3126320005","0.0000","0.0000","0.0000","0.0000","0.0000","0.0000","0.0000","0.0000","0.0000","0.0000","0.0000","0.0000"," ","0.0000","0.0000","0","0","0.0000"
"20201211","01","12","    47610","JP3317500001","946.0000","946.0000","945.0000","945.0000","945.0000","965.0000","945.0000","965.0000","946.0000","965.0000","945.0000","965.0000"," ","0.0000","0.0000","7200","6815800","946.6389"
"20201211","01","12","    47640","JP3549100000","160.0000","173.0000","160.0000","169.0000","169.0000","169.0000","164.0000","167.0000","160.0000","173.0000","160.0000","167.0000"," ","0.0000","0.0000","840000","140586800","167.3652"
"20201211","01","12","    47660","JP3801200001","176.0000","177.0000","173.0000","173.0000","175.0000","175.0000","173.0000","173.0000","176.0000","177.0000","173.0000","173.0000"," ","0.0000","0.0000","56600","9866700","174.3233"
"20201211","01","12","    47690","JP3153800002","772.0000","772.0000","760.0000","760.0000","760.0000","764.0000","758.0000","764.0000","772.0000","772.0000","758.0000","764.0000"," ","0.0000","0.0000","1800","1372000","762.2222"
"20201211","01","12","    47700","JP3167800006","332.0000","347.0000","332.0000","342.0000","340.0000","350.0000","340.0000","345.0000","332.0000","350.0000","332.0000","345.0000"," ","0.0000","0.0000","36100","12418600","344.0055"
"20201211","01","12","    47710","JP3166700009","1449.0000","1449.0000","1442.0000","1444.0000","1446.0000","1469.0000","1442.0000","1455.0000","1449.0000","1469.0000","1442.0000","1455.0000"," ","0.0000","0.0000","8800","12780300","1452.3068"
"20201211","01","12","    47720","JP3549050007","286.0000","291.0000","281.0000","285.0000","285.0000","285.0000","281.0000","282.0000","286.0000","291.0000","281.0000","282.0000"," ","0.0000","0.0000","97900","27790800","283.8693"
"20201211","01","12","    47770","JP3233700008","200.0000","200.0000","198.0000","198.0000","199.0000","199.0000","194.0000","194.0000","200.0000","200.0000","194.0000","194.0000"," ","0.0000","0.0000","33000","6465000","195.9091"
"20201211","01","12","    47810","JP3742500006","0.0000","0.0000","0.0000","0.0000","0.0000","0.0000","0.0000","0.0000","0.0000","0.0000","0.0000","0.0000"," ","0.0000","0.0000","0","0","0.0000"
"20201211","01","12","    47830","JP3709100006","550.0000","552.0000","550.0000","552.0000","553.0000","556.0000","552.0000","552.0000","550.0000","556.0000","550.0000","552.0000"," ","0.0000","0.0000","9000","4976900","552.9889"
"20201211","01","12","    47840","JP3863050005","662.0000","676.0000","662.0000","674.0000","672.0000","675.0000","665.0000","672.0000","662.0000","676.0000","662.0000","672.0000"," ","0.0000","0.0000","32800","21975900","669.9970"
"20201211","01","12","    48000","JP3200140006","1206.0000","1268.0000","1201.0000","1262.0000","1262.0000","1282.0000","1253.0000","1273.0000","1206.0000","1282.0000","1201.0000","1273.0000"," ","0.0000","0.0000","73200","91814700","1254.2992"
"20201211","01","12","    48140","JP3758030005","196.0000","197.0000","192.0000","195.0000","193.0000","196.0000","193.0000","195.0000","196.0000","197.0000","192.0000","195.0000"," ","0.0000","0.0000","71300","13869700","194.5259"
"20201211","01","12","    48160","JP3560200002","7260.0000","7320.0000","7230.0000","7230.0000","7230.0000","7390.0000","7230.0000","7390.0000","7260.0000","7390.0000","7230.0000","7390.0000"," ","0.0000","0.0000","27300","199618000","7312.0147"
"20201211","01","12","    48240","JP3920930009","702.0000","709.0000","678.0000","696.0000","686.0000","697.0000","672.0000","691.0000","702.0000","709.0000","672.0000","691.0000"," ","0.0000","0.0000","252000","172652200","685.1278"
"20201211","01","12","    48320","JP3226650004","3300.0000","3315.0000","3290.0000","3305.0000","3295.0000","3295.0000","3295.0000","3295.0000","3300.0000","3315.0000","3290.0000","3295.0000"," ","0.0000","0.0000","1800","5940500","3300.2778"
"20201211","01","12","    48330","JP3781520006","208.0000","212.0000","207.0000","211.0000","211.0000","216.0000","208.0000","216.0000","208.0000","216.0000","207.0000","216.0000"," ","0.0000","0.0000","84500","17966600","212.6225"
"20201211","01","12","    48370","JP3351650001","242.0000","246.0000","242.0000","245.0000","245.0000","247.0000","244.0000","247.0000","242.0000","247.0000","242.0000","247.0000"," ","0.0000","0.0000","53000","12972800","244.7698"
"20201211","01","12","    48380","JP3400070003","420.0000","425.0000","419.0000","425.0000","428.0000","429.0000","421.0000","421.0000","420.0000","429.0000","419.0000","421.0000"," ","0.0000","0.0000","5800","2460300","424.1897"
"20201211","01","12","    48400","JP3639450000","345.0000","352.0000","345.0000","350.0000","350.0000","351.0000","349.0000","351.0000","345.0000","352.0000","345.0000","351.0000"," ","0.0000","0.0000","4800","1675200","349.0000"
"20201211","01","12","    48800","JP3423580004","9430.0000","9760.0000","9250.0000","9600.0000","9640.0000","9690.0000","9440.0000","9630.0000","9430.0000","9760.0000","9250.0000","9630.0000"," ","0.0000","0.0000","64900","619468000","9544.9615"
"20201211","01","12","    48830","JP3922600006","2234.0000","2399.0000","2223.0000","2355.0000","2340.0000","2351.0000","2300.0000","2312.0000","2234.0000","2399.0000","2223.0000","2312.0000"," ","0.0000","0.0000","370000","854597300","2309.7224"
"20201211","01","12","    49180","JP3104990001","613.0000","617.0000","599.0000","599.0000","600.0000","610.0000","600.0000","607.0000","613.0000","617.0000","599.0000","607.0000"," ","0.0000","0.0000","7500","4547400","606.3200"
"20201211","01","12","    49200","JP3712200009","0.0000","0.0000","0.0000","0.0000","0.0000","0.0000","0.0000","0.0000","0.0000","0.0000","0.0000","0.0000"," ","0.0000","0.0000","0","0","0.0000"
"20201211","01","12","    49250","JP3765130004","4000.0000","4005.0000","3990.0000","4005.0000","4005.0000","4010.0000","4000.0000","4010.0000","4000.0000","4010.0000","3990.0000","4010.0000"," ","0.0000","0.0000","2800","11199000","3999.6429"
"20201211","01","12","    49300","JP3273870000","4065.0000","4195.0000","4060.0000","4160.0000","4170.0000","4185.0000","4110.0000","4115.0000","4065.0000","4195.0000","4060.0000","4115.0000"," ","0.0000","0.0000","10500","43228500","4117.0000"
"20201211","01","12","    49310","JP3381200009","2850.0000","2878.0000","2811.0000","2870.0000","2861.0000","2869.0000","2831.0000","2858.0000","2850.0000","2878.0000","2811.0000","2858.0000"," ","0.0000","0.0000","109000","310842500","2851.7661"
"20201211","01","12","    49330","JP3100680002","3165.0000","3200.0000","3105.0000","3135.0000","3135.0000","3155.0000","3060.0000","3100.0000","3165.0000","3200.0000","3060.0000","3100.0000"," ","0.0000","0.0000","30200","94561500","3131.1755"
"20201211","01","12","    49340","JP3833690005","5900.0000","5900.0000","5640.0000","5740.0000","5750.0000","5780.0000","5700.0000","5740.0000","5900.0000","5900.0000","5640.0000","5740.0000"," ","0.0000","0.0000","91700","528531000","5763.6968"
"20201211","01","12","    49520","JP3163200003","944.0000","944.0000","940.0000","940.0000","943.0000","945.0000","940.0000","942.0000","944.0000","945.0000","940.0000","942.0000"," ","0.0000","0.0000","2000","1885300","942.6500"
"20201211","01","12","    49570","JP3932900008","572.0000","572.0000","568.0000","572.0000","576.0000","576.0000","576.0000","576.0000","572.0000","576.0000","568.0000","576.0000"," ","0.0000","0.0000","1800","1034800","574.8889"
"20201211","01","12","    49600","JP3281650006","212.0000","214.0000","210.0000","211.0000","212.0000","213.0000","212.0000","213.0000","212.0000","214.0000","210.0000","213.0000"," ","0.0000","0.0000","34500","7311800","211.9362"
"20201211","01","12","    49620","JP3307900005","1096.0000","1096.0000","1096.0000","1096.0000","0.0000","0.0000","0.0000","0.0000","1096.0000","1096.0000","1096.0000","1096.0000"," ","0.0000","0.0000","700","767200","1096.0000"
"20201211","01","12","    49660","JP3155350006","7230.0000","7300.0000","7230.0000","7230.0000","7250.0000","7310.0000","7190.0000","7300.0000","7230.0000","7310.0000","7190.0000","7300.0000"," ","0.0000","0.0000","3400","24709000","7267.3529"
"20201211","01","12","    49700","JP3610400008","11890.0000","11930.0000","11320.0000","11590.0000","11630.0000","11700.0000","11540.0000","11700.0000","11890.0000","11930.0000","11320.0000","11700.0000"," ","0.0000","0.0000","62700","727825000","11608.0542"
"20201211","01","12","    49720","JP3431550007","1859.0000","1888.0000","1845.0000","1848.0000","1844.0000","1852.0000","1832.0000","1839.0000","1859.0000","1888.0000","1832.0000","1839.0000"," ","0.0000","0.0000","22300","41387900","1855.9596"
"20201211","01","12","    49760","JP3617600006","2320.0000","2320.0000","2310.0000","2310.0000","2310.0000","2310.0000","2310.0000","2310.0000","2320.0000","2320.0000","2310.0000","2310.0000"," ","0.0000","0.0000","5200","12013000","2310.1923"
"20201211","01","12","    49780","JP3974770004","414.0000","431.0000","414.0000","429.0000","429.0000","429.0000","422.0000","423.0000","414.0000","431.0000","414.0000","423.0000"," ","0.0000","0.0000","1393200","590537000","423.8709"
"20201211","01","12","    49870","JP3546000005","412.0000","412.0000","401.0000","407.0000","412.0000","420.0000","406.0000","420.0000","412.0000","420.0000","401.0000","420.0000"," ","0.0000","0.0000","34700","14270000","411.2392"
"20201211","01","12","    49900","JP3364800007","499.0000","505.0000","499.0000","504.0000","504.0000","504.0000","500.0000","500.0000","499.0000","505.0000","499.0000","500.0000"," ","0.0000","0.0000","9600","4816000","501.6667"
"20201211","01","12","    49980","JP3826000006","1539.0000","1553.0000","1521.0000","1532.0000","1514.0000","1529.0000","1514.0000","1526.0000","1539.0000","1553.0000","1514.0000","1526.0000"," ","0.0000","0.0000","39100","59897800","1531.9130"
"20201211","01","12","    49990","JP3423400005","703.0000","707.0000","700.0000","707.0000","707.0000","708.0000","707.0000","708.0000","703.0000","708.0000","700.0000","708.0000"," ","0.0000","0.0000","4100","2884100","703.4390"
"20201211","01","12","    50080","JP3556800005","1959.0000","2016.0000","1959.0000","1992.0000","1984.0000","2010.0000","1984.0000","2000.0000","1959.0000","2016.0000","1959.0000","2000.0000"," ","0.0000","0.0000","20800","41626200","2001.2596"
"20201211","01","12","    50100","JP3723800003","188.0000","190.0000","188.0000","189.0000","189.0000","189.0000","189.0000","189.0000","188.0000","190.0000","188.0000","189.0000"," ","0.0000","0.0000","2400","453600","189.0000"
"20201211","01","12","    50700","JP3639350002","1329.0000","1330.0000","1155.0000","1236.0000","1237.0000","1275.0000","1236.0000","1252.0000","1329.0000","1330.0000","1155.0000","1252.0000"," ","0.0000","0.0000","128200","158454900","1235.9977"
"20201211","01","12","    50710","JP3159890007","620.0000","620.0000","602.0000","606.0000","607.0000","619.0000","606.0000","612.0000","620.0000","620.0000","602.0000","612.0000"," ","0.0000","0.0000","16900","10313300","610.2544"
"20201211","01","12","    50720","JP3100310006","0.0000","0.0000","0.0000","0.0000","0.0000","0.0000","0.0000","0.0000","0.0000","0.0000","0.0000","0.0000"," ","0.0000","0.0000","0","0","0.0000"
"20201211","01","12","    51030","JP3366000002","55.0000","55.0000","54.0000","54.0000","54.0000","55.0000","54.0000","54.0000","55.0000","55.0000","54.0000","54.0000"," ","0.0000","0.0000","48800","2665000","54.6107"
"20201211","01","12","    51040","JP3681600007","469.0000","469.0000","467.0000","469.0000","466.0000","470.0000","466.0000","469.0000","469.0000","470.0000","466.0000","469.0000"," ","0.0000","0.0000","1400","654900","467.7857"
"20201211","01","12","    51610","JP3657550004","1471.0000","1499.0000","1471.0000","1499.0000","1493.0000","1493.0000","1493.0000","1493.0000","1471.0000","1499.0000","1471.0000","1493.0000"," ","0.0000","0.0000","1200","1791000","1492.5000"
"20201211","01","12","    51620","JP3117300008","749.0000","764.0000","738.0000","739.0000","739.0000","749.0000","734.0000","744.0000","749.0000","764.0000","734.0000","744.0000"," ","0.0000","0.0000","30400","22671400","745.7697"
"20201211","01","12","    51840","JP3665000000","1576.0000","1576.0000","1563.0000","1570.0000","1576.0000","1613.0000","1570.0000","1613.0000","1576.0000","1613.0000","1563.0000","1613.0000"," ","0.0000","0.0000","36900","58476500","1584.7290"
"20201211","01","12","    51890","JP3317600009","0.0000","0.0000","0.0000","0.0000","0.0000","0.0000","0.0000","0.0000","0.0000","0.0000","0.0000","0.0000"," ","0.0000","0.0000","0","0","0.0000"
"20201211","01","12","    51940","JP3316000003","1270.0000","1271.0000","1250.0000","1252.0000","1250.0000","1258.0000","1239.0000","1242.0000","1270.0000","1271.0000","1239.0000","1242.0000"," ","0.0000","0.0000","13600","16981400","1248.6324"
"20201211","01","12","    51990","JP3821600008","3370.0000","3555.0000","3300.0000","3545.0000","3540.0000","3545.0000","3370.0000","3435.0000","3370.0000","3555.0000","3300.0000","3435.0000"," ","0.0000","0.0000","43900","151385500","3448.4169"
"20201211","01","12","    52120","JP3808400000","3090.0000","3200.0000","3055.0000","3100.0000","3100.0000","3145.0000","3030.0000","3145.0000","3090.0000","3200.0000","3030.0000","3145.0000"," ","0.0000","0.0000","89200","278103500","3117.7522"
"20201211","01","12","    52160","JP3268900002","121.0000","121.0000","120.0000","120.0000","121.0000","121.0000","120.0000","120.0000","121.0000","121.0000","120.0000","120.0000"," ","0.0000","0.0000","47800","5742500","120.1360"
"20201211","01","12","    52170","JP3545080008","28320.0000","28820.0000","28320.0000","28820.0000","29000.0000","29300.0000","28700.0000","28950.0000","28320.0000","29300.0000","28320.0000","28950.0000"," ","0.0000","0.0000","1300","37432000","28793.8462"
"20201211","01","12","    52370","JP3761400005","695.0000","697.0000","692.0000","697.0000","697.0000","697.0000","693.0000","695.0000","695.0000","697.0000","692.0000","695.0000"," ","0.0000","0.0000","5100","3541400","694.3922"
"20201211","01","12","    52680","JP3113200004","763.0000","776.0000","763.0000","776.0000","0.0000","0.0000","0.0000","0.0000","763.0000","776.0000","763.0000","776.0000"," ","0.0000","0.0000","1300","993800","764.4615"
"20201211","01","12","    52710","JP3554200000","1565.0000","1569.0000","1565.0000","1565.0000","1565.0000","1595.0000","1565.0000","1595.0000","1565.0000","1595.0000","1565.0000","1595.0000"," ","0.0000","0.0000","1400","2201200","1572.2857"
"20201211","01","12","    52770","JP3400000000","314.0000","316.0000","314.0000","316.0000","315.0000","315.0000","315.0000","315.0000","314.0000","316.0000","314.0000","315.0000"," ","0.0000","0.0000","1500","471600","314.4000"
"20201211","01","12","    52790","JP3704410004","723.0000","723.0000","723.0000","723.0000","722.0000","724.0000","715.0000","724.0000","723.0000","724.0000","715.0000","724.0000"," ","0.0000","0.0000","2200","1589000","722.2727"
"20201211","01","12","    52800","JP3957100005","953.0000","953.0000","951.0000","951.0000","951.0000","951.0000","950.0000","950.0000","953.0000","953.0000","950.0000","950.0000"," ","0.0000","0.0000","1400","1332200","951.5714"
"20201211","01","12","    52820","JP3386250009","323.0000","323.0000","320.0000","321.0000","322.0000","323.0000","319.0000","323.0000","323.0000","323.0000","319.0000","323.0000"," ","0.0000","0.0000","21000","6742800","321.0857"
"20201211","01","12","    52830","JP3458200007","0.0000","0.0000","0.0000","0.0000","0.0000","0.0000","0.0000","0.0000","0.0000","0.0000","0.0000","0.0000"," ","0.0000","0.0000","0","0","0.0000"
"20201211","01","12","    52840","JP3934250006","484.0000","487.0000","483.0000","483.0000","488.0000","488.0000","485.0000","487.0000","484.0000","488.0000","483.0000","487.0000"," ","0.0000","0.0000","28100","13697000","487.4377"
"20201211","01","12","    52850","JP3939400002","456.0000","481.0000","456.0000","461.0000","464.0000","465.0000","458.0000","459.0000","456.0000","481.0000","456.0000","459.0000"," ","0.0000","0.0000","33100","15420400","465.8731"
"20201211","01","12","    52870","JP3142900004","1237.0000","1237.0000","1150.0000","1174.0000","1174.0000","1175.0000","1135.0000","1135.0000","1237.0000","1237.0000","1135.0000","1135.0000"," ","0.0000","0.0000","29800","34967500","1173.4060"
"20201211","01","12","    52900","JP3835790001","1852.0000","1852.0000","1819.0000","1837.0000","1837.0000","1837.0000","1809.0000","1822.0000","1852.0000","1852.0000","1809.0000","1822.0000"," ","0.0000","0.0000","7700","14036800","1822.9610"
"20201211","01","12","    53040","JP3161600006","5580.0000","5630.0000","5470.0000","5510.0000","5510.0000","5550.0000","5490.0000","5550.0000","5580.0000","5630.0000","5470.0000","5550.0000"," ","0.0000","0.0000","8500","47085000","5539.4118"
"20201211","01","12","    53410","JP3110800004","868.0000","875.0000","858.0000","874.0000","866.0000","890.0000","865.0000","889.0000","868.0000","890.0000","858.0000","889.0000"," ","0.0000","0.0000","160000","139959900","874.7494"
"20201211","01","12","    53550","JP3755400003","0.0000","0.0000","0.0000","0.0000","2575.0000","2599.0000","2571.0000","2585.0000","2575.0000","2599.0000","2571.0000","2585.0000"," ","0.0000","0.0000","2400","6183300","2576.3750"
"20201211","01","12","    53680","JP3687500003","998.0000","999.0000","971.0000","974.0000","959.0000","985.0000","959.0000","985.0000","998.0000","999.0000","959.0000","985.0000"," ","0.0000","0.0000","8800","8699300","988.5568"
"20201211","01","12","    53800","JP3377900000","0.0000","0.0000","0.0000","0.0000","0.0000","0.0000","0.0000","0.0000","0.0000","0.0000","0.0000","0.0000"," ","0.0000","0.0000","0","0","0.0000"
"20201211","01","12","    53810","JP3751300009","345.0000","359.0000","340.0000","351.0000","352.0000","355.0000","349.0000","353.0000","345.0000","359.0000","340.0000","353.0000"," ","0.0000","0.0000","106400","37381400","351.3289"
"20201211","01","12","    53860","JP3536800000","431.0000","434.0000","429.0000","429.0000","430.0000","430.0000","430.0000","430.0000","431.0000","434.0000","429.0000","430.0000"," ","0.0000","0.0000","1000","430900","430.9000"
"20201211","01","12","    53870","JP3528500006","0.0000","0.0000","0.0000","0.0000","0.0000","0.0000","0.0000","0.0000","0.0000","0.0000","0.0000","0.0000"," ","0.0000","0.0000","0","0","0.0000"
"20201211","01","12","    53950","JP3971800002","1750.0000","1750.0000","1750.0000","1750.0000","0.0000","0.0000","0.0000","0.0000","1750.0000","1750.0000","1750.0000","1750.0000"," ","0.0000","0.0000","100","175000","1750.0000"
"20201211","01","12","    54460","JP3842200002","1300.0000","1300.0000","1290.0000","1290.0000","1291.0000","1294.0000","1291.0000","1294.0000","1300.0000","1300.0000","1290.0000","1294.0000"," ","0.0000","0.0000","1800","2328100","1293.3889"
"20201211","01","12","    54580","JP3454800008","666.0000","667.0000","656.0000","656.0000","662.0000","662.0000","652.0000","652.0000","666.0000","667.0000","652.0000","652.0000"," ","0.0000","0.0000","2000","1321900","660.9500"
"20201211","01","12","    54840","JP3605800006","1477.0000","1477.0000","1477.0000","1477.0000","1458.0000","1475.0000","1458.0000","1463.0000","1477.0000","1477.0000","1458.0000","1463.0000"," ","0.0000","0.0000","700","1028000","1468.5714"
"20201211","01","12","    55420","JP3383400003","880.0000","893.0000","880.0000","889.0000","880.0000","897.0000","871.0000","889.0000","880.0000","897.0000","871.0000","889.0000"," ","0.0000","0.0000","4500","3978000","884.0000"
"20201211","01","12","    56090","JP3728200001","662.0000","673.0000","660.0000","661.0000","660.0000","665.0000","660.0000","664.0000","662.0000","673.0000","660.0000","664.0000"," ","0.0000","0.0000","6200","4120200","664.5484"
"20201211","01","12","    56100","JP3503400008","746.0000","746.0000","732.0000","732.0000","731.0000","744.0000","731.0000","744.0000","746.0000","746.0000","731.0000","744.0000"," ","0.0000","0.0000","2300","1694500","736.7391"
"20201211","01","12","    56140","JP3222000006","384.0000","384.0000","384.0000","384.0000","384.0000","385.0000","384.0000","384.0000","384.0000","385.0000","384.0000","384.0000"," ","0.0000","0.0000","89400","34352300","384.2539"
"20201211","01","12","    56440","JP3920900002","0.0000","0.0000","0.0000","0.0000","0.0000","0.0000","0.0000","0.0000","0.0000","0.0000","0.0000","0.0000"," ","0.0000","0.0000","0","0","0.0000"
"20201211","01","12","    56600","JP3373200009","900.0000","905.0000","900.0000","901.0000","901.0000","910.0000","897.0000","910.0000","900.0000","910.0000","897.0000","910.0000"," ","0.0000","0.0000","3700","3336300","901.7027"
"20201211","01","12","    56900","JP3974570008","671.0000","675.0000","666.0000","673.0000","675.0000","681.0000","668.0000","681.0000","671.0000","681.0000","666.0000","681.0000"," ","0.0000","0.0000","66900","44993500","672.5486"
"20201211","01","12","    56950","JP3781200005","2845.0000","2875.0000","2845.0000","2875.0000","2875.0000","2880.0000","2875.0000","2880.0000","2845.0000","2880.0000","2845.0000","2880.0000"," ","0.0000","0.0000","1200","3445600","2871.3333"
"20201211","01","12","    56970","JP3337400000","370.0000","370.0000","363.0000","363.0000","366.0000","380.0000","361.0000","380.0000","370.0000","380.0000","361.0000","380.0000"," ","0.0000","0.0000","15000","5538600","369.2400"
"20201211","01","12","    56990","JP3148970001","1943.0000","1965.0000","1943.0000","1963.0000","1963.0000","1963.0000","1950.0000","1963.0000","1943.0000","1965.0000","1943.0000","1963.0000"," ","0.0000","0.0000","3800","7427800","1954.6842"
"20201211","01","12","    57040","JP3386620003","781.0000","789.0000","774.0000","786.0000","789.0000","795.0000","781.0000","785.0000","781.0000","795.0000","774.0000","785.0000"," ","0.0000","0.0000","50500","39572600","783.6158"
"20201211","01","12","    57240","JP3109000004","2850.0000","3170.0000","2830.0000","3095.0000","3095.0000","3400.0000","3095.0000","3400.0000","2850.0000","3400.0000","2830.0000","3400.0000"," ","0.0000","0.0000","412700","1322067300","3203.4584"
"20201211","01","12","    57290","JP3721000002","0.0000","0.0000","0.0000","0.0000","0.0000","0.0000","0.0000","0.0000","0.0000","0.0000","0.0000","0.0000"," ","0.0000","0.0000","0","0","0.0000"
"20201211","01","12","    57420","JP3164760005","849.0000","849.0000","847.0000","847.0000","842.0000","842.0000","835.0000","840.0000","849.0000","849.0000","835.0000","840.0000"," ","0.0000","0.0000","1200","1009200","841.0000"
"20201211","01","12","    57530","JP3716800002","1464.0000","1494.0000","1464.0000","1494.0000","1475.0000","1475.0000","1470.0000","1470.0000","1464.0000","1494.0000","1464.0000","1470.0000"," ","0.0000","0.0000","1400","2059700","1471.2143"
"20201211","01","12","    57810","JP3600600005","1499.0000","1535.0000","1462.0000","1477.0000","1479.0000","1521.0000","1479.0000","1520.0000","1499.0000","1535.0000","1462.0000","1520.0000"," ","0.0000","0.0000","14800","22307900","1507.2905"
"20201211","01","12","    58160","JP3172800009","423.0000","426.0000","418.0000","424.0000","424.0000","425.0000","422.0000","425.0000","423.0000","426.0000","418.0000","425.0000"," ","0.0000","0.0000","20900","8836700","422.8086"
"20201211","01","12","    58170","JP3736400007","501.0000","526.0000","501.0000","519.0000","516.0000","519.0000","514.0000","517.0000","501.0000","526.0000","501.0000","517.0000"," ","0.0000","0.0000","31700","16257000","512.8391"
"20201211","01","12","    58200","JP3903800005","1271.0000","1272.0000","1271.0000","1272.0000","1265.0000","1265.0000","1265.0000","1265.0000","1271.0000","1272.0000","1265.0000","1265.0000"," ","0.0000","0.0000","1400","1772300","1265.9286"
"20201211","01","12","    58560","JP3620800007","77.0000","77.0000","76.0000","77.0000","76.0000","77.0000","76.0000","77.0000","77.0000","77.0000","76.0000","77.0000"," ","0.0000","0.0000","63700","4880700","76.6201"
"20201211","01","12","    58580","JP3163050002","0.0000","0.0000","0.0000","0.0000","0.0000","0.0000","0.0000","0.0000","0.0000","0.0000","0.0000","0.0000"," ","0.0000","0.0000","0","0","0.0000"
"20201211","01","12","    59000","JP3482400003","750.0000","758.0000","750.0000","758.0000","743.0000","757.0000","743.0000","751.0000","750.0000","758.0000","743.0000","751.0000"," ","0.0000","0.0000","3000","2242200","747.4000"
"20201211","01","12","    59030","JP3383600008","1183.0000","1198.0000","1180.0000","1182.0000","1181.0000","1185.0000","1170.0000","1178.0000","1183.0000","1198.0000","1170.0000","1178.0000"," ","0.0000","0.0000","11800","13905700","1178.4492"
"20201211","01","12","    59050","JP3720400005","1136.0000","1152.0000","1136.0000","1152.0000","1135.0000","1135.0000","1135.0000","1135.0000","1136.0000","1152.0000","1135.0000","1135.0000"," ","0.0000","0.0000","1200","1365600","1138.0000"
"20201211","01","12","    59060","JP3167450000","419.0000","420.0000","417.0000","417.0000","417.0000","437.0000","416.0000","429.0000","419.0000","437.0000","416.0000","429.0000"," ","0.0000","0.0000","21600","9176900","424.8565"
"20201211","01","12","    59070","JP3226550006","4135.0000","4235.0000","4135.0000","4235.0000","4205.0000","4205.0000","4205.0000","4205.0000","4135.0000","4235.0000","4135.0000","4205.0000"," ","0.0000","0.0000","600","2520500","4200.8333"
"20201211","01","12","    59180","JP3461400008","5000.0000","5000.0000","5000.0000","5000.0000","5000.0000","5010.0000","5000.0000","5000.0000","5000.0000","5010.0000","5000.0000","5000.0000"," ","0.0000","0.0000","4700","23503000","5000.6383"
"20201211","01","12","    59210","JP3222200002","2430.0000","2430.0000","2414.0000","2414.0000","2406.0000","2423.0000","2404.0000","2423.0000","2430.0000","2430.0000","2404.0000","2423.0000"," ","0.0000","0.0000","1000","2411400","2411.4000"
"20201211","01","12","    59220","JP3651000006","11950.0000","12580.0000","11600.0000","12040.0000","12010.0000","12860.0000","11900.0000","12270.0000","11950.0000","12860.0000","11600.0000","12270.0000"," ","0.0000","0.0000","163500","1998576000","12223.7064"
"20201211","01","12","    59280","JP3126500002","242.0000","242.0000","241.0000","241.0000","241.0000","241.0000","240.0000","241.0000","242.0000","242.0000","240.0000","241.0000"," ","0.0000","0.0000","14400","3472400","241.1389"
"20201211","01","12","    59350","JP3235800004","0.0000","0.0000","0.0000","0.0000","0.0000","0.0000","0.0000","0.0000","0.0000","0.0000","0.0000","0.0000"," ","0.0000","0.0000","0","0","0.0000"
"20201211","01","12","    59390","JP3187800002","6230.0000","7000.0000","6190.0000","6350.0000","6350.0000","6850.0000","6310.0000","6450.0000","6230.0000","7000.0000","6190.0000","6450.0000"," ","0.0000","0.0000","27600","182284000","6604.4928"
"20201211","01","12","    59400","JP3813500000","80.0000","82.0000","80.0000","81.0000","82.0000","82.0000","81.0000","81.0000","80.0000","82.0000","80.0000","81.0000"," ","0.0000","0.0000","272100","21992800","80.8262"
"20201211","01","12","    59410","JP3642600005","1003.0000","1006.0000","1003.0000","1006.0000","1002.0000","1002.0000","1002.0000","1002.0000","1003.0000","1006.0000","1002.0000","1002.0000"," ","0.0000","0.0000","400","401300","1003.2500"
"20201211","01","12","    59450","JP3547900005","0.0000","0.0000","0.0000","0.0000","2711.0000","2711.0000","2711.0000","2711.0000","2711.0000","2711.0000","2711.0000","2711.0000"," ","0.0000","0.0000","200","542200","2711.0000"
"20201211","01","12","    59500","JP3745200000","137.0000","137.0000","134.0000","135.0000","136.0000","137.0000","133.0000","133.0000","137.0000","137.0000","133.0000","133.0000"," ","0.0000","0.0000","270900","36601200","135.1096"
"20201211","01","12","    59520","JP3124000005","216.0000","220.0000","199.0000","208.0000","208.0000","208.0000","199.0000","201.0000","216.0000","220.0000","199.0000","201.0000"," ","0.0000","0.0000","1462300","300545800","205.5295"
"20201211","01","12","    59550","JP3936400005","70.0000","71.0000","69.0000","70.0000","70.0000","72.0000","70.0000","71.0000","70.0000","72.0000","69.0000","71.0000"," ","0.0000","0.0000","1270600","89223900","70.2219"
"20201211","01","12","    59560","JP3552500005","500.0000","500.0000","498.0000","498.0000","498.0000","500.0000","498.0000","500.0000","500.0000","500.0000","498.0000","500.0000"," ","0.0000","0.0000","2600","1299200","499.6923"
"20201211","01","12","    59620","JP3108800008","0.0000","0.0000","0.0000","0.0000","1698.0000","1698.0000","1698.0000","1698.0000","1698.0000","1698.0000","1698.0000","1698.0000"," ","0.0000","0.0000","100","169800","1698.0000"
"20201211","01","12","    59640","JP3617800002","768.0000","768.0000","768.0000","768.0000","783.0000","783.0000","783.0000","783.0000","768.0000","783.0000","768.0000","783.0000"," ","0.0000","0.0000","200","155100","775.5000"
"20201211","01","12","    59650","JP3820850000","826.0000","830.0000","826.0000","829.0000","829.0000","830.0000","826.0000","829.0000","826.0000","830.0000","826.0000","829.0000"," ","0.0000","0.0000","4200","3479700","828.5000"
"20201211","01","12","    59660","JP3250400003","1820.0000","1821.0000","1820.0000","1821.0000","1823.0000","1823.0000","1823.0000","1823.0000","1820.0000","1823.0000","1820.0000","1823.0000"," ","0.0000","0.0000","700","1274700","1821.0000"
"20201211","01","12","    59670","JP3860800006","2710.0000","2710.0000","2700.0000","2700.0000","2700.0000","2710.0000","2687.0000","2710.0000","2710.0000","2710.0000","2687.0000","2710.0000"," ","0.0000","0.0000","1000","2702900","2702.9000"
"20201211","01","12","    59690","JP3985000003","0.0000","0.0000","0.0000","0.0000","0.0000","0.0000","0.0000","0.0000","0.0000","0.0000","0.0000","0.0000"," ","0.0000","0.0000","0","0","0.0000"
"20201211","01","12","    59710","JP3254850005","0.0000","0.0000","0.0000","0.0000","0.0000","0.0000","0.0000","0.0000","0.0000","0.0000","0.0000","0.0000"," ","0.0000","0.0000","0","0","0.0000"
"20201211","01","12","    59730","JP3552190005","482.0000","487.0000","482.0000","487.0000","488.0000","490.0000","488.0000","490.0000","482.0000","490.0000","482.0000","490.0000"," ","0.0000","0.0000","3200","1558900","487.1563"
"20201211","01","12","    59740","JP3521400006","899.0000","940.0000","873.0000","895.0000","898.0000","991.0000","897.0000","991.0000","899.0000","991.0000","873.0000","991.0000"," ","0.0000","0.0000","1659700","1569867600","945.8743"
"20201211","01","12","    59820","JP3875610002","1769.0000","1800.0000","1760.0000","1800.0000","1800.0000","1800.0000","1780.0000","1785.0000","1769.0000","1800.0000","1760.0000","1785.0000"," ","0.0000","0.0000","4700","8372100","1781.2979"
"20201211","01","12","    59830","JP3152600007","6460.0000","6890.0000","5990.0000","5990.0000","5980.0000","6130.0000","5980.0000","6050.0000","6460.0000","6890.0000","5980.0000","6050.0000"," ","0.0000","0.0000","15200","95722000","6297.5000"
"20201211","01","12","    59840","JP3216800007","615.0000","617.0000","613.0000","613.0000","612.0000","619.0000","612.0000","619.0000","615.0000","619.0000","612.0000","619.0000"," ","0.0000","0.0000","5400","3317100","614.2778"
"20201211","01","12","    59870","JP3173000005","1110.0000","1133.0000","1038.0000","1070.0000","1076.0000","1120.0000","1056.0000","1087.0000","1110.0000","1133.0000","1038.0000","1087.0000"," ","0.0000","0.0000","51500","55746700","1082.4602"
"20201211","01","12","    59900","JP3395300001","2220.0000","2222.0000","2220.0000","2222.0000","2222.0000","2237.0000","2222.0000","2235.0000","2220.0000","2237.0000","2220.0000","2235.0000"," ","0.0000","0.0000","4500","10006200","2223.6000"
"20201211","01","12","    59940","JP3577400009","0.0000","0.0000","0.0000","0.0000","1618.0000","1630.0000","1617.0000","1617.0000","1618.0000","1630.0000","1617.0000","1617.0000"," ","0.0000","0.0000","400","648200","1620.5000"
"20201211","01","12","    59970","JP3253800001","596.0000","596.0000","595.0000","595.0000","600.0000","617.0000","599.0000","617.0000","596.0000","617.0000","595.0000","617.0000"," ","0.0000","0.0000","16000","9724500","607.7813"
"20201211","01","12","    59990","JP3148400009","1610.0000","1618.0000","1610.0000","1610.0000","1615.0000","1615.0000","1600.0000","1610.0000","1610.0000","1618.0000","1600.0000","1610.0000"," ","0.0000","0.0000","3200","5144600","1607.6875"
"20201211","01","12","    60160","JP3291000002","1020.0000","1020.0000","964.0000","982.0000","984.0000","1000.0000","977.0000","990.0000","1020.0000","1020.0000","964.0000","990.0000"," ","0.0000","0.0000","55600","55196600","992.7446"
"20201211","01","12","    60180","JP3776600003","0.0000","0.0000","0.0000","0.0000","1830.0000","1830.0000","1830.0000","1830.0000","1830.0000","1830.0000","1830.0000","1830.0000"," ","0.0000","0.0000","400","732000","1830.0000"
"20201211","01","12","    60220","JP3106800000","1301.0000","1302.0000","1301.0000","1301.0000","1314.0000","1314.0000","1283.0000","1283.0000","1301.0000","1314.0000","1283.0000","1283.0000"," ","0.0000","0.0000","800","1038800","1298.5000"
"20201211","01","12","    60230","JP3497000004","400.0000","401.0000","399.0000","400.0000","399.0000","401.0000","399.0000","400.0000","400.0000","401.0000","399.0000","400.0000"," ","0.0000","0.0000","26100","10439900","399.9962"
"20201211","01","12","    60260","JP3386540003","2550.0000","2550.0000","2501.0000","2503.0000","2536.0000","2541.0000","2504.0000","2528.0000","2550.0000","2550.0000","2501.0000","2528.0000"," ","0.0000","0.0000","3600","9048100","2513.3611"
"20201211","01","12","    60270","JP3835870001","10680.0000","11040.0000","10630.0000","10940.0000","10950.0000","11140.0000","10940.0000","11130.0000","10680.0000","11140.0000","10630.0000","11130.0000"," ","0.0000","0.0000","205500","2252246000","10959.8345"
"20201211","01","12","    60300","JP3122380003","4660.0000","4660.0000","4540.0000","4550.0000","4580.0000","4580.0000","4435.0000","4485.0000","4660.0000","4660.0000","4435.0000","4485.0000"," ","0.0000","0.0000","19400","87933500","4532.6546"
"20201211","01","12","    60310","JP3310450006","941.0000","946.0000","933.0000","942.0000","935.0000","939.0000","935.0000","939.0000","941.0000","946.0000","933.0000","939.0000"," ","0.0000","0.0000","3800","3573200","940.3158"
"20201211","01","12","    60330","JP3161270008","1179.0000","1179.0000","1160.0000","1175.0000","1170.0000","1171.0000","1155.0000","1170.0000","1179.0000","1179.0000","1155.0000","1170.0000"," ","0.0000","0.0000","21100","24688600","1170.0758"
"20201211","01","12","    60340","JP3167260003","1683.0000","1720.0000","1631.0000","1660.0000","1665.0000","1672.0000","1636.0000","1664.0000","1683.0000","1720.0000","1631.0000","1664.0000"," ","0.0000","0.0000","461000","769618000","1669.4534"
"20201211","01","12","    60380","JP3130840006","842.0000","883.0000","826.0000","871.0000","870.0000","870.0000","836.0000","842.0000","842.0000","883.0000","826.0000","842.0000"," ","0.0000","0.0000","257500","222176500","862.8214"
"20201211","01","12","    60390","JP3740000009","2347.0000","2350.0000","2343.0000","2343.0000","2325.0000","2331.0000","2290.0000","2290.0000","2347.0000","2350.0000","2290.0000","2290.0000"," ","0.0000","0.0000","6000","13943600","2323.9333"
"20201211","01","12","    60400","JP3719000006","596.0000","602.0000","588.0000","590.0000","590.0000","590.0000","587.0000","590.0000","596.0000","602.0000","587.0000","590.0000"," ","0.0000","0.0000","149900","88749500","592.0580"
"20201211","01","12","    60420","JP3696800006","1700.0000","1706.0000","1700.0000","1706.0000","1705.0000","1706.0000","1705.0000","1706.0000","1700.0000","1706.0000","1700.0000","1706.0000"," ","0.0000","0.0000","900","1532200","1702.4444"
"20201211","01","12","    60450","JP3981850005","520.0000","530.0000","519.0000","527.0000","529.0000","533.0000","525.0000","530.0000","520.0000","533.0000","519.0000","530.0000"," ","0.0000","0.0000","28000","14682200","524.3643"
"20201211","01","12","    60460","JP3977040009","280.0000","283.0000","263.0000","280.0000","281.0000","287.0000","281.0000","287.0000","280.0000","287.0000","263.0000","287.0000"," ","0.0000","0.0000","248000","69313300","279.4891"
"20201211","01","12","    60490","JP3144600008","1491.0000","1493.0000","1434.0000","1461.0000","1460.0000","1520.0000","1457.0000","1511.0000","1491.0000","1520.0000","1434.0000","1511.0000"," ","0.0000","0.0000","174400","258735400","1483.5745"
"20201211","01","12","    60600","JP3297340006","815.0000","815.0000","815.0000","815.0000","0.0000","0.0000","0.0000","0.0000","815.0000","815.0000","815.0000","815.0000"," ","0.0000","0.0000","200","163000","815.0000"
"20201211","01","12","    60610","JP3952300006","1830.0000","1830.0000","1810.0000","1810.0000","1811.0000","1820.0000","1809.0000","1820.0000","1830.0000","1830.0000","1809.0000","1820.0000"," ","0.0000","0.0000","3100","5625400","1814.6452"
"20201211","01","12","    60630","JP3688900004","948.0000","950.0000","924.0000","933.0000","934.0000","938.0000","931.0000","931.0000","948.0000","950.0000","924.0000","931.0000"," ","0.0000","0.0000","12400","11605700","935.9435"
"20201211","01","12","    60640","JP3108140009","834.0000","837.0000","821.0000","823.0000","827.0000","830.0000","823.0000","830.0000","834.0000","837.0000","821.0000","830.0000"," ","0.0000","0.0000","23600","19525600","827.3559"
"20201211","01","12","    60660","JP3377950005","0.0000","0.0000","0.0000","0.0000","0.0000","0.0000","0.0000","0.0000","0.0000","0.0000","0.0000","0.0000"," ","0.0000","0.0000","0","0","0.0000"
"20201211","01","12","    60670","JP3921210005","3060.0000","3115.0000","3005.0000","3105.0000","3105.0000","3105.0000","3020.0000","3070.0000","3060.0000","3115.0000","3005.0000","3070.0000"," ","0.0000","0.0000","59700","183070000","3066.4992"
"20201211","01","12","    60690","JP3637290002","688.0000","703.0000","679.0000","698.0000","702.0000","704.0000","693.0000","703.0000","688.0000","704.0000","679.0000","703.0000"," ","0.0000","0.0000","141400","98367900","695.6711"
"20201211","01","12","    60720","JP3387880002","223.0000","226.0000","221.0000","224.0000","225.0000","226.0000","223.0000","225.0000","223.0000","226.0000","221.0000","225.0000"," ","0.0000","0.0000","120500","26987400","223.9618"
"20201211","01","12","    60740","JP3386470003","421.0000","421.0000","421.0000","421.0000","0.0000","0.0000","0.0000","0.0000","421.0000","421.0000","421.0000","421.0000"," ","0.0000","0.0000","100","42100","421.0000"
"20201211","01","12","    60810","JP3124850003","493.0000","520.0000","485.0000","519.0000","515.0000","520.0000","502.0000","509.0000","493.0000","520.0000","485.0000","509.0000"," ","0.0000","0.0000","769900","388288800","504.3367"
"20201211","01","12","    60850","JP3100030000","900.0000","900.0000","855.0000","855.0000","863.0000","863.0000","831.0000","831.0000","900.0000","900.0000","831.0000","831.0000"," ","0.0000","0.0000","3500","3039600","868.4571"
"20201211","01","12","    60860","JP3383300005","722.0000","722.0000","711.0000","718.0000","718.0000","720.0000","712.0000","714.0000","722.0000","722.0000","711.0000","714.0000"," ","0.0000","0.0000","9100","6537700","718.4286"
"20201211","01","12","    60900","JP3794530000","752.0000","770.0000","752.0000","766.0000","765.0000","769.0000","758.0000","760.0000","752.0000","770.0000","752.0000","760.0000"," ","0.0000","0.0000","50900","38698300","760.2809"
"20201211","01","12","    60910","JP3154650000","449.0000","449.0000","444.0000","445.0000","443.0000","459.0000","442.0000","459.0000","449.0000","459.0000","442.0000","459.0000"," ","0.0000","0.0000","33800","15237400","450.8107"
"20201211","01","12","    60920","JP3169730003","638.0000","638.0000","620.0000","628.0000","628.0000","628.0000","620.0000","620.0000","638.0000","638.0000","620.0000","620.0000"," ","0.0000","0.0000","29300","18341300","625.9829"
"20201211","01","12","    60940","JP3826550000","878.0000","878.0000","850.0000","856.0000","855.0000","882.0000","848.0000","878.0000","878.0000","882.0000","848.0000","878.0000"," ","0.0000","0.0000","118100","101881400","862.6706"
"20201211","01","12","    61250","JP3193200007","2492.0000","2492.0000","2466.0000","2478.0000","2477.0000","2492.0000","2477.0000","2492.0000","2492.0000","2492.0000","2466.0000","2492.0000"," ","0.0000","0.0000","13900","34599500","2489.1727"
"20201211","01","12","    61310","JP3770600009","1360.0000","1397.0000","1360.0000","1388.0000","1383.0000","1414.0000","1381.0000","1398.0000","1360.0000","1414.0000","1360.0000","1398.0000"," ","0.0000","0.0000","20700","28656000","1384.3478"
"20201211","01","12","    61370","JP3284200007","2397.0000","2410.0000","2397.0000","2410.0000","2420.0000","2805.0000","2420.0000","2724.0000","2397.0000","2805.0000","2397.0000","2724.0000"," ","0.0000","0.0000","7400","19108300","2582.2027"
"20201211","01","12","    61440","JP3416600009","1241.0000","1251.0000","1240.0000","1250.0000","1248.0000","1248.0000","1238.0000","1238.0000","1241.0000","1251.0000","1238.0000","1238.0000"," ","0.0000","0.0000","3700","4608300","1245.4865"
"20201211","01","12","    61450","JP3684700002","4140.0000","4230.0000","4125.0000","4230.0000","4160.0000","4190.0000","4120.0000","4120.0000","4140.0000","4230.0000","4120.0000","4120.0000"," ","0.0000","0.0000","77900","325041500","4172.5481"
"20201211","01","12","    61470","JP3935400006","378.0000","379.0000","378.0000","379.0000","378.0000","378.0000","376.0000","376.0000","378.0000","379.0000","376.0000","376.0000"," ","0.0000","0.0000","2700","1022400","378.6667"
"20201211","01","12","    61490","JP3196600005","3690.0000","3840.0000","3595.0000","3725.0000","3735.0000","3835.0000","3705.0000","3770.0000","3690.0000","3840.0000","3595.0000","3770.0000"," ","0.0000","0.0000","160300","596592500","3721.7249"
"20201211","01","12","    61500","JP3462800008","0.0000","0.0000","0.0000","0.0000","0.0000","0.0000","0.0000","0.0000","0.0000","0.0000","0.0000","0.0000"," ","0.0000","0.0000","0","0","0.0000"
"20201211","01","12","    61550","JP3457850000","670.0000","673.0000","668.0000","672.0000","669.0000","679.0000","669.0000","679.0000","670.0000","679.0000","668.0000","679.0000"," ","0.0000","0.0000","17500","11794600","673.9771"
"20201211","01","12","    61560","JP3160660001","1356.0000","1359.0000","1356.0000","1359.0000","1359.0000","1359.0000","1359.0000","1359.0000","1356.0000","1359.0000","1356.0000","1359.0000"," ","0.0000","0.0000","600","815000","1358.3333"
"20201211","01","12","    61580","JP3990790002","990.0000","1043.0000","985.0000","1028.0000","1043.0000","1119.0000","1035.0000","1119.0000","990.0000","1119.0000","985.0000","1119.0000"," ","0.0000","0.0000","135200","142985700","1057.5865"
"20201211","01","12","    61590","JP3883700001","1159.0000","1159.0000","1128.0000","1128.0000","1130.0000","1130.0000","1126.0000","1130.0000","1159.0000","1159.0000","1126.0000","1130.0000"," ","0.0000","0.0000","21100","24401600","1156.4739"
"20201211","01","12","    61610","JP3163150000","5050.0000","5050.0000","4950.0000","5030.0000","0.0000","0.0000","0.0000","0.0000","5050.0000","5050.0000","4950.0000","5030.0000"," ","0.0000","0.0000","500","2498000","4996.0000"
"20201211","01","12","    61640","JP3450900000","988.0000","1005.0000","988.0000","1003.0000","994.0000","1010.0000","994.0000","1010.0000","988.0000","1010.0000","988.0000","1010.0000"," ","0.0000","0.0000","3500","3505300","1001.5143"
"20201211","01","12","    61660","JP3645800008","862.0000","862.0000","845.0000","850.0000","850.0000","857.0000","846.0000","853.0000","862.0000","862.0000","845.0000","853.0000"," ","0.0000","0.0000","61100","52045600","851.8101"
"20201211","01","12","    61720","JP3921280008","774.0000","811.0000","750.0000","793.0000","799.0000","800.0000","757.0000","759.0000","774.0000","811.0000","750.0000","759.0000"," ","0.0000","0.0000","419000","326522600","779.2902"
"20201211","01","12","    61730","JP3107990008","808.0000","808.0000","782.0000","797.0000","796.0000","796.0000","796.0000","796.0000","808.0000","808.0000","782.0000","796.0000"," ","0.0000","0.0000","1300","1039000","799.2308"
"20201211","01","12","    61740","JP3551510005","0.0000","0.0000","0.0000","0.0000","0.0000","0.0000","0.0000","0.0000","0.0000","0.0000","0.0000","0.0000"," ","0.0000","0.0000","0","0","0.0000"
"20201211","01","12","    61760","JP3830700005","516.0000","516.0000","505.0000","508.0000","510.0000","510.0000","503.0000","503.0000","516.0000","516.0000","503.0000","503.0000"," ","0.0000","0.0000","21700","11060800","509.7143"
"20201211","01","12","    61770","JP3121180008","169.0000","171.0000","168.0000","169.0000","169.0000","171.0000","168.0000","170.0000","169.0000","171.0000","168.0000","170.0000"," ","0.0000","0.0000","66600","11273600","169.2733"
"20201211","01","12","    61800","JP3386580009","1562.0000","1562.0000","1543.0000","1543.0000","1540.0000","1546.0000","1521.0000","1521.0000","1562.0000","1562.0000","1521.0000","1521.0000"," ","0.0000","0.0000","2300","3546500","1541.9565"
"20201211","01","12","    61810","JP3780150003","185.0000","189.0000","171.0000","173.0000","174.0000","174.0000","168.0000","170.0000","185.0000","189.0000","168.0000","170.0000"," ","0.0000","0.0000","2449900","429932500","175.4898"
"20201211","01","12","    61820","JP3984160006","2077.0000","2096.0000","2063.0000","2092.0000","2092.0000","2096.0000","2066.0000","2095.0000","2077.0000","2096.0000","2063.0000","2095.0000"," ","0.0000","0.0000","69700","145110500","2081.9297"
"20201211","01","12","    61880","JP3816650000","469.0000","476.0000","469.0000","472.0000","471.0000","475.0000","470.0000","474.0000","469.0000","476.0000","469.0000","474.0000"," ","0.0000","0.0000","47400","22357600","471.6793"
"20201211","01","12","    61900","JP3803010002","606.0000","611.0000","606.0000","611.0000","611.0000","611.0000","605.0000","609.0000","606.0000","611.0000","605.0000","609.0000"," ","0.0000","0.0000","3600","2186400","607.3333"
"20201211","01","12","    61930","JP3778230007","555.0000","555.0000","540.0000","545.0000","545.0000","545.0000","525.0000","531.0000","555.0000","555.0000","525.0000","531.0000"," ","0.0000","0.0000","8700","4694400","539.5862"
"20201211","01","12","    61950","JP3837640006","4660.0000","5030.0000","4660.0000","5010.0000","5210.0000","5260.0000","4950.0000","4955.0000","4660.0000","5260.0000","4660.0000","4955.0000"," ","0.0000","0.0000","562900","2775772500","4931.2000"
"20201211","01","12","    61980","JP3244430009","366.0000","373.0000","360.0000","373.0000","372.0000","380.0000","367.0000","367.0000","366.0000","380.0000","360.0000","367.0000"," ","0.0000","0.0000","42800","15799900","369.1565"
"20201211","01","12","    62310","JP3242200008","2666.0000","2667.0000","2632.0000","2665.0000","2667.0000","2682.0000","2667.0000","2682.0000","2666.0000","2682.0000","2632.0000","2682.0000"," ","0.0000","0.0000","2400","6395300","2664.7083"
"20201211","01","12","    62320","JP3394900009","2819.0000","2834.0000","2772.0000","2810.0000","2813.0000","2830.0000","2794.0000","2796.0000","2819.0000","2834.0000","2772.0000","2796.0000"," ","0.0000","0.0000","224800","631493300","2809.1339"
"20201211","01","12","    62330","JP3256960000","734.0000","734.0000","687.0000","734.0000","734.0000","734.0000","734.0000","734.0000","734.0000","734.0000","687.0000","734.0000"," ","0.0000","0.0000","594000","431332200","726.1485"
"20201211","01","12","    62390","JP3647100001","708.0000","713.0000","695.0000","698.0000","700.0000","702.0000","693.0000","698.0000","708.0000","713.0000","693.0000","698.0000"," ","0.0000","0.0000","32000","22444500","701.3906"
"20201211","01","12","    62450","JP3795800006","1962.0000","2020.0000","1958.0000","1994.0000","2000.0000","2002.0000","1969.0000","1969.0000","1962.0000","2020.0000","1958.0000","1969.0000"," ","0.0000","0.0000","47200","93822400","1987.7627"
"20201211","01","12","    62460","JP3147200004","1110.0000","1123.0000","1075.0000","1100.0000","1100.0000","1116.0000","1088.0000","1090.0000","1110.0000","1123.0000","1075.0000","1090.0000"," ","0.0000","0.0000","113100","124468200","1100.5146"
"20201211","01","12","    62480","JP3955250000","1152.0000","1198.0000","1152.0000","1188.0000","1190.0000","1190.0000","1152.0000","1182.0000","1152.0000","1198.0000","1152.0000","1182.0000"," ","0.0000","0.0000","5800","6844200","1180.0345"
"20201211","01","12","    62490","JP3282270002","1156.0000","1160.0000","1156.0000","1160.0000","1160.0000","1161.0000","1153.0000","1153.0000","1156.0000","1161.0000","1153.0000","1153.0000"," ","0.0000","0.0000","2500","2890500","1156.2000"
"20201211","01","12","    62540","JP3762950008","3720.0000","3760.0000","3620.0000","3640.0000","3670.0000","3710.0000","3625.0000","3710.0000","3720.0000","3760.0000","3620.0000","3710.0000"," ","0.0000","0.0000","148200","545340000","3679.7571"
"20201211","01","12","    62550","JP3165840004","808.0000","863.0000","795.0000","850.0000","850.0000","858.0000","834.0000","847.0000","808.0000","863.0000","795.0000","847.0000"," ","0.0000","0.0000","5675900","4757133400","838.1285"
"20201211","01","12","    62570","JP3814600007","769.0000","769.0000","764.0000","764.0000","766.0000","769.0000","766.0000","767.0000","769.0000","769.0000","764.0000","767.0000"," ","0.0000","0.0000","6500","4990500","767.7692"
"20201211","01","12","    62650","JP3910200009","0.0000","0.0000","0.0000","0.0000","1769.0000","1769.0000","1714.0000","1745.0000","1769.0000","1769.0000","1714.0000","1745.0000"," ","0.0000","0.0000","2100","3678500","1751.6667"
"20201211","01","12","    62670","JP3428700003","1980.0000","1980.0000","1980.0000","1980.0000","1980.0000","1980.0000","1949.0000","1949.0000","1980.0000","1980.0000","1949.0000","1949.0000"," ","0.0000","0.0000","2700","5342900","1978.8519"
"20201211","01","12","    62710","JP3678400007","1171.0000","1171.0000","1171.0000","1171.0000","0.0000","0.0000","0.0000","0.0000","1171.0000","1171.0000","1171.0000","1171.0000"," ","0.0000","0.0000","100","117100","1171.0000"
"20201211","01","12","    62760","JP3651100004","377.0000","377.0000","374.0000","374.0000","368.0000","373.0000","368.0000","373.0000","377.0000","377.0000","368.0000","373.0000"," ","0.0000","0.0000","10100","3748900","371.1782"
"20201211","01","12","    62790","JP3411900008","1063.0000","1066.0000","1062.0000","1063.0000","1062.0000","1062.0000","1049.0000","1050.0000","1063.0000","1066.0000","1049.0000","1050.0000"," ","0.0000","0.0000","6600","6974700","1056.7727"
"20201211","01","12","    62810","JP3861400004","445.0000","464.0000","445.0000","460.0000","456.0000","456.0000","448.0000","448.0000","445.0000","464.0000","445.0000","448.0000"," ","0.0000","0.0000","7500","3419400","455.9200"
"20201211","01","12","    62860","JP3414800007","585.0000","626.0000","585.0000","615.0000","620.0000","687.0000","613.0000","687.0000","585.0000","687.0000","585.0000","687.0000"," ","0.0000","0.0000","28100","18309600","651.5872"
"20201211","01","12","    62970","JP3286800002","441.0000","447.0000","440.0000","445.0000","445.0000","450.0000","445.0000","450.0000","441.0000","450.0000","440.0000","450.0000"," ","0.0000","0.0000","19400","8629300","444.8093"
"20201211","01","12","    62990","JP3376000000","2153.0000","2187.0000","2150.0000","2157.0000","2154.0000","2171.0000","2132.0000","2171.0000","2153.0000","2187.0000","2132.0000","2171.0000"," ","0.0000","0.0000","25500","55108800","2161.1294"
"20201211","01","12","    63030","JP3319000000","0.0000","0.0000","0.0000","0.0000","2250.0000","2259.0000","2250.0000","2259.0000","2250.0000","2259.0000","2250.0000","2259.0000"," ","0.0000","0.0000","300","675900","2253.0000"
"20201211","01","12","    63070","JP3334500000","485.0000","490.0000","465.0000","470.0000","470.0000","478.0000","465.0000","475.0000","485.0000","490.0000","465.0000","475.0000"," ","0.0000","0.0000","31400","14877800","473.8153"
"20201211","01","12","    63120","JP3829400005","689.0000","693.0000","689.0000","689.0000","692.0000","692.0000","685.0000","688.0000","689.0000","693.0000","685.0000","688.0000"," ","0.0000","0.0000","11900","8192800","688.4706"
"20201211","01","12","    63220","JP3462620000","1485.0000","1550.0000","1485.0000","1515.0000","0.0000","0.0000","0.0000","0.0000","1485.0000","1550.0000","1485.0000","1515.0000"," ","0.0000","0.0000","1300","1963200","1510.1538"
"20201211","01","12","    63240","JP3765150002","8400.0000","8520.0000","8350.0000","8470.0000","8500.0000","8560.0000","8470.0000","8530.0000","8400.0000","8560.0000","8350.0000","8530.0000"," ","0.0000","0.0000","187400","1592070000","8495.5710"
"20201211","01","12","    63270","JP3237150002","651.0000","662.0000","636.0000","646.0000","646.0000","646.0000","637.0000","644.0000","651.0000","662.0000","636.0000","644.0000"," ","0.0000","0.0000","160300","103559700","646.0368"
"20201211","01","12","    63340","JP3916600004","328.0000","336.0000","328.0000","336.0000","335.0000","335.0000","325.0000","325.0000","328.0000","336.0000","325.0000","325.0000"," ","0.0000","0.0000","61200","20214400","330.3007"
"20201211","01","12","    63360","JP3134450000","890.0000","900.0000","872.0000","892.0000","895.0000","910.0000","877.0000","899.0000","890.0000","910.0000","872.0000","899.0000"," ","0.0000","0.0000","221800","198199900","893.5974"
"20201211","01","12","    63370","JP3545160008","880.0000","880.0000","846.0000","846.0000","852.0000","852.0000","845.0000","852.0000","880.0000","880.0000","845.0000","852.0000"," ","0.0000","0.0000","10300","8863200","860.5049"
"20201211","01","12","    63380","JP3457720005","713.0000","722.0000","663.0000","678.0000","678.0000","684.0000","645.0000","670.0000","713.0000","722.0000","645.0000","670.0000"," ","0.0000","0.0000","774800","531268300","685.6844"
"20201211","01","12","    63420","JP3446400008","1670.0000","1670.0000","1670.0000","1670.0000","1660.0000","1662.0000","1660.0000","1662.0000","1670.0000","1670.0000","1660.0000","1662.0000"," ","0.0000","0.0000","800","1329400","1661.7500"
"20201211","01","12","    63430","JP3826600003","111.0000","112.0000","110.0000","111.0000","111.0000","114.0000","111.0000","114.0000","111.0000","114.0000","110.0000","114.0000"," ","0.0000","0.0000","76800","8565000","111.5234"
"20201211","01","12","    63460","JP3236400002","3400.0000","3435.0000","3395.0000","3435.0000","3440.0000","3445.0000","3440.0000","3440.0000","3400.0000","3445.0000","3395.0000","3440.0000"," ","0.0000","0.0000","1200","4104500","3420.4167"
"20201211","01","12","    63470","JP3832400000","1013.0000","1035.0000","1013.0000","1035.0000","1026.0000","1026.0000","1006.0000","1011.0000","1013.0000","1035.0000","1006.0000","1011.0000"," ","0.0000","0.0000","7200","7329500","1017.9861"
"20201211","01","12","    63570","JP3334800004","605.0000","610.0000","602.0000","610.0000","607.0000","614.0000","606.0000","608.0000","605.0000","614.0000","602.0000","608.0000"," ","0.0000","0.0000","41800","25409700","607.8876"
"20201211","01","12","    63600","JP3578200002","1633.0000","1633.0000","1633.0000","1633.0000","0.0000","0.0000","0.0000","0.0000","1633.0000","1633.0000","1633.0000","1633.0000"," ","0.0000","0.0000","200","326600","1633.0000"
"20201211","01","12","    63650","JP3550800001","3605.0000","3605.0000","3485.0000","3510.0000","3520.0000","3570.0000","3520.0000","3555.0000","3605.0000","3605.0000","3485.0000","3555.0000"," ","0.0000","0.0000","4200","14974000","3565.2381"
"20201211","01","12","    63660","JP3528600004","259.0000","260.0000","250.0000","250.0000","251.0000","252.0000","250.0000","252.0000","259.0000","260.0000","250.0000","252.0000"," ","0.0000","0.0000","1797000","455467300","253.4598"
"20201211","01","12","    63800","JP3198800009","649.0000","709.0000","587.0000","602.0000","599.0000","612.0000","594.0000","607.0000","649.0000","709.0000","587.0000","607.0000"," ","0.0000","0.0000","120600","77924300","646.1385"
"20201211","01","12","    63820","JP3637000005","741.0000","748.0000","738.0000","738.0000","732.0000","745.0000","732.0000","745.0000","741.0000","748.0000","732.0000","745.0000"," ","0.0000","0.0000","1100","814200","740.1818"
"20201211","01","12","    63840","JP3366950008","1597.0000","1602.0000","1555.0000","1574.0000","1574.0000","1581.0000","1562.0000","1562.0000","1597.0000","1602.0000","1555.0000","1562.0000"," ","0.0000","0.0000","13900","21842200","1571.3813"
"20201211","01","12","    63910","JP3212200004","4510.0000","4790.0000","4410.0000","4595.0000","4600.0000","4635.0000","4490.0000","4635.0000","4510.0000","4790.0000","4410.0000","4635.0000"," ","0.0000","0.0000","62700","286858000","4575.0877"
"20201211","01","12","    63920","JP3938600008","0.0000","0.0000","0.0000","0.0000","2532.0000","2534.0000","2500.0000","2534.0000","2532.0000","2534.0000","2500.0000","2534.0000"," ","0.0000","0.0000","2300","5796100","2520.0435"
"20201211","01","12","    63960","JP3158000004","0.0000","0.0000","0.0000","0.0000","0.0000","0.0000","0.0000","0.0000","0.0000","0.0000","0.0000","0.0000"," ","0.0000","0.0000","0","0","0.0000"
"20201211","01","12","    64000","JP3815100007","1477.0000","1560.0000","1400.0000","1442.0000","1446.0000","1490.0000","1381.0000","1441.0000","1477.0000","1560.0000","1381.0000","1441.0000"," ","0.0000","0.0000","4818000","7056558100","1464.6239"
"20201211","01","12","    64020","JP3217300007","1301.0000","1301.0000","1296.0000","1296.0000","1293.0000","1293.0000","1277.0000","1277.0000","1301.0000","1301.0000","1277.0000","1277.0000"," ","0.0000","0.0000","1000","1289400","1289.4000"
"20201211","01","12","    64030","JP3395800000","2101.0000","2101.0000","2101.0000","2101.0000","2101.0000","2101.0000","2100.0000","2100.0000","2101.0000","2101.0000","2100.0000","2100.0000"," ","0.0000","0.0000","300","630200","2100.6667"
"20201211","01","12","    64050","JP3398700009","1520.0000","1527.0000","1508.0000","1508.0000","1515.0000","1517.0000","1515.0000","1517.0000","1520.0000","1527.0000","1508.0000","1517.0000"," ","0.0000","0.0000","1100","1666700","1515.1818"
"20201211","01","12","    64080","JP3195200005","2345.0000","2615.0000","2345.0000","2471.0000","2421.0000","2451.0000","2414.0000","2438.0000","2345.0000","2615.0000","2345.0000","2438.0000"," ","0.0000","0.0000","11300","27832400","2463.0442"
"20201211","01","12","    64110","JP3644000006","6320.0000","6330.0000","6290.0000","6320.0000","6320.0000","6320.0000","6310.0000","6310.0000","6320.0000","6330.0000","6290.0000","6310.0000"," ","0.0000","0.0000","3000","18938000","6312.6667"
"20201211","01","12","    64140","JP3225600000","0.0000","0.0000","0.0000","0.0000","0.0000","0.0000","0.0000","0.0000","0.0000","0.0000","0.0000","0.0000"," ","0.0000","0.0000","0","0","0.0000"
"20201211","01","12","    64160","JP3212800001","597.0000","597.0000","597.0000","597.0000","0.0000","0.0000","0.0000","0.0000","597.0000","597.0000","597.0000","597.0000"," ","0.0000","0.0000","300","179100","597.0000"
"20201211","01","12","    64240","JP3458300005","920.0000","924.0000","920.0000","924.0000","915.0000","923.0000","915.0000","922.0000","920.0000","924.0000","915.0000","922.0000"," ","0.0000","0.0000","800","736200","920.2500"
"20201211","01","12","    64250","JP3126130008","2359.0000","2360.0000","2329.0000","2335.0000","2341.0000","2341.0000","2317.0000","2335.0000","2359.0000","2360.0000","2317.0000","2335.0000"," ","0.0000","0.0000","100200","234789100","2343.2046"
"20201211","01","12","    64330","JP3783050002","398.0000","442.0000","391.0000","409.0000","411.0000","423.0000","392.0000","410.0000","398.0000","442.0000","391.0000","410.0000"," ","0.0000","0.0000","1518400","623728800","410.7803"
"20201211","01","12","    64660","JP3558810002","1892.0000","1935.0000","1885.0000","1934.0000","1909.0000","1927.0000","1909.0000","1927.0000","1892.0000","1935.0000","1885.0000","1927.0000"," ","0.0000","0.0000","7100","13518100","1903.9577"
"20201211","01","12","    64670","JP3661940001","545.0000","562.0000","531.0000","557.0000","555.0000","566.0000","549.0000","551.0000","545.0000","566.0000","531.0000","551.0000"," ","0.0000","0.0000","60400","33243100","550.3825"
"20201211","01","12","    64690","JP3839600008","750.0000","871.0000","712.0000","871.0000","871.0000","871.0000","860.0000","871.0000","750.0000","871.0000","712.0000","871.0000"," ","0.0000","0.0000","1079600","900190500","833.8185"
"20201211","01","12","    64840","JP3277250001","1791.0000","1791.0000","1790.0000","1790.0000","1787.0000","1800.0000","1787.0000","1800.0000","1791.0000","1800.0000","1787.0000","1800.0000"," ","0.0000","0.0000","1000","1792300","1792.3000"
"20201211","01","12","    64880","JP3957200003","999.0000","999.0000","999.0000","999.0000","999.0000","999.0000","999.0000","999.0000","999.0000","999.0000","999.0000","999.0000"," ","0.0000","0.0000","600","599400","999.0000"
"20201211","01","12","    64920","JP3191600000","0.0000","0.0000","0.0000","0.0000","2460.0000","2460.0000","2460.0000","2460.0000","2460.0000","2460.0000","2460.0000","2460.0000"," ","0.0000","0.0000","100","246000","2460.0000"
"20201211","01","12","    64930","JP3680000001","207.0000","207.0000","201.0000","204.0000","204.0000","204.0000","200.0000","201.0000","207.0000","207.0000","200.0000","201.0000"," ","0.0000","0.0000","27000","5465900","202.4407"
"20201211","01","12","    64940","JP3748200007","108.0000","108.0000","100.0000","104.0000","104.0000","112.0000","103.0000","106.0000","108.0000","112.0000","100.0000","106.0000"," ","0.0000","0.0000","3191200","335456800","105.1193"
"20201211","01","12","    64950","JP3907600005","218.0000","235.0000","217.0000","230.0000","230.0000","233.0000","218.0000","233.0000","218.0000","235.0000","217.0000","233.0000"," ","0.0000","0.0000","4388000","995490500","226.8666"
"20201211","01","12","    64960","JP3642000008","2793.0000","2838.0000","2793.0000","2838.0000","2843.0000","2843.0000","2803.0000","2839.0000","2793.0000","2843.0000","2793.0000","2839.0000"," ","0.0000","0.0000","2300","6492400","2822.7826"
"20201211","01","12","    64970","JP3770400004","1672.0000","1686.0000","1514.0000","1567.0000","1550.0000","1591.0000","1533.0000","1551.0000","1672.0000","1686.0000","1514.0000","1551.0000"," ","0.0000","0.0000","104700","166838600","1593.4919"
"20201211","01","12","    65020","JP3592200004","3030.0000","3040.0000","2961.0000","2968.0000","2966.0000","2981.0000","2955.0000","2970.0000","3030.0000","3040.0000","2955.0000","2970.0000"," ","0.0000","0.0000","3591700","10696875300","2978.2207"
"20201211","01","12","    65180","JP3335300004","0.0000","0.0000","0.0000","0.0000","0.0000","0.0000","0.0000","0.0000","0.0000","0.0000","0.0000","0.0000"," ","0.0000","0.0000","0","0","0.0000"
"20201211","01","12","    65310","JP3974780003","1122.0000","1122.0000","1092.0000","1104.0000","1107.0000","1143.0000","1102.0000","1140.0000","1122.0000","1143.0000","1092.0000","1140.0000"," ","0.0000","0.0000","23900","26612400","1113.4895"
"20201211","01","12","    65370","JP3155550001","630.0000","635.0000","630.0000","635.0000","635.0000","635.0000","630.0000","630.0000","630.0000","635.0000","630.0000","630.0000"," ","0.0000","0.0000","18500","11672300","630.9351"
"20201211","01","12","    65420","JP3166960009","918.0000","927.0000","918.0000","926.0000","923.0000","926.0000","922.0000","926.0000","918.0000","927.0000","918.0000","926.0000"," ","0.0000","0.0000","5800","5358100","923.8103"
"20201211","01","12","    65430","JP3679810006","1220.0000","1220.0000","1210.0000","1210.0000","1210.0000","1228.0000","1210.0000","1228.0000","1220.0000","1228.0000","1210.0000","1228.0000"," ","0.0000","0.0000","500","607800","1215.6000"
"20201211","01","12","    65450","JP3152880005","557.0000","557.0000","553.0000","553.0000","555.0000","576.0000","555.0000","576.0000","557.0000","576.0000","553.0000","576.0000"," ","0.0000","0.0000","9900","5541000","559.6970"
"20201211","01","12","    65480","JP3470000005","1083.0000","1083.0000","1055.0000","1055.0000","1054.0000","1054.0000","1043.0000","1049.0000","1083.0000","1083.0000","1043.0000","1049.0000"," ","0.0000","0.0000","8100","8571000","1058.1481"
"20201211","01","12","    65490","JP3548790009","3030.0000","3270.0000","3010.0000","3270.0000","3245.0000","3245.0000","3105.0000","3190.0000","3030.0000","3270.0000","3010.0000","3190.0000"," ","0.0000","0.0000","62700","197388000","3148.1340"
"20201211","01","12","    65500","JP3826780003","461.0000","462.0000","451.0000","459.0000","459.0000","460.0000","453.0000","453.0000","461.0000","462.0000","451.0000","453.0000"," ","0.0000","0.0000","39600","18094000","456.9192"
"20201211","01","12","    65540","JP3163970001","400.0000","406.0000","394.0000","406.0000","406.0000","410.0000","401.0000","410.0000","400.0000","410.0000","394.0000","410.0000"," ","0.0000","0.0000","23800","9579800","402.5126"
"20201211","01","12","    65560","JP3155390002","1430.0000","1443.0000","1414.0000","1417.0000","1420.0000","1426.0000","1413.0000","1420.0000","1430.0000","1443.0000","1413.0000","1420.0000"," ","0.0000","0.0000","132000","187705600","1422.0121"
"20201211","01","12","    65570","JP3274360001","1113.0000","1135.0000","1113.0000","1116.0000","1116.0000","1130.0000","1116.0000","1123.0000","1113.0000","1135.0000","1113.0000","1123.0000"," ","0.0000","0.0000","7500","8426700","1123.5600"
"20201211","01","12","    65580","JP3266210008","1050.0000","1061.0000","1035.0000","1061.0000","1065.0000","1079.0000","1053.0000","1079.0000","1050.0000","1079.0000","1035.0000","1079.0000"," ","0.0000","0.0000","8300","8773800","1057.0843"
"20201211","01","12","    65610","JP3769900006","655.0000","655.0000","632.0000","632.0000","632.0000","640.0000","632.0000","639.0000","655.0000","655.0000","632.0000","639.0000"," ","0.0000","0.0000","10100","6517200","645.2673"
"20201211","01","12","    65620","JP3386640001","777.0000","789.0000","770.0000","789.0000","793.0000","799.0000","782.0000","797.0000","777.0000","799.0000","770.0000","797.0000"," ","0.0000","0.0000","120800","95416000","789.8675"
"20201211","01","12","    65630","JP3910630007","5100.0000","5330.0000","5090.0000","5310.0000","5300.0000","5300.0000","5130.0000","5250.0000","5100.0000","5330.0000","5090.0000","5250.0000"," ","0.0000","0.0000","12700","66111000","5205.5906"
"20201211","01","12","    65650","JP3160610006","1096.0000","1100.0000","1096.0000","1098.0000","1101.0000","1101.0000","1090.0000","1100.0000","1096.0000","1101.0000","1090.0000","1100.0000"," ","0.0000","0.0000","2300","2523800","1097.3043"
"20201211","01","12","    65660","JP3215150008","893.0000","939.0000","893.0000","935.0000","920.0000","922.0000","900.0000","909.0000","893.0000","939.0000","893.0000","909.0000"," ","0.0000","0.0000","53200","48813800","917.5526"
"20201211","01","12","    65670","JP3423560006","1086.0000","1149.0000","1077.0000","1142.0000","1145.0000","1159.0000","1136.0000","1149.0000","1086.0000","1159.0000","1077.0000","1149.0000"," ","0.0000","0.0000","63900","72264600","1130.9014"
"20201211","01","12","    65680","JP3290400005","1681.0000","1697.0000","1640.0000","1669.0000","1669.0000","1679.0000","1664.0000","1664.0000","1681.0000","1697.0000","1640.0000","1664.0000"," ","0.0000","0.0000","26400","44209400","1674.5985"
"20201211","01","12","    65700","JP3254830007","360.0000","360.0000","360.0000","360.0000","362.0000","369.0000","362.0000","369.0000","360.0000","369.0000","360.0000","369.0000"," ","0.0000","0.0000","11700","4259200","364.0342"
"20201211","01","12","    65730","JP3119610008","505.0000","516.0000","499.0000","516.0000","515.0000","516.0000","512.0000","515.0000","505.0000","516.0000","499.0000","515.0000"," ","0.0000","0.0000","11500","5877500","511.0870"
"20201211","01","12","    65740","JP3305980009","553.0000","557.0000","546.0000","555.0000","551.0000","555.0000","550.0000","550.0000","553.0000","557.0000","546.0000","550.0000"," ","0.0000","0.0000","28100","15518500","552.2598"
"20201211","01","12","    65750","JP3794480008","658.0000","658.0000","646.0000","654.0000","654.0000","654.0000","632.0000","641.0000","658.0000","658.0000","632.0000","641.0000"," ","0.0000","0.0000","4800","3118000","649.5833"
"20201211","01","12","    65760","JP3953630005","0.0000","0.0000","0.0000","0.0000","0.0000","0.0000","0.0000","0.0000","0.0000","0.0000","0.0000","0.0000"," ","0.0000","0.0000","0","0","0.0000"
"20201211","01","12","    65770","JP3835590005","1907.0000","1907.0000","1849.0000","1888.0000","1880.0000","1880.0000","1846.0000","1846.0000","1907.0000","1907.0000","1846.0000","1846.0000"," ","0.0000","0.0000","9000","16918700","1879.8556"
"20201211","01","12","    65780","JP3165860002","346.0000","352.0000","342.0000","352.0000","360.0000","360.0000","349.0000","351.0000","346.0000","360.0000","342.0000","351.0000"," ","0.0000","0.0000","8900","3118200","350.3596"
"20201211","01","12","    65790","JP3984110001","2942.0000","3125.0000","2923.0000","3115.0000","3115.0000","3135.0000","3050.0000","3090.0000","2942.0000","3135.0000","2923.0000","3090.0000"," ","0.0000","0.0000","141800","435389300","3070.4464"
"20201211","01","12","    65800","JP3965450004","2752.0000","2871.0000","2747.0000","2871.0000","2842.0000","2920.0000","2837.0000","2845.0000","2752.0000","2920.0000","2747.0000","2845.0000"," ","0.0000","0.0000","57900","164572000","2842.3489"
"20201211","01","12","    65960","JP3532900002","0.0000","0.0000","0.0000","0.0000","0.0000","0.0000","0.0000","0.0000","0.0000","0.0000","0.0000","0.0000"," ","0.0000","0.0000","0","0","0.0000"
"20201211","01","12","    65970","JP3160940007","2638.0000","2650.0000","2591.0000","2633.0000","2639.0000","2639.0000","2605.0000","2615.0000","2638.0000","2650.0000","2591.0000","2615.0000"," ","0.0000","0.0000","33300","87204000","2618.7387"
"20201211","01","12","    65990","JP3167220007","3245.0000","3340.0000","3240.0000","3315.0000","3330.0000","3330.0000","3275.0000","3310.0000","3245.0000","3340.0000","3240.0000","3310.0000"," ","0.0000","0.0000","13700","45073000","3290.0000"
"20201211","01","12","    66180","JP3174900005","809.0000","826.0000","795.0000","817.0000","818.0000","820.0000","797.0000","817.0000","809.0000","826.0000","795.0000","817.0000"," ","0.0000","0.0000","210300","170466800","810.5887"
"20201211","01","12","    66250","JP3390220006","205.0000","207.0000","205.0000","205.0000","205.0000","206.0000","205.0000","205.0000","205.0000","207.0000","205.0000","205.0000"," ","0.0000","0.0000","103300","21230900","205.5266"
"20201211","01","12","    66260","JP3423350002","5970.0000","6030.0000","5820.0000","6000.0000","6050.0000","6080.0000","5890.0000","6000.0000","5970.0000","6080.0000","5820.0000","6000.0000"," ","0.0000","0.0000","92000","547033000","5946.0109"
"20201211","01","12","    66270","JP3546550009","714.0000","714.0000","701.0000","706.0000","706.0000","707.0000","702.0000","703.0000","714.0000","714.0000","701.0000","703.0000"," ","0.0000","0.0000","12000","8483300","706.9417"
"20201211","01","12","    66280","JP3202110007","19.0000","20.0000","19.0000","20.0000","19.0000","20.0000","19.0000","20.0000","19.0000","20.0000","19.0000","20.0000"," ","0.0000","0.0000","521700","10191500","19.5352"
"20201211","01","12","    66290","JP3545220000","725.0000","747.0000","725.0000","744.0000","742.0000","744.0000","734.0000","740.0000","725.0000","747.0000","725.0000","740.0000"," ","0.0000","0.0000","154800","114341100","738.6376"
"20201211","01","12","    66330","JP3126390008","341.0000","367.0000","338.0000","364.0000","367.0000","396.0000","361.0000","375.0000","341.0000","396.0000","338.0000","375.0000"," ","0.0000","0.0000","307800","115403600","374.9305"
"20201211","01","12","    66340","JP3758170009","182.0000","185.0000","182.0000","182.0000","182.0000","184.0000","182.0000","184.0000","182.0000","185.0000","182.0000","184.0000"," ","0.0000","0.0000","36700","6725100","183.2452"
"20201211","01","12","    66350","JP3493200004","621.0000","671.0000","611.0000","659.0000","649.0000","662.0000","607.0000","649.0000","621.0000","671.0000","607.0000","649.0000"," ","0.0000","0.0000","250100","158747400","634.7357"
"20201211","01","12","    66370","JP3546100003","1020.0000","1025.0000","1020.0000","1025.0000","1025.0000","1026.0000","1020.0000","1020.0000","1020.0000","1026.0000","1020.0000","1020.0000"," ","0.0000","0.0000","2700","2757000","1021.1111"
"20201211","01","12","    66390","JP3306030002","1698.0000","1698.0000","1681.0000","1681.0000","1684.0000","1691.0000","1684.0000","1691.0000","1698.0000","1698.0000","1681.0000","1691.0000"," ","0.0000","0.0000","5300","8992100","1696.6226"
"20201211","01","12","    66430","JP3623400003","1642.0000","1644.0000","1642.0000","1644.0000","1643.0000","1650.0000","1643.0000","1643.0000","1642.0000","1650.0000","1642.0000","1643.0000"," ","0.0000","0.0000","1000","1644500","1644.5000"
"20201211","01","12","    66470","JP3923200004","1802.0000","1802.0000","1802.0000","1802.0000","0.0000","0.0000","0.0000","0.0000","1802.0000","1802.0000","1802.0000","1802.0000"," ","0.0000","0.0000","100","180200","1802.0000"
"20201211","01","12","    66480","JP3225000003","2350.0000","2353.0000","2350.0000","2350.0000","0.0000","0.0000","0.0000","0.0000","2350.0000","2353.0000","2350.0000","2350.0000"," ","0.0000","0.0000","2100","4938000","2351.4286"
"20201211","01","12","    66560","JP3152650002","2395.0000","2414.0000","2336.0000","2360.0000","2350.0000","2357.0000","2328.0000","2334.0000","2395.0000","2414.0000","2328.0000","2334.0000"," ","0.0000","0.0000","79800","187836200","2353.8371"
"20201211","01","12","    66580","JP3369500008","270.0000","277.0000","267.0000","271.0000","270.0000","270.0000","262.0000","266.0000","270.0000","277.0000","262.0000","266.0000"," ","0.0000","0.0000","339000","91552500","270.0664"
"20201211","01","12","    66590","JP3921120006","419.0000","433.0000","413.0000","430.0000","430.0000","439.0000","426.0000","433.0000","419.0000","439.0000","413.0000","433.0000"," ","0.0000","0.0000","123200","52680500","427.6015"
"20201211","01","12","    66620","JP3100620008","248.0000","251.0000","246.0000","249.0000","246.0000","248.0000","246.0000","246.0000","248.0000","251.0000","246.0000","246.0000"," ","0.0000","0.0000","2700","669300","247.8889"
"20201211","01","12","    66630","JP3451100006","406.0000","410.0000","406.0000","410.0000","405.0000","406.0000","404.0000","405.0000","406.0000","410.0000","404.0000","405.0000"," ","0.0000","0.0000","4300","1744400","405.6744"
"20201211","01","12","    66640","JP3197740008","365.0000","373.0000","347.0000","357.0000","358.0000","369.0000","356.0000","369.0000","365.0000","373.0000","347.0000","369.0000"," ","0.0000","0.0000","111000","40048100","360.7937"
"20201211","01","12","    66660","JP3974550000","1475.0000","1556.0000","1460.0000","1534.0000","1535.0000","1535.0000","1470.0000","1481.0000","1475.0000","1556.0000","1460.0000","1481.0000"," ","0.0000","0.0000","648700","975225300","1503.3533"
"20201211","01","12","    66680","JP3122010006","1156.0000","1158.0000","1125.0000","1130.0000","1130.0000","1133.0000","1118.0000","1126.0000","1156.0000","1158.0000","1118.0000","1126.0000"," ","0.0000","0.0000","73900","83803300","1134.0095"
"20201211","01","12","    66700","JP3167420003","1000.0000","1006.0000","992.0000","1003.0000","1003.0000","1012.0000","994.0000","1012.0000","1000.0000","1012.0000","992.0000","1012.0000"," ","0.0000","0.0000","662600","663892800","1001.9511"
"20201211","01","12","    66770","JP3162640001","1392.0000","1401.0000","1381.0000","1386.0000","1379.0000","1390.0000","1362.0000","1388.0000","1392.0000","1401.0000","1362.0000","1388.0000"," ","0.0000","0.0000","29800","41187100","1382.1174"
"20201211","01","12","    66940","JP3411820008","1614.0000","1626.0000","1605.0000","1608.0000","1608.0000","1627.0000","1608.0000","1627.0000","1614.0000","1627.0000","1605.0000","1627.0000"," ","0.0000","0.0000","9300","15029900","1616.1183"
"20201211","01","12","    66950","JP3637100003","0.0000","0.0000","0.0000","0.0000","0.0000","0.0000","0.0000","0.0000","0.0000","0.0000","0.0000","0.0000"," ","0.0000","0.0000","0","0","0.0000"
"20201211","01","12","    66960","JP3635680006","1149.0000","1149.0000","1110.0000","1120.0000","1112.0000","1127.0000","1112.0000","1117.0000","1149.0000","1149.0000","1110.0000","1117.0000"," ","0.0000","0.0000","4500","5088100","1130.6889"
"20201211","01","12","    66980","JP3159970007","1003.0000","1010.0000","999.0000","1010.0000","1005.0000","1009.0000","1002.0000","1009.0000","1003.0000","1010.0000","999.0000","1009.0000"," ","0.0000","0.0000","27100","27206700","1003.9373"
"20201211","01","12","    67090","JP3918600002","627.0000","640.0000","627.0000","633.0000","631.0000","633.0000","628.0000","632.0000","627.0000","640.0000","627.0000","632.0000"," ","0.0000","0.0000","25400","16074900","632.8701"
"20201211","01","12","    67210","JP3154370005","308.0000","308.0000","291.0000","304.0000","301.0000","310.0000","301.0000","308.0000","308.0000","310.0000","291.0000","308.0000"," ","0.0000","0.0000","898700","269447300","299.8190"
"20201211","01","12","    67220","JP3160680009","1630.0000","1630.0000","1595.0000","1604.0000","1609.0000","1617.0000","1604.0000","1617.0000","1630.0000","1630.0000","1595.0000","1617.0000"," ","0.0000","0.0000","5200","8388800","1613.2308"
"20201211","01","12","    67310","JP3801620000","29.0000","29.0000","28.0000","28.0000","28.0000","29.0000","28.0000","28.0000","29.0000","29.0000","28.0000","28.0000"," ","0.0000","0.0000","259900","7409300","28.5083"
"20201211","01","12","    67340","JP3756250001","2557.0000","2582.0000","2536.0000","2536.0000","2545.0000","2646.0000","2529.0000","2646.0000","2557.0000","2646.0000","2529.0000","2646.0000"," ","0.0000","0.0000","7900","20355400","2576.6329"
"20201211","01","12","    67360","JP3336450006","3110.0000","3115.0000","3100.0000","3110.0000","3110.0000","3110.0000","3090.0000","3090.0000","3110.0000","3115.0000","3090.0000","3090.0000"," ","0.0000","0.0000","17000","52785500","3105.0294"
"20201211","01","12","    67430","JP3490600008","599.0000","604.0000","599.0000","604.0000","0.0000","0.0000","0.0000","0.0000","599.0000","604.0000","599.0000","604.0000"," ","0.0000","0.0000","200","120300","601.5000"
"20201211","01","12","    67570","JP3171000007","1635.0000","1663.0000","1575.0000","1630.0000","1629.0000","1634.0000","1612.0000","1617.0000","1635.0000","1663.0000","1575.0000","1617.0000"," ","0.0000","0.0000","340300","550767500","1618.4763"
"20201211","01","12","    67690","JP3345600005","716.0000","717.0000","698.0000","708.0000","705.0000","712.0000","704.0000","705.0000","716.0000","717.0000","698.0000","705.0000"," ","0.0000","0.0000","36200","25593500","707.0028"
"20201211","01","12","    67720","JP3576200004","996.0000","1002.0000","981.0000","982.0000","982.0000","994.0000","965.0000","965.0000","996.0000","1002.0000","965.0000","965.0000"," ","0.0000","0.0000","7400","7252200","980.0270"
"20201211","01","12","    67750","JP3623100009","180.0000","180.0000","179.0000","179.0000","180.0000","182.0000","178.0000","182.0000","180.0000","182.0000","178.0000","182.0000"," ","0.0000","0.0000","23300","4183100","179.5322"
"20201211","01","12","    67760","JP3547600001","0.0000","0.0000","0.0000","0.0000","721.0000","721.0000","721.0000","721.0000","721.0000","721.0000","721.0000","721.0000"," ","0.0000","0.0000","145200","104689200","721.0000"
"20201211","01","12","    67770","JP3335410001","1983.0000","2007.0000","1980.0000","1993.0000","1993.0000","2000.0000","1982.0000","1984.0000","1983.0000","2007.0000","1980.0000","1984.0000"," ","0.0000","0.0000","44200","88018300","1991.3643"
"20201211","01","12","    67780","JP3126140007","1545.0000","1569.0000","1542.0000","1565.0000","1565.0000","1568.0000","1544.0000","1560.0000","1545.0000","1569.0000","1542.0000","1560.0000"," ","0.0000","0.0000","129300","200953000","1554.1609"
"20201211","01","12","    67860","JP3969550007","78.0000","78.0000","77.0000","78.0000","78.0000","78.0000","77.0000","78.0000","78.0000","78.0000","77.0000","78.0000"," ","0.0000","0.0000","62600","4860100","77.6374"
"20201211","01","12","    67870","JP3915350007","2055.0000","2058.0000","2001.0000","2028.0000","2024.0000","2040.0000","2011.0000","2039.0000","2055.0000","2058.0000","2001.0000","2039.0000"," ","0.0000","0.0000","68700","139360900","2028.5429"
"20201211","01","12","    68190","JP3855600007","95.0000","96.0000","95.0000","96.0000","95.0000","96.0000","95.0000","95.0000","95.0000","96.0000","95.0000","95.0000"," ","0.0000","0.0000","11800","1128500","95.6356"
"20201211","01","12","    68220","JP3175400005","2569.0000","2569.0000","2540.0000","2540.0000","2570.0000","2585.0000","2570.0000","2585.0000","2569.0000","2585.0000","2540.0000","2585.0000"," ","0.0000","0.0000","700","1799500","2570.7143"
"20201211","01","12","    68240","JP3376400002","1780.0000","1786.0000","1750.0000","1759.0000","1755.0000","1776.0000","1740.0000","1767.0000","1780.0000","1786.0000","1740.0000","1767.0000"," ","0.0000","0.0000","7500","13203500","1760.4667"
"20201211","01","12","    68320","JP3105280006","2208.0000","2218.0000","2159.0000","2191.0000","2217.0000","2218.0000","2194.0000","2206.0000","2208.0000","2218.0000","2159.0000","2206.0000"," ","0.0000","0.0000","4700","10345400","2201.1489"
"20201211","01","12","    68340","JP3414870000","2691.0000","2718.0000","2631.0000","2668.0000","2677.0000","2708.0000","2670.0000","2700.0000","2691.0000","2718.0000","2631.0000","2700.0000"," ","0.0000","0.0000","22300","59848700","2683.7982"
"20201211","01","12","    68350","JP3124900006","98.0000","100.0000","98.0000","99.0000","98.0000","100.0000","98.0000","99.0000","98.0000","100.0000","98.0000","99.0000"," ","0.0000","0.0000","361300","35568300","98.4453"
"20201211","01","12","    68360","JP3833000007","1396.0000","1413.0000","1396.0000","1402.0000","1412.0000","1412.0000","1412.0000","1412.0000","1396.0000","1413.0000","1396.0000","1412.0000"," ","0.0000","0.0000","1200","1686800","1405.6667"
"20201211","01","12","    68370","JP3249230008","266.0000","268.0000","260.0000","261.0000","258.0000","269.0000","256.0000","266.0000","266.0000","269.0000","256.0000","266.0000"," ","0.0000","0.0000","62100","16283800","262.2190"
"20201211","01","12","    68380","JP3470700000","2029.0000","2065.0000","2025.0000","2057.0000","2056.0000","2073.0000","2050.0000","2054.0000","2029.0000","2073.0000","2025.0000","2054.0000"," ","0.0000","0.0000","47800","97959300","2049.3577"
"20201211","01","12","    68400","JP3121980001","4155.0000","4315.0000","4155.0000","4290.0000","4265.0000","4300.0000","4250.0000","4250.0000","4155.0000","4315.0000","4155.0000","4250.0000"," ","0.0000","0.0000","10900","46232500","4241.5138"
"20201211","01","12","    68520","JP3545030003","1252.0000","1252.0000","1252.0000","1252.0000","1253.0000","1258.0000","1252.0000","1258.0000","1252.0000","1258.0000","1252.0000","1258.0000"," ","0.0000","0.0000","1600","2004600","1252.8750"
"20201211","01","12","    68620","JP3905800003","440.0000","444.0000","438.0000","441.0000","441.0000","441.0000","438.0000","440.0000","440.0000","444.0000","438.0000","440.0000"," ","0.0000","0.0000","45100","19824000","439.5565"
"20201211","01","12","    68630","JP3756400002","873.0000","877.0000","865.0000","866.0000","868.0000","876.0000","865.0000","867.0000","873.0000","877.0000","865.0000","867.0000"," ","0.0000","0.0000","15200","13215000","869.4079"
"20201211","01","12","    68640","JP3164680005","2305.0000","2350.0000","2288.0000","2338.0000","2338.0000","2410.0000","2316.0000","2359.0000","2305.0000","2410.0000","2288.0000","2359.0000"," ","0.0000","0.0000","132100","310848300","2353.1287"
"20201211","01","12","    68670","JP3969350002","709.0000","717.0000","707.0000","713.0000","713.0000","722.0000","711.0000","718.0000","709.0000","722.0000","707.0000","718.0000"," ","0.0000","0.0000","22300","15945100","715.0269"
"20201211","01","12","    68700","JP3749100008","1470.0000","1475.0000","1470.0000","1474.0000","1474.0000","1475.0000","1470.0000","1474.0000","1470.0000","1475.0000","1470.0000","1474.0000"," ","0.0000","0.0000","1100","1620200","1472.9091"
"20201211","01","12","    68740","JP3253850006","2180.0000","2180.0000","2133.0000","2133.0000","2121.0000","2166.0000","2121.0000","2165.0000","2180.0000","2180.0000","2121.0000","2165.0000"," ","0.0000","0.0000","5400","11604400","2148.9630"
"20201211","01","12","    68810","JP3250200007","320.0000","320.0000","315.0000","319.0000","320.0000","322.0000","318.0000","320.0000","320.0000","322.0000","315.0000","320.0000"," ","0.0000","0.0000","167000","53130700","318.1479"
"20201211","01","12","    68820","JP3332600000","830.0000","864.0000","829.0000","858.0000","858.0000","872.0000","858.0000","865.0000","830.0000","872.0000","829.0000","865.0000"," ","0.0000","0.0000","99600","85408400","857.5141"
"20201211","01","12","    68880","JP3108100003","411.0000","416.0000","409.0000","415.0000","416.0000","416.0000","412.0000","415.0000","411.0000","416.0000","409.0000","415.0000"," ","0.0000","0.0000","50500","20828400","412.4436"
"20201211","01","12","    68900","JP3802720007","1419.0000","1460.0000","1397.0000","1402.0000","1399.0000","1412.0000","1395.0000","1403.0000","1419.0000","1460.0000","1395.0000","1403.0000"," ","0.0000","0.0000","635600","901051900","1417.6399"
"20201211","01","12","    68940","JP3782000008","1834.0000","1834.0000","1834.0000","1834.0000","1828.0000","1834.0000","1828.0000","1834.0000","1834.0000","1834.0000","1828.0000","1834.0000"," ","0.0000","0.0000","1000","1833400","1833.4000"
"20201211","01","12","    68970","JP3531100000","1834.0000","1914.0000","1785.0000","1870.0000","1867.0000","2053.0000","1861.0000","2053.0000","1834.0000","2053.0000","1785.0000","2053.0000"," ","0.0000","0.0000","6791100","13048491000","1921.4105"
"20201211","01","12","    68980","JP3630700007","1383.0000","1399.0000","1344.0000","1379.0000","1381.0000","1404.0000","1381.0000","1404.0000","1383.0000","1404.0000","1344.0000","1404.0000"," ","0.0000","0.0000","4300","5895200","1370.9767"
"20201211","01","12","    68990","JP3119960007","1470.0000","1486.0000","1467.0000","1486.0000","1486.0000","1509.0000","1467.0000","1509.0000","1470.0000","1509.0000","1467.0000","1509.0000"," ","0.0000","0.0000","9000","13353200","1483.6889"
"20201211","01","12","    69070","JP3386300002","465.0000","471.0000","463.0000","468.0000","465.0000","472.0000","463.0000","472.0000","465.0000","472.0000","463.0000","472.0000"," ","0.0000","0.0000","12000","5623000","468.5833"
"20201211","01","12","    69120","JP3236700005","854.0000","878.0000","849.0000","858.0000","857.0000","862.0000","848.0000","848.0000","854.0000","878.0000","848.0000","848.0000"," ","0.0000","0.0000","29900","25539500","854.1639"
"20201211","01","12","    69180","JP3122500006","3600.0000","3650.0000","3545.0000","3550.0000","3540.0000","3545.0000","3480.0000","3510.0000","3600.0000","3650.0000","3480.0000","3510.0000"," ","0.0000","0.0000","41400","146555000","3539.9758"
"20201211","01","12","    69190","JP3281700009","920.0000","927.0000","903.0000","903.0000","906.0000","917.0000","905.0000","906.0000","920.0000","927.0000","903.0000","906.0000"," ","0.0000","0.0000","15300","13986000","914.1176"
"20201211","01","12","    69300","JP3686600002","0.0000","0.0000","0.0000","0.0000","1006.0000","1055.0000","1006.0000","1038.0000","1006.0000","1055.0000","1006.0000","1038.0000"," ","0.0000","0.0000","5300","5490700","1035.9811"
"20201211","01","12","    69420","JP3436000008","1398.0000","1425.0000","1398.0000","1398.0000","1398.0000","1425.0000","1370.0000","1371.0000","1398.0000","1425.0000","1370.0000","1371.0000"," ","0.0000","0.0000","9500","13307300","1400.7684"
"20201211","01","12","    69430","JP3691400000","3575.0000","3575.0000","3575.0000","3575.0000","0.0000","0.0000","0.0000","0.0000","3575.0000","3575.0000","3575.0000","3575.0000"," ","0.0000","0.0000","100","357500","3575.0000"
"20201211","01","12","    69440","JP3105150001","1563.0000","1563.0000","1563.0000","1563.0000","1563.0000","1580.0000","1551.0000","1569.0000","1563.0000","1580.0000","1551.0000","1569.0000"," ","0.0000","0.0000","1800","2817800","1565.4444"
"20201211","01","12","    69450","JP3818200002","1534.0000","1534.0000","1534.0000","1534.0000","1534.0000","1534.0000","1534.0000","1534.0000","1534.0000","1534.0000","1534.0000","1534.0000"," ","0.0000","0.0000","600","920400","1534.0000"
"20201211","01","12","    69460","JP3686200001","2050.0000","2054.0000","2044.0000","2050.0000","2047.0000","2054.0000","2035.0000","2053.0000","2050.0000","2054.0000","2035.0000","2053.0000"," ","0.0000","0.0000","14700","30098800","2047.5374"
"20201211","01","12","    69550","JP3820400004","1657.0000","1678.0000","1624.0000","1671.0000","1661.0000","1687.0000","1644.0000","1672.0000","1657.0000","1687.0000","1624.0000","1672.0000"," ","0.0000","0.0000","864900","1434579900","1658.6656"
"20201211","01","12","    69570","JP3354800009","2965.0000","2965.0000","2879.0000","2912.0000","2928.0000","3010.0000","2923.0000","3010.0000","2965.0000","3010.0000","2879.0000","3010.0000"," ","0.0000","0.0000","18900","55482800","2935.5979"
"20201211","01","12","    69600","JP3806000000","7500.0000","7550.0000","7500.0000","7550.0000","7550.0000","7550.0000","7550.0000","7550.0000","7500.0000","7550.0000","7500.0000","7550.0000"," ","0.0000","0.0000","600","4515000","7525.0000"
"20201211","01","12","    69640","JP3330400007","473.0000","490.0000","473.0000","482.0000","490.0000","492.0000","487.0000","491.0000","473.0000","492.0000","473.0000","491.0000"," ","0.0000","0.0000","6700","3258900","486.4030"
"20201211","01","12","    69690","JP3864400001","607.0000","638.0000","593.0000","615.0000","615.0000","624.0000","600.0000","623.0000","607.0000","638.0000","593.0000","623.0000"," ","0.0000","0.0000","153500","93685300","610.3277"
"20201211","01","12","    69770","JP3730600008","1115.0000","1134.0000","1100.0000","1105.0000","1119.0000","1120.0000","1071.0000","1100.0000","1115.0000","1134.0000","1071.0000","1100.0000"," ","0.0000","0.0000","8100","8941800","1103.9259"
"20201211","01","12","    69820","JP3969400005","1040.0000","1066.0000","977.0000","1000.0000","995.0000","1124.0000","957.0000","992.0000","1040.0000","1124.0000","957.0000","992.0000"," ","0.0000","0.0000","1530600","1569027900","1025.1064"
"20201211","01","12","    69930","JP3926000005","25.0000","25.0000","24.0000","24.0000","25.0000","25.0000","24.0000","25.0000","25.0000","25.0000","24.0000","25.0000"," ","0.0000","0.0000","3586200","89102900","24.8460"
"20201211","01","12","    69940","JP3352800001","560.0000","576.0000","557.0000","557.0000","563.0000","578.0000","558.0000","573.0000","560.0000","578.0000","557.0000","573.0000"," ","0.0000","0.0000","23600","13307800","563.8898"
"20201211","01","12","    69980","JP3727000006","1808.0000","1808.0000","1793.0000","1807.0000","1793.0000","1804.0000","1793.0000","1801.0000","1808.0000","1808.0000","1793.0000","1801.0000"," ","0.0000","0.0000","4200","7569000","1802.1429"
"20201211","01","12","    70180","JP3640400002","1010.0000","1010.0000","1010.0000","1010.0000","0.0000","0.0000","0.0000","0.0000","1010.0000","1010.0000","1010.0000","1010.0000"," ","0.0000","0.0000","300","303000","1010.0000"
"20201211","01","12","    70210","JP3680400003","1355.0000","1375.0000","1355.0000","1375.0000","1405.0000","1405.0000","1405.0000","1405.0000","1355.0000","1405.0000","1355.0000","1405.0000"," ","0.0000","0.0000","1000","1387400","1387.4000"
"20201211","01","12","    70360","JP3130210002","2099.0000","2099.0000","2099.0000","2099.0000","2100.0000","2113.0000","2090.0000","2090.0000","2099.0000","2113.0000","2090.0000","2090.0000"," ","0.0000","0.0000","1400","2941800","2101.2857"
"20201211","01","12","    70390","JP3831050004","2428.0000","2476.0000","2412.0000","2476.0000","2476.0000","2477.0000","2428.0000","2430.0000","2428.0000","2477.0000","2412.0000","2430.0000"," ","0.0000","0.0000","32700","80001200","2446.5199"
"20201211","01","12","    70400","JP3342700006","754.0000","754.0000","754.0000","754.0000","755.0000","760.0000","755.0000","760.0000","754.0000","760.0000","754.0000","760.0000"," ","0.0000","0.0000","1200","907300","756.0833"
"20201211","01","12","    70410","JP3346110004","555.0000","555.0000","537.0000","552.0000","547.0000","566.0000","547.0000","565.0000","555.0000","566.0000","537.0000","565.0000"," ","0.0000","0.0000","17800","9822000","551.7978"
"20201211","01","12","    70420","JP3108190004","807.0000","821.0000","807.0000","819.0000","821.0000","821.0000","808.0000","810.0000","807.0000","821.0000","807.0000","810.0000"," ","0.0000","0.0000","1800","1462400","812.4444"
"20201211","01","12","    70430","JP3126050008","632.0000","632.0000","632.0000","632.0000","625.0000","625.0000","609.0000","611.0000","632.0000","632.0000","609.0000","611.0000"," ","0.0000","0.0000","3800","2361400","621.4211"
"20201211","01","12","    70450","JP3532850009","1326.0000","1342.0000","1326.0000","1327.0000","1327.0000","1330.0000","1325.0000","1330.0000","1326.0000","1342.0000","1325.0000","1330.0000"," ","0.0000","0.0000","2700","3585500","1327.9630"
"20201211","01","12","    70460","JP3545250007","2340.0000","2353.0000","2313.0000","2345.0000","2353.0000","2379.0000","2315.0000","2367.0000","2340.0000","2379.0000","2313.0000","2367.0000"," ","0.0000","0.0000","12600","29515900","2342.5317"
"20201211","01","12","    70470","JP3855850008","708.0000","729.0000","699.0000","728.0000","726.0000","726.0000","716.0000","718.0000","708.0000","729.0000","699.0000","718.0000"," ","0.0000","0.0000","107400","77171000","718.5382"
"20201211","01","12","    70480","JP3835830005","438.0000","449.0000","436.0000","443.0000","443.0000","447.0000","442.0000","446.0000","438.0000","449.0000","436.0000","446.0000"," ","0.0000","0.0000","194300","86199200","443.6397"
"20201211","01","12","    70490","JP3348200001","1414.0000","1418.0000","1372.0000","1403.0000","1405.0000","1420.0000","1380.0000","1399.0000","1414.0000","1420.0000","1372.0000","1399.0000"," ","0.0000","0.0000","15900","22297500","1402.3585"
"20201211","01","12","    70500","JP3829520000","1525.0000","1547.0000","1505.0000","1526.0000","1522.0000","1537.0000","1520.0000","1535.0000","1525.0000","1547.0000","1505.0000","1535.0000"," ","0.0000","0.0000","14500","22149200","1527.5310"
"20201211","01","12","    70560","JP3873750008","0.0000","0.0000","0.0000","0.0000","0.0000","0.0000","0.0000","0.0000","0.0000","0.0000","0.0000","0.0000"," ","0.0000","0.0000","0","0","0.0000"
"20201211","01","12","    70570","JP3165050000","1124.0000","1150.0000","1124.0000","1150.0000","1157.0000","1186.0000","1152.0000","1180.0000","1124.0000","1186.0000","1124.0000","1180.0000"," ","0.0000","0.0000","5500","6397400","1163.1636"
"20201211","01","12","    70580","JP3247500006","3035.0000","3040.0000","3035.0000","3040.0000","3035.0000","3055.0000","3015.0000","3015.0000","3035.0000","3055.0000","3015.0000","3015.0000"," ","0.0000","0.0000","1000","3033500","3033.5000"
"20201211","01","12","    70610","JP3750000006","1929.0000","1951.0000","1915.0000","1934.0000","1934.0000","1935.0000","1926.0000","1928.0000","1929.0000","1951.0000","1915.0000","1928.0000"," ","0.0000","0.0000","17600","33974900","1930.3920"
"20201211","01","12","    70620","JP3828950000","900.0000","900.0000","851.0000","877.0000","862.0000","880.0000","850.0000","851.0000","900.0000","900.0000","850.0000","851.0000"," ","0.0000","0.0000","33100","28773200","869.2810"
"20201211","01","12","    70630","JP3160590000","1658.0000","1692.0000","1625.0000","1671.0000","1661.0000","1694.0000","1659.0000","1691.0000","1658.0000","1694.0000","1625.0000","1691.0000"," ","0.0000","0.0000","20000","33231500","1661.5750"
"20201211","01","12","    70640","JP3765460005","2120.0000","2120.0000","2034.0000","2040.0000","2036.0000","2050.0000","2036.0000","2050.0000","2120.0000","2120.0000","2034.0000","2050.0000"," ","0.0000","0.0000","1900","3917900","2062.0526"
"20201211","01","12","    70650","JP3944660004","3850.0000","3850.0000","3760.0000","3760.0000","3765.0000","3805.0000","3765.0000","3785.0000","3850.0000","3850.0000","3760.0000","3785.0000"," ","0.0000","0.0000","12000","45492000","3791.0000"
"20201211","01","12","    70660","JP3801660006","1980.0000","1980.0000","1915.0000","1969.0000","1969.0000","1969.0000","1945.0000","1968.0000","1980.0000","1980.0000","1915.0000","1968.0000"," ","0.0000","0.0000","7500","14700100","1960.0133"
"20201211","01","12","    70670","JP3830750000","1371.0000","1371.0000","1332.0000","1332.0000","1332.0000","1349.0000","1315.0000","1315.0000","1371.0000","1371.0000","1315.0000","1315.0000"," ","0.0000","0.0000","3500","4674100","1335.4571"
"20201211","01","12","    70680","JP3803040009","1110.0000","1150.0000","1093.0000","1133.0000","1140.0000","1152.0000","1120.0000","1134.0000","1110.0000","1152.0000","1093.0000","1134.0000"," ","0.0000","0.0000","179000","202332500","1130.3492"
"20201211","01","12","    70690","JP3311580009","2356.0000","2426.0000","2251.0000","2412.0000","2412.0000","2446.0000","2401.0000","2424.0000","2356.0000","2446.0000","2251.0000","2424.0000"," ","0.0000","0.0000","35400","83135300","2348.4548"
"20201211","01","12","    70700","JP3161610005","579.0000","579.0000","568.0000","577.0000","578.0000","578.0000","568.0000","573.0000","579.0000","579.0000","568.0000","573.0000"," ","0.0000","0.0000","9800","5616300","573.0918"
"20201211","01","12","    70710","JP3128660002","5000.0000","5160.0000","4805.0000","5040.0000","5000.0000","5060.0000","4910.0000","4945.0000","5000.0000","5160.0000","4805.0000","4945.0000"," ","0.0000","0.0000","124100","616171500","4965.1209"
"20201211","01","12","    70720","JP3152890004","1610.0000","1623.0000","1561.0000","1602.0000","1600.0000","1643.0000","1576.0000","1605.0000","1610.0000","1643.0000","1561.0000","1605.0000"," ","0.0000","0.0000","80400","128606000","1599.5771"
"20201211","01","12","    70730","JP3386680007","3050.0000","3055.0000","3005.0000","3005.0000","3045.0000","3045.0000","3045.0000","3045.0000","3050.0000","3055.0000","3005.0000","3045.0000"," ","0.0000","0.0000","1000","3043500","3043.5000"
"20201211","01","12","    70740","JP3560570008","902.0000","903.0000","877.0000","886.0000","893.0000","893.0000","875.0000","884.0000","902.0000","903.0000","875.0000","884.0000"," ","0.0000","0.0000","8000","7092900","886.6125"
"20201211","01","12","    70750","JP3244580001","0.0000","0.0000","0.0000","0.0000","0.0000","0.0000","0.0000","0.0000","0.0000","0.0000","0.0000","0.0000"," ","0.0000","0.0000","0","0","0.0000"
"20201211","01","12","    70770","JP3126030000","2003.0000","2028.0000","2002.0000","2017.0000","2017.0000","2098.0000","2017.0000","2098.0000","2003.0000","2098.0000","2002.0000","2098.0000"," ","0.0000","0.0000","5600","11398500","2035.4464"
"20201211","01","12","    70780","JP3152620005","1084.0000","1084.0000","1057.0000","1060.0000","1060.0000","1074.0000","1057.0000","1061.0000","1084.0000","1084.0000","1057.0000","1061.0000"," ","0.0000","0.0000","2400","2564500","1068.5417"
"20201211","01","12","    70790","JP3506010002","3525.0000","3555.0000","3435.0000","3500.0000","3455.0000","3585.0000","3440.0000","3585.0000","3525.0000","3585.0000","3435.0000","3585.0000"," ","0.0000","0.0000","9100","31889000","3504.2857"
"20201211","01","12","    70800","JP3400030007","2049.0000","2050.0000","2013.0000","2013.0000","2039.0000","2039.0000","2015.0000","2015.0000","2049.0000","2050.0000","2013.0000","2015.0000"," ","0.0000","0.0000","1000","2034200","2034.2000"
"20201211","01","12","    70810","JP3283850000","1454.0000","1454.0000","1427.0000","1445.0000","1447.0000","1447.0000","1428.0000","1437.0000","1454.0000","1454.0000","1427.0000","1437.0000"," ","0.0000","0.0000","10000","14366800","1436.6800"
"20201211","01","12","    70820","JP3387960002","2649.0000","2789.0000","2649.0000","2759.0000","2778.0000","2820.0000","2747.0000","2798.0000","2649.0000","2820.0000","2649.0000","2798.0000"," ","0.0000","0.0000","170100","468215600","2752.5902"
"20201211","01","12","    70830","JP3160170001","1514.0000","1514.0000","1481.0000","1481.0000","1487.0000","1489.0000","1474.0000","1475.0000","1514.0000","1514.0000","1474.0000","1475.0000"," ","0.0000","0.0000","1800","2686000","1492.2222"
"20201211","01","12","    70840","JP3240500003","1779.0000","1779.0000","1737.0000","1762.0000","1800.0000","1800.0000","1771.0000","1780.0000","1779.0000","1800.0000","1737.0000","1780.0000"," ","0.0000","0.0000","6100","10883200","1784.1311"
"20201211","01","12","    70860","JP3236900001","1197.0000","1210.0000","1188.0000","1207.0000","1209.0000","1218.0000","1208.0000","1218.0000","1197.0000","1218.0000","1188.0000","1218.0000"," ","0.0000","0.0000","17900","21588000","1206.0335"
"20201211","01","12","    70870","JP3154220002","709.0000","715.0000","705.0000","710.0000","711.0000","728.0000","711.0000","722.0000","709.0000","728.0000","705.0000","722.0000"," ","0.0000","0.0000","35800","25502900","712.3715"
"20201211","01","12","    70890","JP3803070006","1231.0000","1231.0000","1207.0000","1207.0000","1206.0000","1206.0000","1201.0000","1204.0000","1231.0000","1231.0000","1201.0000","1204.0000"," ","0.0000","0.0000","3700","4483100","1211.6486"
"20201211","01","12","    70900","JP3970350009","3165.0000","3460.0000","3165.0000","3415.0000","3435.0000","3515.0000","3400.0000","3485.0000","3165.0000","3515.0000","3165.0000","3485.0000"," ","0.0000","0.0000","43600","148641000","3409.1972"
"20201211","01","12","    70910","JP3974790002","3170.0000","3170.0000","3145.0000","3145.0000","3190.0000","3190.0000","3185.0000","3190.0000","3170.0000","3190.0000","3145.0000","3190.0000"," ","0.0000","0.0000","2400","7617500","3173.9583"
"20201211","01","12","    70930","JP3121500007","1673.0000","1737.0000","1673.0000","1708.0000","1683.0000","1720.0000","1683.0000","1720.0000","1673.0000","1737.0000","1673.0000","1720.0000"," ","0.0000","0.0000","7000","11948100","1706.8714"
"20201211","01","12","    70940","JP3758240000","6550.0000","6890.0000","6490.0000","6750.0000","6800.0000","6860.0000","6670.0000","6720.0000","6550.0000","6890.0000","6490.0000","6720.0000"," ","0.0000","0.0000","100900","678769000","6727.1457"
"20201211","01","12","    70950","JP3862970005","3380.0000","3475.0000","3380.0000","3465.0000","3465.0000","3495.0000","3435.0000","3475.0000","3380.0000","3495.0000","3380.0000","3475.0000"," ","0.0000","0.0000","60700","209114000","3445.0412"
"20201211","01","12","    70970","JP3317700007","2362.0000","2420.0000","2343.0000","2396.0000","2413.0000","2418.0000","2391.0000","2418.0000","2362.0000","2420.0000","2343.0000","2418.0000"," ","0.0000","0.0000","13900","33184400","2387.3669"
"20201211","01","12","    70980","JP3160480004","0.0000","0.0000","0.0000","0.0000","0.0000","0.0000","0.0000","0.0000","0.0000","0.0000","0.0000","0.0000"," ","0.0000","0.0000","0","0","0.0000"
"20201211","01","12","    71570","JP3966660007","1520.0000","1530.0000","1457.0000","1477.0000","1477.0000","1486.0000","1462.0000","1486.0000","1520.0000","1530.0000","1457.0000","1486.0000"," ","0.0000","0.0000","240800","357007500","1482.5893"
"20201211","01","12","    71620","JP3120080001","315.0000","322.0000","309.0000","322.0000","315.0000","324.0000","315.0000","321.0000","315.0000","324.0000","309.0000","321.0000"," ","0.0000","0.0000","191000","60556900","317.0518"
"20201211","01","12","    71690","JP3756270009","2248.0000","2250.0000","2248.0000","2250.0000","2240.0000","2240.0000","2236.0000","2236.0000","2248.0000","2250.0000","2236.0000","2236.0000"," ","0.0000","0.0000","500","1122200","2244.4000"
"20201211","01","12","    71700","JP3513850002","0.0000","0.0000","0.0000","0.0000","0.0000","0.0000","0.0000","0.0000","0.0000","0.0000","0.0000","0.0000"," ","0.0000","0.0000","0","0","0.0000"
"20201211","01","12","    71750","JP3149120002","1300.0000","1350.0000","1295.0000","1303.0000","1290.0000","1303.0000","1290.0000","1301.0000","1300.0000","1350.0000","1290.0000","1301.0000"," ","0.0000","0.0000","7700","10014800","1300.6234"
"20201211","01","12","    71760","JP3383250002","0.0000","0.0000","0.0000","0.0000","0.0000","0.0000","0.0000","0.0000","0.0000","0.0000","0.0000","0.0000"," ","0.0000","0.0000","0","0","0.0000"
"20201211","01","12","    71770","JP3386550002","687.0000","691.0000","684.0000","688.0000","685.0000","689.0000","685.0000","689.0000","687.0000","691.0000","684.0000","689.0000"," ","0.0000","0.0000","97500","66971200","686.8841"
"20201211","01","12","    71830","JP3127650004","417.0000","417.0000","406.0000","410.0000","409.0000","415.0000","407.0000","415.0000","417.0000","417.0000","406.0000","415.0000"," ","0.0000","0.0000","79500","32717900","411.5459"
"20201211","01","12","    71850","JP3798800003","1982.0000","1982.0000","1951.0000","1951.0000","1951.0000","1959.0000","1951.0000","1954.0000","1982.0000","1982.0000","1951.0000","1954.0000"," ","0.0000","0.0000","3900","7636800","1958.1538"
"20201211","01","12","    72080","JP3217950009","709.0000","710.0000","702.0000","710.0000","710.0000","710.0000","700.0000","710.0000","709.0000","710.0000","700.0000","710.0000"," ","0.0000","0.0000","4200","2962100","705.2619"
"20201211","01","12","    72170","JP3544980000","860.0000","900.0000","860.0000","873.0000","875.0000","926.0000","875.0000","921.0000","860.0000","926.0000","860.0000","921.0000"," ","0.0000","0.0000","28800","25748800","894.0556"
"20201211","01","12","    72180","JP3468790005","579.0000","579.0000","574.0000","579.0000","579.0000","580.0000","576.0000","577.0000","579.0000","580.0000","574.0000","577.0000"," ","0.0000","0.0000","7900","4553000","576.3291"
"20201211","01","12","    72190","JP3164450003","1841.0000","1862.0000","1760.0000","1760.0000","1725.0000","1725.0000","1725.0000","1725.0000","1841.0000","1862.0000","1725.0000","1725.0000"," ","0.0000","0.0000","3200","5715900","1786.2188"
"20201211","01","12","    72280","JP3548650005","1960.0000","1962.0000","1955.0000","1955.0000","1956.0000","1965.0000","1956.0000","1956.0000","1960.0000","1965.0000","1955.0000","1956.0000"," ","0.0000","0.0000","2500","4897900","1959.1600"
"20201211","01","12","    72290","JP3948900000","1667.0000","1680.0000","1655.0000","1680.0000","1680.0000","1685.0000","1680.0000","1685.0000","1667.0000","1685.0000","1655.0000","1685.0000"," ","0.0000","0.0000","9800","16343000","1667.6531"
"20201211","01","12","    72350","JP3590200006","484.0000","490.0000","484.0000","489.0000","486.0000","490.0000","486.0000","487.0000","484.0000","490.0000","484.0000","487.0000"," ","0.0000","0.0000","41400","20120300","485.9976"
"20201211","01","12","    72540","JP3821400003","250.0000","250.0000","241.0000","243.0000","241.0000","242.0000","234.0000","238.0000","250.0000","250.0000","234.0000","238.0000"," ","0.0000","0.0000","43000","10406100","242.0023"
"20201211","01","12","    72550","JP3317200008","474.0000","490.0000","474.0000","482.0000","482.0000","482.0000","465.0000","470.0000","474.0000","490.0000","465.0000","470.0000"," ","0.0000","0.0000","16100","7769000","482.5466"
"20201211","01","12","    72640","JP3914700004","1082.0000","1110.0000","1082.0000","1087.0000","1081.0000","1092.0000","1054.0000","1058.0000","1082.0000","1110.0000","1054.0000","1058.0000"," ","0.0000","0.0000","6400","6936000","1083.7500"
"20201211","01","12","    72650","JP3160690008","2218.0000","2229.0000","2190.0000","2215.0000","2225.0000","2233.0000","2220.0000","2233.0000","2218.0000","2233.0000","2190.0000","2233.0000"," ","0.0000","0.0000","1300","2881600","2216.6154"
"20201211","01","12","    72680","JP3467600007","345.0000","372.0000","342.0000","359.0000","364.0000","364.0000","347.0000","363.0000","345.0000","372.0000","342.0000","363.0000"," ","0.0000","0.0000","71600","25347800","354.0196"
"20201211","01","12","    72730","JP3131500005","955.0000","1001.0000","955.0000","986.0000","981.0000","1050.0000","966.0000","1050.0000","955.0000","1050.0000","955.0000","1050.0000"," ","0.0000","0.0000","2600","2572000","989.2308"
"20201211","01","12","    72790","JP3699600007","1302.0000","1307.0000","1267.0000","1276.0000","1273.0000","1317.0000","1273.0000","1315.0000","1302.0000","1317.0000","1267.0000","1315.0000"," ","0.0000","0.0000","61900","80018700","1292.7092"
"20201211","01","12","    72870","JP3720600000","1200.0000","1200.0000","1174.0000","1182.0000","1178.0000","1183.0000","1170.0000","1180.0000","1200.0000","1200.0000","1170.0000","1180.0000"," ","0.0000","0.0000","108100","128212400","1186.0537"
"20201211","01","12","    72920","JP3914200005","2453.0000","2453.0000","2452.0000","2452.0000","0.0000","0.0000","0.0000","0.0000","2453.0000","2453.0000","2452.0000","2452.0000"," ","0.0000","0.0000","700","1716700","2452.4286"
"20201211","01","12","    72970","JP3205300001","844.0000","844.0000","844.0000","844.0000","834.0000","834.0000","830.0000","830.0000","844.0000","844.0000","830.0000","830.0000"," ","0.0000","0.0000","500","416800","833.6000"
"20201211","01","12","    72980","JP3933000006","696.0000","731.0000","675.0000","714.0000","705.0000","705.0000","664.0000","696.0000","696.0000","731.0000","664.0000","696.0000"," ","0.0000","0.0000","398400","277760600","697.1903"
"20201211","01","12","    72990","JP3807750009","2290.0000","2303.0000","2290.0000","2303.0000","2295.0000","2295.0000","2281.0000","2286.0000","2290.0000","2303.0000","2281.0000","2286.0000"," ","0.0000","0.0000","3800","8710200","2292.1579"
"20201211","01","12","    73140","JP3196610004","554.0000","554.0000","550.0000","553.0000","555.0000","559.0000","553.0000","559.0000","554.0000","559.0000","550.0000","559.0000"," ","0.0000","0.0000","2800","1554300","555.1071"
"20201211","01","12","    73150","JP3102310004","503.0000","513.0000","501.0000","511.0000","511.0000","514.0000","507.0000","513.0000","503.0000","514.0000","501.0000","513.0000"," ","0.0000","0.0000","26600","13539800","509.0150"
"20201211","01","12","    73170","JP3869400006","6010.0000","6180.0000","5740.0000","5840.0000","5860.0000","5920.0000","5700.0000","5880.0000","6010.0000","6180.0000","5700.0000","5880.0000"," ","0.0000","0.0000","108400","635910000","5866.3284"
"20201211","01","12","    73200","JP3755100009","2130.0000","2130.0000","2095.0000","2107.0000","2093.0000","2131.0000","2076.0000","2121.0000","2130.0000","2131.0000","2076.0000","2121.0000"," ","0.0000","0.0000","12100","25449800","2103.2893"
"20201211","01","12","    73250","JP3105230001","944.0000","960.0000","935.0000","959.0000","959.0000","970.0000","948.0000","957.0000","944.0000","970.0000","935.0000","957.0000"," ","0.0000","0.0000","88300","83882700","949.9740"
"20201211","01","12","    73260","JP3163420007","1500.0000","1507.0000","1478.0000","1488.0000","1488.0000","1496.0000","1483.0000","1485.0000","1500.0000","1507.0000","1478.0000","1485.0000"," ","0.0000","0.0000","12300","18351300","1491.9756"
"20201211","01","12","    73380","JP3152610006","693.0000","693.0000","690.0000","690.0000","699.0000","699.0000","699.0000","699.0000","693.0000","699.0000","690.0000","699.0000"," ","0.0000","0.0000","900","622200","691.3333"
"20201211","01","12","    73390","JP3104840008","2210.0000","2210.0000","2200.0000","2210.0000","2210.0000","2210.0000","2193.0000","2200.0000","2210.0000","2210.0000","2193.0000","2200.0000"," ","0.0000","0.0000","4400","9700300","2204.6136"
"20201211","01","12","    73510","JP3273790000","2379.0000","2438.0000","2354.0000","2413.0000","2417.0000","2430.0000","2384.0000","2420.0000","2379.0000","2438.0000","2354.0000","2420.0000"," ","0.0000","0.0000","122600","294374800","2401.0995"
"20201211","01","12","    73520","JP3830720003","1112.0000","1113.0000","1082.0000","1104.0000","1092.0000","1092.0000","1072.0000","1084.0000","1112.0000","1113.0000","1072.0000","1084.0000"," ","0.0000","0.0000","15600","16979600","1088.4359"
"20201211","01","12","    73530","JP3257300008","10400.0000","11190.0000","10350.0000","11040.0000","11080.0000","11080.0000","10380.0000","10580.0000","10400.0000","11190.0000","10350.0000","10580.0000"," ","0.0000","0.0000","119200","1277734000","10719.2450"
"20201211","01","12","    73550","JP3142370000","0.0000","0.0000","0.0000","0.0000","0.0000","0.0000","0.0000","0.0000","0.0000","0.0000","0.0000","0.0000"," ","0.0000","0.0000","0","0","0.0000"
"20201211","01","12","    73560","JP3980350007","1829.0000","1836.0000","1782.0000","1808.0000","1811.0000","1873.0000","1808.0000","1819.0000","1829.0000","1873.0000","1782.0000","1819.0000"," ","0.0000","0.0000","220400","402597000","1826.6652"
"20201211","01","12","    73570","JP3386730000","2037.0000","2162.0000","2037.0000","2127.0000","2127.0000","2149.0000","2065.0000","2149.0000","2037.0000","2162.0000","2037.0000","2149.0000"," ","0.0000","0.0000","153700","323729700","2106.2440"
"20201211","01","12","    73990","JP3653300008","538.0000","547.0000","537.0000","547.0000","0.0000","0.0000","0.0000","0.0000","538.0000","547.0000","537.0000","547.0000"," ","0.0000","0.0000","1400","759100","542.2143"
"20201211","01","12","    74120","JP3121900009","850.0000","852.0000","846.0000","848.0000","846.0000","854.0000","846.0000","854.0000","850.0000","854.0000","846.0000","854.0000"," ","0.0000","0.0000","86700","73696400","850.0161"
"20201211","01","12","    74130","JP3431600000","0.0000","0.0000","0.0000","0.0000","0.0000","0.0000","0.0000","0.0000","0.0000","0.0000","0.0000","0.0000"," ","0.0000","0.0000","0","0","0.0000"
"20201211","01","12","    74220","JP3603200001","3000.0000","3040.0000","3000.0000","3020.0000","3020.0000","3045.0000","3010.0000","3045.0000","3000.0000","3045.0000","3000.0000","3045.0000"," ","0.0000","0.0000","2900","8769000","3023.7931"
"20201211","01","12","    74250","JP3769600002","3775.0000","3775.0000","3660.0000","3680.0000","3680.0000","3685.0000","3680.0000","3680.0000","3775.0000","3775.0000","3660.0000","3680.0000"," ","0.0000","0.0000","3900","14435500","3701.4103"
"20201211","01","12","    74260","JP3938200007","710.0000","710.0000","710.0000","710.0000","0.0000","0.0000","0.0000","0.0000","710.0000","710.0000","710.0000","710.0000"," ","0.0000","0.0000","2500","1775000","710.0000"
"20201211","01","12","    74340","JP3172300000","0.0000","0.0000","0.0000","0.0000","0.0000","0.0000","0.0000","0.0000","0.0000","0.0000","0.0000","0.0000"," ","0.0000","0.0000","0","0","0.0000"
"20201211","01","12","    74350","JP3651030003","666.0000","669.0000","660.0000","666.0000","661.0000","665.0000","658.0000","659.0000","666.0000","669.0000","658.0000","659.0000"," ","0.0000","0.0000","2900","1916900","661.0000"
"20201211","01","12","    74430","JP3955300003","520.0000","520.0000","518.0000","518.0000","518.0000","518.0000","518.0000","518.0000","520.0000","520.0000","518.0000","518.0000"," ","0.0000","0.0000","1300","675400","519.5385"
"20201211","01","12","    74440","JP3772800003","1725.0000","1725.0000","1725.0000","1725.0000","1728.0000","1748.0000","1728.0000","1743.0000","1725.0000","1748.0000","1725.0000","1743.0000"," ","0.0000","0.0000","1100","1908400","1734.9091"
"20201211","01","12","    74460","JP3603600002","3165.0000","3165.0000","3165.0000","3165.0000","0.0000","0.0000","0.0000","0.0000","3165.0000","3165.0000","3165.0000","3165.0000"," ","0.0000","0.0000","200","633000","3165.0000"
"20201211","01","12","    74500","JP3336100007","1408.0000","1410.0000","1395.0000","1407.0000","1407.0000","1410.0000","1399.0000","1408.0000","1408.0000","1410.0000","1395.0000","1408.0000"," ","0.0000","0.0000","4800","6737300","1403.6042"
"20201211","01","12","    74600","JP3930600006","1400.0000","1400.0000","1397.0000","1397.0000","0.0000","0.0000","0.0000","0.0000","1400.0000","1400.0000","1397.0000","1397.0000"," ","0.0000","0.0000","3400","4759700","1399.9118"
"20201211","01","12","    74610","JP3241900004","498.0000","498.0000","497.0000","497.0000","498.0000","510.0000","498.0000","508.0000","498.0000","510.0000","497.0000","508.0000"," ","0.0000","0.0000","4600","2313500","502.9348"
"20201211","01","12","    74620","JP3499450009","2530.0000","2700.0000","2515.0000","2700.0000","2699.0000","2897.0000","2699.0000","2870.0000","2530.0000","2897.0000","2515.0000","2870.0000"," ","0.0000","0.0000","9200","24935500","2710.3804"
"20201211","01","12","    74640","JP3422900005","0.0000","0.0000","0.0000","0.0000","8900.0000","9000.0000","8900.0000","8990.0000","8900.0000","9000.0000","8900.0000","8990.0000"," ","0.0000","0.0000","400","3587000","8967.5000"
"20201211","01","12","    74720","JP3629700000","2596.0000","2613.0000","2596.0000","2613.0000","0.0000","0.0000","0.0000","0.0000","2596.0000","2613.0000","2596.0000","2613.0000"," ","0.0000","0.0000","400","1040100","2600.2500"
"20201211","01","12","    74770","JP3914300003","748.0000","748.0000","743.0000","743.0000","758.0000","758.0000","743.0000","743.0000","748.0000","758.0000","743.0000","743.0000"," ","0.0000","0.0000","1800","1343800","746.5556"
"20201211","01","12","    74860","JP3343800003","725.0000","734.0000","725.0000","733.0000","733.0000","733.0000","733.0000","733.0000","725.0000","734.0000","725.0000","733.0000"," ","0.0000","0.0000","1400","1025500","732.5000"
"20201211","01","12","    74900","JP3675400000","897.0000","911.0000","897.0000","911.0000","896.0000","896.0000","895.0000","895.0000","897.0000","911.0000","895.0000","895.0000"," ","0.0000","0.0000","1300","1170500","900.3846"
"20201211","01","12","    75000","JP3657530006","0.0000","0.0000","0.0000","0.0000","4575.0000","4580.0000","4575.0000","4580.0000","4575.0000","4580.0000","4575.0000","4580.0000"," ","0.0000","0.0000","400","1830500","4576.2500"
"20201211","01","12","    75010","JP3544990009","772.0000","772.0000","760.0000","760.0000","760.0000","760.0000","760.0000","760.0000","772.0000","772.0000","760.0000","760.0000"," ","0.0000","0.0000","500","381500","763.0000"
"20201211","01","12","    75020","JP3832600005","354.0000","354.0000","351.0000","351.0000","355.0000","355.0000","355.0000","355.0000","354.0000","355.0000","351.0000","355.0000"," ","0.0000","0.0000","1500","529300","352.8667"
"20201211","01","12","    75050","JP3823400001","1959.0000","1960.0000","1959.0000","1960.0000","1968.0000","1998.0000","1960.0000","1998.0000","1959.0000","1998.0000","1959.0000","1998.0000"," ","0.0000","0.0000","3500","6875600","1964.4571"
"20201211","01","12","    75090","JP3100630007","0.0000","0.0000","0.0000","0.0000","0.0000","0.0000","0.0000","0.0000","0.0000","0.0000","0.0000","0.0000"," ","0.0000","0.0000","0","0","0.0000"
"20201211","01","12","    75150","JP3879020000","2900.0000","2900.0000","2900.0000","2900.0000","0.0000","0.0000","0.0000","0.0000","2900.0000","2900.0000","2900.0000","2900.0000"," ","0.0000","0.0000","100","290000","2900.0000"
"20201211","01","12","    75190","JP3308800006","144.0000","154.0000","143.0000","150.0000","150.0000","152.0000","143.0000","146.0000","144.0000","154.0000","143.0000","146.0000"," ","0.0000","0.0000","230400","34216400","148.5087"
"20201211","01","12","    75210","JP3912600008","2014.0000","2021.0000","1964.0000","1976.0000","1970.0000","1973.0000","1951.0000","1964.0000","2014.0000","2021.0000","1951.0000","1964.0000"," ","0.0000","0.0000","5100","10209300","2001.8235"
"20201211","01","12","    75230","JP3100500002","513.0000","513.0000","513.0000","513.0000","514.0000","515.0000","514.0000","515.0000","513.0000","515.0000","513.0000","515.0000"," ","0.0000","0.0000","2000","1028300","514.1500"
"20201211","01","12","    75310","JP3418250001","0.0000","0.0000","0.0000","0.0000","0.0000","0.0000","0.0000","0.0000","0.0000","0.0000","0.0000","0.0000"," ","0.0000","0.0000","0","0","0.0000"
"20201211","01","12","    75380","JP3485200004","0.0000","0.0000","0.0000","0.0000","230.0000","230.0000","230.0000","230.0000","230.0000","230.0000","230.0000","230.0000"," ","0.0000","0.0000","100","23000","230.0000"
"20201211","01","12","    75390","JP3122570009","941.0000","946.0000","941.0000","945.0000","942.0000","946.0000","941.0000","941.0000","941.0000","946.0000","941.0000","941.0000"," ","0.0000","0.0000","9400","8868500","943.4574"
"20201211","01","12","    75440","JP3410700003","291.0000","291.0000","291.0000","291.0000","291.0000","291.0000","291.0000","291.0000","291.0000","291.0000","291.0000","291.0000"," ","0.0000","0.0000","3500","1018500","291.0000"
"20201211","01","12","    75510","JP3154900009","441.0000","442.0000","437.0000","441.0000","441.0000","442.0000","440.0000","441.0000","441.0000","442.0000","437.0000","441.0000"," ","0.0000","0.0000","11400","5016500","440.0439"
"20201211","01","12","    75550","JP3187650001","0.0000","0.0000","0.0000","0.0000","0.0000","0.0000","0.0000","0.0000","0.0000","0.0000","0.0000","0.0000"," ","0.0000","0.0000","0","0","0.0000"
"20201211","01","12","    75590","JP3385830009","1326.0000","1334.0000","1326.0000","1330.0000","1329.0000","1332.0000","1327.0000","1332.0000","1326.0000","1334.0000","1326.0000","1332.0000"," ","0.0000","0.0000","2600","3453000","1328.0769"
"20201211","01","12","    75620","JP3128700006","4875.0000","4890.0000","4865.0000","4890.0000","4890.0000","4890.0000","4870.0000","4885.0000","4875.0000","4890.0000","4865.0000","4885.0000"," ","0.0000","0.0000","1000","4881000","4881.0000"
"20201211","01","12","    75640","JP3990100004","8360.0000","8530.0000","8340.0000","8500.0000","8500.0000","8570.0000","8500.0000","8570.0000","8360.0000","8570.0000","8340.0000","8570.0000"," ","0.0000","0.0000","199700","1694290000","8484.1763"
"20201211","01","12","    75650","JP3879320004","2743.0000","2750.0000","2743.0000","2750.0000","0.0000","0.0000","0.0000","0.0000","2743.0000","2750.0000","2743.0000","2750.0000"," ","0.0000","0.0000","200","549300","2746.5000"
"20201211","01","12","    75670","JP3314300009","496.0000","500.0000","492.0000","496.0000","495.0000","500.0000","495.0000","500.0000","496.0000","500.0000","492.0000","500.0000"," ","0.0000","0.0000","25700","12752300","496.1984"
"20201211","01","12","    75710","JP3218000002","66.0000","67.0000","66.0000","66.0000","67.0000","67.0000","66.0000","67.0000","66.0000","67.0000","66.0000","67.0000"," ","0.0000","0.0000","137800","9154600","66.4340"
"20201211","01","12","    75770","JP3781450006","269.0000","309.0000","269.0000","292.0000","288.0000","292.0000","256.0000","259.0000","269.0000","309.0000","256.0000","259.0000"," ","0.0000","0.0000","1822200","518749500","284.6831"
"20201211","01","12","    75780","JP3664900002","0.0000","0.0000","0.0000","0.0000","0.0000","0.0000","0.0000","0.0000","0.0000","0.0000","0.0000","0.0000"," ","0.0000","0.0000","0","0","0.0000"
"20201211","01","12","    75850","JP3233100001","707.0000","711.0000","707.0000","707.0000","707.0000","710.0000","706.0000","710.0000","707.0000","711.0000","706.0000","710.0000"," ","0.0000","0.0000","3500","2477100","707.7429"
"20201211","01","12","    75870","JP3782600005","535.0000","535.0000","525.0000","530.0000","530.0000","552.0000","521.0000","531.0000","535.0000","552.0000","521.0000","531.0000"," ","0.0000","0.0000","288900","154834300","535.9443"
"20201211","01","12","    75970","JP3574000000","1940.0000","1940.0000","1905.0000","1905.0000","0.0000","0.0000","0.0000","0.0000","1940.0000","1940.0000","1905.0000","1905.0000"," ","0.0000","0.0000","1000","1923700","1923.7000"
"20201211","01","12","    76020","JP3388550000","242.0000","250.0000","242.0000","248.0000","247.0000","249.0000","245.0000","249.0000","242.0000","250.0000","242.0000","249.0000"," ","0.0000","0.0000","10600","2616400","246.8302"
"20201211","01","12","    76030","JP3865000008","375.0000","377.0000","375.0000","375.0000","376.0000","377.0000","375.0000","375.0000","375.0000","377.0000","375.0000","375.0000"," ","0.0000","0.0000","3300","1239900","375.7273"
"20201211","01","12","    76040","JP3159850001","852.0000","853.0000","851.0000","851.0000","851.0000","853.0000","850.0000","853.0000","852.0000","853.0000","850.0000","853.0000"," ","0.0000","0.0000","17200","14646700","851.5523"
"20201211","01","12","    76100","JP3544600004","99.0000","102.0000","99.0000","101.0000","101.0000","102.0000","100.0000","100.0000","99.0000","102.0000","99.0000","100.0000"," ","0.0000","0.0000","1255400","126084200","100.4335"
"20201211","01","12","    76140","JP3177000001","1310.0000","1310.0000","1309.0000","1310.0000","1315.0000","1331.0000","1310.0000","1310.0000","1310.0000","1331.0000","1309.0000","1310.0000"," ","0.0000","0.0000","4100","5414100","1320.5122"
"20201211","01","12","    76210","JP3155900008","3000.0000","3050.0000","3000.0000","3050.0000","3010.0000","3010.0000","3010.0000","3010.0000","3000.0000","3050.0000","3000.0000","3010.0000"," ","0.0000","0.0000","1600","4824000","3015.0000"
"20201211","01","12","    76230","JP3325150005","0.0000","0.0000","0.0000","0.0000","432.0000","432.0000","432.0000","432.0000","432.0000","432.0000","432.0000","432.0000"," ","0.0000","0.0000","32300","13953600","432.0000"
"20201211","01","12","    76240","JP3641350008","157.0000","158.0000","157.0000","157.0000","157.0000","160.0000","157.0000","160.0000","157.0000","160.0000","157.0000","160.0000"," ","0.0000","0.0000","14100","2226900","157.9362"
"20201211","01","12","    76250","JP3274350002","176.0000","178.0000","176.0000","177.0000","176.0000","178.0000","176.0000","178.0000","176.0000","178.0000","176.0000","178.0000"," ","0.0000","0.0000","7800","1381600","177.1282"
"20201211","01","12","    76340","JP3845750003","3600.0000","3600.0000","3600.0000","3600.0000","3600.0000","3625.0000","3600.0000","3625.0000","3600.0000","3625.0000","3600.0000","3625.0000"," ","0.0000","0.0000","900","3250000","3611.1111"
"20201211","01","12","    76350","JP3396700001","930.0000","931.0000","924.0000","930.0000","926.0000","926.0000","926.0000","926.0000","930.0000","931.0000","924.0000","926.0000"," ","0.0000","0.0000","700","649700","928.1429"
"20201211","01","12","    76360","JP3777500004","1819.0000","1819.0000","1760.0000","1806.0000","1806.0000","1806.0000","1795.0000","1800.0000","1819.0000","1819.0000","1760.0000","1800.0000"," ","0.0000","0.0000","3700","6644200","1795.7297"
"20201211","01","12","    76380","JP3347150009","876.0000","876.0000","863.0000","871.0000","872.0000","874.0000","861.0000","862.0000","876.0000","876.0000","861.0000","862.0000"," ","0.0000","0.0000","23700","20551700","867.1603"
"20201211","01","12","    76430","JP3473410003","808.0000","808.0000","803.0000","803.0000","803.0000","810.0000","803.0000","803.0000","808.0000","810.0000","803.0000","803.0000"," ","0.0000","0.0000","5900","4750000","805.0847"
"20201211","01","12","    76470","JP3202200006","32.0000","33.0000","32.0000","32.0000","32.0000","33.0000","32.0000","32.0000","32.0000","33.0000","32.0000","32.0000"," ","0.0000","0.0000","138368000","4427803500","32.0002"
"20201211","01","12","    76700","JP3170180008","615.0000","615.0000","601.0000","601.0000","602.0000","614.0000","602.0000","605.0000","615.0000","615.0000","601.0000","605.0000"," ","0.0000","0.0000","3000","1827800","609.2667"
"20201211","01","12","    76710","JP3124460001","1293.0000","1293.0000","1249.0000","1269.0000","1239.0000","1239.0000","1204.0000","1204.0000","1293.0000","1293.0000","1204.0000","1204.0000"," ","0.0000","0.0000","1600","2008400","1255.2500"
"20201211","01","12","    76720","JP3457740003","0.0000","0.0000","0.0000","0.0000","0.0000","0.0000","0.0000","0.0000","0.0000","0.0000","0.0000","0.0000"," ","0.0000","0.0000","0","0","0.0000"
"20201211","01","12","    76740","JP3651040002","2700.0000","2704.0000","2670.0000","2680.0000","2698.0000","2698.0000","2666.0000","2674.0000","2700.0000","2704.0000","2666.0000","2674.0000"," ","0.0000","0.0000","4100","10991200","2680.7805"
"20201211","01","12","    76760","JP3273770002","1294.0000","1300.0000","1270.0000","1277.0000","1277.0000","1292.0000","1275.0000","1275.0000","1294.0000","1300.0000","1270.0000","1275.0000"," ","0.0000","0.0000","13200","16938700","1283.2348"
"20201211","01","12","    76770","JP3931650000","1884.0000","1885.0000","1884.0000","1885.0000","1884.0000","1893.0000","1884.0000","1893.0000","1884.0000","1893.0000","1884.0000","1893.0000"," ","0.0000","0.0000","800","1509600","1887.0000"
"20201211","01","12","    76780","JP3109700009","1507.0000","1507.0000","1495.0000","1501.0000","1501.0000","1501.0000","1497.0000","1497.0000","1507.0000","1507.0000","1495.0000","1497.0000"," ","0.0000","0.0000","1000","1499200","1499.2000"
"20201211","01","12","    76800","JP3278400001","0.0000","0.0000","0.0000","0.0000","0.0000","0.0000","0.0000","0.0000","0.0000","0.0000","0.0000","0.0000"," ","0.0000","0.0000","0","0","0.0000"
"20201211","01","12","    76810","JP3979320003","2239.0000","2239.0000","2200.0000","2210.0000","2210.0000","2210.0000","2149.0000","2199.0000","2239.0000","2239.0000","2149.0000","2199.0000"," ","0.0000","0.0000","4200","9240300","2200.0714"
"20201211","01","12","    76820","JP3771900002","2350.0000","2352.0000","2350.0000","2352.0000","2380.0000","2380.0000","2380.0000","2380.0000","2350.0000","2380.0000","2350.0000","2380.0000"," ","0.0000","0.0000","500","1181200","2362.4000"
"20201211","01","12","    76830","JP3505990006","3025.0000","3025.0000","3015.0000","3015.0000","3015.0000","3015.0000","2980.0000","2980.0000","3025.0000","3025.0000","2980.0000","2980.0000"," ","0.0000","0.0000","2000","6023500","3011.7500"
"20201211","01","12","    76850","JP3778270003","5840.0000","5970.0000","5530.0000","5600.0000","5600.0000","5750.0000","5470.0000","5680.0000","5840.0000","5970.0000","5470.0000","5680.0000"," ","0.0000","0.0000","42200","239641000","5678.6967"
"20201211","01","12","    76860","JP3206700001","1580.0000","1581.0000","1580.0000","1580.0000","1580.0000","1582.0000","1580.0000","1582.0000","1580.0000","1582.0000","1580.0000","1582.0000"," ","0.0000","0.0000","1700","2686400","1580.2353"
"20201211","01","12","    76870","JP3883650008","863.0000","869.0000","849.0000","860.0000","866.0000","873.0000","856.0000","871.0000","863.0000","873.0000","849.0000","871.0000"," ","0.0000","0.0000","15300","13183600","861.6732"
"20201211","01","12","    76880","JP3880300003","1082.0000","1082.0000","1064.0000","1081.0000","1080.0000","1080.0000","1068.0000","1079.0000","1082.0000","1082.0000","1064.0000","1079.0000"," ","0.0000","0.0000","5700","6120100","1073.7018"
"20201211","01","12","    76890","JP3301380006","5000.0000","5180.0000","4990.0000","5180.0000","5170.0000","5240.0000","5140.0000","5170.0000","5000.0000","5240.0000","4990.0000","5170.0000"," ","0.0000","0.0000","62300","317677500","5099.1573"
"20201211","01","12","    76900","JP3220900009","0.0000","0.0000","0.0000","0.0000","0.0000","0.0000","0.0000","0.0000","0.0000","0.0000","0.0000","0.0000"," ","0.0000","0.0000","0","0","0.0000"
"20201211","01","12","    76910","JP3347050001","0.0000","0.0000","0.0000","0.0000","0.0000","0.0000","0.0000","0.0000","0.0000","0.0000","0.0000","0.0000"," ","0.0000","0.0000","0","0","0.0000"
"20201211","01","12","    76920","JP3100080005","4670.0000","4705.0000","4500.0000","4630.0000","4655.0000","4675.0000","4340.0000","4410.0000","4670.0000","4705.0000","4340.0000","4410.0000"," ","0.0000","0.0000","112800","511368500","4533.4087"
"20201211","01","12","    76930","JP3848000000","0.0000","0.0000","0.0000","0.0000","0.0000","0.0000","0.0000","0.0000","0.0000","0.0000","0.0000","0.0000"," ","0.0000","0.0000","0","0","0.0000"
"20201211","01","12","    77050","JP3385850007","2657.0000","2755.0000","2657.0000","2747.0000","2754.0000","2782.0000","2722.0000","2776.0000","2657.0000","2782.0000","2657.0000","2776.0000"," ","0.0000","0.0000","59000","161136100","2731.1203"
"20201211","01","12","    77070","JP3833400009","1048.0000","1074.0000","1033.0000","1069.0000","1059.0000","1067.0000","1050.0000","1066.0000","1048.0000","1074.0000","1033.0000","1066.0000"," ","0.0000","0.0000","704400","745623500","1058.5229"
"20201211","01","12","    77110","JP3397100003","629.0000","650.0000","629.0000","644.0000","641.0000","641.0000","628.0000","633.0000","629.0000","650.0000","628.0000","633.0000"," ","0.0000","0.0000","21800","13906000","637.8899"
"20201211","01","12","    77130","JP3349000004","1250.0000","1250.0000","1237.0000","1237.0000","1238.0000","1243.0000","1235.0000","1241.0000","1250.0000","1250.0000","1235.0000","1241.0000"," ","0.0000","0.0000","2800","3471500","1239.8214"
"20201211","01","12","    77160","JP3642500007","2133.0000","2156.0000","2130.0000","2138.0000","2181.0000","2181.0000","2147.0000","2170.0000","2133.0000","2181.0000","2130.0000","2170.0000"," ","0.0000","0.0000","81100","174521600","2151.9309"
"20201211","01","12","    77190","JP3575800002","298.0000","306.0000","297.0000","300.0000","300.0000","301.0000","298.0000","299.0000","298.0000","306.0000","297.0000","299.0000"," ","0.0000","0.0000","21700","6497800","299.4378"
"20201211","01","12","    77220","JP3293700005","760.0000","760.0000","745.0000","753.0000","753.0000","753.0000","747.0000","751.0000","760.0000","760.0000","745.0000","751.0000"," ","0.0000","0.0000","14800","11114300","750.9662"
"20201211","01","12","    77260","JP3272800008","2470.0000","2750.0000","2463.0000","2508.0000","2510.0000","2535.0000","2444.0000","2474.0000","2470.0000","2750.0000","2444.0000","2474.0000"," ","0.0000","0.0000","265800","681239700","2562.9786"
"20201211","01","12","    77460","JP3193000001","228.0000","230.0000","220.0000","223.0000","223.0000","236.0000","221.0000","236.0000","228.0000","236.0000","220.0000","236.0000"," ","0.0000","0.0000","1788200","406087500","227.0929"
"20201211","01","12","    77480","JP3853250003","4840.0000","4920.0000","4840.0000","4870.0000","4870.0000","4870.0000","4780.0000","4795.0000","4840.0000","4920.0000","4780.0000","4795.0000"," ","0.0000","0.0000","31500","152553500","4842.9683"
"20201211","01","12","    77490","JP3921060004","3105.0000","3175.0000","3105.0000","3160.0000","3160.0000","3165.0000","3105.0000","3125.0000","3105.0000","3175.0000","3105.0000","3125.0000"," ","0.0000","0.0000","3400","10681500","3141.6176"
"20201211","01","12","    77580","JP3421400007","970.0000","970.0000","950.0000","955.0000","954.0000","956.0000","954.0000","955.0000","970.0000","970.0000","950.0000","955.0000"," ","0.0000","0.0000","2000","1909900","954.9500"
"20201211","01","12","    77600","JP3100760002","695.0000","726.0000","660.0000","681.0000","681.0000","707.0000","674.0000","685.0000","695.0000","726.0000","660.0000","685.0000"," ","0.0000","0.0000","1658000","1142590900","689.1381"
"20201211","01","12","    77680","JP3386200004","3085.0000","3115.0000","3070.0000","3115.0000","3115.0000","3125.0000","3100.0000","3105.0000","3085.0000","3125.0000","3070.0000","3105.0000"," ","0.0000","0.0000","5800","17984500","3100.7759"
"20201211","01","12","    77710","JP3723600007","79.0000","80.0000","79.0000","80.0000","79.0000","80.0000","78.0000","78.0000","79.0000","80.0000","78.0000","78.0000"," ","0.0000","0.0000","128600","10177900","79.1439"
"20201211","01","12","    77740","JP3389610001","655.0000","657.0000","648.0000","651.0000","651.0000","651.0000","646.0000","646.0000","655.0000","657.0000","646.0000","646.0000"," ","0.0000","0.0000","50900","33086500","650.0295"
"20201211","01","12","    77760","JP3423530009","252.0000","257.0000","251.0000","255.0000","255.0000","259.0000","254.0000","259.0000","252.0000","259.0000","251.0000","259.0000"," ","0.0000","0.0000","134100","34024100","253.7218"
"20201211","01","12","    77770","JP3410730000","321.0000","328.0000","321.0000","328.0000","327.0000","329.0000","324.0000","329.0000","321.0000","329.0000","321.0000","329.0000"," ","0.0000","0.0000","261500","85040200","325.2015"
"20201211","01","12","    77790","JP3311530004","793.0000","795.0000","767.0000","795.0000","795.0000","795.0000","784.0000","792.0000","793.0000","795.0000","767.0000","792.0000"," ","0.0000","0.0000","1755400","1377914200","784.9574"
"20201211","01","12","    77810","JP3796100000","1197.0000","1197.0000","1197.0000","1197.0000","1184.0000","1193.0000","1165.0000","1177.0000","1197.0000","1197.0000","1165.0000","1177.0000"," ","0.0000","0.0000","900","1066000","1184.4444"
"20201211","01","12","    77900","JP3778310007","0.0000","0.0000","0.0000","0.0000","0.0000","0.0000","0.0000","0.0000","0.0000","0.0000","0.0000","0.0000"," ","0.0000","0.0000","0","0","0.0000"
"20201211","01","12","    78000","JP3124470000","697.0000","697.0000","690.0000","694.0000","694.0000","695.0000","692.0000","695.0000","697.0000","697.0000","690.0000","695.0000"," ","0.0000","0.0000","5500","3818300","694.2364"
"20201211","01","12","    78030","JP3829930001","2790.0000","2795.0000","2737.0000","2767.0000","2779.0000","2779.0000","2737.0000","2756.0000","2790.0000","2795.0000","2737.0000","2756.0000"," ","0.0000","0.0000","70200","193309500","2753.6966"
"20201211","01","12","    78040","JP3799630003","1228.0000","1228.0000","1173.0000","1173.0000","1175.0000","1175.0000","1170.0000","1171.0000","1228.0000","1228.0000","1170.0000","1171.0000"," ","0.0000","0.0000","2300","2736900","1189.9565"
"20201211","01","12","    78050","JP3833250008","528.0000","528.0000","521.0000","521.0000","520.0000","526.0000","518.0000","521.0000","528.0000","528.0000","518.0000","521.0000"," ","0.0000","0.0000","3400","1782800","524.3529"
"20201211","01","12","    78060","JP3167430002","1305.0000","1319.0000","1271.0000","1279.0000","1273.0000","1283.0000","1263.0000","1277.0000","1305.0000","1319.0000","1263.0000","1277.0000"," ","0.0000","0.0000","121200","155092300","1279.6394"
"20201211","01","12","    78070","JP3292900002","921.0000","921.0000","903.0000","914.0000","914.0000","914.0000","914.0000","914.0000","921.0000","921.0000","903.0000","914.0000"," ","0.0000","0.0000","3500","3196300","913.2286"
"20201211","01","12","    78080","JP3346520004","1517.0000","1517.0000","1505.0000","1505.0000","1512.0000","1512.0000","1505.0000","1505.0000","1517.0000","1517.0000","1505.0000","1505.0000"," ","0.0000","0.0000","2200","3322400","1510.1818"
"20201211","01","12","    78090","JP3299810006","1794.0000","1810.0000","1740.0000","1795.0000","1799.0000","1830.0000","1790.0000","1790.0000","1794.0000","1830.0000","1740.0000","1790.0000"," ","0.0000","0.0000","5200","9305100","1789.4423"
"20201211","01","12","    78100","JP3272650007","277.0000","277.0000","276.0000","277.0000","277.0000","277.0000","276.0000","277.0000","277.0000","277.0000","276.0000","277.0000"," ","0.0000","0.0000","6300","1743000","276.6667"
"20201211","01","12","    78120","JP3271150009","901.0000","908.0000","901.0000","908.0000","908.0000","910.0000","904.0000","910.0000","901.0000","910.0000","901.0000","910.0000"," ","0.0000","0.0000","2900","2621800","904.0690"
"20201211","01","12","    78130","JP3832900009","1408.0000","1408.0000","1387.0000","1389.0000","1393.0000","1420.0000","1393.0000","1420.0000","1408.0000","1420.0000","1387.0000","1420.0000"," ","0.0000","0.0000","9000","12626400","1402.9333"
"20201211","01","12","    78140","JP3726500006","326.0000","328.0000","326.0000","328.0000","327.0000","327.0000","326.0000","326.0000","326.0000","328.0000","326.0000","326.0000"," ","0.0000","0.0000","5900","1926700","326.5593"
"20201211","01","12","    78150","JP3588800007","495.0000","504.0000","495.0000","504.0000","503.0000","505.0000","503.0000","505.0000","495.0000","505.0000","495.0000","505.0000"," ","0.0000","0.0000","500","251200","502.4000"
"20201211","01","12","    78260","JP3828850002","6030.0000","6290.0000","6030.0000","6250.0000","6250.0000","6290.0000","6210.0000","6210.0000","6030.0000","6290.0000","6030.0000","6210.0000"," ","0.0000","0.0000","38700","240654000","6218.4496"
"20201211","01","12","    78270","JP3173300009","881.0000","890.0000","871.0000","887.0000","890.0000","920.0000","887.0000","908.0000","881.0000","920.0000","871.0000","908.0000"," ","0.0000","0.0000","10000","8909700","890.9700"
"20201211","01","12","    78290","JP3322830005","122.0000","123.0000","121.0000","122.0000","121.0000","122.0000","120.0000","121.0000","122.0000","123.0000","120.0000","121.0000"," ","0.0000","0.0000","52800","6404600","121.2992"
"20201211","01","12","    78310","JP3154170009","148.0000","149.0000","146.0000","148.0000","148.0000","149.0000","147.0000","148.0000","148.0000","149.0000","146.0000","148.0000"," ","0.0000","0.0000","38200","5651800","147.9529"
"20201211","01","12","    78360","JP3122530003","121.0000","123.0000","121.0000","122.0000","122.0000","124.0000","122.0000","122.0000","121.0000","124.0000","121.0000","122.0000"," ","0.0000","0.0000","60500","7374600","121.8942"
"20201211","01","12","    78370","JP3100450000","719.0000","719.0000","704.0000","706.0000","706.0000","712.0000","706.0000","710.0000","719.0000","719.0000","704.0000","710.0000"," ","0.0000","0.0000","4900","3480700","710.3469"
"20201211","01","12","    78410","JP3169700006","495.0000","495.0000","495.0000","495.0000","500.0000","500.0000","495.0000","496.0000","495.0000","500.0000","495.0000","496.0000"," ","0.0000","0.0000","1900","941500","495.5263"
"20201211","01","12","    78470","JP3273850002","405.0000","408.0000","405.0000","407.0000","408.0000","410.0000","406.0000","409.0000","405.0000","410.0000","405.0000","409.0000"," ","0.0000","0.0000","2300","938000","407.8261"
"20201211","01","12","    78490","JP3399210008","0.0000","0.0000","0.0000","0.0000","2500.0000","2500.0000","2480.0000","2480.0000","2500.0000","2500.0000","2480.0000","2480.0000"," ","0.0000","0.0000","200","498000","2490.0000"
"20201211","01","12","    78500","JP3432000002","640.0000","640.0000","640.0000","640.0000","636.0000","636.0000","627.0000","627.0000","640.0000","640.0000","627.0000","627.0000"," ","0.0000","0.0000","300","190300","634.3333"
"20201211","01","12","    78510","JP3225850001","231.0000","237.0000","230.0000","237.0000","237.0000","237.0000","233.0000","233.0000","231.0000","237.0000","230.0000","233.0000"," ","0.0000","0.0000","14900","3485100","233.8993"
"20201211","01","12","    78550","JP3204800001","516.0000","516.0000","515.0000","516.0000","517.0000","519.0000","517.0000","518.0000","516.0000","519.0000","515.0000","518.0000"," ","0.0000","0.0000","5000","2585100","517.0200"
"20201211","01","12","    78570","JP3419200005","1699.0000","1699.0000","1699.0000","1699.0000","0.0000","0.0000","0.0000","0.0000","1699.0000","1699.0000","1699.0000","1699.0000"," ","0.0000","0.0000","1000","1699000","1699.0000"
"20201211","01","12","    78590","JP3126520000","170.0000","174.0000","169.0000","173.0000","173.0000","174.0000","171.0000","173.0000","170.0000","174.0000","169.0000","173.0000"," ","0.0000","0.0000","165000","28192800","170.8655"
"20201211","01","12","    78630","JP3795100001","385.0000","386.0000","385.0000","386.0000","385.0000","385.0000","385.0000","385.0000","385.0000","386.0000","385.0000","385.0000"," ","0.0000","0.0000","2100","809100","385.2857"
"20201211","01","12","    78650","JP3801560008","1129.0000","1135.0000","1129.0000","1131.0000","1130.0000","1133.0000","1121.0000","1126.0000","1129.0000","1135.0000","1121.0000","1126.0000"," ","0.0000","0.0000","6100","6885200","1128.7213"
"20201211","01","12","    78690","JP3749150003","0.0000","0.0000","0.0000","0.0000","1970.0000","2074.0000","1970.0000","2074.0000","1970.0000","2074.0000","1970.0000","2074.0000"," ","0.0000","0.0000","200","404400","2022.0000"
"20201211","01","12","    78710","JP3806720003","502.0000","502.0000","502.0000","502.0000","502.0000","502.0000","495.0000","495.0000","502.0000","502.0000","495.0000","495.0000"," ","0.0000","0.0000","10600","5288600","498.9245"
"20201211","01","12","    78750","JP3462700000","608.0000","608.0000","608.0000","608.0000","607.0000","610.0000","607.0000","610.0000","608.0000","610.0000","607.0000","610.0000"," ","0.0000","0.0000","1200","730100","608.4167"
"20201211","01","12","    78770","JP3160760009","1600.0000","1600.0000","1567.0000","1567.0000","1575.0000","1599.0000","1571.0000","1575.0000","1600.0000","1600.0000","1567.0000","1575.0000"," ","0.0000","0.0000","1400","2217800","1584.1429"
"20201211","01","12","    78780","JP3287600005","2580.0000","2580.0000","2579.0000","2579.0000","0.0000","0.0000","0.0000","0.0000","2580.0000","2580.0000","2579.0000","2579.0000"," ","0.0000","0.0000","200","515900","2579.5000"
"20201211","01","12","    78790","JP3761700008","670.0000","672.0000","660.0000","665.0000","662.0000","664.0000","662.0000","664.0000","670.0000","672.0000","660.0000","664.0000"," ","0.0000","0.0000","7600","5046800","664.0526"
"20201211","01","12","    78830","JP3337150001","390.0000","390.0000","386.0000","389.0000","386.0000","390.0000","386.0000","387.0000","390.0000","390.0000","386.0000","387.0000"," ","0.0000","0.0000","7300","2836200","388.5205"
"20201211","01","12","    78860","JP3939800003","0.0000","0.0000","0.0000","0.0000","673.0000","684.0000","673.0000","674.0000","673.0000","684.0000","673.0000","674.0000"," ","0.0000","0.0000","400","270600","676.5000"
"20201211","01","12","    78870","JP3653200000","5360.0000","5360.0000","5270.0000","5270.0000","0.0000","0.0000","0.0000","0.0000","5360.0000","5360.0000","5270.0000","5270.0000"," ","0.0000","0.0000","200","1063000","5315.0000"
"20201211","01","12","    78950","JP3514000003","576.0000","576.0000","571.0000","574.0000","576.0000","576.0000","572.0000","573.0000","576.0000","576.0000","571.0000","573.0000"," ","0.0000","0.0000","13300","7612900","572.3985"
"20201211","01","12","    78960","JP3423200009","435.0000","435.0000","420.0000","432.0000","432.0000","432.0000","430.0000","430.0000","435.0000","435.0000","420.0000","430.0000"," ","0.0000","0.0000","4300","1852600","430.8372"
"20201211","01","12","    78990","JP3195400001","313.0000","313.0000","307.0000","309.0000","306.0000","308.0000","305.0000","305.0000","313.0000","313.0000","305.0000","305.0000"," ","0.0000","0.0000","19500","6011500","308.2821"
"20201211","01","12","    79010","JP3868900006","0.0000","0.0000","0.0000","0.0000","0.0000","0.0000","0.0000","0.0000","0.0000","0.0000","0.0000","0.0000"," ","0.0000","0.0000","0","0","0.0000"
"20201211","01","12","    79020","JP3435900000","796.0000","804.0000","796.0000","804.0000","0.0000","0.0000","0.0000","0.0000","796.0000","804.0000","796.0000","804.0000"," ","0.0000","0.0000","400","319400","798.5000"
"20201211","01","12","    79060","JP3960000002","615.0000","625.0000","612.0000","622.0000","620.0000","625.0000","617.0000","625.0000","615.0000","625.0000","612.0000","625.0000"," ","0.0000","0.0000","67800","42118200","621.2124"
"20201211","01","12","    79190","JP3760600001","123.0000","123.0000","121.0000","121.0000","123.0000","124.0000","122.0000","123.0000","123.0000","124.0000","121.0000","123.0000"," ","0.0000","0.0000","25200","3097600","122.9206"
"20201211","01","12","    79220","JP3331000004","294.0000","294.0000","291.0000","293.0000","291.0000","295.0000","291.0000","295.0000","294.0000","295.0000","291.0000","295.0000"," ","0.0000","0.0000","11500","3376300","293.5913"
"20201211","01","12","    79230","JP3552210001","520.0000","520.0000","520.0000","520.0000","527.0000","540.0000","527.0000","540.0000","520.0000","540.0000","520.0000","540.0000"," ","0.0000","0.0000","6800","3620200","532.3824"
"20201211","01","12","    79270","JP3913400002","624.0000","630.0000","605.0000","620.0000","620.0000","630.0000","604.0000","630.0000","624.0000","630.0000","604.0000","630.0000"," ","0.0000","0.0000","126900","78978800","622.3704"
"20201211","01","12","    79280","JP3111000000","566.0000","567.0000","552.0000","559.0000","559.0000","563.0000","554.0000","556.0000","566.0000","567.0000","552.0000","556.0000"," ","0.0000","0.0000","28100","15671200","557.6940"
"20201211","01","12","    79320","JP3685200002","3920.0000","3935.0000","3920.0000","3930.0000","4000.0000","4000.0000","3915.0000","3915.0000","3920.0000","4000.0000","3915.0000","3915.0000"," ","0.0000","0.0000","2200","8640000","3927.2727"
"20201211","01","12","    79380","JP3969200009","1946.0000","1955.0000","1946.0000","1955.0000","1955.0000","1955.0000","1948.0000","1948.0000","1946.0000","1955.0000","1946.0000","1948.0000"," ","0.0000","0.0000","2500","4877200","1950.8800"
"20201211","01","12","    79390","JP3282000003","386.0000","387.0000","385.0000","385.0000","386.0000","386.0000","386.0000","386.0000","386.0000","387.0000","385.0000","386.0000"," ","0.0000","0.0000","1700","656000","385.8824"
"20201211","01","12","    79450","JP3305500005","1035.0000","1035.0000","1035.0000","1035.0000","1030.0000","1030.0000","1030.0000","1030.0000","1035.0000","1035.0000","1030.0000","1030.0000"," ","0.0000","0.0000","3600","3724500","1034.5833"
"20201211","01","12","    79460","JP3292000001","700.0000","711.0000","700.0000","711.0000","711.0000","711.0000","711.0000","711.0000","700.0000","711.0000","700.0000","711.0000"," ","0.0000","0.0000","600","425100","708.5000"
"20201211","01","12","    79530","JP3236600007","386.0000","386.0000","381.0000","383.0000","380.0000","380.0000","375.0000","380.0000","386.0000","386.0000","375.0000","380.0000"," ","0.0000","0.0000","9500","3593400","378.2526"
"20201211","01","12","    79570","JP3813400003","1446.0000","1450.0000","1446.0000","1450.0000","1450.0000","1450.0000","1450.0000","1450.0000","1446.0000","1450.0000","1446.0000","1450.0000"," ","0.0000","0.0000","800","1158000","1447.5000"
"20201211","01","12","    79630","JP3286600006","2233.0000","2245.0000","2230.0000","2242.0000","2245.0000","2250.0000","2236.0000","2240.0000","2233.0000","2250.0000","2230.0000","2240.0000"," ","0.0000","0.0000","14300","32006800","2238.2378"
"20201211","01","12","    79750","JP3974600003","1685.0000","1685.0000","1685.0000","1685.0000","0.0000","0.0000","0.0000","0.0000","1685.0000","1685.0000","1685.0000","1685.0000"," ","0.0000","0.0000","200","337000","1685.0000"
"20201211","01","12","    79800","JP3349200000","1114.0000","1145.0000","1090.0000","1107.0000","1110.0000","1123.0000","1095.0000","1123.0000","1114.0000","1145.0000","1090.0000","1123.0000"," ","0.0000","0.0000","243000","270797000","1114.3909"
"20201211","01","12","    79830","JP3910800006","1790.0000","1791.0000","1750.0000","1768.0000","1768.0000","1769.0000","1745.0000","1763.0000","1790.0000","1791.0000","1745.0000","1763.0000"," ","0.0000","0.0000","7200","12738200","1769.1944"
"20201211","01","12","    79850","JP3758400000","1443.0000","1443.0000","1429.0000","1429.0000","1429.0000","1429.0000","1404.0000","1404.0000","1443.0000","1443.0000","1404.0000","1404.0000"," ","0.0000","0.0000","1100","1572200","1429.2727"
"20201211","01","12","    79860","JP3261600005","1113.0000","1123.0000","1113.0000","1123.0000","1114.0000","1124.0000","1113.0000","1113.0000","1113.0000","1124.0000","1113.0000","1113.0000"," ","0.0000","0.0000","1000","1116000","1116.0000"
"20201211","01","12","    79910","JP3870300005","650.0000","652.0000","650.0000","652.0000","652.0000","652.0000","649.0000","650.0000","650.0000","652.0000","649.0000","650.0000"," ","0.0000","0.0000","7700","5007800","650.3636"
"20201211","01","12","    79920","JP3413400007","153.0000","153.0000","150.0000","151.0000","152.0000","153.0000","150.0000","153.0000","153.0000","153.0000","150.0000","153.0000"," ","0.0000","0.0000","14100","2150000","152.4823"
"20201211","01","12","    79970","JP3272000005","0.0000","0.0000","0.0000","0.0000","0.0000","0.0000","0.0000","0.0000","0.0000","0.0000","0.0000","0.0000"," ","0.0000","0.0000","0","0","0.0000"
"20201211","01","12","    80060","JP3946000001","2980.0000","3055.0000","2976.0000","3050.0000","3005.0000","3050.0000","3000.0000","3005.0000","2980.0000","3055.0000","2976.0000","3005.0000"," ","0.0000","0.0000","5700","17131000","3005.4386"
"20201211","01","12","    80230","JP3483000000","553.0000","558.0000","545.0000","549.0000","552.0000","552.0000","544.0000","548.0000","553.0000","558.0000","544.0000","548.0000"," ","0.0000","0.0000","87000","47666400","547.8897"
"20201211","01","12","    80300","JP3514600000","2710.0000","2710.0000","2701.0000","2701.0000","2709.0000","2709.0000","2709.0000","2709.0000","2710.0000","2710.0000","2701.0000","2709.0000"," ","0.0000","0.0000","300","812000","2706.6667"
"20201211","01","12","    80390","JP3532600008","850.0000","850.0000","850.0000","850.0000","851.0000","851.0000","848.0000","848.0000","850.0000","851.0000","848.0000","848.0000"," ","0.0000","0.0000","700","594900","849.8571"
"20201211","01","12","    80400","JP3582200006","406.0000","406.0000","404.0000","404.0000","404.0000","405.0000","403.0000","404.0000","406.0000","406.0000","403.0000","404.0000"," ","0.0000","0.0000","1700","687400","404.3529"
"20201211","01","12","    80450","JP3956600005","0.0000","0.0000","0.0000","0.0000","0.0000","0.0000","0.0000","0.0000","0.0000","0.0000","0.0000","0.0000"," ","0.0000","0.0000","0","0","0.0000"
"20201211","01","12","    80460","JP3877200000","1945.0000","1945.0000","1942.0000","1942.0000","1942.0000","1945.0000","1942.0000","1945.0000","1945.0000","1945.0000","1942.0000","1945.0000"," ","0.0000","0.0000","1200","2333400","1944.5000"
"20201211","01","12","    80660","JP3886800006","6750.0000","6790.0000","6750.0000","6790.0000","6750.0000","6750.0000","6750.0000","6750.0000","6750.0000","6790.0000","6750.0000","6750.0000"," ","0.0000","0.0000","800","5408000","6760.0000"
"20201211","01","12","    80720","JP3714000001","1315.0000","1315.0000","1315.0000","1315.0000","0.0000","0.0000","0.0000","0.0000","1315.0000","1315.0000","1315.0000","1315.0000"," ","0.0000","0.0000","100","131500","1315.0000"
"20201211","01","12","    80850","JP3651800009","2187.0000","2189.0000","2160.0000","2160.0000","2160.0000","2169.0000","2100.0000","2125.0000","2187.0000","2189.0000","2100.0000","2125.0000"," ","0.0000","0.0000","3900","8456000","2168.2051"
"20201211","01","12","    81050","JP3875200002","65.0000","66.0000","65.0000","66.0000","65.0000","66.0000","65.0000","65.0000","65.0000","66.0000","65.0000","65.0000"," ","0.0000","0.0000","40700","2672900","65.6732"
"20201211","01","12","    81150","JP3912400003","495.0000","495.0000","495.0000","495.0000","498.0000","499.0000","498.0000","499.0000","495.0000","499.0000","495.0000","499.0000"," ","0.0000","0.0000","700","347500","496.4286"
"20201211","01","12","    81170","JP3515400004","2275.0000","2296.0000","2275.0000","2296.0000","2307.0000","2335.0000","2299.0000","2335.0000","2275.0000","2335.0000","2275.0000","2335.0000"," ","0.0000","0.0000","6700","15512000","2315.2239"
"20201211","01","12","    81190","JP3324800006","2118.0000","2120.0000","2118.0000","2118.0000","2118.0000","2118.0000","2104.0000","2114.0000","2118.0000","2120.0000","2104.0000","2114.0000"," ","0.0000","0.0000","3600","7623600","2117.6667"
"20201211","01","12","    81230","JP3227000001","925.0000","926.0000","925.0000","926.0000","0.0000","0.0000","0.0000","0.0000","925.0000","926.0000","925.0000","926.0000"," ","0.0000","0.0000","400","370100","925.2500"
"20201211","01","12","    81350","JP3427000009","203.0000","204.0000","200.0000","203.0000","201.0000","203.0000","199.0000","202.0000","203.0000","204.0000","199.0000","202.0000"," ","0.0000","0.0000","11400","2297400","201.5263"
"20201211","01","12","    81380","JP3327200006","2750.0000","2800.0000","2712.0000","2800.0000","2800.0000","2800.0000","2800.0000","2800.0000","2750.0000","2800.0000","2712.0000","2800.0000"," ","0.0000","0.0000","5100","14179900","2780.3725"
"20201211","01","12","    81390","JP3648600009","145.0000","146.0000","144.0000","145.0000","145.0000","146.0000","144.0000","146.0000","145.0000","146.0000","144.0000","146.0000"," ","0.0000","0.0000","16600","2407100","145.0060"
"20201211","01","12","    81430","JP3968200000","347.0000","355.0000","347.0000","353.0000","352.0000","352.0000","347.0000","347.0000","347.0000","355.0000","347.0000","347.0000"," ","0.0000","0.0000","8200","2858300","348.5732"
"20201211","01","12","    81440","JP3550400000","0.0000","0.0000","0.0000","0.0000","1241.0000","1241.0000","1241.0000","1241.0000","1241.0000","1241.0000","1241.0000","1241.0000"," ","0.0000","0.0000","100","124100","1241.0000"
"20201211","01","12","    81470","JP3630600009","976.0000","976.0000","976.0000","976.0000","975.0000","975.0000","970.0000","975.0000","976.0000","976.0000","970.0000","975.0000"," ","0.0000","0.0000","500","486800","973.6000"
"20201211","01","12","    81520","JP3436200004","1666.0000","1666.0000","1666.0000","1666.0000","1655.0000","1666.0000","1655.0000","1666.0000","1666.0000","1666.0000","1655.0000","1666.0000"," ","0.0000","0.0000","2000","3329600","1664.8000"
"20201211","01","12","    81860","JP3188000008","201.0000","201.0000","190.0000","192.0000","192.0000","195.0000","189.0000","190.0000","201.0000","201.0000","189.0000","190.0000"," ","0.0000","0.0000","909600","177358600","194.9853"
"20201211","01","12","    81980","JP3930400001","2570.0000","2574.0000","2541.0000","2561.0000","2559.0000","2560.0000","2543.0000","2559.0000","2570.0000","2574.0000","2541.0000","2559.0000"," ","0.0000","0.0000","7400","18934200","2558.6757"
"20201211","01","12","    82020","JP3967000005","196.0000","198.0000","195.0000","196.0000","196.0000","199.0000","195.0000","198.0000","196.0000","199.0000","195.0000","198.0000"," ","0.0000","0.0000","173300","34008800","196.2424"
"20201211","01","12","    82080","JP3169200007","1240.0000","1240.0000","1240.0000","1240.0000","1241.0000","1241.0000","1241.0000","1241.0000","1240.0000","1241.0000","1240.0000","1241.0000"," ","0.0000","0.0000","1400","1737200","1240.8571"
"20201211","01","12","    82090","JP3829200009","420.0000","420.0000","415.0000","417.0000","418.0000","420.0000","416.0000","420.0000","420.0000","420.0000","415.0000","420.0000"," ","0.0000","0.0000","5400","2257800","418.1111"
"20201211","01","12","    82150","JP3265000004","907.0000","919.0000","907.0000","918.0000","904.0000","907.0000","904.0000","904.0000","907.0000","919.0000","904.0000","904.0000"," ","0.0000","0.0000","700","636300","909.0000"
"20201211","01","12","    82250","JP3457700007","0.0000","0.0000","0.0000","0.0000","0.0000","0.0000","0.0000","0.0000","0.0000","0.0000","0.0000","0.0000"," ","0.0000","0.0000","0","0","0.0000"
"20201211","01","12","    82260","JP3970400002","231.0000","235.0000","216.0000","218.0000","218.0000","221.0000","216.0000","218.0000","231.0000","235.0000","216.0000","218.0000"," ","0.0000","0.0000","2894000","646441300","223.3729"
"20201211","01","12","    82470","JP3500200005","270.0000","278.0000","270.0000","274.0000","274.0000","275.0000","272.0000","273.0000","270.0000","278.0000","270.0000","273.0000"," ","0.0000","0.0000","2200","602200","273.7273"
"20201211","01","12","    82490","JP3619200003","1019.0000","1019.0000","1011.0000","1016.0000","1016.0000","1026.0000","1015.0000","1023.0000","1019.0000","1026.0000","1011.0000","1023.0000"," ","0.0000","0.0000","11600","11809100","1018.0259"
"20201211","01","12","    82540","JP3310400001","216.0000","219.0000","213.0000","217.0000","218.0000","221.0000","214.0000","221.0000","216.0000","221.0000","213.0000","221.0000"," ","0.0000","0.0000","37100","8051700","217.0270"
"20201211","01","12","    82560","JP3833800000","226.0000","231.0000","226.0000","230.0000","230.0000","231.0000","222.0000","227.0000","226.0000","231.0000","222.0000","227.0000"," ","0.0000","0.0000","588200","133253700","226.5449"
"20201211","01","12","    82570","JP3342400003","0.0000","0.0000","0.0000","0.0000","0.0000","0.0000","0.0000","0.0000","0.0000","0.0000","0.0000","0.0000"," ","0.0000","0.0000","0","0","0.0000"
"20201211","01","12","    82870","JP3864900000","1859.0000","1859.0000","1848.0000","1853.0000","1850.0000","1852.0000","1842.0000","1845.0000","1859.0000","1859.0000","1842.0000","1845.0000"," ","0.0000","0.0000","8200","15164300","1849.3049"
"20201211","01","12","    82980","JP3802500003","0.0000","0.0000","0.0000","0.0000","432.0000","446.0000","430.0000","438.0000","432.0000","446.0000","430.0000","438.0000"," ","0.0000","0.0000","1100","483600","439.6364"
"20201211","01","12","    83010","JP3699200006","24900.0000","24900.0000","24700.0000","24700.0000","0.0000","0.0000","0.0000","0.0000","24900.0000","24900.0000","24700.0000","24700.0000"," ","0.0000","0.0000","500","12380000","24760.0000"
"20201211","01","12","    84620","JP3826250007","733.0000","748.0000","731.0000","738.0000","738.0000","738.0000","713.0000","716.0000","733.0000","748.0000","713.0000","716.0000"," ","0.0000","0.0000","133200","96700300","725.9782"
"20201211","01","12","    85080","JP3142350002","203.0000","207.0000","203.0000","206.0000","207.0000","207.0000","204.0000","206.0000","203.0000","207.0000","203.0000","206.0000"," ","0.0000","0.0000","228300","46781000","204.9102"
"20201211","01","12","    86990","JP3160790006","915.0000","918.0000","911.0000","916.0000","915.0000","919.0000","914.0000","915.0000","915.0000","919.0000","911.0000","915.0000"," ","0.0000","0.0000","68700","62889400","915.4207"
"20201211","01","12","    87000","JP3876750005","906.0000","907.0000","900.0000","906.0000","905.0000","905.0000","899.0000","902.0000","906.0000","907.0000","899.0000","902.0000"," ","0.0000","0.0000","1500","1353600","902.4000"
"20201211","01","12","    87040","JP3637250006","323.0000","325.0000","317.0000","319.0000","320.0000","324.0000","319.0000","324.0000","323.0000","325.0000","317.0000","324.0000"," ","0.0000","0.0000","318600","102533600","321.8255"
"20201211","01","12","    87050","JP3191550007","157.0000","157.0000","153.0000","153.0000","153.0000","156.0000","153.0000","156.0000","157.0000","157.0000","153.0000","156.0000"," ","0.0000","0.0000","117100","18103400","154.5978"
"20201211","01","12","    87370","JP3292300005","295.0000","296.0000","293.0000","294.0000","294.0000","295.0000","293.0000","295.0000","295.0000","296.0000","293.0000","295.0000"," ","0.0000","0.0000","52200","15357100","294.1973"
"20201211","01","12","    87400","JP3820620007","257.0000","257.0000","255.0000","255.0000","256.0000","256.0000","256.0000","256.0000","257.0000","257.0000","255.0000","256.0000"," ","0.0000","0.0000","8300","2122600","255.7349"
"20201211","01","12","    87460","JP3475600007","158.0000","162.0000","158.0000","161.0000","161.0000","163.0000","160.0000","161.0000","158.0000","163.0000","158.0000","161.0000"," ","0.0000","0.0000","148500","23788300","160.1906"
"20201211","01","12","    87470","JP3949000008","633.0000","639.0000","633.0000","636.0000","636.0000","648.0000","636.0000","647.0000","633.0000","648.0000","633.0000","647.0000"," ","0.0000","0.0000","22300","14197000","636.6368"
"20201211","01","12","    87830","JP3273830004","136.0000","138.0000","135.0000","136.0000","136.0000","138.0000","135.0000","136.0000","136.0000","138.0000","135.0000","136.0000"," ","0.0000","0.0000","131800","17962800","136.2883"
"20201211","01","12","    87890","JP3802830004","45.0000","45.0000","43.0000","43.0000","44.0000","44.0000","43.0000","43.0000","45.0000","45.0000","43.0000","43.0000"," ","0.0000","0.0000","1716800","76080200","44.3151"
"20201211","01","12","    88360","JP3794400006","24.0000","24.0000","23.0000","24.0000","24.0000","24.0000","23.0000","24.0000","24.0000","24.0000","23.0000","24.0000"," ","0.0000","0.0000","154100","3675300","23.8501"
"20201211","01","12","    88440","JP3970200006","404.0000","407.0000","402.0000","404.0000","404.0000","408.0000","404.0000","404.0000","404.0000","408.0000","402.0000","404.0000"," ","0.0000","0.0000","25900","10486500","404.8842"
"20201211","01","12","    88540","JP3661900005","0.0000","0.0000","0.0000","0.0000","1860.0000","1860.0000","1839.0000","1839.0000","1860.0000","1860.0000","1839.0000","1839.0000"," ","0.0000","0.0000","200","369900","1849.5000"
"20201211","01","12","    88860","JP3157300009","2135.0000","2135.0000","2135.0000","2135.0000","0.0000","0.0000","0.0000","0.0000","2135.0000","2135.0000","2135.0000","2135.0000"," ","0.0000","0.0000","100","213500","2135.0000"
"20201211","01","12","    88870","JP3974800009","724.0000","734.0000","724.0000","734.0000","729.0000","735.0000","720.0000","723.0000","724.0000","735.0000","720.0000","723.0000"," ","0.0000","0.0000","26400","19197200","727.1667"
"20201211","01","12","    88890","JP3122510005","536.0000","543.0000","536.0000","538.0000","538.0000","545.0000","537.0000","540.0000","536.0000","545.0000","536.0000","540.0000"," ","0.0000","0.0000","11800","6384400","541.0508"
"20201211","01","12","    88900","JP3979100009","996.0000","999.0000","992.0000","994.0000","991.0000","994.0000","988.0000","988.0000","996.0000","999.0000","988.0000","988.0000"," ","0.0000","0.0000","13300","13201400","992.5865"
"20201211","01","12","    88910","JP3167440001","816.0000","831.0000","814.0000","816.0000","816.0000","823.0000","810.0000","818.0000","816.0000","831.0000","810.0000","818.0000"," ","0.0000","0.0000","4100","3352100","817.5854"
"20201211","01","12","    88930","JP3381600000","362.0000","364.0000","358.0000","363.0000","363.0000","364.0000","360.0000","361.0000","362.0000","364.0000","358.0000","361.0000"," ","0.0000","0.0000","106500","38457700","361.1052"
"20201211","01","12","    88940","JP3772300004","34.0000","36.0000","34.0000","35.0000","35.0000","36.0000","34.0000","34.0000","34.0000","36.0000","34.0000","34.0000"," ","0.0000","0.0000","1024400","35703100","34.8527"
"20201211","01","12","    88980","JP3424880007","1141.0000","1141.0000","1103.0000","1105.0000","1105.0000","1121.0000","1105.0000","1115.0000","1141.0000","1141.0000","1103.0000","1115.0000"," ","0.0000","0.0000","3200","3601600","1125.5000"
"20201211","01","12","    89030","JP3324450000","493.0000","497.0000","491.0000","497.0000","497.0000","502.0000","489.0000","502.0000","493.0000","502.0000","489.0000","502.0000"," ","0.0000","0.0000","14100","6957700","493.4539"
"20201211","01","12","    89090","JP3354100004","1111.0000","1118.0000","1105.0000","1114.0000","1118.0000","1120.0000","1114.0000","1119.0000","1111.0000","1120.0000","1105.0000","1119.0000"," ","0.0000","0.0000","82400","91861500","1114.8240"
"20201211","01","12","    89120","JP3167610009","102.0000","102.0000","100.0000","102.0000","102.0000","103.0000","102.0000","103.0000","102.0000","103.0000","100.0000","103.0000"," ","0.0000","0.0000","60200","6123000","101.7110"
"20201211","01","12","    89140","JP3167620008","921.0000","952.0000","921.0000","930.0000","941.0000","941.0000","929.0000","931.0000","921.0000","952.0000","921.0000","931.0000"," ","0.0000","0.0000","28600","26632500","931.2063"
"20201211","01","12","    89220","JP3104930007","116.0000","116.0000","112.0000","113.0000","113.0000","114.0000","112.0000","112.0000","116.0000","116.0000","112.0000","112.0000"," ","0.0000","0.0000","331500","37903300","114.3388"
"20201211","01","12","    89250","JP3126160005","46.0000","47.0000","46.0000","46.0000","46.0000","47.0000","46.0000","47.0000","46.0000","47.0000","46.0000","47.0000"," ","0.0000","0.0000","534900","24946600","46.6379"
"20201211","01","12","    89270","JP3920300005","200.0000","205.0000","200.0000","203.0000","202.0000","204.0000","202.0000","203.0000","200.0000","205.0000","200.0000","203.0000"," ","0.0000","0.0000","101700","20557900","202.1426"
"20201211","01","12","    89290","JP3825750007","1588.0000","1588.0000","1571.0000","1579.0000","1572.0000","1579.0000","1572.0000","1574.0000","1588.0000","1588.0000","1571.0000","1574.0000"," ","0.0000","0.0000","11500","18135000","1576.9565"
"20201211","01","12","    89310","JP3993920002","769.0000","769.0000","764.0000","764.0000","765.0000","768.0000","765.0000","765.0000","769.0000","769.0000","764.0000","765.0000"," ","0.0000","0.0000","5100","3908000","766.2745"
"20201211","01","12","    89380","JP3984150007","1449.0000","1598.0000","1432.0000","1572.0000","1572.0000","1572.0000","1521.0000","1548.0000","1449.0000","1598.0000","1432.0000","1548.0000"," ","0.0000","0.0000","36000","55160800","1532.2444"
"20201211","01","12","    89460","JP3953650003","86.0000","86.0000","85.0000","85.0000","85.0000","87.0000","85.0000","87.0000","86.0000","87.0000","85.0000","87.0000"," ","0.0000","0.0000","75900","6540600","86.1739"
"20201211","01","12","    89950","JP3863070003","0.0000","0.0000","0.0000","0.0000","0.0000","0.0000","0.0000","0.0000","0.0000","0.0000","0.0000","0.0000"," ","0.0000","0.0000","0","0","0.0000"
"20201211","01","12","    90120","JP3509800003","0.0000","0.0000","0.0000","0.0000","0.0000","0.0000","0.0000","0.0000","0.0000","0.0000","0.0000","0.0000"," ","0.0000","0.0000","0","0","0.0000"
"20201211","01","12","    90170","JP3654400005","0.0000","0.0000","0.0000","0.0000","0.0000","0.0000","0.0000","0.0000","0.0000","0.0000","0.0000","0.0000"," ","0.0000","0.0000","0","0","0.0000"
"20201211","01","12","    90280","JP3428870004","944.0000","944.0000","944.0000","944.0000","944.0000","960.0000","940.0000","960.0000","944.0000","960.0000","940.0000","960.0000"," ","0.0000","0.0000","8400","7936500","944.8214"
"20201211","01","12","    90290","JP3783480001","597.0000","599.0000","587.0000","591.0000","590.0000","600.0000","575.0000","600.0000","597.0000","600.0000","575.0000","600.0000"," ","0.0000","0.0000","21900","12860300","587.2283"
"20201211","01","12","    90330","JP3798600007","980.0000","980.0000","975.0000","975.0000","967.0000","967.0000","967.0000","967.0000","980.0000","980.0000","967.0000","967.0000"," ","0.0000","0.0000","400","389900","974.7500"
"20201211","01","12","    90340","JP3653350003","1204.0000","1206.0000","1204.0000","1206.0000","1208.0000","1212.0000","1208.0000","1212.0000","1204.0000","1212.0000","1204.0000","1212.0000"," ","0.0000","0.0000","700","846000","1208.5714"
"20201211","01","12","    90360","JP3598000002","925.0000","926.0000","925.0000","925.0000","925.0000","925.0000","913.0000","913.0000","925.0000","926.0000","913.0000","913.0000"," ","0.0000","0.0000","900","831400","923.7778"
"20201211","01","12","    90490","JP3281000004","3000.0000","3000.0000","3000.0000","3000.0000","0.0000","0.0000","0.0000","0.0000","3000.0000","3000.0000","3000.0000","3000.0000"," ","0.0000","0.0000","200","600000","3000.0000"
"20201211","01","12","    90510","JP3424100000","742.0000","759.0000","742.0000","759.0000","745.0000","745.0000","745.0000","745.0000","742.0000","759.0000","742.0000","745.0000"," ","0.0000","0.0000","1300","968500","745.0000"
"20201211","01","12","    90550","JP3126450000","802.0000","805.0000","802.0000","804.0000","804.0000","804.0000","804.0000","804.0000","802.0000","805.0000","802.0000","804.0000"," ","0.0000","0.0000","800","643000","803.7500"
"20201211","01","12","    90570","JP3168600009","2740.0000","2760.0000","2740.0000","2748.0000","2743.0000","2743.0000","2743.0000","2743.0000","2740.0000","2760.0000","2740.0000","2743.0000"," ","0.0000","0.0000","2300","6320000","2747.8261"
"20201211","01","12","    90590","JP3229980002","876.0000","876.0000","873.0000","876.0000","876.0000","877.0000","876.0000","877.0000","876.0000","877.0000","873.0000","877.0000"," ","0.0000","0.0000","7500","6569700","875.9600"
"20201211","01","12","    90600","JP3756050005","0.0000","0.0000","0.0000","0.0000","3730.0000","3740.0000","3730.0000","3740.0000","3730.0000","3740.0000","3730.0000","3740.0000"," ","0.0000","0.0000","200","747000","3735.0000"
"20201211","01","12","    90630","JP3193800004","2257.0000","2257.0000","2185.0000","2205.0000","2205.0000","2319.0000","2205.0000","2278.0000","2257.0000","2319.0000","2185.0000","2278.0000"," ","0.0000","0.0000","5600","12523800","2236.3929"
"20201211","01","12","    90730","JP3248400008","542.0000","542.0000","542.0000","542.0000","0.0000","0.0000","0.0000","0.0000","542.0000","542.0000","542.0000","542.0000"," ","0.0000","0.0000","100","54200","542.0000"
"20201211","01","12","    90820","JP3503000006","910.0000","910.0000","905.0000","905.0000","910.0000","920.0000","910.0000","920.0000","910.0000","920.0000","905.0000","920.0000"," ","0.0000","0.0000","600","546900","911.5000"
"20201211","01","12","    90830","JP3372000004","2868.0000","3000.0000","2868.0000","3000.0000","2944.0000","2944.0000","2913.0000","2913.0000","2868.0000","3000.0000","2868.0000","2913.0000"," ","0.0000","0.0000","3400","9985700","2936.9706"
"20201211","01","12","    90870","JP3456600000","0.0000","0.0000","0.0000","0.0000","0.0000","0.0000","0.0000","0.0000","0.0000","0.0000","0.0000","0.0000"," ","0.0000","0.0000","0","0","0.0000"
"20201211","01","12","    91270","JP3470600002","628.0000","628.0000","628.0000","628.0000","625.0000","625.0000","625.0000","625.0000","628.0000","628.0000","625.0000","625.0000"," ","0.0000","0.0000","500","313400","626.8000"
"20201211","01","12","    91710","JP3270400009","323.0000","330.0000","321.0000","324.0000","324.0000","325.0000","324.0000","325.0000","323.0000","330.0000","321.0000","325.0000"," ","0.0000","0.0000","5100","1651100","323.7451"
"20201211","01","12","    91730","JP3562000004","2348.0000","2348.0000","2344.0000","2344.0000","2322.0000","2340.0000","2322.0000","2340.0000","2348.0000","2348.0000","2322.0000","2340.0000"," ","0.0000","0.0000","600","1401300","2335.5000"
"20201211","01","12","    91760","JP3322400007","220.0000","220.0000","217.0000","219.0000","218.0000","220.0000","218.0000","220.0000","220.0000","220.0000","217.0000","220.0000"," ","0.0000","0.0000","3500","767300","219.2286"
"20201211","01","12","    91790","JP3224000004","2502.0000","2502.0000","2491.0000","2491.0000","2492.0000","2495.0000","2490.0000","2495.0000","2502.0000","2502.0000","2490.0000","2495.0000"," ","0.0000","0.0000","2600","6483300","2493.5769"
"20201211","01","12","    91930","JP3573800004","580.0000","580.0000","580.0000","580.0000","580.0000","580.0000","580.0000","580.0000","580.0000","580.0000","580.0000","580.0000"," ","0.0000","0.0000","1000","580000","580.0000"
"20201211","01","12","    92060","JP3399320005","2223.0000","2223.0000","2201.0000","2220.0000","2205.0000","2218.0000","2205.0000","2206.0000","2223.0000","2223.0000","2201.0000","2206.0000"," ","0.0000","0.0000","2600","5756000","2213.8462"
"20201211","01","12","    92330","JP3118800006","826.0000","836.0000","826.0000","836.0000","837.0000","843.0000","833.0000","841.0000","826.0000","843.0000","826.0000","841.0000"," ","0.0000","0.0000","35200","29429100","836.0540"
"20201211","01","12","    92610","JP3266700008","0.0000","0.0000","0.0000","0.0000","0.0000","0.0000","0.0000","0.0000","0.0000","0.0000","0.0000","0.0000"," ","0.0000","0.0000","0","0","0.0000"
"20201211","01","12","    92630","JP3800340006","362.0000","372.0000","362.0000","365.0000","365.0000","365.0000","361.0000","362.0000","362.0000","372.0000","361.0000","362.0000"," ","0.0000","0.0000","212300","77559300","365.3288"
"20201211","01","12","    92640","JP3856100007","3300.0000","3310.0000","3245.0000","3265.0000","3245.0000","3260.0000","3195.0000","3245.0000","3300.0000","3310.0000","3195.0000","3245.0000"," ","0.0000","0.0000","19400","63032000","3249.0722"
"20201211","01","12","    92680","JP3197720000","781.0000","789.0000","781.0000","789.0000","790.0000","795.0000","790.0000","794.0000","781.0000","795.0000","781.0000","794.0000"," ","0.0000","0.0000","4900","3874400","790.6939"
"20201211","01","12","    92700","JP3431540008","4100.0000","4105.0000","3985.0000","4010.0000","4040.0000","4100.0000","3980.0000","4090.0000","4100.0000","4105.0000","3980.0000","4090.0000"," ","0.0000","0.0000","51200","207508500","4052.9004"
"20201211","01","12","    92710","JP3993500002","445.0000","445.0000","437.0000","437.0000","444.0000","444.0000","433.0000","435.0000","445.0000","445.0000","433.0000","435.0000"," ","0.0000","0.0000","2100","920600","438.3810"
"20201211","01","12","    92720","JP3829980006","2174.0000","2200.0000","2150.0000","2200.0000","2200.0000","2201.0000","2200.0000","2201.0000","2174.0000","2201.0000","2150.0000","2201.0000"," ","0.0000","0.0000","2800","6110300","2182.2500"
"20201211","01","12","    92760","JP3117370001","0.0000","0.0000","0.0000","0.0000","0.0000","0.0000","0.0000","0.0000","0.0000","0.0000","0.0000","0.0000"," ","0.0000","0.0000","0","0","0.0000"
"20201211","01","12","    93070","JP3397000005","550.0000","589.0000","550.0000","575.0000","575.0000","590.0000","572.0000","583.0000","550.0000","590.0000","550.0000","583.0000"," ","0.0000","0.0000","80300","46172400","574.9988"
"20201211","01","12","    93110","JP3109600001","0.0000","0.0000","0.0000","0.0000","0.0000","0.0000","0.0000","0.0000","0.0000","0.0000","0.0000","0.0000"," ","0.0000","0.0000","0","0","0.0000"
"20201211","01","12","    93130","JP3876800008","701.0000","701.0000","700.0000","700.0000","700.0000","706.0000","700.0000","706.0000","701.0000","706.0000","700.0000","706.0000"," ","0.0000","0.0000","1400","980900","700.6429"
"20201211","01","12","    93180","JP3743800009","7.0000","8.0000","7.0000","7.0000","7.0000","8.0000","7.0000","7.0000","7.0000","8.0000","7.0000","7.0000"," ","0.0000","0.0000","3902400","27342000","7.0065"
"20201211","01","12","    93260","JP3230300000","2424.0000","2435.0000","2385.0000","2426.0000","2427.0000","2444.0000","2409.0000","2434.0000","2424.0000","2444.0000","2385.0000","2434.0000"," ","0.0000","0.0000","26300","63712800","2422.5399"
"20201211","01","12","    93530","JP3318000001","1699.0000","1699.0000","1683.0000","1684.0000","1724.0000","1724.0000","1708.0000","1717.0000","1699.0000","1724.0000","1683.0000","1717.0000"," ","0.0000","0.0000","5700","9719800","1705.2281"
"20201211","01","12","    93550","JP3977100001","2142.0000","2142.0000","2142.0000","2142.0000","0.0000","0.0000","0.0000","0.0000","2142.0000","2142.0000","2142.0000","2142.0000"," ","0.0000","0.0000","100","214200","2142.0000"
"20201211","01","12","    93600","JP3398800007","2570.0000","2781.0000","2535.0000","2581.0000","2576.0000","2576.0000","2324.0000","2419.0000","2570.0000","2781.0000","2324.0000","2419.0000"," ","0.0000","0.0000","141700","357480100","2522.7953"
"20201211","01","12","    93610","JP3807200005","0.0000","0.0000","0.0000","0.0000","0.0000","0.0000","0.0000","0.0000","0.0000","0.0000","0.0000","0.0000"," ","0.0000","0.0000","0","0","0.0000"
"20201211","01","12","    93620","JP3794600001","1180.0000","1180.0000","1180.0000","1180.0000","0.0000","0.0000","0.0000","0.0000","1180.0000","1180.0000","1180.0000","1180.0000"," ","0.0000","0.0000","100","118000","1180.0000"
"20201211","01","12","    93630","JP3479800009","251.0000","252.0000","250.0000","251.0000","251.0000","252.0000","249.0000","249.0000","251.0000","252.0000","249.0000","249.0000"," ","0.0000","0.0000","11500","2879900","250.4261"
"20201211","01","12","    93650","JP3637200001","1442.0000","1442.0000","1442.0000","1442.0000","0.0000","0.0000","0.0000","0.0000","1442.0000","1442.0000","1442.0000","1442.0000"," ","0.0000","0.0000","100","144200","1442.0000"
"20201211","01","12","    93670","JP3486900008","625.0000","625.0000","625.0000","625.0000","615.0000","615.0000","615.0000","615.0000","625.0000","625.0000","615.0000","615.0000"," ","0.0000","0.0000","600","374000","623.3333"
"20201211","01","12","    93760","JP3944650005","709.0000","712.0000","687.0000","703.0000","703.0000","711.0000","698.0000","711.0000","709.0000","712.0000","687.0000","711.0000"," ","0.0000","0.0000","27400","19288600","703.9635"
"20201211","01","12","    93770","JP3160470005","448.0000","455.0000","444.0000","453.0000","453.0000","453.0000","445.0000","452.0000","448.0000","455.0000","444.0000","452.0000"," ","0.0000","0.0000","9400","4218500","448.7766"
"20201211","01","12","    93880","JP3781530005","0.0000","0.0000","0.0000","0.0000","0.0000","0.0000","0.0000","0.0000","0.0000","0.0000","0.0000","0.0000"," ","0.0000","0.0000","0","0","0.0000"
"20201211","01","12","    94080","JP3656400003","0.0000","0.0000","0.0000","0.0000","0.0000","0.0000","0.0000","0.0000","0.0000","0.0000","0.0000","0.0000"," ","0.0000","0.0000","0","0","0.0000"
"20201211","01","12","    94210","JP3758300002","999.0000","999.0000","999.0000","999.0000","1007.0000","1007.0000","974.0000","979.0000","999.0000","1007.0000","974.0000","979.0000"," ","0.0000","0.0000","3300","3250500","985.0000"
"20201211","01","12","    94230","JP3826700001","99.0000","99.0000","96.0000","97.0000","97.0000","98.0000","97.0000","98.0000","99.0000","99.0000","96.0000","98.0000"," ","0.0000","0.0000","164900","16111700","97.7059"
"20201211","01","12","    94250","JP3732400001","342.0000","350.0000","342.0000","346.0000","350.0000","354.0000","347.0000","353.0000","342.0000","354.0000","342.0000","353.0000"," ","0.0000","0.0000","42800","14925000","348.7150"
"20201211","01","12","    94360","JP3194650002","4485.0000","4535.0000","4440.0000","4520.0000","4540.0000","4540.0000","4435.0000","4435.0000","4485.0000","4540.0000","4435.0000","4435.0000"," ","0.0000","0.0000","40500","181323500","4477.1235"
"20201211","01","12","    94390","JP3799620004","198.0000","198.0000","197.0000","197.0000","198.0000","198.0000","198.0000","198.0000","198.0000","198.0000","197.0000","198.0000"," ","0.0000","0.0000","1800","356200","197.8889"
"20201211","01","12","    94410","JP3835850003","6410.0000","6570.0000","6410.0000","6570.0000","0.0000","0.0000","0.0000","0.0000","6410.0000","6570.0000","6410.0000","6570.0000"," ","0.0000","0.0000","700","4547000","6495.7143"
"20201211","01","12","    94440","JP3552420006","567.0000","573.0000","567.0000","573.0000","569.0000","576.0000","568.0000","571.0000","567.0000","576.0000","567.0000","571.0000"," ","0.0000","0.0000","15200","8671000","570.4605"
"20201211","01","12","    94450","JP3802760003","344.0000","358.0000","343.0000","350.0000","352.0000","373.0000","351.0000","370.0000","344.0000","373.0000","343.0000","370.0000"," ","0.0000","0.0000","106100","38034800","358.4807"
"20201211","01","12","    94460","JP3162630002","571.0000","571.0000","564.0000","564.0000","560.0000","569.0000","560.0000","567.0000","571.0000","571.0000","560.0000","567.0000"," ","0.0000","0.0000","2200","1243600","565.2727"
"20201211","01","12","    94650","JP3241700008","0.0000","0.0000","0.0000","0.0000","0.0000","0.0000","0.0000","0.0000","0.0000","0.0000","0.0000","0.0000"," ","0.0000","0.0000","0","0","0.0000"
"20201211","01","12","    94670","JP3126410004","3340.0000","3420.0000","3320.0000","3410.0000","3400.0000","3425.0000","3345.0000","3380.0000","3340.0000","3425.0000","3320.0000","3380.0000"," ","0.0000","0.0000","46100","155604500","3375.3688"
"20201211","01","12","    94760","JP3514800006","575.0000","575.0000","575.0000","575.0000","0.0000","0.0000","0.0000","0.0000","575.0000","575.0000","575.0000","575.0000"," ","0.0000","0.0000","200","115000","575.0000"
"20201211","01","12","    94780","JP3361000007","222.0000","229.0000","222.0000","225.0000","225.0000","226.0000","223.0000","224.0000","222.0000","229.0000","222.0000","224.0000"," ","0.0000","0.0000","191500","43048800","224.7979"
"20201211","01","12","    95370","JP3843800008","3085.0000","3135.0000","3085.0000","3135.0000","3130.0000","3130.0000","3130.0000","3130.0000","3085.0000","3135.0000","3085.0000","3130.0000"," ","0.0000","0.0000","700","2178500","3112.1429"
"20201211","01","12","    95390","JP3281400006","3950.0000","3950.0000","3945.0000","3945.0000","0.0000","0.0000","0.0000","0.0000","3950.0000","3950.0000","3945.0000","3945.0000"," ","0.0000","0.0000","1300","5134500","3949.6154"
"20201211","01","12","    96100","JP3154200004","157.0000","160.0000","157.0000","160.0000","159.0000","162.0000","159.0000","162.0000","157.0000","162.0000","157.0000","162.0000"," ","0.0000","0.0000","9600","1524000","158.7500"
"20201211","01","12","    96250","JP3423600000","715.0000","733.0000","715.0000","732.0000","729.0000","737.0000","718.0000","719.0000","715.0000","737.0000","715.0000","719.0000"," ","0.0000","0.0000","45500","32909700","723.2901"
"20201211","01","12","    96310","JP3569800000","4905.0000","4905.0000","4875.0000","4890.0000","4900.0000","4905.0000","4900.0000","4905.0000","4905.0000","4905.0000","4875.0000","4905.0000"," ","0.0000","0.0000","2700","13209500","4892.4074"
"20201211","01","12","    96350","JP3913200006","0.0000","0.0000","0.0000","0.0000","0.0000","0.0000","0.0000","0.0000","0.0000","0.0000","0.0000","0.0000"," ","0.0000","0.0000","0","0","0.0000"
"20201211","01","12","    96360","JP3258400005","2940.0000","3005.0000","2940.0000","3005.0000","3005.0000","3005.0000","3005.0000","3005.0000","2940.0000","3005.0000","2940.0000","3005.0000"," ","0.0000","0.0000","600","1790000","2983.3333"
"20201211","01","12","    96370","JP3170400000","2987.0000","2987.0000","2987.0000","2987.0000","0.0000","0.0000","0.0000","0.0000","2987.0000","2987.0000","2987.0000","2987.0000"," ","0.0000","0.0000","300","896100","2987.0000"
"20201211","01","12","    96390","JP3328200005","3795.0000","3825.0000","3795.0000","3825.0000","3825.0000","3835.0000","3825.0000","3835.0000","3795.0000","3835.0000","3795.0000","3835.0000"," ","0.0000","0.0000","900","3440000","3822.2222"
"20201211","01","12","    96400","JP3422150007","2115.0000","2164.0000","2115.0000","2164.0000","2175.0000","2175.0000","2149.0000","2149.0000","2115.0000","2175.0000","2115.0000","2149.0000"," ","0.0000","0.0000","3700","7962000","2151.8919"
"20201211","01","12","    96410","JP3318600008","337.0000","337.0000","337.0000","337.0000","337.0000","338.0000","337.0000","338.0000","337.0000","338.0000","337.0000","338.0000"," ","0.0000","0.0000","800","269800","337.2500"
"20201211","01","12","    96470","JP3254900008","3300.0000","3440.0000","3260.0000","3400.0000","3385.0000","3670.0000","3385.0000","3500.0000","3300.0000","3670.0000","3260.0000","3500.0000"," ","0.0000","0.0000","5600","19288000","3444.2857"
"20201211","01","12","    96510","JP3749300004","741.0000","747.0000","741.0000","747.0000","742.0000","752.0000","742.0000","749.0000","741.0000","752.0000","741.0000","749.0000"," ","0.0000","0.0000","3700","2759500","745.8108"
"20201211","01","12","    96560","JP3889000000","443.0000","444.0000","440.0000","444.0000","444.0000","445.0000","443.0000","444.0000","443.0000","445.0000","440.0000","444.0000"," ","0.0000","0.0000","3500","1551000","443.1429"
"20201211","01","12","    96610","JP3218600009","4810.0000","4810.0000","4775.0000","4775.0000","4775.0000","4795.0000","4750.0000","4765.0000","4810.0000","4810.0000","4750.0000","4765.0000"," ","0.0000","0.0000","4600","21942000","4770.0000"
"20201211","01","12","    96790","JP3840300002","3010.0000","3010.0000","3010.0000","3010.0000","0.0000","0.0000","0.0000","0.0000","3010.0000","3010.0000","3010.0000","3010.0000"," ","0.0000","0.0000","100","301000","3010.0000"
"20201211","01","12","    96850","JP3253000008","870.0000","935.0000","870.0000","924.0000","920.0000","935.0000","912.0000","922.0000","870.0000","935.0000","870.0000","922.0000"," ","0.0000","0.0000","87300","80110900","917.6506"
"20201211","01","12","    96860","JP3616800003","1000.0000","1015.0000","1000.0000","1015.0000","1005.0000","1005.0000","1000.0000","1000.0000","1000.0000","1015.0000","1000.0000","1000.0000"," ","0.0000","0.0000","3100","3117700","1005.7097"
"20201211","01","12","    96870","JP3294000009","2159.0000","2180.0000","2159.0000","2164.0000","2166.0000","2166.0000","2162.0000","2162.0000","2159.0000","2180.0000","2159.0000","2162.0000"," ","0.0000","0.0000","2300","4989500","2169.3478"
"20201211","01","12","    96910","JP3976400006","1905.0000","1907.0000","1896.0000","1901.0000","1900.0000","1911.0000","1898.0000","1911.0000","1905.0000","1911.0000","1896.0000","1911.0000"," ","0.0000","0.0000","3200","6085700","1901.7813"
"20201211","01","12","    96950","JP3220000008","225.0000","230.0000","225.0000","228.0000","225.0000","225.0000","225.0000","225.0000","225.0000","230.0000","225.0000","225.0000"," ","0.0000","0.0000","7400","1683200","227.4595"
"20201211","01","12","    96960","JP3234010001","412.0000","419.0000","412.0000","414.0000","419.0000","419.0000","416.0000","417.0000","412.0000","419.0000","412.0000","417.0000"," ","0.0000","0.0000","1600","663900","414.9375"
"20201211","01","12","    96980","JP3271000006","1247.0000","1247.0000","1228.0000","1240.0000","1242.0000","1242.0000","1233.0000","1240.0000","1247.0000","1247.0000","1228.0000","1240.0000"," ","0.0000","0.0000","10900","13528300","1241.1284"
"20201211","01","12","    97010","JP3572200008","3025.0000","3025.0000","3000.0000","3000.0000","0.0000","0.0000","0.0000","0.0000","3025.0000","3025.0000","3000.0000","3000.0000"," ","0.0000","0.0000","200","602500","3012.5000"
"20201211","01","12","    97070","JP3230800009","995.0000","1003.0000","995.0000","998.0000","998.0000","1002.0000","996.0000","998.0000","995.0000","1003.0000","995.0000","998.0000"," ","0.0000","0.0000","6900","6893600","999.0725"
"20201211","01","12","    97080","JP3542800002","1993.0000","1994.0000","1977.0000","1977.0000","1973.0000","1987.0000","1973.0000","1980.0000","1993.0000","1994.0000","1973.0000","1980.0000"," ","0.0000","0.0000","2400","4758800","1982.8333"
"20201211","01","12","    97090","JP3709000008","476.0000","476.0000","470.0000","476.0000","476.0000","480.0000","476.0000","480.0000","476.0000","480.0000","470.0000","480.0000"," ","0.0000","0.0000","21800","10385800","476.4128"
"20201211","01","12","    97130","JP3984000004","1161.0000","1161.0000","1154.0000","1155.0000","1155.0000","1157.0000","1150.0000","1150.0000","1161.0000","1161.0000","1150.0000","1150.0000"," ","0.0000","0.0000","6200","7165400","1155.7097"
"20201211","01","12","    97200","JP3852200009","0.0000","0.0000","0.0000","0.0000","0.0000","0.0000","0.0000","0.0000","0.0000","0.0000","0.0000","0.0000"," ","0.0000","0.0000","0","0","0.0000"
"20201211","01","12","    97230","JP3252400001","573.0000","573.0000","573.0000","573.0000","573.0000","574.0000","573.0000","573.0000","573.0000","574.0000","573.0000","573.0000"," ","0.0000","0.0000","1200","687700","573.0833"
"20201211","01","12","    97330","JP3647600000","0.0000","0.0000","0.0000","0.0000","0.0000","0.0000","0.0000","0.0000","0.0000","0.0000","0.0000","0.0000"," ","0.0000","0.0000","0","0","0.0000"
"20201211","01","12","    97340","JP3417800004","793.0000","796.0000","793.0000","796.0000","800.0000","803.0000","799.0000","799.0000","793.0000","803.0000","793.0000","799.0000"," ","0.0000","0.0000","2100","1669800","795.1429"
"20201211","01","12","    97530","JP3100720006","1123.0000","1147.0000","1110.0000","1145.0000","1140.0000","1140.0000","1112.0000","1119.0000","1123.0000","1147.0000","1110.0000","1119.0000"," ","0.0000","0.0000","184200","207402200","1125.9620"
"20201211","01","12","    97580","JP3389600002","434.0000","437.0000","430.0000","436.0000","431.0000","439.0000","431.0000","438.0000","434.0000","439.0000","430.0000","438.0000"," ","0.0000","0.0000","58200","25282500","434.4072"
"20201211","01","12","    97610","JP3566200006","1386.0000","1393.0000","1386.0000","1387.0000","1386.0000","1392.0000","1386.0000","1392.0000","1386.0000","1393.0000","1386.0000","1392.0000"," ","0.0000","0.0000","800","1111200","1389.0000"
"20201211","01","12","    97670","JP3668800000","1760.0000","1760.0000","1724.0000","1724.0000","1764.0000","1767.0000","1760.0000","1760.0000","1760.0000","1767.0000","1724.0000","1760.0000"," ","0.0000","0.0000","1400","2445600","1746.8571"
"20201211","01","12","    97760","JP3321100004","0.0000","0.0000","0.0000","0.0000","0.0000","0.0000","0.0000","0.0000","0.0000","0.0000","0.0000","0.0000"," ","0.0000","0.0000","0","0","0.0000"
"20201211","01","12","    97780","JP3399750003","4400.0000","4430.0000","4400.0000","4430.0000","4435.0000","4440.0000","4435.0000","4440.0000","4400.0000","4440.0000","4400.0000","4440.0000"," ","0.0000","0.0000","400","1770500","4426.2500"
"20201211","01","12","    97800","JP3773200005","2999.0000","2999.0000","2999.0000","2999.0000","2996.0000","2996.0000","2985.0000","2985.0000","2999.0000","2999.0000","2985.0000","2985.0000"," ","0.0000","0.0000","1100","3289300","2990.2727"
"20201211","01","12","    97820","JP3548550007","1405.0000","1458.0000","1405.0000","1458.0000","1462.0000","1463.0000","1430.0000","1430.0000","1405.0000","1463.0000","1405.0000","1430.0000"," ","0.0000","0.0000","4000","5749000","1437.2500"
"20201211","01","12","    97910","JP3800000006","758.0000","759.0000","747.0000","759.0000","749.0000","755.0000","746.0000","746.0000","758.0000","759.0000","746.0000","746.0000"," ","0.0000","0.0000","8600","6481100","753.6163"
"20201211","01","12","    97970","JP3494000007","950.0000","990.0000","940.0000","986.0000","1000.0000","1030.0000","954.0000","1017.0000","950.0000","1030.0000","940.0000","1017.0000"," ","0.0000","0.0000","154200","152234500","987.2536"
"20201211","01","12","    97990","JP3113400000","1209.0000","1223.0000","1206.0000","1206.0000","1211.0000","1223.0000","1210.0000","1214.0000","1209.0000","1223.0000","1206.0000","1214.0000"," ","0.0000","0.0000","7900","9589600","1213.8734"
"20201211","01","12","    98120","JP3538300009","230.0000","233.0000","230.0000","231.0000","231.0000","233.0000","231.0000","232.0000","230.0000","233.0000","230.0000","232.0000"," ","0.0000","0.0000","2900","672800","232.0000"
"20201211","01","12","    98160","JP3778220008","375.0000","384.0000","375.0000","382.0000","380.0000","382.0000","378.0000","379.0000","375.0000","384.0000","375.0000","379.0000"," ","0.0000","0.0000","28800","10955700","380.4063"
"20201211","01","12","    98180","JP3499200008","1391.0000","1400.0000","1390.0000","1390.0000","1390.0000","1390.0000","1388.0000","1388.0000","1391.0000","1400.0000","1388.0000","1388.0000"," ","0.0000","0.0000","7600","10574400","1391.3684"
"20201211","01","12","    98200","JP3297300000","2765.0000","2806.0000","2765.0000","2806.0000","2780.0000","2798.0000","2772.0000","2798.0000","2765.0000","2806.0000","2765.0000","2798.0000"," ","0.0000","0.0000","1300","3633900","2795.3077"
"20201211","01","12","    98230","JP3870200007","2229.0000","2229.0000","2229.0000","2229.0000","2232.0000","2240.0000","2231.0000","2240.0000","2229.0000","2240.0000","2229.0000","2240.0000"," ","0.0000","0.0000","700","1563300","2233.2857"
"20201211","01","12","    98270","JP3976800007","149.0000","150.0000","149.0000","150.0000","150.0000","150.0000","149.0000","150.0000","149.0000","150.0000","149.0000","150.0000"," ","0.0000","0.0000","14400","2151400","149.4028"
"20201211","01","12","    98290","JP3648400004","1331.0000","1331.0000","1331.0000","1331.0000","0.0000","0.0000","0.0000","0.0000","1331.0000","1331.0000","1331.0000","1331.0000"," ","0.0000","0.0000","100","133100","1331.0000"
"20201211","01","12","    98350","JP3392800003","746.0000","750.0000","744.0000","749.0000","754.0000","754.0000","747.0000","751.0000","746.0000","754.0000","744.0000","751.0000"," ","0.0000","0.0000","5600","4192600","748.6786"
"20201211","01","12","    98450","JP3780000000","477.0000","489.0000","477.0000","489.0000","484.0000","493.0000","484.0000","493.0000","477.0000","493.0000","477.0000","493.0000"," ","0.0000","0.0000","1600","780600","487.8750"
"20201211","01","12","    98460","JP3547850002","1072.0000","1072.0000","1065.0000","1065.0000","1065.0000","1079.0000","1065.0000","1076.0000","1072.0000","1079.0000","1065.0000","1076.0000"," ","0.0000","0.0000","2300","2462000","1070.4348"
"20201211","01","12","    98490","JP3226400004","0.0000","0.0000","0.0000","0.0000","0.0000","0.0000","0.0000","0.0000","0.0000","0.0000","0.0000","0.0000"," ","0.0000","0.0000","0","0","0.0000"
"20201211","01","12","    98520","JP3518400001","2729.0000","2729.0000","2729.0000","2729.0000","0.0000","0.0000","0.0000","0.0000","2729.0000","2729.0000","2729.0000","2729.0000"," ","0.0000","0.0000","100","272900","2729.0000"
"20201211","01","12","    98530","JP3265200000","811.0000","818.0000","811.0000","814.0000","814.0000","815.0000","812.0000","812.0000","811.0000","818.0000","811.0000","812.0000"," ","0.0000","0.0000","3000","2438900","812.9667"
"20201211","01","12","    98570","JP3161100007","1071.0000","1071.0000","1052.0000","1052.0000","1050.0000","1056.0000","1050.0000","1053.0000","1071.0000","1071.0000","1050.0000","1053.0000"," ","0.0000","0.0000","1800","1898300","1054.6111"
"20201211","01","12","    98670","JP3301200006","7260.0000","8300.0000","7000.0000","7270.0000","7250.0000","7440.0000","7230.0000","7230.0000","7260.0000","8300.0000","7000.0000","7230.0000"," ","0.0000","0.0000","14600","111159000","7613.6301"
"20201211","01","12","    98730","JP3702200001","2989.0000","2990.0000","2936.0000","2951.0000","2960.0000","2960.0000","2937.0000","2960.0000","2989.0000","2990.0000","2936.0000","2960.0000"," ","0.0000","0.0000","53600","158405400","2955.3246"
"20201211","01","12","    98760","JP3299200000","181.0000","183.0000","181.0000","181.0000","180.0000","182.0000","178.0000","181.0000","181.0000","183.0000","178.0000","181.0000"," ","0.0000","0.0000","121000","21861300","180.6719"
"20201211","01","12","    98780","JP3420900007","1240.0000","1383.0000","1238.0000","1318.0000","1334.0000","1400.0000","1312.0000","1374.0000","1240.0000","1400.0000","1238.0000","1374.0000"," ","0.0000","0.0000","1066000","1424790800","1336.5767"
"20201211","01","12","    98850","JP3359800004","364.0000","367.0000","364.0000","367.0000","367.0000","367.0000","367.0000","367.0000","364.0000","367.0000","364.0000","367.0000"," ","0.0000","0.0000","7600","2780500","365.8553"
"20201211","01","12","    98880","JP3154850006","477.0000","512.0000","472.0000","507.0000","508.0000","509.0000","484.0000","492.0000","477.0000","512.0000","472.0000","492.0000"," ","0.0000","0.0000","212400","104659800","492.7486"
"20201211","01","12","    98900","JP3862900002","1147.0000","1147.0000","1138.0000","1139.0000","1138.0000","1156.0000","1136.0000","1156.0000","1147.0000","1156.0000","1136.0000","1156.0000"," ","0.0000","0.0000","5400","6169300","1142.4630"
"20201211","01","12","    98950","JP3306000005","1200.0000","1200.0000","1197.0000","1200.0000","1187.0000","1200.0000","1186.0000","1190.0000","1200.0000","1200.0000","1186.0000","1190.0000"," ","0.0000","0.0000","4700","5603100","1192.1489"
"20201211","01","12","    99030","JP3229950005","3025.0000","3090.0000","3000.0000","3010.0000","3000.0000","3000.0000","2968.0000","2968.0000","3025.0000","3090.0000","2968.0000","2968.0000"," ","0.0000","0.0000","5800","17441000","3007.0690"
"20201211","01","12","    99040","JP3392700005","272.0000","272.0000","269.0000","271.0000","271.0000","272.0000","270.0000","272.0000","272.0000","272.0000","269.0000","272.0000"," ","0.0000","0.0000","20600","5578300","270.7913"
"20201211","01","12","    99060","JP3807650001","1496.0000","1496.0000","1459.0000","1459.0000","1461.0000","1461.0000","1461.0000","1461.0000","1496.0000","1496.0000","1459.0000","1461.0000"," ","0.0000","0.0000","2400","3564100","1485.0417"
"20201211","01","12","    99080","JP3734400009","1269.0000","1275.0000","1256.0000","1268.0000","1268.0000","1268.0000","1255.0000","1255.0000","1269.0000","1275.0000","1255.0000","1255.0000"," ","0.0000","0.0000","7100","8990400","1266.2535"
"20201211","01","12","    99090","JP3101300006","1415.0000","1415.0000","1414.0000","1415.0000","1415.0000","1419.0000","1415.0000","1417.0000","1415.0000","1419.0000","1414.0000","1417.0000"," ","0.0000","0.0000","800","1132500","1415.6250"
"20201211","01","12","    99130","JP3686100003","546.0000","563.0000","545.0000","550.0000","547.0000","555.0000","537.0000","544.0000","546.0000","563.0000","537.0000","544.0000"," ","0.0000","0.0000","13500","7360600","545.2296"
"20201211","01","12","    99140","JP3155300001","852.0000","852.0000","852.0000","852.0000","851.0000","851.0000","851.0000","851.0000","852.0000","852.0000","851.0000","851.0000"," ","0.0000","0.0000","300","255500","851.6667"
"20201211","01","12","    99270","JP3994000002","2224.0000","2232.0000","2201.0000","2201.0000","2235.0000","2235.0000","2222.0000","2225.0000","2224.0000","2235.0000","2201.0000","2225.0000"," ","0.0000","0.0000","1600","3558500","2224.0625"
"20201211","01","12","    99290","JP3834300000","0.0000","0.0000","0.0000","0.0000","410.0000","410.0000","410.0000","410.0000","410.0000","410.0000","410.0000","410.0000"," ","0.0000","0.0000","100","41000","410.0000"
"20201211","01","12","    99410","JP3451800001","396.0000","396.0000","396.0000","396.0000","398.0000","399.0000","398.0000","399.0000","396.0000","399.0000","396.0000","399.0000"," ","0.0000","0.0000","4700","1861700","396.1064"
"20201211","01","12","    99500","JP3769200001","2971.0000","2980.0000","2971.0000","2980.0000","2980.0000","2980.0000","2980.0000","2980.0000","2971.0000","2980.0000","2971.0000","2980.0000"," ","0.0000","0.0000","500","1489000","2978.0000"
"20201211","01","12","    99550","JP3962200006","1597.0000","1597.0000","1597.0000","1597.0000","1603.0000","1603.0000","1602.0000","1602.0000","1597.0000","1603.0000","1597.0000","1602.0000"," ","0.0000","0.0000","300","480200","1600.6667"
"20201211","01","12","    99590","JP3117400006","431.0000","431.0000","429.0000","430.0000","429.0000","431.0000","429.0000","431.0000","431.0000","431.0000","429.0000","431.0000"," ","0.0000","0.0000","5100","2194600","430.3137"
"20201211","01","12","    99640","JP3104900000","0.0000","0.0000","0.0000","0.0000","0.0000","0.0000","0.0000","0.0000","0.0000","0.0000","0.0000","0.0000"," ","0.0000","0.0000","0","0","0.0000"
"20201211","01","12","    99670","JP3313000006","0.0000","0.0000","0.0000","0.0000","0.0000","0.0000","0.0000","0.0000","0.0000","0.0000","0.0000","0.0000"," ","0.0000","0.0000","0","0","0.0000"
"20201211","01","12","    99690","JP3369300003","269.0000","277.0000","269.0000","274.0000","275.0000","277.0000","273.0000","276.0000","269.0000","277.0000","269.0000","276.0000"," ","0.0000","0.0000","58000","15883400","273.8517"
"20201211","01","12","    99730","JP3298800008","50.0000","51.0000","49.0000","50.0000","50.0000","50.0000","49.0000","50.0000","50.0000","51.0000","49.0000","50.0000"," ","0.0000","0.0000","1018500","50809900","49.8870"
"20201211","01","12","    99760","JP3420850004","1839.0000","1875.0000","1839.0000","1865.0000","1870.0000","1885.0000","1870.0000","1885.0000","1839.0000","1885.0000","1839.0000","1885.0000"," ","0.0000","0.0000","3900","7308100","1873.8718"
"20201211","01","12","    99770","JP3105700003","0.0000","0.0000","0.0000","0.0000","2710.0000","2734.0000","2690.0000","2690.0000","2710.0000","2734.0000","2690.0000","2690.0000"," ","0.0000","0.0000","2000","5417400","2708.7000"
"20201211","01","12","    99780","JP3831750009","93.0000","94.0000","92.0000","93.0000","93.0000","93.0000","92.0000","92.0000","93.0000","94.0000","92.0000","92.0000"," ","0.0000","0.0000","331200","30711500","92.7280"
"20201211","01","12","    99800","JP3873800001","130.0000","131.0000","129.0000","129.0000","129.0000","131.0000","129.0000","130.0000","130.0000","131.0000","129.0000","130.0000"," ","0.0000","0.0000","114900","14924100","129.8877"
"20201211","01","12","    99960","JP3321500005","1540.0000","1540.0000","1517.0000","1517.0000","1521.0000","1600.0000","1521.0000","1600.0000","1540.0000","1600.0000","1517.0000","1600.0000"," ","0.0000","0.0000","6300","9753000","1548.0952"
"20201211","01","13","    13130","","3550.0000","3580.0000","3550.0000","3550.0000","3600.0000","3600.0000","3500.0000","3500.0000","3550.0000","3600.0000","3500.0000","3500.0000"," ","0.0000","0.0000","120","426750","3556.2500"
"20201211","01","13","    13260","","17960.0000","17970.0000","17910.0000","17950.0000","17930.0000","17950.0000","17900.0000","17900.0000","17960.0000","17970.0000","17900.0000","17900.0000"," ","0.0000","0.0000","3898","69929400","17939.8153"
"20201211","01","13","    13270","","2833.0000","2833.0000","2803.0000","2830.0000","2859.0000","2859.0000","2859.0000","2859.0000","2833.0000","2859.0000","2803.0000","2859.0000"," ","0.0000","0.0000","157","447684","2851.4904"
"20201211","01","13","    13490","","13130.0000","13130.0000","13080.0000","13080.0000","13120.0000","13150.0000","13120.0000","13150.0000","13130.0000","13150.0000","13080.0000","13150.0000"," ","0.0000","0.0000","14","183940","13138.5714"
"20201211","01","13","    13850","","4510.0000","4510.0000","4480.0000","4480.0000","4480.0000","4495.0000","4480.0000","4495.0000","4510.0000","4510.0000","4480.0000","4495.0000"," ","0.0000","0.0000","84","377530","4494.4048"
"20201211","01","13","    13860","","8190.0000","8190.0000","8190.0000","8190.0000","8080.0000","8190.0000","8080.0000","8170.0000","8190.0000","8190.0000","8080.0000","8170.0000"," ","0.0000","0.0000","57","466500","8184.2105"
"20201211","01","13","    13870","","16000.0000","16000.0000","16000.0000","16000.0000","0.0000","0.0000","0.0000","0.0000","16000.0000","16000.0000","16000.0000","16000.0000"," ","0.0000","0.0000","1","16000","16000.0000"
"20201211","01","13","    13880","","0.0000","0.0000","0.0000","0.0000","0.0000","0.0000","0.0000","0.0000","0.0000","0.0000","0.0000","0.0000"," ","0.0000","0.0000","0","0","0.0000"
"20201211","01","13","    13890","","8730.0000","8730.0000","8720.0000","8720.0000","8720.0000","8720.0000","8680.0000","8720.0000","8730.0000","8730.0000","8680.0000","8720.0000"," ","0.0000","0.0000","166","1446180","8711.9277"
"20201211","01","13","    13900","","4835.0000","4835.0000","4795.0000","4795.0000","4790.0000","4790.0000","4790.0000","4790.0000","4835.0000","4835.0000","4790.0000","4790.0000"," ","0.0000","0.0000","13","62615","4816.5385"
"20201211","01","13","    13910","","2383.0000","2400.0000","2382.0000","2400.0000","2399.0000","2399.0000","2345.0000","2388.0000","2383.0000","2400.0000","2345.0000","2388.0000"," ","0.0000","0.0000","1142","2736294","2396.0543"
"20201211","01","13","    13920","","2342.0000","2342.0000","2339.0000","2342.0000","2350.0000","2350.0000","2345.0000","2346.0000","2342.0000","2350.0000","2339.0000","2346.0000"," ","0.0000","0.0000","346","811085","2344.1763"
"20201211","01","13","    13930","","37600.0000","37600.0000","37600.0000","37600.0000","37550.0000","37550.0000","37550.0000","37550.0000","37600.0000","37600.0000","37550.0000","37550.0000"," ","0.0000","0.0000","14","526350","37596.4286"
"20201211","01","13","    13940","","0.0000","0.0000","0.0000","0.0000","0.0000","0.0000","0.0000","0.0000","0.0000","0.0000","0.0000","0.0000"," ","0.0000","0.0000","0","0","0.0000"
"20201211","01","13","    15570","","38200.0000","38300.0000","38100.0000","38200.0000","38100.0000","38150.0000","38050.0000","38050.0000","38200.0000","38300.0000","38050.0000","38050.0000"," ","0.0000","0.0000","3690","140815000","38161.2466"
"20201211","01","13","    15750","","777.0000","777.0000","748.0000","764.0000","744.0000","744.0000","744.0000","744.0000","777.0000","777.0000","744.0000","744.0000"," ","0.0000","0.0000","180","135530","752.9444"
"20201211","01","13","    15760","","750.0000","750.0000","750.0000","750.0000","0.0000","0.0000","0.0000","0.0000","750.0000","750.0000","750.0000","750.0000"," ","0.0000","0.0000","160","120000","750.0000"
"20201211","01","13","    15840","","900.0000","900.0000","900.0000","900.0000","868.0000","870.0000","851.0000","864.0000","900.0000","900.0000","851.0000","864.0000"," ","0.0000","0.0000","290","252340","870.1379"
"20201211","01","13","    16720","","18510.0000","18510.0000","18170.0000","18170.0000","18170.0000","18170.0000","18160.0000","18160.0000","18510.0000","18510.0000","18160.0000","18160.0000"," ","0.0000","0.0000","110","2001340","18194.0000"
"20201211","01","13","    16730","","2353.0000","2353.0000","2350.0000","2351.0000","2320.0000","2345.0000","2320.0000","2345.0000","2353.0000","2353.0000","2320.0000","2345.0000"," ","0.0000","0.0000","190","445700","2345.7895"
"20201211","01","13","    16740","","9970.0000","10050.0000","9970.0000","10050.0000","9880.0000","10040.0000","9850.0000","10040.0000","9970.0000","10050.0000","9850.0000","10040.0000"," ","0.0000","0.0000","651","6500290","9985.0845"
"20201211","01","13","    16750","","23480.0000","23480.0000","23480.0000","23480.0000","0.0000","0.0000","0.0000","0.0000","23480.0000","23480.0000","23480.0000","23480.0000"," ","0.0000","0.0000","2","46960","23480.0000"
"20201211","01","13","    16760","","16460.0000","16470.0000","16460.0000","16470.0000","15510.0000","15550.0000","15510.0000","15550.0000","16460.0000","16470.0000","15510.0000","15550.0000"," ","0.0000","0.0000","22","347190","15781.3636"
"20201211","01","13","    16840","","0.0000","0.0000","0.0000","0.0000","0.0000","0.0000","0.0000","0.0000","0.0000","0.0000","0.0000","0.0000"," ","0.0000","0.0000","0","0","0.0000"
"20201211","01","13","    16850","","0.0000","0.0000","0.0000","0.0000","216.0000","216.0000","216.0000","216.0000","216.0000","216.0000","216.0000","216.0000"," ","0.0000","0.0000","10","2160","216.0000"
"20201211","01","13","    16860","","0.0000","0.0000","0.0000","0.0000","0.0000","0.0000","0.0000","0.0000","0.0000","0.0000","0.0000","0.0000"," ","0.0000","0.0000","0","0","0.0000"
"20201211","01","13","    16870","","450.0000","450.0000","443.0000","443.0000","453.0000","453.0000","453.0000","453.0000","450.0000","453.0000","443.0000","453.0000"," ","0.0000","0.0000","120","53800","448.3333"
"20201211","01","13","    16880","","330.0000","330.0000","326.0000","327.0000","329.0000","331.0000","326.0000","331.0000","330.0000","331.0000","326.0000","331.0000"," ","0.0000","0.0000","7330","2404940","328.0955"
"20201211","01","13","    16890","","2.0000","2.0000","1.0000","2.0000","2.0000","2.0000","1.0000","1.0000","2.0000","2.0000","1.0000","1.0000"," ","0.0000","0.0000","14945300","27195900","1.8197"
"20201211","01","13","    16900","","438.0000","440.0000","435.0000","437.0000","435.0000","438.0000","435.0000","437.0000","438.0000","440.0000","435.0000","437.0000"," ","0.0000","0.0000","65990","28880210","437.6452"
"20201211","01","13","    16910","","1815.0000","1850.0000","1815.0000","1850.0000","1816.0000","1880.0000","1816.0000","1879.0000","1815.0000","1880.0000","1815.0000","1879.0000"," ","0.0000","0.0000","778","1439898","1850.7686"
"20201211","01","13","    16920","","0.0000","0.0000","0.0000","0.0000","0.0000","0.0000","0.0000","0.0000","0.0000","0.0000","0.0000","0.0000"," ","0.0000","0.0000","0","0","0.0000"
"20201211","01","13","    16930","","3345.0000","3400.0000","3320.0000","3320.0000","3320.0000","3350.0000","3290.0000","3290.0000","3345.0000","3400.0000","3290.0000","3290.0000"," ","0.0000","0.0000","960","3203650","3337.1354"
"20201211","01","13","    16940","","1697.0000","1697.0000","1697.0000","1697.0000","0.0000","0.0000","0.0000","0.0000","1697.0000","1697.0000","1697.0000","1697.0000"," ","0.0000","0.0000","10","16970","1697.0000"
"20201211","01","13","    16950","","69.0000","70.0000","69.0000","69.0000","69.0000","70.0000","69.0000","69.0000","69.0000","70.0000","69.0000","69.0000"," ","0.0000","0.0000","101500","7014900","69.1123"
"20201211","01","13","    16960","","76.0000","76.0000","75.0000","76.0000","76.0000","76.0000","76.0000","76.0000","76.0000","76.0000","75.0000","76.0000"," ","0.0000","0.0000","6800","514600","75.6765"
"20201211","01","13","    16970","","2081.0000","2112.0000","2081.0000","2086.0000","2084.0000","2109.0000","2084.0000","2109.0000","2081.0000","2112.0000","2081.0000","2109.0000"," ","0.0000","0.0000","860","1799350","2092.2674"
"20201211","01","13","    17730","","18.0000","19.0000","18.0000","18.0000","18.0000","19.0000","18.0000","19.0000","18.0000","19.0000","18.0000","19.0000"," ","0.0000","0.0000","148000","2784000","18.8108"
"20201211","01","13","    20310","","0.0000","0.0000","0.0000","0.0000","9770.0000","9780.0000","9760.0000","9780.0000","9770.0000","9780.0000","9760.0000","9780.0000"," ","0.0000","0.0000","56","547070","9769.1071"
"20201211","01","13","    20320","","5560.0000","5580.0000","5560.0000","5580.0000","5560.0000","5560.0000","5550.0000","5550.0000","5560.0000","5580.0000","5550.0000","5550.0000"," ","0.0000","0.0000","155","862220","5562.7097"
"20201211","01","13","    20330","","15170.0000","15170.0000","14820.0000","14820.0000","14860.0000","14860.0000","14860.0000","14860.0000","15170.0000","15170.0000","14820.0000","14860.0000"," ","0.0000","0.0000","32","477140","14910.6250"
"20201211","01","13","    20340","","6880.0000","6960.0000","6880.0000","6880.0000","6870.0000","6870.0000","6840.0000","6840.0000","6880.0000","6960.0000","6840.0000","6840.0000"," ","0.0000","0.0000","290","1990690","6864.4483"
"20201211","01","13","    20350","","351.0000","357.0000","350.0000","352.0000","354.0000","354.0000","351.0000","353.0000","351.0000","357.0000","350.0000","353.0000"," ","0.0000","0.0000","382557","135154327","353.2920"
"20201211","01","13","    20360","","17020.0000","17070.0000","16920.0000","16960.0000","16960.0000","16970.0000","16890.0000","16890.0000","17020.0000","17070.0000","16890.0000","16890.0000"," ","0.0000","0.0000","605","10244980","16933.8512"
"20201211","01","13","    20370","","5790.0000","5840.0000","5780.0000","5800.0000","5800.0000","5810.0000","5760.0000","5770.0000","5790.0000","5840.0000","5760.0000","5770.0000"," ","0.0000","0.0000","435","2521240","5795.9540"
"20201211","01","13","    20380","","278.0000","280.0000","277.0000","279.0000","277.0000","277.0000","275.0000","276.0000","278.0000","280.0000","275.0000","276.0000"," ","0.0000","0.0000","12943892","3592629990","277.5541"
"20201211","01","13","    20390","","5410.0000","5410.0000","5380.0000","5400.0000","5420.0000","5440.0000","5410.0000","5440.0000","5410.0000","5440.0000","5380.0000","5440.0000"," ","0.0000","0.0000","10065","54399170","5404.7859"
"20201211","01","13","    20400","","23700.0000","23710.0000","23600.0000","23650.0000","23550.0000","23580.0000","23480.0000","23480.0000","23700.0000","23710.0000","23480.0000","23480.0000"," ","0.0000","0.0000","6496","153186050","23581.5964"
"20201211","01","13","    20410","","3510.0000","3525.0000","3510.0000","3525.0000","3525.0000","3530.0000","3520.0000","3520.0000","3510.0000","3530.0000","3510.0000","3520.0000"," ","0.0000","0.0000","13934","49040290","3519.4696"
"20201211","01","13","    20420","","12580.0000","12920.0000","12580.0000","12920.0000","12910.0000","12910.0000","12780.0000","12880.0000","12580.0000","12920.0000","12580.0000","12880.0000"," ","0.0000","0.0000","1201","15336070","12769.4172"
"20201211","01","13","    20430","","11920.0000","11920.0000","11830.0000","11830.0000","11860.0000","11860.0000","11860.0000","11860.0000","11920.0000","11920.0000","11830.0000","11860.0000"," ","0.0000","0.0000","321","3817260","11891.7757"
"20201211","01","13","    20440","","15350.0000","15400.0000","15340.0000","15400.0000","0.0000","0.0000","0.0000","0.0000","15350.0000","15400.0000","15340.0000","15400.0000"," ","0.0000","0.0000","42","646150","15384.5238"
"20201211","01","13","    20450","","12150.0000","12150.0000","12150.0000","12150.0000","12260.0000","12260.0000","12140.0000","12140.0000","12150.0000","12260.0000","12140.0000","12140.0000"," ","0.0000","0.0000","150","1822420","12149.4667"
"20201211","01","13","    20460","","10510.0000","10640.0000","10450.0000","10610.0000","10500.0000","10720.0000","10500.0000","10640.0000","10510.0000","10720.0000","10450.0000","10640.0000"," ","0.0000","0.0000","2334","24661530","10566.2082"
"20201211","01","13","    20470","","4925.0000","4925.0000","4840.0000","4895.0000","4880.0000","4890.0000","4880.0000","4890.0000","4925.0000","4925.0000","4840.0000","4890.0000"," ","0.0000","0.0000","15","73395","4893.0000"
"20201211","01","13","    20480","","8900.0000","8900.0000","8900.0000","8900.0000","0.0000","0.0000","0.0000","0.0000","8900.0000","8900.0000","8900.0000","8900.0000"," ","0.0000","0.0000","1","8900","8900.0000"
"20201211","01","13","    20500","","10690.0000","10690.0000","10690.0000","10690.0000","10710.0000","10710.0000","10710.0000","10710.0000","10690.0000","10710.0000","10690.0000","10710.0000"," ","0.0000","0.0000","225","2405750","10692.2222"
"20201211","01","13","    20650","","0.0000","0.0000","0.0000","0.0000","0.0000","0.0000","0.0000","0.0000","0.0000","0.0000","0.0000","0.0000"," ","0.0000","0.0000","0","0","0.0000"
"20201211","01","13","    20660","","0.0000","0.0000","0.0000","0.0000","0.0000","0.0000","0.0000","0.0000","0.0000","0.0000","0.0000","0.0000"," ","0.0000","0.0000","0","0","0.0000"
"20201211","01","13","    20670","","10800.0000","10800.0000","10800.0000","10800.0000","0.0000","0.0000","0.0000","0.0000","10800.0000","10800.0000","10800.0000","10800.0000"," ","0.0000","0.0000","10","108000","10800.0000"
"20201211","01","13","    20680","","0.0000","0.0000","0.0000","0.0000","0.0000","0.0000","0.0000","0.0000","0.0000","0.0000","0.0000","0.0000"," ","0.0000","0.0000","0","0","0.0000"
"20201211","01","13","    20690","","0.0000","0.0000","0.0000","0.0000","0.0000","0.0000","0.0000","0.0000","0.0000","0.0000","0.0000","0.0000"," ","0.0000","0.0000","0","0","0.0000"
"20201211","01","13","    20700","","10000.0000","10000.0000","10000.0000","10000.0000","10020.0000","10050.0000","10020.0000","10050.0000","10000.0000","10050.0000","10000.0000","10050.0000"," ","0.0000","0.0000","521","5214740","10009.0979"
"20201211","01","13","    20710","","10130.0000","10130.0000","10070.0000","10090.0000","10080.0000","10120.0000","10080.0000","10110.0000","10130.0000","10130.0000","10070.0000","10110.0000"," ","0.0000","0.0000","7223","72927170","10096.5208"
"20201211","01","13","    20720","","10000.0000","10000.0000","9930.0000","9980.0000","9990.0000","10030.0000","9990.0000","10030.0000","10000.0000","10030.0000","9930.0000","10030.0000"," ","0.0000","0.0000","4390","43783070","9973.3645"
"20201211","01","13","    48750","","630.0000","640.0000","620.0000","626.0000","621.0000","630.0000","621.0000","630.0000","630.0000","640.0000","620.0000","630.0000"," ","0.0000","0.0000","77600","48705500","627.6482"
"20201211","01","13","    66970","","756.0000","756.0000","728.0000","735.0000","732.0000","748.0000","724.0000","738.0000","756.0000","756.0000","724.0000","738.0000"," ","0.0000","0.0000","49400","36401000","736.8623"
"20201211","01","13","    93990","","87.0000","90.0000","86.0000","90.0000","89.0000","90.0000","88.0000","89.0000","87.0000","90.0000","86.0000","89.0000"," ","0.0000","0.0000","397016","35006336","88.1736"
"20201211","01","51","900011379","JP384325PJ71","0.0000","0.0000","0.0000","0.0000","0.0000","0.0000","0.0000","0.0000","0.0000","0.0000","0.0000","0.0000"," ","0.0000","0.0000","0","0","0.0000"
"20201211","01","51","900013050","JP354866PFC3","0.0000","0.0000","0.0000","0.0000","0.0000","0.0000","0.0000","0.0000","0.0000","0.0000","0.0000","0.0000"," ","0.0000","0.0000","0","0","0.0000"
"20201211","01","51","900016143","JP343420PG41","0.0000","0.0000","0.0000","0.0000","99.1500","99.1500","99.1500","99.1500","99.1500","99.1500","99.1500","99.1500"," ","0.0000","0.0000","1000000","991500","99.1500"
"20201211","01","51","900018521","JP364830PE35","0.0000","0.0000","0.0000","0.0000","0.0000","0.0000","0.0000","0.0000","0.0000","0.0000","0.0000","0.0000"," ","0.0000","0.0000","0","0","0.0000"
"20201211","01","51","900018541","JP316640PDC4","0.0000","0.0000","0.0000","0.0000","0.0000","0.0000","0.0000","0.0000","0.0000","0.0000","0.0000","0.0000"," ","0.0000","0.0000","0","0","0.0000"
"20201211","01","51","900022733","JP312510PJ77","101.0000","101.0000","101.0000","101.0000","0.0000","0.0000","0.0000","0.0000","101.0000","101.0000","101.0000","101.0000"," ","0.0000","0.0000","10000000","10100000","101.0000"
"20201211","01","51","900031822","JP349860PL89","120.0000","120.0000","120.0000","120.0000","120.0000","120.0000","120.0000","120.0000","120.0000","120.0000","120.0000","120.0000"," ","0.0000","0.0000","25000000","30000000","120.0000"
"20201211","01","51","900049616","JP325390PG36","0.0000","0.0000","0.0000","0.0000","0.0000","0.0000","0.0000","0.0000","0.0000","0.0000","0.0000","0.0000"," ","0.0000","0.0000","0","0","0.0000"
"20201211","01","51","900053946","JP355400PH30","0.0000","0.0000","0.0000","0.0000","0.0000","0.0000","0.0000","0.0000","0.0000","0.0000","0.0000","0.0000"," ","0.0000","0.0000","0","0","0.0000"
"20201211","01","51","900064046","JP348590PH92","0.0000","0.0000","0.0000","0.0000","0.0000","0.0000","0.0000","0.0000","0.0000","0.0000","0.0000","0.0000"," ","0.0000","0.0000","0","0","0.0000"
"20201211","01","51","900066758","JP343500PF78","0.0000","0.0000","0.0000","0.0000","0.0000","0.0000","0.0000","0.0000","0.0000","0.0000","0.0000","0.0000","2","187.4000","0.0000","0","0","0.0000"
"20201211","01","51","900102004","JP336640PG64","0.0000","0.0000","0.0000","0.0000","0.0000","0.0000","0.0000","0.0000","0.0000","0.0000","0.0000","0.0000"," ","0.0000","0.0000","0","0","0.0000"
