"日付","取引所コード","株式債券種別ｺｰﾄﾞ","銘柄コード","ISIN","前場始値","前場高値","前場安値","前場終値","後場始値","後場高値","後場安値","後場終値","日通し始値","日通し高値","日通し安値","日通し終値","特別気配コード","特別気配値段","清算値段／証拠金算定基準値段","売買高","売買代金","VWAP"
"20190531","01","11","    13010","JP3257200000","2739.0000","2739.0000","2708.0000","2710.0000","2707.0000","2716.0000","2703.0000","2708.0000","2739.0000","2739.0000","2703.0000","2708.0000"," ","0.0000","0.0000","15200","41233500","2712.7303"
"20190531","01","11","    13050","JP3027620008","1612.0000","1614.0000","1606.0000","1611.0000","1611.0000","1613.0000","1602.0000","1602.0000","1612.0000","1614.0000","1602.0000","1602.0000"," ","0.0000","0.0000","2489740","4004757760","1608.5044"
"20190531","01","11","    13060","JP3027630007","1590.0000","1594.0000","1584.0000","1592.0000","1591.0000","1593.0000","1580.0000","1581.0000","1590.0000","1594.0000","1580.0000","1581.0000"," ","0.0000","0.0000","3298950","5237555580","1587.6432"
"20190531","01","11","    13080","JP3039100007","1574.0000","1574.0000","1568.0000","1573.0000","1573.0000","1575.0000","1563.0000","1565.0000","1574.0000","1575.0000","1563.0000","1565.0000"," ","0.0000","0.0000","904200","1418978000","1569.3187"
"20190531","01","11","    13090","JP3046510008","31500.0000","31600.0000","31200.0000","31450.0000","31600.0000","31600.0000","31000.0000","31000.0000","31500.0000","31600.0000","31000.0000","31000.0000"," ","0.0000","0.0000","425","13315750","31331.1765"
"20190531","01","11","    13100","JP3040100004","704.0000","704.0000","703.0000","703.0000","701.0000","701.0000","699.0000","699.0000","704.0000","704.0000","699.0000","699.0000"," ","0.0000","0.0000","1700","1192480","701.4588"
"20190531","01","11","    13110","JP3040140000","715.0000","715.0000","712.0000","714.0000","715.0000","715.0000","711.0000","711.0000","715.0000","715.0000","711.0000","711.0000"," ","0.0000","0.0000","950","678290","713.9895"
"20190531","01","11","    13120","JP3046520007","18500.0000","18500.0000","18500.0000","18500.0000","0.0000","0.0000","0.0000","0.0000","18500.0000","18500.0000","18500.0000","18500.0000"," ","0.0000","0.0000","10","185000","18500.0000"
"20190531","01","11","    13200","JP3027640006","21580.0000","21610.0000","21460.0000","21580.0000","21550.0000","21590.0000","21360.0000","21370.0000","21580.0000","21610.0000","21360.0000","21370.0000"," ","0.0000","0.0000","47747","1026227070","21493.0167"
"20190531","01","11","    13210","JP3027650005","21620.0000","21640.0000","21490.0000","21600.0000","21580.0000","21620.0000","21400.0000","21410.0000","21620.0000","21640.0000","21400.0000","21410.0000"," ","0.0000","0.0000","647805","13957325800","21545.5666"
"20190531","01","11","    13220","JP3046760009","5080.0000","5100.0000","5080.0000","5100.0000","5080.0000","5080.0000","5050.0000","5050.0000","5080.0000","5100.0000","5050.0000","5050.0000"," ","0.0000","0.0000","90","457100","5078.8889"
"20190531","01","11","    13230","JP3046780007","0.0000","0.0000","0.0000","0.0000","0.0000","0.0000","0.0000","0.0000","0.0000","0.0000","0.0000","0.0000"," ","0.0000","0.0000","0","0","0.0000"
"20190531","01","11","    13240","JP3046790006","139.0000","139.0000","137.0000","137.0000","137.0000","138.0000","136.0000","137.0000","139.0000","139.0000","136.0000","137.0000"," ","0.0000","0.0000","41600","5702900","137.0889"
"20190531","01","11","    13250","JP3046800003","202.0000","202.0000","202.0000","202.0000","201.0000","201.0000","200.0000","201.0000","202.0000","202.0000","200.0000","201.0000"," ","0.0000","0.0000","800","161000","201.2500"
"20190531","01","11","    13280","JP3046490003","3675.0000","3710.0000","3670.0000","3690.0000","3665.0000","3690.0000","3655.0000","3690.0000","3675.0000","3710.0000","3655.0000","3690.0000"," ","0.0000","0.0000","2270","8355200","3680.7048"
"20190531","01","11","    13290","JP3027710007","21530.0000","21560.0000","21420.0000","21540.0000","21500.0000","21540.0000","21330.0000","21330.0000","21530.0000","21560.0000","21330.0000","21330.0000"," ","0.0000","0.0000","25119","539194730","21465.6129"
"20190531","01","11","    13300","JP3027660004","21680.0000","21700.0000","21560.0000","21650.0000","21650.0000","21680.0000","21440.0000","21440.0000","21680.0000","21700.0000","21440.0000","21440.0000"," ","0.0000","0.0000","87120","1879789200","21577.0110"
"20190531","01","11","    13320","JP3718800000","656.0000","668.0000","652.0000","665.0000","669.0000","673.0000","658.0000","660.0000","656.0000","673.0000","652.0000","660.0000"," ","0.0000","0.0000","2733400","1811512500","662.7323"
"20190531","01","11","    13330","JP3876600002","3295.0000","3330.0000","3290.0000","3315.0000","3300.0000","3320.0000","3295.0000","3305.0000","3295.0000","3330.0000","3290.0000","3305.0000"," ","0.0000","0.0000","252800","836659500","3309.5708"
"20190531","01","11","    13430","JP3047010008","2062.0000","2067.0000","2052.0000","2053.0000","2053.0000","2058.0000","2043.0000","2045.0000","2062.0000","2067.0000","2043.0000","2045.0000"," ","0.0000","0.0000","87660","180125700","2054.8220"
"20190531","01","11","    13440","JP3047020007","682.0000","683.0000","682.0000","682.0000","684.0000","684.0000","681.0000","681.0000","682.0000","684.0000","681.0000","681.0000"," ","0.0000","0.0000","200","136440","682.2000"
"20190531","01","11","    13450","JP3047030006","1955.0000","1955.0000","1945.0000","1947.0000","1947.0000","1948.0000","1934.0000","1934.0000","1955.0000","1955.0000","1934.0000","1934.0000"," ","0.0000","0.0000","51800","100964100","1949.1139"
"20190531","01","11","    13460","JP3047040005","21510.0000","21540.0000","21390.0000","21500.0000","21480.0000","21510.0000","21300.0000","21310.0000","21510.0000","21540.0000","21300.0000","21310.0000"," ","0.0000","0.0000","33417","716462720","21440.0670"
"20190531","01","11","    13480","JP3047060003","1578.0000","1580.0000","1572.0000","1577.0000","1578.0000","1581.0000","1567.0000","1567.0000","1578.0000","1581.0000","1567.0000","1567.0000"," ","0.0000","0.0000","108480","170753310","1574.0534"
"20190531","01","11","    13520","JP3839400003","802.0000","820.0000","801.0000","820.0000","820.0000","821.0000","807.0000","807.0000","802.0000","821.0000","801.0000","807.0000"," ","0.0000","0.0000","3400","2765400","813.3529"
"20190531","01","11","    13560","JP3047770007","2725.0000","2743.0000","2712.0000","2722.0000","2726.0000","2760.0000","2711.0000","2760.0000","2725.0000","2760.0000","2711.0000","2760.0000"," ","0.0000","0.0000","278930","761956110","2731.7109"
"20190531","01","11","    13570","JP3047780006","1222.0000","1235.0000","1218.0000","1223.0000","1226.0000","1246.0000","1221.0000","1245.0000","1222.0000","1246.0000","1218.0000","1245.0000"," ","0.0000","0.0000","41583985","51108963959","1229.0540"
"20190531","01","11","    13580","JP3047790005","16290.0000","16350.0000","16120.0000","16290.0000","16300.0000","16320.0000","15980.0000","16000.0000","16290.0000","16350.0000","15980.0000","16000.0000"," ","0.0000","0.0000","48395","784295150","16206.1194"
"20190531","01","11","    13600","JP3047810001","2931.0000","2962.0000","2920.0000","2934.0000","2942.0000","2988.0000","2928.0000","2986.0000","2931.0000","2988.0000","2920.0000","2986.0000"," ","0.0000","0.0000","2766220","8154163800","2947.7640"
"20190531","01","11","    13640","JP3047840008","13820.0000","13850.0000","13820.0000","13830.0000","13830.0000","13830.0000","13780.0000","13780.0000","13820.0000","13850.0000","13780.0000","13780.0000"," ","0.0000","0.0000","615","8486170","13798.6504"
"20190531","01","11","    13650","JP3047850007","13150.0000","13200.0000","13010.0000","13140.0000","13120.0000","13160.0000","12890.0000","12910.0000","13150.0000","13200.0000","12890.0000","12910.0000"," ","0.0000","0.0000","100381","1310253520","13052.8040"
"20190531","01","11","    13660","JP3047860006","3185.0000","3220.0000","3180.0000","3190.0000","3200.0000","3250.0000","3185.0000","3245.0000","3185.0000","3250.0000","3180.0000","3245.0000"," ","0.0000","0.0000","825917","2652626665","3211.7352"
"20190531","01","11","    13670","JP3047870005","11300.0000","11360.0000","11220.0000","11300.0000","11300.0000","11360.0000","11160.0000","11170.0000","11300.0000","11360.0000","11160.0000","11170.0000"," ","0.0000","0.0000","7179","80995330","11282.2580"
"20190531","01","11","    13680","JP3047880004","3980.0000","4005.0000","3960.0000","3975.0000","3975.0000","4020.0000","3960.0000","4020.0000","3980.0000","4020.0000","3960.0000","4020.0000"," ","0.0000","0.0000","18884","75423575","3994.0465"
"20190531","01","11","    13690","JP3047890003","21060.0000","21060.0000","20890.0000","21000.0000","20970.0000","20990.0000","20790.0000","20790.0000","21060.0000","21060.0000","20790.0000","20790.0000"," ","0.0000","0.0000","4706","98696630","20972.5096"
"20190531","01","11","    13760","JP3216200000","1366.0000","1366.0000","1358.0000","1358.0000","1332.0000","1358.0000","1332.0000","1351.0000","1366.0000","1366.0000","1332.0000","1351.0000"," ","0.0000","0.0000","2800","3783100","1351.1071"
"20190531","01","11","    13770","JP3315000004","3330.0000","3355.0000","3310.0000","3330.0000","3330.0000","3335.0000","3295.0000","3300.0000","3330.0000","3355.0000","3295.0000","3300.0000"," ","0.0000","0.0000","111500","369606500","3314.8565"
"20190531","01","11","    13790","JP3843250006","1795.0000","1798.0000","1784.0000","1790.0000","1792.0000","1795.0000","1787.0000","1788.0000","1795.0000","1798.0000","1784.0000","1788.0000"," ","0.0000","0.0000","53800","96266700","1789.3439"
"20190531","01","11","    13840","JP3845670003","598.0000","598.0000","595.0000","595.0000","597.0000","597.0000","596.0000","596.0000","598.0000","598.0000","595.0000","596.0000"," ","0.0000","0.0000","3300","1968900","596.6364"
"20190531","01","11","    13970","JP3047920008","0.0000","0.0000","0.0000","0.0000","0.0000","0.0000","0.0000","0.0000","0.0000","0.0000","0.0000","0.0000"," ","0.0000","0.0000","0","0","0.0000"
"20190531","01","11","    13980","JP3047930007","1968.0000","1968.0000","1967.0000","1967.0000","1963.0000","1963.0000","1954.0000","1954.0000","1968.0000","1968.0000","1954.0000","1954.0000"," ","0.0000","0.0000","13340","26174100","1962.0765"
"20190531","01","11","    13990","JP3048170009","1428.0000","1428.0000","1415.0000","1423.0000","1414.0000","1422.0000","1408.0000","1408.0000","1428.0000","1428.0000","1408.0000","1408.0000"," ","0.0000","0.0000","7230","10293790","1423.7607"
"20190531","01","11","    14130","JP3792100004","2039.0000","2039.0000","2011.0000","2011.0000","2021.0000","2040.0000","2001.0000","2001.0000","2039.0000","2040.0000","2001.0000","2001.0000"," ","0.0000","0.0000","11200","22538200","2012.3393"
"20190531","01","11","    14140","JP3360250009","7580.0000","7620.0000","7550.0000","7600.0000","7580.0000","7610.0000","7530.0000","7530.0000","7580.0000","7620.0000","7530.0000","7530.0000"," ","0.0000","0.0000","103000","779860000","7571.4563"
"20190531","01","11","    14170","JP3910620008","1710.0000","1718.0000","1698.0000","1710.0000","1704.0000","1722.0000","1702.0000","1702.0000","1710.0000","1722.0000","1698.0000","1702.0000"," ","0.0000","0.0000","450400","769491900","1708.4634"
"20190531","01","11","    14190","JP3470900006","1019.0000","1023.0000","1005.0000","1011.0000","1008.0000","1014.0000","1002.0000","1002.0000","1019.0000","1023.0000","1002.0000","1002.0000"," ","0.0000","0.0000","211600","213724200","1010.0388"
"20190531","01","11","    14200","JP3337550002","666.0000","670.0000","666.0000","667.0000","669.0000","674.0000","668.0000","668.0000","666.0000","674.0000","666.0000","668.0000"," ","0.0000","0.0000","7400","4946400","668.4324"
"20190531","01","11","    14290","JP3686140009","460.0000","460.0000","445.0000","446.0000","446.0000","455.0000","446.0000","454.0000","460.0000","460.0000","445.0000","454.0000"," ","0.0000","0.0000","151000","68093500","450.9503"
"20190531","01","11","    14300","JP3802210009","761.0000","774.0000","761.0000","770.0000","769.0000","770.0000","764.0000","765.0000","761.0000","774.0000","761.0000","765.0000"," ","0.0000","0.0000","82400","63217000","767.1966"
"20190531","01","11","    14330","JP3835550009","1253.0000","1268.0000","1253.0000","1268.0000","1262.0000","1262.0000","1245.0000","1252.0000","1253.0000","1268.0000","1245.0000","1252.0000"," ","0.0000","0.0000","7100","8897100","1253.1127"
"20190531","01","11","    14350","JP3153950005","233.0000","233.0000","228.0000","230.0000","230.0000","231.0000","229.0000","229.0000","233.0000","233.0000","228.0000","229.0000"," ","0.0000","0.0000","836200","192513100","230.2238"
"20190531","01","11","    14480","JP3400060004","544.0000","546.0000","537.0000","544.0000","544.0000","550.0000","537.0000","539.0000","544.0000","550.0000","537.0000","539.0000"," ","0.0000","0.0000","330700","179318700","542.2398"
"20190531","01","11","    14560","JP3047940006","7150.0000","7170.0000","7120.0000","7130.0000","7160.0000","7210.0000","7160.0000","7200.0000","7150.0000","7210.0000","7120.0000","7200.0000"," ","0.0000","0.0000","9651","69101270","7160.0114"
"20190531","01","11","    14570","JP3047950005","7980.0000","8010.0000","7960.0000","7970.0000","7960.0000","8000.0000","7960.0000","8000.0000","7980.0000","8010.0000","7960.0000","8000.0000"," ","0.0000","0.0000","50330","402633840","7999.8776"
"20190531","01","11","    14580","JP3047970003","9840.0000","9880.0000","9730.0000","9820.0000","9810.0000","9850.0000","9640.0000","9640.0000","9840.0000","9880.0000","9640.0000","9640.0000"," ","0.0000","0.0000","424332","4150707930","9781.7462"
"20190531","01","11","    14590","JP3047980002","4750.0000","4805.0000","4740.0000","4760.0000","4765.0000","4845.0000","4745.0000","4840.0000","4750.0000","4845.0000","4740.0000","4840.0000"," ","0.0000","0.0000","715326","3420612860","4781.8937"
"20190531","01","11","    14600","JP3048190007","0.0000","0.0000","0.0000","0.0000","0.0000","0.0000","0.0000","0.0000","0.0000","0.0000","0.0000","0.0000"," ","0.0000","0.0000","0","0","0.0000"
"20190531","01","11","    14640","JP3048000008","8800.0000","8800.0000","8750.0000","8750.0000","8800.0000","8830.0000","8700.0000","8700.0000","8800.0000","8830.0000","8700.0000","8700.0000"," ","0.0000","0.0000","68","596220","8767.9412"
"20190531","01","11","    14650","JP3048010007","7870.0000","7870.0000","7870.0000","7870.0000","0.0000","0.0000","0.0000","0.0000","7870.0000","7870.0000","7870.0000","7870.0000"," ","0.0000","0.0000","1","7870","7870.0000"
"20190531","01","11","    14660","JP3048020006","5370.0000","5420.0000","5370.0000","5390.0000","5400.0000","5420.0000","5360.0000","5410.0000","5370.0000","5420.0000","5360.0000","5410.0000"," ","0.0000","0.0000","645","3473890","5385.8760"
"20190531","01","11","    14670","JP3048030005","8640.0000","8640.0000","8600.0000","8600.0000","8580.0000","8580.0000","8550.0000","8550.0000","8640.0000","8640.0000","8550.0000","8550.0000"," ","0.0000","0.0000","90","772500","8583.3333"
"20190531","01","11","    14680","JP3048040004","0.0000","0.0000","0.0000","0.0000","0.0000","0.0000","0.0000","0.0000","0.0000","0.0000","0.0000","0.0000"," ","0.0000","0.0000","0","0","0.0000"
"20190531","01","11","    14690","JP3048050003","5250.0000","5290.0000","5250.0000","5280.0000","5280.0000","5320.0000","5280.0000","5320.0000","5250.0000","5320.0000","5250.0000","5320.0000"," ","0.0000","0.0000","1390","7335400","5277.2662"
"20190531","01","11","    14700","JP3048060002","17760.0000","17760.0000","17640.0000","17640.0000","17670.0000","17670.0000","17500.0000","17500.0000","17760.0000","17760.0000","17500.0000","17500.0000"," ","0.0000","0.0000","269","4758310","17688.8848"
"20190531","01","11","    14710","JP3048070001","5100.0000","5100.0000","5100.0000","5100.0000","0.0000","0.0000","0.0000","0.0000","5100.0000","5100.0000","5100.0000","5100.0000"," ","0.0000","0.0000","1","5100","5100.0000"
"20190531","01","11","    14720","JP3048080000","2108.0000","2128.0000","2108.0000","2121.0000","2114.0000","2139.0000","2109.0000","2133.0000","2108.0000","2139.0000","2108.0000","2133.0000"," ","0.0000","0.0000","1345","2853418","2121.5004"
"20190531","01","11","    14730","JP3048090009","1545.0000","1545.0000","1540.0000","1540.0000","1541.0000","1541.0000","1537.0000","1537.0000","1545.0000","1545.0000","1537.0000","1537.0000"," ","0.0000","0.0000","23170","35764890","1543.5861"
"20190531","01","11","    14740","JP3048100006","13740.0000","13740.0000","13740.0000","13740.0000","13720.0000","13730.0000","13660.0000","13660.0000","13740.0000","13740.0000","13660.0000","13660.0000"," ","0.0000","0.0000","7520","103249000","13729.9202"
"20190531","01","11","    14750","JP3048120004","1554.0000","1557.0000","1548.0000","1555.0000","1554.0000","1556.0000","1544.0000","1544.0000","1554.0000","1557.0000","1544.0000","1544.0000"," ","0.0000","0.0000","144149","223800169","1552.5614"
"20190531","01","11","    14760","JP3048130003","1980.0000","1984.0000","1970.0000","1975.0000","1973.0000","1976.0000","1960.0000","1960.0000","1980.0000","1984.0000","1960.0000","1960.0000"," ","0.0000","0.0000","129623","254801101","1965.7090"
"20190531","01","11","    14770","JP3048140002","1740.0000","1740.0000","1734.0000","1735.0000","1737.0000","1741.0000","1731.0000","1732.0000","1740.0000","1741.0000","1731.0000","1732.0000"," ","0.0000","0.0000","183","317567","1735.3388"
"20190531","01","11","    14780","JP3048150001","1790.0000","1790.0000","1773.0000","1778.0000","1776.0000","1779.0000","1765.0000","1767.0000","1790.0000","1790.0000","1765.0000","1767.0000"," ","0.0000","0.0000","5118","9088577","1775.8064"
"20190531","01","11","    14790","JP3048220002","0.0000","0.0000","0.0000","0.0000","17980.0000","17980.0000","17980.0000","17980.0000","17980.0000","17980.0000","17980.0000","17980.0000"," ","0.0000","0.0000","1","17980","17980.0000"
"20190531","01","11","    14800","JP3048230001","0.0000","0.0000","0.0000","0.0000","14500.0000","14500.0000","14500.0000","14500.0000","14500.0000","14500.0000","14500.0000","14500.0000"," ","0.0000","0.0000","1","14500","14500.0000"
"20190531","01","11","    14810","JP3048240000","1473.0000","1473.0000","1463.0000","1463.0000","1462.0000","1462.0000","1459.0000","1459.0000","1473.0000","1473.0000","1459.0000","1459.0000"," ","0.0000","0.0000","43","63210","1470.0000"
"20190531","01","11","    14820","JP3048250009","2308.0000","2312.0000","2308.0000","2312.0000","2312.0000","2315.0000","2311.0000","2315.0000","2308.0000","2315.0000","2308.0000","2315.0000"," ","0.0000","0.0000","3931","9080956","2310.0880"
"20190531","01","11","    14830","JP3048260008","1460.0000","1460.0000","1455.0000","1455.0000","1457.0000","1457.0000","1446.0000","1446.0000","1460.0000","1460.0000","1446.0000","1446.0000"," ","0.0000","0.0000","188","273293","1453.6862"
"20190531","01","11","    14840","JP3048270007","0.0000","0.0000","0.0000","0.0000","1439.0000","1440.0000","1439.0000","1440.0000","1439.0000","1440.0000","1439.0000","1440.0000"," ","0.0000","0.0000","190","273510","1439.5263"
"20190531","01","11","    14850","JP3048280006","0.0000","0.0000","0.0000","0.0000","0.0000","0.0000","0.0000","0.0000","0.0000","0.0000","0.0000","0.0000"," ","0.0000","0.0000","0","0","0.0000"
"20190531","01","11","    14860","JP3048330009","20580.0000","20720.0000","20580.0000","20720.0000","20720.0000","20720.0000","20550.0000","20680.0000","20580.0000","20720.0000","20550.0000","20680.0000"," ","0.0000","0.0000","142","2935210","20670.4930"
"20190531","01","11","    14870","JP3048340008","18190.0000","18200.0000","18180.0000","18180.0000","0.0000","0.0000","0.0000","0.0000","18190.0000","18200.0000","18180.0000","18180.0000"," ","0.0000","0.0000","4","72750","18187.5000"
"20190531","01","11","    14880","JP3048350007","1976.0000","1977.0000","1969.0000","1969.0000","1969.0000","1972.0000","1960.0000","1962.0000","1976.0000","1977.0000","1960.0000","1962.0000"," ","0.0000","0.0000","28280","55760700","1971.7362"
"20190531","01","11","    14890","JP3048390003","32150.0000","32150.0000","31900.0000","32000.0000","31950.0000","32000.0000","31750.0000","31750.0000","32150.0000","32150.0000","31750.0000","31750.0000"," ","0.0000","0.0000","1364","43524900","31909.7507"
"20190531","01","11","    14900","JP3048400000","0.0000","0.0000","0.0000","0.0000","0.0000","0.0000","0.0000","0.0000","0.0000","0.0000","0.0000","0.0000"," ","0.0000","0.0000","0","0","0.0000"
"20190531","01","11","    14920","JP3048420008","0.0000","0.0000","0.0000","0.0000","13020.0000","13020.0000","12970.0000","12970.0000","13020.0000","13020.0000","12970.0000","12970.0000"," ","0.0000","0.0000","10","129770","12977.0000"
"20190531","01","11","    14930","JP3048430007","12710.0000","12780.0000","12710.0000","12780.0000","12760.0000","12760.0000","12710.0000","12710.0000","12710.0000","12780.0000","12710.0000","12710.0000"," ","0.0000","0.0000","113","1442230","12763.0973"
"20190531","01","11","    14940","JP3048440006","16560.0000","16570.0000","16500.0000","16560.0000","16550.0000","16570.0000","16490.0000","16490.0000","16560.0000","16570.0000","16490.0000","16490.0000"," ","0.0000","0.0000","286","4724520","16519.3007"
"20190531","01","11","    14950","JP3048450005","11110.0000","11110.0000","11060.0000","11100.0000","11070.0000","11090.0000","11060.0000","11090.0000","11110.0000","11110.0000","11060.0000","11090.0000"," ","0.0000","0.0000","120","1330500","11087.5000"
"20190531","01","11","    14960","JP3048460004","2390.0000","2399.0000","2390.0000","2396.0000","2399.0000","2401.0000","2393.0000","2401.0000","2390.0000","2401.0000","2390.0000","2401.0000"," ","0.0000","0.0000","207","495851","2395.4155"
"20190531","01","11","    14970","JP3048470003","2369.0000","2370.0000","2368.0000","2369.0000","2371.0000","2371.0000","2365.0000","2365.0000","2369.0000","2371.0000","2365.0000","2365.0000"," ","0.0000","0.0000","2276","5390901","2368.5857"
"20190531","01","11","    14980","JP3048600005","11800.0000","11800.0000","11490.0000","11520.0000","11530.0000","11530.0000","11430.0000","11430.0000","11800.0000","11800.0000","11430.0000","11430.0000"," ","0.0000","0.0000","117","1347440","11516.5812"
"20190531","01","11","    14990","JP3048670008","0.0000","0.0000","0.0000","0.0000","0.0000","0.0000","0.0000","0.0000","0.0000","0.0000","0.0000","0.0000"," ","0.0000","0.0000","0","0","0.0000"
"20190531","01","11","    15140","JP3400750000","114.0000","114.0000","113.0000","113.0000","113.0000","114.0000","113.0000","114.0000","114.0000","114.0000","113.0000","114.0000"," ","0.0000","0.0000","332600","37784600","113.6037"
"20190531","01","11","    15150","JP3680800004","4205.0000","4240.0000","4180.0000","4195.0000","4245.0000","4330.0000","4225.0000","4275.0000","4205.0000","4330.0000","4180.0000","4275.0000"," ","0.0000","0.0000","26100","111253000","4262.5670"
"20190531","01","11","    15180","JP3894000003","1204.0000","1212.0000","1200.0000","1210.0000","1210.0000","1215.0000","1205.0000","1210.0000","1204.0000","1215.0000","1200.0000","1210.0000"," ","0.0000","0.0000","43800","52896900","1207.6918"
"20190531","01","11","    15400","JP3047190008","4370.0000","4380.0000","4370.0000","4380.0000","4380.0000","4380.0000","4360.0000","4360.0000","4370.0000","4380.0000","4360.0000","4360.0000"," ","0.0000","0.0000","25776","112803610","4376.3039"
"20190531","01","11","    15410","JP3047200005","2674.0000","2675.0000","2654.0000","2661.0000","2660.0000","2661.0000","2651.0000","2658.0000","2674.0000","2675.0000","2651.0000","2658.0000"," ","0.0000","0.0000","57529","153009029","2659.6852"
"20190531","01","11","    15420","JP3047210004","4820.0000","4820.0000","4810.0000","4810.0000","4815.0000","4820.0000","4810.0000","4810.0000","4820.0000","4820.0000","4810.0000","4810.0000"," ","0.0000","0.0000","790","3805810","4817.4810"
"20190531","01","11","    15430","JP3047220003","44450.0000","44500.0000","44350.0000","44500.0000","44500.0000","44900.0000","44500.0000","44800.0000","44450.0000","44900.0000","44350.0000","44800.0000"," ","0.0000","0.0000","31","1381650","44569.3548"
"20190531","01","11","    15450","JP3047240001","8000.0000","8010.0000","7970.0000","8000.0000","8000.0000","8020.0000","7950.0000","7970.0000","8000.0000","8020.0000","7950.0000","7970.0000"," ","0.0000","0.0000","12500","99769500","7981.5600"
"20190531","01","11","    15460","JP3047250000","27330.0000","27330.0000","27240.0000","27290.0000","27290.0000","27310.0000","27100.0000","27110.0000","27330.0000","27330.0000","27100.0000","27110.0000"," ","0.0000","0.0000","2790","75953830","27223.5950"
"20190531","01","11","    15470","JP3047260009","3280.0000","3280.0000","3265.0000","3275.0000","3275.0000","3275.0000","3260.0000","3265.0000","3280.0000","3280.0000","3260.0000","3265.0000"," ","0.0000","0.0000","43130","140905250","3266.9893"
"20190531","01","11","    15500","JP3047290006","2326.0000","2330.0000","2320.0000","2329.0000","2331.0000","2331.0000","2307.0000","2323.0000","2326.0000","2331.0000","2307.0000","2323.0000"," ","0.0000","0.0000","6880","15974140","2321.8227"
"20190531","01","11","    15510","JP3047300003","3650.0000","3725.0000","3650.0000","3720.0000","3710.0000","3715.0000","3700.0000","3715.0000","3650.0000","3725.0000","3650.0000","3715.0000"," ","0.0000","0.0000","3480","12847650","3691.8534"
"20190531","01","11","    15520","JP3047310002","10530.0000","10570.0000","10430.0000","10540.0000","10520.0000","10590.0000","10450.0000","10590.0000","10530.0000","10590.0000","10430.0000","10590.0000"," ","0.0000","0.0000","200405","2110487900","10531.1140"
"20190531","01","11","    15540","JP3047330000","1985.0000","1985.0000","1976.0000","1980.0000","1980.0000","1983.0000","1972.0000","1975.0000","1985.0000","1985.0000","1972.0000","1975.0000"," ","0.0000","0.0000","5430","10749160","1979.5875"
"20190531","01","11","    15550","JP3047340009","1599.0000","1599.0000","1588.0000","1597.0000","1598.0000","1599.0000","1592.0000","1592.0000","1599.0000","1599.0000","1588.0000","1592.0000"," ","0.0000","0.0000","3500","5571720","1591.9200"
"20190531","01","11","    15590","JP3047360007","3390.0000","3400.0000","3350.0000","3390.0000","3345.0000","3350.0000","3345.0000","3345.0000","3390.0000","3400.0000","3345.0000","3345.0000"," ","0.0000","0.0000","452","1515500","3352.8761"
"20190531","01","11","    15600","JP3047370006","4065.0000","4065.0000","4065.0000","4065.0000","4070.0000","4075.0000","4070.0000","4075.0000","4065.0000","4075.0000","4065.0000","4075.0000"," ","0.0000","0.0000","41","166835","4069.1463"
"20190531","01","11","    15630","JP3047400001","2541.0000","2569.0000","2536.0000","2563.0000","2561.0000","2571.0000","2533.0000","2535.0000","2541.0000","2571.0000","2533.0000","2535.0000"," ","0.0000","0.0000","7511","19180270","2553.6240"
"20190531","01","11","    15660","JP3047420009","46300.0000","46350.0000","46100.0000","46300.0000","46150.0000","46300.0000","45950.0000","46050.0000","46300.0000","46350.0000","45950.0000","46050.0000"," ","0.0000","0.0000","2079","95841150","46099.6392"
"20190531","01","11","    15670","JP3047430008","0.0000","0.0000","0.0000","0.0000","0.0000","0.0000","0.0000","0.0000","0.0000","0.0000","0.0000","0.0000"," ","0.0000","0.0000","0","0","0.0000"
"20190531","01","11","    15680","JP3047440007","14560.0000","14620.0000","14460.0000","14570.0000","14560.0000","14630.0000","14350.0000","14350.0000","14560.0000","14630.0000","14350.0000","14350.0000"," ","0.0000","0.0000","78790","1143572800","14514.1871"
"20190531","01","11","    15690","JP3047450006","3350.0000","3355.0000","3335.0000","3345.0000","3340.0000","3370.0000","3340.0000","3370.0000","3350.0000","3370.0000","3335.0000","3370.0000"," ","0.0000","0.0000","12080","40527750","3354.9462"
"20190531","01","11","    15700","JP3047460005","17190.0000","17250.0000","17000.0000","17180.0000","17120.0000","17210.0000","16840.0000","16850.0000","17190.0000","17250.0000","16840.0000","16850.0000"," ","0.0000","0.0000","9325449","159321268790","17084.5681"
"20190531","01","11","    15710","JP3047470004","1650.0000","1658.0000","1647.0000","1650.0000","1652.0000","1665.0000","1648.0000","1663.0000","1650.0000","1665.0000","1647.0000","1663.0000"," ","0.0000","0.0000","341798","565753771","1655.2284"
"20190531","01","11","    15720","JP3047520006","10850.0000","10950.0000","10790.0000","10950.0000","10840.0000","10840.0000","10790.0000","10790.0000","10850.0000","10950.0000","10790.0000","10790.0000"," ","0.0000","0.0000","640","6925100","10820.4688"
"20190531","01","11","    15730","JP3047530005","8060.0000","8100.0000","8010.0000","8010.0000","8060.0000","8070.0000","8020.0000","8040.0000","8060.0000","8100.0000","8010.0000","8040.0000"," ","0.0000","0.0000","2400","19329600","8054.0000"
"20190531","01","11","    15740","JP3047500008","0.0000","0.0000","0.0000","0.0000","0.0000","0.0000","0.0000","0.0000","0.0000","0.0000","0.0000","0.0000"," ","0.0000","0.0000","0","0","0.0000"
"20190531","01","11","    15770","JP3047560002","21070.0000","21090.0000","20900.0000","20990.0000","20970.0000","21000.0000","20870.0000","20870.0000","21070.0000","21090.0000","20870.0000","20870.0000"," ","0.0000","0.0000","7333","153756580","20967.7594"
"20190531","01","11","    15780","JP3047570001","1684.0000","1684.0000","1668.0000","1680.0000","1676.0000","1677.0000","1659.0000","1659.0000","1684.0000","1684.0000","1659.0000","1659.0000"," ","0.0000","0.0000","3132","5241283","1673.4620"
"20190531","01","11","    15790","JP3047580000","18130.0000","18200.0000","17930.0000","18100.0000","18060.0000","18140.0000","17770.0000","17770.0000","18130.0000","18200.0000","17770.0000","17770.0000"," ","0.0000","0.0000","669890","12057762800","17999.6161"
"20190531","01","11","    15800","JP3047590009","4420.0000","4440.0000","4410.0000","4415.0000","4420.0000","4460.0000","4420.0000","4455.0000","4420.0000","4460.0000","4410.0000","4455.0000"," ","0.0000","0.0000","30640","135762950","4430.9057"
"20190531","01","11","    15850","JP3047620004","1190.0000","1190.0000","1190.0000","1190.0000","0.0000","0.0000","0.0000","0.0000","1190.0000","1190.0000","1190.0000","1190.0000"," ","0.0000","0.0000","10","11900","1190.0000"
"20190531","01","11","    15860","JP3047630003","1371.0000","1371.0000","1340.0000","1340.0000","1337.0000","1337.0000","1334.0000","1335.0000","1371.0000","1371.0000","1334.0000","1335.0000"," ","0.0000","0.0000","92","123032","1337.3043"
"20190531","01","11","    15910","JP3047670009","13610.0000","14160.0000","13530.0000","13590.0000","13590.0000","13610.0000","13500.0000","13520.0000","13610.0000","14160.0000","13500.0000","13520.0000"," ","0.0000","0.0000","33855","466508670","13779.6092"
"20190531","01","11","    15920","JP3047680008","1247.0000","1252.0000","1246.0000","1252.0000","1250.0000","1252.0000","1242.0000","1242.0000","1247.0000","1252.0000","1242.0000","1242.0000"," ","0.0000","0.0000","56531","70567665","1248.3003"
"20190531","01","11","    15930","JP3047690007","13960.0000","13960.0000","13890.0000","13950.0000","13950.0000","13960.0000","13850.0000","13850.0000","13960.0000","13960.0000","13850.0000","13850.0000"," ","0.0000","0.0000","7408","103081190","13914.8475"
"20190531","01","11","    15950","JP3047700004","1965.0000","1965.0000","1956.0000","1958.0000","1955.0000","1958.0000","1948.0000","1948.0000","1965.0000","1965.0000","1948.0000","1948.0000"," ","0.0000","0.0000","44490","86935840","1954.0535"
"20190531","01","11","    15960","JP3047710003","0.0000","0.0000","0.0000","0.0000","0.0000","0.0000","0.0000","0.0000","0.0000","0.0000","0.0000","0.0000"," ","0.0000","0.0000","0","0","0.0000"
"20190531","01","11","    15970","JP3047720002","1976.0000","1981.0000","1969.0000","1972.0000","1972.0000","1972.0000","1960.0000","1962.0000","1976.0000","1981.0000","1960.0000","1962.0000"," ","0.0000","0.0000","65340","128695600","1969.6296"
"20190531","01","11","    15980","JP3047730001","0.0000","0.0000","0.0000","0.0000","0.0000","0.0000","0.0000","0.0000","0.0000","0.0000","0.0000","0.0000"," ","0.0000","0.0000","0","0","0.0000"
"20190531","01","11","    15990","JP3047740000","13830.0000","13830.0000","13780.0000","13780.0000","13830.0000","13830.0000","13760.0000","13760.0000","13830.0000","13830.0000","13760.0000","13760.0000"," ","0.0000","0.0000","5022","69403700","13819.9323"
"20190531","01","11","    16050","JP3294460005","896.1000","898.0000","878.5000","885.4000","883.2000","891.7000","876.7000","878.8000","896.1000","898.0000","876.7000","878.8000"," ","0.0000","0.0000","8079800","7138227310","883.4658"
"20190531","01","11","    16100","JP3040110003","0.0000","0.0000","0.0000","0.0000","2162.0000","2162.0000","2162.0000","2162.0000","2162.0000","2162.0000","2162.0000","2162.0000"," ","0.0000","0.0000","10","21620","2162.0000"
"20190531","01","11","    16120","JP3040130001","135.0000","135.0000","133.0000","133.0000","135.0000","135.0000","133.0000","133.0000","135.0000","135.0000","133.0000","133.0000"," ","0.0000","0.0000","1000","134100","134.1000"
"20190531","01","11","    16130","JP3040150009","0.0000","0.0000","0.0000","0.0000","0.0000","0.0000","0.0000","0.0000","0.0000","0.0000","0.0000","0.0000","1","2179.0000","0.0000","0","0","0.0000"
"20190531","01","11","    16150","JP3040170007","148.0000","149.0000","148.0000","148.0000","148.0000","149.0000","147.0000","147.0000","148.0000","149.0000","147.0000","147.0000"," ","0.0000","0.0000","459400","67891500","147.7830"
"20190531","01","11","    16170","JP3046560003","28090.0000","28200.0000","28090.0000","28200.0000","0.0000","0.0000","0.0000","0.0000","28090.0000","28200.0000","28090.0000","28200.0000"," ","0.0000","0.0000","3","84380","28126.6667"
"20190531","01","11","    16180","JP3046570002","10890.0000","10890.0000","10840.0000","10840.0000","10840.0000","10840.0000","10840.0000","10840.0000","10890.0000","10890.0000","10840.0000","10840.0000"," ","0.0000","0.0000","10","108450","10845.0000"
"20190531","01","11","    16190","JP3046580001","19880.0000","19880.0000","19720.0000","19720.0000","19730.0000","19730.0000","19690.0000","19690.0000","19880.0000","19880.0000","19690.0000","19690.0000"," ","0.0000","0.0000","14","276290","19735.0000"
"20190531","01","11","    16200","JP3046590000","0.0000","0.0000","0.0000","0.0000","0.0000","0.0000","0.0000","0.0000","0.0000","0.0000","0.0000","0.0000"," ","0.0000","0.0000","0","0","0.0000"
"20190531","01","11","    16210","JP3046600007","20290.0000","20300.0000","20100.0000","20300.0000","20250.0000","20250.0000","20050.0000","20050.0000","20290.0000","20300.0000","20050.0000","20050.0000"," ","0.0000","0.0000","81","1638640","20230.1235"
"20190531","01","11","    16220","JP3046610006","18950.0000","18950.0000","18700.0000","18720.0000","18760.0000","18760.0000","18620.0000","18620.0000","18950.0000","18950.0000","18620.0000","18620.0000"," ","0.0000","0.0000","190","3559910","18736.3684"
"20190531","01","11","    16230","JP3046620005","14770.0000","14770.0000","14770.0000","14770.0000","14520.0000","14520.0000","14520.0000","14520.0000","14770.0000","14770.0000","14520.0000","14520.0000"," ","0.0000","0.0000","25","369000","14760.0000"
"20190531","01","11","    16240","JP3046630004","30200.0000","30200.0000","30100.0000","30100.0000","0.0000","0.0000","0.0000","0.0000","30200.0000","30200.0000","30100.0000","30100.0000"," ","0.0000","0.0000","6","180800","30133.3333"
"20190531","01","11","    16250","JP3046640003","17390.0000","17390.0000","17390.0000","17390.0000","17300.0000","17300.0000","17210.0000","17210.0000","17390.0000","17390.0000","17210.0000","17210.0000"," ","0.0000","0.0000","8","138760","17345.0000"
"20190531","01","11","    16260","JP3046650002","22100.0000","22100.0000","22100.0000","22100.0000","0.0000","0.0000","0.0000","0.0000","22100.0000","22100.0000","22100.0000","22100.0000"," ","0.0000","0.0000","1","22100","22100.0000"
"20190531","01","11","    16270","JP3046660001","6880.0000","6920.0000","6870.0000","6920.0000","6920.0000","6940.0000","6910.0000","6910.0000","6880.0000","6940.0000","6870.0000","6910.0000"," ","0.0000","0.0000","146","1005800","6889.0411"
"20190531","01","11","    16280","JP3046670000","0.0000","0.0000","0.0000","0.0000","0.0000","0.0000","0.0000","0.0000","0.0000","0.0000","0.0000","0.0000"," ","0.0000","0.0000","0","0","0.0000"
"20190531","01","11","    16290","JP3046680009","31500.0000","31500.0000","31500.0000","31500.0000","31450.0000","31500.0000","31400.0000","31400.0000","31500.0000","31500.0000","31400.0000","31400.0000"," ","0.0000","0.0000","218","6856200","31450.4587"
"20190531","01","11","    16300","JP3046690008","18300.0000","18300.0000","18300.0000","18300.0000","18290.0000","18290.0000","18290.0000","18290.0000","18300.0000","18300.0000","18290.0000","18290.0000"," ","0.0000","0.0000","2","36590","18295.0000"
"20190531","01","11","    16310","JP3046700005","8690.0000","8690.0000","8550.0000","8560.0000","8550.0000","8550.0000","8530.0000","8530.0000","8690.0000","8690.0000","8530.0000","8530.0000"," ","0.0000","0.0000","896","7674120","8564.8661"
"20190531","01","11","    16320","JP3046710004","11550.0000","11550.0000","11550.0000","11550.0000","0.0000","0.0000","0.0000","0.0000","11550.0000","11550.0000","11550.0000","11550.0000"," ","0.0000","0.0000","5","57750","11550.0000"
"20190531","01","11","    16330","JP3046720003","28180.0000","28180.0000","28120.0000","28120.0000","28020.0000","28020.0000","28020.0000","28020.0000","28180.0000","28180.0000","28020.0000","28020.0000"," ","0.0000","0.0000","50","1403690","28073.8000"
"20190531","01","11","    16340","JP3046810002","0.0000","0.0000","0.0000","0.0000","28860.0000","29130.0000","28810.0000","28810.0000","28860.0000","29130.0000","28810.0000","28810.0000"," ","0.0000","0.0000","19","548210","28853.1579"
"20190531","01","11","    16350","JP3046820001","12090.0000","12090.0000","12080.0000","12080.0000","12120.0000","12120.0000","12120.0000","12120.0000","12090.0000","12120.0000","12080.0000","12120.0000"," ","0.0000","0.0000","3","36290","12096.6667"
"20190531","01","11","    16360","JP3046830000","0.0000","0.0000","0.0000","0.0000","0.0000","0.0000","0.0000","0.0000","0.0000","0.0000","0.0000","0.0000"," ","0.0000","0.0000","0","0","0.0000"
"20190531","01","11","    16370","JP3046840009","0.0000","0.0000","0.0000","0.0000","0.0000","0.0000","0.0000","0.0000","0.0000","0.0000","0.0000","0.0000"," ","0.0000","0.0000","0","0","0.0000"
"20190531","01","11","    16380","JP3046850008","20490.0000","20490.0000","20370.0000","20370.0000","20480.0000","20480.0000","20480.0000","20480.0000","20490.0000","20490.0000","20370.0000","20480.0000"," ","0.0000","0.0000","6","122530","20421.6667"
"20190531","01","11","    16390","JP3046860007","18930.0000","18930.0000","18830.0000","18900.0000","0.0000","0.0000","0.0000","0.0000","18930.0000","18930.0000","18830.0000","18900.0000"," ","0.0000","0.0000","57","1073830","18839.1228"
"20190531","01","11","    16400","JP3046870006","0.0000","0.0000","0.0000","0.0000","0.0000","0.0000","0.0000","0.0000","0.0000","0.0000","0.0000","0.0000"," ","0.0000","0.0000","0","0","0.0000"
"20190531","01","11","    16410","JP3046880005","0.0000","0.0000","0.0000","0.0000","0.0000","0.0000","0.0000","0.0000","0.0000","0.0000","0.0000","0.0000"," ","0.0000","0.0000","0","0","0.0000"
"20190531","01","11","    16420","JP3046890004","17110.0000","17110.0000","17070.0000","17070.0000","0.0000","0.0000","0.0000","0.0000","17110.0000","17110.0000","17070.0000","17070.0000"," ","0.0000","0.0000","2","34180","17090.0000"
"20190531","01","11","    16430","JP3046900001","22390.0000","22390.0000","22380.0000","22380.0000","22440.0000","22440.0000","22440.0000","22440.0000","22390.0000","22440.0000","22380.0000","22440.0000"," ","0.0000","0.0000","3","67210","22403.3333"
"20190531","01","11","    16440","JP3046910000","6920.0000","6920.0000","6900.0000","6900.0000","6990.0000","6990.0000","6990.0000","6990.0000","6920.0000","6990.0000","6900.0000","6990.0000"," ","0.0000","0.0000","12","83090","6924.1667"
"20190531","01","11","    16450","JP3046920009","0.0000","0.0000","0.0000","0.0000","0.0000","0.0000","0.0000","0.0000","0.0000","0.0000","0.0000","0.0000"," ","0.0000","0.0000","0","0","0.0000"
"20190531","01","11","    16460","JP3046930008","0.0000","0.0000","0.0000","0.0000","0.0000","0.0000","0.0000","0.0000","0.0000","0.0000","0.0000","0.0000"," ","0.0000","0.0000","0","0","0.0000"
"20190531","01","11","    16470","JP3046940007","0.0000","0.0000","0.0000","0.0000","0.0000","0.0000","0.0000","0.0000","0.0000","0.0000","0.0000","0.0000"," ","0.0000","0.0000","0","0","0.0000"
"20190531","01","11","    16480","JP3046950006","9220.0000","9220.0000","9130.0000","9140.0000","9150.0000","9150.0000","9120.0000","9120.0000","9220.0000","9220.0000","9120.0000","9120.0000"," ","0.0000","0.0000","164","1498760","9138.7805"
"20190531","01","11","    16490","JP3046960005","0.0000","0.0000","0.0000","0.0000","0.0000","0.0000","0.0000","0.0000","0.0000","0.0000","0.0000","0.0000"," ","0.0000","0.0000","0","0","0.0000"
"20190531","01","11","    16500","JP3046970004","0.0000","0.0000","0.0000","0.0000","0.0000","0.0000","0.0000","0.0000","0.0000","0.0000","0.0000","0.0000"," ","0.0000","0.0000","0","0","0.0000"
"20190531","01","11","    16510","JP3048490001","905.0000","905.0000","897.0000","900.0000","900.0000","900.0000","893.0000","894.0000","905.0000","905.0000","893.0000","894.0000"," ","0.0000","0.0000","12290","11046130","898.7901"
"20190531","01","11","    16520","JP3048500007","0.0000","0.0000","0.0000","0.0000","0.0000","0.0000","0.0000","0.0000","0.0000","0.0000","0.0000","0.0000"," ","0.0000","0.0000","0","0","0.0000"
"20190531","01","11","    16530","JP3048510006","1874.0000","1874.0000","1874.0000","1874.0000","1869.0000","1869.0000","1869.0000","1869.0000","1874.0000","1874.0000","1869.0000","1869.0000"," ","0.0000","0.0000","20","37430","1871.5000"
"20190531","01","11","    16540","JP3048520005","0.0000","0.0000","0.0000","0.0000","0.0000","0.0000","0.0000","0.0000","0.0000","0.0000","0.0000","0.0000"," ","0.0000","0.0000","0","0","0.0000"
"20190531","01","11","    16550","JP3048530004","2170.0000","2172.0000","2163.0000","2168.0000","2166.0000","2173.0000","2159.0000","2161.0000","2170.0000","2173.0000","2159.0000","2161.0000"," ","0.0000","0.0000","36665","79446217","2166.8135"
"20190531","01","11","    16560","JP3048540003","2466.0000","2477.0000","2466.0000","2476.0000","2476.0000","2476.0000","2466.0000","2466.0000","2466.0000","2477.0000","2466.0000","2466.0000"," ","0.0000","0.0000","540","1335555","2473.2500"
"20190531","01","11","    16570","JP3048550002","2072.0000","2080.0000","2059.0000","2073.0000","2081.0000","2081.0000","2053.0000","2058.0000","2072.0000","2081.0000","2053.0000","2058.0000"," ","0.0000","0.0000","4302","8877256","2063.5184"
"20190531","01","11","    16580","JP3048560001","1800.0000","1800.0000","1776.0000","1795.0000","1792.0000","1795.0000","1786.0000","1788.0000","1800.0000","1800.0000","1776.0000","1788.0000"," ","0.0000","0.0000","11400","20445449","1793.4604"
"20190531","01","11","    16590","JP3048570000","2080.0000","2085.0000","2071.0000","2085.0000","2076.0000","2076.0000","2070.0000","2075.0000","2080.0000","2085.0000","2070.0000","2075.0000"," ","0.0000","0.0000","4957","10286158","2075.0773"
"20190531","01","11","    16600","JP3048580009","10420.0000","10420.0000","10330.0000","10330.0000","10340.0000","10340.0000","10310.0000","10330.0000","10420.0000","10420.0000","10310.0000","10330.0000"," ","0.0000","0.0000","490","5070080","10347.1020"
"20190531","01","11","    16620","JP3421100003","2298.0000","2317.0000","2268.0000","2290.0000","2291.0000","2311.0000","2271.0000","2271.0000","2298.0000","2317.0000","2268.0000","2271.0000"," ","0.0000","0.0000","389700","890484300","2285.0508"
"20190531","01","11","    16630","JP3277020008","1621.0000","1621.0000","1621.0000","1621.0000","1610.0000","1613.0000","1588.0000","1613.0000","1621.0000","1621.0000","1588.0000","1613.0000"," ","0.0000","0.0000","8000","12861900","1607.7375"
"20190531","01","11","    16700","JP3047070002","136.0000","136.0000","128.0000","131.0000","132.0000","132.0000","132.0000","132.0000","136.0000","136.0000","128.0000","132.0000"," ","0.0000","0.0000","5300","693900","130.9245"
"20190531","01","11","    16710","JP3047080001","2420.0000","2432.0000","2404.0000","2420.0000","2420.0000","2422.0000","2407.0000","2411.0000","2420.0000","2432.0000","2404.0000","2411.0000"," ","0.0000","0.0000","79549","192132969","2415.2782"
"20190531","01","11","    16770","JP3047090000","49500.0000","49500.0000","49400.0000","49400.0000","49500.0000","49500.0000","49200.0000","49200.0000","49500.0000","49500.0000","49200.0000","49200.0000"," ","0.0000","0.0000","170","8385000","49323.5294"
"20190531","01","11","    16780","JP3047100007","166.0000","167.0000","165.0000","167.0000","167.0000","167.0000","165.0000","165.0000","166.0000","167.0000","165.0000","165.0000"," ","0.0000","0.0000","117800","19549000","165.9508"
"20190531","01","11","    16790","JP3047110006","24730.0000","24730.0000","24730.0000","24730.0000","24600.0000","24600.0000","24600.0000","24600.0000","24730.0000","24730.0000","24600.0000","24600.0000"," ","0.0000","0.0000","20","493300","24665.0000"
"20190531","01","11","    16800","JP3047120005","2327.0000","2327.0000","2320.0000","2320.0000","2319.0000","2328.0000","2310.0000","2310.0000","2327.0000","2328.0000","2310.0000","2310.0000"," ","0.0000","0.0000","2470","5738260","2323.1822"
"20190531","01","11","    16810","JP3047130004","1353.0000","1359.0000","1343.0000","1345.0000","1346.0000","1361.0000","1340.0000","1359.0000","1353.0000","1361.0000","1340.0000","1359.0000"," ","0.0000","0.0000","670","904800","1350.4478"
"20190531","01","11","    16820","JP3047140003","148.0000","148.0000","147.0000","147.0000","148.0000","148.0000","148.0000","148.0000","148.0000","148.0000","147.0000","148.0000"," ","0.0000","0.0000","3900","573500","147.0513"
"20190531","01","11","    16830","JP3047150002","0.0000","0.0000","0.0000","0.0000","0.0000","0.0000","0.0000","0.0000","0.0000","0.0000","0.0000","0.0000"," ","0.0000","0.0000","0","0","0.0000"
"20190531","01","11","    16980","JP3047170000","1620.0000","1620.0000","1617.0000","1619.0000","1619.0000","1621.0000","1610.0000","1610.0000","1620.0000","1621.0000","1610.0000","1610.0000"," ","0.0000","0.0000","1210","1956010","1616.5372"
"20190531","01","11","    16990","JP3047180009","370.0000","371.0000","367.0000","370.0000","370.0000","370.0000","367.0000","368.0000","370.0000","371.0000","367.0000","368.0000"," ","0.0000","0.0000","1002990","370336090","369.2321"
"20190531","01","11","    17120","JP3485700003","627.0000","627.0000","620.0000","626.0000","626.0000","626.0000","621.0000","623.0000","627.0000","627.0000","620.0000","623.0000"," ","0.0000","0.0000","4400","2748500","624.6591"
"20190531","01","11","    17160","JP3473700007","1717.0000","1725.0000","1688.0000","1688.0000","1683.0000","1723.0000","1665.0000","1665.0000","1717.0000","1725.0000","1665.0000","1665.0000"," ","0.0000","0.0000","9300","15817300","1700.7849"
"20190531","01","11","    17190","JP3767810009","714.0000","716.0000","704.0000","708.0000","708.0000","711.0000","707.0000","711.0000","714.0000","716.0000","704.0000","711.0000"," ","0.0000","0.0000","609000","431949800","709.2772"
"20190531","01","11","    17200","JP3567410000","768.0000","770.0000","763.0000","768.0000","770.0000","772.0000","766.0000","767.0000","768.0000","772.0000","763.0000","767.0000"," ","0.0000","0.0000","259400","199173700","767.8246"
"20190531","01","11","    17210","JP3305530002","2614.0000","2614.0000","2582.0000","2598.0000","2610.0000","2629.0000","2599.0000","2609.0000","2614.0000","2629.0000","2582.0000","2609.0000"," ","0.0000","0.0000","863700","2252764000","2608.2714"
"20190531","01","11","    17220","JP3885010003","990.0000","990.0000","972.0000","978.0000","976.0000","979.0000","969.0000","970.0000","990.0000","990.0000","969.0000","970.0000"," ","0.0000","0.0000","106800","104091300","974.6376"
"20190531","01","11","    17260","JP3799610005","330.0000","336.0000","326.0000","334.0000","334.0000","339.0000","333.0000","338.0000","330.0000","339.0000","326.0000","338.0000"," ","0.0000","0.0000","78000","26108800","334.7282"
"20190531","01","11","    17620","JP3457900003","2330.0000","2330.0000","2310.0000","2319.0000","2327.0000","2331.0000","2320.0000","2326.0000","2330.0000","2331.0000","2310.0000","2326.0000"," ","0.0000","0.0000","19700","45787400","2324.2335"
"20190531","01","11","    17660","JP3590900001","6500.0000","6530.0000","6420.0000","6420.0000","6410.0000","6420.0000","6310.0000","6330.0000","6500.0000","6530.0000","6310.0000","6330.0000"," ","0.0000","0.0000","41200","262798000","6378.5922"
"20190531","01","11","    17680","JP3435700004","737.0000","738.0000","737.0000","738.0000","740.0000","740.0000","736.0000","736.0000","737.0000","740.0000","736.0000","736.0000"," ","0.0000","0.0000","2300","1698200","738.3478"
"20190531","01","11","    17800","JP3934300009","834.0000","834.0000","825.0000","825.0000","825.0000","826.0000","822.0000","824.0000","834.0000","834.0000","822.0000","824.0000"," ","0.0000","0.0000","15300","12641000","826.2092"
"20190531","01","11","    18010","JP3443600006","4045.0000","4055.0000","3980.0000","3985.0000","3985.0000","4000.0000","3950.0000","3965.0000","4045.0000","4055.0000","3950.0000","3965.0000"," ","0.0000","0.0000","1766400","7045171500","3988.4350"
"20190531","01","11","    18020","JP3190000004","999.0000","1005.0000","993.0000","997.0000","998.0000","1000.0000","995.0000","998.0000","999.0000","1005.0000","993.0000","998.0000"," ","0.0000","0.0000","2740700","2735742600","998.1912"
"20190531","01","11","    18030","JP3358800005","887.0000","893.0000","882.0000","886.0000","884.0000","887.0000","880.0000","885.0000","887.0000","893.0000","880.0000","885.0000"," ","0.0000","0.0000","3743400","3315603400","885.7198"
"20190531","01","11","    18050","JP3629800008","1270.0000","1278.0000","1269.0000","1276.0000","1278.0000","1279.0000","1269.0000","1272.0000","1270.0000","1279.0000","1269.0000","1272.0000"," ","0.0000","0.0000","42200","53682600","1272.0995"
"20190531","01","11","    18080","JP3768600003","1089.0000","1097.0000","1083.0000","1091.0000","1090.0000","1093.0000","1082.0000","1083.0000","1089.0000","1097.0000","1082.0000","1083.0000"," ","0.0000","0.0000","1599200","1740027000","1088.0609"
"20190531","01","11","    18100","JP3863600007","613.0000","618.0000","611.0000","612.0000","612.0000","616.0000","609.0000","609.0000","613.0000","618.0000","609.0000","609.0000"," ","0.0000","0.0000","72700","44537300","612.6176"
"20190531","01","11","    18110","JP3427800002","4565.0000","4600.0000","4550.0000","4550.0000","4530.0000","4530.0000","4410.0000","4410.0000","4565.0000","4600.0000","4410.0000","4410.0000"," ","0.0000","0.0000","3000","13439000","4479.6667"
"20190531","01","11","    18120","JP3210200006","1487.0000","1495.0000","1479.0000","1486.0000","1484.0000","1501.0000","1484.0000","1489.0000","1487.0000","1501.0000","1479.0000","1489.0000"," ","0.0000","0.0000","1679000","2500183300","1489.0907"
"20190531","01","11","    18130","JP3825600004","1350.0000","1359.0000","1337.0000","1343.0000","1345.0000","1346.0000","1323.0000","1326.0000","1350.0000","1359.0000","1323.0000","1326.0000"," ","0.0000","0.0000","254000","339866500","1338.0571"
"20190531","01","11","    18140","JP3485400000","926.0000","933.0000","926.0000","933.0000","929.0000","931.0000","926.0000","930.0000","926.0000","933.0000","926.0000","930.0000"," ","0.0000","0.0000","22400","20796500","928.4152"
"20190531","01","11","    18150","JP3545600003","2958.0000","2963.0000","2938.0000","2940.0000","2950.0000","2953.0000","2940.0000","2950.0000","2958.0000","2963.0000","2938.0000","2950.0000"," ","0.0000","0.0000","50100","147687900","2947.8623"
"20190531","01","11","    18200","JP3659200004","2093.0000","2105.0000","2081.0000","2088.0000","2088.0000","2102.0000","2074.0000","2078.0000","2093.0000","2105.0000","2074.0000","2078.0000"," ","0.0000","0.0000","258700","539847300","2086.7696"
"20190531","01","11","    18210","JP3889200006","619.0000","624.0000","616.0000","619.0000","619.0000","621.0000","615.0000","616.0000","619.0000","624.0000","615.0000","616.0000"," ","0.0000","0.0000","732100","453222400","619.0717"
"20190531","01","11","    18220","JP3498600000","2765.0000","2768.0000","2737.0000","2754.0000","2753.0000","2774.0000","2750.0000","2752.0000","2765.0000","2774.0000","2737.0000","2752.0000"," ","0.0000","0.0000","62300","171694600","2755.9326"
"20190531","01","11","    18240","JP3861200008","894.0000","896.0000","882.0000","888.0000","889.0000","892.0000","883.0000","883.0000","894.0000","896.0000","882.0000","883.0000"," ","0.0000","0.0000","970400","861356000","887.6298"
"20190531","01","11","    18260","JP3319600007","357.0000","359.0000","356.0000","357.0000","358.0000","358.0000","356.0000","357.0000","357.0000","359.0000","356.0000","357.0000"," ","0.0000","0.0000","10500","3748800","357.0286"
"20190531","01","11","    18270","JP3643600004","431.0000","436.0000","430.0000","430.0000","430.0000","433.0000","427.0000","433.0000","431.0000","436.0000","427.0000","433.0000"," ","0.0000","0.0000","38900","16782600","431.4293"
"20190531","01","11","    18330","JP3194800003","3370.0000","3370.0000","3325.0000","3350.0000","3350.0000","3360.0000","3315.0000","3325.0000","3370.0000","3370.0000","3315.0000","3325.0000"," ","0.0000","0.0000","143000","477106500","3336.4091"
"20190531","01","11","    18350","JP3595400007","2995.0000","2996.0000","2962.0000","2970.0000","2963.0000","2999.0000","2959.0000","2988.0000","2995.0000","2999.0000","2959.0000","2988.0000"," ","0.0000","0.0000","62300","185677400","2980.3756"
"20190531","01","11","    18470","JP3141400006","1680.0000","1680.0000","1656.0000","1668.0000","1678.0000","1685.0000","1670.0000","1677.0000","1680.0000","1685.0000","1656.0000","1677.0000"," ","0.0000","0.0000","21400","35771400","1671.5607"
"20190531","01","11","    18480","JP3820650004","459.0000","459.0000","442.0000","450.0000","452.0000","452.0000","443.0000","444.0000","459.0000","459.0000","442.0000","444.0000"," ","0.0000","0.0000","14700","6592700","448.4830"
"20190531","01","11","    18520","JP3110000001","3555.0000","3560.0000","3515.0000","3525.0000","3525.0000","3535.0000","3500.0000","3515.0000","3555.0000","3560.0000","3500.0000","3515.0000"," ","0.0000","0.0000","82300","290243500","3526.6525"
"20190531","01","11","    18600","JP3627000007","599.0000","605.0000","595.0000","597.0000","599.0000","601.0000","595.0000","599.0000","599.0000","605.0000","595.0000","599.0000"," ","0.0000","0.0000","1048900","628485100","599.1850"
"20190531","01","11","    18610","JP3266800006","2937.0000","2937.0000","2880.0000","2898.0000","2889.0000","2899.0000","2873.0000","2883.0000","2937.0000","2937.0000","2873.0000","2883.0000"," ","0.0000","0.0000","242900","701733000","2888.9790"
"20190531","01","11","    18650","JP3303400000","812.0000","818.0000","810.0000","818.0000","819.0000","819.0000","800.0000","802.0000","812.0000","819.0000","800.0000","802.0000"," ","0.0000","0.0000","31300","25259500","807.0128"
"20190531","01","11","    18660","JP3240000004","2749.0000","2749.0000","2714.0000","2714.0000","2714.0000","2714.0000","2670.0000","2692.0000","2749.0000","2749.0000","2670.0000","2692.0000"," ","0.0000","0.0000","3700","9971600","2695.0270"
"20190531","01","11","    18670","JP3154400000","2120.0000","2120.0000","2114.0000","2114.0000","2111.0000","2112.0000","2104.0000","2112.0000","2120.0000","2120.0000","2104.0000","2112.0000"," ","0.0000","0.0000","1800","3802800","2112.6667"
"20190531","01","11","    18700","JP3933200002","725.0000","725.0000","718.0000","720.0000","720.0000","722.0000","716.0000","719.0000","725.0000","725.0000","716.0000","719.0000"," ","0.0000","0.0000","17100","12297600","719.1579"
"20190531","01","11","    18710","JP3801400007","626.0000","633.0000","620.0000","627.0000","625.0000","630.0000","619.0000","620.0000","626.0000","633.0000","619.0000","620.0000"," ","0.0000","0.0000","172800","108296700","626.7170"
"20190531","01","11","    18730","JP3783500006","408.0000","410.0000","406.0000","406.0000","406.0000","408.0000","405.0000","407.0000","408.0000","410.0000","405.0000","407.0000"," ","0.0000","0.0000","64700","26309500","406.6383"
"20190531","01","11","    18780","JP3486800000","14050.0000","14160.0000","13990.0000","14095.0000","14095.0000","14215.0000","14070.0000","14135.0000","14050.0000","14215.0000","13990.0000","14135.0000"," ","0.0000","0.0000","439300","6206675500","14128.5579"
"20190531","01","11","    18790","JP3380300008","889.0000","900.0000","887.0000","889.0000","889.0000","894.0000","878.0000","881.0000","889.0000","900.0000","878.0000","881.0000"," ","0.0000","0.0000","52700","46760600","887.2979"
"20190531","01","11","    18810","JP3750200002","2125.0000","2132.0000","2111.0000","2116.0000","2125.0000","2136.0000","2114.0000","2119.0000","2125.0000","2136.0000","2111.0000","2119.0000"," ","0.0000","0.0000","139000","294898500","2121.5719"
"20190531","01","11","    18820","JP3558000000","2990.0000","3010.0000","2935.0000","3005.0000","3015.0000","3040.0000","3000.0000","3015.0000","2990.0000","3040.0000","2935.0000","3015.0000"," ","0.0000","0.0000","30400","91123900","2997.4967"
"20190531","01","11","    18830","JP3861600009","2195.0000","2197.0000","2177.0000","2191.0000","2181.0000","2200.0000","2180.0000","2185.0000","2195.0000","2200.0000","2177.0000","2185.0000"," ","0.0000","0.0000","195000","426466200","2187.0062"
"20190531","01","11","    18840","JP3740200005","6200.0000","6200.0000","6160.0000","6160.0000","6160.0000","6180.0000","6070.0000","6090.0000","6200.0000","6200.0000","6070.0000","6090.0000"," ","0.0000","0.0000","7100","43460000","6121.1268"
"20190531","01","11","    18850","JP3556000002","1497.0000","1506.0000","1480.0000","1493.0000","1492.0000","1502.0000","1481.0000","1486.0000","1497.0000","1506.0000","1480.0000","1486.0000"," ","0.0000","0.0000","158900","236742300","1489.8823"
"20190531","01","11","    18870","JP3707200006","607.0000","607.0000","589.0000","594.0000","596.0000","603.0000","591.0000","597.0000","607.0000","607.0000","589.0000","597.0000"," ","0.0000","0.0000","776300","463470500","597.0250"
"20190531","01","11","    18880","JP3990800009","1341.0000","1341.0000","1322.0000","1322.0000","1324.0000","1337.0000","1323.0000","1325.0000","1341.0000","1341.0000","1322.0000","1325.0000"," ","0.0000","0.0000","32300","42833900","1326.1269"
"20190531","01","11","    18900","JP3609800002","404.0000","405.0000","401.0000","403.0000","402.0000","408.0000","401.0000","401.0000","404.0000","408.0000","401.0000","401.0000"," ","0.0000","0.0000","363400","146380900","402.8093"
"20190531","01","11","    18930","JP3309000002","481.0000","486.0000","480.0000","483.0000","484.0000","488.0000","482.0000","483.0000","481.0000","488.0000","480.0000","483.0000"," ","0.0000","0.0000","1314700","635293000","483.2228"
"20190531","01","11","    18980","JP3414600001","621.0000","628.0000","618.0000","620.0000","620.0000","620.0000","614.0000","616.0000","621.0000","628.0000","614.0000","616.0000"," ","0.0000","0.0000","101800","63109600","619.9371"
"20190531","01","11","    18990","JP3805600008","4345.0000","4345.0000","4185.0000","4190.0000","4200.0000","4255.0000","4200.0000","4235.0000","4345.0000","4345.0000","4185.0000","4235.0000"," ","0.0000","0.0000","7500","31804000","4240.5333"
"20190531","01","11","    19090","JP3740800002","1107.0000","1108.0000","1100.0000","1100.0000","1100.0000","1100.0000","1095.0000","1096.0000","1107.0000","1108.0000","1095.0000","1096.0000"," ","0.0000","0.0000","2500","2750100","1100.0400"
"20190531","01","11","    19110","JP3409800004","1238.0000","1242.0000","1227.0000","1236.0000","1238.0000","1240.0000","1230.0000","1233.0000","1238.0000","1242.0000","1227.0000","1233.0000"," ","0.0000","0.0000","401000","495066500","1234.5798"
"20190531","01","11","    19140","JP3697400004","360.0000","363.0000","360.0000","363.0000","364.0000","365.0000","361.0000","363.0000","360.0000","365.0000","360.0000","363.0000"," ","0.0000","0.0000","18200","6603700","362.8407"
"20190531","01","11","    19210","JP3631400003","347.0000","347.0000","339.0000","341.0000","339.0000","340.0000","336.0000","336.0000","347.0000","347.0000","336.0000","336.0000"," ","0.0000","0.0000","50500","17140900","339.4238"
"20190531","01","11","    19250","JP3505000004","3280.0000","3312.0000","3268.0000","3278.0000","3271.0000","3280.0000","3250.0000","3251.0000","3280.0000","3312.0000","3250.0000","3251.0000"," ","0.0000","0.0000","1794200","5866279900","3269.5797"
"20190531","01","11","    19260","JP3965800000","1344.0000","1344.0000","1327.0000","1331.0000","1332.0000","1336.0000","1329.0000","1333.0000","1344.0000","1344.0000","1327.0000","1333.0000"," ","0.0000","0.0000","133700","178131600","1332.3231"
"20190531","01","11","    19280","JP3420600003","1746.0000","1758.0000","1741.5000","1748.5000","1748.0000","1751.0000","1739.0000","1741.5000","1746.0000","1758.0000","1739.0000","1741.5000"," ","0.0000","0.0000","2167600","3785473500","1746.3893"
"20190531","01","11","    19290","JP3684800000","598.0000","598.0000","595.0000","596.0000","598.0000","600.0000","595.0000","597.0000","598.0000","600.0000","595.0000","597.0000"," ","0.0000","0.0000","59300","35391900","596.8280"
"20190531","01","11","    19300","JP3845000003","854.0000","854.0000","854.0000","854.0000","850.0000","850.0000","832.0000","836.0000","854.0000","854.0000","832.0000","836.0000"," ","0.0000","0.0000","4900","4105000","837.7551"
"20190531","01","11","    19340","JP3946200007","732.0000","737.0000","722.0000","725.0000","720.0000","723.0000","718.0000","720.0000","732.0000","737.0000","718.0000","720.0000"," ","0.0000","0.0000","64200","46407000","722.8505"
"20190531","01","11","    19390","JP3962600007","2657.0000","2657.0000","2657.0000","2657.0000","2656.0000","2656.0000","2623.0000","2623.0000","2657.0000","2657.0000","2623.0000","2623.0000"," ","0.0000","0.0000","4000","10588200","2647.0500"
"20190531","01","11","    19410","JP3524000001","2210.0000","2218.0000","2202.0000","2203.0000","2200.0000","2217.0000","2198.0000","2208.0000","2210.0000","2218.0000","2198.0000","2208.0000"," ","0.0000","0.0000","45200","99723600","2206.2743"
"20190531","01","11","    19420","JP3230600003","879.0000","883.0000","875.0000","880.0000","885.0000","886.0000","877.0000","880.0000","879.0000","886.0000","875.0000","880.0000"," ","0.0000","0.0000","424500","373776700","880.5105"
"20190531","01","11","    19440","JP3263000006","1672.0000","1675.0000","1663.0000","1672.0000","1669.0000","1678.0000","1666.0000","1670.0000","1672.0000","1678.0000","1663.0000","1670.0000"," ","0.0000","0.0000","248000","414240100","1670.3230"
"20190531","01","11","    19450","JP3585400009","907.0000","910.0000","898.0000","900.0000","910.0000","910.0000","898.0000","902.0000","907.0000","910.0000","898.0000","902.0000"," ","0.0000","0.0000","16200","14635300","903.4136"
"20190531","01","11","    19460","JP3552230009","3015.0000","3015.0000","3010.0000","3010.0000","3000.0000","3000.0000","2968.0000","2982.0000","3015.0000","3015.0000","2968.0000","2982.0000"," ","0.0000","0.0000","6800","20310200","2986.7941"
"20190531","01","11","    19490","JP3407800006","1642.0000","1642.0000","1622.0000","1637.0000","1631.0000","1647.0000","1622.0000","1638.0000","1642.0000","1647.0000","1622.0000","1638.0000"," ","0.0000","0.0000","46900","76728300","1635.9979"
"20190531","01","11","    19500","JP3736200001","2309.0000","2316.0000","2275.0000","2286.0000","2278.0000","2296.0000","2275.0000","2293.0000","2309.0000","2316.0000","2275.0000","2293.0000"," ","0.0000","0.0000","78400","179620700","2291.0804"
"20190531","01","11","    19510","JP3254200003","2567.0000","2574.0000","2511.0000","2542.0000","2542.0000","2558.0000","2521.0000","2553.0000","2567.0000","2574.0000","2511.0000","2553.0000"," ","0.0000","0.0000","716000","1819943500","2541.8205"
"20190531","01","11","    19520","JP3380250005","1728.0000","1728.0000","1707.0000","1711.0000","1709.0000","1713.0000","1702.0000","1707.0000","1728.0000","1728.0000","1702.0000","1707.0000"," ","0.0000","0.0000","9600","16417100","1710.1146"
"20190531","01","11","    19540","JP3703200000","2406.0000","2421.0000","2385.0000","2394.0000","2399.0000","2414.0000","2392.0000","2405.0000","2406.0000","2421.0000","2385.0000","2405.0000"," ","0.0000","0.0000","30400","73014800","2401.8026"
"20190531","01","11","    19590","JP3247050002","3125.0000","3140.0000","3100.0000","3125.0000","3110.0000","3115.0000","3065.0000","3080.0000","3125.0000","3140.0000","3065.0000","3080.0000"," ","0.0000","0.0000","226800","703424500","3101.5190"
"20190531","01","11","    19610","JP3325600009","1240.0000","1240.0000","1220.0000","1223.0000","1221.0000","1227.0000","1212.0000","1222.0000","1240.0000","1240.0000","1212.0000","1222.0000"," ","0.0000","0.0000","161800","198038300","1223.9697"
"20190531","01","11","    19630","JP3667600005","1470.0000","1487.0000","1459.0000","1465.0000","1465.0000","1467.0000","1447.0000","1450.0000","1470.0000","1487.0000","1447.0000","1450.0000"," ","0.0000","0.0000","1831800","2676424500","1461.0899"
"20190531","01","11","    19640","JP3519800001","1654.0000","1667.0000","1636.0000","1644.0000","1653.0000","1656.0000","1636.0000","1638.0000","1654.0000","1667.0000","1636.0000","1638.0000"," ","0.0000","0.0000","14700","24164200","1643.8231"
"20190531","01","11","    19670","JP3940800000","550.0000","553.0000","529.0000","536.0000","538.0000","549.0000","536.0000","549.0000","550.0000","553.0000","529.0000","549.0000"," ","0.0000","0.0000","84600","45809000","541.4775"
"20190531","01","11","    19680","JP3447200001","2052.0000","2052.0000","2023.0000","2031.0000","2035.0000","2041.0000","2018.0000","2031.0000","2052.0000","2052.0000","2018.0000","2031.0000"," ","0.0000","0.0000","25400","51632200","2032.7638"
"20190531","01","11","    19690","JP3455200000","1669.0000","1675.0000","1651.0000","1670.0000","1678.0000","1687.0000","1672.0000","1672.0000","1669.0000","1687.0000","1651.0000","1672.0000"," ","0.0000","0.0000","158000","263677000","1668.8418"
"20190531","01","11","    19720","JP3330800008","2477.0000","2485.0000","2465.0000","2484.0000","2474.0000","2476.0000","2455.0000","2455.0000","2477.0000","2485.0000","2455.0000","2455.0000"," ","0.0000","0.0000","5200","12844600","2470.1154"
"20190531","01","11","    19730","JP3733800001","2748.0000","2748.0000","2722.0000","2729.0000","2753.0000","2760.0000","2725.0000","2732.0000","2748.0000","2760.0000","2722.0000","2732.0000"," ","0.0000","0.0000","97000","265361400","2735.6845"
"20190531","01","11","    19750","JP3112800002","2492.0000","2492.0000","2445.0000","2445.0000","2428.0000","2433.0000","2408.0000","2421.0000","2492.0000","2492.0000","2408.0000","2421.0000"," ","0.0000","0.0000","3300","8021200","2430.6667"
"20190531","01","11","    19760","JP3918200001","658.0000","658.0000","649.0000","653.0000","654.0000","661.0000","654.0000","658.0000","658.0000","661.0000","649.0000","658.0000"," ","0.0000","0.0000","69000","45228400","655.4841"
"20190531","01","11","    19790","JP3441200007","3265.0000","3265.0000","3225.0000","3225.0000","3235.0000","3240.0000","3225.0000","3240.0000","3265.0000","3265.0000","3225.0000","3240.0000"," ","0.0000","0.0000","41800","135282500","3236.4234"
"20190531","01","11","    19800","JP3486000007","2200.0000","2200.0000","2154.0000","2162.0000","2162.0000","2163.0000","2136.0000","2144.0000","2200.0000","2200.0000","2136.0000","2144.0000"," ","0.0000","0.0000","10700","23073300","2156.3832"
"20190531","01","11","    19820","JP3793400007","1847.0000","1854.0000","1832.0000","1835.0000","1840.0000","1851.0000","1837.0000","1850.0000","1847.0000","1854.0000","1832.0000","1850.0000"," ","0.0000","0.0000","25000","46130900","1845.2360"
"20190531","01","11","    19830","JP3594200002","1945.0000","1945.0000","1904.0000","1906.0000","1912.0000","1917.0000","1904.0000","1907.0000","1945.0000","1945.0000","1904.0000","1907.0000"," ","0.0000","0.0000","198800","380147300","1912.2098"
"20190531","01","11","    20010","JP3723000000","1778.0000","1789.0000","1771.0000","1783.0000","1777.0000","1787.0000","1776.0000","1781.0000","1778.0000","1789.0000","1771.0000","1781.0000"," ","0.0000","0.0000","88100","156802600","1779.8252"
"20190531","01","11","    20020","JP3676800000","2541.0000","2560.0000","2527.0000","2537.0000","2540.0000","2540.0000","2516.0000","2524.0000","2541.0000","2560.0000","2516.0000","2524.0000"," ","0.0000","0.0000","710700","1797355900","2528.9938"
"20190531","01","11","    20030","JP3683200004","5770.0000","5790.0000","5770.0000","5790.0000","5780.0000","5800.0000","5780.0000","5800.0000","5770.0000","5800.0000","5770.0000","5800.0000"," ","0.0000","0.0000","1100","6356000","5778.1818"
"20190531","01","11","    20040","JP3366400004","3055.0000","3055.0000","3030.0000","3035.0000","3035.0000","3045.0000","3020.0000","3035.0000","3055.0000","3055.0000","3020.0000","3035.0000"," ","0.0000","0.0000","22800","69225500","3036.2061"
"20190531","01","11","    20090","JP3636200002","746.0000","746.0000","739.0000","741.0000","744.0000","744.0000","734.0000","737.0000","746.0000","746.0000","734.0000","737.0000"," ","0.0000","0.0000","7900","5840100","739.2532"
"20190531","01","11","    20530","JP3525400002","1116.0000","1123.0000","1097.0000","1114.0000","1144.0000","1144.0000","1121.0000","1141.0000","1116.0000","1144.0000","1097.0000","1141.0000"," ","0.0000","0.0000","36000","40620400","1128.3444"
"20190531","01","11","    20600","JP3802960009","176.0000","176.0000","174.0000","176.0000","176.0000","178.0000","175.0000","178.0000","176.0000","178.0000","174.0000","178.0000"," ","0.0000","0.0000","272800","48161300","176.5444"
"20190531","01","11","    21070","JP3614600009","967.0000","968.0000","957.0000","960.0000","968.0000","969.0000","957.0000","961.0000","967.0000","969.0000","957.0000","961.0000"," ","0.0000","0.0000","8100","7826900","966.2840"
"20190531","01","11","    21080","JP3732600006","1895.0000","1895.0000","1861.0000","1866.0000","1875.0000","1888.0000","1869.0000","1875.0000","1895.0000","1895.0000","1861.0000","1875.0000"," ","0.0000","0.0000","8600","16140700","1876.8256"
"20190531","01","11","    21090","JP3890400009","2290.0000","2305.0000","2283.0000","2295.0000","2296.0000","2313.0000","2283.0000","2288.0000","2290.0000","2313.0000","2283.0000","2288.0000"," ","0.0000","0.0000","96300","220877700","2293.6417"
"20190531","01","11","    21120","JP3168800005","207.0000","207.0000","206.0000","207.0000","207.0000","207.0000","206.0000","207.0000","207.0000","207.0000","206.0000","207.0000"," ","0.0000","0.0000","19000","3929000","206.7895"
"20190531","01","11","    21170","JP3676600004","1825.0000","1825.0000","1809.0000","1812.0000","1812.0000","1823.0000","1812.0000","1820.0000","1825.0000","1825.0000","1809.0000","1820.0000"," ","0.0000","0.0000","6500","11820300","1818.5077"
"20190531","01","11","    21200","JP3758140002","592.0000","601.0000","590.0000","595.0000","595.0000","599.0000","594.0000","596.0000","592.0000","601.0000","590.0000","596.0000"," ","0.0000","0.0000","483200","288050600","596.1312"
"20190531","01","11","    21240","JP3386130003","2579.0000","2624.0000","2551.0000","2624.0000","2628.0000","2649.0000","2573.0000","2582.0000","2579.0000","2649.0000","2551.0000","2582.0000"," ","0.0000","0.0000","234100","607208300","2593.7988"
"20190531","01","11","    21270","JP3689050007","2822.0000","2825.0000","2753.0000","2766.0000","2754.0000","2755.0000","2701.0000","2703.0000","2822.0000","2825.0000","2701.0000","2703.0000"," ","0.0000","0.0000","1170400","3219083300","2750.4129"
"20190531","01","11","    21300","JP3921700005","1962.0000","1971.0000","1840.0000","1909.0000","1905.0000","1940.0000","1873.0000","1893.0000","1962.0000","1971.0000","1840.0000","1893.0000"," ","0.0000","0.0000","558000","1062701000","1904.4821"
"20190531","01","11","    21390","JP3520800008","550.0000","557.0000","547.0000","551.0000","552.0000","555.0000","552.0000","552.0000","550.0000","557.0000","547.0000","552.0000"," ","0.0000","0.0000","3700","2042500","552.0270"
"20190531","01","11","    21480","JP3104880004","493.0000","501.0000","484.0000","493.0000","493.0000","497.0000","489.0000","491.0000","493.0000","501.0000","484.0000","491.0000"," ","0.0000","0.0000","35100","17357700","494.5214"
"20190531","01","11","    21510","JP3462680004","877.0000","884.0000","859.0000","882.0000","882.0000","890.0000","878.0000","881.0000","877.0000","890.0000","859.0000","881.0000"," ","0.0000","0.0000","226300","198898400","878.9147"
"20190531","01","11","    21530","JP3130480001","1067.0000","1088.0000","1067.0000","1068.0000","1063.0000","1077.0000","1063.0000","1073.0000","1067.0000","1088.0000","1063.0000","1073.0000"," ","0.0000","0.0000","4700","5045900","1073.5957"
"20190531","01","11","    21540","JP3635580008","3100.0000","3140.0000","3080.0000","3120.0000","3135.0000","3190.0000","3135.0000","3145.0000","3100.0000","3190.0000","3080.0000","3145.0000"," ","0.0000","0.0000","243100","761858500","3133.9305"
"20190531","01","11","    21570","JP3297360004","1458.0000","1458.0000","1411.0000","1423.0000","1427.0000","1435.0000","1418.0000","1424.0000","1458.0000","1458.0000","1411.0000","1424.0000"," ","0.0000","0.0000","321800","458795900","1425.7175"
"20190531","01","11","    21630","JP3126230006","774.0000","775.0000","759.0000","770.0000","769.0000","769.0000","753.0000","755.0000","774.0000","775.0000","753.0000","755.0000"," ","0.0000","0.0000","21900","16704500","762.7626"
"20190531","01","11","    21680","JP3781490002","1685.0000","1685.0000","1655.0000","1671.0000","1674.0000","1694.0000","1667.0000","1673.0000","1685.0000","1694.0000","1655.0000","1673.0000"," ","0.0000","0.0000","165400","277014900","1674.8180"
"20190531","01","11","    21690","JP3347040002","1304.0000","1320.0000","1304.0000","1309.0000","1303.0000","1307.0000","1295.0000","1299.0000","1304.0000","1320.0000","1295.0000","1299.0000"," ","0.0000","0.0000","11200","14613500","1304.7768"
"20190531","01","11","    21700","JP3977020001","607.0000","611.0000","596.0000","602.0000","606.0000","616.0000","601.0000","603.0000","607.0000","616.0000","596.0000","603.0000"," ","0.0000","0.0000","471400","284991600","604.5643"
"20190531","01","11","    21740","JP3386390003","724.0000","741.0000","720.0000","737.0000","735.0000","735.0000","718.0000","722.0000","724.0000","741.0000","718.0000","722.0000"," ","0.0000","0.0000","205600","149383900","726.5754"
"20190531","01","11","    21750","JP3162350007","2624.0000","2670.0000","2614.0000","2655.0000","2648.0000","2663.0000","2628.0000","2628.0000","2624.0000","2670.0000","2614.0000","2628.0000"," ","0.0000","0.0000","295300","780621500","2643.4863"
"20190531","01","11","    21800","JP3322500004","1939.0000","1945.0000","1861.0000","1902.0000","1903.0000","1957.0000","1903.0000","1931.0000","1939.0000","1957.0000","1861.0000","1931.0000"," ","0.0000","0.0000","70000","133789600","1911.2800"
"20190531","01","11","    21810","JP3547670004","2303.0000","2327.0000","2285.0000","2318.0000","2316.0000","2326.0000","2295.0000","2312.0000","2303.0000","2327.0000","2285.0000","2312.0000"," ","0.0000","0.0000","1631200","3770450800","2311.4583"
"20190531","01","11","    21830","JP3974530002","1187.0000","1191.0000","1172.0000","1178.0000","1178.0000","1182.0000","1172.0000","1176.0000","1187.0000","1191.0000","1172.0000","1176.0000"," ","0.0000","0.0000","77100","90901100","1179.0026"
"20190531","01","11","    21930","JP3266170004","310.0000","319.0000","307.0000","310.0000","312.0000","314.0000","310.0000","310.0000","310.0000","319.0000","307.0000","310.0000"," ","0.0000","0.0000","722400","225177700","311.7078"
"20190531","01","11","    21960","JP3162620003","754.0000","756.0000","735.0000","742.0000","743.0000","753.0000","739.0000","739.0000","754.0000","756.0000","735.0000","739.0000"," ","0.0000","0.0000","33500","24896500","743.1791"
"20190531","01","11","    21980","JP3101120008","675.0000","679.0000","662.0000","667.0000","666.0000","666.0000","658.0000","658.0000","675.0000","679.0000","658.0000","658.0000"," ","0.0000","0.0000","59900","39941400","666.8013"
"20190531","01","11","    22010","JP3926400007","4930.0000","4995.0000","4925.0000","4975.0000","4975.0000","4985.0000","4910.0000","4910.0000","4930.0000","4995.0000","4910.0000","4910.0000"," ","0.0000","0.0000","224700","1111801500","4947.9372"
"20190531","01","11","    22040","JP3646000004","4325.0000","4325.0000","4290.0000","4290.0000","4290.0000","4300.0000","4290.0000","4290.0000","4325.0000","4325.0000","4290.0000","4290.0000"," ","0.0000","0.0000","1900","8156500","4292.8947"
"20190531","01","11","    22060","JP3161200005","5190.0000","5200.0000","5150.0000","5160.0000","5160.0000","5190.0000","5160.0000","5160.0000","5190.0000","5200.0000","5150.0000","5160.0000"," ","0.0000","0.0000","237600","1228510000","5170.4966"
"20190531","01","11","    22070","JP3920200007","1429.0000","1433.0000","1414.0000","1426.0000","1426.0000","1440.0000","1425.0000","1433.0000","1429.0000","1440.0000","1414.0000","1433.0000"," ","0.0000","0.0000","6300","9013000","1430.6349"
"20190531","01","11","    22090","JP3149200002","2246.0000","2246.0000","2148.0000","2150.0000","2155.0000","2168.0000","2155.0000","2157.0000","2246.0000","2246.0000","2148.0000","2157.0000"," ","0.0000","0.0000","9700","21094300","2174.6701"
"20190531","01","11","    22110","JP3821200007","1957.0000","1957.0000","1941.0000","1948.0000","1946.0000","1950.0000","1935.0000","1937.0000","1957.0000","1957.0000","1935.0000","1937.0000"," ","0.0000","0.0000","13500","26253600","1944.7111"
"20190531","01","11","    22120","JP3935600001","1650.0000","1659.0000","1636.0000","1645.0000","1643.0000","1643.0000","1626.0000","1631.0000","1650.0000","1659.0000","1626.0000","1631.0000"," ","0.0000","0.0000","470100","769525000","1636.9389"
"20190531","01","11","    22150","JP3479400008","996.0000","996.0000","995.0000","995.0000","991.0000","995.0000","990.0000","994.0000","996.0000","996.0000","990.0000","994.0000"," ","0.0000","0.0000","1700","1689300","993.7059"
"20190531","01","11","    22170","JP3927600001","4920.0000","4945.0000","4920.0000","4935.0000","4945.0000","4945.0000","4910.0000","4910.0000","4920.0000","4945.0000","4910.0000","4910.0000"," ","0.0000","0.0000","1200","5905000","4920.8333"
"20190531","01","11","    22200","JP3219800004","4815.0000","4820.0000","4785.0000","4800.0000","4800.0000","4815.0000","4785.0000","4805.0000","4815.0000","4820.0000","4785.0000","4805.0000"," ","0.0000","0.0000","16500","79199000","4799.9394"
"20190531","01","11","    22220","JP3299600001","5690.0000","5700.0000","5580.0000","5610.0000","5590.0000","5630.0000","5590.0000","5620.0000","5690.0000","5700.0000","5580.0000","5620.0000"," ","0.0000","0.0000","74800","421074000","5629.3316"
"20190531","01","11","    22290","JP3220580009","3115.0000","3120.0000","3085.0000","3100.0000","3100.0000","3125.0000","3070.0000","3080.0000","3115.0000","3125.0000","3070.0000","3080.0000"," ","0.0000","0.0000","512900","1586384000","3092.9694"
"20190531","01","11","    22640","JP3926800008","3995.0000","4035.0000","3950.0000","3965.0000","3940.0000","3965.0000","3935.0000","3945.0000","3995.0000","4035.0000","3935.0000","3945.0000"," ","0.0000","0.0000","176100","697835000","3962.7200"
"20190531","01","11","    22660","JP3984800007","2021.0000","2024.0000","1993.0000","1998.0000","1999.0000","2011.0000","1999.0000","2007.0000","2021.0000","2024.0000","1993.0000","2007.0000"," ","0.0000","0.0000","6300","12640100","2006.3651"
"20190531","01","11","    22670","JP3931600005","6200.0000","6250.0000","6180.0000","6200.0000","6200.0000","6230.0000","6180.0000","6180.0000","6200.0000","6250.0000","6180.0000","6180.0000"," ","0.0000","0.0000","348300","2158280000","6196.6121"
"20190531","01","11","    22690","JP3918000005","7620.0000","7690.0000","7600.0000","7640.0000","7640.0000","7660.0000","7590.0000","7610.0000","7620.0000","7690.0000","7590.0000","7610.0000"," ","0.0000","0.0000","390400","2976892000","7625.2357"
"20190531","01","11","    22700","JP3947800003","2153.0000","2164.0000","2119.0000","2146.0000","2150.0000","2163.0000","2144.0000","2157.0000","2153.0000","2164.0000","2119.0000","2157.0000"," ","0.0000","0.0000","345800","743277400","2149.4430"
"20190531","01","11","    22810","JP3833200003","2150.0000","2162.0000","2127.0000","2129.0000","2123.0000","2133.0000","2117.0000","2122.0000","2150.0000","2162.0000","2117.0000","2122.0000"," ","0.0000","0.0000","101900","217007300","2129.6104"
"20190531","01","11","    22820","JP3743000006","4360.0000","4395.0000","4350.0000","4365.0000","4380.0000","4430.0000","4370.0000","4390.0000","4360.0000","4430.0000","4350.0000","4390.0000"," ","0.0000","0.0000","491300","2157601500","4391.6171"
"20190531","01","11","    22860","JP3772200006","596.0000","598.0000","593.0000","596.0000","598.0000","601.0000","597.0000","597.0000","596.0000","601.0000","593.0000","597.0000"," ","0.0000","0.0000","8700","5198800","597.5632"
"20190531","01","11","    22880","JP3876400007","1938.0000","1938.0000","1915.0000","1918.0000","1924.0000","1930.0000","1917.0000","1917.0000","1938.0000","1938.0000","1915.0000","1917.0000"," ","0.0000","0.0000","11500","22096200","1921.4087"
"20190531","01","11","    22920","JP3399300007","3660.0000","3675.0000","3645.0000","3645.0000","3645.0000","3670.0000","3635.0000","3650.0000","3660.0000","3675.0000","3635.0000","3650.0000"," ","0.0000","0.0000","28200","102956500","3650.9397"
"20190531","01","11","    22960","JP3144500000","655.0000","661.0000","655.0000","659.0000","658.0000","662.0000","658.0000","660.0000","655.0000","662.0000","655.0000","660.0000"," ","0.0000","0.0000","223900","147553400","659.0147"
"20190531","01","11","    23010","JP3234400004","1093.0000","1098.0000","1084.0000","1086.0000","1083.0000","1097.0000","1083.0000","1085.0000","1093.0000","1098.0000","1083.0000","1085.0000"," ","0.0000","0.0000","30700","33380400","1087.3094"
"20190531","01","11","    23050","JP3399240005","2033.0000","2037.0000","2021.0000","2023.0000","2023.0000","2030.0000","2018.0000","2024.0000","2033.0000","2037.0000","2018.0000","2024.0000"," ","0.0000","0.0000","25500","51637500","2025.0000"
"20190531","01","11","    23070","JP3272600002","1026.0000","1026.0000","994.0000","1009.0000","1004.0000","1010.0000","995.0000","1010.0000","1026.0000","1026.0000","994.0000","1010.0000"," ","0.0000","0.0000","29700","29791300","1003.0741"
"20190531","01","11","    23090","JP3359000001","2037.0000","2042.0000","2015.0000","2033.0000","2038.0000","2043.0000","2009.0000","2010.0000","2037.0000","2043.0000","2009.0000","2010.0000"," ","0.0000","0.0000","56100","113480600","2022.8271"
"20190531","01","11","    23170","JP3351050004","1554.0000","1592.0000","1543.0000","1580.0000","1579.0000","1599.0000","1571.0000","1574.0000","1554.0000","1599.0000","1543.0000","1574.0000"," ","0.0000","0.0000","722300","1139340900","1577.3791"
"20190531","01","11","    23250","JP3718600004","1629.0000","1636.0000","1629.0000","1636.0000","1637.0000","1662.0000","1633.0000","1656.0000","1629.0000","1662.0000","1629.0000","1656.0000"," ","0.0000","0.0000","9200","15170900","1649.0109"
"20190531","01","11","    23260","JP3549020000","8530.0000","8800.0000","8520.0000","8780.0000","8800.0000","8930.0000","8770.0000","8890.0000","8530.0000","8930.0000","8520.0000","8890.0000"," ","0.0000","0.0000","132400","1164350000","8794.1843"
"20190531","01","11","    23270","JP3379900008","3340.0000","3395.0000","3330.0000","3385.0000","3390.0000","3410.0000","3380.0000","3385.0000","3340.0000","3410.0000","3330.0000","3385.0000"," ","0.0000","0.0000","271100","917121500","3382.9639"
"20190531","01","11","    23310","JP3431900004","5250.0000","5260.0000","5200.0000","5250.0000","5260.0000","5270.0000","5240.0000","5250.0000","5250.0000","5270.0000","5200.0000","5250.0000"," ","0.0000","0.0000","174300","914156000","5244.7275"
"20190531","01","11","    23350","JP3244950006","915.0000","917.0000","901.0000","911.0000","911.0000","925.0000","911.0000","913.0000","915.0000","925.0000","901.0000","913.0000"," ","0.0000","0.0000","47000","42926400","913.3277"
"20190531","01","11","    23370","JP3120010008","331.0000","335.0000","329.0000","332.0000","332.0000","332.0000","326.0000","328.0000","331.0000","335.0000","326.0000","328.0000"," ","0.0000","0.0000","1677900","554068900","330.2157"
"20190531","01","11","    23520","JP3160770008","1103.0000","1107.0000","1088.0000","1101.0000","1107.0000","1107.0000","1080.0000","1080.0000","1103.0000","1107.0000","1080.0000","1080.0000"," ","0.0000","0.0000","28300","30900600","1091.8940"
"20190531","01","11","    23530","JP3728000005","171.0000","171.0000","170.0000","170.0000","171.0000","175.0000","170.0000","173.0000","171.0000","175.0000","170.0000","173.0000"," ","0.0000","0.0000","680600","117317300","172.3733"
"20190531","01","11","    23590","JP3284000001","1500.0000","1550.0000","1482.0000","1527.0000","1527.0000","1534.0000","1489.0000","1496.0000","1500.0000","1550.0000","1482.0000","1496.0000"," ","0.0000","0.0000","145200","220595700","1519.2541"
"20190531","01","11","    23710","JP3206000006","2220.0000","2225.0000","2194.0000","2207.0000","2199.0000","2215.0000","2196.0000","2202.0000","2220.0000","2225.0000","2194.0000","2202.0000"," ","0.0000","0.0000","507600","1119601700","2205.6771"
"20190531","01","11","    23720","JP3105170009","1620.0000","1625.0000","1558.0000","1588.0000","1590.0000","1602.0000","1570.0000","1570.0000","1620.0000","1625.0000","1558.0000","1570.0000"," ","0.0000","0.0000","186400","294801400","1581.5526"
"20190531","01","11","    23740","JP3424980005","485.0000","485.0000","479.0000","481.0000","482.0000","486.0000","481.0000","486.0000","485.0000","486.0000","479.0000","486.0000"," ","0.0000","0.0000","30200","14608400","483.7219"
"20190531","01","11","    23760","JP3311350007","648.0000","650.0000","648.0000","649.0000","648.0000","648.0000","645.0000","645.0000","648.0000","650.0000","645.0000","645.0000"," ","0.0000","0.0000","2800","1813500","647.6786"
"20190531","01","11","    23780","JP3978800005","1921.0000","1930.0000","1904.0000","1920.0000","1912.0000","1928.0000","1910.0000","1918.0000","1921.0000","1930.0000","1904.0000","1918.0000"," ","0.0000","0.0000","77500","148575000","1917.0968"
"20190531","01","11","    23790","JP3548640006","1645.0000","1661.0000","1625.0000","1653.0000","1646.0000","1651.0000","1637.0000","1638.0000","1645.0000","1661.0000","1625.0000","1638.0000"," ","0.0000","0.0000","342300","562402400","1643.0102"
"20190531","01","11","    23840","JP3163500006","1693.0000","1693.0000","1670.0000","1684.0000","1693.0000","1708.0000","1691.0000","1693.0000","1693.0000","1708.0000","1670.0000","1693.0000"," ","0.0000","0.0000","95200","161123500","1692.4737"
"20190531","01","11","    23890","JP3197730009","1393.0000","1434.0000","1379.0000","1405.0000","1402.0000","1411.0000","1379.0000","1382.0000","1393.0000","1434.0000","1379.0000","1382.0000"," ","0.0000","0.0000","151300","210973400","1394.4045"
"20190531","01","11","    23950","JP3379950003","747.0000","747.0000","723.0000","737.0000","738.0000","739.0000","725.0000","726.0000","747.0000","747.0000","723.0000","726.0000"," ","0.0000","0.0000","479600","351131500","732.1341"
"20190531","01","11","    23980","JP3532800004","523.0000","532.0000","514.0000","531.0000","530.0000","533.0000","527.0000","529.0000","523.0000","533.0000","514.0000","529.0000"," ","0.0000","0.0000","266400","140298300","526.6453"
"20190531","01","11","    24100","JP3244450007","1524.0000","1568.0000","1524.0000","1568.0000","1559.0000","1566.0000","1544.0000","1547.0000","1524.0000","1568.0000","1524.0000","1547.0000"," ","0.0000","0.0000","21500","33351700","1551.2419"
"20190531","01","11","    24120","JP3835630009","2074.0000","2124.0000","2072.0000","2087.0000","2080.0000","2086.0000","2060.0000","2068.0000","2074.0000","2124.0000","2060.0000","2068.0000"," ","0.0000","0.0000","435600","907623400","2083.6166"
"20190531","01","11","    24130","JP3435750009","2060.0000","2085.0000","2040.0000","2080.0000","2076.0000","2079.0000","2050.0000","2052.0000","2060.0000","2085.0000","2040.0000","2052.0000"," ","0.0000","0.0000","2140600","4416019000","2062.9819"
"20190531","01","11","    24180","JP3835670005","614.0000","618.0000","611.0000","612.0000","611.0000","614.0000","608.0000","609.0000","614.0000","618.0000","608.0000","609.0000"," ","0.0000","0.0000","57500","35221800","612.5530"
"20190531","01","11","    24240","JP3830600007","626.0000","626.0000","620.0000","623.0000","621.0000","621.0000","618.0000","620.0000","626.0000","626.0000","618.0000","620.0000"," ","0.0000","0.0000","3600","2237300","621.4722"
"20190531","01","11","    24270","JP3105270007","1145.0000","1167.0000","1144.0000","1156.0000","1156.0000","1157.0000","1137.0000","1138.0000","1145.0000","1167.0000","1137.0000","1138.0000"," ","0.0000","0.0000","1481900","1703472500","1149.5192"
"20190531","01","11","    24280","JP3155370004","1009.0000","1017.0000","1002.0000","1013.0000","1013.0000","1017.0000","1008.0000","1009.0000","1009.0000","1017.0000","1002.0000","1009.0000"," ","0.0000","0.0000","60000","60641700","1010.6950"
"20190531","01","11","    24290","JP3990220000","1595.0000","1616.0000","1575.0000","1611.0000","1611.0000","1625.0000","1585.0000","1592.0000","1595.0000","1625.0000","1575.0000","1592.0000"," ","0.0000","0.0000","47600","76213000","1601.1134"
"20190531","01","11","    24320","JP3548610009","2191.0000","2213.0000","2170.0000","2202.0000","2198.0000","2199.0000","2183.0000","2192.0000","2191.0000","2213.0000","2170.0000","2192.0000"," ","0.0000","0.0000","2009300","4407427100","2193.5137"
"20190531","01","11","    24330","JP3766550002","1682.0000","1699.0000","1678.0000","1694.0000","1692.0000","1710.0000","1691.0000","1708.0000","1682.0000","1710.0000","1678.0000","1708.0000"," ","0.0000","0.0000","892200","1515556400","1698.6734"
"20190531","01","11","    24400","JP3274180003","538.0000","579.0000","537.0000","558.0000","556.0000","567.0000","543.0000","544.0000","538.0000","579.0000","537.0000","544.0000"," ","0.0000","0.0000","1674400","931041200","556.0447"
"20190531","01","11","    24450","JP3161560002","730.0000","755.0000","730.0000","755.0000","754.0000","754.0000","749.0000","751.0000","730.0000","755.0000","730.0000","751.0000"," ","0.0000","0.0000","76500","57167000","747.2810"
"20190531","01","11","    24530","JP3389670005","1175.0000","1204.0000","1161.0000","1201.0000","1207.0000","1227.0000","1202.0000","1215.0000","1175.0000","1227.0000","1161.0000","1215.0000"," ","0.0000","0.0000","638000","764692700","1198.5779"
"20190531","01","11","    24610","JP3802840003","521.0000","525.0000","514.0000","522.0000","522.0000","524.0000","520.0000","523.0000","521.0000","525.0000","514.0000","523.0000"," ","0.0000","0.0000","181800","94836800","521.6546"
"20190531","01","11","    24620","JP3386120004","1219.0000","1219.0000","1151.0000","1159.0000","1170.0000","1254.0000","1162.0000","1235.0000","1219.0000","1254.0000","1151.0000","1235.0000"," ","0.0000","0.0000","172200","207565800","1205.3763"
"20190531","01","11","    24640","JP3800290003","344.0000","352.0000","344.0000","349.0000","348.0000","353.0000","348.0000","350.0000","344.0000","353.0000","344.0000","350.0000"," ","0.0000","0.0000","16800","5870800","349.4524"
"20190531","01","11","    24750","JP3505940001","2670.0000","2697.0000","2643.0000","2668.0000","2690.0000","2690.0000","2641.0000","2667.0000","2670.0000","2697.0000","2641.0000","2667.0000"," ","0.0000","0.0000","14500","38618000","2663.3103"
"20190531","01","11","    24850","JP3539150007","638.0000","641.0000","632.0000","639.0000","639.0000","641.0000","635.0000","637.0000","638.0000","641.0000","632.0000","637.0000"," ","0.0000","0.0000","18900","12039000","636.9841"
"20190531","01","11","    24870","JP3347020004","0.0000","0.0000","0.0000","0.0000","1246.0000","1246.0000","1246.0000","1246.0000","1246.0000","1246.0000","1246.0000","1246.0000"," ","0.0000","0.0000","300","373800","1246.0000"
"20190531","01","11","    24910","JP3778390009","2503.0000","2578.0000","2482.0000","2571.0000","2569.0000","2595.0000","2545.0000","2558.0000","2503.0000","2595.0000","2482.0000","2558.0000"," ","0.0000","0.0000","521500","1333364300","2556.7868"
"20190531","01","11","    24920","JP3153480003","1646.0000","1673.0000","1632.0000","1665.0000","1658.0000","1667.0000","1649.0000","1658.0000","1646.0000","1673.0000","1632.0000","1658.0000"," ","0.0000","0.0000","500300","827468400","1653.9444"
"20190531","01","11","    25010","JP3320800000","2268.0000","2273.0000","2243.0000","2269.0000","2273.0000","2280.0000","2257.0000","2258.0000","2268.0000","2280.0000","2243.0000","2258.0000"," ","0.0000","0.0000","284900","644315900","2261.5511"
"20190531","01","11","    25020","JP3116000005","4723.0000","4750.0000","4712.0000","4725.0000","4730.0000","4784.0000","4723.0000","4777.0000","4723.0000","4784.0000","4712.0000","4777.0000"," ","0.0000","0.0000","1759900","8371120600","4756.5888"
"20190531","01","11","    25030","JP3258000003","2342.0000","2370.0000","2342.0000","2356.0000","2350.5000","2364.5000","2350.0000","2355.0000","2342.0000","2370.0000","2342.0000","2355.0000"," ","0.0000","0.0000","2353700","5547698950","2357.0119"
"20190531","01","11","    25100","JP3048610004","1016.0000","1016.0000","1016.0000","1016.0000","1016.0000","1017.0000","1016.0000","1017.0000","1016.0000","1017.0000","1016.0000","1017.0000"," ","0.0000","0.0000","1930","1960930","1016.0259"
"20190531","01","11","    25110","JP3048620003","948.0000","948.0000","947.0000","948.0000","947.0000","947.0000","945.0000","945.0000","948.0000","948.0000","945.0000","945.0000"," ","0.0000","0.0000","1360","1287710","946.8456"
"20190531","01","11","    25120","JP3048630002","1000.0000","1000.0000","999.0000","999.0000","999.0000","999.0000","999.0000","999.0000","1000.0000","1000.0000","999.0000","999.0000"," ","0.0000","0.0000","250","249950","999.8000"
"20190531","01","11","    25130","JP3048640001","1012.0000","1012.0000","988.0000","990.0000","991.0000","991.0000","987.0000","987.0000","1012.0000","1012.0000","987.0000","987.0000"," ","0.0000","0.0000","760","752750","990.4605"
"20190531","01","11","    25140","JP3048650000","1015.0000","1015.0000","1012.0000","1012.0000","1013.0000","1013.0000","1013.0000","1013.0000","1015.0000","1015.0000","1012.0000","1013.0000"," ","0.0000","0.0000","60","60820","1013.6667"
"20190531","01","11","    25150","JP3048660009","1023.0000","1023.0000","1006.0000","1010.0000","1012.0000","1012.0000","1003.0000","1003.0000","1023.0000","1023.0000","1003.0000","1003.0000"," ","0.0000","0.0000","8730","8802920","1008.3528"
"20190531","01","11","    25160","JP3048700003","687.0000","692.0000","681.0000","688.0000","689.0000","700.0000","685.0000","685.0000","687.0000","700.0000","681.0000","685.0000"," ","0.0000","0.0000","131150","90257520","688.2007"
"20190531","01","11","    25170","JP3048710002","0.0000","0.0000","0.0000","0.0000","0.0000","0.0000","0.0000","0.0000","0.0000","0.0000","0.0000","0.0000"," ","0.0000","0.0000","0","0","0.0000"
"20190531","01","11","    25180","JP3048720001","873.0000","873.0000","871.0000","873.0000","872.0000","872.0000","867.0000","867.0000","873.0000","873.0000","867.0000","867.0000"," ","0.0000","0.0000","159","138334","870.0252"
"20190531","01","11","    25190","JP3048730000","1021.0000","1021.0000","1021.0000","1021.0000","1021.0000","1021.0000","1016.0000","1016.0000","1021.0000","1021.0000","1016.0000","1016.0000"," ","0.0000","0.0000","3450","3511020","1017.6870"
"20190531","01","11","    25200","JP3048740009","950.0000","950.0000","926.0000","926.0000","934.0000","934.0000","934.0000","934.0000","950.0000","950.0000","926.0000","934.0000"," ","0.0000","0.0000","180","168480","936.0000"
"20190531","01","11","    25210","JP3048760007","996.0000","996.0000","974.0000","975.0000","978.0000","978.0000","974.0000","975.0000","996.0000","996.0000","974.0000","975.0000"," ","0.0000","0.0000","138410","134936860","974.9069"
"20190531","01","11","    25220","JP3048790004","2070.0000","2070.0000","2058.0000","2064.0000","2063.0000","2080.0000","2060.0000","2063.0000","2070.0000","2080.0000","2058.0000","2063.0000"," ","0.0000","0.0000","922","1901949","2062.8514"
"20190531","01","11","    25230","JP3048800001","0.0000","0.0000","0.0000","0.0000","0.0000","0.0000","0.0000","0.0000","0.0000","0.0000","0.0000","0.0000"," ","0.0000","0.0000","0","0","0.0000"
"20190531","01","11","    25240","JP3048830008","0.0000","0.0000","0.0000","0.0000","0.0000","0.0000","0.0000","0.0000","0.0000","0.0000","0.0000","0.0000"," ","0.0000","0.0000","0","0","0.0000"
"20190531","01","11","    25250","JP3048840007","0.0000","0.0000","0.0000","0.0000","0.0000","0.0000","0.0000","0.0000","0.0000","0.0000","0.0000","0.0000"," ","0.0000","0.0000","0","0","0.0000"
"20190531","01","11","    25260","JP3048850006","0.0000","0.0000","0.0000","0.0000","0.0000","0.0000","0.0000","0.0000","0.0000","0.0000","0.0000","0.0000"," ","0.0000","0.0000","0","0","0.0000"
"20190531","01","11","    25270","JP3048860005","0.0000","0.0000","0.0000","0.0000","1136.0000","1137.0000","1135.0000","1135.0000","1136.0000","1137.0000","1135.0000","1135.0000"," ","0.0000","0.0000","11840","13452000","1136.1486"
"20190531","01","11","    25280","JP3048870004","0.0000","0.0000","0.0000","0.0000","1141.0000","1141.0000","1138.0000","1138.0000","1141.0000","1141.0000","1138.0000","1138.0000"," ","0.0000","0.0000","1000","1139500","1139.5000"
"20190531","01","11","    25290","JP3048890002","921.0000","921.0000","917.0000","920.0000","919.0000","921.0000","914.0000","915.0000","921.0000","921.0000","914.0000","915.0000"," ","0.0000","0.0000","1720","1577141","916.9424"
"20190531","01","11","    25310","JP3459600007","1209.0000","1210.0000","1180.0000","1182.0000","1182.0000","1189.0000","1173.0000","1175.0000","1209.0000","1210.0000","1173.0000","1175.0000"," ","0.0000","0.0000","732300","865979000","1182.5468"
"20190531","01","11","    25330","JP3307400006","361.0000","362.0000","357.0000","361.0000","360.0000","364.0000","360.0000","364.0000","361.0000","364.0000","357.0000","364.0000"," ","0.0000","0.0000","70500","25498400","361.6794"
"20190531","01","11","    25400","JP3953800004","2024.0000","2040.0000","2024.0000","2040.0000","2038.0000","2038.0000","2030.0000","2030.0000","2024.0000","2040.0000","2024.0000","2030.0000"," ","0.0000","0.0000","1900","3859500","2031.3158"
"20190531","01","11","    25790","JP3293200006","2470.0000","2491.0000","2454.0000","2478.0000","2477.0000","2483.0000","2465.0000","2468.0000","2470.0000","2491.0000","2454.0000","2468.0000"," ","0.0000","0.0000","1142300","2825827000","2473.8046"
"20190531","01","11","    25870","JP3336560002","4545.0000","4560.0000","4510.0000","4540.0000","4540.0000","4540.0000","4515.0000","4515.0000","4545.0000","4560.0000","4510.0000","4515.0000"," ","0.0000","0.0000","399500","1807926000","4525.4718"
"20190531","01","11","    25900","JP3488400007","4570.0000","4570.0000","4525.0000","4545.0000","4545.0000","4555.0000","4500.0000","4500.0000","4570.0000","4570.0000","4500.0000","4500.0000"," ","0.0000","0.0000","42500","192452500","4528.2941"
"20190531","01","11","    25930","JP3143000002","5160.0000","5200.0000","5090.0000","5130.0000","5120.0000","5160.0000","5120.0000","5140.0000","5160.0000","5200.0000","5090.0000","5140.0000"," ","0.0000","0.0000","191000","981526000","5138.8796"
"20190531","01","11","    25935","JP3143000101","2486.0000","2487.0000","2421.0000","2433.0000","2435.0000","2469.0000","2435.0000","2438.0000","2486.0000","2487.0000","2421.0000","2438.0000"," ","0.0000","0.0000","10700","26277500","2455.8411"
"20190531","01","11","    25940","JP3236300004","2091.0000","2091.0000","2077.0000","2082.0000","2089.0000","2099.0000","2089.0000","2097.0000","2091.0000","2099.0000","2077.0000","2097.0000"," ","0.0000","0.0000","13300","27844500","2093.5714"
"20190531","01","11","    25970","JP3950820005","983.0000","983.0000","981.0000","981.0000","981.0000","983.0000","981.0000","983.0000","983.0000","983.0000","981.0000","983.0000"," ","0.0000","0.0000","1800","1768200","982.3333"
"20190531","01","11","    25990","JP3389650007","1155.0000","1155.0000","1154.0000","1154.0000","1155.0000","1157.0000","1150.0000","1150.0000","1155.0000","1157.0000","1150.0000","1150.0000"," ","0.0000","0.0000","1900","2190700","1153.0000"
"20190531","01","11","    26020","JP3677200002","3155.0000","3175.0000","3145.0000","3160.0000","3165.0000","3175.0000","3150.0000","3165.0000","3155.0000","3175.0000","3145.0000","3165.0000"," ","0.0000","0.0000","63000","199235000","3162.4603"
"20190531","01","11","    26070","JP3816400000","3340.0000","3340.0000","3280.0000","3325.0000","3300.0000","3325.0000","3280.0000","3290.0000","3340.0000","3340.0000","3280.0000","3290.0000"," ","0.0000","0.0000","227000","748986000","3299.4978"
"20190531","01","11","    26120","JP3214400008","4280.0000","4280.0000","4215.0000","4245.0000","4270.0000","4270.0000","4210.0000","4235.0000","4280.0000","4280.0000","4210.0000","4235.0000"," ","0.0000","0.0000","1400","5929500","4235.3571"
"20190531","01","11","    26130","JP3840000008","4005.0000","4025.0000","3920.0000","3920.0000","3935.0000","3985.0000","3935.0000","3965.0000","4005.0000","4025.0000","3920.0000","3965.0000"," ","0.0000","0.0000","18500","73318000","3963.1351"
"20190531","01","11","    26510","JP3982100004","5070.0000","5070.0000","5010.0000","5050.0000","5050.0000","5080.0000","5040.0000","5070.0000","5070.0000","5080.0000","5010.0000","5070.0000"," ","0.0000","0.0000","284500","1438714000","5056.9912"
"20190531","01","11","    26590","JP3324500002","4280.0000","4290.0000","4250.0000","4270.0000","4255.0000","4260.0000","4205.0000","4210.0000","4280.0000","4290.0000","4205.0000","4210.0000"," ","0.0000","0.0000","31000","131406500","4238.9194"
"20190531","01","11","    26640","JP3226450009","1841.0000","1843.0000","1816.0000","1841.0000","1841.0000","1858.0000","1836.0000","1843.0000","1841.0000","1858.0000","1816.0000","1843.0000"," ","0.0000","0.0000","81900","150457900","1837.0928"
"20190531","01","11","    26700","JP3152740001","6790.0000","6830.0000","6780.0000","6800.0000","6770.0000","6810.0000","6750.0000","6780.0000","6790.0000","6830.0000","6750.0000","6780.0000"," ","0.0000","0.0000","136800","928126000","6784.5468"
"20190531","01","11","    26740","JP3765120005","701.0000","701.0000","696.0000","699.0000","697.0000","699.0000","696.0000","699.0000","701.0000","701.0000","696.0000","699.0000"," ","0.0000","0.0000","21300","14858100","697.5634"
"20190531","01","11","    26760","JP3457710006","983.0000","983.0000","976.0000","976.0000","976.0000","980.0000","976.0000","977.0000","983.0000","983.0000","976.0000","977.0000"," ","0.0000","0.0000","3100","3032000","978.0645"
"20190531","01","11","    26780","JP3119920001","2707.0000","2725.0000","2652.0000","2674.0000","2684.0000","2708.0000","2673.0000","2696.0000","2707.0000","2725.0000","2652.0000","2696.0000"," ","0.0000","0.0000","149600","401954500","2686.8616"
"20190531","01","11","    26810","JP3282400005","1377.0000","1382.0000","1362.0000","1378.0000","1376.0000","1377.0000","1364.0000","1367.0000","1377.0000","1382.0000","1362.0000","1367.0000"," ","0.0000","0.0000","164900","226115100","1371.2256"
"20190531","01","11","    26850","JP3856000009","2700.0000","2721.0000","2632.0000","2687.0000","2687.0000","2701.0000","2666.0000","2670.0000","2700.0000","2721.0000","2632.0000","2670.0000"," ","0.0000","0.0000","614900","1646541400","2677.7385"
"20190531","01","11","    26860","JP3536900008","640.0000","644.0000","640.0000","641.0000","641.0000","641.0000","639.0000","639.0000","640.0000","644.0000","639.0000","639.0000"," ","0.0000","0.0000","14400","9218300","640.1597"
"20190531","01","11","    26870","JP3346250008","693.0000","693.0000","688.0000","689.0000","684.0000","688.0000","682.0000","687.0000","693.0000","693.0000","682.0000","687.0000"," ","0.0000","0.0000","3900","2686200","688.7692"
"20190531","01","11","    26920","JP3143700007","4470.0000","4470.0000","4375.0000","4375.0000","4400.0000","4400.0000","4370.0000","4385.0000","4470.0000","4470.0000","4370.0000","4385.0000"," ","0.0000","0.0000","3800","16692500","4392.7632"
"20190531","01","11","    26950","JP3268200007","4145.0000","4240.0000","4140.0000","4230.0000","4230.0000","4265.0000","4220.0000","4225.0000","4145.0000","4265.0000","4140.0000","4225.0000"," ","0.0000","0.0000","154700","651707000","4212.7149"
"20190531","01","11","    26980","JP3244550004","1630.0000","1638.0000","1628.0000","1636.0000","1634.0000","1647.0000","1632.0000","1637.0000","1630.0000","1647.0000","1628.0000","1637.0000"," ","0.0000","0.0000","56500","92449200","1636.2690"
"20190531","01","11","    27150","JP3457690000","971.0000","985.0000","951.0000","966.0000","965.0000","983.0000","964.0000","975.0000","971.0000","985.0000","951.0000","975.0000"," ","0.0000","0.0000","32700","31711000","969.7554"
"20190531","01","11","    27260","JP3781650001","3280.0000","3280.0000","3225.0000","3270.0000","3280.0000","3330.0000","3265.0000","3290.0000","3280.0000","3330.0000","3225.0000","3290.0000"," ","0.0000","0.0000","56400","185525500","3289.4592"
"20190531","01","11","    27290","JP3390250003","2798.0000","2820.0000","2771.0000","2809.0000","2825.0000","2844.0000","2821.0000","2828.0000","2798.0000","2844.0000","2771.0000","2828.0000"," ","0.0000","0.0000","10100","28496600","2821.4455"
"20190531","01","11","    27300","JP3164470001","953.0000","957.0000","939.0000","947.0000","946.0000","950.0000","943.0000","946.0000","953.0000","957.0000","939.0000","946.0000"," ","0.0000","0.0000","261100","246857000","945.4500"
"20190531","01","11","    27330","JP3125100002","3810.0000","3820.0000","3745.0000","3770.0000","3770.0000","3780.0000","3755.0000","3760.0000","3810.0000","3820.0000","3745.0000","3760.0000"," ","0.0000","0.0000","43900","165503000","3770.0000"
"20190531","01","11","    27340","JP3310350008","565.0000","565.0000","556.0000","559.0000","558.0000","563.0000","557.0000","558.0000","565.0000","565.0000","556.0000","558.0000"," ","0.0000","0.0000","72800","40744700","559.6799"
"20190531","01","11","    27350","JP3993950009","696.0000","696.0000","686.0000","686.0000","686.0000","686.0000","679.0000","681.0000","696.0000","696.0000","679.0000","681.0000"," ","0.0000","0.0000","9900","6784300","685.2828"
"20190531","01","11","    27370","JP3553900006","2272.0000","2272.0000","2266.0000","2266.0000","2270.0000","2285.0000","2258.0000","2258.0000","2272.0000","2285.0000","2258.0000","2258.0000"," ","0.0000","0.0000","3300","7483200","2267.6364"
"20190531","01","11","    27420","JP3773750009","2245.0000","2245.0000","2199.0000","2199.0000","2193.0000","2193.0000","2167.0000","2185.0000","2245.0000","2245.0000","2167.0000","2185.0000"," ","0.0000","0.0000","6000","13133800","2188.9667"
"20190531","01","11","    27490","JP3386190007","279.0000","280.0000","277.0000","278.0000","278.0000","280.0000","277.0000","278.0000","279.0000","280.0000","277.0000","278.0000"," ","0.0000","0.0000","159200","44335200","278.4874"
"20190531","01","11","    27520","JP3807770007","2815.0000","2838.0000","2800.0000","2832.0000","2831.0000","2853.0000","2830.0000","2853.0000","2815.0000","2853.0000","2800.0000","2853.0000"," ","0.0000","0.0000","28600","81110000","2836.0140"
"20190531","01","11","    27530","JP3124450002","3390.0000","3390.0000","3330.0000","3345.0000","3345.0000","3345.0000","3320.0000","3320.0000","3390.0000","3390.0000","3320.0000","3320.0000"," ","0.0000","0.0000","8600","28730000","3340.6977"
"20190531","01","11","    27600","JP3571600000","1840.0000","1840.0000","1810.0000","1823.0000","1844.0000","1844.0000","1809.0000","1816.0000","1840.0000","1844.0000","1809.0000","1816.0000"," ","0.0000","0.0000","11000","19997800","1817.9818"
"20190531","01","11","    27640","JP3796000002","337.0000","339.0000","335.0000","336.0000","335.0000","338.0000","335.0000","336.0000","337.0000","339.0000","335.0000","336.0000"," ","0.0000","0.0000","43000","14455800","336.1814"
"20190531","01","11","    27670","JP3802680003","548.0000","548.0000","535.0000","540.0000","539.0000","539.0000","532.0000","535.0000","548.0000","548.0000","532.0000","535.0000"," ","0.0000","0.0000","131200","70478200","537.1814"
"20190531","01","11","    27680","JP3663900003","352.0000","352.0000","349.0000","352.0000","352.0000","352.0000","349.0000","349.0000","352.0000","352.0000","349.0000","349.0000"," ","0.0000","0.0000","6019500","2107353800","350.0878"
"20190531","01","11","    27840","JP3126340003","2715.0000","2748.0000","2711.0000","2740.0000","2740.0000","2749.0000","2732.0000","2735.0000","2715.0000","2749.0000","2711.0000","2735.0000"," ","0.0000","0.0000","579000","1583737500","2735.2979"
"20190531","01","11","    27910","JP3483050005","3465.0000","3465.0000","3440.0000","3460.0000","3460.0000","3465.0000","3440.0000","3450.0000","3465.0000","3465.0000","3440.0000","3450.0000"," ","0.0000","0.0000","16200","55905000","3450.9259"
"20190531","01","11","    27920","JP3770080004","988.0000","989.0000","973.0000","988.0000","985.0000","985.0000","975.0000","976.0000","988.0000","989.0000","973.0000","976.0000"," ","0.0000","0.0000","140600","137897200","980.7767"
"20190531","01","11","    27960","JP3802320006","526.0000","526.0000","517.0000","517.0000","517.0000","519.0000","512.0000","513.0000","526.0000","526.0000","512.0000","513.0000"," ","0.0000","0.0000","7400","3825300","516.9324"
"20190531","01","11","    28010","JP3240400006","4585.0000","4610.0000","4490.0000","4550.0000","4555.0000","4575.0000","4490.0000","4505.0000","4585.0000","4610.0000","4490.0000","4505.0000"," ","0.0000","0.0000","1078900","4884915500","4527.6814"
"20190531","01","11","    28020","JP3119600009","1871.5000","1884.5000","1862.0000","1865.5000","1866.0000","1871.5000","1840.5000","1847.0000","1871.5000","1884.5000","1840.5000","1847.0000"," ","0.0000","0.0000","1908500","3545801150","1857.8995"
"20190531","01","11","    28090","JP3244800003","2446.0000","2449.0000","2417.0000","2428.0000","2430.0000","2444.0000","2426.0000","2431.0000","2446.0000","2449.0000","2417.0000","2431.0000"," ","0.0000","0.0000","293600","714121900","2432.2953"
"20190531","01","11","    28100","JP3765400001","4440.0000","4495.0000","4430.0000","4460.0000","4460.0000","4465.0000","4425.0000","4425.0000","4440.0000","4495.0000","4425.0000","4425.0000"," ","0.0000","0.0000","154400","686771000","4447.9987"
"20190531","01","11","    28110","JP3208200000","2531.0000","2552.0000","2522.0000","2528.0000","2525.0000","2546.0000","2523.0000","2539.0000","2531.0000","2552.0000","2522.0000","2539.0000"," ","0.0000","0.0000","266900","676501100","2534.6613"
"20190531","01","11","    28120","JP3930100007","1093.0000","1093.0000","1086.0000","1090.0000","1090.0000","1092.0000","1085.0000","1090.0000","1093.0000","1093.0000","1085.0000","1090.0000"," ","0.0000","0.0000","7800","8499500","1089.6795"
"20190531","01","11","    28150","JP3125800007","7170.0000","7260.0000","7080.0000","7110.0000","7100.0000","7110.0000","7030.0000","7030.0000","7170.0000","7260.0000","7030.0000","7030.0000"," ","0.0000","0.0000","105600","748409000","7087.2064"
"20190531","01","11","    28180","JP3801590005","1592.0000","1592.0000","1592.0000","1592.0000","1599.0000","1599.0000","1592.0000","1599.0000","1592.0000","1599.0000","1592.0000","1599.0000"," ","0.0000","0.0000","1100","1756100","1596.4545"
"20190531","01","11","    28190","JP3165930003","2124.0000","2124.0000","2100.0000","2102.0000","2105.0000","2113.0000","2105.0000","2108.0000","2124.0000","2124.0000","2100.0000","2108.0000"," ","0.0000","0.0000","3500","7376000","2107.4286"
"20190531","01","11","    28710","JP3665200006","2685.0000","2698.0000","2666.0000","2680.0000","2677.0000","2685.0000","2654.0000","2654.0000","2685.0000","2698.0000","2654.0000","2654.0000"," ","0.0000","0.0000","792700","2118806900","2672.8988"
"20190531","01","11","    28740","JP3957000007","954.0000","954.0000","942.0000","942.0000","941.0000","948.0000","941.0000","948.0000","954.0000","954.0000","941.0000","948.0000"," ","0.0000","0.0000","79900","75536600","945.3892"
"20190531","01","11","    28750","JP3613000003","4270.0000","4280.0000","4155.0000","4220.0000","4215.0000","4250.0000","4215.0000","4240.0000","4270.0000","4280.0000","4155.0000","4240.0000"," ","0.0000","0.0000","1069600","4515409000","4221.5866"
"20190531","01","11","    28820","JP3130740008","1626.0000","1626.0000","1620.0000","1620.0000","1620.0000","1622.0000","1615.0000","1618.0000","1626.0000","1626.0000","1615.0000","1618.0000"," ","0.0000","0.0000","5100","8256600","1618.9412"
"20190531","01","11","    28830","JP3500150002","1782.0000","1793.0000","1782.0000","1785.0000","1782.0000","1785.0000","1778.0000","1785.0000","1782.0000","1793.0000","1778.0000","1785.0000"," ","0.0000","0.0000","1800","3208600","1782.5556"
"20190531","01","11","    28840","JP3958400008","894.0000","894.0000","853.0000","885.0000","883.0000","899.0000","867.0000","869.0000","894.0000","899.0000","853.0000","869.0000"," ","0.0000","0.0000","255700","223920300","875.7149"
"20190531","01","11","    28970","JP3675600005","6500.0000","6600.0000","6480.0000","6590.0000","6600.0000","6620.0000","6550.0000","6580.0000","6500.0000","6620.0000","6480.0000","6580.0000"," ","0.0000","0.0000","304900","2002612000","6568.0945"
"20190531","01","11","    28990","JP3648200008","2147.0000","2149.0000","2120.0000","2121.0000","2126.0000","2155.0000","2126.0000","2143.0000","2147.0000","2155.0000","2120.0000","2143.0000"," ","0.0000","0.0000","10900","23331300","2140.4862"
"20190531","01","11","    29040","JP3142200009","1133.0000","1133.0000","1125.0000","1125.0000","1126.0000","1130.0000","1116.0000","1116.0000","1133.0000","1133.0000","1116.0000","1116.0000"," ","0.0000","0.0000","24600","27792000","1129.7561"
"20190531","01","11","    29080","JP3818700001","2151.0000","2153.0000","2134.0000","2141.0000","2145.0000","2150.0000","2132.0000","2140.0000","2151.0000","2153.0000","2132.0000","2140.0000"," ","0.0000","0.0000","19800","42404100","2141.6212"
"20190531","01","11","    29100","JP3984200000","1596.0000","1615.0000","1582.0000","1591.0000","1593.0000","1594.0000","1582.0000","1584.0000","1596.0000","1615.0000","1582.0000","1584.0000"," ","0.0000","0.0000","88700","140970000","1589.2897"
"20190531","01","11","    29140","JP3726800000","2503.5000","2508.0000","2494.0000","2499.5000","2500.0000","2502.0000","2490.0000","2492.5000","2503.5000","2508.0000","2490.0000","2492.5000"," ","0.0000","0.0000","5224600","13045026750","2496.8470"
"20190531","01","11","    29150","JP3281850002","2395.0000","2395.0000","2341.0000","2388.0000","2387.0000","2406.0000","2364.0000","2371.0000","2395.0000","2406.0000","2341.0000","2371.0000"," ","0.0000","0.0000","21700","51525800","2374.4608"
"20190531","01","11","    29180","JP3994400004","1679.0000","1679.0000","1630.0000","1650.0000","1650.0000","1650.0000","1626.0000","1639.0000","1679.0000","1679.0000","1626.0000","1639.0000"," ","0.0000","0.0000","66400","108848100","1639.2786"
"20190531","01","11","    29220","JP3651060000","1564.0000","1564.0000","1534.0000","1541.0000","1548.0000","1562.0000","1547.0000","1552.0000","1564.0000","1564.0000","1534.0000","1552.0000"," ","0.0000","0.0000","15200","23551300","1549.4276"
"20190531","01","11","    29240","JP3148950003","671.0000","671.0000","663.0000","663.0000","660.0000","661.0000","660.0000","661.0000","671.0000","671.0000","660.0000","661.0000"," ","0.0000","0.0000","1400","927700","662.6429"
"20190531","01","11","    29250","JP3801800008","1913.0000","1916.0000","1900.0000","1916.0000","1904.0000","1915.0000","1903.0000","1912.0000","1913.0000","1916.0000","1900.0000","1912.0000"," ","0.0000","0.0000","5100","9735000","1908.8235"
"20190531","01","11","    29300","JP3240100002","581.0000","601.0000","567.0000","592.0000","595.0000","601.0000","569.0000","570.0000","581.0000","601.0000","567.0000","570.0000"," ","0.0000","0.0000","4560900","2663067300","583.8907"
"20190531","01","11","    29310","JP3944370000","850.0000","851.0000","815.0000","839.0000","840.0000","849.0000","838.0000","843.0000","850.0000","851.0000","815.0000","843.0000"," ","0.0000","0.0000","1031200","865273200","839.0935"
"20190531","01","11","    29710","JP3048810000","104900.0000","105100.0000","104100.0000","104500.0000","104500.0000","104800.0000","104500.0000","104500.0000","104900.0000","105100.0000","104100.0000","104500.0000"," ","0.0000","0.0000","2465","257962200","104649.9797"
"20190531","01","11","    29720","JP3048880003","107300.0000","107900.0000","106800.0000","106800.0000","106800.0000","108100.0000","106700.0000","107600.0000","107300.0000","108100.0000","106700.0000","107600.0000"," ","0.0000","0.0000","1786","191646500","107304.8712"
"20190531","01","11","    30010","JP3211400001","1190.0000","1191.0000","1181.0000","1188.0000","1197.0000","1202.0000","1191.0000","1201.0000","1190.0000","1202.0000","1181.0000","1201.0000"," ","0.0000","0.0000","15900","19012400","1195.7484"
"20190531","01","11","    30020","JP3275200008","4630.0000","4630.0000","4510.0000","4545.0000","4545.0000","4565.0000","4525.0000","4545.0000","4630.0000","4630.0000","4510.0000","4545.0000"," ","0.0000","0.0000","74100","337561000","4555.4791"
"20190531","01","11","    30030","JP3360800001","860.0000","870.0000","860.0000","870.0000","869.0000","874.0000","862.0000","862.0000","860.0000","874.0000","860.0000","862.0000"," ","0.0000","0.0000","1358000","1174374100","864.7821"
"20190531","01","11","    30040","JP3370400008","740.0000","755.0000","740.0000","745.0000","755.0000","755.0000","744.0000","744.0000","740.0000","755.0000","740.0000","744.0000"," ","0.0000","0.0000","5300","3949700","745.2264"
"20190531","01","11","    30230","JP3967450002","777.0000","777.0000","771.0000","772.0000","773.0000","774.0000","765.0000","769.0000","777.0000","777.0000","765.0000","769.0000"," ","0.0000","0.0000","17000","13100000","770.5882"
"20190531","01","11","    30280","JP3126470008","1625.0000","1631.0000","1616.0000","1624.0000","1621.0000","1627.0000","1618.0000","1619.0000","1625.0000","1631.0000","1616.0000","1619.0000"," ","0.0000","0.0000","98000","159076700","1623.2316"
"20190531","01","11","    30300","JP3770350001","1286.0000","1286.0000","1261.0000","1285.0000","1285.0000","1298.0000","1266.0000","1273.0000","1286.0000","1298.0000","1261.0000","1273.0000"," ","0.0000","0.0000","12100","15483100","1279.5950"
"20190531","01","11","    30310","JP3967050000","639.0000","643.0000","632.0000","641.0000","640.0000","645.0000","636.0000","639.0000","639.0000","645.0000","632.0000","639.0000"," ","0.0000","0.0000","62900","40195800","639.0429"
"20190531","01","11","    30340","JP3266160005","1457.0000","1482.0000","1457.0000","1461.0000","1463.0000","1473.0000","1438.0000","1441.0000","1457.0000","1482.0000","1438.0000","1441.0000"," ","0.0000","0.0000","138600","201430200","1453.3203"
"20190531","01","11","    30360","JP3126210008","1374.0000","1385.0000","1307.0000","1324.0000","1338.0000","1373.0000","1333.0000","1348.0000","1374.0000","1385.0000","1307.0000","1348.0000"," ","0.0000","0.0000","320100","430872000","1346.0544"
"20190531","01","11","    30380","JP3291200008","4975.0000","5030.0000","4925.0000","5000.0000","5000.0000","5040.0000","4990.0000","4995.0000","4975.0000","5040.0000","4925.0000","4995.0000"," ","0.0000","0.0000","358600","1787220500","4983.8832"
"20190531","01","11","    30400","JP3436300002","966.0000","966.0000","948.0000","957.0000","950.0000","960.0000","942.0000","949.0000","966.0000","966.0000","942.0000","949.0000"," ","0.0000","0.0000","16000","15238200","952.3875"
"20190531","01","11","    30460","JP3386110005","6490.0000","6530.0000","6460.0000","6500.0000","6490.0000","6500.0000","6440.0000","6460.0000","6490.0000","6530.0000","6440.0000","6460.0000"," ","0.0000","0.0000","28000","181164000","6470.1429"
"20190531","01","11","    30480","JP3800390001","1152.0000","1154.0000","1141.0000","1150.0000","1150.0000","1150.0000","1131.0000","1132.0000","1152.0000","1154.0000","1131.0000","1132.0000"," ","0.0000","0.0000","503900","574757300","1140.6178"
"20190531","01","11","    30500","JP3548660004","1079.0000","1087.0000","1078.0000","1081.0000","1081.0000","1084.0000","1080.0000","1083.0000","1079.0000","1087.0000","1078.0000","1083.0000"," ","0.0000","0.0000","213000","230486400","1082.0958"
"20190531","01","11","    30530","JP3836400006","1938.0000","1993.0000","1906.0000","1929.0000","1920.0000","1945.0000","1919.0000","1928.0000","1938.0000","1993.0000","1906.0000","1928.0000"," ","0.0000","0.0000","123500","239868000","1942.2510"
"20190531","01","11","    30640","JP3922950005","2290.0000","2352.0000","2269.0000","2327.0000","2323.0000","2343.0000","2319.0000","2321.0000","2290.0000","2352.0000","2269.0000","2321.0000"," ","0.0000","0.0000","1894300","4402729100","2324.1984"
"20190531","01","11","    30670","JP3570800007","602.0000","602.0000","599.0000","599.0000","602.0000","602.0000","600.0000","601.0000","602.0000","602.0000","599.0000","601.0000"," ","0.0000","0.0000","2000","1202200","601.1000"
"20190531","01","11","    30730","JP3499650004","1979.0000","1979.0000","1910.0000","1936.0000","1925.0000","1935.0000","1903.0000","1903.0000","1979.0000","1979.0000","1903.0000","1903.0000"," ","0.0000","0.0000","18300","35141500","1920.3005"
"20190531","01","11","    30760","JP3105090009","1733.0000","1733.0000","1695.0000","1697.0000","1704.0000","1723.0000","1693.0000","1696.0000","1733.0000","1733.0000","1693.0000","1696.0000"," ","0.0000","0.0000","116400","198378800","1704.2852"
"20190531","01","11","    30790","JP3548710007","796.0000","798.0000","791.0000","794.0000","794.0000","800.0000","792.0000","793.0000","796.0000","800.0000","791.0000","793.0000"," ","0.0000","0.0000","14100","11203100","794.5461"
"20190531","01","11","    30820","JP3240300008","745.0000","747.0000","738.0000","738.0000","737.0000","742.0000","735.0000","741.0000","745.0000","747.0000","735.0000","741.0000"," ","0.0000","0.0000","5700","4222000","740.7018"
"20190531","01","11","    30850","JP3100090004","1915.0000","1915.0000","1892.0000","1905.0000","1920.0000","1934.0000","1911.0000","1917.0000","1915.0000","1934.0000","1892.0000","1917.0000"," ","0.0000","0.0000","154400","295346400","1912.8653"
"20190531","01","11","    30860","JP3386380004","1161.0000","1165.0000","1147.0000","1149.0000","1147.0000","1149.0000","1131.0000","1135.0000","1161.0000","1165.0000","1131.0000","1135.0000"," ","0.0000","0.0000","1586000","1812576900","1142.8606"
"20190531","01","11","    30870","JP3639100001","2081.0000","2094.0000","2071.0000","2086.0000","2089.0000","2099.0000","2085.0000","2093.0000","2081.0000","2099.0000","2071.0000","2093.0000"," ","0.0000","0.0000","114800","239797800","2088.8310"
"20190531","01","11","    30880","JP3869010003","3210.0000","3240.0000","3195.0000","3230.0000","3220.0000","3225.0000","3200.0000","3205.0000","3210.0000","3240.0000","3195.0000","3205.0000"," ","0.0000","0.0000","442600","1422655500","3214.3143"
"20190531","01","11","    30910","JP3831550003","2230.0000","2230.0000","2205.0000","2218.0000","2216.0000","2216.0000","2203.0000","2204.0000","2230.0000","2230.0000","2203.0000","2204.0000"," ","0.0000","0.0000","50600","111929000","2212.0356"
"20190531","01","11","    30920","JP3399310006","1822.0000","1864.0000","1815.0000","1858.0000","1858.0000","1880.0000","1852.0000","1868.0000","1822.0000","1880.0000","1815.0000","1868.0000"," ","0.0000","0.0000","7425300","13768695200","1854.2948"
"20190531","01","11","    30930","JP3637270004","690.0000","690.0000","671.0000","680.0000","679.0000","681.0000","676.0000","679.0000","690.0000","690.0000","671.0000","679.0000"," ","0.0000","0.0000","10200","6932600","679.6667"
"20190531","01","11","    30970","JP3922930007","8670.0000","8710.0000","8560.0000","8650.0000","8630.0000","8730.0000","8610.0000","8650.0000","8670.0000","8730.0000","8560.0000","8650.0000"," ","0.0000","0.0000","60900","526351000","8642.8736"
"20190531","01","11","    30980","JP3297330007","4215.0000","4280.0000","4205.0000","4240.0000","4235.0000","4245.0000","4210.0000","4210.0000","4215.0000","4280.0000","4205.0000","4210.0000"," ","0.0000","0.0000","53700","226996000","4227.1136"
"20190531","01","11","    30990","JP3894900004","904.0000","908.0000","897.0000","905.0000","905.0000","909.0000","896.0000","898.0000","904.0000","909.0000","896.0000","898.0000"," ","0.0000","0.0000","1615100","1455321100","901.0718"
"20190531","01","11","    31010","JP3619800000","1184.0000","1184.0000","1168.0000","1172.0000","1172.0000","1178.0000","1168.0000","1174.0000","1184.0000","1184.0000","1168.0000","1174.0000"," ","0.0000","0.0000","620000","727622900","1173.5853"
"20190531","01","11","    31030","JP3951200009","353.0000","353.0000","347.0000","350.0000","347.0000","351.0000","345.0000","346.0000","353.0000","353.0000","345.0000","346.0000"," ","0.0000","0.0000","637900","222373900","348.6031"
"20190531","01","11","    31040","JP3820800005","2332.0000","2332.0000","2289.0000","2289.0000","2296.0000","2303.0000","2277.0000","2281.0000","2332.0000","2332.0000","2277.0000","2281.0000"," ","0.0000","0.0000","21400","49122800","2295.4579"
"20190531","01","11","    31050","JP3678000005","770.0000","771.0000","753.0000","756.0000","759.0000","761.0000","752.0000","754.0000","770.0000","771.0000","752.0000","754.0000"," ","0.0000","0.0000","990100","749373800","756.8668"
"20190531","01","11","    31060","JP3268800004","1931.0000","1931.0000","1893.0000","1916.0000","1920.0000","1922.0000","1902.0000","1906.0000","1931.0000","1931.0000","1893.0000","1906.0000"," ","0.0000","0.0000","28100","53678600","1910.2705"
"20190531","01","11","    31070","JP3505400006","4640.0000","4675.0000","4555.0000","4595.0000","4595.0000","4600.0000","4545.0000","4555.0000","4640.0000","4675.0000","4545.0000","4555.0000"," ","0.0000","0.0000","162200","743547500","4584.1400"
"20190531","01","11","    31090","JP3348400007","925.0000","931.0000","923.0000","923.0000","926.0000","930.0000","925.0000","928.0000","925.0000","931.0000","923.0000","928.0000"," ","0.0000","0.0000","18000","16670800","926.1556"
"20190531","01","11","    31100","JP3684400009","1992.0000","1992.0000","1960.0000","1990.0000","1984.0000","1986.0000","1970.0000","1972.0000","1992.0000","1992.0000","1960.0000","1972.0000"," ","0.0000","0.0000","36400","71952300","1976.7115"
"20190531","01","11","    31160","JP3635400009","1373.0000","1376.0000","1337.0000","1344.0000","1344.0000","1344.0000","1325.0000","1332.0000","1373.0000","1376.0000","1325.0000","1332.0000"," ","0.0000","0.0000","662000","887720600","1340.9677"
"20190531","01","11","    31320","JP3862960006","1268.0000","1289.0000","1262.0000","1284.0000","1286.0000","1287.0000","1273.0000","1274.0000","1268.0000","1289.0000","1262.0000","1274.0000"," ","0.0000","0.0000","235100","300554400","1278.4109"
"20190531","01","11","    31340","JP3772000000","656.0000","665.0000","649.0000","658.0000","659.0000","667.0000","651.0000","651.0000","656.0000","667.0000","649.0000","651.0000"," ","0.0000","0.0000","115300","75787100","657.3036"
"20190531","01","11","    31390","JP3967250006","4150.0000","4210.0000","4105.0000","4200.0000","4190.0000","4200.0000","4105.0000","4110.0000","4150.0000","4210.0000","4105.0000","4110.0000"," ","0.0000","0.0000","54700","226709000","4144.5887"
"20190531","01","11","    31410","JP3274280001","3850.0000","3890.0000","3805.0000","3840.0000","3835.0000","3850.0000","3785.0000","3810.0000","3850.0000","3890.0000","3785.0000","3810.0000"," ","0.0000","0.0000","440000","1682121500","3823.0034"
"20190531","01","11","    31480","JP3269940007","2338.0000","2379.0000","2334.0000","2353.0000","2350.0000","2357.0000","2346.0000","2351.0000","2338.0000","2379.0000","2334.0000","2351.0000"," ","0.0000","0.0000","112100","263639400","2351.8234"
"20190531","01","11","    31510","JP3778280002","1043.0000","1049.0000","1039.0000","1044.0000","1048.0000","1050.0000","1040.0000","1040.0000","1043.0000","1050.0000","1039.0000","1040.0000"," ","0.0000","0.0000","78500","81891600","1043.2051"
"20190531","01","11","    31530","JP3931700003","814.0000","814.0000","803.0000","805.0000","804.0000","804.0000","798.0000","798.0000","814.0000","814.0000","798.0000","798.0000"," ","0.0000","0.0000","23200","18629200","802.9828"
"20190531","01","11","    31540","JP3254190006","734.0000","734.0000","731.0000","733.0000","733.0000","733.0000","720.0000","720.0000","734.0000","734.0000","720.0000","720.0000"," ","0.0000","0.0000","26400","19232100","728.4886"
"20190531","01","11","    31560","JP3944360001","1506.0000","1518.0000","1486.0000","1509.0000","1506.0000","1511.0000","1494.0000","1494.0000","1506.0000","1518.0000","1486.0000","1494.0000"," ","0.0000","0.0000","102000","153257200","1502.5216"
"20190531","01","11","    31570","JP3390360000","925.0000","925.0000","925.0000","925.0000","925.0000","925.0000","916.0000","918.0000","925.0000","925.0000","916.0000","918.0000"," ","0.0000","0.0000","1800","1654500","919.1667"
"20190531","01","11","    31590","JP3346330008","375.0000","376.0000","375.0000","375.0000","375.0000","375.0000","374.0000","375.0000","375.0000","376.0000","374.0000","375.0000"," ","0.0000","0.0000","23400","8771600","374.8547"
"20190531","01","11","    31600","JP3190430003","667.0000","667.0000","651.0000","651.0000","651.0000","652.0000","635.0000","637.0000","667.0000","667.0000","635.0000","637.0000"," ","0.0000","0.0000","20300","13210100","650.7438"
"20190531","01","11","    31660","JP3196630002","1127.0000","1127.0000","1116.0000","1116.0000","1115.0000","1121.0000","1112.0000","1116.0000","1127.0000","1127.0000","1112.0000","1116.0000"," ","0.0000","0.0000","2600","2902300","1116.2692"
"20190531","01","11","    31670","JP3552260006","891.0000","893.0000","883.0000","887.0000","885.0000","890.0000","883.0000","885.0000","891.0000","893.0000","883.0000","885.0000"," ","0.0000","0.0000","212400","188258300","886.3385"
"20190531","01","11","    31680","JP3272780002","442.0000","444.0000","434.0000","442.0000","439.0000","442.0000","439.0000","442.0000","442.0000","444.0000","434.0000","442.0000"," ","0.0000","0.0000","10700","4697800","439.0467"
"20190531","01","11","    31690","JP3883750006","407.0000","407.0000","404.0000","404.0000","404.0000","405.0000","403.0000","405.0000","407.0000","407.0000","403.0000","405.0000"," ","0.0000","0.0000","6800","2750000","404.4118"
"20190531","01","11","    31720","JP3539050009","859.0000","860.0000","857.0000","857.0000","857.0000","859.0000","855.0000","855.0000","859.0000","860.0000","855.0000","855.0000"," ","0.0000","0.0000","3300","2828600","857.1515"
"20190531","01","11","    31730","JP3181400007","857.0000","857.0000","851.0000","851.0000","850.0000","852.0000","848.0000","848.0000","857.0000","857.0000","848.0000","848.0000"," ","0.0000","0.0000","4300","3657600","850.6047"
"20190531","01","11","    31750","JP3160620005","429.0000","430.0000","427.0000","428.0000","428.0000","431.0000","427.0000","431.0000","429.0000","431.0000","427.0000","431.0000"," ","0.0000","0.0000","8800","3772500","428.6932"
"20190531","01","11","    31760","JP3342500000","2217.0000","2217.0000","2186.0000","2203.0000","2203.0000","2205.0000","2189.0000","2201.0000","2217.0000","2217.0000","2186.0000","2201.0000"," ","0.0000","0.0000","18500","40692600","2199.6000"
"20190531","01","11","    31780","JP3512720008","2508.0000","2508.0000","2481.0000","2488.0000","2479.0000","2501.0000","2479.0000","2480.0000","2508.0000","2508.0000","2479.0000","2480.0000"," ","0.0000","0.0000","10400","25860600","2486.5962"
"20190531","01","11","    31790","JP3359940008","845.0000","854.0000","841.0000","849.0000","849.0000","853.0000","845.0000","846.0000","845.0000","854.0000","841.0000","846.0000"," ","0.0000","0.0000","95200","80572500","846.3498"
"20190531","01","11","    31800","JP3800480000","1290.0000","1290.0000","1251.0000","1262.0000","1262.0000","1275.0000","1237.0000","1273.0000","1290.0000","1290.0000","1237.0000","1273.0000"," ","0.0000","0.0000","18200","22870700","1256.6319"
"20190531","01","11","    31830","JP3154390003","1047.0000","1047.0000","1032.0000","1040.0000","1051.0000","1056.0000","1046.0000","1050.0000","1047.0000","1056.0000","1032.0000","1050.0000"," ","0.0000","0.0000","18100","18902100","1044.3149"
"20190531","01","11","    31860","JP3758210003","1133.0000","1134.0000","1108.0000","1110.0000","1113.0000","1120.0000","1106.0000","1108.0000","1133.0000","1134.0000","1106.0000","1108.0000"," ","0.0000","0.0000","398600","444730100","1115.7303"
"20190531","01","11","    31910","JP3392920009","1239.0000","1246.0000","1229.0000","1235.0000","1233.0000","1245.0000","1231.0000","1233.0000","1239.0000","1246.0000","1229.0000","1233.0000"," ","0.0000","0.0000","289700","358239200","1236.5868"
"20190531","01","11","    31930","JP3635900008","1932.0000","1932.0000","1882.0000","1908.0000","1900.0000","1910.0000","1890.0000","1899.0000","1932.0000","1932.0000","1882.0000","1899.0000"," ","0.0000","0.0000","49100","93434600","1902.9450"
"20190531","01","11","    31940","JP3257900005","1631.0000","1634.0000","1597.0000","1604.0000","1601.0000","1610.0000","1591.0000","1605.0000","1631.0000","1634.0000","1591.0000","1605.0000"," ","0.0000","0.0000","31500","50518900","1603.7746"
"20190531","01","11","    31960","JP3851950000","1560.0000","1569.0000","1552.0000","1555.0000","1559.0000","1567.0000","1556.0000","1565.0000","1560.0000","1569.0000","1552.0000","1565.0000"," ","0.0000","0.0000","31100","48518200","1560.0707"
"20190531","01","11","    31970","JP3396210001","1950.0000","1959.0000","1929.0000","1933.0000","1932.0000","1939.0000","1918.0000","1918.0000","1950.0000","1959.0000","1918.0000","1918.0000"," ","0.0000","0.0000","2144300","4146538600","1933.7493"
"20190531","01","11","    31980","JP3162250009","1841.0000","1853.0000","1836.0000","1851.0000","1851.0000","1854.0000","1839.0000","1841.0000","1841.0000","1854.0000","1836.0000","1841.0000"," ","0.0000","0.0000","17400","32079800","1843.6667"
"20190531","01","11","    31990","JP3993830003","2423.0000","2423.0000","2353.0000","2374.0000","2373.0000","2373.0000","2333.0000","2334.0000","2423.0000","2423.0000","2333.0000","2334.0000"," ","0.0000","0.0000","15100","35674200","2362.5298"
"20190531","01","11","    32010","JP3700800000","833.0000","836.0000","827.0000","836.0000","836.0000","837.0000","830.0000","830.0000","833.0000","837.0000","827.0000","830.0000"," ","0.0000","0.0000","130800","108836800","832.0856"
"20190531","01","11","    32020","JP3487400008","82.0000","82.0000","81.0000","81.0000","81.0000","82.0000","81.0000","82.0000","82.0000","82.0000","81.0000","82.0000"," ","0.0000","0.0000","54600","4448900","81.4817"
"20190531","01","11","    32040","JP3552170007","440.0000","441.0000","440.0000","440.0000","442.0000","442.0000","439.0000","440.0000","440.0000","442.0000","439.0000","440.0000"," ","0.0000","0.0000","3700","1629100","440.2973"
"20190531","01","11","    32050","JP3488600002","313.0000","313.0000","312.0000","312.0000","312.0000","313.0000","312.0000","312.0000","313.0000","313.0000","312.0000","312.0000"," ","0.0000","0.0000","13500","4217300","312.3926"
"20190531","01","11","    32210","JP3957600004","2453.0000","2468.0000","2385.0000","2397.0000","2402.0000","2424.0000","2394.0000","2406.0000","2453.0000","2468.0000","2385.0000","2406.0000"," ","0.0000","0.0000","59800","144193000","2411.2542"
"20190531","01","11","    32220","JP3949450005","944.0000","945.0000","929.0000","933.0000","933.0000","935.0000","930.0000","933.0000","944.0000","945.0000","929.0000","933.0000"," ","0.0000","0.0000","188400","175933700","933.8307"
"20190531","01","11","    32260","JP3046440008","577000.0000","580000.0000","575000.0000","578000.0000","577000.0000","580000.0000","573000.0000","573000.0000","577000.0000","580000.0000","573000.0000","573000.0000"," ","0.0000","0.0000","1489","857907000","576163.1968"
"20190531","01","11","    32270","JP3046450007","105400.0000","106400.0000","104900.0000","105500.0000","105400.0000","105600.0000","104300.0000","104300.0000","105400.0000","106400.0000","104300.0000","104300.0000"," ","0.0000","0.0000","6755","710230000","105141.3768"
"20190531","01","11","    32280","JP3324700008","1472.0000","1472.0000","1455.0000","1465.0000","1465.0000","1469.0000","1458.0000","1465.0000","1472.0000","1472.0000","1455.0000","1465.0000"," ","0.0000","0.0000","21700","31762500","1463.7097"
"20190531","01","11","    32310","JP3762900003","2247.0000","2277.0000","2228.0000","2250.0000","2250.0000","2253.0000","2230.0000","2234.0000","2247.0000","2277.0000","2228.0000","2234.0000"," ","0.0000","0.0000","570200","1277823900","2241.0100"
"20190531","01","11","    32320","JP3332510001","595.0000","597.0000","589.0000","591.0000","591.0000","591.0000","585.0000","591.0000","595.0000","597.0000","585.0000","591.0000"," ","0.0000","0.0000","143300","84593900","590.3273"
"20190531","01","11","    32340","JP3046470005","150600.0000","151500.0000","150500.0000","150700.0000","150500.0000","151100.0000","149400.0000","149500.0000","150600.0000","151500.0000","149400.0000","149500.0000"," ","0.0000","0.0000","7853","1180426200","150315.3190"
"20190531","01","11","    32440","JP3322970009","1477.0000","1494.0000","1415.0000","1448.0000","1446.0000","1447.0000","1419.0000","1423.0000","1477.0000","1494.0000","1415.0000","1423.0000"," ","0.0000","0.0000","704700","1022290100","1450.6742"
"20190531","01","11","    32450","JP3548720006","419.0000","420.0000","417.0000","419.0000","419.0000","420.0000","418.0000","418.0000","419.0000","420.0000","417.0000","418.0000"," ","0.0000","0.0000","201100","84188500","418.6400"
"20190531","01","11","    32460","JP3283670002","745.0000","751.0000","745.0000","751.0000","751.0000","755.0000","748.0000","755.0000","745.0000","755.0000","745.0000","755.0000"," ","0.0000","0.0000","10600","7954700","750.4434"
"20190531","01","11","    32490","JP3046500009","130600.0000","131400.0000","130300.0000","130400.0000","130300.0000","130700.0000","130100.0000","130100.0000","130600.0000","131400.0000","130100.0000","130100.0000"," ","0.0000","0.0000","11058","1443114200","130504.0875"
"20190531","01","11","    32500","JP3160580001","35.0000","35.0000","34.0000","34.0000","34.0000","34.0000","33.0000","33.0000","35.0000","35.0000","33.0000","33.0000"," ","0.0000","0.0000","29124800","1012504900","34.7644"
"20190531","01","11","    32520","JP3714200007","1470.0000","1470.0000","1457.0000","1466.0000","1467.0000","1468.0000","1455.0000","1458.0000","1470.0000","1470.0000","1455.0000","1458.0000"," ","0.0000","0.0000","21100","30833300","1461.2938"
"20190531","01","11","    32540","JP3833300001","1365.0000","1381.0000","1364.0000","1372.0000","1375.0000","1378.0000","1363.0000","1365.0000","1365.0000","1381.0000","1363.0000","1365.0000"," ","0.0000","0.0000","131400","180004900","1369.9003"
"20190531","01","11","    32580","JP3394400000","1888.0000","1893.0000","1855.0000","1879.0000","1879.0000","1879.0000","1852.0000","1857.0000","1888.0000","1893.0000","1852.0000","1857.0000"," ","0.0000","0.0000","294000","549938600","1870.5395"
"20190531","01","11","    32690","JP3047160001","315000.0000","317000.0000","315000.0000","316500.0000","316000.0000","317000.0000","313500.0000","314000.0000","315000.0000","317000.0000","313500.0000","314000.0000"," ","0.0000","0.0000","3164","997399000","315233.5651"
"20190531","01","11","    32710","JP3345720001","617.0000","625.0000","604.0000","604.0000","606.0000","607.0000","593.0000","593.0000","617.0000","625.0000","593.0000","593.0000"," ","0.0000","0.0000","247300","150083600","606.8888"
"20190531","01","11","    32760","JP3695050009","1094.0000","1118.0000","1092.0000","1114.0000","1113.0000","1127.0000","1108.0000","1109.0000","1094.0000","1127.0000","1092.0000","1109.0000"," ","0.0000","0.0000","211400","234474700","1109.1518"
"20190531","01","11","    32770","JP3335000000","717.0000","719.0000","710.0000","714.0000","715.0000","719.0000","711.0000","713.0000","717.0000","719.0000","710.0000","713.0000"," ","0.0000","0.0000","25000","17862500","714.5000"
"20190531","01","11","    32780","JP3047480003","186800.0000","187400.0000","185500.0000","185800.0000","185700.0000","186300.0000","185100.0000","185300.0000","186800.0000","187400.0000","185100.0000","185300.0000"," ","0.0000","0.0000","3288","611459700","185967.0620"
"20190531","01","11","    32790","JP3047490002","475000.0000","476500.0000","472500.0000","473500.0000","473000.0000","473500.0000","469000.0000","469500.0000","475000.0000","476500.0000","469000.0000","469500.0000"," ","0.0000","0.0000","3516","1660979500","472406.0011"
"20190531","01","11","    32800","JP3163350006","710.0000","710.0000","703.0000","705.0000","709.0000","709.0000","700.0000","700.0000","710.0000","710.0000","700.0000","700.0000"," ","0.0000","0.0000","2900","2048900","706.5172"
"20190531","01","11","    32810","JP3047510007","123000.0000","123700.0000","121900.0000","121900.0000","121600.0000","122300.0000","118900.0000","120800.0000","123000.0000","123700.0000","118900.0000","120800.0000"," ","0.0000","0.0000","18290","2223501400","121569.2400"
"20190531","01","11","    32820","JP3047540004","300000.0000","302000.0000","299100.0000","299600.0000","299400.0000","300000.0000","297100.0000","297500.0000","300000.0000","302000.0000","297100.0000","297500.0000"," ","0.0000","0.0000","2336","698206100","298889.5976"
"20190531","01","11","    32830","JP3047550003","237900.0000","239500.0000","236900.0000","237600.0000","237500.0000","238200.0000","236100.0000","236100.0000","237900.0000","239500.0000","236100.0000","236100.0000"," ","0.0000","0.0000","9068","2149664000","237060.4323"
"20190531","01","11","    32840","JP3802060008","589.0000","598.0000","589.0000","596.0000","593.0000","600.0000","592.0000","592.0000","589.0000","600.0000","589.0000","592.0000"," ","0.0000","0.0000","374700","222671900","594.2671"
"20190531","01","11","    32870","JP3047610005","555000.0000","556000.0000","553000.0000","553000.0000","554000.0000","555000.0000","552000.0000","554000.0000","555000.0000","556000.0000","552000.0000","554000.0000"," ","0.0000","0.0000","836","463226000","554098.0861"
"20190531","01","11","    32880","JP3173540000","4515.0000","4585.0000","4475.0000","4575.0000","4550.0000","4565.0000","4480.0000","4485.0000","4515.0000","4585.0000","4475.0000","4485.0000"," ","0.0000","0.0000","424800","1923808500","4528.7394"
"20190531","01","11","    32890","JP3569200003","605.0000","614.0000","604.0000","610.0000","611.0000","612.0000","604.0000","606.0000","605.0000","614.0000","604.0000","606.0000"," ","0.0000","0.0000","3136900","1906163700","607.6584"
"20190531","01","11","    32900","JP3047640002","282300.0000","283000.0000","281200.0000","282900.0000","282400.0000","283000.0000","282000.0000","282100.0000","282300.0000","283000.0000","281200.0000","282100.0000"," ","0.0000","0.0000","577","162928800","282372.2704"
"20190531","01","11","    32910","JP3131090007","1732.0000","1737.0000","1725.0000","1728.0000","1725.0000","1731.0000","1720.0000","1722.0000","1732.0000","1737.0000","1720.0000","1722.0000"," ","0.0000","0.0000","480100","828257800","1725.1777"
"20190531","01","11","    32920","JP3047650001","136500.0000","137200.0000","136300.0000","136300.0000","136200.0000","136700.0000","136000.0000","136000.0000","136500.0000","137200.0000","136000.0000","136000.0000"," ","0.0000","0.0000","3787","516625300","136420.7288"
"20190531","01","11","    32940","JP3130350006","664.0000","664.0000","656.0000","656.0000","655.0000","657.0000","653.0000","657.0000","664.0000","664.0000","653.0000","657.0000"," ","0.0000","0.0000","7600","4996700","657.4605"
"20190531","01","11","    32950","JP3047660000","182800.0000","183700.0000","181300.0000","181500.0000","181600.0000","181800.0000","179800.0000","179800.0000","182800.0000","183700.0000","179800.0000","179800.0000"," ","0.0000","0.0000","5538","1002525400","181026.6161"
"20190531","01","11","    32960","JP3047750009","428500.0000","431000.0000","425500.0000","427500.0000","427500.0000","428000.0000","424500.0000","424500.0000","428500.0000","431000.0000","424500.0000","424500.0000"," ","0.0000","0.0000","1873","799595500","426906.3001"
"20190531","01","11","    32980","JP3047760008","17620.0000","17760.0000","17570.0000","17700.0000","17660.0000","17700.0000","17550.0000","17550.0000","17620.0000","17760.0000","17550.0000","17550.0000"," ","0.0000","0.0000","37792","666657410","17640.1728"
"20190531","01","11","    32990","JP3912500000","572.0000","573.0000","560.0000","561.0000","561.0000","562.0000","554.0000","555.0000","572.0000","573.0000","554.0000","555.0000"," ","0.0000","0.0000","161300","90650900","562.0019"
"20190531","01","11","    33020","JP3540800004","2218.0000","2218.0000","2179.0000","2192.0000","2200.0000","2210.0000","2190.0000","2210.0000","2218.0000","2218.0000","2179.0000","2210.0000"," ","0.0000","0.0000","50100","110232500","2200.2495"
"20190531","01","11","    33080","JP3047800002","174800.0000","175000.0000","174500.0000","175000.0000","175000.0000","175100.0000","174500.0000","175100.0000","174800.0000","175100.0000","174500.0000","175100.0000"," ","0.0000","0.0000","139","24310300","174894.2446"
"20190531","01","11","    33090","JP3047820000","82100.0000","82900.0000","81900.0000","81900.0000","82200.0000","82200.0000","81100.0000","81100.0000","82100.0000","82900.0000","81100.0000","81100.0000"," ","0.0000","0.0000","18777","1534951000","81746.3386"
"20190531","01","11","    33150","JP3889610006","93.0000","93.0000","92.0000","92.0000","93.0000","93.0000","92.0000","93.0000","93.0000","93.0000","92.0000","93.0000"," ","0.0000","0.0000","185900","17278900","92.9473"
"20190531","01","11","    33190","JP3309050007","693.0000","693.0000","680.0000","684.0000","685.0000","688.0000","681.0000","684.0000","693.0000","693.0000","680.0000","684.0000"," ","0.0000","0.0000","20400","13975900","685.0931"
"20190531","01","11","    33210","JP3886200009","701.0000","701.0000","695.0000","695.0000","697.0000","697.0000","691.0000","692.0000","701.0000","701.0000","691.0000","692.0000"," ","0.0000","0.0000","5500","3823600","695.2000"
"20190531","01","11","    33280","JP3758110005","1960.0000","1975.0000","1921.0000","1969.0000","1965.0000","1989.0000","1949.0000","1961.0000","1960.0000","1989.0000","1921.0000","1961.0000"," ","0.0000","0.0000","236300","463046400","1959.5700"
"20190531","01","11","    33330","JP3110500000","1324.0000","1330.0000","1316.0000","1320.0000","1320.0000","1326.0000","1312.0000","1314.0000","1324.0000","1330.0000","1312.0000","1314.0000"," ","0.0000","0.0000","69200","91343200","1319.9884"
"20190531","01","11","    33410","JP3729200000","3585.0000","3585.0000","3495.0000","3540.0000","3575.0000","3575.0000","3525.0000","3545.0000","3585.0000","3585.0000","3495.0000","3545.0000"," ","0.0000","0.0000","14600","51686000","3540.1370"
"20190531","01","11","    33490","JP3298400007","17380.0000","17380.0000","17170.0000","17200.0000","17180.0000","17220.0000","17120.0000","17160.0000","17380.0000","17380.0000","17120.0000","17160.0000"," ","0.0000","0.0000","102500","1762997000","17199.9707"
"20190531","01","11","    33600","JP3274150006","4620.0000","4630.0000","4545.0000","4595.0000","4595.0000","4620.0000","4585.0000","4620.0000","4620.0000","4630.0000","4545.0000","4620.0000"," ","0.0000","0.0000","205400","943835500","4595.1095"
"20190531","01","11","    33610","JP3552240008","700.0000","700.0000","673.0000","678.0000","677.0000","679.0000","675.0000","679.0000","700.0000","700.0000","673.0000","679.0000"," ","0.0000","0.0000","8300","5653000","681.0843"
"20190531","01","11","    33710","JP3436040004","1501.0000","1510.0000","1500.0000","1508.0000","1508.0000","1522.0000","1508.0000","1521.0000","1501.0000","1522.0000","1500.0000","1521.0000"," ","0.0000","0.0000","8100","12260300","1513.6173"
"20190531","01","11","    33760","JP3203200005","809.0000","809.0000","799.0000","808.0000","808.0000","808.0000","798.0000","799.0000","809.0000","809.0000","798.0000","799.0000"," ","0.0000","0.0000","7500","6019300","802.5733"
"20190531","01","11","    33820","JP3422950000","3685.0000","3695.0000","3651.0000","3682.0000","3679.0000","3689.0000","3664.0000","3666.0000","3685.0000","3695.0000","3651.0000","3666.0000"," ","0.0000","0.0000","2461800","9037323100","3671.0225"
"20190531","01","11","    33850","JP3931400000","2241.0000","2252.0000","2194.0000","2215.0000","2209.0000","2216.0000","2184.0000","2197.0000","2241.0000","2252.0000","2184.0000","2197.0000"," ","0.0000","0.0000","96000","211472000","2202.8333"
"20190531","01","11","    33870","JP3269930008","1427.0000","1435.0000","1416.0000","1427.0000","1427.0000","1428.0000","1420.0000","1420.0000","1427.0000","1435.0000","1416.0000","1420.0000"," ","0.0000","0.0000","135900","193505600","1423.8823"
"20190531","01","11","    33880","JP3917600003","1312.0000","1316.0000","1296.0000","1315.0000","1318.0000","1323.0000","1302.0000","1305.0000","1312.0000","1323.0000","1296.0000","1305.0000"," ","0.0000","0.0000","18000","23562300","1309.0167"
"20190531","01","11","    33910","JP3536150000","8660.0000","8770.0000","8660.0000","8750.0000","8750.0000","8760.0000","8690.0000","8710.0000","8660.0000","8770.0000","8660.0000","8710.0000"," ","0.0000","0.0000","200800","1752017000","8725.1843"
"20190531","01","11","    33920","JP3549350001","1499.0000","1499.0000","1471.0000","1496.0000","1499.0000","1499.0000","1473.0000","1478.0000","1499.0000","1499.0000","1471.0000","1478.0000"," ","0.0000","0.0000","4200","6255200","1489.3333"
"20190531","01","11","    33930","JP3399270002","526.0000","528.0000","520.0000","525.0000","521.0000","529.0000","521.0000","525.0000","526.0000","529.0000","520.0000","525.0000"," ","0.0000","0.0000","28800","15109700","524.6424"
"20190531","01","11","    33950","JP3337070001","2389.0000","2389.0000","2372.0000","2378.0000","2374.0000","2375.0000","2360.0000","2361.0000","2389.0000","2389.0000","2360.0000","2361.0000"," ","0.0000","0.0000","18400","43599200","2369.5217"
"20190531","01","11","    33960","JP3802860001","930.0000","935.0000","930.0000","931.0000","934.0000","936.0000","932.0000","936.0000","930.0000","936.0000","930.0000","936.0000"," ","0.0000","0.0000","3300","3081200","933.6970"
"20190531","01","11","    33970","JP3636650008","1903.0000","1909.0000","1878.0000","1890.0000","1890.0000","1891.0000","1872.0000","1876.0000","1903.0000","1909.0000","1872.0000","1876.0000"," ","0.0000","0.0000","375500","708081500","1885.7031"
"20190531","01","11","    34010","JP3544000007","1775.0000","1786.0000","1767.0000","1777.0000","1775.0000","1786.0000","1768.0000","1773.0000","1775.0000","1786.0000","1767.0000","1773.0000"," ","0.0000","0.0000","680300","1207631500","1775.1455"
"20190531","01","11","    34020","JP3621000003","749.0000","754.0000","743.1000","749.4000","749.4000","753.0000","746.7000","746.9000","749.0000","754.0000","743.1000","746.9000"," ","0.0000","0.0000","4100600","3070715350","748.8454"
"20190531","01","11","    34050","JP3269600007","1259.0000","1269.0000","1238.0000","1247.0000","1250.0000","1260.0000","1241.0000","1246.0000","1259.0000","1269.0000","1238.0000","1246.0000"," ","0.0000","0.0000","2342600","2928334200","1250.0359"
"20190531","01","11","    34070","JP3111200006","1140.5000","1141.5000","1126.0000","1137.5000","1137.5000","1138.5000","1117.5000","1119.0000","1140.5000","1141.5000","1117.5000","1119.0000"," ","0.0000","0.0000","3786300","4269187750","1127.5355"
"20190531","01","11","    34080","JP3312600004","1653.0000","1653.0000","1620.0000","1626.0000","1636.0000","1650.0000","1625.0000","1644.0000","1653.0000","1653.0000","1620.0000","1644.0000"," ","0.0000","0.0000","9600","15745300","1640.1354"
"20190531","01","11","    34150","JP3399710007","828.0000","835.0000","818.0000","819.0000","820.0000","822.0000","810.0000","813.0000","828.0000","835.0000","810.0000","813.0000"," ","0.0000","0.0000","216900","177991100","820.6136"
"20190531","01","11","    34210","JP3145800003","1407.0000","1408.0000","1393.0000","1401.0000","1404.0000","1404.0000","1390.0000","1391.0000","1407.0000","1408.0000","1390.0000","1391.0000"," ","0.0000","0.0000","19300","27016000","1399.7927"
"20190531","01","11","    34310","JP3908700002","1735.0000","1735.0000","1701.0000","1707.0000","1708.0000","1715.0000","1685.0000","1685.0000","1735.0000","1735.0000","1685.0000","1685.0000"," ","0.0000","0.0000","46200","78703400","1703.5368"
"20190531","01","11","    34330","JP3552290003","718.0000","724.0000","705.0000","716.0000","713.0000","716.0000","707.0000","709.0000","718.0000","724.0000","705.0000","709.0000"," ","0.0000","0.0000","334200","238243100","712.8758"
"20190531","01","11","    34340","JP3126360001","1201.0000","1201.0000","1180.0000","1186.0000","1186.0000","1187.0000","1172.0000","1182.0000","1201.0000","1201.0000","1172.0000","1182.0000"," ","0.0000","0.0000","13000","15399700","1184.5923"
"20190531","01","11","    34360","JP3322930003","1206.0000","1218.0000","1198.0000","1206.0000","1209.0000","1211.0000","1200.0000","1203.0000","1206.0000","1218.0000","1198.0000","1203.0000"," ","0.0000","0.0000","9308100","11216185900","1204.9920"
"20190531","01","11","    34430","JP3226300006","8000.0000","8130.0000","7980.0000","8070.0000","8070.0000","8110.0000","8060.0000","8060.0000","8000.0000","8130.0000","7980.0000","8060.0000"," ","0.0000","0.0000","39300","316576000","8055.3690"
"20190531","01","11","    34450","JP3100350002","2391.0000","2405.0000","2325.0000","2379.0000","2372.0000","2379.0000","2342.0000","2346.0000","2391.0000","2405.0000","2325.0000","2346.0000"," ","0.0000","0.0000","51700","121743300","2354.8027"
"20190531","01","11","    34470","JP3384730002","999.0000","999.0000","986.0000","992.0000","993.0000","993.0000","986.0000","988.0000","999.0000","999.0000","986.0000","988.0000"," ","0.0000","0.0000","17200","17038900","990.6337"
"20190531","01","11","    34510","JP3047830009","119400.0000","119500.0000","117700.0000","118000.0000","118100.0000","119100.0000","117900.0000","118200.0000","119400.0000","119500.0000","117700.0000","118200.0000"," ","0.0000","0.0000","2439","289065200","118517.9172"
"20190531","01","11","    34520","JP3799770007","1929.0000","1937.0000","1891.0000","1921.0000","1918.0000","1924.0000","1898.0000","1912.0000","1929.0000","1937.0000","1891.0000","1912.0000"," ","0.0000","0.0000","33800","64692200","1913.9704"
"20190531","01","11","    34530","JP3047900000","270800.0000","271100.0000","266800.0000","267300.0000","267500.0000","268900.0000","267500.0000","267600.0000","270800.0000","271100.0000","266800.0000","267600.0000"," ","0.0000","0.0000","2780","746105700","268383.3453"
"20190531","01","11","    34540","JP3802290001","1065.0000","1065.0000","1042.0000","1048.0000","1045.0000","1071.0000","1038.0000","1065.0000","1065.0000","1071.0000","1038.0000","1065.0000"," ","0.0000","0.0000","19100","20143300","1054.6230"
"20190531","01","11","    34550","JP3047910009","119000.0000","119300.0000","118300.0000","118600.0000","118400.0000","118800.0000","118100.0000","118300.0000","119000.0000","119300.0000","118100.0000","118300.0000"," ","0.0000","0.0000","2413","286378200","118681.3925"
"20190531","01","11","    34570","JP3765420009","1365.0000","1377.0000","1343.0000","1352.0000","1362.0000","1362.0000","1336.0000","1340.0000","1365.0000","1377.0000","1336.0000","1340.0000"," ","0.0000","0.0000","158900","214714700","1351.2568"
"20190531","01","11","    34580","JP3346080009","986.0000","986.0000","978.0000","979.0000","978.0000","981.0000","973.0000","977.0000","986.0000","986.0000","973.0000","977.0000"," ","0.0000","0.0000","11300","11059600","978.7257"
"20190531","01","11","    34590","JP3047960004","108200.0000","108500.0000","106300.0000","107200.0000","107000.0000","107600.0000","106900.0000","107300.0000","108200.0000","108500.0000","106300.0000","107300.0000"," ","0.0000","0.0000","2159","231902100","107411.8110"
"20190531","01","11","    34620","JP3048110005","169000.0000","169300.0000","167700.0000","168500.0000","168500.0000","169100.0000","168200.0000","168400.0000","169000.0000","169300.0000","167700.0000","168400.0000"," ","0.0000","0.0000","13311","2243691800","168559.2217"
"20190531","01","11","    34630","JP3048160000","127600.0000","128200.0000","127200.0000","127400.0000","127400.0000","127700.0000","126900.0000","126900.0000","127600.0000","128200.0000","126900.0000","126900.0000"," ","0.0000","0.0000","942","120038600","127429.5117"
"20190531","01","11","    34640","JP3833810009","882.0000","882.0000","865.0000","871.0000","871.0000","876.0000","860.0000","861.0000","882.0000","882.0000","860.0000","861.0000"," ","0.0000","0.0000","13000","11272600","867.1231"
"20190531","01","11","    34650","JP3277620005","1523.0000","1535.0000","1509.0000","1522.0000","1526.0000","1526.0000","1500.0000","1501.0000","1523.0000","1535.0000","1500.0000","1501.0000"," ","0.0000","0.0000","24100","36474100","1513.4481"
"20190531","01","11","    34660","JP3048180008","124400.0000","124900.0000","123900.0000","124200.0000","124000.0000","124200.0000","122100.0000","122500.0000","124400.0000","124900.0000","122100.0000","122500.0000"," ","0.0000","0.0000","12865","1590257800","123611.1776"
"20190531","01","11","    34670","JP3108170006","459.0000","459.0000","455.0000","455.0000","458.0000","460.0000","458.0000","459.0000","459.0000","460.0000","455.0000","459.0000"," ","0.0000","0.0000","20100","9217600","458.5871"
"20190531","01","11","    34680","JP3048200004","113800.0000","114100.0000","113500.0000","114000.0000","113800.0000","114300.0000","113700.0000","114100.0000","113800.0000","114300.0000","113500.0000","114100.0000"," ","0.0000","0.0000","1586","180793100","113993.1274"
"20190531","01","11","    34700","JP3048290005","118700.0000","118800.0000","116500.0000","117600.0000","117700.0000","118200.0000","117200.0000","117300.0000","118700.0000","118800.0000","116500.0000","117300.0000"," ","0.0000","0.0000","637","75020300","117771.2716"
"20190531","01","11","    34710","JP3048300002","346000.0000","349000.0000","344000.0000","345500.0000","345000.0000","347500.0000","344500.0000","344500.0000","346000.0000","349000.0000","344000.0000","344500.0000"," ","0.0000","0.0000","1623","561145500","345745.8410"
"20190531","01","11","    34720","JP3048310001","85500.0000","85600.0000","85400.0000","85400.0000","85400.0000","85600.0000","85400.0000","85600.0000","85500.0000","85600.0000","85400.0000","85600.0000"," ","0.0000","0.0000","962","82277700","85527.7547"
"20190531","01","11","    34730","JP3048320000","92300.0000","92400.0000","91900.0000","92200.0000","92200.0000","92300.0000","92000.0000","92200.0000","92300.0000","92400.0000","91900.0000","92200.0000"," ","0.0000","0.0000","1324","122018300","92158.8369"
"20190531","01","11","    34750","JP3273750004","1432.0000","1432.0000","1404.0000","1413.0000","1415.0000","1415.0000","1405.0000","1409.0000","1432.0000","1432.0000","1404.0000","1409.0000"," ","0.0000","0.0000","7700","10858800","1410.2338"
"20190531","01","11","    34760","JP3048370005","49950.0000","50100.0000","49350.0000","49550.0000","49500.0000","49650.0000","49350.0000","49500.0000","49950.0000","50100.0000","49350.0000","49500.0000"," ","0.0000","0.0000","12230","606412500","49584.0147"
"20190531","01","11","    34780","JP3048380004","140900.0000","141200.0000","140300.0000","140400.0000","140100.0000","140700.0000","140000.0000","140100.0000","140900.0000","141200.0000","140000.0000","140100.0000"," ","0.0000","0.0000","678","95160400","140354.5723"
"20190531","01","11","    34800","JP3386630002","3555.0000","3555.0000","3395.0000","3465.0000","3595.0000","3595.0000","3535.0000","3575.0000","3555.0000","3595.0000","3395.0000","3575.0000"," ","0.0000","0.0000","2300","8120500","3530.6522"
"20190531","01","11","    34810","JP3048480002","273600.0000","274100.0000","271100.0000","271200.0000","270500.0000","271900.0000","270300.0000","270700.0000","273600.0000","274100.0000","270300.0000","270700.0000"," ","0.0000","0.0000","1435","389496100","271425.8537"
"20190531","01","11","    34840","JP3547690002","1516.0000","1516.0000","1497.0000","1501.0000","1511.0000","1516.0000","1487.0000","1510.0000","1516.0000","1516.0000","1487.0000","1510.0000"," ","0.0000","0.0000","14100","21158200","1500.5816"
"20190531","01","11","    34860","JP3274380009","582.0000","582.0000","569.0000","573.0000","573.0000","573.0000","564.0000","565.0000","582.0000","582.0000","564.0000","565.0000"," ","0.0000","0.0000","19900","11338700","569.7839"
"20190531","01","11","    34870","JP3048680007","118100.0000","119600.0000","117800.0000","118500.0000","118200.0000","118700.0000","118100.0000","118500.0000","118100.0000","119600.0000","117800.0000","118500.0000"," ","0.0000","0.0000","1174","138853000","118273.4242"
"20190531","01","11","    34880","JP3048690006","125600.0000","125900.0000","124500.0000","124500.0000","124400.0000","125000.0000","124300.0000","124700.0000","125600.0000","125900.0000","124300.0000","124700.0000"," ","0.0000","0.0000","393","49040400","124784.7328"
"20190531","01","11","    34920","JP3048750008","96400.0000","96400.0000","95300.0000","95700.0000","95600.0000","96000.0000","95600.0000","95700.0000","96400.0000","96400.0000","95300.0000","95700.0000"," ","0.0000","0.0000","2615","250775500","95898.8528"
"20190531","01","11","    34930","JP3048770006","101200.0000","101300.0000","100400.0000","100600.0000","100600.0000","100800.0000","100000.0000","100200.0000","101200.0000","101300.0000","100000.0000","100200.0000"," ","0.0000","0.0000","1318","132463800","100503.6419"
"20190531","01","11","    35010","JP3410200004","2807.0000","2807.0000","2790.0000","2791.0000","2791.0000","2791.0000","2760.0000","2774.0000","2807.0000","2807.0000","2760.0000","2774.0000"," ","0.0000","0.0000","3300","9161000","2776.0606"
"20190531","01","11","    35120","JP3749000000","453.0000","457.0000","453.0000","454.0000","454.0000","455.0000","453.0000","455.0000","453.0000","457.0000","453.0000","455.0000"," ","0.0000","0.0000","6200","2817100","454.3710"
"20190531","01","11","    35130","JP3141200000","1291.0000","1291.0000","1291.0000","1291.0000","1291.0000","1311.0000","1291.0000","1311.0000","1291.0000","1311.0000","1291.0000","1311.0000"," ","0.0000","0.0000","2600","3366600","1294.8462"
"20190531","01","11","    35210","JP3755800004","124.0000","125.0000","123.0000","124.0000","123.0000","124.0000","123.0000","123.0000","124.0000","125.0000","123.0000","123.0000"," ","0.0000","0.0000","55500","6868500","123.7568"
"20190531","01","11","    35240","JP3683600005","1351.0000","1351.0000","1318.0000","1318.0000","1314.0000","1314.0000","1303.0000","1307.0000","1351.0000","1351.0000","1303.0000","1307.0000"," ","0.0000","0.0000","5100","6733000","1320.1961"
"20190531","01","11","    35260","JP3118400005","1608.0000","1620.0000","1588.0000","1606.0000","1611.0000","1615.0000","1582.0000","1604.0000","1608.0000","1620.0000","1582.0000","1604.0000"," ","0.0000","0.0000","11700","18765200","1603.8632"
"20190531","01","11","    35290","JP3120200005","919.0000","919.0000","908.0000","913.0000","907.0000","914.0000","907.0000","910.0000","919.0000","919.0000","907.0000","910.0000"," ","0.0000","0.0000","14200","12928800","910.4789"
"20190531","01","11","    35380","JP3154270007","780.0000","780.0000","769.0000","775.0000","774.0000","778.0000","764.0000","778.0000","780.0000","780.0000","764.0000","778.0000"," ","0.0000","0.0000","8200","6346500","773.9634"
"20190531","01","11","    35390","JP3389690003","1702.0000","1702.0000","1683.0000","1696.0000","1700.0000","1700.0000","1681.0000","1690.0000","1702.0000","1702.0000","1681.0000","1690.0000"," ","0.0000","0.0000","32600","55197300","1693.1687"
"20190531","01","11","    35430","JP3305580007","2051.0000","2066.0000","2046.0000","2065.0000","2070.0000","2072.0000","2058.0000","2063.0000","2051.0000","2072.0000","2046.0000","2063.0000"," ","0.0000","0.0000","152700","314715900","2061.0079"
"20190531","01","11","    35440","JP3319750000","1879.0000","1879.0000","1857.0000","1863.0000","1863.0000","1863.0000","1824.0000","1832.0000","1879.0000","1879.0000","1824.0000","1832.0000"," ","0.0000","0.0000","7600","14026300","1845.5658"
"20190531","01","11","    35450","JP3549220006","359.0000","359.0000","351.0000","352.0000","351.0000","351.0000","345.0000","347.0000","359.0000","359.0000","345.0000","347.0000"," ","0.0000","0.0000","21100","7396300","350.5355"
"20190531","01","11","    35460","JP3500050004","855.0000","855.0000","845.0000","853.0000","857.0000","863.0000","846.0000","848.0000","855.0000","863.0000","845.0000","848.0000"," ","0.0000","0.0000","12100","10307100","851.8264"
"20190531","01","11","    35480","JP3778450001","938.0000","938.0000","919.0000","924.0000","927.0000","940.0000","925.0000","933.0000","938.0000","940.0000","919.0000","933.0000"," ","0.0000","0.0000","60000","55924900","932.0817"
"20190531","01","11","    35490","JP3266190002","6980.0000","6980.0000","6910.0000","6950.0000","6920.0000","6970.0000","6910.0000","6920.0000","6980.0000","6980.0000","6910.0000","6920.0000"," ","0.0000","0.0000","82900","574883000","6934.6562"
"20190531","01","11","    35510","JP3493000008","0.0000","0.0000","0.0000","0.0000","718.0000","726.0000","718.0000","725.0000","718.0000","726.0000","718.0000","725.0000"," ","0.0000","0.0000","1900","1376900","724.6842"
"20190531","01","11","    35530","JP3256400007","801.0000","801.0000","789.0000","789.0000","782.0000","787.0000","782.0000","784.0000","801.0000","801.0000","782.0000","784.0000"," ","0.0000","0.0000","3900","3065400","786.0000"
"20190531","01","11","    35610","JP3507780009","712.0000","713.0000","702.0000","707.0000","707.0000","707.0000","702.0000","705.0000","712.0000","713.0000","702.0000","705.0000"," ","0.0000","0.0000","27700","19530500","705.0722"
"20190531","01","11","    35630","JP3397150008","7380.0000","7660.0000","7370.0000","7600.0000","7610.0000","7640.0000","7550.0000","7550.0000","7380.0000","7660.0000","7370.0000","7550.0000"," ","0.0000","0.0000","144700","1091464000","7542.9440"
"20190531","01","11","    35640","JP3970100008","1237.0000","1238.0000","1223.0000","1225.0000","1225.0000","1226.0000","1212.0000","1215.0000","1237.0000","1238.0000","1212.0000","1215.0000"," ","0.0000","0.0000","96400","117696800","1220.9212"
"20190531","01","11","    35690","JP3413800008","1418.0000","1426.0000","1381.0000","1385.0000","1380.0000","1384.0000","1366.0000","1376.0000","1418.0000","1426.0000","1366.0000","1376.0000"," ","0.0000","0.0000","268900","373052300","1387.3273"
"20190531","01","11","    35710","JP3434600007","947.0000","958.0000","947.0000","956.0000","952.0000","952.0000","949.0000","952.0000","947.0000","958.0000","947.0000","952.0000"," ","0.0000","0.0000","3800","3616200","951.6316"
"20190531","01","11","    35770","JP3564600009","1128.0000","1130.0000","1110.0000","1130.0000","1130.0000","1130.0000","1120.0000","1120.0000","1128.0000","1130.0000","1110.0000","1120.0000"," ","0.0000","0.0000","5500","6173600","1122.4727"
"20190531","01","11","    35800","JP3304600004","770.0000","771.0000","759.0000","762.0000","758.0000","767.0000","758.0000","763.0000","770.0000","771.0000","758.0000","763.0000"," ","0.0000","0.0000","30900","23571200","762.8220"
"20190531","01","11","    35910","JP3992400006","2705.0000","2716.0000","2679.0000","2699.0000","2700.0000","2731.0000","2698.0000","2702.0000","2705.0000","2731.0000","2679.0000","2702.0000"," ","0.0000","0.0000","197500","533979700","2703.6947"
"20190531","01","11","    35930","JP3840800001","3450.0000","3455.0000","3405.0000","3435.0000","3435.0000","3460.0000","3430.0000","3435.0000","3450.0000","3460.0000","3405.0000","3435.0000"," ","0.0000","0.0000","68100","233856000","3434.0088"
"20190531","01","11","    36060","JP3980800001","96.0000","97.0000","95.0000","96.0000","96.0000","97.0000","95.0000","97.0000","96.0000","97.0000","95.0000","97.0000"," ","0.0000","0.0000","182100","17501100","96.1071"
"20190531","01","11","    36070","JP3267800005","503.0000","504.0000","500.0000","501.0000","498.0000","499.0000","497.0000","499.0000","503.0000","504.0000","497.0000","499.0000"," ","0.0000","0.0000","11500","5769400","501.6870"
"20190531","01","11","    36080","JP3538690003","632.0000","632.0000","618.0000","619.0000","618.0000","621.0000","616.0000","621.0000","632.0000","632.0000","616.0000","621.0000"," ","0.0000","0.0000","164400","102123500","621.1892"
"20190531","01","11","    36110","JP3863900001","2692.0000","2712.0000","2660.0000","2670.0000","2670.0000","2673.0000","2648.0000","2657.0000","2692.0000","2712.0000","2648.0000","2657.0000"," ","0.0000","0.0000","40300","107621300","2670.5037"
"20190531","01","11","    36120","JP3990210001","2300.0000","2308.0000","2218.0000","2262.0000","2242.0000","2257.0000","2201.0000","2205.0000","2300.0000","2308.0000","2201.0000","2205.0000"," ","0.0000","0.0000","307800","688098600","2235.5380"
"20190531","01","11","    36260","JP3104890003","5370.0000","5380.0000","5310.0000","5370.0000","5380.0000","5410.0000","5360.0000","5400.0000","5370.0000","5410.0000","5310.0000","5400.0000"," ","0.0000","0.0000","317500","1703931000","5366.7118"
"20190531","01","11","    36270","JP3832370005","826.0000","833.0000","814.0000","823.0000","823.0000","825.0000","786.0000","790.0000","826.0000","833.0000","786.0000","790.0000"," ","0.0000","0.0000","831100","673649800","810.5520"
"20190531","01","11","    36300","JP3551420007","3970.0000","4045.0000","3935.0000","3975.0000","3975.0000","4040.0000","3965.0000","3980.0000","3970.0000","4045.0000","3935.0000","3980.0000"," ","0.0000","0.0000","60700","242218500","3990.4201"
"20190531","01","11","    36320","JP3274070006","494.0000","496.0000","490.0000","493.0000","493.0000","495.0000","492.0000","492.0000","494.0000","496.0000","490.0000","492.0000"," ","0.0000","0.0000","812900","400958000","493.2439"
"20190531","01","11","    36350","JP3283460008","1976.0000","1994.0000","1972.0000","1985.0000","1980.0000","1991.0000","1967.0000","1979.0000","1976.0000","1994.0000","1967.0000","1979.0000"," ","0.0000","0.0000","194500","385295200","1980.9522"
"20190531","01","11","    36360","JP3902200009","3265.0000","3315.0000","3255.0000","3310.0000","3285.0000","3325.0000","3235.0000","3235.0000","3265.0000","3325.0000","3235.0000","3235.0000"," ","0.0000","0.0000","32800","107487500","3277.0579"
"20190531","01","11","    36390","JP3855700005","547.0000","554.0000","544.0000","549.0000","548.0000","548.0000","541.0000","541.0000","547.0000","554.0000","541.0000","541.0000"," ","0.0000","0.0000","24300","13278200","546.4280"
"20190531","01","11","    36400","JP3551410008","1908.0000","1908.0000","1908.0000","1908.0000","1911.0000","1911.0000","1911.0000","1911.0000","1908.0000","1911.0000","1908.0000","1911.0000"," ","0.0000","0.0000","500","954900","1909.8000"
"20190531","01","11","    36480","JP3160460006","679.0000","679.0000","673.0000","673.0000","675.0000","676.0000","667.0000","674.0000","679.0000","679.0000","667.0000","674.0000"," ","0.0000","0.0000","8700","5854700","672.9540"
"20190531","01","11","    36490","JP3801450002","851.0000","869.0000","848.0000","869.0000","869.0000","871.0000","853.0000","854.0000","851.0000","871.0000","848.0000","854.0000"," ","0.0000","0.0000","71800","61678800","859.0362"
"20190531","01","11","    36550","JP3831460005","7810.0000","8010.0000","7760.0000","7870.0000","7860.0000","7880.0000","7730.0000","7760.0000","7810.0000","8010.0000","7730.0000","7760.0000"," ","0.0000","0.0000","530600","4163409000","7846.6057"
"20190531","01","11","    36560","JP3268870007","836.0000","839.0000","802.0000","823.0000","820.0000","826.0000","804.0000","810.0000","836.0000","839.0000","802.0000","810.0000"," ","0.0000","0.0000","3620600","2963073900","818.3931"
"20190531","01","11","    36570","JP3855950006","1052.0000","1075.0000","1050.0000","1066.0000","1070.0000","1071.0000","1056.0000","1057.0000","1052.0000","1075.0000","1050.0000","1057.0000"," ","0.0000","0.0000","135800","144558500","1064.4956"
"20190531","01","11","    36580","JP3130820008","2144.0000","2238.0000","2124.0000","2198.0000","2196.0000","2230.0000","2145.0000","2150.0000","2144.0000","2238.0000","2124.0000","2150.0000"," ","0.0000","0.0000","70900","154435700","2178.2186"
"20190531","01","11","    36590","JP3758190007","1616.0000","1648.0000","1616.0000","1636.0000","1634.0000","1640.0000","1617.0000","1617.0000","1616.0000","1648.0000","1616.0000","1617.0000"," ","0.0000","0.0000","2179900","3548504500","1627.8290"
"20190531","01","11","    36600","JP3102320003","800.0000","803.0000","784.0000","792.0000","793.0000","800.0000","790.0000","791.0000","800.0000","803.0000","784.0000","791.0000"," ","0.0000","0.0000","706600","560925700","793.8377"
"20190531","01","11","    36610","JP3167310006","1989.0000","2076.0000","1980.0000","2028.0000","2035.0000","2082.0000","2031.0000","2061.0000","1989.0000","2082.0000","1980.0000","2061.0000"," ","0.0000","0.0000","607900","1243788400","2046.0411"
"20190531","01","11","    36620","JP3160890004","1525.0000","1538.0000","1498.0000","1506.0000","1503.0000","1508.0000","1495.0000","1506.0000","1525.0000","1538.0000","1495.0000","1506.0000"," ","0.0000","0.0000","207500","312262000","1504.8771"
"20190531","01","11","    36650","JP3164590006","3050.0000","3120.0000","3025.0000","3100.0000","3110.0000","3240.0000","3110.0000","3185.0000","3050.0000","3240.0000","3025.0000","3185.0000"," ","0.0000","0.0000","477300","1500153000","3142.9981"
"20190531","01","11","    36660","JP3545230009","563.0000","572.0000","561.0000","568.0000","568.0000","575.0000","565.0000","565.0000","563.0000","575.0000","561.0000","565.0000"," ","0.0000","0.0000","40900","23204400","567.3447"
"20190531","01","11","    36670","JP3164580007","546.0000","559.0000","540.0000","555.0000","556.0000","568.0000","548.0000","548.0000","546.0000","568.0000","540.0000","548.0000"," ","0.0000","0.0000","789500","434663600","550.5555"
"20190531","01","11","    36680","JP3305960001","692.0000","725.0000","692.0000","721.0000","723.0000","764.0000","723.0000","753.0000","692.0000","764.0000","692.0000","753.0000"," ","0.0000","0.0000","2985700","2201729600","737.4249"
"20190531","01","11","    36720","JP3201800004","235.0000","235.0000","229.0000","233.0000","233.0000","236.0000","230.0000","232.0000","235.0000","236.0000","229.0000","232.0000"," ","0.0000","0.0000","52200","12102800","231.8544"
"20190531","01","11","    36730","JP3831490002","556.0000","560.0000","552.0000","559.0000","559.0000","562.0000","554.0000","556.0000","556.0000","562.0000","552.0000","556.0000"," ","0.0000","0.0000","306900","170693600","556.1864"
"20190531","01","11","    36750","JP3272760004","354.0000","356.0000","348.0000","353.0000","354.0000","356.0000","349.0000","349.0000","354.0000","356.0000","348.0000","349.0000"," ","0.0000","0.0000","28900","10163600","351.6817"
"20190531","01","11","    36760","JP3765110006","1002.0000","1026.0000","1001.0000","1016.0000","1009.0000","1020.0000","1006.0000","1012.0000","1002.0000","1026.0000","1001.0000","1012.0000"," ","0.0000","0.0000","110100","111381600","1011.6403"
"20190531","01","11","    36770","JP3350940007","836.0000","852.0000","833.0000","844.0000","840.0000","841.0000","823.0000","826.0000","836.0000","852.0000","823.0000","826.0000"," ","0.0000","0.0000","195800","163942200","837.2942"
"20190531","01","11","    36780","JP3921230003","3330.0000","3375.0000","3245.0000","3365.0000","3350.0000","3355.0000","3295.0000","3300.0000","3330.0000","3375.0000","3245.0000","3300.0000"," ","0.0000","0.0000","143100","473713000","3310.3634"
"20190531","01","11","    36790","JP3386490001","710.0000","719.0000","701.0000","703.0000","703.0000","714.0000","702.0000","711.0000","710.0000","719.0000","701.0000","711.0000"," ","0.0000","0.0000","652200","462495600","709.1316"
"20190531","01","11","    36810","JP3829750003","518.0000","520.0000","509.0000","513.0000","513.0000","522.0000","510.0000","514.0000","518.0000","522.0000","509.0000","514.0000"," ","0.0000","0.0000","122000","62742200","514.2803"
"20190531","01","11","    36820","JP3168300006","879.0000","899.0000","870.0000","891.0000","889.0000","891.0000","876.0000","881.0000","879.0000","899.0000","870.0000","881.0000"," ","0.0000","0.0000","35600","31477200","884.1910"
"20190531","01","11","    36830","JP3311540003","1122.0000","1123.0000","1116.0000","1123.0000","1123.0000","1123.0000","1110.0000","1110.0000","1122.0000","1123.0000","1110.0000","1110.0000"," ","0.0000","0.0000","2700","3015000","1116.6667"
"20190531","01","11","    36860","JP3548760002","165.0000","165.0000","160.0000","163.0000","162.0000","163.0000","161.0000","162.0000","165.0000","165.0000","160.0000","162.0000"," ","0.0000","0.0000","702300","114015000","162.3452"
"20190531","01","11","    36870","JP3802950000","1822.0000","1822.0000","1764.0000","1773.0000","1769.0000","1820.0000","1767.0000","1810.0000","1822.0000","1822.0000","1764.0000","1810.0000"," ","0.0000","0.0000","516400","927170400","1795.4500"
"20190531","01","11","    36880","JP3855650002","1658.0000","1678.0000","1646.0000","1670.0000","1670.0000","1676.0000","1656.0000","1663.0000","1658.0000","1678.0000","1646.0000","1663.0000"," ","0.0000","0.0000","130400","217123200","1665.0552"
"20190531","01","11","    36940","JP3197690005","2500.0000","2616.0000","2480.0000","2609.0000","2612.0000","2638.0000","2575.0000","2593.0000","2500.0000","2638.0000","2480.0000","2593.0000"," ","0.0000","0.0000","882000","2268039300","2571.4731"
"20190531","01","11","    36960","JP3423570005","1764.0000","1815.0000","1751.0000","1792.0000","1790.0000","1790.0000","1738.0000","1739.0000","1764.0000","1815.0000","1738.0000","1739.0000"," ","0.0000","0.0000","200000","354742600","1773.7130"
"20190531","01","11","    37080","JP3624900001","3705.0000","3705.0000","3620.0000","3620.0000","3620.0000","3640.0000","3615.0000","3620.0000","3705.0000","3705.0000","3615.0000","3620.0000"," ","0.0000","0.0000","11700","42598500","3640.8974"
"20190531","01","11","    37380","JP3893700009","1783.0000","1787.0000","1761.0000","1763.0000","1762.0000","1765.0000","1750.0000","1754.0000","1783.0000","1787.0000","1750.0000","1754.0000"," ","0.0000","0.0000","80600","142203700","1764.3139"
"20190531","01","11","    37410","JP3422190003","3240.0000","3345.0000","3225.0000","3325.0000","3300.0000","3325.0000","3250.0000","3275.0000","3240.0000","3345.0000","3225.0000","3275.0000"," ","0.0000","0.0000","34800","114211000","3281.9253"
"20190531","01","11","    37510","JP3385840008","352.0000","353.0000","348.0000","351.0000","350.0000","352.0000","348.0000","350.0000","352.0000","353.0000","348.0000","350.0000"," ","0.0000","0.0000","28100","9837200","350.0783"
"20190531","01","11","    37560","JP3870320003","1279.0000","1294.0000","1261.0000","1273.0000","1275.0000","1287.0000","1255.0000","1256.0000","1279.0000","1294.0000","1255.0000","1256.0000"," ","0.0000","0.0000","157800","201087300","1274.3175"
"20190531","01","11","    37620","JP3545130001","1856.0000","1889.0000","1833.0000","1872.0000","1882.0000","1932.0000","1875.0000","1891.0000","1856.0000","1932.0000","1833.0000","1891.0000"," ","0.0000","0.0000","374000","706592500","1889.2848"
"20190531","01","11","    37630","JP3833730009","1167.0000","1169.0000","1160.0000","1166.0000","1162.0000","1166.0000","1161.0000","1161.0000","1167.0000","1169.0000","1160.0000","1161.0000"," ","0.0000","0.0000","6200","7214700","1163.6613"
"20190531","01","11","    37650","JP3235900002","333.0000","338.0000","330.0000","338.0000","338.0000","339.0000","335.0000","336.0000","333.0000","339.0000","330.0000","336.0000"," ","0.0000","0.0000","7509000","2520764300","335.6991"
"20190531","01","11","    37690","JP3385890003","7080.0000","7290.0000","7030.0000","7260.0000","7280.0000","7380.0000","7250.0000","7300.0000","7080.0000","7380.0000","7030.0000","7300.0000"," ","0.0000","0.0000","767100","5568034000","7258.5504"
"20190531","01","11","    37700","JP3345770006","376.0000","379.0000","374.0000","375.0000","378.0000","388.0000","378.0000","380.0000","376.0000","388.0000","374.0000","380.0000"," ","0.0000","0.0000","20000","7608900","380.4450"
"20190531","01","11","    37710","JP3351070002","2927.0000","2951.0000","2875.0000","2934.0000","2935.0000","2954.0000","2868.0000","2868.0000","2927.0000","2954.0000","2868.0000","2868.0000"," ","0.0000","0.0000","11800","34397500","2915.0424"
"20190531","01","11","    37740","JP3152820001","2098.0000","2106.0000","2077.0000","2093.0000","2082.0000","2087.0000","2075.0000","2083.0000","2098.0000","2106.0000","2075.0000","2083.0000"," ","0.0000","0.0000","124800","260057800","2083.7965"
"20190531","01","11","    37780","JP3317300006","500.0000","506.0000","498.0000","505.0000","502.0000","507.0000","500.0000","502.0000","500.0000","507.0000","498.0000","502.0000"," ","0.0000","0.0000","78900","39648500","502.5158"
"20190531","01","11","    37840","JP3159980006","1352.0000","1362.0000","1324.0000","1333.0000","1341.0000","1341.0000","1297.0000","1301.0000","1352.0000","1362.0000","1297.0000","1301.0000"," ","0.0000","0.0000","108800","143945600","1323.0294"
"20190531","01","11","    37880","JP3386040004","3190.0000","3265.0000","3150.0000","3260.0000","3265.0000","3300.0000","3235.0000","3235.0000","3190.0000","3300.0000","3150.0000","3235.0000"," ","0.0000","0.0000","99400","322182000","3241.2676"
"20190531","01","11","    38170","JP3161450006","2433.0000","2433.0000","2410.0000","2421.0000","2421.0000","2431.0000","2413.0000","2424.0000","2433.0000","2433.0000","2410.0000","2424.0000"," ","0.0000","0.0000","11600","28086800","2421.2759"
"20190531","01","11","    38220","JP3386290005","1631.0000","1632.0000","1628.0000","1629.0000","1629.0000","1629.0000","1616.0000","1625.0000","1631.0000","1632.0000","1616.0000","1625.0000"," ","0.0000","0.0000","9900","16107800","1627.0505"
"20190531","01","11","    38260","JP3350930008","666.0000","678.0000","660.0000","669.0000","670.0000","676.0000","661.0000","665.0000","666.0000","678.0000","660.0000","665.0000"," ","0.0000","0.0000","105800","70622800","667.5123"
"20190531","01","11","    38340","JP3115800009","580.0000","580.0000","569.0000","576.0000","577.0000","582.0000","576.0000","580.0000","580.0000","582.0000","569.0000","580.0000"," ","0.0000","0.0000","70200","40472300","576.5285"
"20190531","01","11","    38350","JP3130790003","1049.0000","1050.0000","1037.0000","1041.0000","1043.0000","1049.0000","1037.0000","1048.0000","1049.0000","1050.0000","1037.0000","1048.0000"," ","0.0000","0.0000","20100","20977000","1043.6318"
"20190531","01","11","    38360","JP3548680002","1878.0000","1962.0000","1850.0000","1924.0000","1936.0000","1936.0000","1892.0000","1911.0000","1878.0000","1962.0000","1850.0000","1911.0000"," ","0.0000","0.0000","170600","326759700","1915.3558"
"20190531","01","11","    38370","JP3122030004","1656.0000","1660.0000","1625.0000","1639.0000","1647.0000","1665.0000","1643.0000","1650.0000","1656.0000","1665.0000","1625.0000","1650.0000"," ","0.0000","0.0000","32100","52789800","1644.5421"
"20190531","01","11","    38430","JP3826720009","1020.0000","1042.0000","1015.0000","1030.0000","1026.0000","1032.0000","1012.0000","1015.0000","1020.0000","1042.0000","1012.0000","1015.0000"," ","0.0000","0.0000","114800","117491400","1023.4443"
"20190531","01","11","    38440","JP3305560009","4395.0000","4455.0000","4355.0000","4420.0000","4400.0000","4415.0000","4365.0000","4365.0000","4395.0000","4455.0000","4355.0000","4365.0000"," ","0.0000","0.0000","131900","580434500","4400.5648"
"20190531","01","11","    38520","JP3311510006","1952.0000","1976.0000","1929.0000","1965.0000","1960.0000","1986.0000","1948.0000","1949.0000","1952.0000","1986.0000","1929.0000","1949.0000"," ","0.0000","0.0000","34800","68185600","1959.3563"
"20190531","01","11","    38530","JP3153470004","1110.0000","1130.0000","1105.0000","1108.0000","1108.0000","1109.0000","1093.0000","1099.0000","1110.0000","1130.0000","1093.0000","1099.0000"," ","0.0000","0.0000","363600","403037700","1108.4645"
"20190531","01","11","    38610","JP3174410005","561.0000","568.0000","556.0000","566.0000","565.0000","568.0000","562.0000","564.0000","561.0000","568.0000","556.0000","564.0000"," ","0.0000","0.0000","3882700","2186559100","563.1543"
"20190531","01","11","    38630","JP3721600009","1850.0000","1863.0000","1825.0000","1861.0000","1862.0000","1869.0000","1859.0000","1862.0000","1850.0000","1869.0000","1825.0000","1862.0000"," ","0.0000","0.0000","800300","1484192100","1854.5447"
"20190531","01","11","    38640","JP3901200000","574.0000","574.0000","555.0000","566.0000","564.0000","564.0000","556.0000","559.0000","574.0000","574.0000","555.0000","559.0000"," ","0.0000","0.0000","48700","27324000","561.0678"
"20190531","01","11","    38650","JP3841800000","526.0000","533.0000","523.0000","530.0000","533.0000","539.0000","532.0000","537.0000","526.0000","539.0000","523.0000","537.0000"," ","0.0000","0.0000","682200","364539900","534.3593"
"20190531","01","11","    38770","JP3513400006","1411.0000","1422.0000","1411.0000","1422.0000","1420.0000","1420.0000","1410.0000","1410.0000","1411.0000","1422.0000","1410.0000","1410.0000"," ","0.0000","0.0000","5600","7907600","1412.0714"
"20190531","01","11","    38780","JP3631000001","941.0000","941.0000","921.0000","929.0000","927.0000","927.0000","914.0000","916.0000","941.0000","941.0000","914.0000","916.0000"," ","0.0000","0.0000","10600","9881700","932.2358"
"20190531","01","11","    38800","JP3440400004","1263.0000","1263.0000","1232.0000","1242.0000","1242.0000","1254.0000","1241.0000","1254.0000","1263.0000","1263.0000","1232.0000","1254.0000"," ","0.0000","0.0000","167300","208901500","1248.6641"
"20190531","01","11","    38960","JP3127000002","437.0000","437.0000","429.0000","429.0000","428.0000","429.0000","427.0000","427.0000","437.0000","437.0000","427.0000","427.0000"," ","0.0000","0.0000","5700","2450200","429.8596"
"20190531","01","11","    39010","JP3860210008","1935.0000","1962.0000","1914.0000","1951.0000","1945.0000","1971.0000","1936.0000","1939.0000","1935.0000","1971.0000","1914.0000","1939.0000"," ","0.0000","0.0000","73000","141827800","1942.8466"
"20190531","01","11","    39020","JP3921250001","1498.0000","1500.0000","1449.0000","1462.0000","1452.0000","1471.0000","1437.0000","1452.0000","1498.0000","1500.0000","1437.0000","1452.0000"," ","0.0000","0.0000","126500","184726000","1460.2846"
"20190531","01","11","    39030","JP3273810006","586.0000","590.0000","561.0000","577.0000","577.0000","579.0000","563.0000","564.0000","586.0000","590.0000","561.0000","564.0000"," ","0.0000","0.0000","644100","367738500","570.9339"
"20190531","01","11","    39090","JP3360120004","554.0000","555.0000","541.0000","549.0000","552.0000","553.0000","544.0000","549.0000","554.0000","555.0000","541.0000","549.0000"," ","0.0000","0.0000","38100","20890700","548.3123"
"20190531","01","11","    39120","JP3922980002","1500.0000","1500.0000","1443.0000","1450.0000","1449.0000","1452.0000","1430.0000","1443.0000","1500.0000","1500.0000","1430.0000","1443.0000"," ","0.0000","0.0000","207300","300718300","1450.6430"
"20190531","01","11","    39150","JP3546300009","1431.0000","1446.0000","1421.0000","1441.0000","1444.0000","1460.0000","1440.0000","1454.0000","1431.0000","1460.0000","1421.0000","1454.0000"," ","0.0000","0.0000","27200","39230300","1442.2904"
"20190531","01","11","    39160","JP3549060006","1830.0000","1830.0000","1772.0000","1799.0000","1789.0000","1818.0000","1781.0000","1803.0000","1830.0000","1830.0000","1772.0000","1803.0000"," ","0.0000","0.0000","145200","261199500","1798.8946"
"20190531","01","11","    39180","JP3801470000","2000.0000","2022.0000","1981.0000","2006.0000","2005.0000","2014.0000","1986.0000","1990.0000","2000.0000","2022.0000","1981.0000","1990.0000"," ","0.0000","0.0000","9000","17954200","1994.9111"
"20190531","01","11","    39190","JP3780550004","1087.0000","1100.0000","1056.0000","1058.0000","1055.0000","1063.0000","1044.0000","1052.0000","1087.0000","1100.0000","1044.0000","1052.0000"," ","0.0000","0.0000","247200","262788200","1063.0591"
"20190531","01","11","    39200","JP3104940006","1336.0000","1357.0000","1318.0000","1349.0000","1350.0000","1366.0000","1323.0000","1327.0000","1336.0000","1366.0000","1318.0000","1327.0000"," ","0.0000","0.0000","49800","66514500","1335.6325"
"20190531","01","11","    39210","JP3758230001","931.0000","938.0000","921.0000","935.0000","933.0000","936.0000","928.0000","930.0000","931.0000","938.0000","921.0000","930.0000"," ","0.0000","0.0000","19900","18503900","929.8442"
"20190531","01","11","    39220","JP3801050000","2929.0000","2981.0000","2882.0000","2943.0000","2925.0000","2950.0000","2795.0000","2814.0000","2929.0000","2981.0000","2795.0000","2814.0000"," ","0.0000","0.0000","58000","166090200","2863.6241"
"20190531","01","11","    39240","JP3968840003","1153.0000","1184.0000","1153.0000","1167.0000","1168.0000","1179.0000","1160.0000","1179.0000","1153.0000","1184.0000","1153.0000","1179.0000"," ","0.0000","0.0000","5600","6547700","1169.2321"
"20190531","01","11","    39250","JP3505980007","4710.0000","4825.0000","4710.0000","4790.0000","4790.0000","4860.0000","4780.0000","4815.0000","4710.0000","4860.0000","4710.0000","4815.0000"," ","0.0000","0.0000","78900","379259500","4806.8378"
"20190531","01","11","    39260","JP3173560008","2941.0000","3025.0000","2925.0000","2964.0000","2985.0000","3060.0000","2940.0000","3020.0000","2941.0000","3060.0000","2925.0000","3020.0000"," ","0.0000","0.0000","204700","613448800","2996.8188"
"20190531","01","11","    39280","JP3860330004","766.0000","796.0000","759.0000","782.0000","783.0000","794.0000","770.0000","770.0000","766.0000","796.0000","759.0000","770.0000"," ","0.0000","0.0000","112700","87743700","778.5599"
"20190531","01","11","    39320","JP3107000006","5870.0000","5970.0000","5810.0000","5920.0000","5940.0000","5980.0000","5860.0000","5880.0000","5870.0000","5980.0000","5810.0000","5880.0000"," ","0.0000","0.0000","186700","1103259000","5909.2608"
"20190531","01","11","    39340","JP3835680004","864.0000","873.0000","840.0000","863.0000","853.0000","858.0000","847.0000","858.0000","864.0000","873.0000","840.0000","858.0000"," ","0.0000","0.0000","8600","7327100","851.9884"
"20190531","01","11","    39370","JP3160910000","1491.0000","1626.0000","1485.0000","1602.0000","1598.0000","1640.0000","1567.0000","1584.0000","1491.0000","1640.0000","1485.0000","1584.0000"," ","0.0000","0.0000","541400","857233600","1583.3646"
"20190531","01","11","    39380","JP3966750006","3195.0000","3205.0000","3160.0000","3195.0000","3185.0000","3210.0000","3170.0000","3170.0000","3195.0000","3210.0000","3160.0000","3170.0000"," ","0.0000","0.0000","861100","2741760000","3184.0204"
"20190531","01","11","    39390","JP3215100003","2159.0000","2191.0000","2150.0000","2191.0000","2191.0000","2223.0000","2168.0000","2180.0000","2159.0000","2223.0000","2150.0000","2180.0000"," ","0.0000","0.0000","28200","61693300","2187.7057"
"20190531","01","11","    39400","JP3762500001","744.0000","744.0000","741.0000","741.0000","745.0000","745.0000","741.0000","742.0000","744.0000","745.0000","741.0000","742.0000"," ","0.0000","0.0000","2700","2005900","742.9259"
"20190531","01","11","    39410","JP3981400009","904.0000","905.0000","871.0000","877.0000","876.0000","879.0000","864.0000","866.0000","904.0000","905.0000","864.0000","866.0000"," ","0.0000","0.0000","2960800","2594453600","876.2678"
"20190531","01","11","    39460","JP3554000004","1772.0000","1772.0000","1750.0000","1750.0000","1749.0000","1766.0000","1749.0000","1759.0000","1772.0000","1772.0000","1749.0000","1759.0000"," ","0.0000","0.0000","10500","18467600","1758.8190"
"20190531","01","11","    39500","JP3345900009","3105.0000","3115.0000","3065.0000","3090.0000","3090.0000","3120.0000","3090.0000","3115.0000","3105.0000","3120.0000","3065.0000","3115.0000"," ","0.0000","0.0000","90600","280643500","3097.6104"
"20190531","01","11","    39620","JP3507750002","2636.0000","2641.0000","2578.0000","2624.0000","2628.0000","2636.0000","2601.0000","2610.0000","2636.0000","2641.0000","2578.0000","2610.0000"," ","0.0000","0.0000","549300","1439137300","2619.9478"
"20190531","01","11","    39630","JP3372300008","567.0000","572.0000","563.0000","567.0000","569.0000","575.0000","565.0000","574.0000","567.0000","575.0000","563.0000","574.0000"," ","0.0000","0.0000","57500","32682700","568.3948"
"20190531","01","11","    39640","JP3172060000","1265.0000","1265.0000","1251.0000","1257.0000","1265.0000","1280.0000","1265.0000","1274.0000","1265.0000","1280.0000","1251.0000","1274.0000"," ","0.0000","0.0000","5700","7231400","1268.6667"
"20190531","01","11","    39690","JP3160930008","1750.0000","1876.0000","1750.0000","1811.0000","1824.0000","1845.0000","1811.0000","1844.0000","1750.0000","1876.0000","1750.0000","1844.0000"," ","0.0000","0.0000","184300","334901400","1817.1536"
"20190531","01","11","    39750","JP3105330009","742.0000","753.0000","735.0000","747.0000","746.0000","747.0000","736.0000","736.0000","742.0000","753.0000","735.0000","736.0000"," ","0.0000","0.0000","119600","88723500","741.8353"
"20190531","01","11","    39780","JP3863030007","1228.0000","1230.0000","1205.0000","1221.0000","1218.0000","1241.0000","1218.0000","1238.0000","1228.0000","1241.0000","1205.0000","1238.0000"," ","0.0000","0.0000","248500","305525600","1229.4793"
"20190531","01","11","    39810","JP3799710003","871.0000","874.0000","853.0000","864.0000","869.0000","878.0000","860.0000","863.0000","871.0000","878.0000","853.0000","863.0000"," ","0.0000","0.0000","35100","30367600","865.1738"
"20190531","01","11","    39830","JP3201900002","2761.0000","2899.0000","2746.0000","2863.0000","2880.0000","2948.0000","2838.0000","2868.0000","2761.0000","2948.0000","2746.0000","2868.0000"," ","0.0000","0.0000","187600","538191400","2868.8241"
"20190531","01","11","    39850","JP3545850004","434.0000","446.0000","425.0000","446.0000","444.0000","449.0000","426.0000","429.0000","434.0000","449.0000","425.0000","429.0000"," ","0.0000","0.0000","285200","123905500","434.4513"
"20190531","01","11","    39960","JP3312170008","3030.0000","3090.0000","3005.0000","3070.0000","3070.0000","3070.0000","3010.0000","3025.0000","3030.0000","3090.0000","3005.0000","3025.0000"," ","0.0000","0.0000","65200","198367000","3042.4387"
"20190531","01","11","    40040","JP3368000000","3020.0000","3050.0000","2983.0000","3010.0000","3005.0000","3010.0000","2981.0000","2987.0000","3020.0000","3050.0000","2981.0000","2987.0000"," ","0.0000","0.0000","2730300","8187184900","2998.6393"
"20190531","01","11","    40050","JP3401400001","477.0000","480.0000","471.0000","474.0000","474.0000","477.0000","470.0000","470.0000","477.0000","480.0000","470.0000","470.0000"," ","0.0000","0.0000","10307100","4876165900","473.0881"
"20190531","01","11","    40080","JP3405600002","3350.0000","3400.0000","3310.0000","3380.0000","3380.0000","3400.0000","3355.0000","3355.0000","3350.0000","3400.0000","3310.0000","3355.0000"," ","0.0000","0.0000","36000","120986500","3360.7361"
"20190531","01","11","    40210","JP3670800006","4595.0000","4685.0000","4590.0000","4660.0000","4655.0000","4670.0000","4600.0000","4610.0000","4595.0000","4685.0000","4590.0000","4610.0000"," ","0.0000","0.0000","726400","3361579000","4627.7244"
"20190531","01","11","    40220","JP3967400007","1344.0000","1344.0000","1313.0000","1323.0000","1323.0000","1331.0000","1300.0000","1301.0000","1344.0000","1344.0000","1300.0000","1301.0000"," ","0.0000","0.0000","83500","109998300","1317.3449"
"20190531","01","11","    40230","JP3271600003","6950.0000","7010.0000","6910.0000","6920.0000","6960.0000","7020.0000","6880.0000","6900.0000","6950.0000","7020.0000","6880.0000","6900.0000"," ","0.0000","0.0000","98400","682739000","6938.4045"
"20190531","01","11","    40250","JP3461000006","4530.0000","4530.0000","4440.0000","4455.0000","4460.0000","4460.0000","4400.0000","4405.0000","4530.0000","4530.0000","4400.0000","4405.0000"," ","0.0000","0.0000","25300","112488000","4446.1660"
"20190531","01","11","    40270","JP3539300008","2290.0000","2290.0000","2251.0000","2268.0000","2274.0000","2285.0000","2254.0000","2263.0000","2290.0000","2290.0000","2251.0000","2263.0000"," ","0.0000","0.0000","21800","49396800","2265.9083"
"20190531","01","11","    40280","JP3136800004","1042.0000","1047.0000","1013.0000","1021.0000","1018.0000","1024.0000","1010.0000","1013.0000","1042.0000","1047.0000","1010.0000","1013.0000"," ","0.0000","0.0000","244800","249598700","1019.6025"
"20190531","01","11","    40310","JP3211800002","1110.0000","1111.0000","1108.0000","1111.0000","1100.0000","1105.0000","1098.0000","1098.0000","1110.0000","1111.0000","1098.0000","1098.0000"," ","0.0000","0.0000","2100","2311600","1100.7619"
"20190531","01","11","    40330","JP3681180000","1199.0000","1200.0000","1199.0000","1199.0000","1199.0000","1200.0000","1199.0000","1199.0000","1199.0000","1200.0000","1199.0000","1199.0000"," ","0.0000","0.0000","108500","130093800","1199.0212"
"20190531","01","11","    40410","JP3726200003","2617.0000","2634.0000","2599.0000","2619.0000","2627.0000","2630.0000","2593.0000","2600.0000","2617.0000","2634.0000","2593.0000","2600.0000"," ","0.0000","0.0000","73600","191946400","2607.9674"
"20190531","01","11","    40420","JP3595200001","1383.0000","1396.0000","1376.0000","1390.0000","1392.0000","1394.0000","1375.0000","1378.0000","1383.0000","1396.0000","1375.0000","1378.0000"," ","0.0000","0.0000","1770400","2447547500","1382.4828"
"20190531","01","11","    40430","JP3625000009","2434.0000","2462.0000","2420.0000","2443.0000","2445.0000","2455.0000","2416.0000","2420.0000","2434.0000","2462.0000","2416.0000","2420.0000"," ","0.0000","0.0000","420500","1023624800","2434.3039"
"20190531","01","11","    40440","JP3425000001","2421.0000","2423.0000","2393.0000","2395.0000","2402.0000","2406.0000","2391.0000","2391.0000","2421.0000","2423.0000","2391.0000","2391.0000"," ","0.0000","0.0000","150800","361968600","2400.3223"
"20190531","01","11","    40450","JP3556400004","1195.0000","1195.0000","1177.0000","1179.0000","1180.0000","1182.0000","1171.0000","1172.0000","1195.0000","1195.0000","1171.0000","1172.0000"," ","0.0000","0.0000","312200","368062000","1178.9302"
"20190531","01","11","    40460","JP3485900009","2590.0000","2621.0000","2581.0000","2609.0000","2620.0000","2621.0000","2608.0000","2609.0000","2590.0000","2621.0000","2581.0000","2609.0000"," ","0.0000","0.0000","32100","83771200","2609.6947"
"20190531","01","11","    40470","JP3232600001","714.0000","719.0000","704.0000","708.0000","710.0000","713.0000","703.0000","704.0000","714.0000","719.0000","703.0000","704.0000"," ","0.0000","0.0000","341000","242180700","710.2073"
"20190531","01","11","    40610","JP3549600009","3195.0000","3205.0000","3150.0000","3180.0000","3180.0000","3185.0000","3110.0000","3110.0000","3195.0000","3205.0000","3110.0000","3110.0000"," ","0.0000","0.0000","395200","1242618000","3144.2763"
"20190531","01","11","    40620","JP3148800000","1671.0000","1701.0000","1665.0000","1691.0000","1689.0000","1705.0000","1684.0000","1687.0000","1671.0000","1705.0000","1665.0000","1687.0000"," ","0.0000","0.0000","665700","1124669600","1689.4541"
"20190531","01","11","    40630","JP3371200001","9168.0000","9203.0000","9104.0000","9126.0000","9137.0000","9140.0000","9041.0000","9047.0000","9168.0000","9203.0000","9041.0000","9047.0000"," ","0.0000","0.0000","1306300","11879070400","9093.6771"
"20190531","01","11","    40640","JP3690000009","1328.0000","1329.0000","1315.0000","1326.0000","1316.0000","1325.0000","1311.0000","1313.0000","1328.0000","1329.0000","1311.0000","1313.0000"," ","0.0000","0.0000","17300","22790800","1317.3873"
"20190531","01","11","    40780","JP3312800000","2478.0000","2511.0000","2447.0000","2500.0000","2500.0000","2508.0000","2455.0000","2481.0000","2478.0000","2511.0000","2447.0000","2481.0000"," ","0.0000","0.0000","98200","243907800","2483.7862"
"20190531","01","11","    40820","JP3474350000","801.0000","814.0000","774.0000","797.0000","796.0000","806.0000","788.0000","788.0000","801.0000","814.0000","774.0000","788.0000"," ","0.0000","0.0000","232200","184194300","793.2571"
"20190531","01","11","    40880","JP3160670000","1625.0000","1632.0000","1613.0000","1622.0000","1619.0000","1628.0000","1618.0000","1618.0000","1625.0000","1632.0000","1613.0000","1618.0000"," ","0.0000","0.0000","305100","494642400","1621.2468"
"20190531","01","11","    40910","JP3711600001","2077.0000","2081.0000","2038.0000","2038.0000","2029.0000","2041.0000","2017.0000","2036.0000","2077.0000","2081.0000","2017.0000","2036.0000"," ","0.0000","0.0000","848800","1731115900","2039.4862"
"20190531","01","11","    40920","JP3691600005","1748.0000","1753.0000","1709.0000","1737.0000","1740.0000","1755.0000","1719.0000","1721.0000","1748.0000","1755.0000","1709.0000","1721.0000"," ","0.0000","0.0000","52200","90405400","1731.9042"
"20190531","01","11","    40930","JP3599400003","1323.0000","1323.0000","1323.0000","1323.0000","1323.0000","1325.0000","1323.0000","1323.0000","1323.0000","1325.0000","1323.0000","1323.0000"," ","0.0000","0.0000","1200","1587800","1323.1667"
"20190531","01","11","    40950","JP3744600002","1197.0000","1210.0000","1194.0000","1203.0000","1205.0000","1211.0000","1200.0000","1202.0000","1197.0000","1211.0000","1194.0000","1202.0000"," ","0.0000","0.0000","161000","193643300","1202.7534"
"20190531","01","11","    40970","JP3285800003","810.0000","810.0000","803.0000","805.0000","805.0000","812.0000","804.0000","808.0000","810.0000","812.0000","803.0000","808.0000"," ","0.0000","0.0000","20600","16639900","807.7621"
"20190531","01","11","    40980","JP3509000000","2540.0000","2567.0000","2489.0000","2565.0000","2561.0000","2561.0000","2525.0000","2539.0000","2540.0000","2567.0000","2489.0000","2539.0000"," ","0.0000","0.0000","27400","69136400","2523.2263"
"20190531","01","11","    40990","JP3349600001","1028.0000","1029.0000","1006.0000","1013.0000","1014.0000","1018.0000","1008.0000","1008.0000","1028.0000","1029.0000","1006.0000","1008.0000"," ","0.0000","0.0000","53400","54129900","1013.6685"
"20190531","01","11","    41000","JP3627400009","2130.0000","2130.0000","2081.0000","2081.0000","2075.0000","2084.0000","2062.0000","2067.0000","2130.0000","2130.0000","2062.0000","2067.0000"," ","0.0000","0.0000","4800","10022100","2087.9375"
"20190531","01","11","    41090","JP3399720006","2684.0000","2686.0000","2622.0000","2651.0000","2657.0000","2697.0000","2657.0000","2666.0000","2684.0000","2697.0000","2622.0000","2666.0000"," ","0.0000","0.0000","45100","120330700","2668.0865"
"20190531","01","11","    41120","JP3852600000","2610.0000","2627.0000","2566.0000","2600.0000","2577.0000","2618.0000","2550.0000","2550.0000","2610.0000","2627.0000","2550.0000","2550.0000"," ","0.0000","0.0000","57400","147839400","2575.5993"
"20190531","01","11","    41140","JP3715200006","6610.0000","6630.0000","6520.0000","6560.0000","6580.0000","6580.0000","6480.0000","6520.0000","6610.0000","6630.0000","6480.0000","6520.0000"," ","0.0000","0.0000","215400","1410138000","6546.6017"
"20190531","01","11","    41160","JP3492200005","2872.0000","2874.0000","2839.0000","2861.0000","2862.0000","2872.0000","2852.0000","2860.0000","2872.0000","2874.0000","2839.0000","2860.0000"," ","0.0000","0.0000","19900","56926600","2860.6332"
"20190531","01","11","    41180","JP3215800008","3810.0000","3810.0000","3745.0000","3790.0000","3780.0000","3795.0000","3735.0000","3750.0000","3810.0000","3810.0000","3735.0000","3750.0000"," ","0.0000","0.0000","177100","667320500","3768.0435"
"20190531","01","11","    41510","JP3256000005","2064.0000","2090.0000","2061.0000","2071.0000","2068.0000","2074.0000","2049.0000","2050.0000","2064.0000","2090.0000","2049.0000","2050.0000"," ","0.0000","0.0000","881400","1817732100","2062.3237"
"20190531","01","11","    41820","JP3896800004","1364.0000","1367.0000","1345.0000","1360.0000","1358.0000","1364.0000","1350.0000","1355.0000","1364.0000","1367.0000","1345.0000","1355.0000"," ","0.0000","0.0000","969100","1314248000","1356.1531"
"20190531","01","11","    41830","JP3888300005","2400.0000","2415.0000","2375.0000","2395.0000","2398.0000","2410.0000","2379.0000","2387.0000","2400.0000","2415.0000","2375.0000","2387.0000"," ","0.0000","0.0000","1077200","2578412700","2393.6249"
"20190531","01","11","    41850","JP3385980002","1550.0000","1569.0000","1536.0000","1558.0000","1552.0000","1560.0000","1543.0000","1545.0000","1550.0000","1569.0000","1536.0000","1545.0000"," ","0.0000","0.0000","1159100","1799785900","1552.7443"
"20190531","01","11","    41860","JP3571800006","3115.0000","3175.0000","3105.0000","3160.0000","3160.0000","3165.0000","3140.0000","3150.0000","3115.0000","3175.0000","3105.0000","3150.0000"," ","0.0000","0.0000","156700","493649500","3150.2840"
"20190531","01","11","    41870","JP3187000009","988.0000","988.0000","958.0000","959.0000","960.0000","962.0000","947.0000","947.0000","988.0000","988.0000","947.0000","947.0000"," ","0.0000","0.0000","74400","71469500","960.6116"
"20190531","01","11","    41880","JP3897700005","714.6000","718.5000","708.8000","716.1000","717.0000","720.4000","711.0000","711.3000","714.6000","720.4000","708.8000","711.3000"," ","0.0000","0.0000","5329100","3805272670","714.0554"
"20190531","01","11","    41890","JP3277040006","2908.0000","2948.0000","2894.0000","2909.0000","2905.0000","2927.0000","2900.0000","2908.0000","2908.0000","2948.0000","2894.0000","2908.0000"," ","0.0000","0.0000","139900","407635100","2913.7605"
"20190531","01","11","    42020","JP3485800001","942.0000","947.0000","927.0000","935.0000","927.0000","933.0000","923.0000","925.0000","942.0000","947.0000","923.0000","925.0000"," ","0.0000","0.0000","1169500","1086858400","929.3360"
"20190531","01","11","    42030","JP3409400003","3760.0000","3810.0000","3745.0000","3760.0000","3770.0000","3790.0000","3730.0000","3730.0000","3760.0000","3810.0000","3730.0000","3730.0000"," ","0.0000","0.0000","168700","633755000","3756.6983"
"20190531","01","11","    42040","JP3419400001","1596.0000","1607.0000","1589.0000","1600.0000","1603.0000","1604.0000","1596.0000","1597.0000","1596.0000","1607.0000","1589.0000","1597.0000"," ","0.0000","0.0000","1075800","1719816900","1598.6400"
"20190531","01","11","    42050","JP3725400000","1036.0000","1045.0000","1032.0000","1032.0000","1033.0000","1038.0000","1026.0000","1026.0000","1036.0000","1045.0000","1026.0000","1026.0000"," ","0.0000","0.0000","560400","578656500","1032.5776"
"20190531","01","11","    42060","JP3100800006","3605.0000","3625.0000","3595.0000","3610.0000","3610.0000","3630.0000","3595.0000","3595.0000","3605.0000","3630.0000","3595.0000","3595.0000"," ","0.0000","0.0000","122100","440308000","3606.1261"
"20190531","01","11","    42080","JP3158800007","2086.0000","2098.0000","2064.0000","2086.0000","2090.0000","2099.0000","2079.0000","2081.0000","2086.0000","2099.0000","2064.0000","2081.0000"," ","0.0000","0.0000","792700","1652912500","2085.1678"
"20190531","01","11","    42120","JP3420200002","2029.0000","2038.0000","2015.0000","2034.0000","2030.0000","2045.0000","2025.0000","2039.0000","2029.0000","2045.0000","2015.0000","2039.0000"," ","0.0000","0.0000","32900","66941500","2034.6960"
"20190531","01","11","    42150","JP3462200001","634.0000","643.0000","631.0000","639.0000","641.0000","644.0000","631.0000","633.0000","634.0000","644.0000","631.0000","633.0000"," ","0.0000","0.0000","114500","73009900","637.6410"
"20190531","01","11","    42160","JP3117200000","1394.0000","1394.0000","1369.0000","1380.0000","1410.0000","1410.0000","1382.0000","1387.0000","1394.0000","1410.0000","1369.0000","1387.0000"," ","0.0000","0.0000","43100","59737600","1386.0232"
"20190531","01","11","    42170","JP3785000005","2917.0000","2929.0000","2900.0000","2918.0000","2913.0000","2930.0000","2899.0000","2906.0000","2917.0000","2930.0000","2899.0000","2906.0000"," ","0.0000","0.0000","572500","1667433800","2912.5481"
"20190531","01","11","    42180","JP3662400005","2380.0000","2380.0000","2321.0000","2361.0000","2374.0000","2374.0000","2332.0000","2334.0000","2380.0000","2380.0000","2321.0000","2334.0000"," ","0.0000","0.0000","32500","76405100","2350.9262"
"20190531","01","11","    42200","JP3973000007","484.0000","485.0000","476.0000","476.0000","478.0000","481.0000","474.0000","476.0000","484.0000","485.0000","474.0000","476.0000"," ","0.0000","0.0000","54500","26036500","477.7339"
"20190531","01","11","    42210","JP3178400002","1765.0000","1765.0000","1724.0000","1727.0000","1728.0000","1747.0000","1712.0000","1717.0000","1765.0000","1765.0000","1712.0000","1717.0000"," ","0.0000","0.0000","8500","14704000","1729.8824"
"20190531","01","11","    42280","JP3419800002","708.0000","714.0000","702.0000","709.0000","709.0000","712.0000","704.0000","706.0000","708.0000","714.0000","702.0000","706.0000"," ","0.0000","0.0000","81500","57677900","707.7043"
"20190531","01","11","    42290","JP3274800006","2390.0000","2399.0000","2383.0000","2399.0000","2399.0000","2399.0000","2384.0000","2386.0000","2390.0000","2399.0000","2383.0000","2386.0000"," ","0.0000","0.0000","1800","4300200","2389.0000"
"20190531","01","11","    42310","JP3440800005","591.0000","591.0000","583.0000","583.0000","582.0000","582.0000","572.0000","572.0000","591.0000","591.0000","572.0000","572.0000"," ","0.0000","0.0000","12400","7176800","578.7742"
"20190531","01","11","    42380","JP3910570005","1067.0000","1067.0000","1021.0000","1036.0000","1039.0000","1061.0000","1038.0000","1053.0000","1067.0000","1067.0000","1021.0000","1053.0000"," ","0.0000","0.0000","35600","37317600","1048.2472"
"20190531","01","11","    42450","JP3480590003","828.0000","828.0000","821.0000","826.0000","826.0000","826.0000","812.0000","814.0000","828.0000","828.0000","812.0000","814.0000"," ","0.0000","0.0000","15900","13029100","819.4403"
"20190531","01","11","    42460","JP3481300006","822.0000","827.0000","806.0000","813.0000","809.0000","814.0000","803.0000","809.0000","822.0000","827.0000","803.0000","809.0000"," ","0.0000","0.0000","219200","177904700","811.6090"
"20190531","01","11","    42480","JP3463300008","1128.0000","1129.0000","1093.0000","1112.0000","1110.0000","1117.0000","1092.0000","1099.0000","1128.0000","1129.0000","1092.0000","1099.0000"," ","0.0000","0.0000","98000","108602100","1108.1847"
"20190531","01","11","    42490","JP3927450001","2400.0000","2400.0000","2365.0000","2365.0000","2366.0000","2368.0000","2336.0000","2343.0000","2400.0000","2400.0000","2336.0000","2343.0000"," ","0.0000","0.0000","58800","138554800","2356.3741"
"20190531","01","11","    42720","JP3694400007","1261.0000","1266.0000","1254.0000","1261.0000","1260.0000","1262.0000","1249.0000","1252.0000","1261.0000","1266.0000","1249.0000","1252.0000"," ","0.0000","0.0000","552700","694409200","1256.3944"
"20190531","01","11","    42750","JP3205320009","659.0000","659.0000","646.0000","649.0000","649.0000","652.0000","643.0000","643.0000","659.0000","659.0000","643.0000","643.0000"," ","0.0000","0.0000","79000","51278100","649.0899"
"20190531","01","11","    42820","JP3130770005","1763.0000","1784.0000","1762.0000","1778.0000","1775.0000","1781.0000","1773.0000","1779.0000","1763.0000","1784.0000","1762.0000","1779.0000"," ","0.0000","0.0000","89900","159582700","1775.1135"
"20190531","01","11","    42840","JP3436400000","779.0000","781.0000","761.0000","772.0000","771.0000","773.0000","755.0000","759.0000","779.0000","781.0000","755.0000","759.0000"," ","0.0000","0.0000","39100","29988300","766.9642"
"20190531","01","11","    42860","JP3980300002","1332.0000","1339.0000","1314.0000","1325.0000","1323.0000","1339.0000","1323.0000","1323.0000","1332.0000","1339.0000","1314.0000","1323.0000"," ","0.0000","0.0000","14000","18586600","1327.6143"
"20190531","01","11","    42900","JP3833620002","1500.0000","1519.0000","1492.0000","1497.0000","1500.0000","1515.0000","1494.0000","1502.0000","1500.0000","1519.0000","1492.0000","1502.0000"," ","0.0000","0.0000","221000","332161300","1502.9923"
"20190531","01","11","    42950","JP3802690002","792.0000","793.0000","783.0000","788.0000","786.0000","790.0000","786.0000","786.0000","792.0000","793.0000","783.0000","786.0000"," ","0.0000","0.0000","9700","7645800","788.2268"
"20190531","01","11","    42980","JP3833740008","1850.0000","1850.0000","1810.0000","1816.0000","1827.0000","1827.0000","1791.0000","1794.0000","1850.0000","1850.0000","1791.0000","1794.0000"," ","0.0000","0.0000","26500","48004800","1811.5019"
"20190531","01","11","    42990","JP3765250000","1760.0000","1766.0000","1760.0000","1766.0000","1765.0000","1770.0000","1759.0000","1759.0000","1760.0000","1770.0000","1759.0000","1759.0000"," ","0.0000","0.0000","1500","2644600","1763.0667"
"20190531","01","11","    43010","JP3124500004","2597.0000","2612.0000","2588.0000","2590.0000","2580.0000","2605.0000","2574.0000","2581.0000","2597.0000","2612.0000","2574.0000","2581.0000"," ","0.0000","0.0000","66300","171802900","2591.2956"
"20190531","01","11","    43070","JP3762800005","5310.0000","5350.0000","5280.0000","5300.0000","5300.0000","5320.0000","5270.0000","5310.0000","5310.0000","5350.0000","5270.0000","5310.0000"," ","0.0000","0.0000","487300","2586903000","5308.6456"
"20190531","01","11","    43100","JP3639420003","1682.0000","1688.0000","1656.0000","1662.0000","1664.0000","1677.0000","1658.0000","1667.0000","1682.0000","1688.0000","1656.0000","1667.0000"," ","0.0000","0.0000","23500","39253900","1670.3787"
"20190531","01","11","    43120","JP3311570000","662.0000","664.0000","652.0000","660.0000","659.0000","664.0000","655.0000","660.0000","662.0000","664.0000","652.0000","660.0000"," ","0.0000","0.0000","172300","113449100","658.4393"
"20190531","01","11","    43180","JP3266000003","1687.0000","1687.0000","1663.0000","1673.0000","1675.0000","1683.0000","1664.0000","1669.0000","1687.0000","1687.0000","1663.0000","1669.0000"," ","0.0000","0.0000","28300","47336500","1672.6678"
"20190531","01","11","    43190","JP3467200006","197.0000","198.0000","197.0000","198.0000","197.0000","197.0000","196.0000","196.0000","197.0000","198.0000","196.0000","196.0000"," ","0.0000","0.0000","19200","3773900","196.5573"
"20190531","01","11","    43200","JP3346350006","980.0000","986.0000","965.0000","979.0000","975.0000","995.0000","955.0000","973.0000","980.0000","995.0000","955.0000","973.0000"," ","0.0000","0.0000","47800","46665900","976.2741"
"20190531","01","11","    43210","JP3281630008","527.0000","528.0000","521.0000","526.0000","526.0000","529.0000","525.0000","526.0000","527.0000","529.0000","521.0000","526.0000"," ","0.0000","0.0000","981200","515786400","525.6690"
"20190531","01","11","    43230","JP3712550007","1495.0000","1495.0000","1470.0000","1491.0000","1486.0000","1497.0000","1468.0000","1469.0000","1495.0000","1497.0000","1468.0000","1469.0000"," ","0.0000","0.0000","20300","30083000","1481.9212"
"20190531","01","11","    43240","JP3551520004","3565.0000","3580.0000","3525.0000","3555.0000","3555.0000","3565.0000","3540.0000","3550.0000","3565.0000","3580.0000","3525.0000","3550.0000"," ","0.0000","0.0000","1167700","4146004000","3550.5729"
"20190531","01","11","    43260","JP3152790006","1012.0000","1014.0000","991.0000","1001.0000","1002.0000","1012.0000","994.0000","1010.0000","1012.0000","1014.0000","991.0000","1010.0000"," ","0.0000","0.0000","46200","46416800","1004.6926"
"20190531","01","11","    43310","JP3539350003","1044.0000","1109.0000","1044.0000","1096.0000","1096.0000","1096.0000","1063.0000","1065.0000","1044.0000","1109.0000","1044.0000","1065.0000"," ","0.0000","0.0000","198600","214336100","1079.2351"
"20190531","01","11","    43330","JP3601600004","916.0000","916.0000","916.0000","916.0000","916.0000","916.0000","911.0000","912.0000","916.0000","916.0000","911.0000","912.0000"," ","0.0000","0.0000","1900","1733500","912.3684"
"20190531","01","11","    43370","JP3801570007","4875.0000","4875.0000","4830.0000","4830.0000","4835.0000","4865.0000","4825.0000","4835.0000","4875.0000","4875.0000","4825.0000","4835.0000"," ","0.0000","0.0000","3200","15511000","4847.1875"
"20190531","01","11","    43430","JP3131420006","2320.0000","2320.0000","2265.0000","2284.0000","2286.0000","2294.0000","2270.0000","2273.0000","2320.0000","2320.0000","2265.0000","2273.0000"," ","0.0000","0.0000","69200","157830900","2280.7934"
"20190531","01","11","    43440","JP3431200009","444.0000","452.0000","440.0000","451.0000","452.0000","456.0000","451.0000","451.0000","444.0000","456.0000","440.0000","451.0000"," ","0.0000","0.0000","1223800","550361300","449.7151"
"20190531","01","11","    43450","JP3346970001","675.0000","686.0000","673.0000","682.0000","684.0000","689.0000","682.0000","687.0000","675.0000","689.0000","673.0000","687.0000"," ","0.0000","0.0000","40300","27548700","683.5906"
"20190531","01","11","    43460","JP3758020006","2448.0000","2536.0000","2423.0000","2490.0000","2501.0000","2531.0000","2468.0000","2488.0000","2448.0000","2536.0000","2423.0000","2488.0000"," ","0.0000","0.0000","164000","409001500","2493.9116"
"20190531","01","11","    43480","JP3153450006","2353.0000","2378.0000","2319.0000","2367.0000","2372.0000","2382.0000","2359.0000","2362.0000","2353.0000","2382.0000","2319.0000","2362.0000"," ","0.0000","0.0000","270300","637486300","2358.4399"
"20190531","01","11","    43500","JP3920940008","488.0000","491.0000","482.0000","486.0000","488.0000","488.0000","482.0000","487.0000","488.0000","491.0000","482.0000","487.0000"," ","0.0000","0.0000","64200","31183800","485.7290"
"20190531","01","11","    43620","JP3720000003","1290.0000","1290.0000","1283.0000","1284.0000","1284.0000","1284.0000","1253.0000","1259.0000","1290.0000","1290.0000","1253.0000","1259.0000"," ","0.0000","0.0000","14700","18598600","1265.2109"
"20190531","01","11","    43680","JP3822600007","1953.0000","1977.0000","1939.0000","1969.0000","1972.0000","1981.0000","1964.0000","1969.0000","1953.0000","1981.0000","1939.0000","1969.0000"," ","0.0000","0.0000","44600","87845800","1969.6368"
"20190531","01","11","    43690","JP3636000006","4900.0000","4940.0000","4830.0000","4940.0000","4910.0000","4975.0000","4865.0000","4905.0000","4900.0000","4975.0000","4830.0000","4905.0000"," ","0.0000","0.0000","93300","458546500","4914.7535"
"20190531","01","11","    43920","JP3166650006","305.0000","306.0000","302.0000","305.0000","306.0000","306.0000","303.0000","305.0000","305.0000","306.0000","302.0000","305.0000"," ","0.0000","0.0000","36600","11140900","304.3962"
"20190531","01","11","    44010","JP3114800000","1535.0000","1545.0000","1523.0000","1534.0000","1530.0000","1536.0000","1519.0000","1519.0000","1535.0000","1545.0000","1519.0000","1519.0000"," ","0.0000","0.0000","153900","235152800","1527.9584"
"20190531","01","11","    44030","JP3753400005","3920.0000","3950.0000","3905.0000","3930.0000","3925.0000","3940.0000","3910.0000","3915.0000","3920.0000","3950.0000","3905.0000","3915.0000"," ","0.0000","0.0000","131700","516993500","3925.5391"
"20190531","01","11","    44040","JP3910400005","1137.0000","1137.0000","1124.0000","1124.0000","1124.0000","1124.0000","1116.0000","1119.0000","1137.0000","1137.0000","1116.0000","1119.0000"," ","0.0000","0.0000","8400","9476800","1128.1905"
"20190531","01","11","    44060","JP3382600009","198.0000","198.0000","194.0000","194.0000","194.0000","196.0000","192.0000","192.0000","198.0000","198.0000","192.0000","192.0000"," ","0.0000","0.0000","133900","26050800","194.5541"
"20190531","01","11","    44100","JP3772600007","995.0000","995.0000","979.0000","989.0000","988.0000","990.0000","976.0000","980.0000","995.0000","995.0000","976.0000","980.0000"," ","0.0000","0.0000","13100","12887700","983.7939"
"20190531","01","11","    44230","JP3126240005","1142.0000","1157.0000","1122.0000","1148.0000","1148.0000","1151.0000","1123.0000","1131.0000","1142.0000","1157.0000","1122.0000","1131.0000"," ","0.0000","0.0000","244800","278004800","1135.6405"
"20190531","01","11","    44330","JP3791990009","1693.0000","1697.0000","1655.0000","1657.0000","1658.0000","1664.0000","1633.0000","1648.0000","1693.0000","1697.0000","1633.0000","1648.0000"," ","0.0000","0.0000","12500","20757900","1660.6320"
"20190531","01","11","    44520","JP3205800000","8565.0000","8655.0000","8560.0000","8598.0000","8594.0000","8594.0000","8478.0000","8480.0000","8565.0000","8655.0000","8478.0000","8480.0000"," ","0.0000","0.0000","2030800","17393072000","8564.6405"
"20190531","01","11","    44610","JP3475000000","2871.0000","2938.0000","2845.0000","2915.0000","2927.0000","2953.0000","2886.0000","2886.0000","2871.0000","2953.0000","2845.0000","2886.0000"," ","0.0000","0.0000","55100","160121900","2906.0236"
"20190531","01","11","    44620","JP3136900002","1465.0000","1473.0000","1419.0000","1436.0000","1437.0000","1473.0000","1437.0000","1460.0000","1465.0000","1473.0000","1419.0000","1460.0000"," ","0.0000","0.0000","19600","28505200","1454.3469"
"20190531","01","11","    44630","JP3666700004","932.0000","932.0000","908.0000","909.0000","911.0000","913.0000","910.0000","911.0000","932.0000","932.0000","908.0000","911.0000"," ","0.0000","0.0000","8000","7343100","917.8875"
"20190531","01","11","    44650","JP3657250001","1450.0000","1450.0000","1425.0000","1425.0000","1422.0000","1427.0000","1415.0000","1427.0000","1450.0000","1450.0000","1415.0000","1427.0000"," ","0.0000","0.0000","7100","10161800","1431.2394"
"20190531","01","11","    44710","JP3337600005","5630.0000","5660.0000","5500.0000","5600.0000","5600.0000","5650.0000","5570.0000","5580.0000","5630.0000","5660.0000","5500.0000","5580.0000"," ","0.0000","0.0000","170600","953749000","5590.5569"
"20190531","01","11","    45020","JP3463000004","3740.0000","3740.0000","3630.0000","3701.0000","3700.0000","3702.0000","3666.0000","3669.0000","3740.0000","3740.0000","3630.0000","3669.0000"," ","0.0000","0.0000","11671400","42900503300","3675.6947"
"20190531","01","11","    45030","JP3942400007","1468.0000","1483.5000","1457.0000","1472.5000","1475.0000","1476.0000","1460.0000","1462.5000","1468.0000","1483.5000","1457.0000","1462.5000"," ","0.0000","0.0000","6887000","10105189950","1467.2847"
"20190531","01","11","    45060","JP3495000006","2245.0000","2268.0000","2230.0000","2252.0000","2250.0000","2250.0000","2223.0000","2229.0000","2245.0000","2268.0000","2223.0000","2229.0000"," ","0.0000","0.0000","1171700","2624390200","2239.8141"
"20190531","01","11","    45070","JP3347200002","5950.0000","6023.0000","5940.0000","5991.0000","5990.0000","5994.0000","5933.0000","5940.0000","5950.0000","6023.0000","5933.0000","5940.0000"," ","0.0000","0.0000","1074600","6408938000","5964.0220"
"20190531","01","11","    45080","JP3469000008","1279.0000","1293.0000","1274.0000","1290.0000","1287.0000","1290.0000","1278.0000","1283.0000","1279.0000","1293.0000","1274.0000","1283.0000"," ","0.0000","0.0000","1263800","1622021900","1283.4483"
"20190531","01","11","    45120","JP3991200001","264.0000","265.0000","263.0000","264.0000","264.0000","266.0000","264.0000","265.0000","264.0000","266.0000","263.0000","265.0000"," ","0.0000","0.0000","10700","2831800","264.6542"
"20190531","01","11","    45140","JP3541200006","1178.0000","1178.0000","1146.0000","1168.0000","1168.0000","1190.0000","1167.0000","1168.0000","1178.0000","1190.0000","1146.0000","1168.0000"," ","0.0000","0.0000","74400","87047700","1169.9960"
"20190531","01","11","    45160","JP3717600005","7700.0000","7740.0000","7600.0000","7690.0000","7640.0000","7660.0000","7520.0000","7520.0000","7700.0000","7740.0000","7520.0000","7520.0000"," ","0.0000","0.0000","289400","2203077000","7612.5674"
"20190531","01","11","    45170","JP3799800002","2282.0000","2287.0000","2280.0000","2285.0000","2285.0000","2317.0000","2282.0000","2282.0000","2282.0000","2317.0000","2280.0000","2282.0000"," ","0.0000","0.0000","5600","12800300","2285.7679"
"20190531","01","11","    45190","JP3519400000","7280.0000","7340.0000","7240.0000","7320.0000","7320.0000","7320.0000","7220.0000","7240.0000","7280.0000","7340.0000","7220.0000","7240.0000"," ","0.0000","0.0000","904100","6570377000","7267.3122"
"20190531","01","11","    45210","JP3207000005","5150.0000","5220.0000","5140.0000","5170.0000","5150.0000","5180.0000","5140.0000","5140.0000","5150.0000","5220.0000","5140.0000","5140.0000"," ","0.0000","0.0000","99300","512418000","5160.3021"
"20190531","01","11","    45230","JP3160400002","6500.0000","6563.0000","6445.0000","6493.0000","6475.0000","6477.0000","6378.0000","6383.0000","6500.0000","6563.0000","6378.0000","6383.0000"," ","0.0000","0.0000","1064600","6856581300","6440.5235"
"20190531","01","11","    45260","JP3972600005","3475.0000","3475.0000","3445.0000","3455.0000","3455.0000","3480.0000","3455.0000","3470.0000","3475.0000","3480.0000","3445.0000","3470.0000"," ","0.0000","0.0000","6700","23209500","3464.1045"
"20190531","01","11","    45270","JP3982400008","2980.0000","3005.0000","2958.0000","2994.0000","2981.0000","2996.0000","2960.0000","2960.0000","2980.0000","3005.0000","2958.0000","2960.0000"," ","0.0000","0.0000","238300","709103900","2975.6773"
"20190531","01","11","    45280","JP3197600004","1902.0000","1943.0000","1898.0000","1931.0000","1930.5000","1953.0000","1920.0000","1920.0000","1902.0000","1953.0000","1898.0000","1920.0000"," ","0.0000","0.0000","4188400","8069691000","1926.6763"
"20190531","01","11","    45300","JP3784600003","4365.0000","4405.0000","4340.0000","4370.0000","4370.0000","4390.0000","4335.0000","4360.0000","4365.0000","4405.0000","4335.0000","4360.0000"," ","0.0000","0.0000","210800","920727000","4367.7751"
"20190531","01","11","    45310","JP3946400003","240.0000","240.0000","236.0000","237.0000","237.0000","238.0000","235.0000","235.0000","240.0000","240.0000","235.0000","235.0000"," ","0.0000","0.0000","25100","5970900","237.8845"
"20190531","01","11","    45340","JP3922800002","4990.0000","5020.0000","4965.0000","4985.0000","4990.0000","5020.0000","4950.0000","4960.0000","4990.0000","5020.0000","4950.0000","4960.0000"," ","0.0000","0.0000","47600","237057500","4980.1996"
"20190531","01","11","    45360","JP3336000009","1572.0000","1576.0000","1556.0000","1571.0000","1573.0000","1577.0000","1560.0000","1563.0000","1572.0000","1577.0000","1556.0000","1563.0000"," ","0.0000","0.0000","1029900","1612677800","1565.8586"
"20190531","01","11","    45380","JP3823600006","2040.0000","2090.0000","2011.0000","2026.0000","2021.0000","2021.0000","1994.0000","1994.0000","2040.0000","2090.0000","1994.0000","1994.0000"," ","0.0000","0.0000","12300","24786700","2015.1789"
"20190531","01","11","    45390","JP3701600003","2968.0000","2968.0000","2871.0000","2872.0000","2873.0000","2878.0000","2873.0000","2878.0000","2968.0000","2968.0000","2871.0000","2878.0000"," ","0.0000","0.0000","1100","3181800","2892.5455"
"20190531","01","11","    45400","JP3535800001","3040.0000","3045.0000","3020.0000","3020.0000","3030.0000","3045.0000","3025.0000","3025.0000","3040.0000","3045.0000","3020.0000","3025.0000"," ","0.0000","0.0000","170900","517974500","3030.8631"
"20190531","01","11","    45410","JP3687200000","1228.0000","1244.0000","1227.0000","1236.0000","1236.0000","1240.0000","1227.0000","1229.0000","1228.0000","1244.0000","1227.0000","1229.0000"," ","0.0000","0.0000","211500","260659000","1232.4303"
"20190531","01","11","    45430","JP3546800008","3090.0000","3124.0000","3075.0000","3119.0000","3122.0000","3127.0000","3087.0000","3088.0000","3090.0000","3127.0000","3075.0000","3088.0000"," ","0.0000","0.0000","2159400","6692886400","3099.4195"
"20190531","01","11","    45440","JP3822000000","2483.0000","2495.0000","2457.0000","2480.0000","2478.0000","2508.0000","2476.0000","2476.0000","2483.0000","2508.0000","2457.0000","2476.0000"," ","0.0000","0.0000","197300","489461400","2480.7978"
"20190531","01","11","    45470","JP3240600001","2573.0000","2594.0000","2542.0000","2549.0000","2545.0000","2573.0000","2539.0000","2545.0000","2573.0000","2594.0000","2539.0000","2545.0000"," ","0.0000","0.0000","155500","397436900","2555.8643"
"20190531","01","11","    45480","JP3414000004","1211.0000","1241.0000","1201.0000","1238.0000","1238.0000","1253.0000","1237.0000","1245.0000","1211.0000","1253.0000","1201.0000","1245.0000"," ","0.0000","0.0000","151200","186601300","1234.1356"
"20190531","01","11","    45490","JP3160700005","1952.0000","1998.0000","1919.0000","1949.0000","1945.0000","1951.0000","1913.0000","1915.0000","1952.0000","1998.0000","1913.0000","1915.0000"," ","0.0000","0.0000","170600","333120700","1952.6419"
"20190531","01","11","    45500","JP3678100003","1194.0000","1204.0000","1189.0000","1189.0000","1191.0000","1195.0000","1186.0000","1186.0000","1194.0000","1204.0000","1186.0000","1186.0000"," ","0.0000","0.0000","13900","16594200","1193.8273"
"20190531","01","11","    45510","JP3635800000","2329.0000","2373.0000","2324.0000","2368.0000","2369.0000","2394.0000","2357.0000","2361.0000","2329.0000","2394.0000","2324.0000","2361.0000"," ","0.0000","0.0000","89600","211962600","2365.6540"
"20190531","01","11","    45520","JP3701000006","6890.0000","6900.0000","6730.0000","6830.0000","6800.0000","6820.0000","6740.0000","6800.0000","6890.0000","6900.0000","6730.0000","6800.0000"," ","0.0000","0.0000","180300","1224622000","6792.1353"
"20190531","01","11","    45530","JP3623150004","2670.0000","2680.0000","2633.0000","2643.0000","2636.0000","2637.0000","2602.0000","2602.0000","2670.0000","2680.0000","2602.0000","2602.0000"," ","0.0000","0.0000","113400","297427600","2622.8183"
"20190531","01","11","    45540","JP3816200004","1430.0000","1465.0000","1430.0000","1458.0000","1454.0000","1462.0000","1434.0000","1438.0000","1430.0000","1465.0000","1430.0000","1438.0000"," ","0.0000","0.0000","16000","23106000","1444.1250"
"20190531","01","11","    45550","JP3323050009","5620.0000","5660.0000","5610.0000","5650.0000","5630.0000","5660.0000","5590.0000","5590.0000","5620.0000","5660.0000","5590.0000","5590.0000"," ","0.0000","0.0000","193400","1086941000","5620.1706"
"20190531","01","11","    45590","JP3428850006","2044.0000","2053.0000","2023.0000","2042.0000","2040.0000","2044.0000","2023.0000","2028.0000","2044.0000","2053.0000","2023.0000","2028.0000"," ","0.0000","0.0000","113100","229678700","2030.7577"
"20190531","01","11","    45680","JP3475350009","5337.0000","5426.0000","5315.0000","5350.0000","5345.0000","5345.0000","5252.0000","5255.0000","5337.0000","5426.0000","5252.0000","5255.0000"," ","0.0000","0.0000","1516100","8040035400","5303.1036"
"20190531","01","11","    45690","JP3247090008","1889.0000","1912.0000","1888.0000","1905.0000","1909.0000","1917.0000","1895.0000","1897.0000","1889.0000","1917.0000","1888.0000","1897.0000"," ","0.0000","0.0000","215300","409631800","1902.6094"
"20190531","01","11","    45740","JP3442200006","1975.0000","2040.0000","1975.0000","2017.0000","2019.0000","2047.0000","2005.0000","2011.0000","1975.0000","2047.0000","1975.0000","2011.0000"," ","0.0000","0.0000","60500","122100300","2018.1868"
"20190531","01","11","    45770","JP3486150000","3405.0000","3425.0000","3325.0000","3370.0000","3370.0000","3405.0000","3360.0000","3365.0000","3405.0000","3425.0000","3325.0000","3365.0000"," ","0.0000","0.0000","30500","102773500","3369.6230"
"20190531","01","11","    45780","JP3188220002","3659.0000","3733.0000","3654.0000","3685.0000","3682.0000","3684.0000","3637.0000","3646.0000","3659.0000","3733.0000","3637.0000","3646.0000"," ","0.0000","0.0000","1580000","5786274700","3662.1992"
"20190531","01","11","    45810","JP3442850008","8980.0000","9030.0000","8920.0000","8930.0000","8920.0000","8950.0000","8850.0000","8890.0000","8980.0000","9030.0000","8850.0000","8890.0000"," ","0.0000","0.0000","161500","1439595000","8913.9009"
"20190531","01","11","    45870","JP3836750004","5300.0000","5440.0000","5300.0000","5430.0000","5410.0000","5450.0000","5370.0000","5410.0000","5300.0000","5450.0000","5300.0000","5410.0000"," ","0.0000","0.0000","800500","4317600000","5393.6290"
"20190531","01","11","    46110","JP3495400008","967.0000","969.0000","959.0000","966.0000","968.0000","972.0000","962.0000","963.0000","967.0000","972.0000","959.0000","963.0000"," ","0.0000","0.0000","20700","19989200","965.6618"
"20190531","01","11","    46120","JP3749400002","4405.0000","4415.0000","4325.0000","4330.0000","4330.0000","4345.0000","4295.0000","4300.0000","4405.0000","4415.0000","4295.0000","4300.0000"," ","0.0000","0.0000","610700","2649630500","4338.6777"
"20190531","01","11","    46130","JP3229400001","2040.0000","2065.0000","2035.0000","2048.0000","2050.0000","2067.0000","2045.0000","2057.0000","2040.0000","2067.0000","2035.0000","2057.0000"," ","0.0000","0.0000","882200","1813712200","2055.8968"
"20190531","01","11","    46150","JP3378600005","167.0000","167.0000","166.0000","167.0000","168.0000","169.0000","167.0000","167.0000","167.0000","169.0000","166.0000","167.0000"," ","0.0000","0.0000","22600","3771500","166.8805"
"20190531","01","11","    46170","JP3522600000","942.0000","944.0000","929.0000","935.0000","935.0000","940.0000","932.0000","936.0000","942.0000","944.0000","929.0000","936.0000"," ","0.0000","0.0000","144100","134847800","935.7932"
"20190531","01","11","    46190","JP3739000002","1181.0000","1181.0000","1158.0000","1170.0000","1170.0000","1175.0000","1165.0000","1168.0000","1181.0000","1181.0000","1158.0000","1168.0000"," ","0.0000","0.0000","20300","23734100","1169.1675"
"20190531","01","11","    46200","JP3811200009","562.0000","562.0000","559.0000","561.0000","562.0000","562.0000","557.0000","559.0000","562.0000","562.0000","557.0000","559.0000"," ","0.0000","0.0000","11300","6320600","559.3451"
"20190531","01","11","    46260","JP3449100001","3325.0000","3350.0000","3315.0000","3320.0000","3330.0000","3335.0000","3310.0000","3310.0000","3325.0000","3350.0000","3310.0000","3310.0000"," ","0.0000","0.0000","45800","152114500","3321.2773"
"20190531","01","11","    46310","JP3493400000","2708.0000","2712.0000","2668.0000","2671.0000","2671.0000","2677.0000","2645.0000","2645.0000","2708.0000","2712.0000","2645.0000","2645.0000"," ","0.0000","0.0000","831400","2218374100","2668.2392"
"20190531","01","11","    46330","JP3314800008","956.0000","969.0000","956.0000","958.0000","952.0000","958.0000","948.0000","954.0000","956.0000","969.0000","948.0000","954.0000"," ","0.0000","0.0000","109800","104977600","956.0801"
"20190531","01","11","    46340","JP3606600009","2290.0000","2297.0000","2258.0000","2267.0000","2261.0000","2273.0000","2256.0000","2262.0000","2290.0000","2297.0000","2256.0000","2262.0000"," ","0.0000","0.0000","65300","148009200","2266.6034"
"20190531","01","11","    46360","JP3538570007","924.0000","925.0000","910.0000","915.0000","920.0000","922.0000","917.0000","922.0000","924.0000","925.0000","910.0000","922.0000"," ","0.0000","0.0000","13300","12227000","919.3233"
"20190531","01","11","    46410","JP3126350002","1840.0000","1848.0000","1830.0000","1845.0000","1831.0000","1848.0000","1831.0000","1834.0000","1840.0000","1848.0000","1830.0000","1834.0000"," ","0.0000","0.0000","41500","76399800","1840.9590"
"20190531","01","11","    46510","JP3322600002","214.0000","214.0000","208.0000","211.0000","210.0000","211.0000","208.0000","209.0000","214.0000","214.0000","208.0000","209.0000"," ","0.0000","0.0000","211500","44498500","210.3948"
"20190531","01","11","    46530","JP3480520000","1318.0000","1330.0000","1318.0000","1330.0000","1333.0000","1333.0000","1322.0000","1322.0000","1318.0000","1333.0000","1318.0000","1322.0000"," ","0.0000","0.0000","1700","2249100","1323.0000"
"20190531","01","11","    46580","JP3699500009","664.0000","664.0000","660.0000","662.0000","665.0000","670.0000","664.0000","668.0000","664.0000","670.0000","660.0000","668.0000"," ","0.0000","0.0000","23900","15903200","665.4059"
"20190531","01","11","    46610","JP3198900007","13315.0000","13395.0000","13190.0000","13260.0000","13250.0000","13280.0000","13225.0000","13250.0000","13315.0000","13395.0000","13190.0000","13250.0000"," ","0.0000","0.0000","597200","7920261500","13262.3267"
"20190531","01","11","    46620","JP3802740005","852.0000","858.0000","844.0000","853.0000","853.0000","854.0000","844.0000","844.0000","852.0000","858.0000","844.0000","844.0000"," ","0.0000","0.0000","30700","26068400","849.1336"
"20190531","01","11","    46650","JP3505900005","2840.0000","2866.0000","2836.0000","2858.0000","2858.0000","2866.0000","2839.0000","2841.0000","2840.0000","2866.0000","2836.0000","2841.0000"," ","0.0000","0.0000","147200","419444100","2849.4844"
"20190531","01","11","    46660","JP3780100008","2130.0000","2132.0000","2049.0000","2069.0000","2069.0000","2076.0000","2037.0000","2040.0000","2130.0000","2132.0000","2037.0000","2040.0000"," ","0.0000","0.0000","2675700","5514061800","2060.7922"
"20190531","01","11","    46680","JP3916100005","960.0000","965.0000","942.0000","946.0000","955.0000","970.0000","953.0000","958.0000","960.0000","970.0000","942.0000","958.0000"," ","0.0000","0.0000","172300","164890100","956.9942"
"20190531","01","11","    46710","JP3802650006","1614.0000","1636.0000","1609.0000","1634.0000","1634.0000","1644.0000","1633.0000","1637.0000","1614.0000","1644.0000","1609.0000","1637.0000"," ","0.0000","0.0000","31000","50573800","1631.4129"
"20190531","01","11","    46740","JP3271100004","3385.0000","3415.0000","3350.0000","3365.0000","3370.0000","3415.0000","3370.0000","3410.0000","3385.0000","3415.0000","3350.0000","3410.0000"," ","0.0000","0.0000","13300","45074500","3389.0602"
"20190531","01","11","    46760","JP3819400007","1482.0000","1487.0000","1471.0000","1478.0000","1479.0000","1483.0000","1475.0000","1475.0000","1482.0000","1487.0000","1471.0000","1475.0000"," ","0.0000","0.0000","519300","767076300","1477.1352"
"20190531","01","11","    46780","JP3359850009","435.0000","435.0000","433.0000","433.0000","434.0000","434.0000","432.0000","432.0000","435.0000","435.0000","432.0000","432.0000"," ","0.0000","0.0000","2500","1083900","433.5600"
"20190531","01","11","    46790","JP3472000003","595.0000","595.0000","595.0000","595.0000","595.0000","597.0000","595.0000","597.0000","595.0000","597.0000","595.0000","597.0000"," ","0.0000","0.0000","4900","2917800","595.4694"
"20190531","01","11","    46800","JP3966800009","1578.0000","1617.0000","1574.0000","1601.0000","1601.0000","1624.0000","1598.0000","1613.0000","1578.0000","1624.0000","1574.0000","1613.0000"," ","0.0000","0.0000","770900","1235860600","1603.1400"
"20190531","01","11","    46810","JP3974450003","1694.0000","1704.0000","1681.0000","1697.0000","1696.0000","1700.0000","1680.0000","1682.0000","1694.0000","1704.0000","1680.0000","1682.0000"," ","0.0000","0.0000","343800","581313000","1690.8464"
"20190531","01","11","    46840","JP3173400007","12690.0000","13120.0000","12650.0000","13030.0000","13030.0000","13190.0000","13030.0000","13130.0000","12690.0000","13190.0000","12650.0000","13130.0000"," ","0.0000","0.0000","358700","4678290000","13042.3474"
"20190531","01","11","    46860","JP3388450003","3335.0000","3425.0000","3330.0000","3395.0000","3410.0000","3435.0000","3390.0000","3400.0000","3335.0000","3435.0000","3330.0000","3400.0000"," ","0.0000","0.0000","230900","784206000","3396.3014"
"20190531","01","11","    46870","JP3539000004","800.0000","804.0000","792.0000","800.0000","804.0000","805.0000","788.0000","791.0000","800.0000","805.0000","788.0000","791.0000"," ","0.0000","0.0000","37200","29617000","796.1559"
"20190531","01","11","    46890","JP3933800009","309.0000","312.0000","308.0000","312.0000","312.0000","314.0000","310.0000","313.0000","309.0000","314.0000","308.0000","313.0000"," ","0.0000","0.0000","21482200","6686526100","311.2589"
"20190531","01","11","    46940","JP3799700004","3080.0000","3080.0000","3040.0000","3060.0000","3070.0000","3075.0000","3055.0000","3075.0000","3080.0000","3080.0000","3040.0000","3075.0000"," ","0.0000","0.0000","45600","139725500","3064.1557"
"20190531","01","11","    46960","JP3993850001","580.0000","580.0000","569.0000","575.0000","572.0000","572.0000","559.0000","559.0000","580.0000","580.0000","559.0000","559.0000"," ","0.0000","0.0000","14300","8178900","571.9510"
"20190531","01","11","    47040","JP3637300009","4950.0000","4990.0000","4915.0000","4960.0000","4960.0000","4965.0000","4855.0000","4875.0000","4950.0000","4990.0000","4855.0000","4875.0000"," ","0.0000","0.0000","1069900","5249623500","4906.6488"
"20190531","01","11","    47080","JP3922200005","1180.0000","1181.0000","1156.0000","1172.0000","1170.0000","1184.0000","1169.0000","1174.0000","1180.0000","1184.0000","1156.0000","1174.0000"," ","0.0000","0.0000","316000","370124900","1171.2813"
"20190531","01","11","    47090","JP3153600006","1080.0000","1096.0000","1059.0000","1067.0000","1066.0000","1074.0000","1062.0000","1065.0000","1080.0000","1096.0000","1059.0000","1065.0000"," ","0.0000","0.0000","18100","19351900","1069.1657"
"20190531","01","11","    47140","JP3974300000","438.0000","443.0000","435.0000","440.0000","441.0000","441.0000","437.0000","437.0000","438.0000","443.0000","435.0000","437.0000"," ","0.0000","0.0000","517900","227089200","438.4808"
"20190531","01","11","    47160","JP3689500001","7580.0000","7620.0000","7540.0000","7600.0000","7600.0000","7620.0000","7580.0000","7590.0000","7580.0000","7620.0000","7540.0000","7590.0000"," ","0.0000","0.0000","128200","973310000","7592.1217"
"20190531","01","11","    47180","JP3993750003","771.0000","776.0000","754.0000","775.0000","770.0000","777.0000","766.0000","769.0000","771.0000","777.0000","754.0000","769.0000"," ","0.0000","0.0000","21500","16529600","768.8186"
"20190531","01","11","    47190","JP3126330004","2782.0000","2788.0000","2752.0000","2763.0000","2763.0000","2786.0000","2751.0000","2753.0000","2782.0000","2788.0000","2751.0000","2753.0000"," ","0.0000","0.0000","7800","21579700","2766.6282"
"20190531","01","11","    47220","JP3826200002","1921.0000","1960.0000","1907.0000","1919.0000","1930.0000","1943.0000","1922.0000","1929.0000","1921.0000","1960.0000","1907.0000","1929.0000"," ","0.0000","0.0000","92600","178430400","1926.8942"
"20190531","01","11","    47250","JP3346300001","1690.0000","1692.0000","1664.0000","1692.0000","1694.0000","1725.0000","1686.0000","1691.0000","1690.0000","1725.0000","1664.0000","1691.0000"," ","0.0000","0.0000","134200","227005400","1691.5455"
"20190531","01","11","    47260","JP3436150001","2344.0000","2356.0000","2295.0000","2332.0000","2340.0000","2373.0000","2333.0000","2340.0000","2344.0000","2373.0000","2295.0000","2340.0000"," ","0.0000","0.0000","104700","244914000","2339.1977"
"20190531","01","11","    47280","JP3552450003","837.0000","851.0000","831.0000","850.0000","850.0000","864.0000","822.0000","829.0000","837.0000","864.0000","822.0000","829.0000"," ","0.0000","0.0000","41800","35065600","838.8900"
"20190531","01","11","    47320","JP3944130008","2051.0000","2060.0000","2043.0000","2059.0000","2059.0000","2073.0000","2056.0000","2063.0000","2051.0000","2073.0000","2043.0000","2063.0000"," ","0.0000","0.0000","722900","1487885000","2058.2169"
"20190531","01","11","    47330","JP3173500004","4870.0000","4935.0000","4860.0000","4915.0000","4910.0000","4935.0000","4870.0000","4870.0000","4870.0000","4935.0000","4860.0000","4870.0000"," ","0.0000","0.0000","59900","293091000","4893.0050"
"20190531","01","11","    47390","JP3143900003","2685.0000","2690.0000","2645.0000","2679.0000","2684.0000","2704.0000","2677.0000","2696.0000","2685.0000","2704.0000","2645.0000","2696.0000"," ","0.0000","0.0000","1077000","2891437800","2684.7148"
"20190531","01","11","    47430","JP3530000003","828.0000","845.0000","824.0000","843.0000","845.0000","849.0000","834.0000","835.0000","828.0000","849.0000","824.0000","835.0000"," ","0.0000","0.0000","145700","121872700","836.4633"
"20190531","01","11","    47450","JP3576500007","936.0000","943.0000","926.0000","926.0000","934.0000","934.0000","913.0000","918.0000","936.0000","943.0000","913.0000","918.0000"," ","0.0000","0.0000","43500","40154000","923.0805"
"20190531","01","11","    47460","JP3590850008","2980.0000","3005.0000","2977.0000","3000.0000","3010.0000","3010.0000","2998.0000","2998.0000","2980.0000","3010.0000","2977.0000","2998.0000"," ","0.0000","0.0000","2100","6287200","2993.9048"
"20190531","01","11","    47510","JP3311400000","4120.0000","4270.0000","4105.0000","4225.0000","4220.0000","4220.0000","4155.0000","4180.0000","4120.0000","4270.0000","4105.0000","4180.0000"," ","0.0000","0.0000","1140800","4788329000","4197.3431"
"20190531","01","11","    47550","JP3967200001","1102.0000","1153.0000","1102.0000","1150.0000","1150.0000","1150.0000","1132.0000","1135.0000","1102.0000","1153.0000","1102.0000","1135.0000"," ","0.0000","0.0000","11304900","12850344100","1136.7057"
"20190531","01","11","    47620","JP3164430005","920.0000","920.0000","919.0000","919.0000","914.0000","914.0000","914.0000","914.0000","920.0000","920.0000","914.0000","914.0000"," ","0.0000","0.0000","900","824200","915.7778"
"20190531","01","11","    47630","JP3269700005","1224.0000","1231.0000","1206.0000","1217.0000","1215.0000","1219.0000","1200.0000","1205.0000","1224.0000","1231.0000","1200.0000","1205.0000"," ","0.0000","0.0000","63600","77112200","1212.4560"
"20190531","01","11","    47670","JP3538450002","758.0000","762.0000","750.0000","758.0000","758.0000","759.0000","754.0000","756.0000","758.0000","762.0000","750.0000","756.0000"," ","0.0000","0.0000","17500","13244500","756.8286"
"20190531","01","11","    47680","JP3188200004","4250.0000","4280.0000","4205.0000","4250.0000","4250.0000","4255.0000","4200.0000","4215.0000","4250.0000","4280.0000","4200.0000","4215.0000"," ","0.0000","0.0000","503300","2129831500","4231.7336"
"20190531","01","11","    47760","JP3312100005","1171.0000","1196.0000","1165.0000","1176.0000","1173.0000","1189.0000","1173.0000","1183.0000","1171.0000","1196.0000","1165.0000","1183.0000"," ","0.0000","0.0000","202400","239106200","1181.3547"
"20190531","01","11","    47790","JP3436170009","475.0000","475.0000","468.0000","474.0000","474.0000","474.0000","463.0000","472.0000","475.0000","475.0000","463.0000","472.0000"," ","0.0000","0.0000","83800","39326400","469.2888"
"20190531","01","11","    47920","JP3588100002","2051.0000","2073.0000","2006.0000","2070.0000","2076.0000","2121.0000","2072.0000","2094.0000","2051.0000","2121.0000","2006.0000","2094.0000"," ","0.0000","0.0000","42600","88690100","2081.9272"
"20190531","01","11","    48010","JP3425600008","3280.0000","3280.0000","3245.0000","3245.0000","3245.0000","3290.0000","3245.0000","3280.0000","3280.0000","3290.0000","3245.0000","3280.0000"," ","0.0000","0.0000","8400","27457000","3268.6905"
"20190531","01","11","    48090","JP3781700004","1971.0000","1971.0000","1950.0000","1950.0000","1945.0000","1969.0000","1936.0000","1969.0000","1971.0000","1971.0000","1936.0000","1969.0000"," ","0.0000","0.0000","5300","10358800","1954.4906"
"20190531","01","11","    48120","JP3551530003","3450.0000","3450.0000","3370.0000","3405.0000","3400.0000","3420.0000","3380.0000","3390.0000","3450.0000","3450.0000","3370.0000","3390.0000"," ","0.0000","0.0000","90700","308493500","3401.2514"
"20190531","01","11","    48190","JP3549070005","3600.0000","3640.0000","3530.0000","3570.0000","3575.0000","3595.0000","3520.0000","3535.0000","3600.0000","3640.0000","3520.0000","3535.0000"," ","0.0000","0.0000","435000","1552953500","3570.0080"
"20190531","01","11","    48200","JP3130200003","1487.0000","1500.0000","1455.0000","1480.0000","1480.0000","1483.0000","1468.0000","1472.0000","1487.0000","1500.0000","1455.0000","1472.0000"," ","0.0000","0.0000","94200","138859600","1474.0934"
"20190531","01","11","    48250","JP3154500007","3185.0000","3205.0000","3155.0000","3195.0000","3205.0000","3210.0000","3165.0000","3210.0000","3185.0000","3210.0000","3155.0000","3210.0000"," ","0.0000","0.0000","16300","51984500","3189.2331"
"20190531","01","11","    48260","JP3346170008","1010.0000","1018.0000","992.0000","995.0000","998.0000","1000.0000","991.0000","993.0000","1010.0000","1018.0000","991.0000","993.0000"," ","0.0000","0.0000","59000","58977100","999.6119"
"20190531","01","11","    48280","JP3618800001","2171.0000","2171.0000","2171.0000","2171.0000","2174.0000","2189.0000","2150.0000","2150.0000","2171.0000","2189.0000","2150.0000","2150.0000"," ","0.0000","0.0000","3000","6515800","2171.9333"
"20190531","01","11","    48290","JP3689470007","162.0000","162.0000","160.0000","161.0000","161.0000","162.0000","159.0000","159.0000","162.0000","162.0000","159.0000","159.0000"," ","0.0000","0.0000","63900","10297500","161.1502"
"20190531","01","11","    48390","JP3990770004","2692.0000","2695.0000","2628.0000","2643.0000","2652.0000","2658.0000","2639.0000","2642.0000","2692.0000","2695.0000","2628.0000","2642.0000"," ","0.0000","0.0000","22100","58612300","2652.1403"
"20190531","01","11","    48450","JP3548520000","842.0000","845.0000","832.0000","842.0000","840.0000","854.0000","830.0000","830.0000","842.0000","854.0000","830.0000","830.0000"," ","0.0000","0.0000","113500","95265900","839.3471"
"20190531","01","11","    48470","JP3153100007","806.0000","821.0000","803.0000","816.0000","817.0000","830.0000","810.0000","811.0000","806.0000","830.0000","803.0000","811.0000"," ","0.0000","0.0000","258700","211243500","816.5578"
"20190531","01","11","    48480","JP3827800008","2103.0000","2122.0000","2080.0000","2108.0000","2112.0000","2117.0000","2091.0000","2092.0000","2103.0000","2122.0000","2080.0000","2092.0000"," ","0.0000","0.0000","89000","186848800","2099.4247"
"20190531","01","11","    48490","JP3168700007","3855.0000","3930.0000","3835.0000","3900.0000","3890.0000","3905.0000","3840.0000","3845.0000","3855.0000","3930.0000","3835.0000","3845.0000"," ","0.0000","0.0000","253800","984403500","3878.6584"
"20190531","01","11","    49010","JP3814000000","5192.0000","5214.0000","5158.0000","5201.0000","5201.0000","5217.0000","5190.0000","5199.0000","5192.0000","5217.0000","5158.0000","5199.0000"," ","0.0000","0.0000","1963600","10203388700","5196.2664"
"20190531","01","11","    49020","JP3300600008","966.0000","970.0000","957.0000","966.0000","964.0000","968.0000","955.0000","958.0000","966.0000","970.0000","955.0000","958.0000"," ","0.0000","0.0000","2239600","2152182600","960.9674"
"20190531","01","11","    49110","JP3351600006","7895.0000","7970.0000","7848.0000","7897.0000","7897.0000","7897.0000","7815.0000","7833.0000","7895.0000","7970.0000","7815.0000","7833.0000"," ","0.0000","0.0000","1958900","15413010200","7868.1965"
"20190531","01","11","    49120","JP3965400009","2114.0000","2134.0000","2112.0000","2121.0000","2118.0000","2121.0000","2097.0000","2104.0000","2114.0000","2134.0000","2097.0000","2104.0000"," ","0.0000","0.0000","880500","1857998900","2110.1634"
"20190531","01","11","    49140","JP3454400007","3075.0000","3090.0000","3055.0000","3070.0000","3075.0000","3105.0000","3070.0000","3080.0000","3075.0000","3105.0000","3055.0000","3080.0000"," ","0.0000","0.0000","24400","75141000","3079.5492"
"20190531","01","11","    49170","JP3879400004","2646.0000","2683.0000","2637.0000","2676.0000","2676.0000","2689.0000","2659.0000","2664.0000","2646.0000","2689.0000","2637.0000","2664.0000"," ","0.0000","0.0000","170100","453995000","2668.9888"
"20190531","01","11","    49190","JP3910650005","5090.0000","5180.0000","5070.0000","5150.0000","5160.0000","5170.0000","5130.0000","5140.0000","5090.0000","5180.0000","5070.0000","5140.0000"," ","0.0000","0.0000","93000","478510000","5145.2688"
"20190531","01","11","    49210","JP3802670004","2887.0000","2958.0000","2880.0000","2945.0000","2948.0000","2953.0000","2905.0000","2936.0000","2887.0000","2958.0000","2880.0000","2936.0000"," ","0.0000","0.0000","1523900","4466102000","2930.7054"
"20190531","01","11","    49220","JP3283650004","17120.0000","17350.0000","17110.0000","17320.0000","17290.0000","17290.0000","17100.0000","17170.0000","17120.0000","17350.0000","17100.0000","17170.0000"," ","0.0000","0.0000","224200","3858975000","17212.1989"
"20190531","01","11","    49230","JP3298900006","1161.0000","1170.0000","1153.0000","1169.0000","1164.0000","1165.0000","1158.0000","1158.0000","1161.0000","1170.0000","1153.0000","1158.0000"," ","0.0000","0.0000","14000","16249500","1160.6786"
"20190531","01","11","    49260","JP3347130001","2400.0000","2400.0000","2392.0000","2392.0000","2392.0000","2392.0000","2390.0000","2390.0000","2400.0000","2400.0000","2390.0000","2390.0000"," ","0.0000","0.0000","1300","3111400","2393.3846"
"20190531","01","11","    49270","JP3855900001","3025.0000","3070.0000","3020.0000","3045.0000","3040.0000","3040.0000","3005.0000","3005.0000","3025.0000","3070.0000","3005.0000","3005.0000"," ","0.0000","0.0000","952400","2886158500","3030.4058"
"20190531","01","11","    49280","JP3760450001","5770.0000","5800.0000","5720.0000","5730.0000","5720.0000","5730.0000","5650.0000","5660.0000","5770.0000","5800.0000","5650.0000","5660.0000"," ","0.0000","0.0000","75400","430069000","5703.8329"
"20190531","01","11","    49290","JP3119620007","911.0000","915.0000","911.0000","915.0000","914.0000","914.0000","908.0000","911.0000","911.0000","915.0000","908.0000","911.0000"," ","0.0000","0.0000","5300","4834600","912.1887"
"20190531","01","11","    49510","JP3162800001","1720.0000","1720.0000","1710.0000","1710.0000","1714.0000","1718.0000","1707.0000","1716.0000","1720.0000","1720.0000","1707.0000","1716.0000"," ","0.0000","0.0000","12600","21593700","1713.7857"
"20190531","01","11","    49550","JP3108200001","2094.0000","2110.0000","2057.0000","2089.0000","2089.0000","2095.0000","2063.0000","2074.0000","2094.0000","2110.0000","2057.0000","2074.0000"," ","0.0000","0.0000","9800","20363100","2077.8673"
"20190531","01","11","    49560","JP3300800004","1551.0000","1560.0000","1548.0000","1556.0000","1544.0000","1573.0000","1544.0000","1571.0000","1551.0000","1573.0000","1544.0000","1571.0000"," ","0.0000","0.0000","74300","116048200","1561.8869"
"20190531","01","11","    49580","JP3768500005","1789.0000","1804.0000","1772.0000","1796.0000","1782.0000","1802.0000","1782.0000","1796.0000","1789.0000","1804.0000","1772.0000","1796.0000"," ","0.0000","0.0000","62200","111535200","1793.1704"
"20190531","01","11","    49630","JP3746900004","738.0000","738.0000","726.0000","735.0000","733.0000","738.0000","727.0000","729.0000","738.0000","738.0000","726.0000","729.0000"," ","0.0000","0.0000","20400","14898900","730.3382"
"20190531","01","11","    49670","JP3301100008","8090.0000","8140.0000","8030.0000","8090.0000","8070.0000","8120.0000","8050.0000","8080.0000","8090.0000","8140.0000","8030.0000","8080.0000"," ","0.0000","0.0000","154200","1247028000","8087.0817"
"20190531","01","11","    49680","JP3125000004","1269.0000","1269.0000","1242.0000","1246.0000","1246.0000","1248.0000","1231.0000","1231.0000","1269.0000","1269.0000","1231.0000","1231.0000"," ","0.0000","0.0000","18500","22952500","1240.6757"
"20190531","01","11","    49710","JP3920890005","1039.0000","1039.0000","1012.0000","1033.0000","1037.0000","1039.0000","1025.0000","1029.0000","1039.0000","1039.0000","1012.0000","1029.0000"," ","0.0000","0.0000","75700","77889100","1028.9181"
"20190531","01","11","    49730","JP3706600008","2313.0000","2318.0000","2313.0000","2318.0000","2318.0000","2325.0000","2312.0000","2325.0000","2313.0000","2325.0000","2312.0000","2325.0000"," ","0.0000","0.0000","5100","11823700","2318.3725"
"20190531","01","11","    49740","JP3460200003","2348.0000","2380.0000","2311.0000","2330.0000","2336.0000","2353.0000","2310.0000","2324.0000","2348.0000","2380.0000","2310.0000","2324.0000"," ","0.0000","0.0000","638100","1489383800","2334.0915"
"20190531","01","11","    49750","JP3166200000","1944.0000","1972.0000","1941.0000","1961.0000","1966.0000","1999.0000","1965.0000","1980.0000","1944.0000","1999.0000","1941.0000","1980.0000"," ","0.0000","0.0000","143700","283564700","1973.3104"
"20190531","01","11","    49770","JP3679870000","695.0000","695.0000","666.0000","682.0000","692.0000","704.0000","687.0000","704.0000","695.0000","704.0000","666.0000","704.0000"," ","0.0000","0.0000","18400","12681900","689.2337"
"20190531","01","11","    49790","JP3174220008","1275.0000","1277.0000","1260.0000","1261.0000","1270.0000","1274.0000","1250.0000","1256.0000","1275.0000","1277.0000","1250.0000","1256.0000"," ","0.0000","0.0000","26300","33147200","1260.3498"
"20190531","01","11","    49800","JP3548770001","697.0000","700.0000","686.0000","694.0000","694.0000","696.0000","688.0000","690.0000","697.0000","700.0000","686.0000","690.0000"," ","0.0000","0.0000","386600","267907400","692.9834"
"20190531","01","11","    49850","JP3100190002","5050.0000","5070.0000","4995.0000","5000.0000","4990.0000","5020.0000","4985.0000","4985.0000","5050.0000","5070.0000","4985.0000","4985.0000"," ","0.0000","0.0000","23700","118711500","5008.9241"
"20190531","01","11","    49920","JP3851000004","484.0000","486.0000","482.0000","483.0000","485.0000","486.0000","480.0000","480.0000","484.0000","486.0000","480.0000","480.0000"," ","0.0000","0.0000","29600","14272700","482.1858"
"20190531","01","11","    49940","JP3444900009","2843.0000","2852.0000","2843.0000","2852.0000","2832.0000","2832.0000","2820.0000","2827.0000","2843.0000","2852.0000","2820.0000","2827.0000"," ","0.0000","0.0000","2300","6510000","2830.4348"
"20190531","01","11","    49960","JP3267600009","730.0000","752.0000","725.0000","749.0000","749.0000","760.0000","742.0000","742.0000","730.0000","760.0000","725.0000","742.0000"," ","0.0000","0.0000","459700","343411200","747.0333"
"20190531","01","11","    49970","JP3741800001","406.0000","407.0000","401.0000","401.0000","402.0000","406.0000","402.0000","406.0000","406.0000","407.0000","401.0000","406.0000"," ","0.0000","0.0000","152400","61587800","404.1194"
"20190531","01","11","    50090","JP3812800005","698.0000","703.0000","696.0000","696.0000","696.0000","701.0000","696.0000","701.0000","698.0000","703.0000","696.0000","701.0000"," ","0.0000","0.0000","22100","15447200","698.9683"
"20190531","01","11","    50110","JP3665600007","1013.0000","1013.0000","1004.0000","1004.0000","1005.0000","1012.0000","1004.0000","1011.0000","1013.0000","1013.0000","1004.0000","1011.0000"," ","0.0000","0.0000","15200","15336800","1009.0000"
"20190531","01","11","    50130","JP3948400001","1277.0000","1277.0000","1270.0000","1274.0000","1280.0000","1283.0000","1273.0000","1280.0000","1277.0000","1283.0000","1270.0000","1280.0000"," ","0.0000","0.0000","6500","8307300","1278.0462"
"20190531","01","11","    50150","JP3836500003","1459.0000","1469.0000","1451.0000","1451.0000","1457.0000","1467.0000","1456.0000","1459.0000","1459.0000","1469.0000","1451.0000","1459.0000"," ","0.0000","0.0000","10700","15615500","1459.3925"
"20190531","01","11","    50170","JP3160300004","261.0000","263.0000","255.0000","258.0000","258.0000","261.0000","257.0000","260.0000","261.0000","263.0000","255.0000","260.0000"," ","0.0000","0.0000","639100","165242100","258.5544"
"20190531","01","11","    50180","JP3868850003","1396.0000","1400.0000","1383.0000","1398.0000","1388.0000","1400.0000","1387.0000","1393.0000","1396.0000","1400.0000","1383.0000","1393.0000"," ","0.0000","0.0000","12700","17688500","1392.7953"
"20190531","01","11","    50190","JP3142500002","3075.0000","3120.0000","3055.0000","3100.0000","3090.0000","3115.0000","3070.0000","3075.0000","3075.0000","3120.0000","3055.0000","3075.0000"," ","0.0000","0.0000","1674500","5170495000","3087.7844"
"20190531","01","11","    50200","JP3386450005","522.6000","525.1000","512.3000","520.1000","520.9000","524.1000","518.4000","518.5000","522.6000","525.1000","512.3000","518.5000"," ","0.0000","0.0000","17838300","9272052500","519.7834"
"20190531","01","11","    50210","JP3298000005","2113.0000","2147.0000","2091.0000","2135.0000","2135.0000","2155.0000","2129.0000","2138.0000","2113.0000","2155.0000","2091.0000","2138.0000"," ","0.0000","0.0000","555800","1182821100","2128.1416"
"20190531","01","11","    51010","JP3955800002","1856.0000","1856.0000","1825.0000","1828.0000","1830.0000","1830.0000","1810.0000","1814.0000","1856.0000","1856.0000","1810.0000","1814.0000"," ","0.0000","0.0000","518700","945810400","1823.4247"
"20190531","01","11","    51050","JP3610600003","1350.0000","1360.0000","1340.0000","1352.0000","1352.0000","1379.0000","1351.0000","1355.0000","1350.0000","1379.0000","1340.0000","1355.0000"," ","0.0000","0.0000","1239700","1683682500","1358.1370"
"20190531","01","11","    51080","JP3830800003","4114.0000","4119.0000","4080.0000","4087.0000","4087.0000","4087.0000","4058.0000","4059.0000","4114.0000","4119.0000","4058.0000","4059.0000"," ","0.0000","0.0000","2593600","10574797400","4077.2661"
"20190531","01","11","    51100","JP3404200002","1214.0000","1216.0000","1203.0000","1210.0000","1213.0000","1213.0000","1202.0000","1204.0000","1214.0000","1216.0000","1202.0000","1204.0000"," ","0.0000","0.0000","959200","1159070700","1208.3723"
"20190531","01","11","    51210","JP3811600000","384.0000","384.0000","376.0000","377.0000","376.0000","380.0000","375.0000","377.0000","384.0000","384.0000","375.0000","377.0000"," ","0.0000","0.0000","60500","22858400","377.8248"
"20190531","01","11","    51220","JP3192800005","4880.0000","4895.0000","4765.0000","4830.0000","4845.0000","4910.0000","4810.0000","4830.0000","4880.0000","4910.0000","4765.0000","4830.0000"," ","0.0000","0.0000","62100","300274500","4835.3382"
"20190531","01","11","    51420","JP3108000005","1970.0000","1970.0000","1943.0000","1947.0000","1960.0000","1969.0000","1947.0000","1957.0000","1970.0000","1970.0000","1943.0000","1957.0000"," ","0.0000","0.0000","15300","29915300","1955.2484"
"20190531","01","11","    51850","JP3807000009","701.0000","701.0000","698.0000","701.0000","700.0000","706.0000","696.0000","696.0000","701.0000","706.0000","696.0000","696.0000"," ","0.0000","0.0000","13100","9167600","699.8168"
"20190531","01","11","    51860","JP3679850002","3045.0000","3055.0000","3020.0000","3045.0000","3060.0000","3070.0000","3030.0000","3035.0000","3045.0000","3070.0000","3020.0000","3035.0000"," ","0.0000","0.0000","29000","88292000","3044.5517"
"20190531","01","11","    51870","JP3269800003","925.0000","929.0000","915.0000","920.0000","920.0000","920.0000","914.0000","918.0000","925.0000","929.0000","914.0000","918.0000"," ","0.0000","0.0000","3800","3489100","918.1842"
"20190531","01","11","    51910","JP3564200008","800.0000","801.0000","778.0000","786.0000","788.0000","788.0000","775.0000","777.0000","800.0000","801.0000","775.0000","777.0000"," ","0.0000","0.0000","148200","116095200","783.3684"
"20190531","01","11","    51920","JP3904000001","1998.0000","1998.0000","1958.0000","1959.0000","1971.0000","1982.0000","1962.0000","1972.0000","1998.0000","1998.0000","1958.0000","1972.0000"," ","0.0000","0.0000","35100","69269800","1973.4986"
"20190531","01","11","    51950","JP3779000003","926.0000","929.0000","909.0000","924.0000","923.0000","928.0000","914.0000","914.0000","926.0000","929.0000","909.0000","914.0000"," ","0.0000","0.0000","42900","39432000","919.1608"
"20190531","01","11","    52010","JP3112000009","3605.0000","3620.0000","3560.0000","3580.0000","3575.0000","3580.0000","3490.0000","3495.0000","3605.0000","3620.0000","3490.0000","3495.0000"," ","0.0000","0.0000","1085000","3844671500","3543.4760"
"20190531","01","11","    52020","JP3686800008","729.0000","729.0000","718.0000","720.0000","718.0000","722.0000","712.0000","712.0000","729.0000","729.0000","712.0000","712.0000"," ","0.0000","0.0000","714800","513632400","718.5680"
"20190531","01","11","    52040","JP3136000001","2232.0000","2291.0000","2231.0000","2288.0000","2289.0000","2294.0000","2254.0000","2258.0000","2232.0000","2294.0000","2231.0000","2258.0000"," ","0.0000","0.0000","33500","75841900","2263.9373"
"20190531","01","11","    52080","JP3126000003","761.0000","772.0000","755.0000","767.0000","767.0000","772.0000","764.0000","766.0000","761.0000","772.0000","755.0000","766.0000"," ","0.0000","0.0000","229200","175629600","766.2723"
"20190531","01","11","    52100","JP3752800007","1481.0000","1481.0000","1440.0000","1450.0000","1452.0000","1463.0000","1441.0000","1446.0000","1481.0000","1481.0000","1440.0000","1446.0000"," ","0.0000","0.0000","16200","23497800","1450.4815"
"20190531","01","11","    52140","JP3733400000","2632.0000","2650.0000","2610.0000","2630.0000","2621.0000","2634.0000","2609.0000","2614.0000","2632.0000","2650.0000","2609.0000","2614.0000"," ","0.0000","0.0000","363700","953435000","2621.4875"
"20190531","01","11","    52180","JP3197630001","1328.0000","1338.0000","1312.0000","1326.0000","1326.0000","1326.0000","1299.0000","1300.0000","1328.0000","1338.0000","1299.0000","1300.0000"," ","0.0000","0.0000","48200","63359000","1314.5021"
"20190531","01","11","    52320","JP3400900001","4295.0000","4295.0000","4240.0000","4250.0000","4250.0000","4250.0000","4215.0000","4220.0000","4295.0000","4295.0000","4215.0000","4220.0000"," ","0.0000","0.0000","212500","900865500","4239.3671"
"20190531","01","11","    52330","JP3449020001","3255.0000","3255.0000","3220.0000","3235.0000","3240.0000","3240.0000","3205.0000","3210.0000","3255.0000","3255.0000","3205.0000","3210.0000"," ","0.0000","0.0000","438000","1412909000","3225.8196"
"20190531","01","11","    52610","JP3884600002","3900.0000","3900.0000","3895.0000","3895.0000","3895.0000","3905.0000","3895.0000","3905.0000","3900.0000","3905.0000","3895.0000","3905.0000"," ","0.0000","0.0000","900","3509500","3899.4444"
"20190531","01","11","    52620","JP3745800007","702.0000","702.0000","691.0000","695.0000","697.0000","697.0000","687.0000","688.0000","702.0000","702.0000","687.0000","688.0000"," ","0.0000","0.0000","29900","20726100","693.1806"
"20190531","01","11","    52690","JP3708400001","294.0000","294.0000","287.0000","289.0000","289.0000","291.0000","285.0000","286.0000","294.0000","294.0000","285.0000","286.0000"," ","0.0000","0.0000","120000","34683500","289.0292"
"20190531","01","11","    52730","JP3887600009","2883.0000","2883.0000","2842.0000","2842.0000","2843.0000","2854.0000","2836.0000","2840.0000","2883.0000","2883.0000","2836.0000","2840.0000"," ","0.0000","0.0000","18000","51252200","2847.3444"
"20190531","01","11","    52880","JP3389640008","615.0000","623.0000","610.0000","622.0000","621.0000","624.0000","612.0000","615.0000","615.0000","624.0000","610.0000","615.0000"," ","0.0000","0.0000","188600","116463300","617.5148"
"20190531","01","11","    53010","JP3560800009","1065.0000","1065.0000","1047.0000","1056.0000","1061.0000","1061.0000","1043.0000","1043.0000","1065.0000","1065.0000","1043.0000","1043.0000"," ","0.0000","0.0000","4579800","4827493200","1054.0838"
"20190531","01","11","    53020","JP3690400001","3980.0000","4000.0000","3970.0000","3980.0000","3990.0000","3990.0000","3945.0000","3960.0000","3980.0000","4000.0000","3945.0000","3960.0000"," ","0.0000","0.0000","214900","853852500","3973.2550"
"20190531","01","11","    53100","JP3616000000","2036.0000","2052.0000","2000.0000","2022.0000","2027.0000","2040.0000","2012.0000","2014.0000","2036.0000","2052.0000","2000.0000","2014.0000"," ","0.0000","0.0000","53900","109075400","2023.6623"
"20190531","01","11","    53310","JP3763000001","4515.0000","4580.0000","4470.0000","4555.0000","4555.0000","4620.0000","4550.0000","4580.0000","4515.0000","4620.0000","4470.0000","4580.0000"," ","0.0000","0.0000","47000","213675000","4546.2766"
"20190531","01","11","    53320","JP3596200000","4075.0000","4120.0000","4065.0000","4075.0000","4070.0000","4070.0000","4035.0000","4045.0000","4075.0000","4120.0000","4035.0000","4045.0000"," ","0.0000","0.0000","515300","2091098500","4058.0215"
"20190531","01","11","    53330","JP3695200000","1495.0000","1498.0000","1478.0000","1482.0000","1485.0000","1485.0000","1470.0000","1474.0000","1495.0000","1498.0000","1470.0000","1474.0000"," ","0.0000","0.0000","1116800","1652005900","1479.2316"
"20190531","01","11","    53340","JP3738600000","1929.0000","1935.0000","1905.0000","1920.0000","1921.0000","1926.0000","1904.0000","1911.0000","1929.0000","1935.0000","1904.0000","1911.0000"," ","0.0000","0.0000","825600","1582054100","1916.2477"
"20190531","01","11","    53370","JP3506600000","105.0000","106.0000","104.0000","105.0000","105.0000","107.0000","102.0000","102.0000","105.0000","107.0000","102.0000","102.0000"," ","0.0000","0.0000","116500","12165200","104.4223"
"20190531","01","11","    53440","JP3879250003","5070.0000","5170.0000","5040.0000","5110.0000","5110.0000","5140.0000","5020.0000","5020.0000","5070.0000","5170.0000","5020.0000","5020.0000"," ","0.0000","0.0000","123900","630888000","5091.9128"
"20190531","01","11","    53510","JP3353200003","3010.0000","3010.0000","2916.0000","2951.0000","2942.0000","2950.0000","2918.0000","2919.0000","3010.0000","3010.0000","2916.0000","2919.0000"," ","0.0000","0.0000","14700","43122000","2933.4694"
"20190531","01","11","    53520","JP3272400007","6110.0000","6160.0000","6080.0000","6140.0000","6110.0000","6120.0000","5990.0000","6020.0000","6110.0000","6160.0000","5990.0000","6020.0000"," ","0.0000","0.0000","42200","255515000","6054.8578"
"20190531","01","11","    53570","JP3953600008","554.0000","556.0000","548.0000","550.0000","547.0000","547.0000","534.0000","535.0000","554.0000","556.0000","534.0000","535.0000"," ","0.0000","0.0000","175800","95304200","542.1172"
"20190531","01","11","    53580","JP3140800008","465.0000","466.0000","458.0000","462.0000","462.0000","466.0000","459.0000","460.0000","465.0000","466.0000","458.0000","460.0000"," ","0.0000","0.0000","47800","22060300","461.5126"
"20190531","01","11","    53630","JP3589400005","299.0000","299.0000","294.0000","297.0000","298.0000","298.0000","295.0000","296.0000","299.0000","299.0000","294.0000","296.0000"," ","0.0000","0.0000","72600","21502800","296.1818"
"20190531","01","11","    53670","JP3667000008","682.0000","682.0000","663.0000","672.0000","675.0000","675.0000","663.0000","663.0000","682.0000","682.0000","663.0000","663.0000"," ","0.0000","0.0000","44300","29654800","669.4086"
"20190531","01","11","    53840","JP3820900003","2048.0000","2071.0000","2025.0000","2058.0000","2048.0000","2066.0000","2046.0000","2049.0000","2048.0000","2071.0000","2025.0000","2049.0000"," ","0.0000","0.0000","79000","162172400","2052.8152"
"20190531","01","11","    53880","JP3266200009","823.0000","823.0000","805.0000","807.0000","807.0000","813.0000","803.0000","805.0000","823.0000","823.0000","803.0000","805.0000"," ","0.0000","0.0000","6900","5583900","809.2609"
"20190531","01","11","    53910","JP3119800005","1022.0000","1022.0000","1020.0000","1020.0000","1020.0000","1020.0000","981.0000","981.0000","1022.0000","1022.0000","981.0000","981.0000"," ","0.0000","0.0000","21300","21366600","1003.1268"
"20190531","01","11","    53930","JP3660400007","1851.0000","1856.0000","1826.0000","1830.0000","1825.0000","1836.0000","1817.0000","1820.0000","1851.0000","1856.0000","1817.0000","1820.0000"," ","0.0000","0.0000","134300","245508400","1828.0596"
"20190531","01","11","    54010","JP3381000003","1815.5000","1826.5000","1790.5000","1817.0000","1815.0000","1826.0000","1806.5000","1806.5000","1815.5000","1826.5000","1790.5000","1806.5000"," ","0.0000","0.0000","4509700","8172005350","1812.0951"
"20190531","01","11","    54060","JP3289800009","677.0000","678.0000","665.0000","672.0000","673.0000","678.0000","670.0000","673.0000","677.0000","678.0000","665.0000","673.0000"," ","0.0000","0.0000","3059100","2055399000","671.8966"
"20190531","01","11","    54080","JP3646400006","475.0000","479.0000","473.0000","473.0000","473.0000","479.0000","472.0000","473.0000","475.0000","479.0000","472.0000","473.0000"," ","0.0000","0.0000","47400","22492400","474.5232"
"20190531","01","11","    54100","JP3307800007","2051.0000","2073.0000","2039.0000","2055.0000","2038.0000","2053.0000","2029.0000","2030.0000","2051.0000","2073.0000","2029.0000","2030.0000"," ","0.0000","0.0000","78100","159606000","2043.6108"
"20190531","01","11","    54110","JP3386030005","1522.0000","1525.0000","1506.5000","1517.0000","1517.5000","1525.0000","1506.5000","1508.0000","1522.0000","1525.0000","1506.5000","1508.0000"," ","0.0000","0.0000","2594800","3927825250","1513.7295"
"20190531","01","11","    54230","JP3579800008","823.0000","834.0000","819.0000","828.0000","831.0000","837.0000","828.0000","831.0000","823.0000","837.0000","819.0000","831.0000"," ","0.0000","0.0000","954800","792381700","829.8929"
"20190531","01","11","    54400","JP3247400009","1824.0000","1826.0000","1791.0000","1799.0000","1809.0000","1812.0000","1778.0000","1798.0000","1824.0000","1826.0000","1778.0000","1798.0000"," ","0.0000","0.0000","90100","162216100","1800.4007"
"20190531","01","11","    54440","JP3940400009","3050.0000","3065.0000","3000.0000","3015.0000","3000.0000","3015.0000","2981.0000","2987.0000","3050.0000","3065.0000","2981.0000","2987.0000"," ","0.0000","0.0000","263800","792807500","3005.3355"
"20190531","01","11","    54450","JP3584600005","1170.0000","1187.0000","1147.0000","1151.0000","1154.0000","1154.0000","1142.0000","1146.0000","1170.0000","1187.0000","1142.0000","1146.0000"," ","0.0000","0.0000","12500","14401400","1152.1120"
"20190531","01","11","    54490","JP3184600009","1750.0000","1751.0000","1719.0000","1719.0000","1719.0000","1719.0000","1703.0000","1703.0000","1750.0000","1751.0000","1703.0000","1703.0000"," ","0.0000","0.0000","7500","12841300","1712.1733"
"20190531","01","11","    54510","JP3959400007","1994.0000","2000.0000","1961.0000","1961.0000","1962.0000","1966.0000","1954.0000","1960.0000","1994.0000","2000.0000","1954.0000","1960.0000"," ","0.0000","0.0000","49300","96950500","1966.5416"
"20190531","01","11","    54630","JP3871200006","2849.0000","2867.0000","2834.0000","2860.0000","2864.0000","2869.0000","2842.0000","2845.0000","2849.0000","2869.0000","2834.0000","2845.0000"," ","0.0000","0.0000","260900","744128400","2852.1594"
"20190531","01","11","    54640","JP3924000007","1818.0000","1820.0000","1805.0000","1810.0000","1810.0000","1814.0000","1791.0000","1810.0000","1818.0000","1820.0000","1791.0000","1810.0000"," ","0.0000","0.0000","18000","32536700","1807.5944"
"20190531","01","11","    54710","JP3491000000","3870.0000","3890.0000","3830.0000","3835.0000","3830.0000","3845.0000","3810.0000","3825.0000","3870.0000","3890.0000","3810.0000","3825.0000"," ","0.0000","0.0000","121600","466831000","3839.0707"
"20190531","01","11","    54760","JP3706400003","463.0000","463.0000","459.0000","459.0000","458.0000","459.0000","457.0000","458.0000","463.0000","463.0000","457.0000","458.0000"," ","0.0000","0.0000","6700","3075900","459.0896"
"20190531","01","11","    54800","JP3752600001","209.0000","210.0000","205.0000","208.0000","207.0000","208.0000","205.0000","205.0000","209.0000","210.0000","205.0000","205.0000"," ","0.0000","0.0000","2480300","512963500","206.8151"
"20190531","01","11","    54810","JP3342000001","1487.0000","1511.0000","1474.0000","1497.0000","1496.0000","1498.0000","1475.0000","1475.0000","1487.0000","1511.0000","1474.0000","1475.0000"," ","0.0000","0.0000","118900","177205000","1490.3701"
"20190531","01","11","    54820","JP3103600007","3240.0000","3240.0000","3190.0000","3190.0000","3190.0000","3205.0000","3175.0000","3175.0000","3240.0000","3240.0000","3175.0000","3175.0000"," ","0.0000","0.0000","16600","53037000","3195.0000"
"20190531","01","11","    54860","JP3786200000","1098.0000","1098.0000","1078.0000","1087.0000","1089.0000","1089.0000","1079.0000","1082.0000","1098.0000","1098.0000","1078.0000","1082.0000"," ","0.0000","0.0000","1042900","1130784700","1084.2695"
"20190531","01","11","    54910","JP3698000001","850.0000","852.0000","835.0000","841.0000","848.0000","858.0000","837.0000","840.0000","850.0000","858.0000","835.0000","840.0000"," ","0.0000","0.0000","29900","25252400","844.5619"
"20190531","01","11","    55410","JP3448000004","2230.0000","2258.0000","2201.0000","2234.0000","2252.0000","2262.0000","2211.0000","2215.0000","2230.0000","2262.0000","2201.0000","2215.0000"," ","0.0000","0.0000","201000","448683200","2232.2547"
"20190531","01","11","    55630","JP3734600004","195.0000","195.0000","191.0000","191.0000","191.0000","193.0000","191.0000","191.0000","195.0000","195.0000","191.0000","191.0000"," ","0.0000","0.0000","907400","174648900","192.4718"
"20190531","01","11","    56020","JP3270800000","1336.0000","1337.0000","1317.0000","1321.0000","1322.0000","1327.0000","1317.0000","1318.0000","1336.0000","1337.0000","1317.0000","1318.0000"," ","0.0000","0.0000","17200","22758000","1323.1395"
"20190531","01","11","    56030","JP3286400001","1238.0000","1263.0000","1238.0000","1249.0000","1245.0000","1245.0000","1232.0000","1233.0000","1238.0000","1263.0000","1232.0000","1233.0000"," ","0.0000","0.0000","2700","3355300","1242.7037"
"20190531","01","11","    56120","JP3728600002","611.0000","611.0000","607.0000","607.0000","608.0000","608.0000","606.0000","606.0000","611.0000","611.0000","606.0000","606.0000"," ","0.0000","0.0000","2000","1216400","608.2000"
"20190531","01","11","    56310","JP3721400004","1664.0000","1670.0000","1630.0000","1657.0000","1654.0000","1669.0000","1647.0000","1650.0000","1664.0000","1670.0000","1630.0000","1650.0000"," ","0.0000","0.0000","560500","927864800","1655.4234"
"20190531","01","11","    56320","JP3900800008","1133.0000","1134.0000","1105.0000","1111.0000","1117.0000","1119.0000","1113.0000","1118.0000","1133.0000","1134.0000","1105.0000","1118.0000"," ","0.0000","0.0000","70000","78120900","1116.0129"
"20190531","01","11","    56580","JP3660000005","321.0000","323.0000","318.0000","320.0000","319.0000","319.0000","315.0000","318.0000","321.0000","323.0000","315.0000","318.0000"," ","0.0000","0.0000","41900","13370200","319.0979"
"20190531","01","11","    56590","JP3721800005","2532.0000","2532.0000","2510.0000","2519.0000","2526.0000","2532.0000","2513.0000","2530.0000","2532.0000","2532.0000","2510.0000","2530.0000"," ","0.0000","0.0000","9400","23698000","2521.0638"
"20190531","01","11","    56980","JP3169750001","580.0000","584.0000","564.0000","576.0000","575.0000","575.0000","565.0000","569.0000","580.0000","584.0000","564.0000","569.0000"," ","0.0000","0.0000","70700","40337700","570.5474"
"20190531","01","11","    57020","JP3480600000","669.0000","681.0000","667.0000","679.0000","680.0000","683.0000","675.0000","676.0000","669.0000","683.0000","667.0000","676.0000"," ","0.0000","0.0000","159900","108288200","677.2245"
"20190531","01","11","    57030","JP3700200003","231.0000","232.0000","229.0000","232.0000","231.0000","232.0000","229.0000","230.0000","231.0000","232.0000","229.0000","230.0000"," ","0.0000","0.0000","2764900","636836900","230.3291"
"20190531","01","11","    57060","JP3888400003","2275.0000","2309.0000","2253.0000","2302.0000","2300.0000","2325.0000","2296.0000","2300.0000","2275.0000","2325.0000","2253.0000","2300.0000"," ","0.0000","0.0000","1522800","3497164200","2296.5355"
"20190531","01","11","    57070","JP3599000001","2337.0000","2349.0000","2282.0000","2318.0000","2309.0000","2357.0000","2309.0000","2326.0000","2337.0000","2357.0000","2282.0000","2326.0000"," ","0.0000","0.0000","145500","338329600","2325.2893"
"20190531","01","11","    57110","JP3903000002","2829.0000","2849.0000","2797.0000","2842.0000","2843.0000","2861.0000","2829.0000","2833.0000","2829.0000","2861.0000","2797.0000","2833.0000"," ","0.0000","0.0000","633100","1795321400","2835.7628"
"20190531","01","11","    57130","JP3402600005","2872.0000","2883.0000","2835.0000","2871.5000","2876.0000","2891.0000","2855.0000","2862.0000","2872.0000","2891.0000","2835.0000","2862.0000"," ","0.0000","0.0000","1697100","4865024250","2866.6692"
"20190531","01","11","    57140","JP3638600001","3410.0000","3420.0000","3365.0000","3400.0000","3410.0000","3425.0000","3380.0000","3390.0000","3410.0000","3425.0000","3365.0000","3390.0000"," ","0.0000","0.0000","262000","889336000","3394.4122"
"20190531","01","11","    57150","JP3826800009","1347.0000","1347.0000","1314.0000","1321.0000","1319.0000","1322.0000","1314.0000","1317.0000","1347.0000","1347.0000","1314.0000","1317.0000"," ","0.0000","0.0000","129500","170974500","1320.2664"
"20190531","01","11","    57210","JP3359200007","61.0000","62.0000","61.0000","61.0000","61.0000","62.0000","61.0000","61.0000","61.0000","62.0000","61.0000","61.0000"," ","0.0000","0.0000","161800","9877200","61.0457"
"20190531","01","11","    57260","JP3407200009","1646.0000","1656.0000","1581.0000","1594.0000","1594.0000","1635.0000","1592.0000","1606.0000","1646.0000","1656.0000","1581.0000","1606.0000"," ","0.0000","0.0000","516100","832428600","1612.9211"
"20190531","01","11","    57270","JP3601800000","1131.0000","1131.0000","1070.0000","1093.0000","1094.0000","1107.0000","1075.0000","1079.0000","1131.0000","1131.0000","1070.0000","1079.0000"," ","0.0000","0.0000","1697200","1855990500","1093.5603"
"20190531","01","11","    57410","JP3826900007","1741.0000","1748.0000","1722.0000","1726.0000","1729.0000","1732.0000","1717.0000","1724.0000","1741.0000","1748.0000","1717.0000","1724.0000"," ","0.0000","0.0000","176300","304630500","1727.9098"
"20190531","01","11","    57570","JP3325100000","2746.0000","2750.0000","2733.0000","2742.0000","2742.0000","2747.0000","2740.0000","2740.0000","2746.0000","2750.0000","2733.0000","2740.0000"," ","0.0000","0.0000","2300","6305700","2741.6087"
"20190531","01","11","    58010","JP3827200001","2920.0000","2930.0000","2869.0000","2914.0000","2903.0000","2932.0000","2898.0000","2904.0000","2920.0000","2932.0000","2869.0000","2904.0000"," ","0.0000","0.0000","803000","2332174800","2904.3273"
"20190531","01","11","    58020","JP3407400005","1335.0000","1339.0000","1318.5000","1322.5000","1325.0000","1325.0000","1310.0000","1311.5000","1335.0000","1339.0000","1310.0000","1311.5000"," ","0.0000","0.0000","2635300","3477414150","1319.5515"
"20190531","01","11","    58030","JP3811000003","363.0000","366.0000","356.0000","361.0000","359.0000","362.0000","357.0000","358.0000","363.0000","366.0000","356.0000","358.0000"," ","0.0000","0.0000","2642700","950253500","359.5768"
"20190531","01","11","    58050","JP3368400002","761.0000","762.0000","745.0000","745.0000","744.0000","756.0000","744.0000","745.0000","761.0000","762.0000","744.0000","745.0000"," ","0.0000","0.0000","71000","53299800","750.7014"
"20190531","01","11","    58070","JP3586200002","1606.0000","1606.0000","1582.0000","1583.0000","1588.0000","1595.0000","1582.0000","1582.0000","1606.0000","1606.0000","1582.0000","1582.0000"," ","0.0000","0.0000","20300","32268300","1589.5714"
"20190531","01","11","    58090","JP3467400002","444.0000","444.0000","435.0000","438.0000","438.0000","440.0000","436.0000","437.0000","444.0000","444.0000","435.0000","437.0000"," ","0.0000","0.0000","168900","74028300","438.2966"
"20190531","01","11","    58190","JP3215300009","1863.0000","1865.0000","1861.0000","1863.0000","1863.0000","1864.0000","1854.0000","1860.0000","1863.0000","1865.0000","1854.0000","1860.0000"," ","0.0000","0.0000","4700","8746600","1860.9787"
"20190531","01","11","    58210","JP3795080005","1114.0000","1165.0000","1101.0000","1155.0000","1153.0000","1177.0000","1153.0000","1160.0000","1114.0000","1177.0000","1101.0000","1160.0000"," ","0.0000","0.0000","73800","84702200","1147.7263"
"20190531","01","11","    58510","JP3975800008","2023.0000","2023.0000","1978.0000","2003.0000","2008.0000","2021.0000","1981.0000","1984.0000","2023.0000","2023.0000","1978.0000","1984.0000"," ","0.0000","0.0000","85800","171223300","1995.6096"
"20190531","01","11","    58520","JP3100600000","529.0000","529.0000","516.0000","525.0000","526.0000","528.0000","518.0000","520.0000","529.0000","529.0000","516.0000","520.0000"," ","0.0000","0.0000","226500","118182800","521.7784"
"20190531","01","11","    58570","JP3116700000","2097.0000","2103.0000","2076.0000","2097.0000","2098.0000","2113.0000","2097.0000","2103.0000","2097.0000","2113.0000","2076.0000","2103.0000"," ","0.0000","0.0000","189000","396476100","2097.7571"
"20190531","01","11","    59010","JP3613400005","2064.0000","2075.0000","2053.0000","2067.0000","2099.0000","2099.0000","2050.0000","2056.0000","2064.0000","2099.0000","2050.0000","2056.0000"," ","0.0000","0.0000","696200","1434209300","2060.0536"
"20190531","01","11","    59020","JP3846600009","1744.0000","1744.0000","1724.0000","1724.0000","1725.0000","1726.0000","1706.0000","1706.0000","1744.0000","1744.0000","1706.0000","1706.0000"," ","0.0000","0.0000","13500","23228200","1720.6074"
"20190531","01","11","    59090","JP3305950002","997.0000","997.0000","993.0000","993.0000","992.0000","994.0000","992.0000","994.0000","997.0000","997.0000","992.0000","994.0000"," ","0.0000","0.0000","4300","4274000","993.9535"
"20190531","01","11","    59110","JP3955200005","1524.0000","1537.0000","1507.0000","1524.0000","1526.0000","1576.0000","1524.0000","1554.0000","1524.0000","1576.0000","1507.0000","1554.0000"," ","0.0000","0.0000","249600","388891400","1558.0585"
"20190531","01","11","    59120","JP3697600009","278.0000","280.0000","273.0000","278.0000","278.0000","281.0000","275.0000","277.0000","278.0000","281.0000","273.0000","277.0000"," ","0.0000","0.0000","1182300","327477700","276.9836"
"20190531","01","11","    59150","JP3302600006","1603.0000","1606.0000","1603.0000","1606.0000","1610.0000","1610.0000","1593.0000","1601.0000","1603.0000","1610.0000","1593.0000","1601.0000"," ","0.0000","0.0000","5000","8007500","1601.5000"
"20190531","01","11","    59230","JP3457200008","2528.0000","2528.0000","2511.0000","2511.0000","2510.0000","2510.0000","2510.0000","2510.0000","2528.0000","2528.0000","2510.0000","2510.0000"," ","0.0000","0.0000","1200","3024800","2520.6667"
"20190531","01","11","    59290","JP3344400001","1065.0000","1084.0000","1058.0000","1081.0000","1082.0000","1091.0000","1082.0000","1085.0000","1065.0000","1091.0000","1058.0000","1085.0000"," ","0.0000","0.0000","731900","790040900","1079.4383"
"20190531","01","11","    59300","JP3831600006","828.0000","836.0000","827.0000","827.0000","824.0000","826.0000","821.0000","824.0000","828.0000","836.0000","821.0000","824.0000"," ","0.0000","0.0000","128000","106090500","828.8320"
"20190531","01","11","    59320","JP3326800004","1156.0000","1158.0000","1137.0000","1137.0000","1137.0000","1147.0000","1137.0000","1139.0000","1156.0000","1158.0000","1137.0000","1139.0000"," ","0.0000","0.0000","46900","53567100","1142.1557"
"20190531","01","11","    59330","JP3126100001","965.0000","965.0000","955.0000","960.0000","965.0000","965.0000","957.0000","960.0000","965.0000","965.0000","955.0000","960.0000"," ","0.0000","0.0000","10600","10177400","960.1321"
"20190531","01","11","    59360","JP3611400007","546.0000","546.0000","540.0000","540.0000","538.0000","542.0000","534.0000","537.0000","546.0000","546.0000","534.0000","537.0000"," ","0.0000","0.0000","8500","4616300","543.0941"
"20190531","01","11","    59380","JP3626800001","1395.0000","1409.0000","1380.0000","1404.0000","1406.0000","1406.0000","1386.0000","1392.0000","1395.0000","1409.0000","1380.0000","1392.0000"," ","0.0000","0.0000","1253000","1746068700","1393.5105"
"20190531","01","11","    59420","JP3748600008","502.0000","506.0000","502.0000","504.0000","501.0000","505.0000","499.0000","500.0000","502.0000","506.0000","499.0000","500.0000"," ","0.0000","0.0000","6700","3358900","501.3284"
"20190531","01","11","    59430","JP3759400009","1386.0000","1389.0000","1371.0000","1375.0000","1375.0000","1383.0000","1368.0000","1372.0000","1386.0000","1389.0000","1368.0000","1372.0000"," ","0.0000","0.0000","60400","83086900","1375.6109"
"20190531","01","11","    59460","JP3527800001","2166.0000","2166.0000","2130.0000","2132.0000","2137.0000","2157.0000","2137.0000","2150.0000","2166.0000","2166.0000","2130.0000","2150.0000"," ","0.0000","0.0000","9900","21258300","2147.3030"
"20190531","01","11","    59470","JP3977400005","7160.0000","7180.0000","7100.0000","7160.0000","7170.0000","7170.0000","7110.0000","7120.0000","7160.0000","7180.0000","7100.0000","7120.0000"," ","0.0000","0.0000","97400","694685000","7132.2895"
"20190531","01","11","    59490","JP3952550006","1755.0000","1766.0000","1731.0000","1733.0000","1733.0000","1738.0000","1712.0000","1714.0000","1755.0000","1766.0000","1712.0000","1714.0000"," ","0.0000","0.0000","319500","552280600","1728.5778"
"20190531","01","11","    59510","JP3492000009","623.0000","623.0000","619.0000","620.0000","618.0000","623.0000","618.0000","623.0000","623.0000","623.0000","618.0000","623.0000"," ","0.0000","0.0000","5500","3421300","622.0545"
"20190531","01","11","    59570","JP3682800002","554.0000","554.0000","541.0000","545.0000","548.0000","554.0000","542.0000","550.0000","554.0000","554.0000","541.0000","550.0000"," ","0.0000","0.0000","63500","34769200","547.5465"
"20190531","01","11","    59580","JP3338000007","1765.0000","1772.0000","1764.0000","1771.0000","1774.0000","1774.0000","1765.0000","1765.0000","1765.0000","1774.0000","1764.0000","1765.0000"," ","0.0000","0.0000","1700","3002600","1766.2353"
"20190531","01","11","    59590","JP3192000002","965.0000","967.0000","960.0000","963.0000","968.0000","968.0000","961.0000","962.0000","965.0000","968.0000","960.0000","962.0000"," ","0.0000","0.0000","44400","42758400","963.0270"
"20190531","01","11","    59700","JP3236750000","1489.0000","1496.0000","1467.0000","1474.0000","1471.0000","1479.0000","1468.0000","1476.0000","1489.0000","1496.0000","1467.0000","1476.0000"," ","0.0000","0.0000","70100","103355500","1474.4009"
"20190531","01","11","    59740","JP3521400006","512.0000","512.0000","512.0000","512.0000","524.0000","524.0000","514.0000","517.0000","512.0000","524.0000","512.0000","517.0000"," ","0.0000","0.0000","3400","1756800","516.7059"
"20190531","01","11","    59750","JP3598200008","1766.0000","1766.0000","1729.0000","1739.0000","1740.0000","1742.0000","1716.0000","1722.0000","1766.0000","1766.0000","1716.0000","1722.0000"," ","0.0000","0.0000","103300","178861400","1731.4753"
"20190531","01","11","    59760","JP3288200003","830.0000","830.0000","817.0000","820.0000","818.0000","824.0000","815.0000","819.0000","830.0000","830.0000","815.0000","819.0000"," ","0.0000","0.0000","38100","31260700","820.4908"
"20190531","01","11","    59810","JP3579400007","979.0000","986.0000","971.0000","977.0000","981.0000","982.0000","971.0000","971.0000","979.0000","986.0000","971.0000","971.0000"," ","0.0000","0.0000","25500","24899800","976.4627"
"20190531","01","11","    59850","JP3330600002","504.0000","505.0000","500.0000","505.0000","504.0000","505.0000","500.0000","500.0000","504.0000","505.0000","500.0000","500.0000"," ","0.0000","0.0000","28000","14041900","501.4964"
"20190531","01","11","    59860","JP3925800009","342.0000","342.0000","336.0000","337.0000","337.0000","338.0000","336.0000","338.0000","342.0000","342.0000","336.0000","338.0000"," ","0.0000","0.0000","16400","5551300","338.4939"
"20190531","01","11","    59880","JP3780400002","1826.0000","1826.0000","1793.0000","1800.0000","1798.0000","1804.0000","1783.0000","1787.0000","1826.0000","1826.0000","1783.0000","1787.0000"," ","0.0000","0.0000","55300","99240700","1794.5877"
"20190531","01","11","    59890","JP3795200009","726.0000","727.0000","708.0000","716.0000","720.0000","721.0000","706.0000","709.0000","726.0000","727.0000","706.0000","709.0000"," ","0.0000","0.0000","50800","36308800","714.7402"
"20190531","01","11","    59910","JP3742600004","805.0000","811.0000","799.0000","802.0000","803.0000","804.0000","797.0000","798.0000","805.0000","811.0000","797.0000","798.0000"," ","0.0000","0.0000","722600","579225900","801.5858"
"20190531","01","11","    59920","JP3517800003","2854.0000","2854.0000","2831.0000","2831.0000","2803.0000","2836.0000","2803.0000","2810.0000","2854.0000","2854.0000","2803.0000","2810.0000"," ","0.0000","0.0000","1600","4521000","2825.6250"
"20190531","01","11","    59980","JP3213400009","1654.0000","1654.0000","1638.0000","1638.0000","1678.0000","1690.0000","1666.0000","1677.0000","1654.0000","1690.0000","1638.0000","1677.0000"," ","0.0000","0.0000","2300","3839100","1669.1739"
"20190531","01","11","    60050","JP3880800002","3360.0000","3395.0000","3335.0000","3380.0000","3380.0000","3405.0000","3365.0000","3375.0000","3360.0000","3405.0000","3335.0000","3375.0000"," ","0.0000","0.0000","242000","816834000","3375.3471"
"20190531","01","11","    60130","JP3462600002","1428.0000","1435.0000","1416.0000","1426.0000","1429.0000","1433.0000","1418.0000","1420.0000","1428.0000","1435.0000","1416.0000","1420.0000"," ","0.0000","0.0000","285700","407114900","1424.9734"
"20190531","01","11","    60280","JP3545240008","5610.0000","5610.0000","5550.0000","5570.0000","5550.0000","5620.0000","5550.0000","5580.0000","5610.0000","5620.0000","5550.0000","5580.0000"," ","0.0000","0.0000","401300","2238911000","5579.1453"
"20190531","01","11","    60290","JP3121920007","286.0000","288.0000","284.0000","286.0000","287.0000","288.0000","284.0000","285.0000","286.0000","288.0000","284.0000","285.0000"," ","0.0000","0.0000","19000","5426100","285.5842"
"20190531","01","11","    60320","JP3152870006","604.0000","610.0000","601.0000","606.0000","602.0000","604.0000","594.0000","594.0000","604.0000","610.0000","594.0000","594.0000"," ","0.0000","0.0000","23100","13852800","599.6883"
"20190531","01","11","    60350","JP3100640006","2639.0000","2707.0000","2604.0000","2658.0000","2657.0000","2662.0000","2501.0000","2550.0000","2639.0000","2707.0000","2501.0000","2550.0000"," ","0.0000","0.0000","324900","842338100","2592.6073"
"20190531","01","11","    60360","JP3236320002","1394.0000","1394.0000","1369.0000","1385.0000","1384.0000","1384.0000","1359.0000","1374.0000","1394.0000","1394.0000","1359.0000","1374.0000"," ","0.0000","0.0000","13300","18329300","1378.1429"
"20190531","01","11","    60370","JP3802340004","541.0000","542.0000","532.0000","542.0000","545.0000","549.0000","533.0000","536.0000","541.0000","549.0000","532.0000","536.0000"," ","0.0000","0.0000","28500","15408200","540.6386"
"20190531","01","11","    60440","JP3325700007","1190.0000","1192.0000","1181.0000","1186.0000","1187.0000","1188.0000","1176.0000","1181.0000","1190.0000","1192.0000","1176.0000","1181.0000"," ","0.0000","0.0000","38500","45579200","1183.8753"
"20190531","01","11","    60470","JP3273820005","1882.0000","1923.0000","1880.0000","1919.0000","1919.0000","1940.0000","1911.0000","1913.0000","1882.0000","1940.0000","1880.0000","1913.0000"," ","0.0000","0.0000","419800","804271700","1915.8449"
"20190531","01","11","    60480","JP3548870009","294.0000","297.0000","290.0000","297.0000","294.0000","295.0000","287.0000","289.0000","294.0000","297.0000","287.0000","289.0000"," ","0.0000","0.0000","240600","70142300","291.5308"
"20190531","01","11","    60500","JP3130230000","1842.0000","1849.0000","1818.0000","1837.0000","1837.0000","1852.0000","1824.0000","1830.0000","1842.0000","1852.0000","1818.0000","1830.0000"," ","0.0000","0.0000","64100","117555500","1833.9392"
"20190531","01","11","    60540","JP3974740007","254.0000","256.0000","252.0000","254.0000","254.0000","256.0000","252.0000","253.0000","254.0000","256.0000","252.0000","253.0000"," ","0.0000","0.0000","10500","2663000","253.6190"
"20190531","01","11","    60550","JP3389680004","1366.0000","1387.0000","1353.0000","1374.0000","1382.0000","1387.0000","1361.0000","1368.0000","1366.0000","1387.0000","1353.0000","1368.0000"," ","0.0000","0.0000","447300","612658900","1369.6823"
"20190531","01","11","    60580","JP3835500004","1135.0000","1147.0000","1115.0000","1126.0000","1128.0000","1133.0000","1114.0000","1115.0000","1135.0000","1147.0000","1114.0000","1115.0000"," ","0.0000","0.0000","412200","463437200","1124.3018"
"20190531","01","11","    60590","JP3157250006","523.0000","528.0000","520.0000","524.0000","524.0000","527.0000","520.0000","523.0000","523.0000","528.0000","520.0000","523.0000"," ","0.0000","0.0000","64000","33471900","522.9984"
"20190531","01","11","    60620","JP3512740006","1670.0000","1691.0000","1642.0000","1679.0000","1671.0000","1683.0000","1650.0000","1653.0000","1670.0000","1691.0000","1642.0000","1653.0000"," ","0.0000","0.0000","69800","116234000","1665.2436"
"20190531","01","11","    60650","JP3317000002","913.0000","915.0000","895.0000","905.0000","905.0000","905.0000","875.0000","879.0000","913.0000","915.0000","875.0000","879.0000"," ","0.0000","0.0000","21900","19467300","888.9178"
"20190531","01","11","    60700","JP3244520007","428.0000","433.0000","428.0000","430.0000","430.0000","430.0000","423.0000","423.0000","428.0000","433.0000","423.0000","423.0000"," ","0.0000","0.0000","7800","3328600","426.7436"
"20190531","01","11","    60710","JP3104960004","898.0000","909.0000","885.0000","904.0000","906.0000","913.0000","898.0000","899.0000","898.0000","913.0000","885.0000","899.0000"," ","0.0000","0.0000","144000","129548500","899.6424"
"20190531","01","11","    60730","JP3117350003","2130.0000","2133.0000","2120.0000","2125.0000","2122.0000","2126.0000","2104.0000","2112.0000","2130.0000","2133.0000","2104.0000","2112.0000"," ","0.0000","0.0000","7300","15454400","2117.0411"
"20190531","01","11","    60770","JP3165850003","746.0000","746.0000","730.0000","730.0000","731.0000","737.0000","723.0000","725.0000","746.0000","746.0000","723.0000","725.0000"," ","0.0000","0.0000","71500","52354300","732.2280"
"20190531","01","11","    60780","JP3778410005","3175.0000","3270.0000","3150.0000","3265.0000","3240.0000","3240.0000","3180.0000","3180.0000","3175.0000","3270.0000","3150.0000","3180.0000"," ","0.0000","0.0000","32800","105625500","3220.2896"
"20190531","01","11","    60800","JP3167320005","6200.0000","6290.0000","6120.0000","6230.0000","6250.0000","6360.0000","6230.0000","6250.0000","6200.0000","6360.0000","6120.0000","6250.0000"," ","0.0000","0.0000","188100","1173840000","6240.5104"
"20190531","01","11","    60820","JP3966000006","1188.0000","1202.0000","1176.0000","1189.0000","1193.0000","1203.0000","1184.0000","1194.0000","1188.0000","1203.0000","1176.0000","1194.0000"," ","0.0000","0.0000","35800","42662800","1191.6983"
"20190531","01","11","    60830","JP3130050002","899.0000","929.0000","890.0000","906.0000","902.0000","914.0000","893.0000","898.0000","899.0000","929.0000","890.0000","898.0000"," ","0.0000","0.0000","41500","37397900","901.1542"
"20190531","01","11","    60870","JP3122480001","2546.0000","2546.0000","2473.0000","2481.0000","2476.0000","2487.0000","2470.0000","2470.0000","2546.0000","2546.0000","2470.0000","2470.0000"," ","0.0000","0.0000","22000","54658400","2484.4727"
"20190531","01","11","    60880","JP3348950001","1331.0000","1366.0000","1311.0000","1336.0000","1334.0000","1339.0000","1317.0000","1322.0000","1331.0000","1366.0000","1311.0000","1322.0000"," ","0.0000","0.0000","174900","232714900","1330.5597"
"20190531","01","11","    60890","JP3154160000","886.0000","900.0000","871.0000","893.0000","896.0000","900.0000","889.0000","889.0000","886.0000","900.0000","871.0000","889.0000"," ","0.0000","0.0000","161300","143299600","888.4042"
"20190531","01","11","    60930","JP3162660009","269.0000","272.0000","268.0000","271.0000","269.0000","272.0000","268.0000","268.0000","269.0000","272.0000","268.0000","268.0000"," ","0.0000","0.0000","237400","64086800","269.9528"
"20190531","01","11","    60970","JP3746820004","1141.0000","1141.0000","1125.0000","1133.0000","1132.0000","1134.0000","1126.0000","1130.0000","1141.0000","1141.0000","1125.0000","1130.0000"," ","0.0000","0.0000","7000","7915200","1130.7429"
"20190531","01","11","    60980","JP3970300004","3470.0000","3516.0000","3444.0000","3479.0000","3485.0000","3498.0000","3463.0000","3468.0000","3470.0000","3516.0000","3444.0000","3468.0000"," ","0.0000","0.0000","5516100","19181544300","3477.3743"
"20190531","01","11","    60990","JP3167680002","1723.0000","1841.0000","1704.0000","1825.0000","1817.0000","1869.0000","1817.0000","1856.0000","1723.0000","1869.0000","1704.0000","1856.0000"," ","0.0000","0.0000","432300","790602800","1828.8291"
"20190531","01","11","    61010","JP3531800005","872.0000","880.0000","831.0000","859.0000","859.0000","875.0000","855.0000","864.0000","872.0000","880.0000","831.0000","864.0000"," ","0.0000","0.0000","2577700","2205885500","855.7573"
"20190531","01","11","    61030","JP3172100004","5330.0000","5380.0000","5270.0000","5360.0000","5370.0000","5370.0000","5280.0000","5310.0000","5330.0000","5380.0000","5270.0000","5310.0000"," ","0.0000","0.0000","256900","1366954000","5320.9576"
"20190531","01","11","    61040","JP3592600005","2261.0000","2282.0000","2227.0000","2279.0000","2287.0000","2299.0000","2277.0000","2283.0000","2261.0000","2299.0000","2227.0000","2283.0000"," ","0.0000","0.0000","96400","219333600","2275.2448"
"20190531","01","11","    61130","JP3122800000","1123.0000","1126.0000","1107.0000","1120.0000","1122.0000","1127.0000","1117.0000","1120.0000","1123.0000","1127.0000","1107.0000","1120.0000"," ","0.0000","0.0000","2495500","2794224900","1119.7054"
"20190531","01","11","    61180","JP3102400003","730.0000","733.0000","717.0000","722.0000","720.0000","726.0000","718.0000","723.0000","730.0000","733.0000","717.0000","723.0000"," ","0.0000","0.0000","215900","156058600","722.8282"
"20190531","01","11","    61210","JP3461800009","1425.0000","1425.0000","1409.0000","1409.0000","1399.0000","1418.0000","1393.0000","1396.0000","1425.0000","1425.0000","1393.0000","1396.0000"," ","0.0000","0.0000","5400","7575500","1402.8704"
"20190531","01","11","    61340","JP3809200003","1191.0000","1200.0000","1182.0000","1194.0000","1191.0000","1205.0000","1190.0000","1193.0000","1191.0000","1205.0000","1182.0000","1193.0000"," ","0.0000","0.0000","498700","595493400","1194.0914"
"20190531","01","11","    61350","JP3862800004","3755.0000","3800.0000","3730.0000","3780.0000","3790.0000","3815.0000","3760.0000","3760.0000","3755.0000","3815.0000","3730.0000","3760.0000"," ","0.0000","0.0000","223200","842559000","3774.9059"
"20190531","01","11","    61360","JP3170800001","2064.0000","2091.0000","2055.0000","2071.0000","2073.0000","2077.0000","2054.0000","2055.0000","2064.0000","2091.0000","2054.0000","2055.0000"," ","0.0000","0.0000","278400","575515500","2067.2252"
"20190531","01","11","    61380","JP3485000008","1278.0000","1278.0000","1262.0000","1262.0000","1262.0000","1262.0000","1244.0000","1250.0000","1278.0000","1278.0000","1244.0000","1250.0000"," ","0.0000","0.0000","2100","2645300","1259.6667"
"20190531","01","11","    61400","JP3114400009","656.0000","656.0000","639.0000","652.0000","651.0000","651.0000","645.0000","647.0000","656.0000","656.0000","639.0000","647.0000"," ","0.0000","0.0000","304900","197632000","648.1863"
"20190531","01","11","    61410","JP3924800000","1358.0000","1363.0000","1328.0000","1354.0000","1357.0000","1366.0000","1347.0000","1352.0000","1358.0000","1366.0000","1328.0000","1352.0000"," ","0.0000","0.0000","1434700","1937970400","1350.7844"
"20190531","01","11","    61430","JP3434200006","918.0000","926.0000","908.0000","923.0000","922.0000","947.0000","918.0000","939.0000","918.0000","947.0000","908.0000","939.0000"," ","0.0000","0.0000","484000","451062600","931.9475"
"20190531","01","11","    61460","JP3548600000","15450.0000","15490.0000","15200.0000","15320.0000","15320.0000","15350.0000","15130.0000","15170.0000","15450.0000","15490.0000","15130.0000","15170.0000"," ","0.0000","0.0000","271600","4148915000","15275.8284"
"20190531","01","11","    61510","JP3682300003","2112.0000","2112.0000","2062.0000","2085.0000","2085.0000","2085.0000","2076.0000","2081.0000","2112.0000","2112.0000","2062.0000","2081.0000"," ","0.0000","0.0000","14700","30598100","2081.5034"
"20190531","01","11","    61570","JP3675320000","2171.0000","2179.0000","2154.0000","2171.0000","2176.0000","2176.0000","2146.0000","2158.0000","2171.0000","2179.0000","2146.0000","2158.0000"," ","0.0000","0.0000","10600","22896600","2160.0566"
"20190531","01","11","    61650","JP3782950004","490.0000","493.0000","472.0000","485.0000","486.0000","494.0000","483.0000","485.0000","490.0000","494.0000","472.0000","485.0000"," ","0.0000","0.0000","117300","56682200","483.2242"
"20190531","01","11","    61670","JP3817400009","570.0000","580.0000","570.0000","573.0000","573.0000","575.0000","570.0000","570.0000","570.0000","580.0000","570.0000","570.0000"," ","0.0000","0.0000","53000","30345400","572.5547"
"20190531","01","11","    61710","JP3639200009","433.0000","433.0000","426.0000","429.0000","429.0000","430.0000","428.0000","430.0000","433.0000","433.0000","426.0000","430.0000"," ","0.0000","0.0000","10400","4465900","429.4135"
"20190531","01","11","    61750","JP3758220002","458.0000","470.0000","452.0000","452.0000","452.0000","456.0000","445.0000","451.0000","458.0000","470.0000","445.0000","451.0000"," ","0.0000","0.0000","262800","119476200","454.6279"
"20190531","01","11","    61780","JP3752900005","1214.0000","1218.0000","1204.0000","1205.0000","1204.0000","1209.0000","1200.0000","1202.0000","1214.0000","1218.0000","1200.0000","1202.0000"," ","0.0000","0.0000","5429800","6541728400","1204.7826"
"20190531","01","11","    61830","JP3835760004","1574.0000","1581.0000","1556.0000","1577.0000","1571.0000","1577.0000","1560.0000","1565.0000","1574.0000","1581.0000","1556.0000","1565.0000"," ","0.0000","0.0000","77300","121146900","1567.2303"
"20190531","01","11","    61840","JP3218950008","1537.0000","1549.0000","1485.0000","1542.0000","1537.0000","1539.0000","1509.0000","1518.0000","1537.0000","1549.0000","1485.0000","1518.0000"," ","0.0000","0.0000","839900","1279729700","1523.6691"
"20190531","01","11","    61850","JP3435770007","787.0000","818.0000","781.0000","812.0000","813.0000","813.0000","784.0000","787.0000","787.0000","818.0000","781.0000","787.0000"," ","0.0000","0.0000","58200","46432100","797.8024"
"20190531","01","11","    61860","JP3141300008","616.0000","625.0000","614.0000","620.0000","617.0000","620.0000","610.0000","617.0000","616.0000","625.0000","610.0000","617.0000"," ","0.0000","0.0000","12800","7912700","618.1797"
"20190531","01","11","    61870","JP3974460002","1609.0000","1648.0000","1605.0000","1643.0000","1643.0000","1652.0000","1614.0000","1614.0000","1609.0000","1652.0000","1605.0000","1614.0000"," ","0.0000","0.0000","25200","41036500","1628.4325"
"20190531","01","11","    61890","JP3274320005","907.0000","907.0000","887.0000","900.0000","892.0000","901.0000","884.0000","884.0000","907.0000","907.0000","884.0000","884.0000"," ","0.0000","0.0000","17100","15238000","891.1111"
"20190531","01","11","    61910","JP3167240005","2166.0000","2182.0000","2146.0000","2169.0000","2168.0000","2168.0000","2143.0000","2157.0000","2166.0000","2182.0000","2143.0000","2157.0000"," ","0.0000","0.0000","46600","100554700","2157.8262"
"20190531","01","11","    61940","JP3121890002","3145.0000","3255.0000","3145.0000","3195.0000","3200.0000","3290.0000","3190.0000","3255.0000","3145.0000","3290.0000","3145.0000","3255.0000"," ","0.0000","0.0000","98000","316757000","3232.2143"
"20190531","01","11","    61960","JP3399780000","1938.0000","1948.0000","1900.0000","1938.0000","1930.0000","1943.0000","1908.0000","1922.0000","1938.0000","1948.0000","1900.0000","1922.0000"," ","0.0000","0.0000","37900","72911500","1923.7863"
"20190531","01","11","    61970","JP3436250009","952.0000","972.0000","945.0000","966.0000","963.0000","968.0000","953.0000","960.0000","952.0000","972.0000","945.0000","960.0000"," ","0.0000","0.0000","198800","190662100","959.0649"
"20190531","01","11","    61990","JP3423510001","607.0000","611.0000","595.0000","602.0000","602.0000","606.0000","598.0000","599.0000","607.0000","611.0000","595.0000","599.0000"," ","0.0000","0.0000","42800","25753000","601.7056"
"20190531","01","11","    62000","JP3152670000","2815.0000","2836.0000","2777.0000","2810.0000","2804.0000","2822.0000","2771.0000","2776.0000","2815.0000","2836.0000","2771.0000","2776.0000"," ","0.0000","0.0000","68500","191427100","2794.5562"
"20190531","01","11","    62010","JP3634600005","5580.0000","5610.0000","5540.0000","5580.0000","5580.0000","5620.0000","5580.0000","5590.0000","5580.0000","5620.0000","5540.0000","5590.0000"," ","0.0000","0.0000","559600","3130100000","5593.4596"
"20190531","01","11","    62030","JP3840600005","830.0000","837.0000","815.0000","827.0000","827.0000","832.0000","818.0000","821.0000","830.0000","837.0000","815.0000","821.0000"," ","0.0000","0.0000","139800","115253400","824.4163"
"20190531","01","11","    62050","JP3180800009","742.0000","742.0000","734.0000","741.0000","741.0000","744.0000","729.0000","729.0000","742.0000","744.0000","729.0000","729.0000"," ","0.0000","0.0000","15700","11541800","735.1465"
"20190531","01","11","    62080","JP3135200008","1396.0000","1430.0000","1392.0000","1409.0000","1408.0000","1411.0000","1392.0000","1400.0000","1396.0000","1430.0000","1392.0000","1400.0000"," ","0.0000","0.0000","55200","77737500","1408.2880"
"20190531","01","11","    62100","JP3609000009","577.0000","577.0000","567.0000","573.0000","573.0000","579.0000","573.0000","574.0000","577.0000","579.0000","567.0000","574.0000"," ","0.0000","0.0000","44900","25814200","574.9265"
"20190531","01","11","    62170","JP3533000000","1567.0000","1574.0000","1550.0000","1560.0000","1560.0000","1560.0000","1487.0000","1505.0000","1567.0000","1574.0000","1487.0000","1505.0000"," ","0.0000","0.0000","42300","64572800","1526.5437"
"20190531","01","11","    62180","JP3168400004","1135.0000","1136.0000","1089.0000","1129.0000","1126.0000","1135.0000","1112.0000","1119.0000","1135.0000","1136.0000","1089.0000","1119.0000"," ","0.0000","0.0000","23500","26336500","1120.7021"
"20190531","01","11","    62220","JP3356500003","3010.0000","3020.0000","2930.0000","3010.0000","2982.0000","3015.0000","2972.0000","2992.0000","3010.0000","3020.0000","2930.0000","2992.0000"," ","0.0000","0.0000","245500","733379100","2987.2876"
"20190531","01","11","    62350","JP3197760006","2302.0000","2403.0000","2296.0000","2375.0000","2375.0000","2378.0000","2329.0000","2329.0000","2302.0000","2403.0000","2296.0000","2329.0000"," ","0.0000","0.0000","747300","1762420200","2358.3838"
"20190531","01","11","    62360","JP3165100003","468.0000","475.0000","468.0000","475.0000","472.0000","476.0000","470.0000","475.0000","468.0000","476.0000","468.0000","475.0000"," ","0.0000","0.0000","5400","2544900","471.2778"
"20190531","01","11","    62370","JP3150100000","987.0000","988.0000","968.0000","972.0000","977.0000","977.0000","968.0000","969.0000","987.0000","988.0000","968.0000","969.0000"," ","0.0000","0.0000","88900","86575400","973.8515"
"20190531","01","11","    62380","JP3826770004","1020.0000","1024.0000","1015.0000","1022.0000","1023.0000","1025.0000","1019.0000","1023.0000","1020.0000","1025.0000","1015.0000","1023.0000"," ","0.0000","0.0000","174000","177795400","1021.8126"
"20190531","01","11","    62400","JP3936600000","545.0000","550.0000","530.0000","540.0000","539.0000","543.0000","530.0000","530.0000","545.0000","550.0000","530.0000","530.0000"," ","0.0000","0.0000","541200","290270600","536.3463"
"20190531","01","11","    62470","JP3784200002","902.0000","905.0000","886.0000","900.0000","901.0000","905.0000","894.0000","902.0000","902.0000","905.0000","886.0000","902.0000"," ","0.0000","0.0000","21900","19692700","899.2100"
"20190531","01","11","    62500","JP3943000004","932.0000","937.0000","917.0000","921.0000","921.0000","927.0000","918.0000","919.0000","932.0000","937.0000","917.0000","919.0000"," ","0.0000","0.0000","78400","72409400","923.5893"
"20190531","01","11","    62580","JP3795300007","5160.0000","5290.0000","5150.0000","5230.0000","5240.0000","5280.0000","5180.0000","5200.0000","5160.0000","5290.0000","5150.0000","5200.0000"," ","0.0000","0.0000","157100","820525000","5222.9472"
"20190531","01","11","    62620","JP3836300008","531.0000","531.0000","524.0000","530.0000","529.0000","533.0000","529.0000","530.0000","531.0000","533.0000","524.0000","530.0000"," ","0.0000","0.0000","77900","41240700","529.4056"
"20190531","01","11","    62640","JP3878150006","740.0000","740.0000","716.0000","733.0000","731.0000","737.0000","722.0000","723.0000","740.0000","740.0000","716.0000","723.0000"," ","0.0000","0.0000","57800","41980900","726.3131"
"20190531","01","11","    62660","JP3468000009","775.0000","779.0000","748.0000","771.0000","771.0000","777.0000","763.0000","770.0000","775.0000","779.0000","748.0000","770.0000"," ","0.0000","0.0000","76200","58450700","767.0696"
"20190531","01","11","    62680","JP3651210001","2725.0000","2784.0000","2714.0000","2762.0000","2764.0000","2775.0000","2741.0000","2745.0000","2725.0000","2784.0000","2714.0000","2745.0000"," ","0.0000","0.0000","931300","2563569800","2752.6788"
"20190531","01","11","    62690","JP3888250002","2768.0000","2783.0000","2725.0000","2748.0000","2740.0000","2759.0000","2725.0000","2736.0000","2768.0000","2783.0000","2725.0000","2736.0000"," ","0.0000","0.0000","200200","549243900","2743.4760"
"20190531","01","11","    62720","JP3979400003","1584.0000","1592.0000","1569.0000","1583.0000","1584.0000","1596.0000","1574.0000","1582.0000","1584.0000","1596.0000","1569.0000","1582.0000"," ","0.0000","0.0000","102300","161817000","1581.7889"
"20190531","01","11","    62730","JP3162600005","35900.0000","36260.0000","35730.0000","35970.0000","35950.0000","36060.0000","35720.0000","35770.0000","35900.0000","36260.0000","35720.0000","35770.0000"," ","0.0000","0.0000","280400","10068138000","35906.3409"
"20190531","01","11","    62740","JP3371700000","350.0000","354.0000","342.0000","347.0000","348.0000","349.0000","344.0000","344.0000","350.0000","354.0000","342.0000","344.0000"," ","0.0000","0.0000","153300","53028800","345.9152"
"20190531","01","11","    62770","JP3846000002","4645.0000","4680.0000","4565.0000","4650.0000","4640.0000","4660.0000","4630.0000","4650.0000","4645.0000","4680.0000","4565.0000","4650.0000"," ","0.0000","0.0000","26200","121456000","4635.7252"
"20190531","01","11","    62780","JP3950600001","2666.0000","2684.0000","2640.0000","2668.0000","2668.0000","2668.0000","2640.0000","2640.0000","2666.0000","2684.0000","2640.0000","2640.0000"," ","0.0000","0.0000","14100","37449600","2656.0000"
"20190531","01","11","    62820","JP3174200000","1480.0000","1480.0000","1458.0000","1475.0000","1472.0000","1477.0000","1462.0000","1466.0000","1480.0000","1480.0000","1458.0000","1466.0000"," ","0.0000","0.0000","87600","128699500","1469.1724"
"20190531","01","11","    62840","JP3678200001","2867.0000","2867.0000","2759.0000","2854.0000","2862.0000","2929.0000","2849.0000","2920.0000","2867.0000","2929.0000","2759.0000","2920.0000"," ","0.0000","0.0000","113900","325770500","2860.1449"
"20190531","01","11","    62870","JP3321400008","2731.0000","2748.0000","2715.0000","2729.0000","2726.0000","2730.0000","2703.0000","2710.0000","2731.0000","2748.0000","2703.0000","2710.0000"," ","0.0000","0.0000","78100","212393100","2719.5019"
"20190531","01","11","    62890","JP3264200001","3220.0000","3220.0000","3180.0000","3220.0000","3220.0000","3235.0000","3200.0000","3210.0000","3220.0000","3235.0000","3180.0000","3210.0000"," ","0.0000","0.0000","54700","175531000","3208.9762"
"20190531","01","11","    62910","JP3688100001","585.0000","587.0000","584.0000","584.0000","584.0000","586.0000","580.0000","580.0000","585.0000","587.0000","580.0000","580.0000"," ","0.0000","0.0000","5200","3032600","583.1923"
"20190531","01","11","    62920","JP3225900004","1092.0000","1092.0000","1063.0000","1074.0000","1071.0000","1084.0000","1065.0000","1068.0000","1092.0000","1092.0000","1063.0000","1068.0000"," ","0.0000","0.0000","32000","34332700","1072.8969"
"20190531","01","11","    62930","JP3679000004","914.0000","914.0000","892.0000","894.0000","892.0000","898.0000","890.0000","890.0000","914.0000","914.0000","890.0000","890.0000"," ","0.0000","0.0000","41500","37243900","897.4434"
"20190531","01","11","    62940","JP3191400005","1310.0000","1312.0000","1292.0000","1299.0000","1298.0000","1303.0000","1280.0000","1280.0000","1310.0000","1312.0000","1280.0000","1280.0000"," ","0.0000","0.0000","16900","21833500","1291.9231"
"20190531","01","11","    62980","JP3990600003","815.0000","815.0000","783.0000","797.0000","800.0000","800.0000","778.0000","784.0000","815.0000","815.0000","778.0000","784.0000"," ","0.0000","0.0000","41400","32802000","792.3188"
"20190531","01","11","    63010","JP3304200003","2417.0000","2440.5000","2401.5000","2427.0000","2424.5000","2432.5000","2409.5000","2416.5000","2417.0000","2440.5000","2401.5000","2416.5000"," ","0.0000","0.0000","4755100","11513156350","2421.2228"
"20190531","01","11","    63020","JP3405400007","3425.0000","3480.0000","3420.0000","3465.0000","3455.0000","3485.0000","3440.0000","3445.0000","3425.0000","3485.0000","3420.0000","3445.0000"," ","0.0000","0.0000","610200","2106863500","3452.7425"
"20190531","01","11","    63050","JP3787000003","2536.0000","2566.0000","2515.0000","2545.0000","2559.0000","2560.0000","2527.0000","2531.0000","2536.0000","2566.0000","2515.0000","2531.0000"," ","0.0000","0.0000","1252700","3181322300","2539.5724"
"20190531","01","11","    63060","JP3669200002","2591.0000","2612.0000","2586.0000","2597.0000","2597.0000","2608.0000","2587.0000","2589.0000","2591.0000","2612.0000","2586.0000","2589.0000"," ","0.0000","0.0000","5500","14280600","2596.4727"
"20190531","01","11","    63090","JP3631600008","2272.0000","2275.0000","2237.0000","2237.0000","2237.0000","2259.0000","2232.0000","2237.0000","2272.0000","2275.0000","2232.0000","2237.0000"," ","0.0000","0.0000","24700","55479900","2246.1498"
"20190531","01","11","    63100","JP3139600005","1454.0000","1461.0000","1436.0000","1451.0000","1442.0000","1459.0000","1438.0000","1440.0000","1454.0000","1461.0000","1436.0000","1440.0000"," ","0.0000","0.0000","36000","52071900","1446.4417"
"20190531","01","11","    63150","JP3555700008","768.0000","771.0000","737.0000","762.0000","762.0000","770.0000","759.0000","761.0000","768.0000","771.0000","737.0000","761.0000"," ","0.0000","0.0000","391100","297698400","761.1823"
"20190531","01","11","    63160","JP3878800006","1120.0000","1120.0000","1120.0000","1120.0000","1117.0000","1117.0000","1111.0000","1111.0000","1120.0000","1120.0000","1111.0000","1111.0000"," ","0.0000","0.0000","2000","2229000","1114.5000"
"20190531","01","11","    63170","JP3237200005","2048.0000","2073.0000","2032.0000","2059.0000","2056.0000","2070.0000","2041.0000","2042.0000","2048.0000","2073.0000","2032.0000","2042.0000"," ","0.0000","0.0000","15800","32354500","2047.7532"
"20190531","01","11","    63190","JP3379600004","349.0000","349.0000","346.0000","346.0000","346.0000","347.0000","345.0000","345.0000","349.0000","349.0000","345.0000","345.0000"," ","0.0000","0.0000","12400","4289000","345.8871"
"20190531","01","11","    63230","JP3982200002","2152.0000","2156.0000","2087.0000","2140.0000","2161.0000","2171.0000","2128.0000","2130.0000","2152.0000","2171.0000","2087.0000","2130.0000"," ","0.0000","0.0000","73100","155926100","2133.0520"
"20190531","01","11","    63250","JP3453200002","542.0000","542.0000","527.0000","527.0000","528.0000","537.0000","524.0000","528.0000","542.0000","542.0000","524.0000","528.0000"," ","0.0000","0.0000","6100","3248200","532.4918"
"20190531","01","11","    63260","JP3266400005","1670.0000","1684.5000","1656.5000","1667.5000","1662.0000","1672.5000","1659.5000","1660.5000","1670.0000","1684.5000","1656.5000","1660.5000"," ","0.0000","0.0000","3346000","5571579900","1665.1464"
"20190531","01","11","    63280","JP3165950001","1892.0000","1906.0000","1879.0000","1903.0000","1903.0000","1913.0000","1887.0000","1897.0000","1892.0000","1913.0000","1879.0000","1897.0000"," ","0.0000","0.0000","11800","22386300","1897.1441"
"20190531","01","11","    63300","JP3607800004","453.0000","455.0000","444.0000","445.0000","444.0000","449.0000","442.0000","444.0000","453.0000","455.0000","442.0000","444.0000"," ","0.0000","0.0000","232700","103855700","446.3073"
"20190531","01","11","    63310","JP3896000001","1481.0000","1543.0000","1481.0000","1538.0000","1524.0000","1548.0000","1517.0000","1521.0000","1481.0000","1548.0000","1481.0000","1521.0000"," ","0.0000","0.0000","32300","49217900","1523.7740"
"20190531","01","11","    63320","JP3532200007","1305.0000","1315.0000","1290.0000","1306.0000","1305.0000","1330.0000","1300.0000","1310.0000","1305.0000","1330.0000","1290.0000","1310.0000"," ","0.0000","0.0000","32700","42874400","1311.1437"
"20190531","01","11","    63330","JP3541800003","1205.0000","1230.0000","1174.0000","1190.0000","1190.0000","1202.0000","1187.0000","1190.0000","1205.0000","1230.0000","1174.0000","1190.0000"," ","0.0000","0.0000","101500","120629800","1188.4709"
"20190531","01","11","    63350","JP3573400003","421.0000","421.0000","410.0000","418.0000","416.0000","418.0000","412.0000","414.0000","421.0000","421.0000","410.0000","414.0000"," ","0.0000","0.0000","21100","8773900","415.8246"
"20190531","01","11","    63390","JP3378200004","921.0000","921.0000","906.0000","918.0000","920.0000","924.0000","913.0000","915.0000","921.0000","924.0000","906.0000","915.0000"," ","0.0000","0.0000","50500","46293600","916.7050"
"20190531","01","11","    63400","JP3356000004","2881.0000","2892.0000","2841.0000","2883.0000","2888.0000","2912.0000","2870.0000","2886.0000","2881.0000","2912.0000","2841.0000","2886.0000"," ","0.0000","0.0000","27700","79789600","2880.4910"
"20190531","01","11","    63450","JP3103200006","647.0000","650.0000","643.0000","648.0000","645.0000","655.0000","644.0000","652.0000","647.0000","655.0000","643.0000","652.0000"," ","0.0000","0.0000","63500","41261400","649.7858"
"20190531","01","11","    63490","JP3305800009","1112.0000","1124.0000","1108.0000","1119.0000","1119.0000","1123.0000","1109.0000","1115.0000","1112.0000","1124.0000","1108.0000","1115.0000"," ","0.0000","0.0000","145300","162080700","1115.4900"
"20190531","01","11","    63510","JP3536200003","1949.0000","1949.0000","1914.0000","1927.0000","1927.0000","1929.0000","1906.0000","1916.0000","1949.0000","1949.0000","1906.0000","1916.0000"," ","0.0000","0.0000","8900","17077000","1918.7640"
"20190531","01","11","    63550","JP3405800008","2752.0000","2776.0000","2750.0000","2776.0000","2770.0000","2805.0000","2770.0000","2774.0000","2752.0000","2805.0000","2750.0000","2774.0000"," ","0.0000","0.0000","4300","11865000","2759.3023"
"20190531","01","11","    63580","JP3313200002","2570.0000","2570.0000","2503.0000","2527.0000","2555.0000","2620.0000","2550.0000","2602.0000","2570.0000","2620.0000","2503.0000","2602.0000"," ","0.0000","0.0000","17900","46397600","2592.0447"
"20190531","01","11","    63610","JP3166000004","2743.0000","2798.0000","2736.0000","2785.0000","2785.0000","2791.0000","2760.0000","2776.0000","2743.0000","2798.0000","2736.0000","2776.0000"," ","0.0000","0.0000","650300","1802917500","2772.4396"
"20190531","01","11","    63620","JP3134400005","1949.0000","1955.0000","1949.0000","1955.0000","1949.0000","1968.0000","1921.0000","1950.0000","1949.0000","1968.0000","1921.0000","1950.0000"," ","0.0000","0.0000","5500","10710600","1947.3818"
"20190531","01","11","    63630","JP3636600003","1000.0000","1020.0000","996.0000","1014.0000","1014.0000","1026.0000","1006.0000","1007.0000","1000.0000","1026.0000","996.0000","1007.0000"," ","0.0000","0.0000","61500","62182800","1011.1024"
"20190531","01","11","    63640","JP3841400009","1208.0000","1224.0000","1204.0000","1219.0000","1219.0000","1222.0000","1208.0000","1212.0000","1208.0000","1224.0000","1204.0000","1212.0000"," ","0.0000","0.0000","35900","43568300","1213.6017"
"20190531","01","11","    63660","JP3528600004","311.0000","311.0000","293.0000","297.0000","297.0000","297.0000","290.0000","290.0000","311.0000","311.0000","290.0000","290.0000"," ","0.0000","0.0000","6205200","1847109700","297.6713"
"20190531","01","11","    63670","JP3481800005","13605.0000","13630.0000","13450.0000","13525.0000","13500.0000","13505.0000","13210.0000","13230.0000","13605.0000","13630.0000","13210.0000","13230.0000"," ","0.0000","0.0000","988300","13194568000","13350.7720"
"20190531","01","11","    63680","JP3201600008","3340.0000","3340.0000","3270.0000","3280.0000","3280.0000","3310.0000","3245.0000","3245.0000","3340.0000","3340.0000","3245.0000","3245.0000"," ","0.0000","0.0000","11500","37698500","3278.1304"
"20190531","01","11","    63690","JP3554400006","2124.0000","2124.0000","2044.0000","2054.0000","2057.0000","2065.0000","2041.0000","2063.0000","2124.0000","2124.0000","2041.0000","2063.0000"," ","0.0000","0.0000","47600","98152100","2062.0189"
"20190531","01","11","    63700","JP3270000007","2615.0000","2649.0000","2606.0000","2628.0000","2618.0000","2623.0000","2602.0000","2609.0000","2615.0000","2649.0000","2602.0000","2609.0000"," ","0.0000","0.0000","468000","1225086100","2617.7053"
"20190531","01","11","    63710","JP3535400000","3285.0000","3335.0000","3265.0000","3290.0000","3280.0000","3310.0000","3260.0000","3260.0000","3285.0000","3335.0000","3260.0000","3260.0000"," ","0.0000","0.0000","74400","244330500","3284.0121"
"20190531","01","11","    63730","JP3489000004","820.0000","825.0000","820.0000","823.0000","816.0000","830.0000","812.0000","814.0000","820.0000","830.0000","812.0000","814.0000"," ","0.0000","0.0000","6700","5471100","816.5821"
"20190531","01","11","    63760","JP3668000007","1399.0000","1423.0000","1392.0000","1408.0000","1403.0000","1412.0000","1395.0000","1399.0000","1399.0000","1423.0000","1392.0000","1399.0000"," ","0.0000","0.0000","282500","397385800","1406.6754"
"20190531","01","11","    63780","JP3242000002","335.0000","336.0000","333.0000","335.0000","335.0000","336.0000","322.0000","324.0000","335.0000","336.0000","322.0000","324.0000"," ","0.0000","0.0000","45500","14946600","328.4967"
"20190531","01","11","    63790","JP3331600001","1214.0000","1214.0000","1205.0000","1206.0000","1209.0000","1215.0000","1202.0000","1206.0000","1214.0000","1215.0000","1202.0000","1206.0000"," ","0.0000","0.0000","61200","73908000","1207.6471"
"20190531","01","11","    63810","JP3122450004","945.0000","965.0000","942.0000","955.0000","956.0000","965.0000","950.0000","953.0000","945.0000","965.0000","942.0000","953.0000"," ","0.0000","0.0000","41500","39689300","956.3687"
"20190531","01","11","    63830","JP3497400006","5500.0000","5530.0000","5430.0000","5500.0000","5490.0000","5530.0000","5450.0000","5470.0000","5500.0000","5530.0000","5430.0000","5470.0000"," ","0.0000","0.0000","1157100","6347003000","5485.2675"
"20190531","01","11","    63870","JP3322950001","787.0000","787.0000","769.0000","776.0000","776.0000","777.0000","767.0000","768.0000","787.0000","787.0000","767.0000","768.0000"," ","0.0000","0.0000","9800","7580300","773.5000"
"20190531","01","11","    63900","JP3213800000","1938.0000","1940.0000","1905.0000","1931.0000","1933.0000","1950.0000","1915.0000","1920.0000","1938.0000","1950.0000","1905.0000","1920.0000"," ","0.0000","0.0000","115200","221651400","1924.0573"
"20190531","01","11","    63930","JP3948000009","1634.0000","1634.0000","1624.0000","1624.0000","1622.0000","1622.0000","1609.0000","1610.0000","1634.0000","1634.0000","1609.0000","1610.0000"," ","0.0000","0.0000","6000","9703500","1617.2500"
"20190531","01","11","    63950","JP3465000002","1044.0000","1062.0000","1035.0000","1056.0000","1055.0000","1066.0000","1043.0000","1052.0000","1044.0000","1066.0000","1035.0000","1052.0000"," ","0.0000","0.0000","730300","769254400","1053.3403"
"20190531","01","11","    64060","JP3818800009","1410.0000","1431.0000","1402.0000","1419.0000","1422.0000","1423.0000","1417.0000","1418.0000","1410.0000","1431.0000","1402.0000","1418.0000"," ","0.0000","0.0000","151600","215213600","1419.6148"
"20190531","01","11","    64070","JP3346800000","993.0000","1016.0000","977.0000","993.0000","987.0000","987.0000","967.0000","967.0000","993.0000","1016.0000","967.0000","967.0000"," ","0.0000","0.0000","1181500","1158714100","980.7144"
"20190531","01","11","    64090","JP3240800007","1550.0000","1569.0000","1533.0000","1550.0000","1550.0000","1557.0000","1537.0000","1539.0000","1550.0000","1569.0000","1533.0000","1539.0000"," ","0.0000","0.0000","229500","355354900","1548.3874"
"20190531","01","11","    64120","JP3834200002","2215.0000","2227.0000","2212.0000","2225.0000","2218.0000","2228.0000","2217.0000","2225.0000","2215.0000","2228.0000","2212.0000","2225.0000"," ","0.0000","0.0000","183500","407770800","2222.1842"
"20190531","01","11","    64130","JP3974400008","1764.0000","1771.0000","1743.0000","1766.0000","1765.0000","1766.0000","1749.0000","1749.0000","1764.0000","1771.0000","1743.0000","1749.0000"," ","0.0000","0.0000","60200","105960700","1760.1445"
"20190531","01","11","    64170","JP3326410002","4150.0000","4165.0000","4130.0000","4165.0000","4150.0000","4160.0000","4135.0000","4150.0000","4150.0000","4165.0000","4130.0000","4150.0000"," ","0.0000","0.0000","208900","866712500","4148.9349"
"20190531","01","11","    64180","JP3697800005","1090.0000","1090.0000","1071.0000","1088.0000","1095.0000","1097.0000","1080.0000","1087.0000","1090.0000","1097.0000","1071.0000","1087.0000"," ","0.0000","0.0000","77000","83545400","1085.0052"
"20190531","01","11","    64190","JP3860220007","2042.0000","2069.0000","2042.0000","2069.0000","2069.0000","2069.0000","2061.0000","2061.0000","2042.0000","2069.0000","2042.0000","2061.0000"," ","0.0000","0.0000","6700","13799200","2059.5821"
"20190531","01","11","    64200","JP3805150004","3540.0000","3580.0000","3515.0000","3580.0000","3580.0000","3580.0000","3535.0000","3550.0000","3540.0000","3580.0000","3515.0000","3550.0000"," ","0.0000","0.0000","46100","163655500","3550.0108"
"20190531","01","11","    64280","JP3170100006","383.0000","384.0000","380.0000","383.0000","381.0000","383.0000","376.0000","377.0000","383.0000","384.0000","376.0000","377.0000"," ","0.0000","0.0000","15700","5963600","379.8471"
"20190531","01","11","    64300","JP3483100008","1306.0000","1307.0000","1292.0000","1299.0000","1300.0000","1302.0000","1287.0000","1287.0000","1306.0000","1307.0000","1287.0000","1287.0000"," ","0.0000","0.0000","50600","65599000","1296.4229"
"20190531","01","11","    64320","JP3462660006","1817.0000","1831.0000","1797.0000","1808.0000","1808.0000","1816.0000","1788.0000","1792.0000","1817.0000","1831.0000","1788.0000","1792.0000"," ","0.0000","0.0000","245700","443470500","1804.9267"
"20190531","01","11","    64360","JP3124400007","2816.0000","2829.0000","2802.0000","2824.0000","2823.0000","2839.0000","2813.0000","2820.0000","2816.0000","2839.0000","2802.0000","2820.0000"," ","0.0000","0.0000","275300","775880300","2818.3084"
"20190531","01","11","    64400","JP3390400004","926.0000","936.0000","907.0000","933.0000","928.0000","933.0000","919.0000","919.0000","926.0000","936.0000","907.0000","919.0000"," ","0.0000","0.0000","302000","279446000","925.3179"
"20190531","01","11","    64440","JP3336400001","530.0000","531.0000","502.0000","507.0000","506.0000","509.0000","502.0000","504.0000","530.0000","531.0000","502.0000","504.0000"," ","0.0000","0.0000","343800","174822900","508.5017"
"20190531","01","11","    64450","JP3389400007","428.0000","428.0000","425.0000","427.0000","427.0000","429.0000","426.0000","427.0000","428.0000","429.0000","425.0000","427.0000"," ","0.0000","0.0000","18900","8071800","427.0794"
"20190531","01","11","    64480","JP3830000000","1881.0000","1889.0000","1865.0000","1883.0000","1877.0000","1885.0000","1863.0000","1863.0000","1881.0000","1889.0000","1863.0000","1863.0000"," ","0.0000","0.0000","588300","1100738200","1871.0491"
"20190531","01","11","    64540","JP3864800002","1506.0000","1509.0000","1486.0000","1498.0000","1497.0000","1509.0000","1496.0000","1497.0000","1506.0000","1509.0000","1486.0000","1497.0000"," ","0.0000","0.0000","81300","121976800","1500.3296"
"20190531","01","11","    64550","JP3925600003","1905.0000","1910.0000","1889.0000","1899.0000","1905.0000","1919.0000","1896.0000","1899.0000","1905.0000","1919.0000","1889.0000","1899.0000"," ","0.0000","0.0000","37700","71712100","1902.1777"
"20190531","01","11","    64570","JP3274400005","2685.0000","2704.0000","2658.0000","2678.0000","2675.0000","2698.0000","2673.0000","2684.0000","2685.0000","2704.0000","2658.0000","2684.0000"," ","0.0000","0.0000","220800","592498600","2683.4176"
"20190531","01","11","    64580","JP3372800007","1584.0000","1584.0000","1560.0000","1560.0000","1568.0000","1598.0000","1566.0000","1597.0000","1584.0000","1598.0000","1560.0000","1597.0000"," ","0.0000","0.0000","37300","59121000","1585.0134"
"20190531","01","11","    64590","JP3505800007","1195.0000","1203.0000","1187.0000","1195.0000","1197.0000","1201.0000","1194.0000","1195.0000","1195.0000","1203.0000","1187.0000","1195.0000"," ","0.0000","0.0000","33900","40530700","1195.5959"
"20190531","01","11","    64600","JP3419050004","1292.0000","1299.0000","1283.0000","1292.0000","1297.0000","1301.0000","1286.0000","1288.0000","1292.0000","1301.0000","1283.0000","1288.0000"," ","0.0000","0.0000","752000","971260900","1291.5703"
"20190531","01","11","    64610","JP3747400004","1367.0000","1370.0000","1353.0000","1359.0000","1359.0000","1368.0000","1339.0000","1339.0000","1367.0000","1370.0000","1339.0000","1339.0000"," ","0.0000","0.0000","57700","78174300","1354.8406"
"20190531","01","11","    64620","JP3970600007","4520.0000","4540.0000","4380.0000","4400.0000","4410.0000","4410.0000","4290.0000","4310.0000","4520.0000","4540.0000","4290.0000","4310.0000"," ","0.0000","0.0000","20900","91538500","4379.8325"
"20190531","01","11","    64630","JP3542400001","1815.0000","1824.0000","1773.0000","1783.0000","1793.0000","1793.0000","1754.0000","1767.0000","1815.0000","1824.0000","1754.0000","1767.0000"," ","0.0000","0.0000","127700","227084500","1778.2655"
"20190531","01","11","    64640","JP3534410000","1690.0000","1700.0000","1669.0000","1690.0000","1694.0000","1708.0000","1681.0000","1684.0000","1690.0000","1708.0000","1669.0000","1684.0000"," ","0.0000","0.0000","182000","306877700","1686.1412"
"20190531","01","11","    64650","JP3845770001","8010.0000","8120.0000","7980.0000","8060.0000","8030.0000","8420.0000","8030.0000","8220.0000","8010.0000","8420.0000","7980.0000","8220.0000"," ","0.0000","0.0000","556700","4577233000","8222.0819"
"20190531","01","11","    64700","JP3449080005","816.0000","819.0000","802.0000","804.0000","809.0000","809.0000","797.0000","799.0000","816.0000","819.0000","797.0000","799.0000"," ","0.0000","0.0000","35000","28190700","805.4486"
"20190531","01","11","    64710","JP3720800006","883.0000","886.0000","873.0000","880.0000","880.0000","884.0000","872.0000","873.0000","883.0000","886.0000","872.0000","873.0000"," ","0.0000","0.0000","2704600","2373793000","877.6873"
"20190531","01","11","    64720","JP3165600002","288.0000","291.0000","285.0000","288.0000","288.0000","290.0000","286.0000","286.0000","288.0000","291.0000","285.0000","286.0000"," ","0.0000","0.0000","4437600","1275958500","287.5335"
"20190531","01","11","    64730","JP3292200007","1156.0000","1164.0000","1144.0000","1161.0000","1161.0000","1162.0000","1151.0000","1152.0000","1156.0000","1164.0000","1144.0000","1152.0000"," ","0.0000","0.0000","1107500","1279043700","1154.8927"
"20190531","01","11","    64740","JP3813200007","4200.0000","4205.0000","4135.0000","4180.0000","4185.0000","4185.0000","4130.0000","4140.0000","4200.0000","4205.0000","4130.0000","4140.0000"," ","0.0000","0.0000","100900","419694500","4159.5094"
"20190531","01","11","    64790","JP3906000009","1607.0000","1616.0000","1596.0000","1606.0000","1605.0000","1606.0000","1593.0000","1596.0000","1607.0000","1616.0000","1593.0000","1596.0000"," ","0.0000","0.0000","2477500","3967649000","1601.4729"
"20190531","01","11","    64800","JP3739400004","440.0000","441.0000","428.0000","436.0000","435.0000","438.0000","431.0000","434.0000","440.0000","441.0000","428.0000","434.0000"," ","0.0000","0.0000","550900","238751100","433.3837"
"20190531","01","11","    64810","JP3539250005","2232.0000","2266.0000","2218.0000","2247.0000","2244.0000","2257.0000","2227.0000","2227.0000","2232.0000","2266.0000","2218.0000","2227.0000"," ","0.0000","0.0000","1170800","2623253900","2240.5653"
"20190531","01","11","    64820","JP3944500002","1076.0000","1076.0000","1040.0000","1059.0000","1053.0000","1070.0000","1051.0000","1057.0000","1076.0000","1076.0000","1040.0000","1057.0000"," ","0.0000","0.0000","19100","20183800","1056.7435"
"20190531","01","11","    64850","JP3860300007","1932.0000","1945.0000","1929.0000","1938.0000","1938.0000","1940.0000","1907.0000","1925.0000","1932.0000","1945.0000","1907.0000","1925.0000"," ","0.0000","0.0000","7900","15234500","1928.4177"
"20190531","01","11","    64860","JP3130400009","1030.0000","1030.0000","1012.0000","1013.0000","1013.0000","1018.0000","1004.0000","1010.0000","1030.0000","1030.0000","1004.0000","1010.0000"," ","0.0000","0.0000","129400","131147000","1013.5008"
"20190531","01","11","    64890","JP3860400005","340.0000","342.0000","340.0000","341.0000","341.0000","342.0000","340.0000","341.0000","340.0000","342.0000","340.0000","341.0000"," ","0.0000","0.0000","21300","7262300","340.9531"
"20190531","01","11","    64900","JP3747800005","1066.0000","1070.0000","1059.0000","1065.0000","1072.0000","1077.0000","1062.0000","1074.0000","1066.0000","1077.0000","1059.0000","1074.0000"," ","0.0000","0.0000","59300","63368600","1068.6105"
"20190531","01","11","    64980","JP3240700009","708.0000","716.0000","702.0000","713.0000","713.0000","718.0000","712.0000","715.0000","708.0000","718.0000","702.0000","715.0000"," ","0.0000","0.0000","331900","236858000","713.6427"
"20190531","01","11","    65010","JP3788600009","3705.0000","3711.0000","3668.0000","3678.0000","3671.0000","3698.0000","3665.0000","3686.0000","3705.0000","3711.0000","3665.0000","3686.0000"," ","0.0000","0.0000","4585700","16911804600","3687.9440"
"20190531","01","11","    65030","JP3902400005","1373.0000","1377.5000","1363.5000","1372.5000","1371.0000","1376.0000","1360.0000","1360.5000","1373.0000","1377.5000","1360.0000","1360.5000"," ","0.0000","0.0000","4613700","6307118050","1367.0412"
"20190531","01","11","    65040","JP3820000002","3725.0000","3770.0000","3690.0000","3690.0000","3680.0000","3680.0000","3620.0000","3630.0000","3725.0000","3770.0000","3620.0000","3630.0000"," ","0.0000","0.0000","980100","3615695500","3689.1088"
"20190531","01","11","    65050","JP3617000009","1273.0000","1273.0000","1247.0000","1259.0000","1259.0000","1259.0000","1235.0000","1237.0000","1273.0000","1273.0000","1235.0000","1237.0000"," ","0.0000","0.0000","17400","21719100","1248.2241"
"20190531","01","11","    65060","JP3932000007","3150.0000","3220.0000","3135.0000","3185.0000","3175.0000","3195.0000","3140.0000","3150.0000","3150.0000","3220.0000","3135.0000","3150.0000"," ","0.0000","0.0000","4567100","14468543500","3167.9936"
"20190531","01","11","    65070","JP3375400003","1190.0000","1193.0000","1163.0000","1177.0000","1184.0000","1185.0000","1171.0000","1175.0000","1190.0000","1193.0000","1163.0000","1175.0000"," ","0.0000","0.0000","111500","130979700","1174.7058"
"20190531","01","11","    65080","JP3919800007","1518.0000","1527.0000","1499.0000","1516.0000","1515.0000","1522.0000","1504.0000","1508.0000","1518.0000","1527.0000","1499.0000","1508.0000"," ","0.0000","0.0000","104200","157507900","1511.5921"
"20190531","01","11","    65130","JP3200400004","1431.0000","1431.0000","1409.0000","1425.0000","1424.0000","1425.0000","1408.0000","1413.0000","1431.0000","1431.0000","1408.0000","1413.0000"," ","0.0000","0.0000","18700","26520600","1418.2139"
"20190531","01","11","    65160","JP3340800006","3820.0000","3870.0000","3760.0000","3820.0000","3830.0000","3850.0000","3800.0000","3800.0000","3820.0000","3870.0000","3760.0000","3800.0000"," ","0.0000","0.0000","46900","178926000","3815.0533"
"20190531","01","11","    65170","JP3551600004","1355.0000","1357.0000","1335.0000","1338.0000","1338.0000","1339.0000","1326.0000","1327.0000","1355.0000","1357.0000","1326.0000","1327.0000"," ","0.0000","0.0000","13200","17603300","1333.5833"
"20190531","01","11","    65320","JP3835250006","3745.0000","3775.0000","3620.0000","3635.0000","3645.0000","3660.0000","3605.0000","3645.0000","3745.0000","3775.0000","3605.0000","3645.0000"," ","0.0000","0.0000","128400","468147000","3646.0047"
"20190531","01","11","    65330","JP3549040008","1206.0000","1229.0000","1181.0000","1194.0000","1191.0000","1273.0000","1191.0000","1250.0000","1206.0000","1273.0000","1181.0000","1250.0000"," ","0.0000","0.0000","85400","105561000","1236.0773"
"20190531","01","11","    65350","JP3105210003","805.0000","847.0000","805.0000","836.0000","846.0000","856.0000","838.0000","841.0000","805.0000","856.0000","805.0000","841.0000"," ","0.0000","0.0000","230300","193741400","841.2566"
"20190531","01","11","    65380","JP3244440008","805.0000","806.0000","788.0000","788.0000","789.0000","792.0000","776.0000","777.0000","805.0000","806.0000","776.0000","777.0000"," ","0.0000","0.0000","127100","99978800","786.6153"
"20190531","01","11","    65390","JP3167330004","1588.0000","1588.0000","1540.0000","1545.0000","1545.0000","1557.0000","1524.0000","1528.0000","1588.0000","1588.0000","1524.0000","1528.0000"," ","0.0000","0.0000","91300","141300700","1547.6528"
"20190531","01","11","    65400","JP3426050005","924.0000","924.0000","920.0000","922.0000","922.0000","924.0000","911.0000","915.0000","924.0000","924.0000","911.0000","915.0000"," ","0.0000","0.0000","4500","4130400","917.8667"
"20190531","01","11","    65410","JP3274260003","2514.0000","2576.0000","2486.0000","2559.0000","2560.0000","2642.0000","2553.0000","2621.0000","2514.0000","2642.0000","2486.0000","2621.0000"," ","0.0000","0.0000","641000","1654303200","2580.8162"
"20190531","01","11","    65440","JP3389510003","2181.0000","2231.0000","2160.0000","2221.0000","2229.0000","2250.0000","2155.0000","2193.0000","2181.0000","2250.0000","2155.0000","2193.0000"," ","0.0000","0.0000","684700","1513698000","2210.7463"
"20190531","01","11","    65460","JP3828350003","0.0000","0.0000","0.0000","0.0000","1160.0000","1170.0000","1155.0000","1163.0000","1160.0000","1170.0000","1155.0000","1163.0000"," ","0.0000","0.0000","1000","1161800","1161.8000"
"20190531","01","11","    65470","JP3274090004","1563.0000","1572.0000","1563.0000","1568.0000","1563.0000","1573.0000","1555.0000","1555.0000","1563.0000","1573.0000","1555.0000","1555.0000"," ","0.0000","0.0000","17000","26581700","1563.6294"
"20190531","01","11","    65510","JP3534100007","537.0000","539.0000","511.0000","522.0000","520.0000","531.0000","506.0000","530.0000","537.0000","539.0000","506.0000","530.0000"," ","0.0000","0.0000","34000","17589800","517.3471"
"20190531","01","11","    65530","JP3433050006","2331.0000","2342.0000","2249.0000","2288.0000","2297.0000","2297.0000","2240.0000","2246.0000","2331.0000","2342.0000","2240.0000","2246.0000"," ","0.0000","0.0000","59600","135709600","2277.0067"
"20190531","01","11","    65550","JP3167340003","1032.0000","1032.0000","1006.0000","1023.0000","1028.0000","1050.0000","1014.0000","1036.0000","1032.0000","1050.0000","1006.0000","1036.0000"," ","0.0000","0.0000","55600","57129900","1027.5162"
"20190531","01","11","    65690","JP3679860001","1458.0000","1496.0000","1455.0000","1465.0000","1465.0000","1475.0000","1414.0000","1430.0000","1458.0000","1496.0000","1414.0000","1430.0000"," ","0.0000","0.0000","494100","717531600","1452.1991"
"20190531","01","11","    65710","JP3244750000","2285.0000","2308.0000","2256.0000","2259.0000","2263.0000","2290.0000","2245.0000","2274.0000","2285.0000","2308.0000","2245.0000","2274.0000"," ","0.0000","0.0000","79700","180770100","2268.1317"
"20190531","01","11","    65720","JP3100550007","5890.0000","5950.0000","5500.0000","5700.0000","5690.0000","5770.0000","5610.0000","5620.0000","5890.0000","5950.0000","5500.0000","5620.0000"," ","0.0000","0.0000","316000","1813028000","5737.4304"
"20190531","01","11","    65840","JP3325200008","397.0000","397.0000","387.0000","390.0000","390.0000","392.0000","387.0000","387.0000","397.0000","397.0000","387.0000","387.0000"," ","0.0000","0.0000","116300","45400000","390.3697"
"20190531","01","11","    65860","JP3862400003","3800.0000","3855.0000","3790.0000","3825.0000","3830.0000","3830.0000","3810.0000","3810.0000","3800.0000","3855.0000","3790.0000","3810.0000"," ","0.0000","0.0000","686500","2620864000","3817.7189"
"20190531","01","11","    65880","JP3594000006","2696.0000","2699.0000","2669.0000","2688.0000","2688.0000","2702.0000","2676.0000","2680.0000","2696.0000","2702.0000","2669.0000","2680.0000"," ","0.0000","0.0000","76600","205619000","2684.3211"
"20190531","01","11","    65900","JP3355000005","2590.0000","2590.0000","2539.0000","2581.0000","2585.0000","2622.0000","2575.0000","2583.0000","2590.0000","2622.0000","2539.0000","2583.0000"," ","0.0000","0.0000","18900","48710900","2577.2963"
"20190531","01","11","    65920","JP3870000001","3690.0000","3710.0000","3645.0000","3685.0000","3685.0000","3685.0000","3630.0000","3630.0000","3690.0000","3710.0000","3630.0000","3630.0000"," ","0.0000","0.0000","283300","1036843500","3659.8782"
"20190531","01","11","    65940","JP3734800000","13675.0000","13850.0000","13555.0000","13785.0000","13750.0000","13780.0000","13590.0000","13590.0000","13675.0000","13850.0000","13555.0000","13590.0000"," ","0.0000","0.0000","807600","11044387500","13675.5665"
"20190531","01","11","    66150","JP3944330004","1103.0000","1105.0000","1082.0000","1099.0000","1097.0000","1109.0000","1094.0000","1099.0000","1103.0000","1109.0000","1082.0000","1099.0000"," ","0.0000","0.0000","30100","33070400","1098.6844"
"20190531","01","11","    66160","JP3637280003","1129.0000","1140.0000","1118.0000","1123.0000","1120.0000","1121.0000","1110.0000","1117.0000","1129.0000","1140.0000","1110.0000","1117.0000"," ","0.0000","0.0000","49200","55182200","1121.5894"
"20190531","01","11","    66170","JP3591600006","1145.0000","1145.0000","1126.0000","1132.0000","1132.0000","1138.0000","1127.0000","1127.0000","1145.0000","1145.0000","1126.0000","1127.0000"," ","0.0000","0.0000","33300","37713400","1132.5345"
"20190531","01","11","    66190","JP3505970008","1386.0000","1415.0000","1351.0000","1394.0000","1396.0000","1433.0000","1380.0000","1425.0000","1386.0000","1433.0000","1351.0000","1425.0000"," ","0.0000","0.0000","558100","782263000","1401.6538"
"20190531","01","11","    66200","JP3907850006","838.0000","840.0000","824.0000","840.0000","840.0000","840.0000","820.0000","825.0000","838.0000","840.0000","820.0000","825.0000"," ","0.0000","0.0000","49000","40654100","829.6755"
"20190531","01","11","    66220","JP3497800007","2841.0000","2857.0000","2821.0000","2828.0000","2828.0000","2843.0000","2821.0000","2838.0000","2841.0000","2857.0000","2821.0000","2838.0000"," ","0.0000","0.0000","79400","224934200","2832.9244"
"20190531","01","11","    66240","JP3470200001","107.0000","107.0000","105.0000","106.0000","107.0000","107.0000","105.0000","106.0000","107.0000","107.0000","105.0000","106.0000"," ","0.0000","0.0000","362000","38382600","106.0293"
"20190531","01","11","    66300","JP3930050004","968.0000","975.0000","955.0000","972.0000","965.0000","966.0000","953.0000","953.0000","968.0000","975.0000","953.0000","953.0000"," ","0.0000","0.0000","508400","488937300","961.7177"
"20190531","01","11","    66320","JP3386410009","233.0000","236.0000","229.0000","233.0000","232.0000","234.0000","230.0000","231.0000","233.0000","236.0000","229.0000","231.0000"," ","0.0000","0.0000","2111000","490475700","232.3428"
"20190531","01","11","    66380","JP3907150001","594.0000","596.0000","579.0000","588.0000","587.0000","590.0000","580.0000","580.0000","594.0000","596.0000","579.0000","580.0000"," ","0.0000","0.0000","110200","64461300","584.9483"
"20190531","01","11","    66400","JP3476210004","1403.0000","1413.0000","1392.0000","1405.0000","1401.0000","1436.0000","1400.0000","1418.0000","1403.0000","1436.0000","1392.0000","1418.0000"," ","0.0000","0.0000","225600","318840000","1413.2979"
"20190531","01","11","    66410","JP3677600003","1055.0000","1075.0000","1051.0000","1064.0000","1058.0000","1070.0000","1052.0000","1052.0000","1055.0000","1075.0000","1051.0000","1052.0000"," ","0.0000","0.0000","326500","346540100","1061.3786"
"20190531","01","11","    66440","JP3187600006","635.0000","639.0000","628.0000","635.0000","635.0000","641.0000","634.0000","636.0000","635.0000","641.0000","628.0000","636.0000"," ","0.0000","0.0000","139300","88458500","635.0215"
"20190531","01","11","    66450","JP3197800000","5230.0000","5300.0000","5190.0000","5270.0000","5260.0000","5260.0000","5160.0000","5160.0000","5230.0000","5300.0000","5160.0000","5160.0000"," ","0.0000","0.0000","1677300","8733707000","5207.0035"
"20190531","01","11","    66510","JP3682400001","1867.0000","1867.0000","1841.0000","1860.0000","1859.0000","1869.0000","1850.0000","1858.0000","1867.0000","1869.0000","1841.0000","1858.0000"," ","0.0000","0.0000","75500","140233300","1857.3947"
"20190531","01","11","    66520","JP3138800002","1917.0000","1922.0000","1885.0000","1911.0000","1911.0000","1924.0000","1905.0000","1910.0000","1917.0000","1924.0000","1885.0000","1910.0000"," ","0.0000","0.0000","65800","125527500","1907.7128"
"20190531","01","11","    66530","JP3414900005","761.0000","762.0000","750.0000","750.0000","755.0000","756.0000","741.0000","746.0000","761.0000","762.0000","741.0000","746.0000"," ","0.0000","0.0000","12500","9398400","751.8720"
"20190531","01","11","    66540","JP3820500001","1296.0000","1297.0000","1296.0000","1296.0000","1296.0000","1296.0000","1289.0000","1296.0000","1296.0000","1297.0000","1289.0000","1296.0000"," ","0.0000","0.0000","2300","2976000","1293.9130"
"20190531","01","11","    66740","JP3385820000","1960.0000","1969.0000","1937.0000","1953.0000","1946.0000","1956.0000","1940.0000","1941.0000","1960.0000","1969.0000","1937.0000","1941.0000"," ","0.0000","0.0000","322100","627783700","1949.0335"
"20190531","01","11","    66750","JP3471200000","1823.0000","1857.0000","1817.0000","1848.0000","1848.0000","1848.0000","1828.0000","1838.0000","1823.0000","1857.0000","1817.0000","1838.0000"," ","0.0000","0.0000","26700","49018000","1835.8801"
"20190531","01","11","    66760","JP3921080002","3040.0000","3040.0000","3025.0000","3035.0000","3040.0000","3085.0000","3040.0000","3055.0000","3040.0000","3085.0000","3025.0000","3055.0000"," ","0.0000","0.0000","25400","77498500","3051.1220"
"20190531","01","11","    66780","JP3545110003","2120.0000","2120.0000","2100.0000","2114.0000","2114.0000","2115.0000","2110.0000","2114.0000","2120.0000","2120.0000","2100.0000","2114.0000"," ","0.0000","0.0000","4800","10152700","2115.1458"
"20190531","01","11","    67010","JP3733000008","4020.0000","4060.0000","4005.0000","4010.0000","4015.0000","4040.0000","4005.0000","4025.0000","4020.0000","4060.0000","4005.0000","4025.0000"," ","0.0000","0.0000","1299000","5230053000","4026.2148"
"20190531","01","11","    67020","JP3818000006","7423.0000","7443.0000","7368.0000","7389.0000","7390.0000","7408.0000","7348.0000","7355.0000","7423.0000","7443.0000","7348.0000","7355.0000"," ","0.0000","0.0000","777200","5735148500","7379.2441"
"20190531","01","11","    67030","JP3194000000","1364.0000","1364.0000","1344.0000","1355.0000","1349.0000","1350.0000","1334.0000","1337.0000","1364.0000","1364.0000","1334.0000","1337.0000"," ","0.0000","0.0000","416700","560348300","1344.7283"
"20190531","01","11","    67040","JP3150400004","769.0000","775.0000","768.0000","773.0000","772.0000","774.0000","772.0000","774.0000","769.0000","775.0000","768.0000","774.0000"," ","0.0000","0.0000","8100","6255400","772.2716"
"20190531","01","11","    67060","JP3550000008","2601.0000","2601.0000","2567.0000","2583.0000","2561.0000","2597.0000","2555.0000","2580.0000","2601.0000","2601.0000","2555.0000","2580.0000"," ","0.0000","0.0000","23600","60846300","2578.2331"
"20190531","01","11","    67070","JP3329600005","2180.0000","2213.0000","2136.0000","2179.0000","2173.0000","2184.0000","2171.0000","2177.0000","2180.0000","2213.0000","2136.0000","2177.0000"," ","0.0000","0.0000","137000","297638800","2172.5460"
"20190531","01","11","    67150","JP3646800007","1492.0000","1515.0000","1490.0000","1493.0000","1496.0000","1496.0000","1491.0000","1491.0000","1492.0000","1515.0000","1490.0000","1491.0000"," ","0.0000","0.0000","2000","2989000","1494.5000"
"20190531","01","11","    67180","JP3105050003","1596.0000","1609.0000","1596.0000","1604.0000","1604.0000","1617.0000","1604.0000","1613.0000","1596.0000","1617.0000","1596.0000","1613.0000"," ","0.0000","0.0000","10900","17543600","1609.5046"
"20190531","01","11","    67230","JP3164720009","496.0000","500.0000","481.0000","494.0000","495.0000","496.0000","492.0000","495.0000","496.0000","500.0000","481.0000","495.0000"," ","0.0000","0.0000","11315600","5578372900","492.9807"
"20190531","01","11","    67240","JP3414750004","1600.0000","1610.0000","1591.0000","1602.0000","1602.0000","1609.0000","1599.0000","1600.0000","1600.0000","1610.0000","1591.0000","1600.0000"," ","0.0000","0.0000","1492800","2389677000","1600.8018"
"20190531","01","11","    67270","JP3993400005","344.0000","346.0000","333.0000","338.0000","339.0000","340.0000","335.0000","335.0000","344.0000","346.0000","333.0000","335.0000"," ","0.0000","0.0000","1081200","364902000","337.4972"
"20190531","01","11","    67280","JP3126190002","3125.0000","3160.0000","3085.0000","3140.0000","3135.0000","3155.0000","3115.0000","3115.0000","3125.0000","3160.0000","3085.0000","3115.0000"," ","0.0000","0.0000","368300","1151371500","3126.1784"
"20190531","01","11","    67300","JP3108080007","554.0000","563.0000","548.0000","561.0000","558.0000","562.0000","550.0000","553.0000","554.0000","563.0000","548.0000","553.0000"," ","0.0000","0.0000","97900","54349700","555.1553"
"20190531","01","11","    67370","JP3651080008","3965.0000","4000.0000","3945.0000","3980.0000","4000.0000","4005.0000","3965.0000","3965.0000","3965.0000","4005.0000","3945.0000","3965.0000"," ","0.0000","0.0000","55500","220918000","3980.5045"
"20190531","01","11","    67400","JP3389660006","72.0000","72.0000","65.0000","67.0000","66.0000","67.0000","63.0000","64.0000","72.0000","72.0000","63.0000","64.0000"," ","0.0000","0.0000","93987200","6364477200","67.7164"
"20190531","01","11","    67410","JP3716000009","1107.0000","1115.0000","1103.0000","1113.0000","1110.0000","1114.0000","1103.0000","1108.0000","1107.0000","1115.0000","1103.0000","1108.0000"," ","0.0000","0.0000","193400","214556300","1109.3914"
"20190531","01","11","    67420","JP3248800009","355.0000","356.0000","351.0000","353.0000","356.0000","356.0000","350.0000","352.0000","355.0000","356.0000","350.0000","352.0000"," ","0.0000","0.0000","105400","37178700","352.7391"
"20190531","01","11","    67440","JP3759800000","2064.0000","2067.0000","2041.0000","2063.0000","2060.0000","2068.0000","2051.0000","2056.0000","2064.0000","2068.0000","2041.0000","2056.0000"," ","0.0000","0.0000","36700","75500600","2057.2371"
"20190531","01","11","    67450","JP3837400005","1180.0000","1188.0000","1150.0000","1150.0000","1150.0000","1157.0000","1138.0000","1138.0000","1180.0000","1188.0000","1138.0000","1138.0000"," ","0.0000","0.0000","28300","32581700","1151.2968"
"20190531","01","11","    67480","JP3418400002","524.0000","524.0000","508.0000","508.0000","509.0000","512.0000","506.0000","508.0000","524.0000","524.0000","506.0000","508.0000"," ","0.0000","0.0000","15700","8035500","511.8153"
"20190531","01","11","    67500","JP3168200008","3450.0000","3495.0000","3420.0000","3495.0000","3500.0000","3545.0000","3500.0000","3520.0000","3450.0000","3545.0000","3420.0000","3520.0000"," ","0.0000","0.0000","95600","333339000","3486.8096"
"20190531","01","11","    67520","JP3866800000","881.8000","884.0000","875.6000","877.1000","876.3000","876.4000","864.2000","864.8000","881.8000","884.0000","864.2000","864.8000"," ","0.0000","0.0000","9088900","7925021850","871.9451"
"20190531","01","11","    67530","JP3359600008","1000.0000","1005.0000","985.0000","993.0000","994.0000","999.0000","986.0000","988.0000","1000.0000","1005.0000","985.0000","988.0000"," ","0.0000","0.0000","2678200","2658799800","992.7563"
"20190531","01","11","    67540","JP3128800004","1710.0000","1776.0000","1704.0000","1762.0000","1762.0000","1778.0000","1730.0000","1738.0000","1710.0000","1778.0000","1704.0000","1738.0000"," ","0.0000","0.0000","8807000","15418014900","1750.6546"
"20190531","01","11","    67550","JP3818400008","1549.0000","1555.0000","1523.0000","1529.0000","1525.0000","1545.0000","1524.0000","1542.0000","1549.0000","1555.0000","1523.0000","1542.0000"," ","0.0000","0.0000","537400","825978500","1536.9901"
"20190531","01","11","    67580","JP3435000009","5261.0000","5331.0000","5242.0000","5318.0000","5320.0000","5324.0000","5257.0000","5257.0000","5261.0000","5331.0000","5242.0000","5257.0000"," ","0.0000","0.0000","5939100","31355305700","5279.4709"
"20190531","01","11","    67620","JP3538800008","7390.0000","7500.0000","7380.0000","7470.0000","7460.0000","7470.0000","7370.0000","7400.0000","7390.0000","7500.0000","7370.0000","7400.0000"," ","0.0000","0.0000","1250700","9290771000","7428.4569"
"20190531","01","11","    67630","JP3541600007","1159.0000","1159.0000","1156.0000","1156.0000","1158.0000","1161.0000","1158.0000","1159.0000","1159.0000","1161.0000","1156.0000","1159.0000"," ","0.0000","0.0000","3500","4054800","1158.5143"
"20190531","01","11","    67680","JP3471000004","524.0000","527.0000","512.0000","524.0000","523.0000","532.0000","523.0000","525.0000","524.0000","532.0000","512.0000","525.0000"," ","0.0000","0.0000","450800","236654800","524.9663"
"20190531","01","11","    67700","JP3126400005","1806.0000","1820.0000","1791.0000","1810.0000","1810.0000","1815.0000","1791.0000","1800.0000","1806.0000","1820.0000","1791.0000","1800.0000"," ","0.0000","0.0000","2248100","4053352700","1803.0126"
"20190531","01","11","    67710","JP3132000005","1105.0000","1105.0000","1093.0000","1100.0000","1098.0000","1102.0000","1095.0000","1095.0000","1105.0000","1105.0000","1093.0000","1095.0000"," ","0.0000","0.0000","12500","13719800","1097.5840"
"20190531","01","11","    67790","JP3737800007","422.0000","436.0000","417.0000","434.0000","433.0000","444.0000","428.0000","431.0000","422.0000","444.0000","417.0000","431.0000"," ","0.0000","0.0000","170400","73627800","432.0880"
"20190531","01","11","    67850","JP3397210000","625.0000","627.0000","610.0000","621.0000","620.0000","621.0000","611.0000","612.0000","625.0000","627.0000","610.0000","612.0000"," ","0.0000","0.0000","31200","19273300","617.7340"
"20190531","01","11","    67880","JP3739700007","5130.0000","5160.0000","5100.0000","5130.0000","5130.0000","5150.0000","5090.0000","5120.0000","5130.0000","5160.0000","5090.0000","5120.0000"," ","0.0000","0.0000","22500","115263000","5122.8000"
"20190531","01","11","    67890","JP3983450002","2435.0000","2435.0000","2390.0000","2418.0000","2415.0000","2438.0000","2415.0000","2430.0000","2435.0000","2438.0000","2390.0000","2430.0000"," ","0.0000","0.0000","20300","49216300","2424.4483"
"20190531","01","11","    67940","JP3802800007","1565.0000","1566.0000","1527.0000","1536.0000","1538.0000","1543.0000","1530.0000","1530.0000","1565.0000","1566.0000","1527.0000","1530.0000"," ","0.0000","0.0000","102000","156867500","1537.9167"
"20190531","01","11","    67980","JP3162400000","2585.0000","2602.0000","2537.0000","2540.0000","2559.0000","2580.0000","2536.0000","2562.0000","2585.0000","2602.0000","2536.0000","2562.0000"," ","0.0000","0.0000","14100","36068700","2558.0638"
"20190531","01","11","    68000","JP3954200006","2011.0000","2080.0000","2010.0000","2070.0000","2070.0000","2089.0000","2055.0000","2058.0000","2011.0000","2089.0000","2010.0000","2058.0000"," ","0.0000","0.0000","275800","569076400","2063.3662"
"20190531","01","11","    68030","JP3539200000","181.0000","182.0000","181.0000","182.0000","183.0000","183.0000","178.0000","179.0000","181.0000","183.0000","178.0000","179.0000"," ","0.0000","0.0000","69700","12606200","180.8637"
"20190531","01","11","    68040","JP3845800006","1090.0000","1098.0000","1084.0000","1087.0000","1085.0000","1112.0000","1084.0000","1100.0000","1090.0000","1112.0000","1084.0000","1100.0000"," ","0.0000","0.0000","865200","948296300","1096.0429"
"20190531","01","11","    68060","JP3799000009","12080.0000","12090.0000","11940.0000","11990.0000","11950.0000","12010.0000","11860.0000","11900.0000","12080.0000","12090.0000","11860.0000","11900.0000"," ","0.0000","0.0000","119100","1421653000","11936.6331"
"20190531","01","11","    68070","JP3705600009","1508.0000","1530.0000","1493.0000","1518.0000","1517.0000","1524.0000","1507.0000","1518.0000","1508.0000","1530.0000","1493.0000","1518.0000"," ","0.0000","0.0000","465000","704441100","1514.9271"
"20190531","01","11","    68090","JP3538600002","1290.0000","1304.0000","1280.0000","1297.0000","1301.0000","1301.0000","1276.0000","1295.0000","1290.0000","1304.0000","1276.0000","1295.0000"," ","0.0000","0.0000","55700","71954200","1291.8169"
"20190531","01","11","    68100","JP3791800000","1815.0000","1821.0000","1783.0000","1803.0000","1810.0000","1816.0000","1795.0000","1809.0000","1815.0000","1821.0000","1783.0000","1809.0000"," ","0.0000","0.0000","772000","1391408400","1802.3425"
"20190531","01","11","    68140","JP3828400006","918.0000","931.0000","914.0000","928.0000","931.0000","937.0000","923.0000","928.0000","918.0000","937.0000","914.0000","928.0000"," ","0.0000","0.0000","158500","146895400","926.7849"
"20190531","01","11","    68150","JP3952000002","1784.0000","1784.0000","1752.0000","1772.0000","1771.0000","1786.0000","1761.0000","1766.0000","1784.0000","1786.0000","1752.0000","1766.0000"," ","0.0000","0.0000","29600","52352100","1768.6520"
"20190531","01","11","    68170","JP3400800003","1141.0000","1141.0000","1111.0000","1118.0000","1124.0000","1124.0000","1114.0000","1117.0000","1141.0000","1141.0000","1111.0000","1117.0000"," ","0.0000","0.0000","142500","159458300","1119.0056"
"20190531","01","11","    68200","JP3101400004","2154.0000","2157.0000","2123.0000","2140.0000","2176.0000","2200.0000","2163.0000","2195.0000","2154.0000","2200.0000","2123.0000","2195.0000"," ","0.0000","0.0000","23200","50385000","2171.7672"
"20190531","01","11","    68230","JP3969700008","2173.0000","2179.0000","2094.0000","2104.0000","2115.0000","2130.0000","2096.0000","2097.0000","2173.0000","2179.0000","2094.0000","2097.0000"," ","0.0000","0.0000","43100","91710600","2127.8561"
"20190531","01","11","    68260","JP3854650003","486.0000","488.0000","477.0000","481.0000","480.0000","484.0000","476.0000","479.0000","486.0000","488.0000","476.0000","479.0000"," ","0.0000","0.0000","40900","19617200","479.6381"
"20190531","01","11","    68390","JP3825850005","720.0000","728.0000","706.0000","707.0000","710.0000","723.0000","700.0000","700.0000","720.0000","728.0000","700.0000","700.0000"," ","0.0000","0.0000","197300","139993200","709.5449"
"20190531","01","11","    68410","JP3955000009","2136.0000","2141.0000","2105.0000","2124.0000","2120.0000","2124.0000","2101.0000","2113.0000","2136.0000","2141.0000","2101.0000","2113.0000"," ","0.0000","0.0000","1155200","2443242900","2114.9956"
"20190531","01","11","    68440","JP3377800002","3515.0000","3520.0000","3445.0000","3465.0000","3455.0000","3480.0000","3440.0000","3450.0000","3515.0000","3520.0000","3440.0000","3450.0000"," ","0.0000","0.0000","41200","142543000","3459.7816"
"20190531","01","11","    68450","JP3937200008","2555.0000","2573.0000","2550.0000","2560.0000","2560.0000","2567.0000","2552.0000","2552.0000","2555.0000","2573.0000","2550.0000","2552.0000"," ","0.0000","0.0000","642200","1643051400","2558.4731"
"20190531","01","11","    68480","JP3557200007","823.0000","823.0000","803.0000","815.0000","825.0000","825.0000","809.0000","813.0000","823.0000","825.0000","803.0000","813.0000"," ","0.0000","0.0000","13300","10816600","813.2782"
"20190531","01","11","    68490","JP3706800004","3165.0000","3165.0000","3055.0000","3135.0000","3140.0000","3145.0000","3115.0000","3125.0000","3165.0000","3165.0000","3055.0000","3125.0000"," ","0.0000","0.0000","313500","979966000","3125.8884"
"20190531","01","11","    68500","JP3511000006","1147.0000","1148.0000","1142.0000","1148.0000","1147.0000","1149.0000","1137.0000","1137.0000","1147.0000","1149.0000","1137.0000","1137.0000"," ","0.0000","0.0000","6100","6976700","1143.7213"
"20190531","01","11","    68530","JP3255200002","398.0000","411.0000","398.0000","402.0000","405.0000","413.0000","404.0000","412.0000","398.0000","413.0000","398.0000","412.0000"," ","0.0000","0.0000","26900","10959200","407.4052"
"20190531","01","11","    68550","JP3735300000","511.0000","511.0000","505.0000","508.0000","511.0000","511.0000","505.0000","506.0000","511.0000","511.0000","505.0000","506.0000"," ","0.0000","0.0000","57100","28978400","507.5026"
"20190531","01","11","    68560","JP3853000002","5130.0000","5190.0000","5100.0000","5150.0000","5160.0000","5170.0000","5070.0000","5070.0000","5130.0000","5190.0000","5070.0000","5070.0000"," ","0.0000","0.0000","297600","1525386000","5125.6250"
"20190531","01","11","    68570","JP3122400009","2575.0000","2588.0000","2539.0000","2564.0000","2556.0000","2563.0000","2537.0000","2551.0000","2575.0000","2588.0000","2537.0000","2551.0000"," ","0.0000","0.0000","3506900","8958770400","2554.6124"
"20190531","01","11","    68580","JP3196800001","586.0000","586.0000","578.0000","578.0000","578.0000","579.0000","577.0000","578.0000","586.0000","586.0000","577.0000","578.0000"," ","0.0000","0.0000","6100","3539700","580.2787"
"20190531","01","11","    68590","JP3469800001","2267.0000","2267.0000","2230.0000","2234.0000","2222.0000","2245.0000","2210.0000","2234.0000","2267.0000","2267.0000","2210.0000","2234.0000"," ","0.0000","0.0000","68600","153286700","2234.5000"
"20190531","01","11","    68610","JP3236200006","62180.0000","62280.0000","61540.0000","62150.0000","61990.0000","62120.0000","61510.0000","61510.0000","62180.0000","62280.0000","61510.0000","61510.0000"," ","0.0000","0.0000","420500","26001467000","61834.6421"
"20190531","01","11","    68660","JP3783200003","3530.0000","3530.0000","3460.0000","3520.0000","3495.0000","3510.0000","3480.0000","3510.0000","3530.0000","3530.0000","3460.0000","3510.0000"," ","0.0000","0.0000","25200","88089000","3495.5952"
"20190531","01","11","    68690","JP3351100007","7580.0000","7631.0000","7483.0000","7538.0000","7527.0000","7541.0000","7481.0000","7529.0000","7580.0000","7631.0000","7481.0000","7529.0000"," ","0.0000","0.0000","801000","6030978100","7529.3110"
"20190531","01","11","    68710","JP3750400008","923.0000","928.0000","902.0000","911.0000","907.0000","912.0000","905.0000","905.0000","923.0000","928.0000","902.0000","905.0000"," ","0.0000","0.0000","140800","128195500","910.4794"
"20190531","01","11","    68750","JP3920860008","1240.0000","1253.0000","1205.0000","1236.0000","1237.0000","1250.0000","1232.0000","1242.0000","1240.0000","1253.0000","1205.0000","1242.0000"," ","0.0000","0.0000","273900","337898000","1233.6546"
"20190531","01","11","    68770","JP3197650009","3535.0000","3535.0000","3440.0000","3455.0000","3455.0000","3575.0000","3450.0000","3555.0000","3535.0000","3575.0000","3440.0000","3555.0000"," ","0.0000","0.0000","64900","227812000","3510.2003"
"20190531","01","11","    68790","JP3802900005","533.0000","533.0000","509.0000","512.0000","513.0000","522.0000","513.0000","520.0000","533.0000","533.0000","509.0000","520.0000"," ","0.0000","0.0000","146500","75854800","517.7802"
"20190531","01","11","    69010","JP3323200000","1659.0000","1696.0000","1616.0000","1634.0000","1632.0000","1658.0000","1620.0000","1628.0000","1659.0000","1696.0000","1616.0000","1628.0000"," ","0.0000","0.0000","9100","14970000","1645.0549"
"20190531","01","11","    69020","JP3551500006","4315.0000","4315.0000","4251.0000","4283.0000","4280.0000","4282.0000","4201.0000","4202.0000","4315.0000","4315.0000","4201.0000","4202.0000"," ","0.0000","0.0000","2636200","11193742800","4246.1660"
"20190531","01","11","    69040","JP3772500009","739.0000","740.0000","727.0000","731.0000","736.0000","736.0000","724.0000","729.0000","739.0000","740.0000","724.0000","729.0000"," ","0.0000","0.0000","24500","17865500","729.2041"
"20190531","01","11","    69050","JP3283700007","1045.0000","1045.0000","1027.0000","1034.0000","1040.0000","1040.0000","1026.0000","1033.0000","1045.0000","1045.0000","1026.0000","1033.0000"," ","0.0000","0.0000","77300","79814800","1032.5330"
"20190531","01","11","    69080","JP3149800009","5140.0000","5140.0000","4975.0000","4980.0000","4960.0000","4995.0000","4925.0000","4940.0000","5140.0000","5140.0000","4925.0000","4940.0000"," ","0.0000","0.0000","105700","526128500","4977.5639"
"20190531","01","11","    69140","JP3197700002","1315.0000","1320.0000","1301.0000","1312.0000","1307.0000","1307.0000","1290.0000","1293.0000","1315.0000","1320.0000","1290.0000","1293.0000"," ","0.0000","0.0000","195500","254285000","1300.6905"
"20190531","01","11","    69150","JP3528450004","2028.0000","2028.0000","2009.0000","2013.0000","2021.0000","2031.0000","2005.0000","2009.0000","2028.0000","2031.0000","2005.0000","2009.0000"," ","0.0000","0.0000","10900","21973200","2015.8899"
"20190531","01","11","    69160","JP3100750003","1018.0000","1022.0000","1003.0000","1018.0000","1015.0000","1030.0000","1015.0000","1025.0000","1018.0000","1030.0000","1003.0000","1025.0000"," ","0.0000","0.0000","22600","23052700","1020.0310"
"20190531","01","11","    69200","JP3979200007","3735.0000","3820.0000","3700.0000","3795.0000","3800.0000","3840.0000","3790.0000","3800.0000","3735.0000","3840.0000","3700.0000","3800.0000"," ","0.0000","0.0000","546800","2076332500","3797.2431"
"20190531","01","11","    69230","JP3399400005","2535.0000","2541.0000","2477.0000","2478.0000","2477.0000","2492.0000","2468.0000","2486.0000","2535.0000","2541.0000","2468.0000","2486.0000"," ","0.0000","0.0000","539900","1343908500","2489.1804"
"20190531","01","11","    69240","JP3150800005","1362.0000","1362.0000","1334.0000","1334.0000","1334.0000","1334.0000","1318.0000","1318.0000","1362.0000","1362.0000","1318.0000","1318.0000"," ","0.0000","0.0000","10800","14377100","1331.2130"
"20190531","01","11","    69250","JP3156400008","1358.0000","1365.0000","1346.0000","1356.0000","1361.0000","1371.0000","1358.0000","1364.0000","1358.0000","1371.0000","1346.0000","1364.0000"," ","0.0000","0.0000","324500","442131100","1362.4995"
"20190531","01","11","    69260","JP3193600008","374.0000","377.0000","372.0000","375.0000","372.0000","376.0000","372.0000","376.0000","374.0000","377.0000","372.0000","376.0000"," ","0.0000","0.0000","10000","3750000","375.0000"
"20190531","01","11","    69270","JP3802700009","601.0000","605.0000","596.0000","596.0000","596.0000","598.0000","590.0000","591.0000","601.0000","605.0000","590.0000","591.0000"," ","0.0000","0.0000","57300","34161600","596.1885"
"20190531","01","11","    69280","JP3165800008","740.0000","740.0000","722.0000","725.0000","728.0000","728.0000","722.0000","722.0000","740.0000","740.0000","722.0000","722.0000"," ","0.0000","0.0000","16700","12119800","725.7365"
"20190531","01","11","    69290","JP3725200004","2892.0000","2893.0000","2847.0000","2872.0000","2872.0000","2883.0000","2855.0000","2864.0000","2892.0000","2893.0000","2847.0000","2864.0000"," ","0.0000","0.0000","53800","154313300","2868.2770"
"20190531","01","11","    69320","JP3169600008","733.0000","735.0000","724.0000","733.0000","727.0000","732.0000","724.0000","724.0000","733.0000","735.0000","724.0000","724.0000"," ","0.0000","0.0000","16500","12005100","727.5818"
"20190531","01","11","    69370","JP3827600002","615.0000","619.0000","612.0000","617.0000","618.0000","619.0000","615.0000","616.0000","615.0000","619.0000","612.0000","616.0000"," ","0.0000","0.0000","22600","13899700","615.0310"
"20190531","01","11","    69380","JP3432400004","448.0000","454.0000","437.0000","442.0000","444.0000","444.0000","435.0000","436.0000","448.0000","454.0000","435.0000","436.0000"," ","0.0000","0.0000","90700","39921500","440.1488"
"20190531","01","11","    69410","JP3934200001","917.0000","921.0000","892.0000","908.0000","908.0000","913.0000","896.0000","896.0000","917.0000","921.0000","892.0000","896.0000"," ","0.0000","0.0000","146600","132652700","904.8615"
"20190531","01","11","    69470","JP3412000006","1491.0000","1499.0000","1479.0000","1499.0000","1505.0000","1523.0000","1502.0000","1505.0000","1491.0000","1523.0000","1479.0000","1505.0000"," ","0.0000","0.0000","29000","43692300","1506.6310"
"20190531","01","11","    69510","JP3735000006","2300.0000","2314.0000","2222.0000","2307.0000","2303.0000","2349.0000","2303.0000","2315.0000","2300.0000","2349.0000","2222.0000","2315.0000"," ","0.0000","0.0000","343400","791556500","2305.0568"
"20190531","01","11","    69520","JP3209000003","1221.0000","1235.0000","1217.0000","1231.0000","1227.0000","1235.0000","1208.0000","1211.0000","1221.0000","1235.0000","1208.0000","1211.0000"," ","0.0000","0.0000","1510400","1842596100","1219.9392"
"20190531","01","11","    69540","JP3802400006","18515.0000","18715.0000","18340.0000","18610.0000","18635.0000","18695.0000","18465.0000","18475.0000","18515.0000","18715.0000","18340.0000","18475.0000"," ","0.0000","0.0000","1190900","22079448000","18540.1360"
"20190531","01","11","    69580","JP3712000003","642.0000","656.0000","638.0000","649.0000","651.0000","656.0000","646.0000","646.0000","642.0000","656.0000","638.0000","646.0000"," ","0.0000","0.0000","449600","291982600","649.4275"
"20190531","01","11","    69610","JP3169800004","3080.0000","3080.0000","3025.0000","3025.0000","3025.0000","3030.0000","3010.0000","3030.0000","3080.0000","3080.0000","3010.0000","3030.0000"," ","0.0000","0.0000","41700","126282500","3028.3573"
"20190531","01","11","    69620","JP3484400001","1038.0000","1038.0000","1010.0000","1018.0000","1016.0000","1019.0000","1004.0000","1004.0000","1038.0000","1038.0000","1004.0000","1004.0000"," ","0.0000","0.0000","22200","22492200","1013.1622"
"20190531","01","11","    69630","JP3982800009","6730.0000","6840.0000","6690.0000","6800.0000","6790.0000","6790.0000","6730.0000","6740.0000","6730.0000","6840.0000","6690.0000","6740.0000"," ","0.0000","0.0000","1396600","9438664000","6758.3159"
"20190531","01","11","    69650","JP3771800004","3895.0000","3925.0000","3880.0000","3905.0000","3890.0000","3920.0000","3890.0000","3900.0000","3895.0000","3925.0000","3880.0000","3900.0000"," ","0.0000","0.0000","356700","1391356000","3900.6336"
"20190531","01","11","    69660","JP3892400007","1050.0000","1050.0000","1018.0000","1028.0000","1031.0000","1044.0000","1025.0000","1027.0000","1050.0000","1050.0000","1018.0000","1027.0000"," ","0.0000","0.0000","176100","181689000","1031.7376"
"20190531","01","11","    69670","JP3375800004","877.0000","884.0000","867.0000","881.0000","881.0000","881.0000","871.0000","872.0000","877.0000","884.0000","867.0000","872.0000"," ","0.0000","0.0000","531300","465495700","876.1447"
"20190531","01","11","    69710","JP3249600002","6692.0000","6736.0000","6644.0000","6698.0000","6698.0000","6699.0000","6612.0000","6624.0000","6692.0000","6736.0000","6612.0000","6624.0000"," ","0.0000","0.0000","1247800","8302737400","6653.9008"
"20190531","01","11","    69730","JP3247200003","1520.0000","1539.0000","1520.0000","1520.0000","1511.0000","1511.0000","1476.0000","1476.0000","1520.0000","1539.0000","1476.0000","1476.0000"," ","0.0000","0.0000","2500","3748100","1499.2400"
"20190531","01","11","    69760","JP3452000007","2015.0000","2046.0000","1993.0000","2018.0000","2017.0000","2022.0000","1993.0000","1996.0000","2015.0000","2046.0000","1993.0000","1996.0000"," ","0.0000","0.0000","6603200","13276370700","2010.5965"
"20190531","01","11","    69810","JP3914400001","4698.0000","4749.0000","4661.0000","4734.0000","4737.0000","4762.0000","4691.0000","4705.0000","4698.0000","4762.0000","4661.0000","4705.0000"," ","0.0000","0.0000","7234500","34107962600","4714.6261"
"20190531","01","11","    69850","JP3944400005","983.0000","983.0000","982.0000","982.0000","983.0000","983.0000","982.0000","983.0000","983.0000","983.0000","982.0000","983.0000"," ","0.0000","0.0000","30200","29683100","982.8841"
"20190531","01","11","    69860","JP3824400000","1385.0000","1392.0000","1376.0000","1379.0000","1383.0000","1391.0000","1377.0000","1379.0000","1385.0000","1392.0000","1376.0000","1379.0000"," ","0.0000","0.0000","58900","81367800","1381.4567"
"20190531","01","11","    69880","JP3684000007","4849.0000","4872.0000","4793.0000","4801.0000","4803.0000","4818.0000","4746.0000","4750.0000","4849.0000","4872.0000","4746.0000","4750.0000"," ","0.0000","0.0000","1039100","4970116000","4783.0969"
"20190531","01","11","    69890","JP3844600001","944.0000","944.0000","933.0000","933.0000","934.0000","935.0000","929.0000","929.0000","944.0000","944.0000","929.0000","929.0000"," ","0.0000","0.0000","6700","6254700","933.5373"
"20190531","01","11","    69950","JP3566600007","1693.0000","1698.0000","1672.0000","1677.0000","1677.0000","1681.0000","1658.0000","1658.0000","1693.0000","1698.0000","1658.0000","1658.0000"," ","0.0000","0.0000","279700","467560700","1671.6507"
"20190531","01","11","    69960","JP3661800007","799.0000","811.0000","792.0000","801.0000","803.0000","817.0000","797.0000","798.0000","799.0000","817.0000","792.0000","798.0000"," ","0.0000","0.0000","716000","574852600","802.8668"
"20190531","01","11","    69970","JP3701200002","1593.0000","1601.0000","1547.0000","1566.0000","1566.0000","1584.0000","1556.0000","1564.0000","1593.0000","1601.0000","1547.0000","1564.0000"," ","0.0000","0.0000","191800","300394100","1566.1840"
"20190531","01","11","    69990","JP3283400004","1267.0000","1296.0000","1262.0000","1286.0000","1289.0000","1296.0000","1261.0000","1261.0000","1267.0000","1296.0000","1261.0000","1261.0000"," ","0.0000","0.0000","641500","820330000","1278.7685"
"20190531","01","11","    70030","JP3891600003","887.0000","890.0000","860.0000","872.0000","877.0000","881.0000","868.0000","868.0000","887.0000","890.0000","860.0000","868.0000"," ","0.0000","0.0000","515100","449549200","872.7416"
"20190531","01","11","    70040","JP3789000001","360.0000","362.0000","355.0000","357.0000","357.0000","358.0000","354.0000","357.0000","360.0000","362.0000","354.0000","357.0000"," ","0.0000","0.0000","1268600","452633900","356.7980"
"20190531","01","11","    70110","JP3900000005","4849.0000","4850.0000","4741.0000","4788.0000","4784.0000","4798.0000","4761.0000","4763.0000","4849.0000","4850.0000","4741.0000","4763.0000"," ","0.0000","0.0000","1827700","8734403000","4778.9041"
"20190531","01","11","    70120","JP3224200000","2457.0000","2462.0000","2426.0000","2451.0000","2447.0000","2460.0000","2432.0000","2433.0000","2457.0000","2462.0000","2426.0000","2433.0000"," ","0.0000","0.0000","966700","2361514400","2442.8617"
"20190531","01","11","    70130","JP3134800006","2439.0000","2458.0000","2408.0000","2447.0000","2444.0000","2447.0000","2418.0000","2423.0000","2439.0000","2458.0000","2408.0000","2423.0000"," ","0.0000","0.0000","961500","2338448800","2432.0840"
"20190531","01","11","    70140","JP3651400008","296.0000","296.0000","290.0000","290.0000","291.0000","294.0000","289.0000","292.0000","296.0000","296.0000","289.0000","292.0000"," ","0.0000","0.0000","299200","87402200","292.1197"
"20190531","01","11","    70220","JP3322810007","206.0000","209.0000","203.0000","208.0000","208.0000","209.0000","204.0000","205.0000","206.0000","209.0000","203.0000","205.0000"," ","0.0000","0.0000","218300","44913300","205.7412"
"20190531","01","11","    70300","JP3400020008","1840.0000","1888.0000","1828.0000","1878.0000","1877.0000","1897.0000","1851.0000","1862.0000","1840.0000","1897.0000","1828.0000","1862.0000"," ","0.0000","0.0000","178200","332646000","1866.7003"
"20190531","01","11","    71020","JP3713600009","2538.0000","2538.0000","2501.0000","2501.0000","2505.0000","2530.0000","2496.0000","2512.0000","2538.0000","2538.0000","2496.0000","2512.0000"," ","0.0000","0.0000","13100","32968100","2516.6489"
"20190531","01","11","    71050","JP3753800006","1152.0000","1153.0000","1135.0000","1145.0000","1148.0000","1159.0000","1137.0000","1146.0000","1152.0000","1159.0000","1135.0000","1146.0000"," ","0.0000","0.0000","75500","86480000","1145.4305"
"20190531","01","11","    71220","JP3258800006","1713.0000","1718.0000","1713.0000","1718.0000","1720.0000","1725.0000","1715.0000","1719.0000","1713.0000","1725.0000","1713.0000","1719.0000"," ","0.0000","0.0000","3100","5325400","1717.8710"
"20190531","01","11","    71480","JP3166990006","890.0000","893.0000","883.0000","888.0000","889.0000","892.0000","884.0000","884.0000","890.0000","893.0000","883.0000","884.0000"," ","0.0000","0.0000","714200","634105100","887.8537"
"20190531","01","11","    71500","JP3357800006","713.0000","715.0000","710.0000","711.0000","711.0000","711.0000","701.0000","701.0000","713.0000","715.0000","701.0000","701.0000"," ","0.0000","0.0000","10100","7161500","709.0594"
"20190531","01","11","    71610","JP3387970001","98.0000","102.0000","95.0000","98.0000","99.0000","101.0000","98.0000","98.0000","98.0000","102.0000","95.0000","98.0000"," ","0.0000","0.0000","2204400","216774500","98.3372"
"20190531","01","11","    71640","JP3429250008","4150.0000","4190.0000","4135.0000","4185.0000","4165.0000","4185.0000","4155.0000","4160.0000","4150.0000","4190.0000","4135.0000","4160.0000"," ","0.0000","0.0000","279900","1166588500","4167.8760"
"20190531","01","11","    71670","JP3117700009","274.0000","276.0000","272.0000","275.0000","275.0000","276.0000","272.0000","273.0000","274.0000","276.0000","272.0000","273.0000"," ","0.0000","0.0000","4156200","1136875400","273.5372"
"20190531","01","11","    71730","JP3584400000","1687.0000","1710.0000","1678.0000","1686.0000","1683.0000","1699.0000","1669.0000","1675.0000","1687.0000","1710.0000","1669.0000","1675.0000"," ","0.0000","0.0000","64800","109037200","1682.6728"
"20190531","01","11","    71800","JP3246500007","428.0000","428.0000","421.0000","427.0000","427.0000","430.0000","426.0000","429.0000","428.0000","430.0000","421.0000","429.0000"," ","0.0000","0.0000","926600","395407400","426.7293"
"20190531","01","11","    71810","JP3233250004","2064.0000","2112.0000","2062.0000","2079.0000","2072.0000","2094.0000","2065.0000","2072.0000","2064.0000","2112.0000","2062.0000","2072.0000"," ","0.0000","0.0000","2712100","5655752600","2085.3776"
"20190531","01","11","    71820","JP3946750001","1121.0000","1128.0000","1115.0000","1119.0000","1119.0000","1119.0000","1111.0000","1112.0000","1121.0000","1128.0000","1111.0000","1112.0000"," ","0.0000","0.0000","2617800","2920799000","1115.7457"
"20190531","01","11","    71840","JP3632150003","306.0000","307.0000","303.0000","306.0000","307.0000","307.0000","303.0000","305.0000","306.0000","307.0000","303.0000","305.0000"," ","0.0000","0.0000","64000","19524400","305.0688"
"20190531","01","11","    71860","JP3305990008","419.0000","420.0000","415.0000","418.0000","417.0000","418.0000","415.0000","416.0000","419.0000","420.0000","415.0000","416.0000"," ","0.0000","0.0000","4370400","1821419800","416.7627"
"20190531","01","11","    71870","JP3386590008","340.0000","340.0000","326.0000","336.0000","333.0000","341.0000","332.0000","336.0000","340.0000","341.0000","326.0000","336.0000"," ","0.0000","0.0000","51300","17127200","333.8635"
"20190531","01","11","    71890","JP3658850007","804.0000","808.0000","798.0000","803.0000","802.0000","806.0000","794.0000","795.0000","804.0000","808.0000","794.0000","795.0000"," ","0.0000","0.0000","406300","324955300","799.7915"
"20190531","01","11","    71900","JP3860150006","679.0000","679.0000","664.0000","678.0000","675.0000","676.0000","665.0000","666.0000","679.0000","679.0000","664.0000","666.0000"," ","0.0000","0.0000","32700","21874100","668.9327"
"20190531","01","11","    71910","JP3153160001","474.0000","474.0000","466.0000","473.0000","471.0000","472.0000","465.0000","469.0000","474.0000","474.0000","465.0000","469.0000"," ","0.0000","0.0000","22000","10319400","469.0636"
"20190531","01","11","    71920","JP3752500003","1128.0000","1128.0000","1103.0000","1111.0000","1111.0000","1123.0000","1108.0000","1113.0000","1128.0000","1128.0000","1103.0000","1113.0000"," ","0.0000","0.0000","19500","21725500","1114.1282"
"20190531","01","11","    71960","JP3204500007","1063.0000","1066.0000","1049.0000","1066.0000","1066.0000","1066.0000","1052.0000","1057.0000","1063.0000","1066.0000","1049.0000","1057.0000"," ","0.0000","0.0000","13200","13960900","1057.6439"
"20190531","01","11","    71980","JP3126290000","1938.0000","2016.0000","1938.0000","1968.0000","1968.0000","2000.0000","1967.0000","1975.0000","1938.0000","2016.0000","1938.0000","1975.0000"," ","0.0000","0.0000","562700","1115352400","1982.1439"
"20190531","01","11","    71990","JP3833710001","1933.0000","1938.0000","1862.0000","1891.0000","1892.0000","1907.0000","1888.0000","1900.0000","1933.0000","1938.0000","1862.0000","1900.0000"," ","0.0000","0.0000","128600","243915000","1896.6952"
"20190531","01","11","    72010","JP3672400003","749.4000","755.3000","744.3000","746.6000","746.0000","747.4000","733.7000","734.6000","749.4000","755.3000","733.7000","734.6000"," ","0.0000","0.0000","29185000","21707918550","743.8040"
"20190531","01","11","    72020","JP3137200006","1217.0000","1222.0000","1194.5000","1205.5000","1205.5000","1210.0000","1197.0000","1200.0000","1217.0000","1222.0000","1194.5000","1200.0000"," ","0.0000","0.0000","3564500","4291265900","1203.8900"
"20190531","01","11","    72030","JP3633400001","6481.0000","6496.0000","6394.0000","6432.0000","6438.0000","6439.0000","6383.0000","6384.0000","6481.0000","6496.0000","6383.0000","6384.0000"," ","0.0000","0.0000","8031900","51558364500","6419.1990"
"20190531","01","11","    72050","JP3792600003","880.0000","881.0000","866.0000","869.0000","870.0000","872.0000","857.0000","861.0000","880.0000","881.0000","857.0000","861.0000"," ","0.0000","0.0000","2047000","1773310000","866.2970"
"20190531","01","11","    72110","JP3899800001","523.0000","524.0000","516.0000","519.0000","519.0000","519.0000","512.0000","512.0000","523.0000","524.0000","512.0000","512.0000"," ","0.0000","0.0000","6206400","3211909700","517.5157"
"20190531","01","11","    72120","JP3166950000","734.0000","737.0000","718.0000","721.0000","723.0000","724.0000","709.0000","711.0000","734.0000","737.0000","709.0000","711.0000"," ","0.0000","0.0000","103200","74214200","719.1298"
"20190531","01","11","    72130","JP3979550005","736.0000","742.0000","736.0000","740.0000","736.0000","737.0000","730.0000","732.0000","736.0000","742.0000","730.0000","732.0000"," ","0.0000","0.0000","4300","3156500","734.0698"
"20190531","01","11","    72140","JP3385860006","782.0000","782.0000","779.0000","781.0000","778.0000","781.0000","777.0000","779.0000","782.0000","782.0000","777.0000","779.0000"," ","0.0000","0.0000","4100","3194800","779.2195"
"20190531","01","11","    72150","JP3802660005","752.0000","752.0000","743.0000","743.0000","743.0000","745.0000","742.0000","742.0000","752.0000","752.0000","742.0000","742.0000"," ","0.0000","0.0000","14300","10640800","744.1119"
"20190531","01","11","    72200","JP3912700006","1356.0000","1363.0000","1339.0000","1354.0000","1362.0000","1375.0000","1342.0000","1343.0000","1356.0000","1375.0000","1339.0000","1343.0000"," ","0.0000","0.0000","318600","430779400","1352.1011"
"20190531","01","11","    72220","JP3672000001","988.0000","995.0000","979.0000","989.0000","989.0000","994.0000","985.0000","985.0000","988.0000","995.0000","979.0000","985.0000"," ","0.0000","0.0000","126300","124816000","988.2502"
"20190531","01","11","    72240","JP3384600007","1287.0000","1301.0000","1287.0000","1300.0000","1299.0000","1305.0000","1295.0000","1297.0000","1287.0000","1305.0000","1287.0000","1297.0000"," ","0.0000","0.0000","149400","193765500","1296.9578"
"20190531","01","11","    72260","JP3256900006","1334.0000","1334.0000","1316.0000","1321.0000","1319.0000","1324.0000","1312.0000","1316.0000","1334.0000","1334.0000","1312.0000","1316.0000"," ","0.0000","0.0000","54300","71673800","1319.9595"
"20190531","01","11","    72300","JP3675300002","1397.0000","1398.0000","1378.0000","1378.0000","1377.0000","1381.0000","1344.0000","1359.0000","1397.0000","1398.0000","1344.0000","1359.0000"," ","0.0000","0.0000","194300","265264500","1365.2316"
"20190531","01","11","    72310","JP3630200008","2223.0000","2224.0000","2188.0000","2196.0000","2202.0000","2205.0000","2191.0000","2199.0000","2223.0000","2224.0000","2188.0000","2199.0000"," ","0.0000","0.0000","38900","85652600","2201.8663"
"20190531","01","11","    72360","JP3620200000","1889.0000","1889.0000","1850.0000","1866.0000","1866.0000","1876.0000","1840.0000","1841.0000","1889.0000","1889.0000","1840.0000","1841.0000"," ","0.0000","0.0000","25400","47144900","1856.0984"
"20190531","01","11","    72380","JP3108400007","105.0000","106.0000","103.0000","103.0000","104.0000","105.0000","103.0000","104.0000","105.0000","106.0000","103.0000","104.0000"," ","0.0000","0.0000","906000","94321400","104.1075"
"20190531","01","11","    72390","JP3465400004","1346.0000","1356.0000","1328.0000","1331.0000","1334.0000","1336.0000","1288.0000","1292.0000","1346.0000","1356.0000","1288.0000","1292.0000"," ","0.0000","0.0000","223200","294294600","1318.5242"
"20190531","01","11","    72400","JP3164800009","1421.0000","1428.0000","1403.0000","1406.0000","1411.0000","1411.0000","1394.0000","1395.0000","1421.0000","1428.0000","1394.0000","1395.0000"," ","0.0000","0.0000","440500","618780900","1404.7240"
"20190531","01","11","    72410","JP3824000008","548.0000","550.0000","536.0000","541.0000","541.0000","543.0000","535.0000","537.0000","548.0000","550.0000","535.0000","537.0000"," ","0.0000","0.0000","280400","151496700","540.2878"
"20190531","01","11","    72420","JP3220200004","2780.0000","2814.0000","2754.0000","2799.0000","2810.0000","2822.0000","2796.0000","2804.0000","2780.0000","2822.0000","2754.0000","2804.0000"," ","0.0000","0.0000","250100","699439600","2796.6397"
"20190531","01","11","    72440","JP3141600001","587.0000","587.0000","567.0000","575.0000","575.0000","579.0000","571.0000","571.0000","587.0000","587.0000","567.0000","571.0000"," ","0.0000","0.0000","370100","212916400","575.2942"
"20190531","01","11","    72450","JP3491800003","668.0000","669.0000","658.0000","666.0000","666.0000","670.0000","661.0000","662.0000","668.0000","670.0000","658.0000","662.0000"," ","0.0000","0.0000","140700","93403200","663.8465"
"20190531","01","11","    72460","JP3833600004","472.0000","472.0000","463.0000","464.0000","464.0000","467.0000","462.0000","464.0000","472.0000","472.0000","462.0000","464.0000"," ","0.0000","0.0000","333700","155464100","465.8798"
"20190531","01","11","    72470","JP3882800000","379.0000","381.0000","372.0000","373.0000","372.0000","379.0000","371.0000","371.0000","379.0000","381.0000","371.0000","371.0000"," ","0.0000","0.0000","78700","29471600","374.4803"
"20190531","01","11","    72500","JP3448400006","1435.0000","1435.0000","1415.0000","1425.0000","1430.0000","1445.0000","1422.0000","1426.0000","1435.0000","1445.0000","1415.0000","1426.0000"," ","0.0000","0.0000","138500","197826400","1428.3495"
"20190531","01","11","    72510","JP3277230003","1430.0000","1437.0000","1412.0000","1424.0000","1427.0000","1431.0000","1407.0000","1411.0000","1430.0000","1437.0000","1407.0000","1411.0000"," ","0.0000","0.0000","261100","370323200","1418.3194"
"20190531","01","11","    72560","JP3208600001","764.0000","764.0000","750.0000","751.0000","751.0000","754.0000","745.0000","746.0000","764.0000","764.0000","745.0000","746.0000"," ","0.0000","0.0000","82700","62143500","751.4329"
"20190531","01","11","    72590","JP3102000001","3620.0000","3640.0000","3560.0000","3630.0000","3630.0000","3645.0000","3605.0000","3605.0000","3620.0000","3645.0000","3560.0000","3605.0000"," ","0.0000","0.0000","749900","2708431000","3611.7229"
"20190531","01","11","    72610","JP3868400007","1053.0000","1080.0000","1044.0000","1073.5000","1073.0000","1075.0000","1060.0000","1061.5000","1053.0000","1080.0000","1044.0000","1061.5000"," ","0.0000","0.0000","13949900","14872651050","1066.1475"
"20190531","01","11","    72660","JP3149100004","884.0000","885.0000","873.0000","877.0000","878.0000","880.0000","867.0000","867.0000","884.0000","885.0000","867.0000","867.0000"," ","0.0000","0.0000","29500","25783500","874.0169"
"20190531","01","11","    72670","JP3854600008","2700.0000","2704.0000","2657.5000","2681.0000","2676.5000","2684.5000","2650.0000","2651.0000","2700.0000","2704.0000","2650.0000","2651.0000"," ","0.0000","0.0000","6885000","18375029050","2668.8495"
"20190531","01","11","    72690","JP3397200001","5266.0000","5292.0000","5208.0000","5218.0000","5226.0000","5246.0000","5156.0000","5158.0000","5266.0000","5292.0000","5156.0000","5158.0000"," ","0.0000","0.0000","2020200","10514417900","5204.6421"
"20190531","01","11","    72700","JP3814800003","2552.5000","2563.0000","2533.5000","2550.0000","2550.0000","2552.0000","2521.0000","2522.0000","2552.5000","2563.0000","2521.0000","2522.0000"," ","0.0000","0.0000","3460400","8783447850","2538.2753"
"20190531","01","11","    72710","JP3932850005","1482.0000","1504.0000","1432.0000","1487.0000","1485.0000","1489.0000","1462.0000","1471.0000","1482.0000","1504.0000","1432.0000","1471.0000"," ","0.0000","0.0000","75900","111373100","1467.3663"
"20190531","01","11","    72720","JP3942800008","1876.0000","1888.0000","1865.0000","1877.0000","1880.0000","1883.0000","1860.0000","1863.0000","1876.0000","1888.0000","1860.0000","1863.0000"," ","0.0000","0.0000","1642200","3070201300","1869.5660"
"20190531","01","11","    72740","JP3360300002","1396.0000","1396.0000","1360.0000","1363.0000","1354.0000","1357.0000","1318.0000","1331.0000","1396.0000","1396.0000","1318.0000","1331.0000"," ","0.0000","0.0000","504100","678071000","1345.1121"
"20190531","01","11","    72760","JP3284600008","5260.0000","5270.0000","5180.0000","5210.0000","5180.0000","5190.0000","5020.0000","5040.0000","5260.0000","5270.0000","5020.0000","5040.0000"," ","0.0000","0.0000","750300","3834062000","5110.0387"
"20190531","01","11","    72770","JP3588200000","384.0000","386.0000","383.0000","383.0000","383.0000","383.0000","380.0000","381.0000","384.0000","386.0000","380.0000","381.0000"," ","0.0000","0.0000","11200","4280300","382.1696"
"20190531","01","11","    72780","JP3161160001","2190.0000","2192.0000","2151.0000","2164.0000","2168.0000","2169.0000","2131.0000","2137.0000","2190.0000","2192.0000","2131.0000","2137.0000"," ","0.0000","0.0000","144300","310773900","2153.6653"
"20190531","01","11","    72800","JP3895200008","557.0000","557.0000","533.0000","534.0000","532.0000","533.0000","519.0000","521.0000","557.0000","557.0000","519.0000","521.0000"," ","0.0000","0.0000","358500","190222400","530.6064"
"20190531","01","11","    72820","JP3634200004","1938.0000","1941.0000","1905.0000","1915.0000","1916.0000","1917.0000","1893.0000","1899.0000","1938.0000","1941.0000","1893.0000","1899.0000"," ","0.0000","0.0000","622100","1187836000","1909.3972"
"20190531","01","11","    72830","JP3101600009","695.0000","695.0000","679.0000","679.0000","679.0000","681.0000","671.0000","673.0000","695.0000","695.0000","671.0000","673.0000"," ","0.0000","0.0000","123900","84232900","679.8458"
"20190531","01","11","    72840","JP3920800004","1058.0000","1058.0000","1003.0000","1032.0000","1028.0000","1029.0000","1025.0000","1025.0000","1058.0000","1058.0000","1003.0000","1025.0000"," ","0.0000","0.0000","3400","3500900","1029.6765"
"20190531","01","11","    72910","JP3749200006","697.0000","697.0000","671.0000","682.0000","679.0000","687.0000","670.0000","671.0000","697.0000","697.0000","670.0000","671.0000"," ","0.0000","0.0000","63200","42932300","679.3085"
"20190531","01","11","    72940","JP3961400003","1316.0000","1328.0000","1292.0000","1313.0000","1318.0000","1325.0000","1295.0000","1295.0000","1316.0000","1328.0000","1292.0000","1295.0000"," ","0.0000","0.0000","79100","103428400","1307.5651"
"20190531","01","11","    72960","JP3166900005","2234.0000","2236.0000","2201.0000","2217.0000","2212.0000","2223.0000","2185.0000","2185.0000","2234.0000","2236.0000","2185.0000","2185.0000"," ","0.0000","0.0000","225200","496124400","2203.0391"
"20190531","01","11","    73050","JP3125600001","1386.0000","1395.0000","1386.0000","1395.0000","1398.0000","1398.0000","1375.0000","1375.0000","1386.0000","1398.0000","1375.0000","1375.0000"," ","0.0000","0.0000","3200","4431100","1384.7188"
"20190531","01","11","    73090","JP3358000002","16680.0000","16780.0000","16600.0000","16760.0000","16720.0000","16890.0000","16610.0000","16640.0000","16680.0000","16890.0000","16600.0000","16640.0000"," ","0.0000","0.0000","170900","2855698000","16709.7601"
"20190531","01","11","    73130","JP3539230007","2716.0000","2724.0000","2667.0000","2678.0000","2686.0000","2686.0000","2652.0000","2657.0000","2716.0000","2724.0000","2652.0000","2657.0000"," ","0.0000","0.0000","135800","363151600","2674.1649"
"20190531","01","11","    73210","JP3229500008","696.0000","702.0000","692.0000","699.0000","696.0000","702.0000","696.0000","700.0000","696.0000","702.0000","692.0000","700.0000"," ","0.0000","0.0000","81400","56855500","698.4705"
"20190531","01","11","    73220","JP3333500001","1436.0000","1445.0000","1423.0000","1443.0000","1443.0000","1443.0000","1432.0000","1441.0000","1436.0000","1445.0000","1423.0000","1441.0000"," ","0.0000","0.0000","13200","18982700","1438.0833"
"20190531","01","11","    73270","JP3483850008","2836.0000","2841.0000","2794.0000","2804.0000","2804.0000","2812.0000","2783.0000","2792.0000","2836.0000","2841.0000","2783.0000","2792.0000"," ","0.0000","0.0000","71200","199521700","2802.2711"
"20190531","01","11","    74080","JP3390000002","2214.0000","2214.0000","2156.0000","2160.0000","2169.0000","2170.0000","2146.0000","2151.0000","2214.0000","2214.0000","2146.0000","2151.0000"," ","0.0000","0.0000","20300","43880600","2161.6059"
"20190531","01","11","    74140","JP3196700003","1352.0000","1354.0000","1338.0000","1352.0000","1348.0000","1368.0000","1348.0000","1366.0000","1352.0000","1368.0000","1338.0000","1366.0000"," ","0.0000","0.0000","33300","45108700","1354.6156"
"20190531","01","11","    74160","JP3773600006","815.0000","819.0000","805.0000","809.0000","809.0000","811.0000","807.0000","807.0000","815.0000","819.0000","805.0000","807.0000"," ","0.0000","0.0000","7000","5665900","809.4143"
"20190531","01","11","    74170","JP3653700009","1566.0000","1566.0000","1545.0000","1547.0000","1540.0000","1541.0000","1523.0000","1529.0000","1566.0000","1566.0000","1523.0000","1529.0000"," ","0.0000","0.0000","12300","18909200","1537.3333"
"20190531","01","11","    74190","JP3761600000","1860.0000","1872.0000","1847.0000","1863.0000","1857.0000","1862.0000","1830.0000","1830.0000","1860.0000","1872.0000","1830.0000","1830.0000"," ","0.0000","0.0000","115200","212892400","1848.0243"
"20190531","01","11","    74200","JP3322300009","889.0000","889.0000","878.0000","885.0000","882.0000","882.0000","869.0000","869.0000","889.0000","889.0000","869.0000","869.0000"," ","0.0000","0.0000","45600","39954000","876.1842"
"20190531","01","11","    74210","JP3212400000","1387.0000","1393.0000","1376.0000","1379.0000","1378.0000","1379.0000","1372.0000","1374.0000","1387.0000","1393.0000","1372.0000","1374.0000"," ","0.0000","0.0000","42300","58289000","1377.9905"
"20190531","01","11","    74270","JP3161170000","539.0000","540.0000","531.0000","540.0000","539.0000","541.0000","539.0000","541.0000","539.0000","541.0000","531.0000","541.0000"," ","0.0000","0.0000","6000","3232700","538.7833"
"20190531","01","11","    74330","JP3766400000","1171.0000","1171.0000","1150.0000","1155.0000","1156.0000","1158.0000","1145.0000","1147.0000","1171.0000","1171.0000","1145.0000","1147.0000"," ","0.0000","0.0000","23600","27195300","1152.3432"
"20190531","01","11","    74380","JP3306050000","915.0000","915.0000","903.0000","904.0000","916.0000","916.0000","906.0000","916.0000","915.0000","916.0000","903.0000","916.0000"," ","0.0000","0.0000","54500","49828500","914.2844"
"20190531","01","11","    74420","JP3646600001","516.0000","516.0000","515.0000","515.0000","514.0000","517.0000","514.0000","517.0000","516.0000","517.0000","514.0000","517.0000"," ","0.0000","0.0000","5400","2788400","516.3704"
"20190531","01","11","    74450","JP3965600004","710.0000","715.0000","704.0000","707.0000","706.0000","710.0000","702.0000","703.0000","710.0000","715.0000","702.0000","703.0000"," ","0.0000","0.0000","107300","75835100","706.7577"
"20190531","01","11","    74470","JP3647000003","2401.0000","2401.0000","2363.0000","2368.0000","2368.0000","2403.0000","2368.0000","2396.0000","2401.0000","2403.0000","2363.0000","2396.0000"," ","0.0000","0.0000","17500","41794800","2388.2743"
"20190531","01","11","    74480","JP3385920008","333.0000","333.0000","323.0000","324.0000","323.0000","324.0000","321.0000","322.0000","333.0000","333.0000","321.0000","322.0000"," ","0.0000","0.0000","22500","7288800","323.9467"
"20190531","01","11","    74510","JP3976000004","2837.0000","2865.0000","2830.0000","2839.0000","2796.0000","2848.0000","2796.0000","2840.0000","2837.0000","2865.0000","2796.0000","2840.0000"," ","0.0000","0.0000","31100","88273700","2838.3826"
"20190531","01","11","    74530","JP3976300008","19750.0000","19970.0000","19690.0000","19900.0000","19810.0000","19840.0000","19660.0000","19670.0000","19750.0000","19970.0000","19660.0000","19670.0000"," ","0.0000","0.0000","133700","2641476000","19756.7390"
"20190531","01","11","    74550","JP3882600004","335.0000","335.0000","334.0000","334.0000","334.0000","334.0000","332.0000","333.0000","335.0000","335.0000","332.0000","333.0000"," ","0.0000","0.0000","17000","5675500","333.8529"
"20190531","01","11","    74560","JP3868500004","1482.0000","1482.0000","1444.0000","1452.0000","1452.0000","1463.0000","1446.0000","1450.0000","1482.0000","1482.0000","1444.0000","1450.0000"," ","0.0000","0.0000","20200","29411100","1455.9950"
"20190531","01","11","    74580","JP3475200006","4930.0000","4960.0000","4895.0000","4960.0000","4945.0000","5020.0000","4945.0000","4995.0000","4930.0000","5020.0000","4895.0000","4995.0000"," ","0.0000","0.0000","102800","510719500","4968.0885"
"20190531","01","11","    74590","JP3268950007","2352.0000","2381.0000","2342.0000","2365.0000","2366.0000","2368.0000","2346.0000","2351.0000","2352.0000","2381.0000","2342.0000","2351.0000"," ","0.0000","0.0000","741800","1749245400","2358.1092"
"20190531","01","11","    74630","JP3121950004","1038.0000","1038.0000","1019.0000","1020.0000","1018.0000","1025.0000","1017.0000","1020.0000","1038.0000","1038.0000","1017.0000","1020.0000"," ","0.0000","0.0000","110500","113316400","1025.4878"
"20190531","01","11","    74660","JP3163800000","2398.0000","2398.0000","2390.0000","2391.0000","2398.0000","2398.0000","2390.0000","2390.0000","2398.0000","2398.0000","2390.0000","2390.0000"," ","0.0000","0.0000","2600","6221900","2393.0385"
"20190531","01","11","    74670","JP3765600006","2665.0000","2665.0000","2603.0000","2610.0000","2615.0000","2615.0000","2600.0000","2609.0000","2665.0000","2665.0000","2600.0000","2609.0000"," ","0.0000","0.0000","12700","33174200","2612.1417"
"20190531","01","11","    74750","JP3126300007","2392.0000","2392.0000","2340.0000","2354.0000","2360.0000","2368.0000","2353.0000","2359.0000","2392.0000","2392.0000","2340.0000","2359.0000"," ","0.0000","0.0000","22700","53558800","2359.4185"
"20190531","01","11","    74760","JP3131300000","9690.0000","9770.0000","9650.0000","9750.0000","9730.0000","9770.0000","9730.0000","9750.0000","9690.0000","9770.0000","9650.0000","9750.0000"," ","0.0000","0.0000","46900","456991000","9743.9446"
"20190531","01","11","    74800","JP3398400006","1346.0000","1355.0000","1341.0000","1354.0000","1356.0000","1368.0000","1351.0000","1354.0000","1346.0000","1368.0000","1341.0000","1354.0000"," ","0.0000","0.0000","17200","23281700","1353.5872"
"20190531","01","11","    74810","JP3174150007","1259.0000","1259.0000","1250.0000","1250.0000","1250.0000","1254.0000","1249.0000","1249.0000","1259.0000","1259.0000","1249.0000","1249.0000"," ","0.0000","0.0000","1500","1875200","1250.1333"
"20190531","01","11","    74820","JP3359500000","1037.0000","1037.0000","1025.0000","1030.0000","1030.0000","1033.0000","1027.0000","1030.0000","1037.0000","1037.0000","1025.0000","1030.0000"," ","0.0000","0.0000","5400","5567200","1030.9630"
"20190531","01","11","    74830","JP3638000004","1748.0000","1748.0000","1698.0000","1700.0000","1700.0000","1712.0000","1699.0000","1703.0000","1748.0000","1748.0000","1698.0000","1703.0000"," ","0.0000","0.0000","35200","60121300","1707.9915"
"20190531","01","11","    74870","JP3196650000","1719.0000","1719.0000","1702.0000","1705.0000","1705.0000","1710.0000","1691.0000","1691.0000","1719.0000","1719.0000","1691.0000","1691.0000"," ","0.0000","0.0000","17000","28943600","1702.5647"
"20190531","01","11","    74940","JP3300000001","404.0000","404.0000","401.0000","404.0000","405.0000","406.0000","402.0000","402.0000","404.0000","406.0000","401.0000","402.0000"," ","0.0000","0.0000","24800","9995900","403.0605"
"20190531","01","11","    75040","JP3288900008","1122.0000","1123.0000","1122.0000","1123.0000","1114.0000","1120.0000","1112.0000","1118.0000","1122.0000","1123.0000","1112.0000","1118.0000"," ","0.0000","0.0000","6800","7600900","1117.7794"
"20190531","01","11","    75060","JP3765300003","1567.0000","1567.0000","1565.0000","1565.0000","1565.0000","1565.0000","1561.0000","1561.0000","1567.0000","1567.0000","1561.0000","1561.0000"," ","0.0000","0.0000","2300","3596200","1563.5652"
"20190531","01","11","    75080","JP3172450003","2939.0000","3065.0000","2913.0000","3050.0000","3030.0000","3065.0000","2995.0000","3010.0000","2939.0000","3065.0000","2913.0000","3010.0000"," ","0.0000","0.0000","37000","111309100","3008.3541"
"20190531","01","11","    75100","JP3463100002","1256.0000","1262.0000","1247.0000","1258.0000","1260.0000","1266.0000","1257.0000","1259.0000","1256.0000","1266.0000","1247.0000","1259.0000"," ","0.0000","0.0000","8000","10063100","1257.8875"
"20190531","01","11","    75120","JP3860270002","714.0000","714.0000","711.0000","711.0000","711.0000","712.0000","709.0000","710.0000","714.0000","714.0000","709.0000","710.0000"," ","0.0000","0.0000","21700","15417900","710.5023"
"20190531","01","11","    75130","JP3297380002","483.0000","486.0000","476.0000","478.0000","479.0000","487.0000","476.0000","486.0000","483.0000","487.0000","476.0000","486.0000"," ","0.0000","0.0000","906500","434985300","479.8514"
"20190531","01","11","    75140","JP3793500004","880.0000","880.0000","871.0000","871.0000","869.0000","870.0000","854.0000","854.0000","880.0000","880.0000","854.0000","854.0000"," ","0.0000","0.0000","9400","8169600","869.1064"
"20190531","01","11","    75160","JP3283750002","2256.0000","2257.0000","2235.0000","2252.0000","2257.0000","2261.0000","2234.0000","2234.0000","2256.0000","2261.0000","2234.0000","2234.0000"," ","0.0000","0.0000","77300","173368300","2242.7982"
"20190531","01","11","    75180","JP3758200004","2913.0000","2949.0000","2888.0000","2923.0000","2925.0000","2937.0000","2905.0000","2913.0000","2913.0000","2949.0000","2888.0000","2913.0000"," ","0.0000","0.0000","902400","2634813100","2919.7840"
"20190531","01","11","    75200","JP3161180009","1422.0000","1422.0000","1403.0000","1412.0000","1411.0000","1415.0000","1395.0000","1399.0000","1422.0000","1422.0000","1395.0000","1399.0000"," ","0.0000","0.0000","19900","28014800","1407.7789"
"20190531","01","11","    75220","JP3993900004","1462.0000","1469.0000","1432.0000","1437.0000","1442.0000","1444.0000","1428.0000","1433.0000","1462.0000","1469.0000","1428.0000","1433.0000"," ","0.0000","0.0000","78900","113619700","1440.0469"
"20190531","01","11","    75240","JP3875000006","774.0000","777.0000","773.0000","775.0000","775.0000","776.0000","773.0000","774.0000","774.0000","777.0000","773.0000","774.0000"," ","0.0000","0.0000","2700","2091000","774.4444"
"20190531","01","11","    75250","JP3974500005","1468.0000","1472.0000","1468.0000","1472.0000","1468.0000","1469.0000","1451.0000","1453.0000","1468.0000","1472.0000","1451.0000","1453.0000"," ","0.0000","0.0000","4200","6135400","1460.8095"
"20190531","01","11","    75270","JP3351000009","96.0000","96.0000","95.0000","95.0000","95.0000","96.0000","95.0000","95.0000","96.0000","96.0000","95.0000","95.0000"," ","0.0000","0.0000","99300","9505200","95.7221"
"20190531","01","11","    75320","JP3639650005","6810.0000","6840.0000","6710.0000","6740.0000","6740.0000","6740.0000","6680.0000","6720.0000","6810.0000","6840.0000","6680.0000","6720.0000"," ","0.0000","0.0000","708400","4770545000","6734.2532"
"20190531","01","11","    75370","JP3877500003","547.0000","547.0000","540.0000","540.0000","540.0000","541.0000","537.0000","537.0000","547.0000","547.0000","537.0000","537.0000"," ","0.0000","0.0000","45400","24490100","539.4295"
"20190531","01","11","    75450","JP3659300002","880.0000","880.0000","867.0000","869.0000","872.0000","876.0000","869.0000","871.0000","880.0000","880.0000","867.0000","871.0000"," ","0.0000","0.0000","216500","188812200","872.1118"
"20190531","01","11","    75500","JP3429300001","2296.0000","2300.0000","2281.0000","2283.0000","2281.0000","2281.0000","2254.0000","2255.0000","2296.0000","2300.0000","2254.0000","2255.0000"," ","0.0000","0.0000","339900","771963500","2271.1489"
"20190531","01","11","    75520","JP3770300006","1337.0000","1353.0000","1335.0000","1353.0000","1352.0000","1352.0000","1339.0000","1339.0000","1337.0000","1353.0000","1335.0000","1339.0000"," ","0.0000","0.0000","46700","62711400","1342.8565"
"20190531","01","11","    75540","JP3292400003","2924.0000","2939.0000","2850.0000","2897.0000","2905.0000","2939.0000","2875.0000","2918.0000","2924.0000","2939.0000","2850.0000","2918.0000"," ","0.0000","0.0000","341100","990966200","2905.2073"
"20190531","01","11","    75610","JP3765100007","1015.0000","1021.0000","1010.0000","1021.0000","1015.0000","1015.0000","1006.0000","1007.0000","1015.0000","1021.0000","1006.0000","1007.0000"," ","0.0000","0.0000","4800","4864000","1013.3333"
"20190531","01","11","    75700","JP3768000006","1393.0000","1393.0000","1393.0000","1393.0000","1423.0000","1423.0000","1398.0000","1405.0000","1393.0000","1423.0000","1393.0000","1405.0000"," ","0.0000","0.0000","2200","3091300","1405.1364"
"20190531","01","11","    75750","JP3754500001","1780.0000","1786.0000","1722.0000","1730.0000","1728.0000","1746.0000","1722.0000","1734.0000","1780.0000","1786.0000","1722.0000","1734.0000"," ","0.0000","0.0000","815400","1416174400","1736.7849"
"20190531","01","11","    75810","JP3310500008","2461.0000","2473.0000","2426.0000","2427.0000","2427.0000","2440.0000","2421.0000","2426.0000","2461.0000","2473.0000","2421.0000","2426.0000"," ","0.0000","0.0000","181400","441494600","2433.8181"
"20190531","01","11","    75900","JP3456500002","463.0000","465.0000","462.0000","463.0000","463.0000","463.0000","460.0000","462.0000","463.0000","465.0000","460.0000","462.0000"," ","0.0000","0.0000","11000","5084200","462.2000"
"20190531","01","11","    75910","JP3161140003","1688.0000","1688.0000","1626.0000","1627.0000","1630.0000","1634.0000","1601.0000","1631.0000","1688.0000","1688.0000","1601.0000","1631.0000"," ","0.0000","0.0000","9300","15111500","1624.8925"
"20190531","01","11","    75930","JP3854700006","451.0000","457.0000","450.0000","453.0000","453.0000","455.0000","450.0000","453.0000","451.0000","457.0000","450.0000","453.0000"," ","0.0000","0.0000","515900","233523000","452.6517"
"20190531","01","11","    75940","JP3873000008","1878.0000","1878.0000","1846.0000","1858.0000","1858.0000","1865.0000","1850.0000","1865.0000","1878.0000","1878.0000","1846.0000","1865.0000"," ","0.0000","0.0000","6100","11340400","1859.0820"
"20190531","01","11","    75950","JP3126110000","2376.0000","2376.0000","2300.0000","2310.0000","2301.0000","2327.0000","2298.0000","2307.0000","2376.0000","2376.0000","2298.0000","2307.0000"," ","0.0000","0.0000","106500","246171500","2311.4695"
"20190531","01","11","    75960","JP3155800000","1476.0000","1476.0000","1465.0000","1469.0000","1470.0000","1476.0000","1465.0000","1472.0000","1476.0000","1476.0000","1465.0000","1472.0000"," ","0.0000","0.0000","3600","5296700","1471.3056"
"20190531","01","11","    75990","JP3235700006","272.0000","277.0000","268.0000","276.0000","275.0000","277.0000","271.0000","271.0000","272.0000","277.0000","268.0000","271.0000"," ","0.0000","0.0000","753200","205489800","272.8224"
"20190531","01","11","    76000","JP3689100000","1477.0000","1477.0000","1430.0000","1435.0000","1441.0000","1455.0000","1433.0000","1440.0000","1477.0000","1477.0000","1430.0000","1440.0000"," ","0.0000","0.0000","103700","149793400","1444.4879"
"20190531","01","11","    76010","JP3856600006","482.0000","482.0000","478.0000","478.0000","479.0000","482.0000","479.0000","480.0000","482.0000","482.0000","478.0000","480.0000"," ","0.0000","0.0000","8000","3839500","479.9375"
"20190531","01","11","    76050","JP3812300006","2162.0000","2189.0000","2128.0000","2130.0000","2131.0000","2136.0000","2114.0000","2115.0000","2162.0000","2189.0000","2114.0000","2115.0000"," ","0.0000","0.0000","11700","24904500","2128.5897"
"20190531","01","11","    76060","JP3949400000","3580.0000","3605.0000","3555.0000","3600.0000","3625.0000","3635.0000","3600.0000","3605.0000","3580.0000","3635.0000","3555.0000","3605.0000"," ","0.0000","0.0000","110600","398408500","3602.2468"
"20190531","01","11","    76070","JP3384710004","2150.0000","2150.0000","2108.0000","2120.0000","2130.0000","2139.0000","2117.0000","2136.0000","2150.0000","2150.0000","2108.0000","2136.0000"," ","0.0000","0.0000","10500","22338100","2127.4381"
"20190531","01","11","    76080","JP3162670008","514.0000","521.0000","510.0000","517.0000","516.0000","521.0000","515.0000","517.0000","514.0000","521.0000","510.0000","517.0000"," ","0.0000","0.0000","56000","28920000","516.4286"
"20190531","01","11","    76090","JP3487600003","1150.0000","1158.0000","1134.0000","1157.0000","1159.0000","1159.0000","1143.0000","1148.0000","1150.0000","1159.0000","1134.0000","1148.0000"," ","0.0000","0.0000","20800","23879700","1148.0625"
"20190531","01","11","    76110","JP3765180009","2033.0000","2035.0000","2022.0000","2030.0000","2030.0000","2040.0000","2020.0000","2020.0000","2033.0000","2040.0000","2020.0000","2020.0000"," ","0.0000","0.0000","31200","63230400","2026.6154"
"20190531","01","11","    76130","JP3346700002","1280.0000","1285.0000","1207.0000","1231.0000","1229.0000","1231.0000","1188.0000","1190.0000","1280.0000","1285.0000","1188.0000","1190.0000"," ","0.0000","0.0000","502700","611421200","1216.2745"
"20190531","01","11","    76150","JP3250600008","350.0000","350.0000","345.0000","345.0000","345.0000","348.0000","345.0000","347.0000","350.0000","350.0000","345.0000","347.0000"," ","0.0000","0.0000","15900","5528500","347.7044"
"20190531","01","11","    76160","JP3305970000","2095.0000","2110.0000","2082.0000","2102.0000","2091.0000","2109.0000","2091.0000","2096.0000","2095.0000","2110.0000","2082.0000","2096.0000"," ","0.0000","0.0000","131900","276703400","2097.8271"
"20190531","01","11","    76180","JP3801520002","392.0000","394.0000","389.0000","392.0000","390.0000","393.0000","389.0000","391.0000","392.0000","394.0000","389.0000","391.0000"," ","0.0000","0.0000","146400","57220800","390.8525"
"20190531","01","11","    76190","JP3468820000","587.0000","587.0000","585.0000","587.0000","587.0000","587.0000","586.0000","586.0000","587.0000","587.0000","585.0000","586.0000"," ","0.0000","0.0000","3000","1757500","585.8333"
"20190531","01","11","    76280","JP3173100003","1411.0000","1413.0000","1391.0000","1398.0000","1397.0000","1397.0000","1379.0000","1385.0000","1411.0000","1413.0000","1379.0000","1385.0000"," ","0.0000","0.0000","14100","19607600","1390.6099"
"20190531","01","11","    76300","JP3142150006","4570.0000","4605.0000","4540.0000","4545.0000","4540.0000","4545.0000","4535.0000","4535.0000","4570.0000","4605.0000","4535.0000","4535.0000"," ","0.0000","0.0000","16100","73226500","4548.2298"
"20190531","01","11","    76370","JP3766500007","1307.0000","1327.0000","1307.0000","1321.0000","1319.0000","1319.0000","1306.0000","1308.0000","1307.0000","1327.0000","1306.0000","1308.0000"," ","0.0000","0.0000","9400","12374700","1316.4574"
"20190531","01","11","    76400","JP3629250006","363.0000","365.0000","345.0000","345.0000","345.0000","347.0000","332.0000","333.0000","363.0000","365.0000","332.0000","333.0000"," ","0.0000","0.0000","175400","60574500","345.3506"
"20190531","01","11","    76460","JP3895000002","777.0000","777.0000","765.0000","772.0000","774.0000","778.0000","770.0000","778.0000","777.0000","778.0000","765.0000","778.0000"," ","0.0000","0.0000","6500","5027700","773.4923"
"20190531","01","11","    76490","JP3397060009","4980.0000","5020.0000","4955.0000","4995.0000","4960.0000","4980.0000","4930.0000","4935.0000","4980.0000","5020.0000","4930.0000","4935.0000"," ","0.0000","0.0000","209100","1037905000","4963.6777"
"20190531","01","11","    77010","JP3357200009","2735.0000","2745.0000","2721.0000","2736.0000","2730.0000","2743.0000","2711.0000","2721.0000","2735.0000","2745.0000","2711.0000","2721.0000"," ","0.0000","0.0000","939000","2559806900","2726.0989"
"20190531","01","11","    77020","JP3386050003","644.0000","644.0000","634.0000","638.0000","640.0000","647.0000","640.0000","641.0000","644.0000","647.0000","634.0000","641.0000"," ","0.0000","0.0000","11200","7176400","640.7500"
"20190531","01","11","    77090","JP3266600000","359.0000","361.0000","351.0000","353.0000","354.0000","354.0000","341.0000","342.0000","359.0000","361.0000","341.0000","342.0000"," ","0.0000","0.0000","57300","19995500","348.9616"
"20190531","01","11","    77150","JP3648350001","687.0000","687.0000","673.0000","680.0000","680.0000","684.0000","679.0000","681.0000","687.0000","687.0000","673.0000","681.0000"," ","0.0000","0.0000","24400","16608500","680.6762"
"20190531","01","11","    77170","JP3829900004","4730.0000","4745.0000","4630.0000","4645.0000","4645.0000","4685.0000","4605.0000","4615.0000","4730.0000","4745.0000","4605.0000","4615.0000"," ","0.0000","0.0000","354300","1649958000","4656.9517"
"20190531","01","11","    77180","JP3399000003","1340.0000","1340.0000","1321.0000","1328.0000","1332.0000","1336.0000","1322.0000","1324.0000","1340.0000","1340.0000","1321.0000","1324.0000"," ","0.0000","0.0000","193100","256291600","1327.2481"
"20190531","01","11","    77210","JP3624000000","911.0000","913.0000","900.0000","906.0000","904.0000","912.0000","899.0000","899.0000","911.0000","913.0000","899.0000","899.0000"," ","0.0000","0.0000","17700","16012200","904.6441"
"20190531","01","11","    77230","JP3104400001","4050.0000","4050.0000","3980.0000","3990.0000","4000.0000","4000.0000","3995.0000","3995.0000","4050.0000","4050.0000","3980.0000","3995.0000"," ","0.0000","0.0000","1600","6400500","4000.3125"
"20190531","01","11","    77250","JP3152720003","1356.0000","1385.0000","1342.0000","1372.0000","1373.0000","1378.0000","1345.0000","1347.0000","1356.0000","1385.0000","1342.0000","1347.0000"," ","0.0000","0.0000","384500","524636700","1364.4648"
"20190531","01","11","    77270","JP3173200001","236.0000","236.0000","231.0000","231.0000","232.0000","232.0000","229.0000","230.0000","236.0000","236.0000","229.0000","230.0000"," ","0.0000","0.0000","14800","3429500","231.7230"
"20190531","01","11","    77290","JP3580200008","2512.0000","2543.0000","2502.0000","2525.0000","2525.0000","2538.0000","2506.0000","2512.0000","2512.0000","2543.0000","2502.0000","2512.0000"," ","0.0000","0.0000","259700","653695400","2517.1174"
"20190531","01","11","    77300","JP3869920003","6650.0000","6700.0000","6600.0000","6680.0000","6660.0000","6780.0000","6650.0000","6780.0000","6650.0000","6780.0000","6600.0000","6780.0000"," ","0.0000","0.0000","152900","1024009000","6697.2466"
"20190531","01","11","    77310","JP3657400002","1500.0000","1504.0000","1477.0000","1496.0000","1495.0000","1503.0000","1482.0000","1486.0000","1500.0000","1504.0000","1477.0000","1486.0000"," ","0.0000","0.0000","2706300","4035115800","1491.0083"
"20190531","01","11","    77320","JP3630400004","1387.0000","1400.0000","1375.0000","1391.0000","1393.0000","1402.0000","1385.0000","1389.0000","1387.0000","1402.0000","1375.0000","1389.0000"," ","0.0000","0.0000","484100","672861800","1389.9232"
"20190531","01","11","    77330","JP3201200007","1295.0000","1300.0000","1271.0000","1296.0000","1295.0000","1298.0000","1284.0000","1285.0000","1295.0000","1300.0000","1271.0000","1285.0000"," ","0.0000","0.0000","3384200","4359780600","1288.2751"
"20190531","01","11","    77340","JP3971000009","1932.0000","1938.0000","1912.0000","1916.0000","1924.0000","1925.0000","1916.0000","1924.0000","1932.0000","1938.0000","1912.0000","1924.0000"," ","0.0000","0.0000","34500","66375300","1923.9217"
"20190531","01","11","    77350","JP3494600004","3825.0000","3835.0000","3755.0000","3795.0000","3785.0000","3805.0000","3740.0000","3740.0000","3825.0000","3835.0000","3740.0000","3740.0000"," ","0.0000","0.0000","1413200","5342503000","3780.4295"
"20190531","01","11","    77390","JP3243200007","1759.0000","1759.0000","1740.0000","1750.0000","1758.0000","1758.0000","1741.0000","1741.0000","1759.0000","1759.0000","1740.0000","1741.0000"," ","0.0000","0.0000","58100","101441100","1745.9742"
"20190531","01","11","    77400","JP3471800007","2246.0000","2253.0000","2211.0000","2219.0000","2219.0000","2224.0000","2193.0000","2198.0000","2246.0000","2253.0000","2193.0000","2198.0000"," ","0.0000","0.0000","91100","201604100","2212.9978"
"20190531","01","11","    77410","JP3837800006","7570.0000","7668.0000","7512.0000","7616.0000","7605.0000","7647.0000","7547.0000","7558.0000","7570.0000","7668.0000","7512.0000","7558.0000"," ","0.0000","0.0000","1578700","11981743600","7589.6267"
"20190531","01","11","    77430","JP3347000006","1099.0000","1099.0000","1062.0000","1069.0000","1061.0000","1069.0000","1056.0000","1061.0000","1099.0000","1099.0000","1056.0000","1061.0000"," ","0.0000","0.0000","13500","14379000","1065.1111"
"20190531","01","11","    77440","JP3759500006","1723.0000","1732.0000","1704.0000","1708.0000","1714.0000","1736.0000","1705.0000","1708.0000","1723.0000","1736.0000","1704.0000","1708.0000"," ","0.0000","0.0000","126800","217709700","1716.9535"
"20190531","01","11","    77450","JP3160130005","785.0000","785.0000","757.0000","766.0000","766.0000","773.0000","759.0000","760.0000","785.0000","785.0000","757.0000","760.0000"," ","0.0000","0.0000","204600","156700200","765.8856"
"20190531","01","11","    77470","JP3110650003","5560.0000","5620.0000","5460.0000","5600.0000","5590.0000","5620.0000","5560.0000","5560.0000","5560.0000","5620.0000","5460.0000","5560.0000"," ","0.0000","0.0000","544800","3026305000","5554.8917"
"20190531","01","11","    77510","JP3242800005","3069.0000","3090.0000","3063.0000","3081.0000","3075.0000","3085.0000","3065.0000","3065.0000","3069.0000","3090.0000","3063.0000","3065.0000"," ","0.0000","0.0000","2975600","9141419600","3072.1265"
"20190531","01","11","    77520","JP3973400009","1044.0000","1059.0000","1044.0000","1056.0000","1057.0000","1058.0000","1050.0000","1054.0000","1044.0000","1059.0000","1044.0000","1054.0000"," ","0.0000","0.0000","2045900","2154932300","1053.2931"
"20190531","01","11","    77620","JP3352400000","508.0000","509.0000","501.0000","506.0000","505.0000","507.0000","500.0000","501.0000","508.0000","509.0000","500.0000","501.0000"," ","0.0000","0.0000","2867600","1444941000","503.8851"
"20190531","01","11","    77690","JP3974200002","1250.0000","1250.0000","1222.0000","1222.0000","1230.0000","1230.0000","1206.0000","1206.0000","1250.0000","1250.0000","1206.0000","1206.0000"," ","0.0000","0.0000","4500","5495000","1221.1111"
"20190531","01","11","    77750","JP3482500000","600.0000","667.0000","597.0000","650.0000","652.0000","655.0000","597.0000","618.0000","600.0000","667.0000","597.0000","618.0000"," ","0.0000","0.0000","710400","452235700","636.5930"
"20190531","01","11","    77800","JP3921270009","3680.0000","3690.0000","3610.0000","3635.0000","3615.0000","3690.0000","3615.0000","3680.0000","3680.0000","3690.0000","3610.0000","3680.0000"," ","0.0000","0.0000","123800","452437000","3654.5800"
"20190531","01","11","    77820","JP3376500009","588.0000","588.0000","581.0000","586.0000","584.0000","587.0000","578.0000","579.0000","588.0000","588.0000","578.0000","579.0000"," ","0.0000","0.0000","6300","3675500","583.4127"
"20190531","01","11","    78110","JP3646100002","1466.0000","1466.0000","1459.0000","1459.0000","1453.0000","1455.0000","1431.0000","1440.0000","1466.0000","1466.0000","1431.0000","1440.0000"," ","0.0000","0.0000","16600","23977900","1444.4518"
"20190531","01","11","    78160","JP3399770001","1375.0000","1391.0000","1364.0000","1389.0000","1389.0000","1409.0000","1387.0000","1395.0000","1375.0000","1409.0000","1364.0000","1395.0000"," ","0.0000","0.0000","78000","108438800","1390.2410"
"20190531","01","11","    78170","JP3781620004","4250.0000","4280.0000","4180.0000","4190.0000","4190.0000","4195.0000","4105.0000","4140.0000","4250.0000","4280.0000","4105.0000","4140.0000"," ","0.0000","0.0000","123800","515907500","4167.2658"
"20190531","01","11","    78180","JP3635670007","810.0000","814.0000","802.0000","806.0000","806.0000","810.0000","805.0000","807.0000","810.0000","814.0000","802.0000","807.0000"," ","0.0000","0.0000","57000","46086600","808.5368"
"20190531","01","11","    78190","JP3360150001","360.0000","362.0000","360.0000","362.0000","363.0000","368.0000","363.0000","367.0000","360.0000","368.0000","360.0000","367.0000"," ","0.0000","0.0000","6700","2443400","364.6866"
"20190531","01","11","    78200","JP3756230003","2360.0000","2457.0000","2360.0000","2438.0000","2449.0000","2512.0000","2449.0000","2466.0000","2360.0000","2512.0000","2360.0000","2466.0000"," ","0.0000","0.0000","54500","133401100","2447.7266"
"20190531","01","11","    78210","JP3861250003","1918.0000","1918.0000","1901.0000","1901.0000","1901.0000","1918.0000","1896.0000","1906.0000","1918.0000","1918.0000","1896.0000","1906.0000"," ","0.0000","0.0000","55000","104887700","1907.0491"
"20190531","01","11","    78220","JP3160840009","333.0000","336.0000","332.0000","333.0000","334.0000","334.0000","332.0000","333.0000","333.0000","336.0000","332.0000","333.0000"," ","0.0000","0.0000","28000","9334300","333.3679"
"20190531","01","11","    78230","JP3100210008","620.0000","621.0000","617.0000","620.0000","620.0000","622.0000","618.0000","621.0000","620.0000","622.0000","617.0000","621.0000"," ","0.0000","0.0000","21200","13147100","620.1462"
"20190531","01","11","    78320","JP3778630008","5180.0000","5300.0000","5120.0000","5290.0000","5290.0000","5350.0000","5290.0000","5340.0000","5180.0000","5350.0000","5120.0000","5340.0000"," ","0.0000","0.0000","871400","4615822000","5297.0186"
"20190531","01","11","    78330","JP3105070001","599.0000","599.0000","595.0000","598.0000","597.0000","602.0000","593.0000","594.0000","599.0000","602.0000","593.0000","594.0000"," ","0.0000","0.0000","6000","3578900","596.4833"
"20190531","01","11","    78380","JP3253700003","176.0000","177.0000","174.0000","175.0000","175.0000","175.0000","174.0000","175.0000","176.0000","177.0000","174.0000","175.0000"," ","0.0000","0.0000","65200","11432300","175.3420"
"20190531","01","11","    78390","JP3360900009","4385.0000","4410.0000","4320.0000","4355.0000","4340.0000","4390.0000","4300.0000","4315.0000","4385.0000","4410.0000","4300.0000","4315.0000"," ","0.0000","0.0000","26200","113643500","4337.5382"
"20190531","01","11","    78400","JP3826500005","983.0000","992.0000","978.0000","988.0000","990.0000","992.0000","982.0000","984.0000","983.0000","992.0000","978.0000","984.0000"," ","0.0000","0.0000","79300","78256800","986.8449"
"20190531","01","11","    78440","JP3860230006","806.0000","808.0000","796.0000","803.0000","804.0000","807.0000","799.0000","804.0000","806.0000","808.0000","796.0000","804.0000"," ","0.0000","0.0000","218600","175438400","802.5544"
"20190531","01","11","    78460","JP3780610006","4110.0000","4145.0000","4065.0000","4085.0000","4090.0000","4110.0000","4065.0000","4065.0000","4110.0000","4145.0000","4065.0000","4065.0000"," ","0.0000","0.0000","63800","261081500","4092.1865"
"20190531","01","11","    78560","JP3765500008","1300.0000","1322.0000","1294.0000","1318.0000","1321.0000","1326.0000","1313.0000","1320.0000","1300.0000","1326.0000","1294.0000","1320.0000"," ","0.0000","0.0000","27100","35648600","1315.4465"
"20190531","01","11","    78600","JP3160950006","1360.0000","1361.0000","1341.0000","1344.0000","1343.0000","1346.0000","1337.0000","1343.0000","1360.0000","1361.0000","1337.0000","1343.0000"," ","0.0000","0.0000","126200","169684300","1344.5666"
"20190531","01","11","    78620","JP3629200001","885.0000","885.0000","872.0000","873.0000","875.0000","878.0000","874.0000","874.0000","885.0000","885.0000","872.0000","874.0000"," ","0.0000","0.0000","111000","97263800","876.2505"
"20190531","01","11","    78640","JP3813800004","3670.0000","3775.0000","3670.0000","3765.0000","3775.0000","3790.0000","3755.0000","3775.0000","3670.0000","3790.0000","3670.0000","3775.0000"," ","0.0000","0.0000","137000","514622000","3756.3650"
"20190531","01","11","    78670","JP3630550006","1305.0000","1306.0000","1293.0000","1296.0000","1293.0000","1298.0000","1290.0000","1295.0000","1305.0000","1306.0000","1290.0000","1295.0000"," ","0.0000","0.0000","424100","549772700","1296.3280"
"20190531","01","11","    78680","JP3287700003","627.0000","632.0000","622.0000","628.0000","626.0000","634.0000","626.0000","631.0000","627.0000","634.0000","622.0000","631.0000"," ","0.0000","0.0000","212100","133081500","627.4470"
"20190531","01","11","    78720","JP3163000007","600.0000","608.0000","600.0000","608.0000","599.0000","601.0000","599.0000","601.0000","600.0000","608.0000","599.0000","601.0000"," ","0.0000","0.0000","1400","841500","601.0714"
"20190531","01","11","    78730","JP3100050008","101.0000","101.0000","100.0000","101.0000","101.0000","102.0000","100.0000","101.0000","101.0000","102.0000","100.0000","101.0000"," ","0.0000","0.0000","183000","18464900","100.9011"
"20190531","01","11","    78740","JP3410800001","1219.0000","1227.0000","1195.0000","1215.0000","1220.0000","1232.0000","1200.0000","1212.0000","1219.0000","1232.0000","1195.0000","1212.0000"," ","0.0000","0.0000","188500","228673600","1213.1225"
"20190531","01","11","    78850","JP3457750002","740.0000","741.0000","731.0000","738.0000","738.0000","742.0000","737.0000","741.0000","740.0000","742.0000","731.0000","741.0000"," ","0.0000","0.0000","10400","7691900","739.6058"
"20190531","01","11","    78880","JP3330900006","333.0000","333.0000","320.0000","324.0000","323.0000","327.0000","323.0000","324.0000","333.0000","333.0000","320.0000","324.0000"," ","0.0000","0.0000","56200","18250700","324.7456"
"20190531","01","11","    78930","JP3119000002","1226.0000","1227.0000","1215.0000","1218.0000","1220.0000","1220.0000","1202.0000","1204.0000","1226.0000","1227.0000","1202.0000","1204.0000"," ","0.0000","0.0000","15200","18488200","1216.3289"
"20190531","01","11","    78970","JP3843000005","125.0000","125.0000","123.0000","125.0000","125.0000","125.0000","123.0000","123.0000","125.0000","125.0000","123.0000","123.0000"," ","0.0000","0.0000","47700","5930600","124.3312"
"20190531","01","11","    78980","JP3390600009","1004.0000","1004.0000","1004.0000","1004.0000","1003.0000","1004.0000","1000.0000","1000.0000","1004.0000","1004.0000","1000.0000","1000.0000"," ","0.0000","0.0000","3100","3106800","1002.1935"
"20190531","01","11","    79050","JP3482600008","2198.0000","2198.0000","2161.0000","2161.0000","2161.0000","2207.0000","2149.0000","2197.0000","2198.0000","2207.0000","2149.0000","2197.0000"," ","0.0000","0.0000","14600","31903600","2185.1781"
"20190531","01","11","    79080","JP3242600009","151.0000","153.0000","150.0000","150.0000","151.0000","152.0000","150.0000","150.0000","151.0000","153.0000","150.0000","150.0000"," ","0.0000","0.0000","70900","10693100","150.8195"
"20190531","01","11","    79110","JP3629000005","1604.0000","1605.0000","1584.0000","1587.0000","1589.0000","1595.0000","1580.0000","1586.0000","1604.0000","1605.0000","1580.0000","1586.0000"," ","0.0000","0.0000","985000","1563859400","1587.6745"
"20190531","01","11","    79120","JP3493800001","2384.0000","2401.0000","2368.0000","2373.0000","2365.0000","2376.0000","2350.0000","2355.0000","2384.0000","2401.0000","2350.0000","2355.0000"," ","0.0000","0.0000","648800","1534248800","2364.7485"
"20190531","01","11","    79130","JP3626200004","1287.0000","1287.0000","1262.0000","1262.0000","1265.0000","1271.0000","1258.0000","1261.0000","1287.0000","1287.0000","1258.0000","1261.0000"," ","0.0000","0.0000","82000","103908600","1267.1780"
"20190531","01","11","    79140","JP3252800002","2717.0000","2717.0000","2686.0000","2691.0000","2686.0000","2716.0000","2676.0000","2716.0000","2717.0000","2717.0000","2676.0000","2716.0000"," ","0.0000","0.0000","10500","28370700","2701.9714"
"20190531","01","11","    79150","JP3713200008","1024.0000","1034.0000","1013.0000","1025.0000","1019.0000","1029.0000","1012.0000","1013.0000","1024.0000","1034.0000","1012.0000","1013.0000"," ","0.0000","0.0000","172900","176484900","1020.7340"
"20190531","01","11","    79160","JP3904800004","1932.0000","1932.0000","1912.0000","1912.0000","1910.0000","1915.0000","1904.0000","1915.0000","1932.0000","1932.0000","1904.0000","1915.0000"," ","0.0000","0.0000","2500","4800900","1920.3600"
"20190531","01","11","    79170","JP3821000001","2778.0000","2778.0000","2721.0000","2743.0000","2780.0000","2789.0000","2745.0000","2774.0000","2778.0000","2789.0000","2721.0000","2774.0000"," ","0.0000","0.0000","17100","47279700","2764.8947"
"20190531","01","11","    79180","JP3107200002","599.0000","599.0000","594.0000","595.0000","595.0000","595.0000","593.0000","593.0000","599.0000","599.0000","593.0000","593.0000"," ","0.0000","0.0000","45200","26889000","594.8894"
"20190531","01","11","    79210","JP3459000000","1619.0000","1619.0000","1613.0000","1615.0000","1618.0000","1622.0000","1615.0000","1617.0000","1619.0000","1622.0000","1613.0000","1617.0000"," ","0.0000","0.0000","23100","37356200","1617.1515"
"20190531","01","11","    79250","JP3860250004","1030.0000","1030.0000","1018.0000","1019.0000","1019.0000","1025.0000","1019.0000","1023.0000","1030.0000","1030.0000","1018.0000","1023.0000"," ","0.0000","0.0000","5400","5523900","1022.9444"
"20190531","01","11","    79310","JP3910600000","2105.0000","2106.0000","2075.0000","2075.0000","2075.0000","2085.0000","2068.0000","2069.0000","2105.0000","2106.0000","2068.0000","2069.0000"," ","0.0000","0.0000","7500","15597300","2079.6400"
"20190531","01","11","    79360","JP3118000003","1212.0000","1231.0000","1205.0000","1216.0000","1216.0000","1216.0000","1198.0000","1198.0000","1212.0000","1231.0000","1198.0000","1198.0000"," ","0.0000","0.0000","1869800","2261896400","1209.6996"
"20190531","01","11","    79370","JP3533500009","1910.0000","2008.0000","1910.0000","1989.0000","1989.0000","2009.0000","1987.0000","2001.0000","1910.0000","2009.0000","1910.0000","2001.0000"," ","0.0000","0.0000","25500","50484100","1979.7686"
"20190531","01","11","    79400","JP3687800007","646.0000","649.0000","641.0000","647.0000","645.0000","648.0000","644.0000","645.0000","646.0000","649.0000","641.0000","645.0000"," ","0.0000","0.0000","85000","54725600","643.8306"
"20190531","01","11","    79420","JP3386000008","1973.0000","1990.0000","1956.0000","1980.0000","1977.0000","1979.0000","1962.0000","1967.0000","1973.0000","1990.0000","1956.0000","1967.0000"," ","0.0000","0.0000","32800","64620300","1970.1311"
"20190531","01","11","    79430","JP3662200009","2835.0000","2877.0000","2832.0000","2865.0000","2864.0000","2873.0000","2844.0000","2851.0000","2835.0000","2877.0000","2832.0000","2851.0000"," ","0.0000","0.0000","44600","127382000","2856.0987"
"20190531","01","11","    79470","JP3167000003","6340.0000","6410.0000","6320.0000","6350.0000","6360.0000","6380.0000","6340.0000","6350.0000","6340.0000","6410.0000","6320.0000","6350.0000"," ","0.0000","0.0000","50700","322571000","6362.3471"
"20190531","01","11","    79490","JP3303200004","1802.0000","1812.0000","1801.0000","1801.0000","1811.0000","1828.0000","1801.0000","1814.0000","1802.0000","1828.0000","1801.0000","1814.0000"," ","0.0000","0.0000","6400","11588800","1810.7500"
"20190531","01","11","    79510","JP3942600002","4985.0000","4995.0000","4930.0000","4935.0000","4915.0000","4930.0000","4870.0000","4885.0000","4985.0000","4995.0000","4870.0000","4885.0000"," ","0.0000","0.0000","979000","4813958000","4917.2196"
"20190531","01","11","    79520","JP3221400009","2626.0000","2685.0000","2592.0000","2662.0000","2662.0000","2688.0000","2658.0000","2668.0000","2626.0000","2688.0000","2592.0000","2668.0000"," ","0.0000","0.0000","56600","150469600","2658.4735"
"20190531","01","11","    79550","JP3270200003","529.0000","534.0000","526.0000","528.0000","529.0000","537.0000","526.0000","534.0000","529.0000","537.0000","526.0000","534.0000"," ","0.0000","0.0000","84100","44652600","530.9465"
"20190531","01","11","    79560","JP3801600002","4205.0000","4230.0000","4155.0000","4190.0000","4180.0000","4205.0000","4130.0000","4135.0000","4205.0000","4230.0000","4130.0000","4135.0000"," ","0.0000","0.0000","1136500","4744825000","4174.9450"
"20190531","01","11","    79580","JP3547800007","1822.0000","1822.0000","1785.0000","1793.0000","1793.0000","1799.0000","1784.0000","1785.0000","1822.0000","1822.0000","1784.0000","1785.0000"," ","0.0000","0.0000","13900","24940100","1794.2518"
"20190531","01","11","    79610","JP3217600000","1592.0000","1593.0000","1588.0000","1593.0000","1595.0000","1596.0000","1590.0000","1593.0000","1592.0000","1596.0000","1588.0000","1593.0000"," ","0.0000","0.0000","1200","1911000","1592.5000"
"20190531","01","11","    79620","JP3262000007","878.0000","880.0000","871.0000","871.0000","871.0000","871.0000","862.0000","863.0000","878.0000","880.0000","862.0000","863.0000"," ","0.0000","0.0000","68300","59606900","872.7218"
"20190531","01","11","    79650","JP3437400009","1143.0000","1154.0000","1140.0000","1150.0000","1149.0000","1153.0000","1144.0000","1150.0000","1143.0000","1154.0000","1140.0000","1150.0000"," ","0.0000","0.0000","106200","121920900","1148.0311"
"20190531","01","11","    79660","JP3977200009","2155.0000","2162.0000","2143.0000","2158.0000","2160.0000","2166.0000","2147.0000","2148.0000","2155.0000","2166.0000","2143.0000","2148.0000"," ","0.0000","0.0000","116300","250465000","2153.6113"
"20190531","01","11","    79700","JP3371600002","753.0000","761.0000","744.0000","752.0000","750.0000","751.0000","741.0000","741.0000","753.0000","761.0000","741.0000","741.0000"," ","0.0000","0.0000","139900","104600100","747.6776"
"20190531","01","11","    79710","JP3620600001","250.0000","250.0000","249.0000","250.0000","250.0000","253.0000","249.0000","251.0000","250.0000","253.0000","249.0000","251.0000"," ","0.0000","0.0000","24300","6096500","250.8848"
"20190531","01","11","    79720","JP3142700008","415.0000","415.0000","407.0000","411.0000","410.0000","413.0000","407.0000","411.0000","415.0000","415.0000","407.0000","411.0000"," ","0.0000","0.0000","88500","36309000","410.2712"
"20190531","01","11","    79740","JP3756600007","38300.0000","38930.0000","38220.0000","38930.0000","38910.0000","39130.0000","38700.0000","38700.0000","38300.0000","39130.0000","38220.0000","38700.0000"," ","0.0000","0.0000","1549200","60100837000","38794.7566"
"20190531","01","11","    79760","JP3895600009","1931.0000","1934.0000","1917.0000","1926.0000","1926.0000","1939.0000","1925.0000","1934.0000","1931.0000","1939.0000","1917.0000","1934.0000"," ","0.0000","0.0000","30600","59083100","1930.8203"
"20190531","01","11","    79790","JP3363600002","1284.0000","1284.0000","1270.0000","1270.0000","1276.0000","1277.0000","1266.0000","1273.0000","1284.0000","1284.0000","1266.0000","1273.0000"," ","0.0000","0.0000","4900","6240200","1273.5102"
"20190531","01","11","    79810","JP3460000007","1645.0000","1645.0000","1625.0000","1632.0000","1629.0000","1638.0000","1628.0000","1635.0000","1645.0000","1645.0000","1625.0000","1635.0000"," ","0.0000","0.0000","29200","47698300","1633.5034"
"20190531","01","11","    79840","JP3297000006","1428.0000","1434.0000","1422.0000","1431.0000","1429.0000","1441.0000","1428.0000","1431.0000","1428.0000","1441.0000","1422.0000","1431.0000"," ","0.0000","0.0000","242300","346741300","1431.0413"
"20190531","01","11","    79870","JP3644400008","498.0000","500.0000","493.0000","495.0000","496.0000","499.0000","496.0000","499.0000","498.0000","500.0000","493.0000","499.0000"," ","0.0000","0.0000","29700","14777200","497.5488"
"20190531","01","11","    79880","JP3756200006","2776.0000","2783.0000","2725.0000","2738.0000","2740.0000","2747.0000","2724.0000","2725.0000","2776.0000","2783.0000","2724.0000","2725.0000"," ","0.0000","0.0000","304900","834743100","2737.7602"
"20190531","01","11","    79890","JP3466200007","1206.0000","1223.0000","1206.0000","1217.0000","1213.0000","1217.0000","1195.0000","1199.0000","1206.0000","1223.0000","1195.0000","1199.0000"," ","0.0000","0.0000","21800","26345300","1208.5000"
"20190531","01","11","    79900","JP3503800009","3270.0000","3300.0000","3185.0000","3275.0000","3285.0000","3345.0000","3250.0000","3260.0000","3270.0000","3345.0000","3185.0000","3260.0000"," ","0.0000","0.0000","33800","110430000","3267.1598"
"20190531","01","11","    79940","JP3192400004","1052.0000","1064.0000","1031.0000","1059.0000","1060.0000","1069.0000","1057.0000","1065.0000","1052.0000","1069.0000","1031.0000","1065.0000"," ","0.0000","0.0000","287000","303289500","1056.7578"
"20190531","01","11","    79950","JP3744200001","2086.0000","2095.0000","2070.0000","2085.0000","2080.0000","2085.0000","2060.0000","2060.0000","2086.0000","2095.0000","2060.0000","2060.0000"," ","0.0000","0.0000","54600","113222900","2073.6795"
"20190531","01","11","    79990","JP3914000009","1655.0000","1655.0000","1647.0000","1647.0000","1647.0000","1647.0000","1640.0000","1640.0000","1655.0000","1655.0000","1640.0000","1640.0000"," ","0.0000","0.0000","1300","2136900","1643.7692"
"20190531","01","11","    80010","JP3143600009","2000.0000","2002.0000","1994.0000","2000.0000","2001.0000","2005.5000","1998.0000","1999.0000","2000.0000","2005.5000","1994.0000","1999.0000"," ","0.0000","0.0000","11099800","22197921500","1999.8488"
"20190531","01","11","    80020","JP3877600001","689.1000","692.6000","684.8000","689.4000","689.6000","689.8000","682.0000","683.4000","689.1000","692.6000","682.0000","683.4000"," ","0.0000","0.0000","6442100","4423653340","686.6788"
"20190531","01","11","    80050","JP3913600007","347.0000","350.0000","344.0000","347.0000","345.0000","347.0000","341.0000","341.0000","347.0000","350.0000","341.0000","341.0000"," ","0.0000","0.0000","129800","44749200","344.7550"
"20190531","01","11","    80070","JP3455600001","1640.0000","1640.0000","1633.0000","1633.0000","1636.0000","1641.0000","1620.0000","1620.0000","1640.0000","1641.0000","1620.0000","1620.0000"," ","0.0000","0.0000","3500","5706200","1630.3429"
"20190531","01","11","    80080","JP3119950008","2404.0000","2416.0000","2385.0000","2407.0000","2404.0000","2420.0000","2397.0000","2398.0000","2404.0000","2420.0000","2385.0000","2398.0000"," ","0.0000","0.0000","40600","97585600","2403.5862"
"20190531","01","11","    80110","JP3339400008","1731.0000","1731.0000","1715.0000","1715.0000","1718.0000","1765.0000","1718.0000","1755.0000","1731.0000","1765.0000","1715.0000","1755.0000"," ","0.0000","0.0000","24000","41897900","1745.7458"
"20190531","01","11","    80120","JP3647800006","1587.0000","1596.0000","1580.0000","1590.0000","1595.0000","1598.0000","1582.0000","1586.0000","1587.0000","1598.0000","1580.0000","1586.0000"," ","0.0000","0.0000","303800","482521700","1588.2874"
"20190531","01","11","    80130","JP3640800003","497.0000","501.0000","496.0000","496.0000","497.0000","500.0000","496.0000","498.0000","497.0000","501.0000","496.0000","498.0000"," ","0.0000","0.0000","6200","3087100","497.9194"
"20190531","01","11","    80140","JP3528200003","1612.0000","1617.0000","1578.0000","1578.0000","1578.0000","1593.0000","1570.0000","1577.0000","1612.0000","1617.0000","1570.0000","1577.0000"," ","0.0000","0.0000","10300","16319300","1584.3981"
"20190531","01","11","    80150","JP3635000007","3170.0000","3190.0000","3140.0000","3150.0000","3150.0000","3165.0000","3125.0000","3135.0000","3170.0000","3190.0000","3125.0000","3135.0000"," ","0.0000","0.0000","738800","2324763000","3146.6743"
"20190531","01","11","    80160","JP3203500008","577.0000","579.0000","572.0000","575.0000","574.0000","577.0000","572.0000","572.0000","577.0000","579.0000","572.0000","572.0000"," ","0.0000","0.0000","291200","167212500","574.2188"
"20190531","01","11","    80180","JP3328000009","509.0000","518.0000","509.0000","514.0000","510.0000","517.0000","510.0000","517.0000","509.0000","518.0000","509.0000","517.0000"," ","0.0000","0.0000","33300","17135800","514.5886"
"20190531","01","11","    80200","JP3217100001","1229.0000","1235.0000","1217.0000","1229.0000","1226.0000","1231.0000","1221.0000","1226.0000","1229.0000","1235.0000","1217.0000","1226.0000"," ","0.0000","0.0000","223200","273615000","1225.8737"
"20190531","01","11","    80220","JP3905200006","2405.0000","2405.0000","2363.0000","2366.0000","2365.0000","2408.0000","2364.0000","2401.0000","2405.0000","2408.0000","2363.0000","2401.0000"," ","0.0000","0.0000","42000","100403900","2390.5690"
"20190531","01","11","    80250","JP3531400004","1001.0000","1001.0000","992.0000","996.0000","992.0000","997.0000","992.0000","994.0000","1001.0000","1001.0000","992.0000","994.0000"," ","0.0000","0.0000","1800","1791200","995.1111"
"20190531","01","11","    80280","JP3802600001","2632.0000","2655.0000","2613.0000","2641.0000","2634.0000","2648.0000","2607.0000","2616.0000","2632.0000","2655.0000","2607.0000","2616.0000"," ","0.0000","0.0000","2417200","6346386600","2625.5116"
"20190531","01","11","    80290","JP3981000007","1381.0000","1385.0000","1353.0000","1364.0000","1363.0000","1377.0000","1341.0000","1345.0000","1381.0000","1385.0000","1341.0000","1345.0000"," ","0.0000","0.0000","58200","78953500","1356.5893"
"20190531","01","11","    80310","JP3893600001","1677.5000","1686.0000","1676.0000","1680.5000","1681.0000","1684.5000","1674.5000","1677.5000","1677.5000","1686.0000","1674.5000","1677.5000"," ","0.0000","0.0000","5311500","8920801600","1679.5259"
"20190531","01","11","    80320","JP3694000005","3830.0000","3830.0000","3770.0000","3775.0000","3775.0000","3795.0000","3770.0000","3790.0000","3830.0000","3830.0000","3770.0000","3790.0000"," ","0.0000","0.0000","14800","55987000","3782.9054"
"20190531","01","11","    80350","JP3571400005","15005.0000","15125.0000","14895.0000","14965.0000","14935.0000","14970.0000","14760.0000","14790.0000","15005.0000","15125.0000","14760.0000","14790.0000"," ","0.0000","0.0000","1741700","25972058000","14911.9010"
"20190531","01","11","    80360","JP3678800008","4680.0000","4710.0000","4615.0000","4620.0000","4615.0000","4645.0000","4600.0000","4625.0000","4680.0000","4710.0000","4600.0000","4625.0000"," ","0.0000","0.0000","405300","1879809500","4638.0693"
"20190531","01","11","    80370","JP3219400003","1152.0000","1152.0000","1133.0000","1139.0000","1143.0000","1151.0000","1127.0000","1137.0000","1152.0000","1152.0000","1127.0000","1137.0000"," ","0.0000","0.0000","20800","23682200","1138.5673"
"20190531","01","11","    80380","JP3596600001","2531.0000","2531.0000","2506.0000","2531.0000","2534.0000","2534.0000","2518.0000","2526.0000","2531.0000","2534.0000","2506.0000","2526.0000"," ","0.0000","0.0000","2400","6059100","2524.6250"
"20190531","01","11","    80410","JP3180000006","2557.0000","2557.0000","2557.0000","2557.0000","2533.0000","2543.0000","2533.0000","2538.0000","2557.0000","2557.0000","2533.0000","2538.0000"," ","0.0000","0.0000","2300","5855800","2546.0000"
"20190531","01","11","    80430","JP3399100001","4050.0000","4050.0000","4010.0000","4020.0000","4030.0000","4050.0000","4015.0000","4025.0000","4050.0000","4050.0000","4010.0000","4025.0000"," ","0.0000","0.0000","12800","51575500","4029.3359"
"20190531","01","11","    80500","JP3414700009","2042.0000","2062.0000","2017.0000","2046.0000","2046.0000","2051.0000","2013.0000","2022.0000","2042.0000","2062.0000","2013.0000","2022.0000"," ","0.0000","0.0000","259000","526260700","2031.8946"
"20190531","01","11","    80510","JP3936800006","1003.0000","1013.0000","1001.0000","1008.0000","1009.0000","1013.0000","1008.0000","1009.0000","1003.0000","1013.0000","1001.0000","1009.0000"," ","0.0000","0.0000","116000","117075900","1009.2750"
"20190531","01","11","    80520","JP3534600006","3040.0000","3050.0000","2948.0000","3030.0000","3030.0000","3040.0000","2960.0000","2962.0000","3040.0000","3050.0000","2948.0000","2962.0000"," ","0.0000","0.0000","6500","19454100","2992.9385"
"20190531","01","11","    80530","JP3404600003","1571.0000","1586.5000","1563.0000","1583.0000","1576.5000","1581.5000","1568.0000","1568.5000","1571.0000","1586.5000","1563.0000","1568.5000"," ","0.0000","0.0000","3770200","5932155250","1573.4325"
"20190531","01","11","    80560","JP3754200008","3530.0000","3545.0000","3470.0000","3495.0000","3495.0000","3550.0000","3495.0000","3545.0000","3530.0000","3550.0000","3470.0000","3545.0000"," ","0.0000","0.0000","437600","1540272500","3519.8183"
"20190531","01","11","    80570","JP3157200001","3690.0000","3690.0000","3590.0000","3620.0000","3645.0000","3645.0000","3540.0000","3540.0000","3690.0000","3690.0000","3540.0000","3540.0000"," ","0.0000","0.0000","39700","143427500","3612.7834"
"20190531","01","11","    80580","JP3898400001","2843.5000","2860.5000","2830.0000","2848.5000","2847.0000","2853.5000","2829.0000","2833.0000","2843.5000","2860.5000","2829.0000","2833.0000"," ","0.0000","0.0000","4895500","13908060150","2840.9887"
"20190531","01","11","    80590","JP3475800003","3335.0000","3340.0000","3295.0000","3310.0000","3310.0000","3330.0000","3260.0000","3265.0000","3335.0000","3340.0000","3260.0000","3265.0000"," ","0.0000","0.0000","9800","32276500","3293.5204"
"20190531","01","11","    80600","JP3243600008","2324.0000","2343.0000","2317.0000","2330.0000","2318.0000","2334.0000","2317.0000","2319.0000","2324.0000","2343.0000","2317.0000","2319.0000"," ","0.0000","0.0000","151600","352617500","2325.9730"
"20190531","01","11","    80610","JP3414200000","1266.0000","1267.0000","1246.0000","1246.0000","1247.0000","1253.0000","1243.0000","1243.0000","1266.0000","1267.0000","1243.0000","1243.0000"," ","0.0000","0.0000","15400","19257200","1250.4675"
"20190531","01","11","    80650","JP3322000005","893.0000","893.0000","884.0000","888.0000","889.0000","895.0000","889.0000","891.0000","893.0000","895.0000","884.0000","891.0000"," ","0.0000","0.0000","19600","17468300","891.2398"
"20190531","01","11","    80680","JP3976600001","1667.0000","1687.0000","1658.0000","1670.0000","1670.0000","1674.0000","1661.0000","1669.0000","1667.0000","1687.0000","1658.0000","1669.0000"," ","0.0000","0.0000","115000","191965900","1669.2687"
"20190531","01","11","    80700","JP3576600005","458.0000","458.0000","454.0000","457.0000","457.0000","458.0000","454.0000","454.0000","458.0000","458.0000","454.0000","454.0000"," ","0.0000","0.0000","18500","8433500","455.8649"
"20190531","01","11","    80740","JP3945200008","2951.0000","2993.0000","2940.0000","2943.0000","2942.0000","2956.0000","2935.0000","2949.0000","2951.0000","2993.0000","2935.0000","2949.0000"," ","0.0000","0.0000","30100","88664200","2945.6545"
"20190531","01","11","    80750","JP3374000002","2320.0000","2320.0000","2281.0000","2289.0000","2289.0000","2300.0000","2263.0000","2264.0000","2320.0000","2320.0000","2263.0000","2264.0000"," ","0.0000","0.0000","12700","29072900","2289.2047"
"20190531","01","11","    80770","JP3301000000","312.0000","320.0000","312.0000","320.0000","316.0000","316.0000","309.0000","312.0000","312.0000","320.0000","309.0000","312.0000"," ","0.0000","0.0000","7300","2273700","311.4658"
"20190531","01","11","    80780","JP3777800008","2778.0000","2809.0000","2754.0000","2771.0000","2784.0000","2786.0000","2753.0000","2756.0000","2778.0000","2809.0000","2753.0000","2756.0000"," ","0.0000","0.0000","162000","449045500","2771.8858"
"20190531","01","11","    80790","JP3361200003","3100.0000","3100.0000","3025.0000","3075.0000","3055.0000","3065.0000","3020.0000","3035.0000","3100.0000","3100.0000","3020.0000","3035.0000"," ","0.0000","0.0000","45400","138353500","3047.4339"
"20190531","01","11","    80810","JP3215000005","1285.0000","1289.0000","1282.0000","1289.0000","1289.0000","1290.0000","1278.0000","1289.0000","1285.0000","1290.0000","1278.0000","1289.0000"," ","0.0000","0.0000","17500","22482400","1284.7086"
"20190531","01","11","    80840","JP3976200000","1544.0000","1548.0000","1534.0000","1537.0000","1544.0000","1547.0000","1526.0000","1533.0000","1544.0000","1548.0000","1526.0000","1533.0000"," ","0.0000","0.0000","18900","29060500","1537.5926"
"20190531","01","11","    80860","JP3673600007","1214.0000","1217.0000","1204.0000","1208.0000","1207.0000","1211.0000","1198.0000","1201.0000","1214.0000","1217.0000","1198.0000","1201.0000"," ","0.0000","0.0000","827800","997636900","1205.1666"
"20190531","01","11","    80870","JP3828000004","1469.0000","1471.0000","1453.0000","1466.0000","1466.0000","1476.0000","1463.0000","1465.0000","1469.0000","1476.0000","1453.0000","1465.0000"," ","0.0000","0.0000","14300","20954300","1465.3357"
"20190531","01","11","    80880","JP3151600008","3545.0000","3550.0000","3520.0000","3550.0000","3540.0000","3555.0000","3540.0000","3555.0000","3545.0000","3555.0000","3520.0000","3555.0000"," ","0.0000","0.0000","85500","303044500","3544.3801"
"20190531","01","11","    80890","JP3641300003","594.0000","604.0000","580.0000","597.0000","598.0000","598.0000","580.0000","591.0000","594.0000","604.0000","580.0000","591.0000"," ","0.0000","0.0000","125200","73737000","588.9537"
"20190531","01","11","    80900","JP3362400008","626.0000","634.0000","625.0000","634.0000","628.0000","635.0000","626.0000","626.0000","626.0000","635.0000","625.0000","626.0000"," ","0.0000","0.0000","8100","5096300","629.1728"
"20190531","01","11","    80910","JP3664400003","1731.0000","1734.0000","1709.0000","1718.0000","1718.0000","1723.0000","1714.0000","1723.0000","1731.0000","1734.0000","1709.0000","1723.0000"," ","0.0000","0.0000","4000","6901300","1725.3250"
"20190531","01","11","    80930","JP3257000004","1526.0000","1539.0000","1492.0000","1499.0000","1497.0000","1497.0000","1474.0000","1479.0000","1526.0000","1539.0000","1474.0000","1479.0000"," ","0.0000","0.0000","21600","32378000","1498.9815"
"20190531","01","11","    80950","JP3150000002","444.0000","445.0000","438.0000","444.0000","445.0000","447.0000","440.0000","442.0000","444.0000","447.0000","438.0000","442.0000"," ","0.0000","0.0000","56200","24863500","442.4110"
"20190531","01","11","    80960","JP3217200009","3145.0000","3145.0000","3095.0000","3095.0000","3105.0000","3130.0000","3105.0000","3120.0000","3145.0000","3145.0000","3095.0000","3120.0000"," ","0.0000","0.0000","10500","32750500","3119.0952"
"20190531","01","11","    80970","JP3323600001","934.0000","944.0000","929.0000","938.0000","930.0000","948.0000","930.0000","945.0000","934.0000","948.0000","929.0000","945.0000"," ","0.0000","0.0000","53400","50213500","940.3277"
"20190531","01","11","    80980","JP3146000009","1367.0000","1367.0000","1349.0000","1358.0000","1358.0000","1361.0000","1347.0000","1349.0000","1367.0000","1367.0000","1347.0000","1349.0000"," ","0.0000","0.0000","94000","127299800","1354.2532"
"20190531","01","11","    81010","JP3276000001","1139.0000","1140.0000","1125.0000","1132.0000","1128.0000","1130.0000","1117.0000","1120.0000","1139.0000","1140.0000","1117.0000","1120.0000"," ","0.0000","0.0000","10600","11942700","1126.6698"
"20190531","01","11","    81030","JP3920600008","382.0000","406.0000","372.0000","379.0000","379.0000","379.0000","370.0000","372.0000","382.0000","406.0000","370.0000","372.0000"," ","0.0000","0.0000","149900","57487600","383.5063"
"20190531","01","11","    81040","JP3273200000","539.0000","539.0000","520.0000","523.0000","522.0000","523.0000","508.0000","517.0000","539.0000","539.0000","508.0000","517.0000"," ","0.0000","0.0000","27500","14181600","515.6945"
"20190531","01","11","    81070","JP3242400004","33.0000","35.0000","33.0000","34.0000","34.0000","35.0000","33.0000","35.0000","33.0000","35.0000","33.0000","35.0000"," ","0.0000","0.0000","409800","13945300","34.0295"
"20190531","01","11","    81110","JP3306600002","13900.0000","13990.0000","13710.0000","13880.0000","13870.0000","14030.0000","13800.0000","13840.0000","13900.0000","14030.0000","13710.0000","13840.0000"," ","0.0000","0.0000","198400","2753512000","13878.5887"
"20190531","01","11","    81130","JP3951600000","3242.0000","3285.0000","3227.0000","3276.0000","3278.0000","3289.0000","3258.0000","3259.0000","3242.0000","3289.0000","3227.0000","3259.0000"," ","0.0000","0.0000","1419500","4631223100","3262.5735"
"20190531","01","11","    81140","JP3548800006","1829.0000","1856.0000","1825.0000","1850.0000","1857.0000","1860.0000","1828.0000","1833.0000","1829.0000","1860.0000","1825.0000","1833.0000"," ","0.0000","0.0000","73800","135633800","1837.8564"
"20190531","01","11","    81180","JP3261200004","621.0000","621.0000","605.0000","606.0000","606.0000","619.0000","606.0000","614.0000","621.0000","621.0000","605.0000","614.0000"," ","0.0000","0.0000","20600","12632000","613.2039"
"20190531","01","11","    81250","JP3992000004","1021.0000","1024.0000","1003.0000","1010.0000","1011.0000","1012.0000","1004.0000","1008.0000","1021.0000","1024.0000","1003.0000","1008.0000"," ","0.0000","0.0000","86100","86928200","1009.6190"
"20190531","01","11","    81270","JP3939600007","406.0000","406.0000","401.0000","402.0000","402.0000","406.0000","402.0000","406.0000","406.0000","406.0000","401.0000","406.0000"," ","0.0000","0.0000","14900","6014800","403.6779"
"20190531","01","11","    81290","JP3602600003","2442.0000","2451.0000","2430.0000","2436.0000","2436.0000","2443.0000","2429.0000","2429.0000","2442.0000","2451.0000","2429.0000","2429.0000"," ","0.0000","0.0000","244400","595307900","2435.7934"
"20190531","01","11","    81300","JP3330000005","2061.0000","2077.0000","2060.0000","2070.0000","2070.0000","2077.0000","2066.0000","2076.0000","2061.0000","2077.0000","2060.0000","2076.0000"," ","0.0000","0.0000","99400","205976500","2072.1982"
"20190531","01","11","    81310","JP3894400005","765.0000","771.0000","761.0000","767.0000","767.0000","771.0000","763.0000","767.0000","765.0000","771.0000","761.0000","767.0000"," ","0.0000","0.0000","14900","11420600","766.4832"
"20190531","01","11","    81320","JP3354000006","1878.0000","1878.0000","1840.0000","1844.0000","1845.0000","1863.0000","1845.0000","1848.0000","1878.0000","1878.0000","1840.0000","1848.0000"," ","0.0000","0.0000","9800","18143200","1851.3469"
"20190531","01","11","    81330","JP3144000001","847.0000","847.0000","839.0000","843.0000","843.0000","845.0000","838.0000","839.0000","847.0000","847.0000","838.0000","839.0000"," ","0.0000","0.0000","120800","101652600","841.4950"
"20190531","01","11","    81360","JP3343200006","2454.0000","2454.0000","2424.0000","2435.0000","2425.0000","2443.0000","2418.0000","2418.0000","2454.0000","2454.0000","2418.0000","2418.0000"," ","0.0000","0.0000","314500","764614200","2431.2057"
"20190531","01","11","    81370","JP3345400000","800.0000","803.0000","786.0000","794.0000","792.0000","797.0000","784.0000","788.0000","800.0000","803.0000","784.0000","788.0000"," ","0.0000","0.0000","60900","48176500","791.0755"
"20190531","01","11","    81400","JP3975400007","2599.0000","2599.0000","2550.0000","2571.0000","2563.0000","2580.0000","2548.0000","2550.0000","2599.0000","2599.0000","2548.0000","2550.0000"," ","0.0000","0.0000","48600","124472700","2561.1667"
"20190531","01","11","    81410","JP3374200008","1853.0000","1853.0000","1837.0000","1838.0000","1837.0000","1844.0000","1836.0000","1838.0000","1853.0000","1853.0000","1836.0000","1838.0000"," ","0.0000","0.0000","15300","28163100","1840.7255"
"20190531","01","11","    81420","JP3553200001","2175.0000","2175.0000","2129.0000","2129.0000","2129.0000","2151.0000","2129.0000","2148.0000","2175.0000","2175.0000","2129.0000","2148.0000"," ","0.0000","0.0000","4900","10515600","2146.0408"
"20190531","01","11","    81500","JP3333200008","1784.0000","1784.0000","1766.0000","1771.0000","1770.0000","1781.0000","1766.0000","1770.0000","1784.0000","1784.0000","1766.0000","1770.0000"," ","0.0000","0.0000","17700","31364500","1772.0056"
"20190531","01","11","    81510","JP3616600007","915.0000","915.0000","899.0000","900.0000","900.0000","904.0000","898.0000","899.0000","915.0000","915.0000","898.0000","899.0000"," ","0.0000","0.0000","23000","20723200","901.0087"
"20190531","01","11","    81530","JP3922400001","2400.0000","2400.0000","2376.0000","2378.0000","2380.0000","2384.0000","2365.0000","2377.0000","2400.0000","2400.0000","2365.0000","2377.0000"," ","0.0000","0.0000","76900","182846000","2377.7113"
"20190531","01","11","    81540","JP3206200002","1642.0000","1642.0000","1584.0000","1595.0000","1591.0000","1598.0000","1584.0000","1586.0000","1642.0000","1642.0000","1584.0000","1586.0000"," ","0.0000","0.0000","85300","136037100","1594.8077"
"20190531","01","11","    81550","JP3907200004","1476.0000","1494.0000","1463.0000","1486.0000","1490.0000","1495.0000","1476.0000","1477.0000","1476.0000","1495.0000","1463.0000","1477.0000"," ","0.0000","0.0000","91400","135526200","1482.7812"
"20190531","01","11","    81580","JP3431400005","519.0000","519.0000","511.0000","511.0000","513.0000","513.0000","506.0000","507.0000","519.0000","519.0000","506.0000","507.0000"," ","0.0000","0.0000","9900","5050200","510.1212"
"20190531","01","11","    81590","JP3466600008","1532.0000","1532.0000","1500.0000","1514.0000","1507.0000","1524.0000","1500.0000","1519.0000","1532.0000","1532.0000","1500.0000","1519.0000"," ","0.0000","0.0000","18900","28625300","1514.5661"
"20190531","01","11","    81600","JP3237000009","2514.0000","2523.0000","2504.0000","2513.0000","2520.0000","2520.0000","2505.0000","2511.0000","2514.0000","2523.0000","2504.0000","2511.0000"," ","0.0000","0.0000","19200","48204800","2510.6667"
"20190531","01","11","    81630","JP3322350004","1005.0000","1009.0000","1001.0000","1005.0000","1002.0000","1008.0000","1002.0000","1007.0000","1005.0000","1009.0000","1001.0000","1007.0000"," ","0.0000","0.0000","23800","23923100","1005.1723"
"20190531","01","11","    81650","JP3424600009","261.0000","262.0000","255.0000","258.0000","259.0000","269.0000","257.0000","260.0000","261.0000","269.0000","255.0000","260.0000"," ","0.0000","0.0000","367400","95718200","260.5286"
"20190531","01","11","    81660","JP3453600003","174.0000","174.0000","173.0000","173.0000","174.0000","174.0000","171.0000","171.0000","174.0000","174.0000","171.0000","171.0000"," ","0.0000","0.0000","54800","9473700","172.8777"
"20190531","01","11","    81680","JP3277400002","504.0000","504.0000","495.0000","496.0000","493.0000","496.0000","492.0000","496.0000","504.0000","504.0000","492.0000","496.0000"," ","0.0000","0.0000","72300","36095000","499.2393"
"20190531","01","11","    81730","JP3393000009","2206.0000","2206.0000","2181.0000","2191.0000","2191.0000","2210.0000","2190.0000","2190.0000","2206.0000","2210.0000","2181.0000","2190.0000"," ","0.0000","0.0000","19000","41707300","2195.1211"
"20190531","01","11","    81740","JP3695600001","2579.0000","2582.0000","2525.0000","2559.0000","2548.0000","2586.0000","2539.0000","2578.0000","2579.0000","2586.0000","2525.0000","2578.0000"," ","0.0000","0.0000","158500","405422300","2557.8694"
"20190531","01","11","    81790","JP3983600002","2704.0000","2712.0000","2685.0000","2699.0000","2694.0000","2710.0000","2694.0000","2695.0000","2704.0000","2712.0000","2685.0000","2695.0000"," ","0.0000","0.0000","184400","498097300","2701.1784"
"20190531","01","11","    81810","JP3595800008","1211.0000","1211.0000","1208.0000","1208.0000","1201.0000","1207.0000","1200.0000","1201.0000","1211.0000","1211.0000","1200.0000","1201.0000"," ","0.0000","0.0000","4300","5171800","1202.7442"
"20190531","01","11","    81820","JP3145200006","1364.0000","1364.0000","1343.0000","1355.0000","1346.0000","1352.0000","1339.0000","1339.0000","1364.0000","1364.0000","1339.0000","1339.0000"," ","0.0000","0.0000","22900","30925600","1350.4629"
"20190531","01","11","    81840","JP3356800007","2484.0000","2499.0000","2464.0000","2473.0000","2466.0000","2478.0000","2454.0000","2455.0000","2484.0000","2499.0000","2454.0000","2455.0000"," ","0.0000","0.0000","186900","461306100","2468.1974"
"20190531","01","11","    81850","JP3528400009","1640.0000","1644.0000","1622.0000","1636.0000","1642.0000","1643.0000","1619.0000","1625.0000","1640.0000","1644.0000","1619.0000","1625.0000"," ","0.0000","0.0000","32200","52484400","1629.9503"
"20190531","01","11","    81940","JP3966600003","2323.0000","2331.0000","2252.0000","2303.0000","2307.0000","2325.0000","2289.0000","2301.0000","2323.0000","2331.0000","2252.0000","2301.0000"," ","0.0000","0.0000","201000","461652800","2296.7801"
"20190531","01","11","    82000","JP3977000003","2355.0000","2357.0000","2330.0000","2341.0000","2363.0000","2363.0000","2340.0000","2348.0000","2355.0000","2363.0000","2330.0000","2348.0000"," ","0.0000","0.0000","52900","124053700","2345.0605"
"20190531","01","11","    82030","JP3885200000","451.0000","451.0000","447.0000","447.0000","448.0000","450.0000","447.0000","448.0000","451.0000","451.0000","447.0000","448.0000"," ","0.0000","0.0000","23000","10312500","448.3696"
"20190531","01","11","    82070","JP3547200000","409.0000","409.0000","406.0000","406.0000","406.0000","413.0000","406.0000","413.0000","409.0000","413.0000","406.0000","413.0000"," ","0.0000","0.0000","25800","10568900","409.6473"
"20190531","01","11","    82140","JP3105400000","1010.0000","1031.0000","1005.0000","1027.0000","1027.0000","1032.0000","1021.0000","1026.0000","1010.0000","1032.0000","1005.0000","1026.0000"," ","0.0000","0.0000","124000","127032300","1024.4540"
"20190531","01","11","    82170","JP3172150009","1063.0000","1063.0000","1052.0000","1055.0000","1061.0000","1070.0000","1053.0000","1059.0000","1063.0000","1070.0000","1052.0000","1059.0000"," ","0.0000","0.0000","22400","23733200","1059.5179"
"20190531","01","11","    82180","JP3305600003","2125.0000","2137.0000","2107.0000","2135.0000","2141.0000","2147.0000","2131.0000","2135.0000","2125.0000","2147.0000","2107.0000","2135.0000"," ","0.0000","0.0000","83900","178970000","2133.1347"
"20190531","01","11","    82190","JP3106200003","2112.0000","2117.0000","2091.0000","2098.0000","2091.0000","2105.0000","2091.0000","2095.0000","2112.0000","2117.0000","2091.0000","2095.0000"," ","0.0000","0.0000","400300","840255200","2099.0637"
"20190531","01","11","    82270","JP3358200008","8330.0000","8360.0000","8240.0000","8360.0000","8360.0000","8390.0000","8300.0000","8300.0000","8330.0000","8390.0000","8240.0000","8300.0000"," ","0.0000","0.0000","131700","1096175000","8323.2726"
"20190531","01","11","    82300","JP3768400008","394.0000","394.0000","391.0000","391.0000","391.0000","393.0000","391.0000","393.0000","394.0000","394.0000","391.0000","393.0000"," ","0.0000","0.0000","2900","1138700","392.6552"
"20190531","01","11","    82330","JP3456000003","1178.0000","1180.0000","1164.0000","1166.0000","1165.0000","1167.0000","1150.0000","1151.0000","1178.0000","1180.0000","1150.0000","1151.0000"," ","0.0000","0.0000","1428700","1658751400","1161.0215"
"20190531","01","11","    82370","JP3869200000","916.0000","921.0000","906.0000","912.0000","912.0000","918.0000","905.0000","906.0000","916.0000","921.0000","905.0000","906.0000"," ","0.0000","0.0000","68800","62661200","910.7733"
"20190531","01","11","    82420","JP3774600005","1191.0000","1194.0000","1179.0000","1187.0000","1190.0000","1192.0000","1174.0000","1175.0000","1191.0000","1194.0000","1174.0000","1175.0000"," ","0.0000","0.0000","493500","583483300","1182.3370"
"20190531","01","11","    82440","JP3250800004","3270.0000","3270.0000","3260.0000","3270.0000","3300.0000","3315.0000","3280.0000","3300.0000","3270.0000","3315.0000","3260.0000","3300.0000"," ","0.0000","0.0000","6600","21739500","3293.8636"
"20190531","01","11","    82510","JP3781800002","1074.0000","1074.0000","1055.0000","1066.0000","1073.0000","1076.0000","1066.0000","1068.0000","1074.0000","1076.0000","1055.0000","1068.0000"," ","0.0000","0.0000","48500","51746300","1066.9340"
"20190531","01","11","    82520","JP3870400003","2233.0000","2278.0000","2232.0000","2270.0000","2269.0000","2290.0000","2260.0000","2264.0000","2233.0000","2290.0000","2232.0000","2264.0000"," ","0.0000","0.0000","1239400","2809508900","2266.8298"
"20190531","01","11","    82530","JP3271400008","1183.0000","1194.0000","1173.0000","1189.0000","1189.0000","1189.0000","1167.0000","1170.0000","1183.0000","1194.0000","1167.0000","1170.0000"," ","0.0000","0.0000","1078500","1270732600","1178.2407"
"20190531","01","11","    82550","JP3772400002","4000.0000","4025.0000","3995.0000","4015.0000","4015.0000","4035.0000","3970.0000","3975.0000","4000.0000","4035.0000","3970.0000","3975.0000"," ","0.0000","0.0000","52200","209105000","4005.8429"
"20190531","01","11","    82600","JP3142400005","243.0000","245.0000","243.0000","244.0000","244.0000","245.0000","243.0000","243.0000","243.0000","245.0000","243.0000","243.0000"," ","0.0000","0.0000","12600","3066900","243.4048"
"20190531","01","11","    82670","JP3388200002","1884.0000","1901.5000","1878.0000","1897.0000","1895.0000","1897.5000","1875.5000","1877.5000","1884.0000","1901.5000","1875.5000","1877.5000"," ","0.0000","0.0000","2999300","5658073100","1886.4645"
"20190531","01","11","    82730","JP3138400001","4635.0000","4665.0000","4590.0000","4655.0000","4640.0000","4705.0000","4635.0000","4640.0000","4635.0000","4705.0000","4590.0000","4640.0000"," ","0.0000","0.0000","166600","774396000","4648.2353"
"20190531","01","11","    82750","JP3802750004","967.0000","967.0000","935.0000","955.0000","955.0000","963.0000","934.0000","940.0000","967.0000","967.0000","934.0000","940.0000"," ","0.0000","0.0000","25700","24372500","948.3463"
"20190531","01","11","    82760","JP3834400008","1902.0000","1917.0000","1895.0000","1907.0000","1913.0000","1918.0000","1905.0000","1911.0000","1902.0000","1918.0000","1895.0000","1911.0000"," ","0.0000","0.0000","94700","180653600","1907.6410"
"20190531","01","11","    82780","JP3807400001","1774.0000","1774.0000","1745.0000","1760.0000","1759.0000","1761.0000","1750.0000","1757.0000","1774.0000","1774.0000","1745.0000","1757.0000"," ","0.0000","0.0000","32800","57566500","1755.0762"
"20190531","01","11","    82790","JP3930200005","5220.0000","5240.0000","5150.0000","5190.0000","5210.0000","5220.0000","5180.0000","5200.0000","5220.0000","5240.0000","5150.0000","5200.0000"," ","0.0000","0.0000","25200","130950000","5196.4286"
"20190531","01","11","    82810","JP3428800001","1214.0000","1215.0000","1199.0000","1207.0000","1204.0000","1218.0000","1204.0000","1208.0000","1214.0000","1218.0000","1199.0000","1208.0000"," ","0.0000","0.0000","87500","105775900","1208.8674"
"20190531","01","11","    82820","JP3277150003","1045.0000","1046.0000","1027.0000","1038.0000","1039.0000","1044.0000","1030.0000","1033.0000","1045.0000","1046.0000","1027.0000","1033.0000"," ","0.0000","0.0000","875700","906091500","1034.7054"
"20190531","01","11","    82830","JP3782200004","5630.0000","5640.0000","5550.0000","5610.0000","5600.0000","5610.0000","5570.0000","5600.0000","5630.0000","5640.0000","5550.0000","5600.0000"," ","0.0000","0.0000","159400","892642000","5600.0125"
"20190531","01","11","    82850","JP3886600000","284.0000","285.0000","281.0000","282.0000","283.0000","283.0000","281.0000","282.0000","284.0000","285.0000","281.0000","282.0000"," ","0.0000","0.0000","22400","6329300","282.5580"
"20190531","01","11","    82890","JP3201400003","673.0000","673.0000","665.0000","667.0000","668.0000","672.0000","667.0000","670.0000","673.0000","673.0000","665.0000","670.0000"," ","0.0000","0.0000","20500","13752400","670.8488"
"20190531","01","11","    82910","JP3587800008","269.0000","271.0000","267.0000","267.0000","268.0000","271.0000","266.0000","268.0000","269.0000","271.0000","266.0000","268.0000"," ","0.0000","0.0000","30400","8151700","268.1480"
"20190531","01","11","    83030","JP3729000004","1559.0000","1568.0000","1555.0000","1559.0000","1556.0000","1561.0000","1542.0000","1543.0000","1559.0000","1568.0000","1542.0000","1543.0000"," ","0.0000","0.0000","1266700","1967373100","1553.1484"
"20190531","01","11","    83040","JP3711200000","2653.0000","2662.0000","2635.0000","2647.0000","2649.0000","2661.0000","2633.0000","2639.0000","2653.0000","2662.0000","2633.0000","2639.0000"," ","0.0000","0.0000","703100","1860570900","2646.2394"
"20190531","01","11","    83060","JP3902900004","504.0000","505.5000","500.5000","504.1000","504.4000","504.7000","500.8000","501.1000","504.0000","505.5000","500.5000","501.1000"," ","0.0000","0.0000","56723500","28512313110","502.6543"
"20190531","01","11","    83080","JP3500610005","463.5000","465.2000","460.0000","463.4000","463.4000","464.1000","459.1000","459.9000","463.5000","465.2000","459.1000","459.9000"," ","0.0000","0.0000","12944800","5976041810","461.6558"
"20190531","01","11","    83090","JP3892100003","3990.0000","4010.0000","3967.0000","4008.0000","4000.0000","4017.0000","3980.0000","3985.0000","3990.0000","4017.0000","3967.0000","3985.0000"," ","0.0000","0.0000","1231600","4916197800","3991.7163"
"20190531","01","11","    83160","JP3890350006","3802.0000","3817.0000","3780.0000","3801.0000","3799.0000","3806.0000","3780.0000","3783.0000","3802.0000","3817.0000","3780.0000","3783.0000"," ","0.0000","0.0000","5763200","21854416000","3792.0627"
"20190531","01","11","    83310","JP3511800009","523.0000","528.0000","519.0000","525.0000","524.0000","525.0000","520.0000","521.0000","523.0000","528.0000","519.0000","521.0000"," ","0.0000","0.0000","3151600","1646401900","522.4019"
"20190531","01","11","    83340","JP3276400003","388.0000","390.0000","384.0000","388.0000","388.0000","389.0000","383.0000","385.0000","388.0000","390.0000","383.0000","385.0000"," ","0.0000","0.0000","872500","336816900","386.0366"
"20190531","01","11","    83360","JP3912800004","2048.0000","2051.0000","2019.0000","2025.0000","2021.0000","2044.0000","2021.0000","2034.0000","2048.0000","2051.0000","2019.0000","2034.0000"," ","0.0000","0.0000","50600","102884800","2033.2964"
"20190531","01","11","    83370","JP3512200001","266.0000","266.0000","253.0000","261.0000","260.0000","261.0000","257.0000","260.0000","266.0000","266.0000","253.0000","260.0000"," ","0.0000","0.0000","1144600","297591900","259.9964"
"20190531","01","11","    83380","JP3231000005","178.0000","178.0000","171.0000","176.0000","175.0000","177.0000","173.0000","173.0000","178.0000","178.0000","171.0000","173.0000"," ","0.0000","0.0000","163700","28661500","175.0855"
"20190531","01","11","    83410","JP3352000008","1641.0000","1649.0000","1632.0000","1642.0000","1637.0000","1644.0000","1627.0000","1630.0000","1641.0000","1649.0000","1627.0000","1630.0000"," ","0.0000","0.0000","222900","364553400","1635.5020"
"20190531","01","11","    83420","JP3106000007","2837.0000","2837.0000","2795.0000","2808.0000","2825.0000","2825.0000","2789.0000","2797.0000","2837.0000","2837.0000","2789.0000","2797.0000"," ","0.0000","0.0000","10800","30289400","2804.5741"
"20190531","01","11","    83430","JP3107600003","2132.0000","2132.0000","2102.0000","2113.0000","2103.0000","2114.0000","2099.0000","2112.0000","2132.0000","2132.0000","2099.0000","2112.0000"," ","0.0000","0.0000","11800","24952900","2114.6525"
"20190531","01","11","    83440","JP3934800008","1639.0000","1639.0000","1613.0000","1618.0000","1617.0000","1630.0000","1615.0000","1625.0000","1639.0000","1639.0000","1613.0000","1625.0000"," ","0.0000","0.0000","20600","33447800","1623.6796"
"20190531","01","11","    83450","JP3152400002","2895.0000","2954.0000","2876.0000","2933.0000","2933.0000","2937.0000","2919.0000","2927.0000","2895.0000","2954.0000","2876.0000","2927.0000"," ","0.0000","0.0000","14400","41987700","2915.8125"
"20190531","01","11","    83460","JP3601000007","247.0000","250.0000","246.0000","248.0000","248.0000","249.0000","247.0000","249.0000","247.0000","250.0000","246.0000","249.0000"," ","0.0000","0.0000","212400","52704100","248.1361"
"20190531","01","11","    83490","JP3604200000","1047.0000","1075.0000","1047.0000","1075.0000","1068.0000","1070.0000","1059.0000","1070.0000","1047.0000","1075.0000","1047.0000","1070.0000"," ","0.0000","0.0000","8300","8848700","1066.1084"
"20190531","01","11","    83500","JP3888000001","1665.0000","1665.0000","1651.0000","1660.0000","1660.0000","1662.0000","1654.0000","1662.0000","1665.0000","1665.0000","1651.0000","1662.0000"," ","0.0000","0.0000","12600","20918900","1660.2302"
"20190531","01","11","    83540","JP3805010000","1882.0000","1900.0000","1871.0000","1884.0000","1880.0000","1883.0000","1860.0000","1861.0000","1882.0000","1900.0000","1860.0000","1861.0000"," ","0.0000","0.0000","1742400","3261869800","1872.0557"
"20190531","01","11","    83550","JP3351200005","873.0000","874.0000","861.0000","863.0000","863.0000","866.0000","856.0000","860.0000","873.0000","874.0000","856.0000","860.0000"," ","0.0000","0.0000","3166000","2733463100","863.3806"
"20190531","01","11","    83560","JP3392600007","2321.0000","2323.0000","2295.0000","2299.0000","2283.0000","2292.0000","2270.0000","2273.0000","2321.0000","2323.0000","2270.0000","2273.0000"," ","0.0000","0.0000","35300","80554800","2282.0057"
"20190531","01","11","    83580","JP3411000007","447.0000","448.0000","434.0000","436.0000","437.0000","439.0000","435.0000","436.0000","447.0000","448.0000","434.0000","436.0000"," ","0.0000","0.0000","5337900","2341168800","438.5936"
"20190531","01","11","    83590","JP3769000005","451.0000","453.0000","447.0000","452.0000","450.0000","455.0000","450.0000","453.0000","451.0000","455.0000","447.0000","453.0000"," ","0.0000","0.0000","1236000","558114000","451.5485"
"20190531","01","11","    83600","JP3942000005","1212.0000","1213.0000","1198.0000","1209.0000","1213.0000","1218.0000","1204.0000","1209.0000","1212.0000","1218.0000","1198.0000","1209.0000"," ","0.0000","0.0000","24800","29979200","1208.8387"
"20190531","01","11","    83610","JP3176000002","2428.0000","2430.0000","2392.0000","2407.0000","2407.0000","2420.0000","2401.0000","2406.0000","2428.0000","2430.0000","2392.0000","2406.0000"," ","0.0000","0.0000","65900","158911500","2411.4036"
"20190531","01","11","    83620","JP3803600000","1537.0000","1537.0000","1521.0000","1526.0000","1533.0000","1541.0000","1524.0000","1530.0000","1537.0000","1541.0000","1521.0000","1530.0000"," ","0.0000","0.0000","18200","27847000","1530.0549"
"20190531","01","11","    83630","JP3851400006","3005.0000","3025.0000","2999.0000","3020.0000","3000.0000","3010.0000","2998.0000","3010.0000","3005.0000","3025.0000","2998.0000","3010.0000"," ","0.0000","0.0000","36700","110288300","3005.1308"
"20190531","01","11","    83640","JP3358400004","1727.0000","1729.0000","1719.0000","1729.0000","1730.0000","1731.0000","1719.0000","1725.0000","1727.0000","1731.0000","1719.0000","1725.0000"," ","0.0000","0.0000","6800","11729700","1724.9559"
"20190531","01","11","    83650","JP3632000000","2513.0000","2513.0000","2513.0000","2513.0000","2516.0000","2516.0000","2482.0000","2482.0000","2513.0000","2516.0000","2482.0000","2482.0000"," ","0.0000","0.0000","6000","15049800","2508.3000"
"20190531","01","11","    83660","JP3347600003","2582.0000","2587.0000","2566.0000","2572.0000","2570.0000","2582.0000","2565.0000","2569.0000","2582.0000","2587.0000","2565.0000","2569.0000"," ","0.0000","0.0000","81800","210582200","2574.3545"
"20190531","01","11","    83670","JP3653400006","2168.0000","2176.0000","2145.0000","2164.0000","2174.0000","2185.0000","2166.0000","2175.0000","2168.0000","2185.0000","2145.0000","2175.0000"," ","0.0000","0.0000","47900","103932200","2169.7745"
"20190531","01","11","    83680","JP3793800008","325.0000","326.0000","321.0000","324.0000","325.0000","326.0000","323.0000","324.0000","325.0000","326.0000","321.0000","324.0000"," ","0.0000","0.0000","211300","68456400","323.9773"
"20190531","01","11","    83690","JP3251200006","4260.0000","4305.0000","4255.0000","4295.0000","4285.0000","4300.0000","4240.0000","4250.0000","4260.0000","4305.0000","4240.0000","4250.0000"," ","0.0000","0.0000","205200","875669000","4267.3928"
"20190531","01","11","    83700","JP3248000006","1476.0000","1493.0000","1473.0000","1488.0000","1481.0000","1486.0000","1467.0000","1472.0000","1476.0000","1493.0000","1467.0000","1472.0000"," ","0.0000","0.0000","109400","161594700","1477.0996"
"20190531","01","11","    83770","JP3842400008","1177.0000","1181.0000","1169.0000","1172.0000","1166.0000","1174.0000","1166.0000","1166.0000","1177.0000","1181.0000","1166.0000","1166.0000"," ","0.0000","0.0000","249100","291367100","1169.6792"
"20190531","01","11","    83790","JP3797000001","564.0000","564.0000","556.0000","561.0000","558.0000","562.0000","556.0000","557.0000","564.0000","564.0000","556.0000","557.0000"," ","0.0000","0.0000","569400","318250300","558.9222"
"20190531","01","11","    83810","JP3324000003","712.0000","712.0000","703.0000","703.0000","700.0000","704.0000","696.0000","698.0000","712.0000","712.0000","696.0000","698.0000"," ","0.0000","0.0000","327900","230036100","701.5435"
"20190531","01","11","    83820","JP3521000004","1024.0000","1028.0000","1015.0000","1024.0000","1023.0000","1027.0000","1019.0000","1022.0000","1024.0000","1028.0000","1015.0000","1022.0000"," ","0.0000","0.0000","298700","305218500","1021.8229"
"20190531","01","11","    83830","JP3628600003","1359.0000","1371.0000","1359.0000","1367.0000","1361.0000","1361.0000","1342.0000","1350.0000","1359.0000","1371.0000","1342.0000","1350.0000"," ","0.0000","0.0000","4800","6507400","1355.7083"
"20190531","01","11","    83850","JP3149600003","565.0000","565.0000","561.0000","561.0000","562.0000","563.0000","557.0000","559.0000","565.0000","565.0000","557.0000","559.0000"," ","0.0000","0.0000","535600","300328800","560.7334"
"20190531","01","11","    83860","JP3794200000","2223.0000","2223.0000","2202.0000","2207.0000","2210.0000","2221.0000","2202.0000","2212.0000","2223.0000","2223.0000","2202.0000","2212.0000"," ","0.0000","0.0000","17900","39580200","2211.1844"
"20190531","01","11","    83870","JP3350000000","941.0000","946.0000","930.0000","941.0000","940.0000","960.0000","940.0000","958.0000","941.0000","960.0000","930.0000","958.0000"," ","0.0000","0.0000","43600","41293800","947.1055"
"20190531","01","11","    83880","JP3126800006","2707.0000","2707.0000","2666.0000","2675.0000","2669.0000","2681.0000","2655.0000","2660.0000","2707.0000","2707.0000","2655.0000","2660.0000"," ","0.0000","0.0000","81200","217186700","2674.7131"
"20190531","01","11","    83920","JP3175200009","3180.0000","3180.0000","3140.0000","3140.0000","3140.0000","3160.0000","3135.0000","3160.0000","3180.0000","3180.0000","3135.0000","3160.0000"," ","0.0000","0.0000","9700","30596500","3154.2784"
"20190531","01","11","    83930","JP3908000007","2593.0000","2594.0000","2569.0000","2577.0000","2577.0000","2596.0000","2576.0000","2589.0000","2593.0000","2596.0000","2569.0000","2589.0000"," ","0.0000","0.0000","13500","34917300","2586.4667"
"20190531","01","11","    83950","JP3315200000","1610.0000","1610.0000","1578.0000","1583.0000","1589.0000","1592.0000","1575.0000","1581.0000","1610.0000","1610.0000","1575.0000","1581.0000"," ","0.0000","0.0000","22900","36456700","1591.9956"
"20190531","01","11","    83970","JP3194600007","3415.0000","3445.0000","3415.0000","3435.0000","3440.0000","3460.0000","3425.0000","3440.0000","3415.0000","3460.0000","3415.0000","3440.0000"," ","0.0000","0.0000","20100","69081000","3436.8657"
"20190531","01","11","    83990","JP3975000005","1164.0000","1164.0000","1152.0000","1154.0000","1154.0000","1162.0000","1150.0000","1152.0000","1164.0000","1164.0000","1150.0000","1152.0000"," ","0.0000","0.0000","57600","66532100","1155.0712"
"20190531","01","11","    84100","JP3105220002","283.0000","283.0000","279.0000","282.0000","281.0000","282.0000","278.0000","278.0000","283.0000","283.0000","278.0000","278.0000"," ","0.0000","0.0000","4911800","1376160300","280.1743"
"20190531","01","11","    84110","JP3885780001","155.0000","155.3000","153.8000","154.0000","154.0000","154.4000","153.5000","153.7000","155.0000","155.3000","153.5000","153.7000"," ","0.0000","0.0000","125444200","19347291700","154.2303"
"20190531","01","11","    84160","JP3288960002","712.0000","731.0000","712.0000","725.0000","725.0000","730.0000","721.0000","725.0000","712.0000","731.0000","712.0000","725.0000"," ","0.0000","0.0000","9200","6653100","723.1630"
"20190531","01","11","    84180","JP3935300008","820.0000","823.0000","812.0000","813.0000","813.0000","814.0000","805.0000","805.0000","820.0000","823.0000","805.0000","805.0000"," ","0.0000","0.0000","985100","799293100","811.3827"
"20190531","01","11","    84210","JP3429200003","236700.0000","237600.0000","236700.0000","237100.0000","237100.0000","237500.0000","237100.0000","237300.0000","236700.0000","237600.0000","236700.0000","237300.0000"," ","0.0000","0.0000","55","13049600","237265.4545"
"20190531","01","11","    84240","JP3826270005","5320.0000","5320.0000","5260.0000","5310.0000","5290.0000","5320.0000","5270.0000","5290.0000","5320.0000","5320.0000","5260.0000","5290.0000"," ","0.0000","0.0000","27300","144372000","5288.3516"
"20190531","01","11","    84250","JP3286500008","2517.0000","2535.0000","2515.0000","2528.0000","2520.0000","2535.0000","2511.0000","2518.0000","2517.0000","2535.0000","2511.0000","2518.0000"," ","0.0000","0.0000","54900","138394800","2520.8525"
"20190531","01","11","    84390","JP3424950008","4415.0000","4435.0000","4395.0000","4415.0000","4425.0000","4435.0000","4395.0000","4400.0000","4415.0000","4435.0000","4395.0000","4400.0000"," ","0.0000","0.0000","157000","693084500","4414.5510"
"20190531","01","11","    84730","JP3436120004","2560.0000","2571.0000","2543.0000","2563.0000","2563.0000","2568.0000","2507.0000","2511.0000","2560.0000","2571.0000","2507.0000","2511.0000"," ","0.0000","0.0000","1357900","3441503500","2534.4307"
"20190531","01","11","    85110","JP3714400003","564.0000","564.0000","557.0000","557.0000","557.0000","559.0000","556.0000","556.0000","564.0000","564.0000","556.0000","556.0000"," ","0.0000","0.0000","194200","108370100","558.0335"
"20190531","01","11","    85150","JP3105040004","208.0000","211.0000","208.0000","211.0000","210.0000","211.0000","208.0000","210.0000","208.0000","211.0000","208.0000","210.0000"," ","0.0000","0.0000","3452700","723971900","209.6828"
"20190531","01","11","    85180","JP3686150008","177.0000","178.0000","174.0000","177.0000","178.0000","179.0000","177.0000","179.0000","177.0000","179.0000","174.0000","179.0000"," ","0.0000","0.0000","61800","10926000","176.7961"
"20190531","01","11","    85210","JP3648300006","1666.0000","1666.0000","1659.0000","1662.0000","1666.0000","1669.0000","1652.0000","1659.0000","1666.0000","1669.0000","1652.0000","1659.0000"," ","0.0000","0.0000","5100","8476000","1661.9608"
"20190531","01","11","    85220","JP3648800005","3525.0000","3525.0000","3485.0000","3515.0000","3515.0000","3525.0000","3505.0000","3525.0000","3525.0000","3525.0000","3485.0000","3525.0000"," ","0.0000","0.0000","14200","49971000","3519.0845"
"20190531","01","11","    85240","JP3843400007","256.0000","257.0000","253.0000","256.0000","255.0000","256.0000","253.0000","254.0000","256.0000","257.0000","253.0000","254.0000"," ","0.0000","0.0000","1139500","290258200","254.7242"
"20190531","01","11","    85270","JP3103000000","3690.0000","3690.0000","3620.0000","3620.0000","3615.0000","3635.0000","3585.0000","3590.0000","3690.0000","3690.0000","3585.0000","3590.0000"," ","0.0000","0.0000","14400","52062500","3615.4514"
"20190531","01","11","    85300","JP3520000005","2209.0000","2209.0000","2202.0000","2207.0000","2206.0000","2215.0000","2205.0000","2213.0000","2209.0000","2215.0000","2202.0000","2213.0000"," ","0.0000","0.0000","9500","20989600","2209.4316"
"20190531","01","11","    85370","JP3441600008","1617.0000","1617.0000","1583.0000","1597.0000","1597.0000","1597.0000","1568.0000","1575.0000","1617.0000","1617.0000","1568.0000","1575.0000"," ","0.0000","0.0000","5200","8251800","1586.8846"
"20190531","01","11","    85410","JP3166400006","1076.0000","1083.0000","1072.0000","1077.0000","1080.0000","1088.0000","1075.0000","1088.0000","1076.0000","1088.0000","1072.0000","1088.0000"," ","0.0000","0.0000","32700","35362300","1081.4159"
"20190531","01","11","    85420","JP3630500001","1010.0000","1016.0000","1010.0000","1016.0000","1016.0000","1016.0000","1010.0000","1012.0000","1010.0000","1016.0000","1010.0000","1012.0000"," ","0.0000","0.0000","5400","5468600","1012.7037"
"20190531","01","11","    85440","JP3281600001","624.0000","628.0000","620.0000","627.0000","627.0000","630.0000","625.0000","625.0000","624.0000","630.0000","620.0000","625.0000"," ","0.0000","0.0000","158700","99311000","625.7782"
"20190531","01","11","    85500","JP3627800000","179.0000","180.0000","178.0000","179.0000","179.0000","180.0000","178.0000","179.0000","179.0000","180.0000","178.0000","179.0000"," ","0.0000","0.0000","301100","53872600","178.9193"
"20190531","01","11","    85510","JP3238200004","1656.0000","1672.0000","1653.0000","1658.0000","1658.0000","1669.0000","1648.0000","1656.0000","1656.0000","1672.0000","1648.0000","1656.0000"," ","0.0000","0.0000","9300","15401400","1656.0645"
"20190531","01","11","    85580","JP3622400004","731.0000","731.0000","723.0000","727.0000","730.0000","730.0000","723.0000","726.0000","731.0000","731.0000","723.0000","726.0000"," ","0.0000","0.0000","23800","17282500","726.1555"
"20190531","01","11","    85620","JP3805100009","274.0000","275.0000","272.0000","274.0000","274.0000","274.0000","267.0000","271.0000","274.0000","275.0000","267.0000","271.0000"," ","0.0000","0.0000","41400","11189800","270.2850"
"20190531","01","11","    85630","JP3486700002","573.0000","574.0000","572.0000","573.0000","572.0000","575.0000","572.0000","574.0000","573.0000","575.0000","572.0000","574.0000"," ","0.0000","0.0000","16900","9683200","572.9704"
"20190531","01","11","    85660","JP3974100004","3355.0000","3355.0000","3335.0000","3355.0000","3355.0000","3355.0000","3335.0000","3345.0000","3355.0000","3355.0000","3335.0000","3345.0000"," ","0.0000","0.0000","12300","41156000","3346.0163"
"20190531","01","11","    85700","JP3131400008","1713.0000","1723.0000","1704.0000","1719.0000","1730.0000","1752.0000","1724.0000","1737.0000","1713.0000","1752.0000","1704.0000","1737.0000"," ","0.0000","0.0000","1014600","1760221300","1734.8919"
"20190531","01","11","    85720","JP3108600002","365.0000","366.0000","362.0000","362.0000","363.0000","365.0000","362.0000","364.0000","365.0000","366.0000","362.0000","364.0000"," ","0.0000","0.0000","1280700","465653900","363.5933"
"20190531","01","11","    85840","JP3388600003","1893.0000","1907.0000","1888.0000","1900.0000","1895.0000","1903.0000","1890.0000","1897.0000","1893.0000","1907.0000","1888.0000","1897.0000"," ","0.0000","0.0000","88300","167501400","1896.9581"
"20190531","01","11","    85850","JP3199000005","113.0000","114.0000","113.0000","113.0000","114.0000","114.0000","111.0000","112.0000","113.0000","114.0000","111.0000","112.0000"," ","0.0000","0.0000","3023700","340564700","112.6318"
"20190531","01","11","    85860","JP3786600001","2298.0000","2314.0000","2296.0000","2314.0000","2301.0000","2319.0000","2298.0000","2299.0000","2298.0000","2319.0000","2296.0000","2299.0000"," ","0.0000","0.0000","173700","400158200","2303.7317"
"20190531","01","11","    85890","JP3122550001","73.0000","74.0000","73.0000","74.0000","74.0000","74.0000","73.0000","73.0000","73.0000","74.0000","73.0000","73.0000"," ","0.0000","0.0000","256900","18794800","73.1600"
"20190531","01","11","    85910","JP3200450009","1542.0000","1547.5000","1535.0000","1543.5000","1543.5000","1549.0000","1535.0000","1535.0000","1542.0000","1549.0000","1535.0000","1535.0000"," ","0.0000","0.0000","3704300","5704545550","1539.9794"
"20190531","01","11","    85930","JP3499800005","539.0000","544.0000","538.0000","543.0000","545.0000","548.0000","542.0000","542.0000","539.0000","548.0000","538.0000","542.0000"," ","0.0000","0.0000","1813400","984162900","542.7169"
"20190531","01","11","    85950","JP3389900006","3900.0000","3910.0000","3860.0000","3890.0000","3900.0000","3900.0000","3870.0000","3880.0000","3900.0000","3910.0000","3860.0000","3880.0000"," ","0.0000","0.0000","125700","488379000","3885.2745"
"20190531","01","11","    85960","JP3247000007","631.0000","635.0000","631.0000","634.0000","634.0000","635.0000","631.0000","632.0000","631.0000","635.0000","631.0000","632.0000"," ","0.0000","0.0000","3500","2213400","632.4000"
"20190531","01","11","    86000","JP3631700006","342.0000","344.0000","338.0000","338.0000","339.0000","346.0000","339.0000","344.0000","342.0000","346.0000","338.0000","344.0000"," ","0.0000","0.0000","446800","152809000","342.0076"
"20190531","01","11","    86010","JP3502200003","477.1000","479.0000","473.0000","477.4000","477.8000","478.6000","474.0000","474.4000","477.1000","479.0000","473.0000","474.4000"," ","0.0000","0.0000","4443600","2113396780","475.6046"
"20190531","01","11","    86040","JP3762600009","348.6000","349.4000","343.6000","347.2000","347.0000","347.2000","342.2000","342.3000","348.6000","349.4000","342.2000","342.3000"," ","0.0000","0.0000","16046600","5536480710","345.0252"
"20190531","01","11","    86090","JP3190800007","389.0000","391.0000","384.0000","389.0000","388.0000","389.0000","385.0000","387.0000","389.0000","391.0000","384.0000","387.0000"," ","0.0000","0.0000","438200","169537400","386.8950"
"20190531","01","11","    86130","JP3874800000","572.0000","573.0000","564.0000","569.0000","569.0000","570.0000","563.0000","564.0000","572.0000","573.0000","563.0000","564.0000"," ","0.0000","0.0000","225900","128130400","567.1996"
"20190531","01","11","    86140","JP3611800008","123.0000","123.0000","121.0000","121.0000","122.0000","122.0000","121.0000","121.0000","123.0000","123.0000","121.0000","121.0000"," ","0.0000","0.0000","169500","20658300","121.8779"
"20190531","01","11","    86160","JP3577600004","338.0000","339.0000","331.0000","337.0000","337.0000","340.0000","334.0000","334.0000","338.0000","340.0000","331.0000","334.0000"," ","0.0000","0.0000","1748400","587109200","335.7980"
"20190531","01","11","    86170","JP3288800000","658.0000","660.0000","652.0000","660.0000","655.0000","655.0000","653.0000","655.0000","658.0000","660.0000","652.0000","655.0000"," ","0.0000","0.0000","6600","4323600","655.0909"
"20190531","01","11","    86220","JP3905400002","203.0000","204.0000","200.0000","204.0000","204.0000","207.0000","203.0000","203.0000","203.0000","207.0000","200.0000","203.0000"," ","0.0000","0.0000","154100","31316900","203.2245"
"20190531","01","11","    86240","JP3142300007","782.0000","787.0000","780.0000","781.0000","783.0000","786.0000","777.0000","777.0000","782.0000","787.0000","777.0000","777.0000"," ","0.0000","0.0000","122600","95888700","782.1264"
"20190531","01","11","    86280","JP3863800003","1032.0000","1036.0000","1027.0000","1029.0000","1029.0000","1031.0000","1020.0000","1022.0000","1032.0000","1036.0000","1020.0000","1022.0000"," ","0.0000","0.0000","702700","721295700","1026.4632"
"20190531","01","11","    86300","JP3165000005","4161.0000","4178.0000","4112.0000","4162.0000","4158.0000","4161.0000","4103.0000","4112.0000","4161.0000","4178.0000","4103.0000","4112.0000"," ","0.0000","0.0000","1573200","6505913900","4135.4652"
"20190531","01","11","    86920","JP3482800004","413.0000","417.0000","413.0000","414.0000","414.0000","419.0000","413.0000","413.0000","413.0000","419.0000","413.0000","413.0000"," ","0.0000","0.0000","8900","3685000","414.0449"
"20190531","01","11","    86970","JP3183200009","1693.0000","1698.0000","1685.0000","1696.0000","1695.0000","1695.0000","1680.0000","1684.0000","1693.0000","1698.0000","1680.0000","1684.0000"," ","0.0000","0.0000","990600","1671838800","1687.7032"
"20190531","01","11","    86980","JP3869970008","339.0000","339.0000","329.0000","335.0000","335.0000","337.0000","332.0000","332.0000","339.0000","339.0000","329.0000","332.0000"," ","0.0000","0.0000","4805300","1604748600","333.9539"
"20190531","01","11","    87030","JP3218850000","558.0000","559.0000","557.0000","558.0000","558.0000","559.0000","558.0000","558.0000","558.0000","559.0000","557.0000","558.0000"," ","0.0000","0.0000","895600","499847400","558.1146"
"20190531","01","11","    87060","JP3256970009","936.0000","936.0000","916.0000","918.0000","916.0000","922.0000","913.0000","915.0000","936.0000","936.0000","913.0000","915.0000"," ","0.0000","0.0000","75800","69681800","919.2850"
"20190531","01","11","    87070","JP3149950002","1151.0000","1151.0000","1130.0000","1147.0000","1147.0000","1149.0000","1132.0000","1132.0000","1151.0000","1151.0000","1130.0000","1132.0000"," ","0.0000","0.0000","72600","82668300","1138.6818"
"20190531","01","11","    87080","JP3101850000","693.0000","695.0000","688.0000","692.0000","692.0000","697.0000","691.0000","691.0000","693.0000","697.0000","688.0000","691.0000"," ","0.0000","0.0000","76300","52837900","692.5020"
"20190531","01","11","    87130","JP3802940001","118.0000","119.0000","118.0000","118.0000","118.0000","118.0000","117.0000","117.0000","118.0000","119.0000","117.0000","117.0000"," ","0.0000","0.0000","349000","41024400","117.5484"
"20190531","01","11","    87140","JP3132600002","214.0000","215.0000","212.0000","213.0000","213.0000","214.0000","211.0000","213.0000","214.0000","215.0000","211.0000","213.0000"," ","0.0000","0.0000","530600","112977300","212.9237"
"20190531","01","11","    87150","JP3122440005","3495.0000","3550.0000","3490.0000","3530.0000","3540.0000","3545.0000","3515.0000","3535.0000","3495.0000","3550.0000","3490.0000","3535.0000"," ","0.0000","0.0000","101200","357014000","3527.8063"
"20190531","01","11","    87250","JP3890310000","3457.0000","3485.0000","3444.0000","3471.0000","3469.0000","3475.0000","3446.0000","3446.0000","3457.0000","3485.0000","3444.0000","3446.0000"," ","0.0000","0.0000","1745100","6036518200","3459.1245"
"20190531","01","11","    87290","JP3435350008","2400.0000","2423.0000","2383.0000","2420.0000","2416.0000","2431.0000","2408.0000","2408.0000","2400.0000","2431.0000","2383.0000","2408.0000"," ","0.0000","0.0000","1517600","3660802900","2412.2317"
"20190531","01","11","    87320","JP3869930002","288.0000","291.0000","286.0000","291.0000","289.0000","290.0000","288.0000","288.0000","288.0000","291.0000","286.0000","288.0000"," ","0.0000","0.0000","80100","23096800","288.3496"
"20190531","01","11","    87390","JP3399900004","243.0000","243.0000","236.0000","237.0000","237.0000","238.0000","235.0000","236.0000","243.0000","243.0000","235.0000","236.0000"," ","0.0000","0.0000","450200","107208600","238.1355"
"20190531","01","11","    87420","JP3301300004","248.0000","248.0000","247.0000","247.0000","245.0000","247.0000","245.0000","245.0000","248.0000","248.0000","245.0000","245.0000"," ","0.0000","0.0000","3000","738900","246.3000"
"20190531","01","11","    87500","JP3476480003","1597.0000","1598.0000","1576.0000","1590.5000","1588.5000","1590.0000","1573.5000","1574.0000","1597.0000","1598.0000","1573.5000","1574.0000"," ","0.0000","0.0000","6174300","9770957950","1582.5208"
"20190531","01","11","    87660","JP3910660004","5534.0000","5550.0000","5492.0000","5498.0000","5497.0000","5498.0000","5401.0000","5401.0000","5534.0000","5550.0000","5401.0000","5401.0000"," ","0.0000","0.0000","2656400","14503378900","5459.7873"
"20190531","01","11","    87690","JP3122410008","709.0000","714.0000","701.0000","710.0000","706.0000","708.0000","699.0000","699.0000","709.0000","714.0000","699.0000","699.0000"," ","0.0000","0.0000","31100","21872700","703.3023"
"20190531","01","11","    87710","JP3130300001","1324.0000","1370.0000","1322.0000","1354.0000","1353.0000","1378.0000","1332.0000","1344.0000","1324.0000","1378.0000","1322.0000","1344.0000"," ","0.0000","0.0000","177900","239921000","1348.6284"
"20190531","01","11","    87720","JP3109900005","551.0000","551.0000","548.0000","549.0000","550.0000","551.0000","549.0000","549.0000","551.0000","551.0000","548.0000","549.0000"," ","0.0000","0.0000","17100","9402000","549.8246"
"20190531","01","11","    87930","JP3164740007","1750.0000","1751.0000","1737.0000","1746.0000","1748.0000","1748.0000","1737.0000","1738.0000","1750.0000","1751.0000","1737.0000","1738.0000"," ","0.0000","0.0000","22400","39031100","1742.4598"
"20190531","01","11","    87950","JP3539220008","1142.5000","1150.5000","1129.5000","1145.0000","1143.0000","1145.5000","1133.5000","1135.5000","1142.5000","1150.5000","1129.5000","1135.5000"," ","0.0000","0.0000","5067000","5776544600","1140.0325"
"20190531","01","11","    87980","JP3122100005","1725.0000","1731.0000","1725.0000","1731.0000","1727.0000","1727.0000","1716.0000","1716.0000","1725.0000","1731.0000","1716.0000","1716.0000"," ","0.0000","0.0000","1300","2236100","1720.0769"
"20190531","01","11","    88010","JP3893200000","2630.0000","2658.5000","2611.5000","2658.5000","2658.5000","2662.0000","2631.5000","2631.5000","2630.0000","2662.0000","2611.5000","2631.5000"," ","0.0000","0.0000","3873800","10223681500","2639.1867"
"20190531","01","11","    88020","JP3899600005","2011.5000","2046.0000","2001.5000","2029.5000","2030.0000","2032.0000","1997.0000","1997.0000","2011.5000","2046.0000","1997.0000","1997.0000"," ","0.0000","0.0000","6130300","12340679200","2013.0629"
"20190531","01","11","    88030","JP3834800009","2102.0000","2123.0000","2095.0000","2121.0000","2118.0000","2120.0000","2102.0000","2102.0000","2102.0000","2123.0000","2095.0000","2102.0000"," ","0.0000","0.0000","98900","208635400","2109.5592"
"20190531","01","11","    88040","JP3582600007","1144.0000","1150.0000","1129.0000","1149.0000","1150.0000","1159.0000","1131.0000","1133.0000","1144.0000","1159.0000","1129.0000","1133.0000"," ","0.0000","0.0000","1886100","2152241100","1141.1066"
"20190531","01","11","    88060","JP3497200000","949.0000","953.0000","939.0000","950.0000","944.0000","948.0000","941.0000","945.0000","949.0000","953.0000","939.0000","945.0000"," ","0.0000","0.0000","95300","90056800","944.9822"
"20190531","01","11","    88180","JP3279000008","999.0000","1000.0000","990.0000","996.0000","992.0000","994.0000","988.0000","994.0000","999.0000","1000.0000","988.0000","994.0000"," ","0.0000","0.0000","115400","114643900","993.4480"
"20190531","01","11","    88300","JP3409000001","4005.0000","4076.0000","3980.0000","4058.0000","4064.0000","4064.0000","3998.0000","4007.0000","4005.0000","4076.0000","3980.0000","4007.0000"," ","0.0000","0.0000","1867800","7522651100","4027.5464"
"20190531","01","11","    88350","JP3448800007","695.0000","699.0000","692.0000","693.0000","689.0000","695.0000","689.0000","690.0000","695.0000","699.0000","689.0000","690.0000"," ","0.0000","0.0000","7500","5199300","693.2400"
"20190531","01","11","    88410","JP3538400007","623.0000","627.0000","620.0000","620.0000","619.0000","624.0000","610.0000","610.0000","623.0000","627.0000","610.0000","610.0000"," ","0.0000","0.0000","108200","66766500","617.0656"
"20190531","01","11","    88420","JP3589800006","5060.0000","5080.0000","5030.0000","5030.0000","5050.0000","5060.0000","5050.0000","5050.0000","5060.0000","5080.0000","5030.0000","5050.0000"," ","0.0000","0.0000","1900","9605000","5055.2632"
"20190531","01","11","    88480","JP3167500002","302.0000","316.0000","287.0000","311.0000","310.0000","325.0000","309.0000","319.0000","302.0000","325.0000","287.0000","319.0000"," ","0.0000","0.0000","25135500","7772310400","309.2165"
"20190531","01","11","    88500","JP3399200009","2544.0000","2578.0000","2544.0000","2573.0000","2570.0000","2580.0000","2550.0000","2555.0000","2544.0000","2580.0000","2544.0000","2555.0000"," ","0.0000","0.0000","95500","244685300","2562.1497"
"20190531","01","11","    88600","JP3815000009","757.0000","757.0000","747.0000","749.0000","755.0000","757.0000","751.0000","757.0000","757.0000","757.0000","747.0000","757.0000"," ","0.0000","0.0000","40500","30487100","752.7679"
"20190531","01","11","    88640","JP3266050008","516.0000","516.0000","510.0000","515.0000","515.0000","515.0000","510.0000","511.0000","516.0000","516.0000","510.0000","511.0000"," ","0.0000","0.0000","24500","12553700","512.3959"
"20190531","01","11","    88690","JP3920850009","525.0000","525.0000","518.0000","520.0000","518.0000","520.0000","516.0000","518.0000","525.0000","525.0000","516.0000","518.0000"," ","0.0000","0.0000","27400","14230500","519.3613"
"20190531","01","11","    88710","JP3306800008","1718.0000","1737.0000","1695.0000","1710.0000","1723.0000","1779.0000","1718.0000","1763.0000","1718.0000","1779.0000","1695.0000","1763.0000"," ","0.0000","0.0000","152500","266338200","1746.4800"
"20190531","01","11","    88760","JP3755200007","2913.0000","2944.0000","2903.0000","2939.0000","2934.0000","2937.0000","2910.0000","2910.0000","2913.0000","2944.0000","2903.0000","2910.0000"," ","0.0000","0.0000","334600","978174000","2923.4130"
"20190531","01","11","    88770","JP3688350002","1511.0000","1522.0000","1510.0000","1517.0000","1517.0000","1521.0000","1514.0000","1518.0000","1511.0000","1522.0000","1510.0000","1518.0000"," ","0.0000","0.0000","9500","14410000","1516.8421"
"20190531","01","11","    88810","JP3677900007","435.0000","435.0000","429.0000","430.0000","432.0000","436.0000","427.0000","432.0000","435.0000","436.0000","427.0000","432.0000"," ","0.0000","0.0000","52600","22743600","432.3878"
"20190531","01","11","    88920","JP3688330004","683.0000","684.0000","666.0000","676.0000","679.0000","685.0000","677.0000","682.0000","683.0000","685.0000","666.0000","682.0000"," ","0.0000","0.0000","505700","342145500","676.5780"
"20190531","01","11","    88970","JP3460800000","370.0000","371.0000","367.0000","368.0000","367.0000","370.0000","367.0000","369.0000","370.0000","371.0000","367.0000","369.0000"," ","0.0000","0.0000","328100","120890600","368.4566"
"20190531","01","11","    89040","JP3337500007","881.0000","881.0000","870.0000","870.0000","870.0000","870.0000","867.0000","869.0000","881.0000","881.0000","867.0000","869.0000"," ","0.0000","0.0000","15900","13862500","871.8553"
"20190531","01","11","    89050","JP3131430005","1600.0000","1609.0000","1586.0000","1604.0000","1606.0000","1612.0000","1595.0000","1595.0000","1600.0000","1612.0000","1586.0000","1595.0000"," ","0.0000","0.0000","546800","874255000","1598.8570"
"20190531","01","11","    89080","JP3860280001","740.0000","740.0000","724.0000","724.0000","724.0000","726.0000","717.0000","718.0000","740.0000","740.0000","717.0000","718.0000"," ","0.0000","0.0000","15200","11028900","725.5855"
"20190531","01","11","    89170","JP3802230007","1118.0000","1118.0000","1103.0000","1104.0000","1105.0000","1105.0000","1100.0000","1103.0000","1118.0000","1118.0000","1100.0000","1103.0000"," ","0.0000","0.0000","14900","16462300","1104.8523"
"20190531","01","11","    89180","JP3968800007","7.0000","8.0000","7.0000","8.0000","7.0000","8.0000","7.0000","8.0000","7.0000","8.0000","7.0000","8.0000"," ","0.0000","0.0000","7152300","51079100","7.1416"
"20190531","01","11","    89190","JP3932950003","3945.0000","3980.0000","3930.0000","3955.0000","3965.0000","3965.0000","3890.0000","3905.0000","3945.0000","3980.0000","3890.0000","3905.0000"," ","0.0000","0.0000","164400","645382500","3925.6843"
"20190531","01","11","    89200","JP3594400008","2986.0000","2986.0000","2931.0000","2968.0000","2968.0000","3005.0000","2951.0000","2955.0000","2986.0000","3005.0000","2931.0000","2955.0000"," ","0.0000","0.0000","54300","161061200","2966.1363"
"20190531","01","11","    89230","JP3595070008","901.0000","906.0000","889.0000","893.0000","895.0000","899.0000","888.0000","890.0000","901.0000","906.0000","888.0000","890.0000"," ","0.0000","0.0000","223900","200172200","894.0250"
"20190531","01","11","    89280","JP3122430006","2994.0000","2994.0000","2980.0000","2984.0000","2984.0000","2984.0000","2973.0000","2973.0000","2994.0000","2994.0000","2973.0000","2973.0000"," ","0.0000","0.0000","5700","16999400","2982.3509"
"20190531","01","11","    89340","JP3336950005","1020.0000","1031.0000","1019.0000","1019.0000","1017.0000","1018.0000","1004.0000","1004.0000","1020.0000","1031.0000","1004.0000","1004.0000"," ","0.0000","0.0000","206700","209327200","1012.7102"
"20190531","01","11","    89350","JP3166930002","968.0000","968.0000","955.0000","958.0000","957.0000","968.0000","956.0000","959.0000","968.0000","968.0000","955.0000","959.0000"," ","0.0000","0.0000","81700","78524500","961.1322"
"20190531","01","11","    89400","JP3153150002","671.0000","674.0000","661.0000","662.0000","663.0000","663.0000","652.0000","654.0000","671.0000","674.0000","652.0000","654.0000"," ","0.0000","0.0000","53000","35077900","661.8472"
"20190531","01","11","    89440","JP3968850002","0.0000","0.0000","0.0000","0.0000","770.0000","773.0000","770.0000","773.0000","770.0000","773.0000","770.0000","773.0000"," ","0.0000","0.0000","3400","2626300","772.4412"
"20190531","01","11","    89510","JP3027670003","753000.0000","757000.0000","748000.0000","750000.0000","749000.0000","752000.0000","742000.0000","742000.0000","753000.0000","757000.0000","742000.0000","742000.0000"," ","0.0000","0.0000","7586","5669490000","747362.2462"
"20190531","01","11","    89520","JP3027680002","648000.0000","653000.0000","643000.0000","649000.0000","649000.0000","650000.0000","645000.0000","645000.0000","648000.0000","653000.0000","643000.0000","645000.0000"," ","0.0000","0.0000","8593","5558065000","646813.1037"
"20190531","01","11","    89530","JP3039710003","219200.0000","220500.0000","218500.0000","219500.0000","218700.0000","219800.0000","218200.0000","218600.0000","219200.0000","220500.0000","218200.0000","218600.0000"," ","0.0000","0.0000","9232","2021774700","218996.3930"
"20190531","01","11","    89540","JP3040880001","195100.0000","196200.0000","195100.0000","195700.0000","195200.0000","196000.0000","194600.0000","194600.0000","195100.0000","196200.0000","194600.0000","194600.0000"," ","0.0000","0.0000","7637","1491321500","195275.8282"
"20190531","01","11","    89550","JP3040890000","465000.0000","467500.0000","464500.0000","466000.0000","465500.0000","467000.0000","463000.0000","464000.0000","465000.0000","467500.0000","463000.0000","464000.0000"," ","0.0000","0.0000","3332","1548791500","464823.3794"
"20190531","01","11","    89560","JP3041770003","140400.0000","141400.0000","140400.0000","140800.0000","140600.0000","140900.0000","138500.0000","138500.0000","140400.0000","141400.0000","138500.0000","138500.0000"," ","0.0000","0.0000","5666","791260000","139650.5471"
"20190531","01","11","    89570","JP3044510000","180900.0000","181900.0000","180400.0000","180400.0000","180000.0000","180700.0000","176900.0000","177100.0000","180900.0000","181900.0000","176900.0000","177100.0000"," ","0.0000","0.0000","6414","1146361800","178728.0636"
"20190531","01","11","    89580","JP3044520009","131900.0000","132300.0000","131100.0000","132000.0000","131400.0000","132300.0000","130600.0000","130800.0000","131900.0000","132300.0000","130600.0000","130800.0000"," ","0.0000","0.0000","3737","491420500","131501.3380"
"20190531","01","11","    89600","JP3045540006","180600.0000","181200.0000","179900.0000","180300.0000","179800.0000","180400.0000","178800.0000","179000.0000","180600.0000","181200.0000","178800.0000","179000.0000"," ","0.0000","0.0000","11532","2072794800","179742.8720"
"20190531","01","11","    89610","JP3046170001","175500.0000","176500.0000","174500.0000","174700.0000","174500.0000","174700.0000","171400.0000","172500.0000","175500.0000","176500.0000","171400.0000","172500.0000"," ","0.0000","0.0000","6396","1112473700","173932.7236"
"20190531","01","11","    89630","JP3046190009","58000.0000","58400.0000","57500.0000","58000.0000","57900.0000","58200.0000","57800.0000","57800.0000","58000.0000","58400.0000","57500.0000","57800.0000"," ","0.0000","0.0000","26295","1523258100","57929.5722"
"20190531","01","11","    89640","JP3046200006","460000.0000","461500.0000","458500.0000","459500.0000","459500.0000","461500.0000","458500.0000","458500.0000","460000.0000","461500.0000","458500.0000","458500.0000"," ","0.0000","0.0000","2508","1153431000","459900.7177"
"20190531","01","11","    89660","JP3046220004","123900.0000","124500.0000","123900.0000","123900.0000","123900.0000","124200.0000","123500.0000","123500.0000","123900.0000","124500.0000","123500.0000","123500.0000"," ","0.0000","0.0000","2674","331344100","123913.2760"
"20190531","01","11","    89670","JP3046230003","246400.0000","248300.0000","244700.0000","244700.0000","244900.0000","245400.0000","241600.0000","241800.0000","246400.0000","248300.0000","241600.0000","241800.0000"," ","0.0000","0.0000","5518","1346517200","244022.6894"
"20190531","01","11","    89680","JP3046240002","175100.0000","175700.0000","174800.0000","175100.0000","175100.0000","175800.0000","175000.0000","175000.0000","175100.0000","175800.0000","174800.0000","175000.0000"," ","0.0000","0.0000","1751","306814300","175222.3301"
"20190531","01","11","    89720","JP3046270009","748000.0000","751000.0000","747000.0000","750000.0000","750000.0000","752000.0000","747000.0000","747000.0000","748000.0000","752000.0000","747000.0000","747000.0000"," ","0.0000","0.0000","1394","1044581000","749340.7461"
"20190531","01","11","    89750","JP3046300004","102100.0000","102600.0000","101700.0000","102000.0000","101600.0000","102100.0000","101400.0000","101400.0000","102100.0000","102600.0000","101400.0000","101400.0000"," ","0.0000","0.0000","3702","376968200","101828.2550"
"20190531","01","11","    89760","JP3046310003","759000.0000","763000.0000","752000.0000","755000.0000","755000.0000","758000.0000","751000.0000","751000.0000","759000.0000","763000.0000","751000.0000","751000.0000"," ","0.0000","0.0000","2250","1698298000","754799.1111"
"20190531","01","11","    89770","JP3046320002","149000.0000","149400.0000","147900.0000","148000.0000","148100.0000","148300.0000","147600.0000","147800.0000","149000.0000","149400.0000","147600.0000","147800.0000"," ","0.0000","0.0000","2897","429312500","148192.0953"
"20190531","01","11","    89790","JP3046340000","179100.0000","180000.0000","178800.0000","179000.0000","178700.0000","180000.0000","178700.0000","179100.0000","179100.0000","180000.0000","178700.0000","179100.0000"," ","0.0000","0.0000","470","84288400","179337.0213"
"20190531","01","11","    89840","JP3046390005","258500.0000","259800.0000","257000.0000","257400.0000","258000.0000","258000.0000","256000.0000","256600.0000","258500.0000","259800.0000","256000.0000","256600.0000"," ","0.0000","0.0000","13193","3394987800","257332.5097"
"20190531","01","11","    89850","JP3046400002","88100.0000","88800.0000","88000.0000","88600.0000","88700.0000","88800.0000","88100.0000","88100.0000","88100.0000","88800.0000","88000.0000","88100.0000"," ","0.0000","0.0000","12116","1071230400","88414.5262"
"20190531","01","11","    89860","JP3046410001","87000.0000","87200.0000","86600.0000","86800.0000","86800.0000","87000.0000","86200.0000","86300.0000","87000.0000","87200.0000","86200.0000","86300.0000"," ","0.0000","0.0000","6469","560556600","86652.7439"
"20190531","01","11","    89870","JP3046420000","161300.0000","162400.0000","161300.0000","161800.0000","161400.0000","162200.0000","161200.0000","161200.0000","161300.0000","162400.0000","161200.0000","161200.0000"," ","0.0000","0.0000","4712","761854300","161683.8497"
"20190531","01","11","    89990","JP3274030000","438.0000","443.0000","436.0000","441.0000","443.0000","443.0000","437.0000","441.0000","438.0000","443.0000","436.0000","441.0000"," ","0.0000","0.0000","43600","19175700","439.8096"
"20190531","01","11","    90010","JP3597800006","3130.0000","3165.0000","3125.0000","3160.0000","3155.0000","3165.0000","3150.0000","3160.0000","3130.0000","3165.0000","3125.0000","3160.0000"," ","0.0000","0.0000","450400","1421032000","3155.0444"
"20190531","01","11","    90030","JP3316400005","2998.0000","3035.0000","2997.0000","3025.0000","3025.0000","3035.0000","3010.0000","3020.0000","2998.0000","3035.0000","2997.0000","3020.0000"," ","0.0000","0.0000","120300","362990100","3017.3741"
"20190531","01","11","    90050","JP3574200006","1911.0000","1935.0000","1905.0000","1929.0000","1927.0000","1940.0000","1922.0000","1926.0000","1911.0000","1940.0000","1905.0000","1926.0000"," ","0.0000","0.0000","1691500","3258526700","1926.4125"
"20190531","01","11","    90060","JP3280200001","1825.0000","1860.0000","1825.0000","1850.0000","1847.0000","1854.0000","1832.0000","1839.0000","1825.0000","1860.0000","1825.0000","1839.0000"," ","0.0000","0.0000","584700","1076970400","1841.9196"
"20190531","01","11","    90070","JP3196000008","2643.0000","2685.0000","2642.0000","2683.0000","2682.0000","2695.0000","2674.0000","2680.0000","2643.0000","2695.0000","2642.0000","2680.0000"," ","0.0000","0.0000","760900","2036634200","2676.6122"
"20190531","01","11","    90080","JP3277800003","7230.0000","7350.0000","7200.0000","7310.0000","7290.0000","7320.0000","7220.0000","7240.0000","7230.0000","7350.0000","7200.0000","7240.0000"," ","0.0000","0.0000","470000","3414891000","7265.7255"
"20190531","01","11","    90090","JP3278600006","4040.0000","4095.0000","4040.0000","4080.0000","4070.0000","4080.0000","4050.0000","4060.0000","4040.0000","4095.0000","4040.0000","4060.0000"," ","0.0000","0.0000","404100","1643531000","4067.1393"
"20190531","01","11","    90100","JP3810400006","3945.0000","4005.0000","3940.0000","3985.0000","3950.0000","3960.0000","3925.0000","3940.0000","3945.0000","4005.0000","3925.0000","3940.0000"," ","0.0000","0.0000","53900","213022500","3952.1800"
"20190531","01","11","    90140","JP3372400006","2068.0000","2087.0000","2055.0000","2087.0000","2082.0000","2086.0000","2069.0000","2080.0000","2068.0000","2087.0000","2055.0000","2080.0000"," ","0.0000","0.0000","5900","12219800","2071.1525"
"20190531","01","11","    90200","JP3783600004","10325.0000","10390.0000","10320.0000","10340.0000","10330.0000","10355.0000","10295.0000","10310.0000","10325.0000","10390.0000","10295.0000","10310.0000"," ","0.0000","0.0000","769400","7948433000","10330.6901"
"20190531","01","11","    90210","JP3659000008","8495.0000","8565.0000","8477.0000","8556.0000","8565.0000","8571.0000","8498.0000","8500.0000","8495.0000","8571.0000","8477.0000","8500.0000"," ","0.0000","0.0000","636400","5423489200","8522.1389"
"20190531","01","11","    90220","JP3566800003","22800.0000","22915.0000","22740.0000","22765.0000","22760.0000","22795.0000","22605.0000","22645.0000","22800.0000","22915.0000","22605.0000","22645.0000"," ","0.0000","0.0000","376500","8549520000","22707.8884"
"20190531","01","11","    90240","JP3417200007","1772.0000","1814.0000","1772.0000","1814.0000","1813.0000","1828.0000","1811.0000","1818.0000","1772.0000","1828.0000","1772.0000","1818.0000"," ","0.0000","0.0000","1437400","2600967900","1809.4949"
"20190531","01","11","    90250","JP3288970001","1661.0000","1665.0000","1644.0000","1665.0000","1663.0000","1669.0000","1659.0000","1659.0000","1661.0000","1669.0000","1644.0000","1659.0000"," ","0.0000","0.0000","73000","121118400","1659.1562"
"20190531","01","11","    90310","JP3658800002","2379.0000","2384.0000","2365.0000","2372.0000","2359.0000","2375.0000","2359.0000","2371.0000","2379.0000","2384.0000","2359.0000","2371.0000"," ","0.0000","0.0000","113900","269863000","2369.2976"
"20190531","01","11","    90370","JP3771150004","3595.0000","3610.0000","3565.0000","3610.0000","3600.0000","3625.0000","3600.0000","3615.0000","3595.0000","3625.0000","3565.0000","3615.0000"," ","0.0000","0.0000","39600","142548500","3599.7096"
"20190531","01","11","    90390","JP3314200001","6360.0000","6460.0000","6340.0000","6450.0000","6440.0000","6470.0000","6420.0000","6430.0000","6360.0000","6470.0000","6340.0000","6430.0000"," ","0.0000","0.0000","30900","198417000","6421.2621"
"20190531","01","11","    90410","JP3260800002","5140.0000","5240.0000","5140.0000","5220.0000","5230.0000","5240.0000","5200.0000","5200.0000","5140.0000","5240.0000","5140.0000","5200.0000"," ","0.0000","0.0000","411700","2142654000","5204.4061"
"20190531","01","11","    90420","JP3774200004","3900.0000","3925.0000","3880.0000","3915.0000","3910.0000","3915.0000","3895.0000","3910.0000","3900.0000","3925.0000","3880.0000","3910.0000"," ","0.0000","0.0000","499500","1951786500","3907.4805"
"20190531","01","11","    90440","JP3653000004","2828.0000","2857.0000","2823.0000","2844.0000","2837.0000","2854.0000","2833.0000","2838.0000","2828.0000","2857.0000","2823.0000","2838.0000"," ","0.0000","0.0000","168600","478750000","2839.5611"
"20190531","01","11","    90450","JP3279400000","4595.0000","4660.0000","4570.0000","4660.0000","4645.0000","4700.0000","4645.0000","4685.0000","4595.0000","4700.0000","4570.0000","4685.0000"," ","0.0000","0.0000","402700","1876421500","4659.6014"
"20190531","01","11","    90460","JP3290600000","4020.0000","4020.0000","4015.0000","4020.0000","4020.0000","4030.0000","3990.0000","4000.0000","4020.0000","4030.0000","3990.0000","4000.0000"," ","0.0000","0.0000","5400","21641000","4007.5926"
"20190531","01","11","    90480","JP3649800004","2976.0000","2994.0000","2963.0000","2988.0000","2989.0000","3000.0000","2976.0000","2998.0000","2976.0000","3000.0000","2963.0000","2998.0000"," ","0.0000","0.0000","498500","1490818200","2990.6082"
"20190531","01","11","    90520","JP3341600009","2260.0000","2260.0000","2232.0000","2253.0000","2252.0000","2259.0000","2238.0000","2244.0000","2260.0000","2260.0000","2232.0000","2244.0000"," ","0.0000","0.0000","13200","29700100","2250.0076"
"20190531","01","11","    90580","JP3635650009","6580.0000","6610.0000","6500.0000","6610.0000","6620.0000","6620.0000","6520.0000","6560.0000","6580.0000","6620.0000","6500.0000","6560.0000"," ","0.0000","0.0000","11700","76797000","6563.8462"
"20190531","01","11","    90620","JP3729400006","5690.0000","5820.0000","5690.0000","5780.0000","5760.0000","5840.0000","5760.0000","5790.0000","5690.0000","5840.0000","5690.0000","5790.0000"," ","0.0000","0.0000","349500","2021299000","5783.4020"
"20190531","01","11","    90640","JP3940000007","2190.0000","2238.5000","2188.5000","2227.0000","2220.5000","2230.0000","2200.0000","2201.0000","2190.0000","2238.5000","2188.5000","2201.0000"," ","0.0000","0.0000","1762000","3898251150","2212.4013"
"20190531","01","11","    90650","JP3326000001","5520.0000","5530.0000","5460.0000","5510.0000","5510.0000","5540.0000","5490.0000","5500.0000","5520.0000","5540.0000","5460.0000","5500.0000"," ","0.0000","0.0000","134900","742934000","5507.2943"
"20190531","01","11","    90660","JP3674400001","1792.0000","1792.0000","1749.0000","1749.0000","1753.0000","1759.0000","1738.0000","1749.0000","1792.0000","1792.0000","1738.0000","1749.0000"," ","0.0000","0.0000","11300","19805300","1752.6814"
"20190531","01","11","    90670","JP3871600007","280.0000","282.0000","279.0000","282.0000","282.0000","286.0000","280.0000","285.0000","280.0000","286.0000","279.0000","285.0000"," ","0.0000","0.0000","49400","14016000","283.7247"
"20190531","01","11","    90680","JP3876000005","3255.0000","3270.0000","3250.0000","3270.0000","3270.0000","3300.0000","3265.0000","3290.0000","3255.0000","3300.0000","3250.0000","3290.0000"," ","0.0000","0.0000","23100","75744500","3278.9827"
"20190531","01","11","    90690","JP3423800006","868.0000","888.0000","865.0000","880.0000","882.0000","886.0000","874.0000","877.0000","868.0000","888.0000","865.0000","877.0000"," ","0.0000","0.0000","576400","506699700","879.0765"
"20190531","01","11","    90700","JP3629400007","5690.0000","5690.0000","5690.0000","5690.0000","5590.0000","5660.0000","5590.0000","5640.0000","5690.0000","5690.0000","5590.0000","5640.0000"," ","0.0000","0.0000","2200","12410000","5640.9091"
"20190531","01","11","    90720","JP3709600005","2482.0000","2492.0000","2452.0000","2481.0000","2451.0000","2488.0000","2451.0000","2467.0000","2482.0000","2492.0000","2451.0000","2467.0000"," ","0.0000","0.0000","178700","441681300","2471.6357"
"20190531","01","11","    90740","JP3724600006","2855.0000","2855.0000","2822.0000","2822.0000","2843.0000","2843.0000","2792.0000","2819.0000","2855.0000","2855.0000","2792.0000","2819.0000"," ","0.0000","0.0000","4100","11541300","2814.9512"
"20190531","01","11","    90750","JP3806800003","3825.0000","3855.0000","3805.0000","3840.0000","3850.0000","3895.0000","3835.0000","3880.0000","3825.0000","3895.0000","3805.0000","3880.0000"," ","0.0000","0.0000","65800","254538000","3868.3587"
"20190531","01","11","    90760","JP3415400005","1393.0000","1403.0000","1390.0000","1401.0000","1394.0000","1398.0000","1382.0000","1382.0000","1393.0000","1403.0000","1382.0000","1382.0000"," ","0.0000","0.0000","512200","712460500","1390.9811"
"20190531","01","11","    90780","JP3164000006","945.0000","945.0000","945.0000","945.0000","946.0000","950.0000","945.0000","949.0000","945.0000","950.0000","945.0000","949.0000"," ","0.0000","0.0000","2100","1990700","947.9524"
"20190531","01","11","    90810","JP3214600003","3885.0000","3885.0000","3865.0000","3865.0000","3875.0000","3875.0000","3850.0000","3855.0000","3885.0000","3885.0000","3850.0000","3855.0000"," ","0.0000","0.0000","3100","11969500","3861.1290"
"20190531","01","11","    90860","JP3791200003","3195.0000","3230.0000","3185.0000","3230.0000","3220.0000","3240.0000","3215.0000","3225.0000","3195.0000","3240.0000","3185.0000","3225.0000"," ","0.0000","0.0000","174700","562033000","3217.1322"
"20190531","01","11","    90900","JP3879170003","4050.0000","4130.0000","4000.0000","4080.0000","4080.0000","4115.0000","4065.0000","4070.0000","4050.0000","4130.0000","4000.0000","4070.0000"," ","0.0000","0.0000","41500","169110000","4074.9398"
"20190531","01","11","    90990","JP3346180007","1384.0000","1384.0000","1380.0000","1380.0000","1380.0000","1380.0000","1360.0000","1364.0000","1384.0000","1384.0000","1360.0000","1364.0000"," ","0.0000","0.0000","8300","11353800","1367.9277"
"20190531","01","11","    91010","JP3753000003","1646.0000","1651.0000","1624.0000","1643.0000","1643.0000","1651.0000","1638.0000","1643.0000","1646.0000","1651.0000","1624.0000","1643.0000"," ","0.0000","0.0000","1416700","2324896200","1641.0646"
"20190531","01","11","    91040","JP3362700001","2327.0000","2342.0000","2307.0000","2328.0000","2335.0000","2335.0000","2311.0000","2316.0000","2327.0000","2342.0000","2307.0000","2316.0000"," ","0.0000","0.0000","1047500","2431317400","2321.0667"
"20190531","01","11","    91070","JP3223800008","1236.0000","1253.0000","1226.0000","1244.0000","1240.0000","1243.0000","1227.0000","1227.0000","1236.0000","1253.0000","1226.0000","1227.0000"," ","0.0000","0.0000","756300","934054300","1235.0315"
"20190531","01","11","    91100","JP3385000009","2324.0000","2324.0000","2267.0000","2280.0000","2271.0000","2282.0000","2261.0000","2267.0000","2324.0000","2324.0000","2261.0000","2267.0000"," ","0.0000","0.0000","22200","50556900","2277.3378"
"20190531","01","11","    91150","JP3916200003","305.0000","306.0000","304.0000","304.0000","304.0000","305.0000","300.0000","304.0000","305.0000","306.0000","300.0000","304.0000"," ","0.0000","0.0000","26100","7913600","303.2031"
"20190531","01","11","    91190","JP3131200002","351.0000","352.0000","346.0000","348.0000","347.0000","348.0000","346.0000","348.0000","351.0000","352.0000","346.0000","348.0000"," ","0.0000","0.0000","155100","54018900","348.2843"
"20190531","01","11","    91300","JP3247600004","1505.0000","1506.0000","1479.0000","1479.0000","1476.0000","1494.0000","1476.0000","1485.0000","1505.0000","1506.0000","1476.0000","1485.0000"," ","0.0000","0.0000","2000","2972300","1486.1500"
"20190531","01","11","    91420","JP3247010006","3275.0000","3300.0000","3240.0000","3265.0000","3260.0000","3265.0000","3230.0000","3240.0000","3275.0000","3300.0000","3230.0000","3240.0000"," ","0.0000","0.0000","957700","3114838500","3252.4157"
"20190531","01","11","    91430","JP3162770006","2880.0000","2954.0000","2871.0000","2942.0000","2931.0000","2957.0000","2926.0000","2941.0000","2880.0000","2957.0000","2871.0000","2941.0000"," ","0.0000","0.0000","858900","2523092000","2937.5853"
"20190531","01","11","    92010","JP3705200008","3431.0000","3459.0000","3430.0000","3441.0000","3439.0000","3441.0000","3413.0000","3413.0000","3431.0000","3459.0000","3413.0000","3413.0000"," ","0.0000","0.0000","1729900","5934988000","3430.8272"
"20190531","01","11","    92020","JP3429800000","3655.0000","3678.0000","3636.0000","3659.0000","3658.0000","3658.0000","3634.0000","3636.0000","3655.0000","3678.0000","3634.0000","3636.0000"," ","0.0000","0.0000","972600","3546899300","3646.8222"
"20190531","01","11","    92320","JP3781400001","807.0000","807.0000","797.0000","805.0000","805.0000","826.0000","805.0000","826.0000","807.0000","826.0000","797.0000","826.0000"," ","0.0000","0.0000","10900","8887300","815.3486"
"20190531","01","11","    92600","JP3659350007","4170.0000","4170.0000","4100.0000","4100.0000","4095.0000","4095.0000","3990.0000","3995.0000","4170.0000","4170.0000","3990.0000","3995.0000"," ","0.0000","0.0000","6800","27471000","4039.8529"
"20190531","01","11","    92650","JP3936200009","1227.0000","1230.0000","1204.0000","1204.0000","1205.0000","1212.0000","1204.0000","1204.0000","1227.0000","1230.0000","1204.0000","1204.0000"," ","0.0000","0.0000","2600","3160700","1215.6538"
"20190531","01","11","    92670","JP3282750003","2636.0000","2644.0000","2606.0000","2638.0000","2614.0000","2632.0000","2602.0000","2608.0000","2636.0000","2644.0000","2602.0000","2608.0000"," ","0.0000","0.0000","39900","104483500","2618.6341"
"20190531","01","11","    92740","JP3293350009","269.0000","273.0000","268.0000","272.0000","273.0000","273.0000","269.0000","271.0000","269.0000","273.0000","268.0000","271.0000"," ","0.0000","0.0000","73500","19923900","271.0735"
"20190531","01","11","    92770","JP3432310005","1778.0000","1778.0000","1743.0000","1758.0000","1758.0000","1762.0000","1740.0000","1740.0000","1778.0000","1778.0000","1740.0000","1740.0000"," ","0.0000","0.0000","22000","38516800","1750.7636"
"20190531","01","11","    92780","JP3829940000","877.0000","880.0000","871.0000","879.0000","879.0000","879.0000","874.0000","874.0000","877.0000","880.0000","871.0000","874.0000"," ","0.0000","0.0000","41400","36326300","877.4469"
"20190531","01","11","    92810","JP3048210003","114700.0000","116000.0000","114700.0000","115600.0000","115800.0000","115800.0000","115200.0000","115400.0000","114700.0000","116000.0000","114700.0000","115400.0000"," ","0.0000","0.0000","666","76930400","115511.1111"
"20190531","01","11","    92820","JP3048360006","65800.0000","65900.0000","65300.0000","65400.0000","65500.0000","65500.0000","65200.0000","65200.0000","65800.0000","65900.0000","65200.0000","65200.0000"," ","0.0000","0.0000","77","5045100","65520.7792"
"20190531","01","11","    92830","JP3048410009","95900.0000","95900.0000","95700.0000","95700.0000","95600.0000","95700.0000","95400.0000","95500.0000","95900.0000","95900.0000","95400.0000","95500.0000"," ","0.0000","0.0000","425","40662100","95675.5294"
"20190531","01","11","    92840","JP3048590008","100900.0000","100900.0000","100700.0000","100800.0000","100800.0000","100800.0000","100700.0000","100800.0000","100900.0000","100900.0000","100700.0000","100800.0000"," ","0.0000","0.0000","866","87270600","100774.3649"
"20190531","01","11","    92850","JP3048780005","99100.0000","99300.0000","99000.0000","99000.0000","99000.0000","99200.0000","98400.0000","98400.0000","99100.0000","99300.0000","98400.0000","98400.0000"," ","0.0000","0.0000","476","47020600","98782.7731"
"20190531","01","11","    92860","JP3048820009","89900.0000","90500.0000","89100.0000","89100.0000","89200.0000","89500.0000","89100.0000","89100.0000","89900.0000","90500.0000","89100.0000","89100.0000"," ","0.0000","0.0000","484","43425800","89722.7273"
"20190531","01","11","    93010","JP3902000003","2905.0000","2927.0000","2893.0000","2924.0000","2928.0000","2928.0000","2897.0000","2904.0000","2905.0000","2928.0000","2893.0000","2904.0000"," ","0.0000","0.0000","321700","935689900","2908.5791"
"20190531","01","11","    93020","JP3891200002","1612.0000","1630.0000","1605.0000","1630.0000","1627.0000","1629.0000","1612.0000","1614.0000","1612.0000","1630.0000","1605.0000","1614.0000"," ","0.0000","0.0000","55100","89125200","1617.5172"
"20190531","01","11","    93030","JP3407000003","1399.0000","1402.0000","1379.0000","1381.0000","1378.0000","1386.0000","1373.0000","1377.0000","1399.0000","1402.0000","1373.0000","1377.0000"," ","0.0000","0.0000","116000","160242100","1381.3974"
"20190531","01","11","    93040","JP3355600002","1769.0000","1769.0000","1769.0000","1769.0000","1769.0000","1788.0000","1769.0000","1775.0000","1769.0000","1788.0000","1769.0000","1775.0000"," ","0.0000","0.0000","3300","5862000","1776.3636"
"20190531","01","11","    93050","JP3937600009","1353.0000","1354.0000","1338.0000","1338.0000","1338.0000","1344.0000","1332.0000","1332.0000","1353.0000","1354.0000","1332.0000","1332.0000"," ","0.0000","0.0000","17000","22783100","1340.1824"
"20190531","01","11","    93060","JP3615400003","306.0000","307.0000","306.0000","306.0000","306.0000","311.0000","306.0000","308.0000","306.0000","311.0000","306.0000","308.0000"," ","0.0000","0.0000","16100","4958200","307.9627"
"20190531","01","11","    93080","JP3146800002","765.0000","765.0000","751.0000","760.0000","760.0000","760.0000","744.0000","746.0000","765.0000","765.0000","744.0000","746.0000"," ","0.0000","0.0000","21200","15961800","752.9151"
"20190531","01","11","    93100","JP3739600009","438.0000","443.0000","438.0000","441.0000","440.0000","445.0000","440.0000","443.0000","438.0000","445.0000","438.0000","443.0000"," ","0.0000","0.0000","24300","10736100","441.8148"
"20190531","01","11","    93120","JP3279800001","1205.0000","1205.0000","1191.0000","1191.0000","1192.0000","1192.0000","1191.0000","1192.0000","1205.0000","1205.0000","1191.0000","1192.0000"," ","0.0000","0.0000","1200","1431400","1192.8333"
"20190531","01","11","    93190","JP3516600008","999.0000","999.0000","997.0000","999.0000","1007.0000","1007.0000","1000.0000","1002.0000","999.0000","1007.0000","997.0000","1002.0000"," ","0.0000","0.0000","4400","4406400","1001.4545"
"20190531","01","11","    93220","JP3226800005","1048.0000","1050.0000","1045.0000","1045.0000","1046.0000","1046.0000","1041.0000","1046.0000","1048.0000","1050.0000","1041.0000","1046.0000"," ","0.0000","0.0000","6200","6482000","1045.4839"
"20190531","01","11","    93240","JP3932820008","891.0000","891.0000","881.0000","884.0000","886.0000","889.0000","879.0000","882.0000","891.0000","891.0000","879.0000","882.0000"," ","0.0000","0.0000","14900","13162400","883.3826"
"20190531","01","11","    93250","JP3802360002","770.0000","770.0000","743.0000","751.0000","747.0000","748.0000","731.0000","732.0000","770.0000","770.0000","731.0000","732.0000"," ","0.0000","0.0000","13800","10277500","744.7464"
"20190531","01","11","    93510","JP3619000007","1390.0000","1396.0000","1380.0000","1380.0000","1380.0000","1380.0000","1362.0000","1362.0000","1390.0000","1396.0000","1362.0000","1362.0000"," ","0.0000","0.0000","5400","7426300","1375.2407"
"20190531","01","11","    93580","JP3157600002","509.0000","512.0000","506.0000","506.0000","507.0000","510.0000","503.0000","506.0000","509.0000","512.0000","503.0000","506.0000"," ","0.0000","0.0000","10200","5164900","506.3627"
"20190531","01","11","    93640","JP3219000001","2564.0000","2584.0000","2552.0000","2584.0000","2573.0000","2578.0000","2560.0000","2564.0000","2564.0000","2584.0000","2552.0000","2564.0000"," ","0.0000","0.0000","451400","1159022700","2567.6179"
"20190531","01","11","    93660","JP3343400002","627.0000","627.0000","619.0000","619.0000","619.0000","619.0000","603.0000","612.0000","627.0000","627.0000","603.0000","612.0000"," ","0.0000","0.0000","8000","4928800","616.1000"
"20190531","01","11","    93680","JP3242500001","1035.0000","1036.0000","1031.0000","1034.0000","1028.0000","1030.0000","1028.0000","1029.0000","1035.0000","1036.0000","1028.0000","1029.0000"," ","0.0000","0.0000","3600","3711300","1030.9167"
"20190531","01","11","    93690","JP3244700005","1979.0000","1979.0000","1964.0000","1964.0000","1964.0000","1981.0000","1964.0000","1969.0000","1979.0000","1981.0000","1964.0000","1969.0000"," ","0.0000","0.0000","4400","8669700","1970.3864"
"20190531","01","11","    93750","JP3262900008","1384.0000","1436.0000","1384.0000","1434.0000","1427.0000","1428.0000","1416.0000","1416.0000","1384.0000","1436.0000","1384.0000","1416.0000"," ","0.0000","0.0000","395900","560870800","1416.6982"
"20190531","01","11","    93800","JP3121190007","248.0000","248.0000","247.0000","248.0000","248.0000","249.0000","248.0000","248.0000","248.0000","249.0000","247.0000","248.0000"," ","0.0000","0.0000","17900","4439300","248.0056"
"20190531","01","11","    93810","JP3160050005","1012.0000","1012.0000","1001.0000","1001.0000","1001.0000","1006.0000","999.0000","999.0000","1012.0000","1012.0000","999.0000","999.0000"," ","0.0000","0.0000","4900","4904300","1000.8776"
"20190531","01","11","    93840","JP3641230002","1186.0000","1198.0000","1178.0000","1198.0000","1197.0000","1202.0000","1183.0000","1185.0000","1186.0000","1202.0000","1178.0000","1185.0000"," ","0.0000","0.0000","8000","9507800","1188.4750"
"20190531","01","11","    93850","JP3360100006","751.0000","751.0000","747.0000","747.0000","747.0000","748.0000","746.0000","746.0000","751.0000","751.0000","746.0000","746.0000"," ","0.0000","0.0000","3900","2918900","748.4359"
"20190531","01","11","    93860","JP3708600006","1178.0000","1178.0000","1168.0000","1170.0000","1166.0000","1178.0000","1164.0000","1176.0000","1178.0000","1178.0000","1164.0000","1176.0000"," ","0.0000","0.0000","8500","9953200","1170.9647"
"20190531","01","11","    94010","JP3588600001","1793.0000","1814.0000","1791.0000","1808.0000","1808.0000","1818.0000","1803.0000","1806.0000","1793.0000","1818.0000","1791.0000","1806.0000"," ","0.0000","0.0000","326300","589438100","1806.4300"
"20190531","01","11","    94040","JP3732200005","1572.0000","1579.0000","1565.0000","1568.0000","1568.0000","1571.0000","1556.0000","1559.0000","1572.0000","1579.0000","1556.0000","1559.0000"," ","0.0000","0.0000","625200","978137100","1564.5187"
"20190531","01","11","    94050","JP3116800008","722.0000","725.0000","721.0000","721.0000","725.0000","727.0000","721.0000","721.0000","722.0000","727.0000","721.0000","721.0000"," ","0.0000","0.0000","9800","7079400","722.3878"
"20190531","01","11","    94090","JP3429000007","1758.0000","1771.0000","1755.0000","1762.0000","1764.0000","1764.0000","1734.0000","1735.0000","1758.0000","1771.0000","1734.0000","1735.0000"," ","0.0000","0.0000","203600","355924500","1748.1557"
"20190531","01","11","    94120","JP3396350005","418.0000","420.0000","413.0000","413.0000","412.0000","416.0000","411.0000","413.0000","418.0000","420.0000","411.0000","413.0000"," ","0.0000","0.0000","590100","244251400","413.9153"
"20190531","01","11","    94130","JP3547060008","2270.0000","2275.0000","2244.0000","2245.0000","2254.0000","2285.0000","2248.0000","2254.0000","2270.0000","2285.0000","2244.0000","2254.0000"," ","0.0000","0.0000","16600","37534000","2261.0843"
"20190531","01","11","    94140","JP3746000003","1068.0000","1068.0000","1057.0000","1062.0000","1064.0000","1064.0000","1058.0000","1058.0000","1068.0000","1068.0000","1057.0000","1058.0000"," ","0.0000","0.0000","10700","11353000","1061.0280"
"20190531","01","11","    94160","JP3800330007","5620.0000","5660.0000","5530.0000","5590.0000","5610.0000","5700.0000","5590.0000","5630.0000","5620.0000","5700.0000","5530.0000","5630.0000"," ","0.0000","0.0000","100400","564465000","5622.1614"
"20190531","01","11","    94170","JP3400090001","750.0000","750.0000","719.0000","731.0000","728.0000","732.0000","705.0000","708.0000","750.0000","750.0000","705.0000","708.0000"," ","0.0000","0.0000","65900","47587700","722.1199"
"20190531","01","11","    94180","JP3944640006","757.0000","757.0000","742.0000","750.0000","750.0000","756.0000","748.0000","749.0000","757.0000","757.0000","742.0000","749.0000"," ","0.0000","0.0000","45600","34160100","749.1250"
"20190531","01","11","    94190","JP3990740007","405.0000","408.0000","396.0000","408.0000","408.0000","412.0000","399.0000","399.0000","405.0000","412.0000","396.0000","399.0000"," ","0.0000","0.0000","91400","36677000","401.2801"
"20190531","01","11","    94220","JP3104870005","1309.0000","1309.0000","1284.0000","1284.0000","1288.0000","1296.0000","1281.0000","1285.0000","1309.0000","1309.0000","1281.0000","1285.0000"," ","0.0000","0.0000","32800","42320900","1290.2713"
"20190531","01","11","    94240","JP3729600001","135.0000","144.0000","134.0000","141.0000","142.0000","142.0000","132.0000","136.0000","135.0000","144.0000","132.0000","136.0000"," ","0.0000","0.0000","24158200","3312819900","137.1302"
"20190531","01","11","    94280","JP3273100002","632.0000","632.0000","632.0000","632.0000","622.0000","622.0000","621.0000","622.0000","632.0000","632.0000","621.0000","622.0000"," ","0.0000","0.0000","1700","1060100","623.5882"
"20190531","01","11","    94320","JP3735400008","4925.0000","4942.0000","4874.0000","4903.0000","4897.0000","4909.0000","4864.0000","4866.0000","4925.0000","4942.0000","4864.0000","4866.0000"," ","0.0000","0.0000","4064400","19893045800","4894.4606"
"20190531","01","11","    94330","JP3496400007","2804.0000","2814.5000","2789.0000","2800.0000","2800.0000","2809.5000","2782.0000","2788.5000","2804.0000","2814.5000","2782.0000","2788.5000"," ","0.0000","0.0000","6100400","17054231450","2795.5923"
"20190531","01","11","    94340","JP3732000009","1410.0000","1420.0000","1406.0000","1411.0000","1408.0000","1418.0000","1407.0000","1410.0000","1410.0000","1420.0000","1406.0000","1410.0000"," ","0.0000","0.0000","7220800","10185115850","1410.5246"
"20190531","01","11","    94350","JP3783420007","22350.0000","22480.0000","22150.0000","22220.0000","22200.0000","22200.0000","21980.0000","22020.0000","22350.0000","22480.0000","21980.0000","22020.0000"," ","0.0000","0.0000","95000","2103686000","22144.0632"
"20190531","01","11","    94370","JP3165650007","2515.0000","2526.5000","2505.0000","2508.0000","2500.0000","2517.0000","2490.5000","2495.5000","2515.0000","2526.5000","2490.5000","2495.5000"," ","0.0000","0.0000","5115700","12821427850","2506.2900"
"20190531","01","11","    94380","JP3167480007","670.0000","673.0000","658.0000","660.0000","661.0000","664.0000","657.0000","663.0000","670.0000","673.0000","657.0000","663.0000"," ","0.0000","0.0000","44300","29344000","662.3928"
"20190531","01","11","    94490","JP3152750000","1731.0000","1752.0000","1700.0000","1717.0000","1715.0000","1715.0000","1685.0000","1691.0000","1731.0000","1752.0000","1685.0000","1691.0000"," ","0.0000","0.0000","933200","1593602700","1707.6754"
"20190531","01","11","    94660","JP3105110005","623.0000","638.0000","622.0000","627.0000","627.0000","643.0000","619.0000","631.0000","623.0000","643.0000","619.0000","631.0000"," ","0.0000","0.0000","310600","195568600","629.6478"
"20190531","01","11","    94680","JP3214350005","1439.0000","1444.0000","1422.0000","1431.0000","1430.0000","1444.0000","1430.0000","1442.0000","1439.0000","1444.0000","1422.0000","1442.0000"," ","0.0000","0.0000","190500","273649700","1436.4814"
"20190531","01","11","    94700","JP3234200008","4545.0000","4580.0000","4485.0000","4540.0000","4540.0000","4545.0000","4490.0000","4535.0000","4545.0000","4580.0000","4485.0000","4535.0000"," ","0.0000","0.0000","17900","80944500","4522.0391"
"20190531","01","11","    94740","JP3430400006","2059.0000","2087.0000","2048.0000","2072.0000","2072.0000","2086.0000","2051.0000","2053.0000","2059.0000","2087.0000","2048.0000","2053.0000"," ","0.0000","0.0000","199300","411803900","2066.2514"
"20190531","01","11","    94750","JP3363800008","376.0000","376.0000","375.0000","376.0000","376.0000","376.0000","373.0000","374.0000","376.0000","376.0000","373.0000","374.0000"," ","0.0000","0.0000","7200","2697500","374.6528"
"20190531","01","11","    94790","JP3153900000","132.0000","132.0000","130.0000","131.0000","131.0000","131.0000","129.0000","130.0000","132.0000","132.0000","129.0000","130.0000"," ","0.0000","0.0000","123700","16174200","130.7534"
"20190531","01","11","    95010","JP3585800000","565.0000","565.0000","553.0000","559.0000","559.0000","560.0000","556.0000","558.0000","565.0000","565.0000","553.0000","558.0000"," ","0.0000","0.0000","8947600","4995860000","558.3464"
"20190531","01","11","    95020","JP3526600006","1475.5000","1493.5000","1465.5000","1483.0000","1483.5000","1486.5000","1478.5000","1481.5000","1475.5000","1493.5000","1465.5000","1481.5000"," ","0.0000","0.0000","1983000","2938500550","1481.8460"
"20190531","01","11","    95030","JP3228600007","1258.5000","1266.5000","1247.0000","1263.5000","1263.0000","1276.0000","1260.0000","1265.5000","1258.5000","1276.0000","1247.0000","1265.5000"," ","0.0000","0.0000","2671400","3369167900","1261.1993"
"20190531","01","11","    95040","JP3522200009","1355.0000","1359.0000","1342.0000","1355.0000","1355.0000","1359.0000","1351.0000","1359.0000","1355.0000","1359.0000","1342.0000","1359.0000"," ","0.0000","0.0000","1169000","1584248100","1355.2165"
"20190531","01","11","    95050","JP3845400005","777.0000","786.0000","774.0000","783.0000","784.0000","790.0000","783.0000","785.0000","777.0000","790.0000","774.0000","785.0000"," ","0.0000","0.0000","759500","594232100","782.3991"
"20190531","01","11","    95060","JP3605400005","1087.0000","1101.0000","1082.0000","1099.0000","1100.0000","1108.0000","1099.0000","1108.0000","1087.0000","1108.0000","1082.0000","1108.0000"," ","0.0000","0.0000","1258900","1385734700","1100.7504"
"20190531","01","11","    95070","JP3350800003","975.0000","986.0000","971.0000","986.0000","984.0000","992.0000","984.0000","989.0000","975.0000","992.0000","971.0000","989.0000"," ","0.0000","0.0000","619900","610171300","984.3060"
"20190531","01","11","    95080","JP3246400000","1049.0000","1071.0000","1048.0000","1068.0000","1069.0000","1075.0000","1067.0000","1071.0000","1049.0000","1075.0000","1048.0000","1071.0000"," ","0.0000","0.0000","1476300","1573957100","1066.1499"
"20190531","01","11","    95090","JP3850200001","587.0000","588.0000","581.0000","586.0000","586.0000","589.0000","585.0000","587.0000","587.0000","589.0000","581.0000","587.0000"," ","0.0000","0.0000","928500","543939200","585.8257"
"20190531","01","11","    95110","JP3194700005","1634.0000","1634.0000","1610.0000","1632.0000","1635.0000","1653.0000","1634.0000","1649.0000","1634.0000","1653.0000","1610.0000","1649.0000"," ","0.0000","0.0000","118000","192880300","1634.5788"
"20190531","01","11","    95130","JP3551200003","2334.0000","2368.0000","2332.0000","2366.0000","2373.0000","2391.0000","2365.0000","2381.0000","2334.0000","2391.0000","2332.0000","2381.0000"," ","0.0000","0.0000","537200","1274242800","2372.0082"
"20190531","01","11","    95140","JP3802140008","751.0000","760.0000","745.0000","755.0000","752.0000","756.0000","746.0000","747.0000","751.0000","760.0000","745.0000","747.0000"," ","0.0000","0.0000","46000","34536800","750.8000"
"20190531","01","11","    95170","JP3130830007","1283.0000","1307.0000","1268.0000","1304.0000","1300.0000","1310.0000","1291.0000","1294.0000","1283.0000","1310.0000","1268.0000","1294.0000"," ","0.0000","0.0000","452500","586384600","1295.8776"
"20190531","01","11","    95190","JP3981200003","868.0000","878.0000","858.0000","871.0000","869.0000","876.0000","857.0000","862.0000","868.0000","878.0000","857.0000","862.0000"," ","0.0000","0.0000","207400","179735900","866.6148"
"20190531","01","11","    95310","JP3573000001","2671.0000","2706.5000","2670.0000","2694.5000","2693.5000","2707.0000","2690.0000","2697.5000","2671.0000","2707.0000","2670.0000","2697.5000"," ","0.0000","0.0000","1392800","3753262700","2694.7607"
"20190531","01","11","    95320","JP3180400008","1906.0000","1926.0000","1904.0000","1921.0000","1920.0000","1929.0000","1916.0000","1927.0000","1906.0000","1929.0000","1904.0000","1927.0000"," ","0.0000","0.0000","856600","1647441600","1923.2332"
"20190531","01","11","    95330","JP3600200004","4170.0000","4195.0000","4145.0000","4170.0000","4160.0000","4230.0000","4150.0000","4230.0000","4170.0000","4230.0000","4145.0000","4230.0000"," ","0.0000","0.0000","236000","992802000","4206.7881"
"20190531","01","11","    95340","JP3847000001","1491.0000","1492.0000","1485.0000","1485.0000","1488.0000","1489.0000","1484.0000","1489.0000","1491.0000","1492.0000","1484.0000","1489.0000"," ","0.0000","0.0000","21500","31998000","1488.2791"
"20190531","01","11","    95350","JP3796200008","336.0000","337.0000","336.0000","336.0000","336.0000","337.0000","336.0000","337.0000","336.0000","337.0000","336.0000","337.0000"," ","0.0000","0.0000","17100","5759700","336.8246"
"20190531","01","11","    95360","JP3311600005","2291.0000","2296.0000","2285.0000","2285.0000","2282.0000","2283.0000","2270.0000","2277.0000","2291.0000","2296.0000","2270.0000","2277.0000"," ","0.0000","0.0000","10400","23710800","2279.8846"
"20190531","01","11","    95430","JP3351150002","820.0000","826.0000","817.0000","823.0000","821.0000","828.0000","820.0000","823.0000","820.0000","828.0000","817.0000","823.0000"," ","0.0000","0.0000","87400","71880700","822.4336"
"20190531","01","11","    95510","JP3921260000","3265.0000","3290.0000","3230.0000","3240.0000","3235.0000","3270.0000","3235.0000","3250.0000","3265.0000","3290.0000","3230.0000","3250.0000"," ","0.0000","0.0000","35700","116152000","3253.5574"
"20190531","01","11","    96000","JP3105010007","1252.0000","1256.0000","1249.0000","1253.0000","1249.0000","1252.0000","1239.0000","1243.0000","1252.0000","1256.0000","1239.0000","1243.0000"," ","0.0000","0.0000","8500","10599300","1246.9765"
"20190531","01","11","    96010","JP3362800009","12770.0000","12900.0000","12750.0000","12780.0000","12770.0000","12840.0000","12700.0000","12710.0000","12770.0000","12900.0000","12700.0000","12710.0000"," ","0.0000","0.0000","22200","283421000","12766.7117"
"20190531","01","11","    96020","JP3598600009","4640.0000","4705.0000","4635.0000","4680.0000","4675.0000","4680.0000","4650.0000","4660.0000","4640.0000","4705.0000","4635.0000","4660.0000"," ","0.0000","0.0000","424600","1979608000","4662.2892"
"20190531","01","11","    96030","JP3160740001","3185.0000","3200.0000","3160.0000","3185.0000","3175.0000","3190.0000","3165.0000","3180.0000","3185.0000","3200.0000","3160.0000","3180.0000"," ","0.0000","0.0000","331000","1052275500","3179.0801"
"20190531","01","11","    96050","JP3560000006","14660.0000","14730.0000","14560.0000","14610.0000","14630.0000","14630.0000","14530.0000","14600.0000","14660.0000","14730.0000","14530.0000","14600.0000"," ","0.0000","0.0000","23500","343320000","14609.3617"
"20190531","01","11","    96120","JP3968000004","2265.0000","2272.0000","2251.0000","2257.0000","2257.0000","2272.0000","2252.0000","2264.0000","2265.0000","2272.0000","2251.0000","2264.0000"," ","0.0000","0.0000","13200","29844100","2260.9167"
"20190531","01","11","    96130","JP3165700000","1304.0000","1316.0000","1299.0000","1311.0000","1311.0000","1317.0000","1296.0000","1300.0000","1304.0000","1317.0000","1296.0000","1300.0000"," ","0.0000","0.0000","3278200","4275545800","1304.2358"
"20190531","01","11","    96160","JP3253900009","5440.0000","5530.0000","5370.0000","5450.0000","5460.0000","5520.0000","5390.0000","5440.0000","5440.0000","5530.0000","5370.0000","5440.0000"," ","0.0000","0.0000","762700","4161533000","5456.3170"
"20190531","01","11","    96190","JP3142100001","1116.0000","1116.0000","1096.0000","1103.0000","1109.0000","1111.0000","1082.0000","1087.0000","1116.0000","1116.0000","1082.0000","1087.0000"," ","0.0000","0.0000","83000","91104400","1097.6434"
"20190531","01","11","    96210","JP3281900005","1484.0000","1491.0000","1479.0000","1483.0000","1486.0000","1494.0000","1477.0000","1480.0000","1484.0000","1494.0000","1477.0000","1480.0000"," ","0.0000","0.0000","24700","36622100","1482.6761"
"20190531","01","11","    96220","JP3400050005","1168.0000","1170.0000","1162.0000","1162.0000","1165.0000","1168.0000","1160.0000","1160.0000","1168.0000","1170.0000","1160.0000","1160.0000"," ","0.0000","0.0000","26300","30636600","1164.8897"
"20190531","01","11","    96240","JP3527600005","719.0000","719.0000","706.0000","712.0000","709.0000","710.0000","706.0000","706.0000","719.0000","719.0000","706.0000","706.0000"," ","0.0000","0.0000","14300","10141400","709.1888"
"20190531","01","11","    96270","JP3105250009","8330.0000","8370.0000","8230.0000","8340.0000","8350.0000","8350.0000","8290.0000","8300.0000","8330.0000","8370.0000","8230.0000","8300.0000"," ","0.0000","0.0000","107200","890523000","8307.1175"
"20190531","01","11","    96280","JP3286300003","2317.0000","2317.0000","2303.0000","2303.0000","2284.0000","2297.0000","2253.0000","2256.0000","2317.0000","2317.0000","2253.0000","2256.0000"," ","0.0000","0.0000","3700","8394200","2268.7027"
"20190531","01","11","    96290","JP3801500004","3490.0000","3565.0000","3420.0000","3555.0000","3530.0000","3620.0000","3530.0000","3580.0000","3490.0000","3620.0000","3420.0000","3580.0000"," ","0.0000","0.0000","23500","83404500","3549.1277"
"20190531","01","11","    96320","JP3399800006","5420.0000","5420.0000","5420.0000","5420.0000","5410.0000","5440.0000","5390.0000","5390.0000","5420.0000","5440.0000","5390.0000","5390.0000"," ","0.0000","0.0000","2100","11351000","5405.2381"
"20190531","01","11","    96330","JP3584200004","1320.0000","1322.0000","1320.0000","1320.0000","1320.0000","1322.0000","1317.0000","1317.0000","1320.0000","1322.0000","1317.0000","1317.0000"," ","0.0000","0.0000","3500","4616200","1318.9143"
"20190531","01","11","    96440","JP3468850007","1200.0000","1204.0000","1200.0000","1202.0000","1201.0000","1201.0000","1197.0000","1197.0000","1200.0000","1204.0000","1197.0000","1197.0000"," ","0.0000","0.0000","3600","4318800","1199.6667"
"20190531","01","11","    96580","JP3800300000","2074.0000","2074.0000","2021.0000","2028.0000","2029.0000","2029.0000","2015.0000","2015.0000","2074.0000","2074.0000","2015.0000","2015.0000"," ","0.0000","0.0000","3000","6113700","2037.9000"
"20190531","01","11","    96630","JP3648700007","5690.0000","5710.0000","5690.0000","5700.0000","5700.0000","5750.0000","5700.0000","5750.0000","5690.0000","5750.0000","5690.0000","5750.0000"," ","0.0000","0.0000","2600","14905000","5732.6923"
"20190531","01","11","    96710","JP3960200008","5210.0000","5220.0000","5080.0000","5090.0000","5100.0000","5150.0000","4995.0000","5010.0000","5210.0000","5220.0000","4995.0000","5010.0000"," ","0.0000","0.0000","26900","136690500","5081.4312"
"20190531","01","11","    96720","JP3586600003","3270.0000","3280.0000","3250.0000","3265.0000","3285.0000","3295.0000","3235.0000","3235.0000","3270.0000","3295.0000","3235.0000","3235.0000"," ","0.0000","0.0000","37400","121820000","3257.2193"
"20190531","01","11","    96750","JP3393400001","1637.0000","1637.0000","1620.0000","1620.0000","1626.0000","1633.0000","1623.0000","1629.0000","1637.0000","1637.0000","1620.0000","1629.0000"," ","0.0000","0.0000","5600","9128300","1630.0536"
"20190531","01","11","    96780","JP3215200001","2433.0000","2440.0000","2403.0000","2420.0000","2420.0000","2432.0000","2408.0000","2411.0000","2433.0000","2440.0000","2403.0000","2411.0000"," ","0.0000","0.0000","150000","362587200","2417.2480"
"20190531","01","11","    96810","JP3587600002","1074.0000","1077.0000","1061.0000","1066.0000","1065.0000","1075.0000","1061.0000","1064.0000","1074.0000","1077.0000","1061.0000","1064.0000"," ","0.0000","0.0000","355200","378571200","1065.7973"
"20190531","01","11","    96820","JP3548500002","4440.0000","4485.0000","4420.0000","4445.0000","4435.0000","4450.0000","4405.0000","4415.0000","4440.0000","4485.0000","4405.0000","4415.0000"," ","0.0000","0.0000","40400","179150500","4434.4183"
"20190531","01","11","    96840","JP3164630000","3725.0000","3860.0000","3725.0000","3830.0000","3820.0000","3895.0000","3795.0000","3825.0000","3725.0000","3895.0000","3725.0000","3825.0000"," ","0.0000","0.0000","1618800","6174434000","3814.2043"
"20190531","01","11","    96920","JP3346200003","1966.0000","1995.0000","1960.0000","1980.0000","1974.0000","1974.0000","1930.0000","1930.0000","1966.0000","1995.0000","1930.0000","1930.0000"," ","0.0000","0.0000","137900","269014300","1950.7926"
"20190531","01","11","    96970","JP3218900003","2209.0000","2244.0000","2191.0000","2240.0000","2242.0000","2246.0000","2225.0000","2234.0000","2209.0000","2246.0000","2191.0000","2234.0000"," ","0.0000","0.0000","838800","1867709300","2226.6444"
"20190531","01","11","    96990","JP3657500009","2860.0000","2860.0000","2817.0000","2835.0000","2827.0000","2835.0000","2812.0000","2817.0000","2860.0000","2860.0000","2812.0000","2817.0000"," ","0.0000","0.0000","69500","196463200","2826.8086"
"20190531","01","11","    97020","JP3100700008","1613.0000","1636.0000","1587.0000","1633.0000","1625.0000","1638.0000","1600.0000","1603.0000","1613.0000","1638.0000","1587.0000","1603.0000"," ","0.0000","0.0000","57000","91711900","1608.9807"
"20190531","01","11","    97040","JP3561200001","35.0000","35.0000","33.0000","34.0000","34.0000","34.0000","33.0000","34.0000","35.0000","35.0000","33.0000","34.0000"," ","0.0000","0.0000","123300","4207900","34.1273"
"20190531","01","11","    97060","JP3699400002","4095.0000","4140.0000","4085.0000","4120.0000","4120.0000","4125.0000","4100.0000","4120.0000","4095.0000","4140.0000","4085.0000","4120.0000"," ","0.0000","0.0000","219000","900900000","4113.6986"
"20190531","01","11","    97150","JP3635700002","2396.0000","2424.0000","2363.0000","2404.0000","2395.0000","2409.0000","2389.0000","2395.0000","2396.0000","2424.0000","2363.0000","2395.0000"," ","0.0000","0.0000","46100","110487900","2396.7007"
"20190531","01","11","    97160","JP3762400004","1373.0000","1388.0000","1358.0000","1367.0000","1368.0000","1380.0000","1368.0000","1373.0000","1373.0000","1388.0000","1358.0000","1373.0000"," ","0.0000","0.0000","335900","460556200","1371.1110"
"20190531","01","11","    97170","JP3388400008","907.0000","919.0000","901.0000","905.0000","904.0000","907.0000","898.0000","902.0000","907.0000","919.0000","898.0000","902.0000"," ","0.0000","0.0000","13700","12368500","902.8102"
"20190531","01","11","    97190","JP3400400002","5180.0000","5270.0000","5150.0000","5270.0000","5280.0000","5350.0000","5240.0000","5250.0000","5180.0000","5350.0000","5150.0000","5250.0000"," ","0.0000","0.0000","352800","1857547000","5265.1559"
"20190531","01","11","    97220","JP3816800001","2625.0000","2625.0000","2586.0000","2613.0000","2613.0000","2634.0000","2613.0000","2617.0000","2625.0000","2634.0000","2586.0000","2617.0000"," ","0.0000","0.0000","21700","56748000","2615.1152"
"20190531","01","11","    97260","JP3260400001","1485.0000","1487.0000","1450.0000","1450.0000","1454.0000","1467.0000","1451.0000","1464.0000","1485.0000","1487.0000","1450.0000","1464.0000"," ","0.0000","0.0000","19200","28056800","1461.2917"
"20190531","01","11","    97280","JP3695000004","1828.0000","1828.0000","1815.0000","1819.0000","1824.0000","1825.0000","1816.0000","1818.0000","1828.0000","1828.0000","1815.0000","1818.0000"," ","0.0000","0.0000","83200","151454300","1820.3642"
"20190531","01","11","    97290","JP3552250007","2468.0000","2468.0000","2408.0000","2419.0000","2419.0000","2424.0000","2395.0000","2399.0000","2468.0000","2468.0000","2395.0000","2399.0000"," ","0.0000","0.0000","33800","81630200","2415.0947"
"20190531","01","11","    97310","JP3766600005","2824.0000","2835.0000","2806.0000","2810.0000","2811.0000","2861.0000","2811.0000","2835.0000","2824.0000","2861.0000","2806.0000","2835.0000"," ","0.0000","0.0000","19500","55024000","2821.7436"
"20190531","01","11","    97350","JP3421800008","9419.0000","9432.0000","9331.0000","9362.0000","9375.0000","9389.0000","9276.0000","9289.0000","9419.0000","9432.0000","9276.0000","9289.0000"," ","0.0000","0.0000","837100","7807462000","9326.7973"
"20190531","01","11","    97390","JP3712500002","2399.0000","2460.0000","2356.0000","2442.0000","2458.0000","2489.0000","2425.0000","2456.0000","2399.0000","2489.0000","2356.0000","2456.0000"," ","0.0000","0.0000","48800","119279900","2444.2602"
"20190531","01","11","    97400","JP3425400003","5690.0000","5690.0000","5530.0000","5590.0000","5600.0000","5620.0000","5540.0000","5550.0000","5690.0000","5690.0000","5530.0000","5550.0000"," ","0.0000","0.0000","49400","275520000","5577.3279"
"20190531","01","11","    97420","JP3105000008","1190.0000","1190.0000","1170.0000","1184.0000","1180.0000","1193.0000","1180.0000","1184.0000","1190.0000","1193.0000","1170.0000","1184.0000"," ","0.0000","0.0000","35500","41980300","1182.5437"
"20190531","01","11","    97430","JP3472200009","1123.0000","1136.0000","1122.0000","1126.0000","1130.0000","1134.0000","1122.0000","1124.0000","1123.0000","1136.0000","1122.0000","1124.0000"," ","0.0000","0.0000","149200","168262400","1127.7641"
"20190531","01","11","    97440","JP3919200000","5210.0000","5220.0000","5170.0000","5190.0000","5180.0000","5220.0000","5150.0000","5170.0000","5210.0000","5220.0000","5150.0000","5170.0000"," ","0.0000","0.0000","120800","626684000","5187.7815"
"20190531","01","11","    97460","JP3539400006","4445.0000","4445.0000","4375.0000","4400.0000","4410.0000","4410.0000","4365.0000","4405.0000","4445.0000","4445.0000","4365.0000","4405.0000"," ","0.0000","0.0000","32600","143308000","4395.9509"
"20190531","01","11","    97490","JP3816600005","4600.0000","4715.0000","4585.0000","4690.0000","4660.0000","4705.0000","4625.0000","4635.0000","4600.0000","4715.0000","4585.0000","4635.0000"," ","0.0000","0.0000","178000","830458500","4665.4972"
"20190531","01","11","    97550","JP3174600001","1060.0000","1060.0000","1049.0000","1055.0000","1060.0000","1064.0000","1055.0000","1056.0000","1060.0000","1064.0000","1049.0000","1056.0000"," ","0.0000","0.0000","17600","18600300","1056.8352"
"20190531","01","11","    97570","JP3825800000","2639.0000","2649.0000","2605.0000","2622.0000","2628.0000","2641.0000","2613.0000","2624.0000","2639.0000","2649.0000","2605.0000","2624.0000"," ","0.0000","0.0000","77000","202265400","2626.8234"
"20190531","01","11","    97590","JP3712600000","2991.0000","3050.0000","2986.0000","3030.0000","3020.0000","3030.0000","3010.0000","3025.0000","2991.0000","3050.0000","2986.0000","3025.0000"," ","0.0000","0.0000","98200","296739000","3021.7821"
"20190531","01","11","    97600","JP3371900006","606.0000","609.0000","605.0000","609.0000","609.0000","618.0000","609.0000","614.0000","606.0000","618.0000","605.0000","614.0000"," ","0.0000","0.0000","14700","8990300","611.5850"
"20190531","01","11","    97630","JP3878000003","1685.0000","1685.0000","1682.0000","1682.0000","1703.0000","1703.0000","1677.0000","1677.0000","1685.0000","1703.0000","1677.0000","1677.0000"," ","0.0000","0.0000","2700","4545100","1683.3704"
"20190531","01","11","    97650","JP3189600004","630.0000","630.0000","617.0000","621.0000","623.0000","623.0000","616.0000","618.0000","630.0000","630.0000","616.0000","618.0000"," ","0.0000","0.0000","57500","35631000","619.6696"
"20190531","01","11","    97660","JP3300200007","5110.0000","5170.0000","5070.0000","5130.0000","5140.0000","5160.0000","5100.0000","5120.0000","5110.0000","5170.0000","5070.0000","5120.0000"," ","0.0000","0.0000","496500","2543717000","5123.2971"
"20190531","01","11","    97680","JP3380200000","1103.0000","1120.0000","1095.0000","1106.0000","1109.0000","1165.0000","1109.0000","1149.0000","1103.0000","1165.0000","1095.0000","1149.0000"," ","0.0000","0.0000","24700","27893500","1129.2915"
"20190531","01","11","    97690","JP3235400003","1314.0000","1314.0000","1288.0000","1288.0000","1284.0000","1289.0000","1277.0000","1278.0000","1314.0000","1314.0000","1277.0000","1278.0000"," ","0.0000","0.0000","22500","29023400","1289.9289"
"20190531","01","11","    97830","JP3835620000","2518.0000","2545.0000","2514.0000","2537.0000","2534.0000","2538.0000","2514.0000","2528.0000","2518.0000","2545.0000","2514.0000","2528.0000"," ","0.0000","0.0000","272500","688561200","2526.8301"
"20190531","01","11","    97870","JP3389700000","3150.0000","3155.0000","3130.0000","3135.0000","3140.0000","3150.0000","3135.0000","3135.0000","3150.0000","3155.0000","3130.0000","3135.0000"," ","0.0000","0.0000","72200","226729500","3140.2978"
"20190531","01","11","    97880","JP3651020004","928.0000","933.0000","925.0000","928.0000","922.0000","927.0000","912.0000","923.0000","928.0000","933.0000","912.0000","923.0000"," ","0.0000","0.0000","14600","13472900","922.8014"
"20190531","01","11","    97900","JP3803800006","2403.0000","2499.0000","2392.0000","2444.0000","2449.0000","2470.0000","2421.0000","2422.0000","2403.0000","2499.0000","2392.0000","2422.0000"," ","0.0000","0.0000","117300","286928000","2446.1040"
"20190531","01","11","    97920","JP3660900006","1434.0000","1438.0000","1400.0000","1410.0000","1408.0000","1415.0000","1402.0000","1406.0000","1434.0000","1438.0000","1400.0000","1406.0000"," ","0.0000","0.0000","119800","168915900","1409.9825"
"20190531","01","11","    97930","JP3485600005","2696.0000","2714.0000","2690.0000","2698.0000","2698.0000","2708.0000","2685.0000","2700.0000","2696.0000","2714.0000","2685.0000","2700.0000"," ","0.0000","0.0000","104400","281854700","2699.7577"
"20190531","01","11","    97950","JP3399700008","1420.0000","1425.0000","1419.0000","1419.0000","1419.0000","1425.0000","1413.0000","1415.0000","1420.0000","1425.0000","1413.0000","1415.0000"," ","0.0000","0.0000","4800","6807000","1418.1250"
"20190531","01","11","    98100","JP3681000000","4225.0000","4225.0000","4175.0000","4190.0000","4180.0000","4210.0000","4170.0000","4185.0000","4225.0000","4225.0000","4170.0000","4185.0000"," ","0.0000","0.0000","41200","172715000","4192.1117"
"20190531","01","11","    98240","JP3424400004","2349.0000","2368.0000","2320.0000","2320.0000","2370.0000","2370.0000","2314.0000","2320.0000","2349.0000","2370.0000","2314.0000","2320.0000"," ","0.0000","0.0000","5600","13059000","2331.9643"
"20190531","01","11","    98280","JP3282800006","3680.0000","3785.0000","3650.0000","3775.0000","3775.0000","3810.0000","3740.0000","3770.0000","3680.0000","3810.0000","3650.0000","3770.0000"," ","0.0000","0.0000","96400","362041500","3755.6172"
"20190531","01","11","    98300","JP3635500006","2380.0000","2407.0000","2371.0000","2406.0000","2404.0000","2412.0000","2393.0000","2410.0000","2380.0000","2412.0000","2371.0000","2410.0000"," ","0.0000","0.0000","222100","532417200","2397.1959"
"20190531","01","11","    98310","JP3939000000","506.0000","508.0000","504.0000","505.0000","506.0000","510.0000","505.0000","508.0000","506.0000","510.0000","504.0000","508.0000"," ","0.0000","0.0000","5090000","2581576500","507.1860"
"20190531","01","11","    98320","JP3172500005","1694.0000","1698.0000","1683.0000","1690.0000","1690.0000","1694.0000","1684.0000","1688.0000","1694.0000","1698.0000","1683.0000","1688.0000"," ","0.0000","0.0000","197400","333296400","1688.4316"
"20190531","01","11","    98370","JP3926200001","801.0000","801.0000","794.0000","795.0000","795.0000","799.0000","794.0000","796.0000","801.0000","801.0000","794.0000","796.0000"," ","0.0000","0.0000","7800","6208300","795.9359"
"20190531","01","11","    98420","JP3100100001","1348.0000","1348.0000","1334.0000","1340.0000","1333.0000","1341.0000","1327.0000","1329.0000","1348.0000","1348.0000","1327.0000","1329.0000"," ","0.0000","0.0000","40500","54085400","1335.4420"
"20190531","01","11","    98430","JP3756100008","12790.0000","12920.0000","12760.0000","12880.0000","12865.0000","13015.0000","12860.0000","12925.0000","12790.0000","13015.0000","12760.0000","12925.0000"," ","0.0000","0.0000","382100","4931350500","12905.9160"
"20190531","01","11","    98500","JP3274200009","1150.0000","1155.0000","1150.0000","1151.0000","1160.0000","1160.0000","1157.0000","1158.0000","1150.0000","1160.0000","1150.0000","1158.0000"," ","0.0000","0.0000","5600","6471700","1155.6607"
"20190531","01","11","    98540","JP3101000002","248.0000","249.0000","248.0000","249.0000","248.0000","248.0000","246.0000","246.0000","248.0000","249.0000","246.0000","246.0000"," ","0.0000","0.0000","23300","5763600","247.3648"
"20190531","01","11","    98560","JP3277300004","840.0000","840.0000","829.0000","834.0000","836.0000","845.0000","830.0000","845.0000","840.0000","845.0000","829.0000","845.0000"," ","0.0000","0.0000","8400","7059100","840.3690"
"20190531","01","11","    98610","JP3958000006","1810.0000","1811.0000","1797.0000","1806.0000","1800.0000","1806.0000","1794.0000","1794.0000","1810.0000","1811.0000","1794.0000","1794.0000"," ","0.0000","0.0000","238700","429891500","1800.9698"
"20190531","01","11","    98690","JP3213300001","3425.0000","3425.0000","3360.0000","3370.0000","3355.0000","3395.0000","3355.0000","3375.0000","3425.0000","3425.0000","3355.0000","3375.0000"," ","0.0000","0.0000","32800","110831500","3379.0091"
"20190531","01","11","    98720","JP3237400001","780.0000","780.0000","775.0000","779.0000","779.0000","783.0000","778.0000","781.0000","780.0000","783.0000","775.0000","781.0000"," ","0.0000","0.0000","3800","2963500","779.8684"
"20190531","01","11","    98800","JP3147800001","829.0000","829.0000","814.0000","827.0000","828.0000","828.0000","816.0000","817.0000","829.0000","829.0000","814.0000","817.0000"," ","0.0000","0.0000","27600","22677100","821.6341"
"20190531","01","11","    98820","JP3131350005","1390.0000","1402.0000","1389.0000","1396.0000","1400.0000","1400.0000","1394.0000","1394.0000","1390.0000","1402.0000","1389.0000","1394.0000"," ","0.0000","0.0000","79900","111567100","1396.3342"
"20190531","01","11","    98870","JP3869800007","3370.0000","3370.0000","3315.0000","3315.0000","3325.0000","3325.0000","3315.0000","3320.0000","3370.0000","3370.0000","3315.0000","3320.0000"," ","0.0000","0.0000","22800","75935000","3330.4825"
"20190531","01","11","    98890","JP3746800006","1287.0000","1294.0000","1266.0000","1284.0000","1284.0000","1289.0000","1270.0000","1273.0000","1287.0000","1294.0000","1266.0000","1273.0000"," ","0.0000","0.0000","33200","42403000","1277.1988"
"20190531","01","11","    98960","JP3389570007","557.0000","557.0000","547.0000","548.0000","548.0000","553.0000","546.0000","548.0000","557.0000","557.0000","546.0000","548.0000"," ","0.0000","0.0000","10000","5492600","549.2600"
"20190531","01","11","    99000","JP3316200009","1321.0000","1331.0000","1317.0000","1321.0000","1321.0000","1325.0000","1317.0000","1320.0000","1321.0000","1331.0000","1317.0000","1320.0000"," ","0.0000","0.0000","22400","29599600","1321.4107"
"20190531","01","11","    99020","JP3661950000","1685.0000","1685.0000","1663.0000","1667.0000","1665.0000","1665.0000","1654.0000","1658.0000","1685.0000","1685.0000","1654.0000","1658.0000"," ","0.0000","0.0000","7100","11798000","1661.6901"
"20190531","01","11","    99190","JP3227900002","1063.0000","1063.0000","1043.0000","1043.0000","1051.0000","1051.0000","1037.0000","1041.0000","1063.0000","1063.0000","1037.0000","1041.0000"," ","0.0000","0.0000","9300","9710300","1044.1183"
"20190531","01","11","    99280","JP3910700008","3250.0000","3295.0000","3225.0000","3245.0000","3245.0000","3260.0000","3210.0000","3225.0000","3250.0000","3295.0000","3210.0000","3225.0000"," ","0.0000","0.0000","162700","528444500","3247.9687"
"20190531","01","11","    99300","JP3237600006","288.0000","289.0000","287.0000","289.0000","289.0000","289.0000","286.0000","286.0000","288.0000","289.0000","286.0000","286.0000"," ","0.0000","0.0000","11700","3361300","287.2906"
"20190531","01","11","    99320","JP3397050000","2096.0000","2097.0000","2072.0000","2077.0000","2077.0000","2081.0000","2068.0000","2071.0000","2096.0000","2097.0000","2068.0000","2071.0000"," ","0.0000","0.0000","50200","104389300","2079.4681"
"20190531","01","11","    99340","JP3146200005","4365.0000","4365.0000","4315.0000","4315.0000","4310.0000","4320.0000","4290.0000","4310.0000","4365.0000","4365.0000","4290.0000","4310.0000"," ","0.0000","0.0000","36000","155534500","4320.4028"
"20190531","01","11","    99360","JP3174300008","6710.0000","6740.0000","6590.0000","6640.0000","6640.0000","6660.0000","6610.0000","6640.0000","6710.0000","6740.0000","6590.0000","6640.0000"," ","0.0000","0.0000","42900","285243000","6649.0210"
"20190531","01","11","    99450","JP3833700002","1850.0000","1850.0000","1837.0000","1842.0000","1840.0000","1845.0000","1829.0000","1834.0000","1850.0000","1850.0000","1829.0000","1834.0000"," ","0.0000","0.0000","48400","89051800","1839.9132"
"20190531","01","11","    99460","JP3905950006","1652.0000","1655.0000","1614.0000","1628.0000","1628.0000","1628.0000","1615.0000","1615.0000","1652.0000","1655.0000","1614.0000","1615.0000"," ","0.0000","0.0000","62500","101471700","1623.5472"
"20190531","01","11","    99480","JP3968600001","2128.0000","2132.0000","2112.0000","2123.0000","2120.0000","2129.0000","2113.0000","2119.0000","2128.0000","2132.0000","2112.0000","2119.0000"," ","0.0000","0.0000","72300","153318800","2120.5920"
"20190531","01","11","    99560","JP3778400006","2238.0000","2238.0000","2202.0000","2215.0000","2215.0000","2220.0000","2203.0000","2205.0000","2238.0000","2238.0000","2202.0000","2205.0000"," ","0.0000","0.0000","200000","442638400","2213.1920"
"20190531","01","11","    99600","JP3595300009","2061.0000","2070.0000","2047.0000","2068.0000","2062.0000","2082.0000","2060.0000","2082.0000","2061.0000","2082.0000","2047.0000","2082.0000"," ","0.0000","0.0000","9700","20074700","2069.5567"
"20190531","01","11","    99620","JP3885400006","2551.0000","2588.0000","2534.0000","2569.0000","2574.0000","2586.0000","2561.0000","2561.0000","2551.0000","2588.0000","2534.0000","2561.0000"," ","0.0000","0.0000","894400","2297080100","2568.2917"
"20190531","01","11","    99660","JP3810200000","737.0000","745.0000","737.0000","745.0000","740.0000","742.0000","735.0000","735.0000","737.0000","745.0000","735.0000","735.0000"," ","0.0000","0.0000","2200","1623600","738.0000"
"20190531","01","11","    99720","JP3126150006","205.0000","207.0000","204.0000","205.0000","206.0000","207.0000","204.0000","205.0000","205.0000","207.0000","204.0000","205.0000"," ","0.0000","0.0000","40500","8317300","205.3654"
"20190531","01","11","    99740","JP3835700000","5120.0000","5140.0000","5050.0000","5110.0000","5120.0000","5150.0000","5120.0000","5150.0000","5120.0000","5150.0000","5050.0000","5150.0000"," ","0.0000","0.0000","10300","52761000","5122.4272"
"20190531","01","11","    99790","JP3484000009","1552.0000","1562.0000","1532.0000","1554.0000","1550.0000","1553.0000","1540.0000","1543.0000","1552.0000","1562.0000","1532.0000","1543.0000"," ","0.0000","0.0000","9500","14671000","1544.3158"
"20190531","01","11","    99820","JP3462100003","0.0000","0.0000","0.0000","0.0000","1746.0000","1776.0000","1746.0000","1771.0000","1746.0000","1776.0000","1746.0000","1771.0000"," ","0.0000","0.0000","2800","4924900","1758.8929"
"20190531","01","11","    99830","JP3802300008","63770.0000","63830.0000","62920.0000","63460.0000","63300.0000","63450.0000","62630.0000","62770.0000","63770.0000","63830.0000","62630.0000","62770.0000"," ","0.0000","0.0000","933800","58979357000","63160.5879"
"20190531","01","11","    99840","JP3436100006","10260.0000","10340.0000","10180.0000","10325.0000","10330.0000","10425.0000","10220.0000","10250.0000","10260.0000","10425.0000","10180.0000","10250.0000"," ","0.0000","0.0000","5159600","53018376000","10275.6756"
"20190531","01","11","    99860","JP3345700003","1317.0000","1317.0000","1314.0000","1315.0000","1308.0000","1311.0000","1303.0000","1303.0000","1317.0000","1317.0000","1303.0000","1303.0000"," ","0.0000","0.0000","2000","2616700","1308.3500"
"20190531","01","11","    99870","JP3398000004","6690.0000","6760.0000","6670.0000","6720.0000","6680.0000","6710.0000","6670.0000","6690.0000","6690.0000","6760.0000","6670.0000","6690.0000"," ","0.0000","0.0000","222800","1490937000","6691.8178"
"20190531","01","11","    99890","JP3336600006","2740.0000","2758.0000","2715.0000","2728.0000","2730.0000","2739.0000","2719.0000","2722.0000","2740.0000","2758.0000","2715.0000","2722.0000"," ","0.0000","0.0000","519100","1415941200","2727.6848"
"20190531","01","11","    99900","JP3584700003","994.0000","1008.0000","994.0000","995.0000","999.0000","1011.0000","998.0000","999.0000","994.0000","1011.0000","994.0000","999.0000"," ","0.0000","0.0000","60500","60643700","1002.3752"
"20190531","01","11","    99910","JP3225500002","951.0000","951.0000","944.0000","947.0000","948.0000","950.0000","943.0000","948.0000","951.0000","951.0000","943.0000","948.0000"," ","0.0000","0.0000","14500","13738400","947.4759"
"20190531","01","11","    99930","JP3935800007","1622.0000","1622.0000","1620.0000","1620.0000","1620.0000","1627.0000","1608.0000","1627.0000","1622.0000","1627.0000","1608.0000","1627.0000"," ","0.0000","0.0000","2200","3571400","1623.3636"
"20190531","01","11","    99940","JP3943800007","2016.0000","2024.0000","1998.0000","2017.0000","2013.0000","2023.0000","2000.0000","2000.0000","2016.0000","2024.0000","1998.0000","2000.0000"," ","0.0000","0.0000","10400","20885900","2008.2596"
"20190531","01","11","    99950","JP3130600004","441.0000","441.0000","431.0000","436.0000","440.0000","440.0000","430.0000","431.0000","441.0000","441.0000","430.0000","431.0000"," ","0.0000","0.0000","20900","9068200","433.8852"
"20190531","01","11","    99970","JP3835650007","755.0000","770.0000","755.0000","768.0000","767.0000","771.0000","762.0000","762.0000","755.0000","771.0000","755.0000","762.0000"," ","0.0000","0.0000","146900","112354300","764.8353"
"20190531","01","12","    13190","JP3013190008","0.0000","0.0000","0.0000","0.0000","0.0000","0.0000","0.0000","0.0000","0.0000","0.0000","0.0000","0.0000"," ","0.0000","0.0000","0","0","0.0000"
"20190531","01","12","    13800","JP3107400008","811.0000","818.0000","808.0000","818.0000","820.0000","850.0000","811.0000","811.0000","811.0000","850.0000","808.0000","811.0000"," ","0.0000","0.0000","9900","8208100","829.1010"
"20190531","01","12","    13810","JP3108030002","2576.0000","2576.0000","2576.0000","2576.0000","2575.0000","2599.0000","2552.0000","2563.0000","2576.0000","2599.0000","2552.0000","2563.0000"," ","0.0000","0.0000","1800","4638700","2577.0556"
"20190531","01","12","    13820","JP3837630007","0.0000","0.0000","0.0000","0.0000","0.0000","0.0000","0.0000","0.0000","0.0000","0.0000","0.0000","0.0000"," ","0.0000","0.0000","0","0","0.0000"
"20190531","01","12","    13830","JP3835730007","2096.0000","2110.0000","2096.0000","2110.0000","2110.0000","2111.0000","2107.0000","2107.0000","2096.0000","2111.0000","2096.0000","2107.0000"," ","0.0000","0.0000","1000","2104800","2104.8000"
"20190531","01","12","    14000","JP3124750005","367.0000","372.0000","360.0000","368.0000","365.0000","369.0000","364.0000","366.0000","367.0000","372.0000","360.0000","366.0000"," ","0.0000","0.0000","33800","12338700","365.0503"
"20190531","01","12","    14010","JP3167660004","978.0000","978.0000","962.0000","970.0000","970.0000","970.0000","966.0000","967.0000","978.0000","978.0000","962.0000","967.0000"," ","0.0000","0.0000","1700","1648400","969.6471"
"20190531","01","12","    14070","JP3154750008","1294.0000","1318.0000","1270.0000","1302.0000","1302.0000","1310.0000","1293.0000","1297.0000","1294.0000","1318.0000","1270.0000","1297.0000"," ","0.0000","0.0000","147300","190804700","1295.3476"
"20190531","01","12","    14180","JP3152860007","226.0000","229.0000","225.0000","228.0000","227.0000","229.0000","225.0000","228.0000","226.0000","229.0000","225.0000","228.0000"," ","0.0000","0.0000","8500","1926200","226.6118"
"20190531","01","12","    14320","JP3397900006","0.0000","0.0000","0.0000","0.0000","0.0000","0.0000","0.0000","0.0000","0.0000","0.0000","0.0000","0.0000"," ","0.0000","0.0000","0","0","0.0000"
"20190531","01","12","    14340","JP3386570000","435.0000","437.0000","435.0000","436.0000","440.0000","440.0000","437.0000","437.0000","435.0000","440.0000","435.0000","437.0000"," ","0.0000","0.0000","4300","1881700","437.6047"
"20190531","01","12","    14360","JP3802980007","554.0000","554.0000","549.0000","549.0000","549.0000","549.0000","549.0000","549.0000","554.0000","554.0000","549.0000","549.0000"," ","0.0000","0.0000","600","329900","549.8333"
"20190531","01","12","    14390","JP3931750008","0.0000","0.0000","0.0000","0.0000","0.0000","0.0000","0.0000","0.0000","0.0000","0.0000","0.0000","0.0000"," ","0.0000","0.0000","0","0","0.0000"
"20190531","01","12","    14400","JP3937000002","0.0000","0.0000","0.0000","0.0000","0.0000","0.0000","0.0000","0.0000","0.0000","0.0000","0.0000","0.0000"," ","0.0000","0.0000","0","0","0.0000"
"20190531","01","12","    14430","JP3264300009","221.0000","222.0000","218.0000","220.0000","219.0000","220.0000","217.0000","217.0000","221.0000","222.0000","217.0000","217.0000"," ","0.0000","0.0000","79600","17462300","219.3756"
"20190531","01","12","    14440","JP3679840003","0.0000","0.0000","0.0000","0.0000","0.0000","0.0000","0.0000","0.0000","0.0000","0.0000","0.0000","0.0000"," ","0.0000","0.0000","0","0","0.0000"
"20190531","01","12","    14450","JP3783430006","0.0000","0.0000","0.0000","0.0000","0.0000","0.0000","0.0000","0.0000","0.0000","0.0000","0.0000","0.0000"," ","0.0000","0.0000","0","0","0.0000"
"20190531","01","12","    14460","JP3244530006","1108.0000","1150.0000","1105.0000","1109.0000","1106.0000","1118.0000","1083.0000","1093.0000","1108.0000","1150.0000","1083.0000","1093.0000"," ","0.0000","0.0000","37300","41614200","1115.6622"
"20190531","01","12","    14470","JP3104860006","300.0000","301.0000","297.0000","301.0000","300.0000","303.0000","297.0000","298.0000","300.0000","303.0000","297.0000","298.0000"," ","0.0000","0.0000","60500","18118000","299.4711"
"20190531","01","12","    14500","JP3468860006","2578.0000","2584.0000","2551.0000","2551.0000","2590.0000","2594.0000","2587.0000","2590.0000","2578.0000","2594.0000","2551.0000","2590.0000"," ","0.0000","0.0000","2200","5685600","2584.3636"
"20190531","01","12","    14510","JP3277630004","735.0000","745.0000","735.0000","744.0000","744.0000","749.0000","738.0000","742.0000","735.0000","749.0000","735.0000","742.0000"," ","0.0000","0.0000","33700","25022500","742.5074"
"20190531","01","12","    14910","JP3519000008","20.0000","21.0000","20.0000","20.0000","20.0000","20.0000","20.0000","20.0000","20.0000","21.0000","20.0000","20.0000"," ","0.0000","0.0000","134300","2687800","20.0134"
"20190531","01","12","    17110","JP3363000005","399.0000","405.0000","393.0000","398.0000","404.0000","404.0000","394.0000","394.0000","399.0000","405.0000","393.0000","394.0000"," ","0.0000","0.0000","4500","1798100","399.5778"
"20190531","01","12","    17170","JP3920400003","458.0000","458.0000","453.0000","453.0000","452.0000","456.0000","451.0000","451.0000","458.0000","458.0000","451.0000","451.0000"," ","0.0000","0.0000","16900","7660900","453.3077"
"20190531","01","12","    17180","JP3882700002","3775.0000","3775.0000","3775.0000","3775.0000","3835.0000","3835.0000","3750.0000","3750.0000","3775.0000","3835.0000","3750.0000","3750.0000"," ","0.0000","0.0000","300","1136000","3786.6667"
"20190531","01","12","    17230","JP3734350006","2828.0000","2828.0000","2828.0000","2828.0000","2800.0000","2800.0000","2800.0000","2800.0000","2828.0000","2828.0000","2800.0000","2800.0000"," ","0.0000","0.0000","200","562800","2814.0000"
"20190531","01","12","    17240","JP3372200000","1018.0000","1115.0000","1013.0000","1042.0000","1039.0000","1039.0000","1014.0000","1014.0000","1018.0000","1115.0000","1013.0000","1014.0000"," ","0.0000","0.0000","229600","241153000","1050.3179"
"20190531","01","12","    17280","JP3884490008","304.0000","304.0000","292.0000","302.0000","302.0000","302.0000","292.0000","300.0000","304.0000","304.0000","292.0000","300.0000"," ","0.0000","0.0000","22100","6639400","300.4253"
"20190531","01","12","    17300","JP3119990004","526.0000","526.0000","516.0000","516.0000","526.0000","528.0000","518.0000","518.0000","526.0000","528.0000","516.0000","518.0000"," ","0.0000","0.0000","5500","2877300","523.1455"
"20190531","01","12","    17360","JP3172410007","2233.0000","2234.0000","2233.0000","2234.0000","2224.0000","2224.0000","2224.0000","2224.0000","2233.0000","2234.0000","2224.0000","2224.0000"," ","0.0000","0.0000","300","669100","2230.3333"
"20190531","01","12","    17370","JP3888350000","996.0000","1000.0000","995.0000","995.0000","992.0000","999.0000","992.0000","999.0000","996.0000","1000.0000","992.0000","999.0000"," ","0.0000","0.0000","8600","8585000","998.2558"
"20190531","01","12","    17390","JP3347010005","672.0000","680.0000","669.0000","680.0000","683.0000","683.0000","666.0000","676.0000","672.0000","683.0000","666.0000","676.0000"," ","0.0000","0.0000","3000","2024200","674.7333"
"20190531","01","12","    17430","JP3283450009","3390.0000","3390.0000","3250.0000","3250.0000","0.0000","0.0000","0.0000","0.0000","3390.0000","3390.0000","3250.0000","3250.0000"," ","0.0000","0.0000","200","664000","3320.0000"
"20190531","01","12","    17570","JP3236100008","14.0000","14.0000","13.0000","14.0000","13.0000","14.0000","13.0000","14.0000","14.0000","14.0000","13.0000","14.0000"," ","0.0000","0.0000","571900","7893200","13.8017"
"20190531","01","12","    17580","JP3450200005","0.0000","0.0000","0.0000","0.0000","0.0000","0.0000","0.0000","0.0000","0.0000","0.0000","0.0000","0.0000"," ","0.0000","0.0000","0","0","0.0000"
"20190531","01","12","    17640","JP3266150006","2854.0000","2854.0000","2819.0000","2819.0000","2869.0000","2880.0000","2860.0000","2860.0000","2854.0000","2880.0000","2819.0000","2860.0000"," ","0.0000","0.0000","1200","3426200","2855.1667"
"20190531","01","12","    17700","JP3816750008","779.0000","779.0000","762.0000","771.0000","770.0000","772.0000","770.0000","770.0000","779.0000","779.0000","762.0000","770.0000"," ","0.0000","0.0000","3700","2851400","770.6486"
"20190531","01","12","    17750","JP3820550006","1777.0000","1777.0000","1777.0000","1777.0000","1737.0000","1737.0000","1737.0000","1737.0000","1777.0000","1777.0000","1737.0000","1737.0000"," ","0.0000","0.0000","2700","4749900","1759.2222"
"20190531","01","12","    17760","JP3892200001","730.0000","730.0000","730.0000","730.0000","0.0000","0.0000","0.0000","0.0000","730.0000","730.0000","730.0000","730.0000"," ","0.0000","0.0000","800","584000","730.0000"
"20190531","01","12","    17820","JP3393200005","5130.0000","5130.0000","5130.0000","5130.0000","5030.0000","5030.0000","4960.0000","4960.0000","5130.0000","5130.0000","4960.0000","4960.0000"," ","0.0000","0.0000","1100","5586000","5078.1818"
"20190531","01","12","    17830","JP3653550008","66.0000","66.0000","64.0000","64.0000","64.0000","65.0000","64.0000","64.0000","66.0000","66.0000","64.0000","64.0000"," ","0.0000","0.0000","481500","31048900","64.4837"
"20190531","01","12","    17870","JP3644600003","3230.0000","3230.0000","3230.0000","3230.0000","3210.0000","3210.0000","3210.0000","3210.0000","3230.0000","3230.0000","3210.0000","3210.0000"," ","0.0000","0.0000","500","1607000","3214.0000"
"20190531","01","12","    17880","JP3336500008","0.0000","0.0000","0.0000","0.0000","0.0000","0.0000","0.0000","0.0000","0.0000","0.0000","0.0000","0.0000"," ","0.0000","0.0000","0","0","0.0000"
"20190531","01","12","    17890","JP3934500004","658.0000","659.0000","638.0000","650.0000","646.0000","678.0000","646.0000","675.0000","658.0000","678.0000","638.0000","675.0000"," ","0.0000","0.0000","42900","28229700","658.0350"
"20190531","01","12","    17930","JP3190500003","4800.0000","4800.0000","4800.0000","4800.0000","4845.0000","4845.0000","4845.0000","4845.0000","4800.0000","4845.0000","4800.0000","4845.0000"," ","0.0000","0.0000","200","964500","4822.5000"
"20190531","01","12","    17950","JP3863100008","0.0000","0.0000","0.0000","0.0000","2835.0000","2835.0000","2805.0000","2805.0000","2835.0000","2835.0000","2805.0000","2805.0000"," ","0.0000","0.0000","300","847200","2824.0000"
"20190531","01","12","    17980","JP3927400006","1895.0000","1895.0000","1895.0000","1895.0000","1900.0000","1904.0000","1900.0000","1904.0000","1895.0000","1904.0000","1895.0000","1904.0000"," ","0.0000","0.0000","300","569900","1899.6667"
"20190531","01","12","    17990","JP3474610007","1650.0000","1656.0000","1650.0000","1650.0000","1649.0000","1649.0000","1631.0000","1648.0000","1650.0000","1656.0000","1631.0000","1648.0000"," ","0.0000","0.0000","9500","15567000","1638.6316"
"20190531","01","12","    18070","JP3993800006","0.0000","0.0000","0.0000","0.0000","0.0000","0.0000","0.0000","0.0000","0.0000","0.0000","0.0000","0.0000"," ","0.0000","0.0000","0","0","0.0000"
"20190531","01","12","    18280","JP3468900000","740.0000","741.0000","720.0000","734.0000","734.0000","735.0000","727.0000","730.0000","740.0000","741.0000","720.0000","730.0000"," ","0.0000","0.0000","6800","4986400","733.2941"
"20190531","01","12","    18400","JP3533300004","159.0000","159.0000","158.0000","159.0000","159.0000","159.0000","156.0000","159.0000","159.0000","159.0000","156.0000","159.0000"," ","0.0000","0.0000","34900","5512000","157.9370"
"20190531","01","12","    18410","JP3337200004","946.0000","963.0000","945.0000","963.0000","958.0000","958.0000","943.0000","943.0000","946.0000","963.0000","943.0000","943.0000"," ","0.0000","0.0000","12700","12156000","957.1654"
"20190531","01","12","    18440","JP3190600001","243.0000","243.0000","238.0000","241.0000","242.0000","244.0000","239.0000","239.0000","243.0000","244.0000","238.0000","239.0000"," ","0.0000","0.0000","53400","12848100","240.6011"
"20190531","01","12","    18500","JP3652600002","372.0000","376.0000","370.0000","375.0000","378.0000","378.0000","370.0000","375.0000","372.0000","378.0000","370.0000","375.0000"," ","0.0000","0.0000","7000","2616200","373.7429"
"20190531","01","12","    18530","JP3923600005","331.0000","331.0000","323.0000","325.0000","324.0000","328.0000","324.0000","324.0000","331.0000","331.0000","323.0000","324.0000"," ","0.0000","0.0000","101100","32957900","325.9931"
"20190531","01","12","    18970","JP3216600001","0.0000","0.0000","0.0000","0.0000","0.0000","0.0000","0.0000","0.0000","0.0000","0.0000","0.0000","0.0000"," ","0.0000","0.0000","0","0","0.0000"
"20190531","01","12","    19040","JP3443000009","1679.0000","1695.0000","1672.0000","1695.0000","1679.0000","1697.0000","1674.0000","1674.0000","1679.0000","1697.0000","1672.0000","1674.0000"," ","0.0000","0.0000","9400","15767200","1677.3617"
"20190531","01","12","    19050","JP3545800009","847.0000","853.0000","844.0000","853.0000","854.0000","854.0000","841.0000","841.0000","847.0000","854.0000","841.0000","841.0000"," ","0.0000","0.0000","1400","1186600","847.5714"
"20190531","01","12","    19060","JP3846100000","109.0000","109.0000","107.0000","109.0000","108.0000","108.0000","105.0000","107.0000","109.0000","109.0000","105.0000","107.0000"," ","0.0000","0.0000","11900","1281800","107.7143"
"20190531","01","12","    19380","JP3510600004","1489.0000","1489.0000","1489.0000","1489.0000","1486.0000","1486.0000","1486.0000","1486.0000","1489.0000","1489.0000","1486.0000","1486.0000"," ","0.0000","0.0000","200","297500","1487.5000"
"20190531","01","12","    19480","JP3288600004","4515.0000","4515.0000","4510.0000","4510.0000","4455.0000","4455.0000","4380.0000","4380.0000","4515.0000","4515.0000","4380.0000","4380.0000"," ","0.0000","0.0000","2600","11600000","4461.5385"
"20190531","01","12","    19600","JP3335400002","672.0000","672.0000","660.0000","661.0000","661.0000","681.0000","660.0000","661.0000","672.0000","681.0000","660.0000","661.0000"," ","0.0000","0.0000","8400","5627100","669.8929"
"20190531","01","12","    19650","JP3545040002","800.0000","800.0000","800.0000","800.0000","800.0000","800.0000","798.0000","798.0000","800.0000","800.0000","798.0000","798.0000"," ","0.0000","0.0000","300","239800","799.3333"
"20190531","01","12","    19660","JP3457600009","563.0000","565.0000","563.0000","563.0000","563.0000","563.0000","552.0000","552.0000","563.0000","565.0000","552.0000","552.0000"," ","0.0000","0.0000","9200","5139100","558.5978"
"20190531","01","12","    19710","JP3518200005","739.0000","745.0000","730.0000","745.0000","730.0000","730.0000","720.0000","720.0000","739.0000","745.0000","720.0000","720.0000"," ","0.0000","0.0000","3100","2262400","729.8065"
"20190531","01","12","    19810","JP3254800000","750.0000","750.0000","750.0000","750.0000","750.0000","750.0000","750.0000","750.0000","750.0000","750.0000","750.0000","750.0000"," ","0.0000","0.0000","2700","2025000","750.0000"
"20190531","01","12","    19920","JP3230000006","0.0000","0.0000","0.0000","0.0000","2135.0000","2169.0000","2132.0000","2132.0000","2135.0000","2169.0000","2132.0000","2132.0000"," ","0.0000","0.0000","700","1497600","2139.4286"
"20190531","01","12","    19940","JP3457800005","645.0000","645.0000","644.0000","645.0000","645.0000","648.0000","645.0000","646.0000","645.0000","648.0000","644.0000","646.0000"," ","0.0000","0.0000","4300","2773700","645.0465"
"20190531","01","12","    19970","JP3131000006","0.0000","0.0000","0.0000","0.0000","0.0000","0.0000","0.0000","0.0000","0.0000","0.0000","0.0000","0.0000"," ","0.0000","0.0000","0","0","0.0000"
"20190531","01","12","    20550","JP3666400001","263.0000","265.0000","263.0000","263.0000","261.0000","262.0000","259.0000","262.0000","263.0000","265.0000","259.0000","262.0000"," ","0.0000","0.0000","7500","1965200","262.0267"
"20190531","01","12","    21140","JP3722200007","545.0000","545.0000","543.0000","543.0000","543.0000","544.0000","541.0000","541.0000","545.0000","545.0000","541.0000","541.0000"," ","0.0000","0.0000","2100","1139900","542.8095"
"20190531","01","12","    21210","JP3882750007","2295.0000","2307.0000","2288.0000","2306.0000","2301.0000","2306.0000","2292.0000","2292.0000","2295.0000","2307.0000","2288.0000","2292.0000"," ","0.0000","0.0000","248800","571634400","2297.5659"
"20190531","01","12","    21220","JP3152830000","1346.0000","1346.0000","1312.0000","1318.0000","1316.0000","1379.0000","1312.0000","1372.0000","1346.0000","1379.0000","1312.0000","1372.0000"," ","0.0000","0.0000","16000","21333400","1333.3375"
"20190531","01","12","    21340","JP3325800005","55.0000","57.0000","55.0000","56.0000","56.0000","56.0000","55.0000","55.0000","55.0000","57.0000","55.0000","55.0000"," ","0.0000","0.0000","606600","33728900","55.6032"
"20190531","01","12","    21360","JP3791970001","816.0000","816.0000","807.0000","807.0000","812.0000","812.0000","805.0000","805.0000","816.0000","816.0000","805.0000","805.0000"," ","0.0000","0.0000","3000","2430500","810.1667"
"20190531","01","12","    21380","JP3155270006","1181.0000","1195.0000","1176.0000","1186.0000","1185.0000","1188.0000","1166.0000","1167.0000","1181.0000","1195.0000","1166.0000","1167.0000"," ","0.0000","0.0000","30400","35785900","1177.1678"
"20190531","01","12","    21440","JP3942200001","610.0000","658.0000","572.0000","577.0000","573.0000","608.0000","569.0000","584.0000","610.0000","658.0000","569.0000","584.0000"," ","0.0000","0.0000","839500","510207100","607.7512"
"20190531","01","12","    21460","JP3949500007","2549.0000","2577.0000","2480.0000","2535.0000","2530.0000","2535.0000","2498.0000","2503.0000","2549.0000","2577.0000","2480.0000","2503.0000"," ","0.0000","0.0000","585000","1473349000","2518.5453"
"20190531","01","12","    21500","JP3277550004","690.0000","690.0000","682.0000","684.0000","688.0000","689.0000","680.0000","683.0000","690.0000","690.0000","680.0000","683.0000"," ","0.0000","0.0000","24200","16590900","685.5744"
"20190531","01","12","    21520","JP3953750001","980.0000","980.0000","946.0000","958.0000","960.0000","976.0000","955.0000","958.0000","980.0000","980.0000","946.0000","958.0000"," ","0.0000","0.0000","10400","10010100","962.5096"
"20190531","01","12","    21560","JP3413200001","316.0000","319.0000","316.0000","316.0000","315.0000","315.0000","313.0000","313.0000","316.0000","319.0000","313.0000","313.0000"," ","0.0000","0.0000","1600","505800","316.1250"
"20190531","01","12","    21580","JP3944630007","357.0000","369.0000","353.0000","365.0000","365.0000","368.0000","359.0000","362.0000","357.0000","369.0000","353.0000","362.0000"," ","0.0000","0.0000","406600","147010000","361.5593"
"20190531","01","12","    21590","JP3828200000","501.0000","514.0000","498.0000","513.0000","508.0000","516.0000","502.0000","515.0000","501.0000","516.0000","498.0000","515.0000"," ","0.0000","0.0000","53200","26891000","505.4699"
"20190531","01","12","    21600","JP3386370005","2921.0000","2953.0000","2872.0000","2898.0000","2897.0000","2903.0000","2846.0000","2855.0000","2921.0000","2953.0000","2846.0000","2855.0000"," ","0.0000","0.0000","151300","435951200","2881.3695"
"20190531","01","12","    21620","JP3750800009","352.0000","357.0000","348.0000","354.0000","354.0000","356.0000","347.0000","349.0000","352.0000","357.0000","347.0000","349.0000"," ","0.0000","0.0000","146200","51370100","351.3687"
"20190531","01","12","    21640","JP3507500001","1104.0000","1215.0000","1066.0000","1200.0000","1178.0000","1199.0000","1078.0000","1095.0000","1104.0000","1215.0000","1066.0000","1095.0000"," ","0.0000","0.0000","293100","333054600","1136.3173"
"20190531","01","12","    21730","JP3766300002","632.0000","633.0000","614.0000","628.0000","626.0000","640.0000","620.0000","620.0000","632.0000","640.0000","614.0000","620.0000"," ","0.0000","0.0000","104500","65369300","625.5435"
"20190531","01","12","    21760","JP3146300003","689.0000","690.0000","676.0000","687.0000","685.0000","692.0000","678.0000","680.0000","689.0000","692.0000","676.0000","680.0000"," ","0.0000","0.0000","52900","36181900","683.9679"
"20190531","01","12","    21780","JP3635480001","318.0000","320.0000","317.0000","318.0000","318.0000","319.0000","316.0000","316.0000","318.0000","320.0000","316.0000","316.0000"," ","0.0000","0.0000","10900","3463200","317.7248"
"20190531","01","12","    21790","JP3414400006","914.0000","915.0000","914.0000","915.0000","0.0000","0.0000","0.0000","0.0000","914.0000","915.0000","914.0000","915.0000"," ","0.0000","0.0000","700","639900","914.1429"
"20190531","01","12","    21850","JP3347170007","2280.0000","2350.0000","2280.0000","2350.0000","2308.0000","2342.0000","2308.0000","2324.0000","2280.0000","2350.0000","2280.0000","2324.0000"," ","0.0000","0.0000","2100","4870500","2319.2857"
"20190531","01","12","    21860","JP3431520000","1115.0000","1119.0000","1101.0000","1114.0000","1114.0000","1125.0000","1114.0000","1125.0000","1115.0000","1125.0000","1101.0000","1125.0000"," ","0.0000","0.0000","8400","9359900","1114.2738"
"20190531","01","12","    21910","JP3545900007","234.0000","235.0000","231.0000","233.0000","236.0000","236.0000","231.0000","234.0000","234.0000","236.0000","231.0000","234.0000"," ","0.0000","0.0000","101100","23544400","232.8823"
"20190531","01","12","    21950","JP3124440003","0.0000","0.0000","0.0000","0.0000","3030.0000","3030.0000","3030.0000","3030.0000","3030.0000","3030.0000","3030.0000","3030.0000"," ","0.0000","0.0000","1000","3030000","3030.0000"
"20190531","01","12","    22080","JP3831400001","1743.0000","1743.0000","1742.0000","1742.0000","1747.0000","1748.0000","1740.0000","1740.0000","1743.0000","1748.0000","1740.0000","1740.0000"," ","0.0000","0.0000","2100","3661800","1743.7143"
"20190531","01","12","    22160","JP3233400005","3650.0000","3650.0000","3555.0000","3560.0000","3555.0000","3555.0000","3535.0000","3535.0000","3650.0000","3650.0000","3535.0000","3535.0000"," ","0.0000","0.0000","2500","8967500","3587.0000"
"20190531","01","12","    22210","JP3152200006","3970.0000","3995.0000","3960.0000","3995.0000","3960.0000","3995.0000","3960.0000","3995.0000","3970.0000","3995.0000","3960.0000","3995.0000"," ","0.0000","0.0000","1700","6766000","3980.0000"
"20190531","01","12","    22240","JP3305700001","2326.0000","2326.0000","2323.0000","2325.0000","2326.0000","2334.0000","2326.0000","2334.0000","2326.0000","2334.0000","2323.0000","2334.0000"," ","0.0000","0.0000","700","1628500","2326.4286"
"20190531","01","12","    22260","JP3829100001","4885.0000","4885.0000","4865.0000","4865.0000","0.0000","0.0000","0.0000","0.0000","4885.0000","4885.0000","4865.0000","4865.0000"," ","0.0000","0.0000","200","975000","4875.0000"
"20190531","01","12","    22300","JP3309020000","0.0000","0.0000","0.0000","0.0000","0.0000","0.0000","0.0000","0.0000","0.0000","0.0000","0.0000","0.0000"," ","0.0000","0.0000","0","0","0.0000"
"20190531","01","12","    22680","JP3799600006","4035.0000","4045.0000","4035.0000","4045.0000","4045.0000","4045.0000","4015.0000","4015.0000","4035.0000","4045.0000","4015.0000","4015.0000"," ","0.0000","0.0000","2100","8465500","4031.1905"
"20190531","01","12","    22910","JP3806600007","0.0000","0.0000","0.0000","0.0000","2113.0000","2113.0000","2113.0000","2113.0000","2113.0000","2113.0000","2113.0000","2113.0000"," ","0.0000","0.0000","100","211300","2113.0000"
"20190531","01","12","    22930","JP3462000005","2876.0000","2876.0000","2870.0000","2870.0000","2860.0000","2860.0000","2860.0000","2860.0000","2876.0000","2876.0000","2860.0000","2860.0000"," ","0.0000","0.0000","300","860600","2868.6667"
"20190531","01","12","    22940","JP3206500005","2085.0000","2090.0000","2080.0000","2080.0000","2083.0000","2084.0000","2075.0000","2081.0000","2085.0000","2090.0000","2075.0000","2081.0000"," ","0.0000","0.0000","5400","11256100","2084.4630"
"20190531","01","12","    23000","JP3256850003","522.0000","522.0000","520.0000","521.0000","520.0000","520.0000","519.0000","519.0000","522.0000","522.0000","519.0000","519.0000"," ","0.0000","0.0000","800","416000","520.0000"
"20190531","01","12","    23030","JP3637600002","1010.0000","1010.0000","993.0000","995.0000","984.0000","985.0000","957.0000","967.0000","1010.0000","1010.0000","957.0000","967.0000"," ","0.0000","0.0000","27200","26718700","982.3051"
"20190531","01","12","    23040","JP3425500000","392.0000","400.0000","388.0000","400.0000","395.0000","398.0000","391.0000","393.0000","392.0000","400.0000","388.0000","393.0000"," ","0.0000","0.0000","4100","1621800","395.5610"
"20190531","01","12","    23110","JP3167250004","1106.0000","1106.0000","1097.0000","1100.0000","1099.0000","1106.0000","1098.0000","1098.0000","1106.0000","1106.0000","1097.0000","1098.0000"," ","0.0000","0.0000","12800","14099000","1101.4844"
"20190531","01","12","    23150","JP3333400004","28.0000","28.0000","27.0000","28.0000","28.0000","28.0000","27.0000","28.0000","28.0000","28.0000","27.0000","28.0000"," ","0.0000","0.0000","1338900","37314600","27.8696"
"20190531","01","12","    23210","JP3436190007","107.0000","107.0000","106.0000","107.0000","107.0000","107.0000","106.0000","107.0000","107.0000","107.0000","106.0000","107.0000"," ","0.0000","0.0000","19600","2095000","106.8878"
"20190531","01","12","    23230","JP3758080000","428.0000","430.0000","383.0000","386.0000","386.0000","395.0000","375.0000","377.0000","428.0000","430.0000","375.0000","377.0000"," ","0.0000","0.0000","80600","32082200","398.0422"
"20190531","01","12","    23290","JP3604400006","591.0000","593.0000","584.0000","587.0000","593.0000","603.0000","590.0000","596.0000","591.0000","603.0000","584.0000","596.0000"," ","0.0000","0.0000","29600","17678000","597.2297"
"20190531","01","12","    23300","JP3802810006","152.0000","152.0000","150.0000","150.0000","150.0000","151.0000","149.0000","150.0000","152.0000","152.0000","149.0000","150.0000"," ","0.0000","0.0000","82200","12362100","150.3905"
"20190531","01","12","    23320","JP3266130008","920.0000","930.0000","914.0000","930.0000","930.0000","933.0000","900.0000","900.0000","920.0000","933.0000","900.0000","900.0000"," ","0.0000","0.0000","11900","10907900","916.6303"
"20190531","01","12","    23340","JP3131380002","2063.0000","2065.0000","2040.0000","2040.0000","2041.0000","2042.0000","1975.0000","2000.0000","2063.0000","2065.0000","1975.0000","2000.0000"," ","0.0000","0.0000","8200","16645000","2029.8780"
"20190531","01","12","    23360","JP3818770004","0.0000","0.0000","0.0000","0.0000","0.0000","0.0000","0.0000","0.0000","0.0000","0.0000","0.0000","0.0000"," ","0.0000","0.0000","0","0","0.0000"
"20190531","01","12","    23380","JP3345580009","302.0000","307.0000","299.0000","302.0000","302.0000","302.0000","297.0000","301.0000","302.0000","307.0000","297.0000","301.0000"," ","0.0000","0.0000","69700","21035100","301.7948"
"20190531","01","12","    23400","JP3387850005","560.0000","561.0000","554.0000","557.0000","557.0000","557.0000","554.0000","555.0000","560.0000","561.0000","554.0000","555.0000"," ","0.0000","0.0000","8200","4571200","557.4634"
"20190531","01","12","    23410","JP3126180003","188.0000","190.0000","188.0000","190.0000","190.0000","190.0000","188.0000","188.0000","188.0000","190.0000","188.0000","188.0000"," ","0.0000","0.0000","5500","1041500","189.3636"
"20190531","01","12","    23420","JP3635720000","471.0000","477.0000","467.0000","471.0000","467.0000","470.0000","461.0000","461.0000","471.0000","477.0000","461.0000","461.0000"," ","0.0000","0.0000","132700","62099700","467.9706"
"20190531","01","12","    23440","JP3834050001","878.0000","879.0000","876.0000","879.0000","0.0000","0.0000","0.0000","0.0000","878.0000","879.0000","876.0000","879.0000"," ","0.0000","0.0000","500","438900","877.8000"
"20190531","01","12","    23450","JP3351020007","602.0000","607.0000","601.0000","606.0000","612.0000","623.0000","588.0000","598.0000","602.0000","623.0000","588.0000","598.0000"," ","0.0000","0.0000","5400","3280200","607.4444"
"20190531","01","12","    23490","JP3164610002","1300.0000","1300.0000","1292.0000","1292.0000","1292.0000","1292.0000","1290.0000","1290.0000","1300.0000","1300.0000","1290.0000","1290.0000"," ","0.0000","0.0000","4100","5318600","1297.2195"
"20190531","01","12","    23510","JP3122420007","1475.0000","1528.0000","1465.0000","1505.0000","1500.0000","1512.0000","1488.0000","1510.0000","1475.0000","1528.0000","1465.0000","1510.0000"," ","0.0000","0.0000","79000","118492600","1499.9063"
"20190531","01","12","    23540","JP3931800001","316.0000","317.0000","310.0000","317.0000","318.0000","318.0000","312.0000","314.0000","316.0000","318.0000","310.0000","314.0000"," ","0.0000","0.0000","13400","4216700","314.6791"
"20190531","01","12","    23620","JP3952850000","719.0000","720.0000","708.0000","716.0000","717.0000","717.0000","709.0000","709.0000","719.0000","720.0000","708.0000","709.0000"," ","0.0000","0.0000","374600","267316600","713.6054"
"20190531","01","12","    23700","JP3920990003","68.0000","70.0000","68.0000","69.0000","69.0000","69.0000","68.0000","68.0000","68.0000","70.0000","68.0000","68.0000"," ","0.0000","0.0000","146700","10078700","68.7028"
"20190531","01","12","    23730","JP3277500009","1404.0000","1427.0000","1404.0000","1427.0000","1410.0000","1426.0000","1405.0000","1422.0000","1404.0000","1427.0000","1404.0000","1422.0000"," ","0.0000","0.0000","3000","4240400","1413.4667"
"20190531","01","12","    23750","JP3410750008","1210.0000","1210.0000","1167.0000","1178.0000","1178.0000","1226.0000","1176.0000","1184.0000","1210.0000","1226.0000","1167.0000","1184.0000"," ","0.0000","0.0000","63900","76259900","1193.4257"
"20190531","01","12","    23850","JP3431850001","605.0000","623.0000","602.0000","611.0000","612.0000","613.0000","600.0000","603.0000","605.0000","623.0000","600.0000","603.0000"," ","0.0000","0.0000","357400","217917300","609.7294"
"20190531","01","12","    23880","JP3831450006","116.0000","118.0000","116.0000","118.0000","117.0000","117.0000","115.0000","116.0000","116.0000","118.0000","115.0000","116.0000"," ","0.0000","0.0000","38500","4472700","116.1740"
"20190531","01","12","    23910","JP3833120003","1797.0000","1797.0000","1797.0000","1797.0000","1808.0000","1808.0000","1791.0000","1791.0000","1797.0000","1808.0000","1791.0000","1791.0000"," ","0.0000","0.0000","600","1078600","1797.6667"
"20190531","01","12","    23930","JP3699800003","1214.0000","1219.0000","1210.0000","1219.0000","1218.0000","1219.0000","1210.0000","1215.0000","1214.0000","1219.0000","1210.0000","1215.0000"," ","0.0000","0.0000","4100","4979400","1214.4878"
"20190531","01","12","    23970","JP3548590003","726.0000","728.0000","712.0000","720.0000","720.0000","720.0000","705.0000","706.0000","726.0000","728.0000","705.0000","706.0000"," ","0.0000","0.0000","135800","96968600","714.0545"
"20190531","01","12","    24020","JP3124200001","720.0000","720.0000","715.0000","715.0000","715.0000","723.0000","715.0000","723.0000","720.0000","723.0000","715.0000","723.0000"," ","0.0000","0.0000","1300","933200","717.8462"
"20190531","01","12","    24040","JP3545620001","356.0000","358.0000","356.0000","357.0000","357.0000","358.0000","357.0000","357.0000","356.0000","358.0000","356.0000","357.0000"," ","0.0000","0.0000","5600","1998500","356.8750"
"20190531","01","12","    24050","JP3812250003","461.0000","467.0000","461.0000","465.0000","463.0000","463.0000","455.0000","460.0000","461.0000","467.0000","455.0000","460.0000"," ","0.0000","0.0000","20100","9254200","460.4080"
"20190531","01","12","    24060","JP3126170004","476.0000","482.0000","476.0000","482.0000","482.0000","482.0000","482.0000","482.0000","476.0000","482.0000","476.0000","482.0000"," ","0.0000","0.0000","700","336800","481.1429"
"20190531","01","12","    24080","JP3277130005","403.0000","403.0000","401.0000","401.0000","398.0000","403.0000","398.0000","399.0000","403.0000","403.0000","398.0000","399.0000"," ","0.0000","0.0000","2100","839400","399.7143"
"20190531","01","12","    24110","JP3282850001","454.0000","457.0000","453.0000","453.0000","456.0000","456.0000","454.0000","455.0000","454.0000","457.0000","453.0000","455.0000"," ","0.0000","0.0000","3800","1727200","454.5263"
"20190531","01","12","    24150","JP3794520001","1571.0000","1579.0000","1571.0000","1571.0000","1571.0000","1571.0000","1544.0000","1560.0000","1571.0000","1579.0000","1544.0000","1560.0000"," ","0.0000","0.0000","2800","4378000","1563.5714"
"20190531","01","12","    24170","JP3531350001","691.0000","691.0000","691.0000","691.0000","694.0000","694.0000","694.0000","694.0000","691.0000","694.0000","691.0000","694.0000"," ","0.0000","0.0000","200","138500","692.5000"
"20190531","01","12","    24250","JP3277450007","502.0000","502.0000","502.0000","502.0000","0.0000","0.0000","0.0000","0.0000","502.0000","502.0000","502.0000","502.0000"," ","0.0000","0.0000","1700","853400","502.0000"
"20190531","01","12","    24350","JP3351630003","192.0000","193.0000","190.0000","193.0000","192.0000","192.0000","190.0000","190.0000","192.0000","193.0000","190.0000","190.0000"," ","0.0000","0.0000","13600","2610600","191.9559"
"20190531","01","12","    24360","JP3253500007","1510.0000","1535.0000","1455.0000","1490.0000","1505.0000","1533.0000","1486.0000","1490.0000","1510.0000","1535.0000","1455.0000","1490.0000"," ","0.0000","0.0000","69300","103517500","1493.7590"
"20190531","01","12","    24370","JP3384900001","381.0000","382.0000","367.0000","377.0000","377.0000","380.0000","374.0000","379.0000","381.0000","382.0000","367.0000","379.0000"," ","0.0000","0.0000","121900","46002000","377.3749"
"20190531","01","12","    24380","JP3119670002","1440.0000","1444.0000","1413.0000","1421.0000","1423.0000","1432.0000","1409.0000","1410.0000","1440.0000","1444.0000","1409.0000","1410.0000"," ","0.0000","0.0000","112600","160219600","1422.9094"
"20190531","01","12","    24490","JP3833050002","1590.0000","1590.0000","1590.0000","1590.0000","1597.0000","1597.0000","1590.0000","1597.0000","1590.0000","1597.0000","1590.0000","1597.0000"," ","0.0000","0.0000","500","797100","1594.2000"
"20190531","01","12","    24520","JP3306450002","0.0000","0.0000","0.0000","0.0000","0.0000","0.0000","0.0000","0.0000","0.0000","0.0000","0.0000","0.0000"," ","0.0000","0.0000","0","0","0.0000"
"20190531","01","12","    24540","JP3174050009","625.0000","627.0000","623.0000","627.0000","626.0000","627.0000","619.0000","627.0000","625.0000","627.0000","619.0000","627.0000"," ","0.0000","0.0000","6300","3936000","624.7619"
"20190531","01","12","    24590","JP3105310001","228.0000","230.0000","228.0000","230.0000","227.0000","227.0000","224.0000","224.0000","228.0000","230.0000","224.0000","224.0000"," ","0.0000","0.0000","6700","1518300","226.6119"
"20190531","01","12","    24680","JP3826260006","505.0000","512.0000","503.0000","508.0000","507.0000","510.0000","500.0000","502.0000","505.0000","512.0000","500.0000","502.0000"," ","0.0000","0.0000","16500","8315000","503.9394"
"20190531","01","12","    24690","JP3793200001","2165.0000","2365.0000","2158.0000","2351.0000","2365.0000","2424.0000","2353.0000","2379.0000","2165.0000","2424.0000","2158.0000","2379.0000"," ","0.0000","0.0000","36500","84281900","2309.0932"
"20190531","01","12","    24710","JP3163900008","2762.0000","2840.0000","2762.0000","2802.0000","2819.0000","2860.0000","2790.0000","2799.0000","2762.0000","2860.0000","2762.0000","2799.0000"," ","0.0000","0.0000","61600","173419700","2815.2549"
"20190531","01","12","    24770","JP3783300001","2715.0000","2764.0000","2696.0000","2737.0000","2731.0000","2755.0000","2698.0000","2710.0000","2715.0000","2764.0000","2696.0000","2710.0000"," ","0.0000","0.0000","16800","45769000","2724.3452"
"20190531","01","12","    24790","JP3386260008","222.0000","222.0000","219.0000","221.0000","221.0000","222.0000","218.0000","219.0000","222.0000","222.0000","218.0000","219.0000"," ","0.0000","0.0000","117400","25800900","219.7692"
"20190531","01","12","    24800","JP3351080001","881.0000","881.0000","869.0000","869.0000","880.0000","880.0000","880.0000","880.0000","881.0000","881.0000","869.0000","880.0000"," ","0.0000","0.0000","600","527100","878.5000"
"20190531","01","12","    24810","JP3452300001","454.0000","454.0000","440.0000","446.0000","441.0000","456.0000","441.0000","447.0000","454.0000","456.0000","440.0000","447.0000"," ","0.0000","0.0000","3900","1743100","446.9487"
"20190531","01","12","    24830","JP3854900002","2235.0000","2235.0000","2196.0000","2211.0000","2208.0000","2225.0000","2208.0000","2211.0000","2235.0000","2235.0000","2196.0000","2211.0000"," ","0.0000","0.0000","4100","9094300","2218.1220"
"20190531","01","12","    24840","JP3952870008","1355.0000","1386.0000","1350.0000","1370.0000","1365.0000","1367.0000","1340.0000","1340.0000","1355.0000","1386.0000","1340.0000","1340.0000"," ","0.0000","0.0000","213500","291106100","1363.4946"
"20190531","01","12","    24880","JP3710700000","709.0000","710.0000","699.0000","708.0000","708.0000","714.0000","705.0000","709.0000","709.0000","714.0000","699.0000","709.0000"," ","0.0000","0.0000","27100","19136100","706.1292"
"20190531","01","12","    24890","JP3121970002","334.0000","334.0000","323.0000","327.0000","327.0000","329.0000","322.0000","322.0000","334.0000","334.0000","322.0000","322.0000"," ","0.0000","0.0000","354900","115734400","326.1043"
"20190531","01","12","    24930","JP3130420007","1037.0000","1037.0000","1024.0000","1030.0000","1031.0000","1033.0000","1027.0000","1030.0000","1037.0000","1037.0000","1024.0000","1030.0000"," ","0.0000","0.0000","11500","11846400","1030.1217"
"20190531","01","12","    24970","JP3758130003","1409.0000","1423.0000","1397.0000","1419.0000","1419.0000","1437.0000","1413.0000","1416.0000","1409.0000","1437.0000","1397.0000","1416.0000"," ","0.0000","0.0000","167500","237382600","1417.2096"
"20190531","01","12","    24980","JP3121120004","1957.0000","1965.0000","1956.0000","1965.0000","1965.0000","1965.0000","1920.0000","1922.0000","1957.0000","1965.0000","1920.0000","1922.0000"," ","0.0000","0.0000","2900","5640200","1944.8966"
"20190531","01","12","    24990","JP3756080002","325.0000","325.0000","324.0000","325.0000","325.0000","328.0000","325.0000","328.0000","325.0000","328.0000","324.0000","328.0000"," ","0.0000","0.0000","8300","2711100","326.6386"
"20190531","01","12","    25730","JP3847800004","3755.0000","3760.0000","3745.0000","3750.0000","3745.0000","3745.0000","3740.0000","3745.0000","3755.0000","3760.0000","3740.0000","3745.0000"," ","0.0000","0.0000","3000","11247000","3749.0000"
"20190531","01","12","    25860","JP3828300008","611.0000","633.0000","553.0000","594.0000","596.0000","600.0000","560.0000","600.0000","611.0000","633.0000","553.0000","600.0000"," ","0.0000","0.0000","419000","246493800","588.2907"
"20190531","01","12","    25880","JP3155450004","1611.0000","1611.0000","1566.0000","1577.0000","1578.0000","1617.0000","1578.0000","1617.0000","1611.0000","1617.0000","1566.0000","1617.0000"," ","0.0000","0.0000","2400","3805200","1585.5000"
"20190531","01","12","    26080","JP3855400002","0.0000","0.0000","0.0000","0.0000","0.0000","0.0000","0.0000","0.0000","0.0000","0.0000","0.0000","0.0000"," ","0.0000","0.0000","0","0","0.0000"
"20190531","01","12","    26520","JP3879700007","629.0000","630.0000","624.0000","625.0000","629.0000","629.0000","623.0000","625.0000","629.0000","630.0000","623.0000","625.0000"," ","0.0000","0.0000","5400","3379500","625.8333"
"20190531","01","12","    26530","JP3245400001","1986.0000","1986.0000","1979.0000","1979.0000","1990.0000","1990.0000","1979.0000","1979.0000","1986.0000","1990.0000","1979.0000","1979.0000"," ","0.0000","0.0000","2600","5158200","1983.9231"
"20190531","01","12","    26540","JP3384720003","403.0000","408.0000","397.0000","406.0000","406.0000","409.0000","396.0000","396.0000","403.0000","409.0000","396.0000","396.0000"," ","0.0000","0.0000","15900","6389600","401.8616"
"20190531","01","12","    26550","JP3864850007","1352.0000","1353.0000","1352.0000","1353.0000","1355.0000","1373.0000","1355.0000","1373.0000","1352.0000","1373.0000","1352.0000","1373.0000"," ","0.0000","0.0000","400","543300","1358.2500"
"20190531","01","12","    26560","JP3835400007","375.0000","376.0000","368.0000","370.0000","370.0000","372.0000","362.0000","369.0000","375.0000","376.0000","362.0000","369.0000"," ","0.0000","0.0000","55900","20764000","371.4490"
"20190531","01","12","    26660","JP3172430005","113.0000","113.0000","111.0000","113.0000","112.0000","112.0000","111.0000","112.0000","113.0000","113.0000","111.0000","112.0000"," ","0.0000","0.0000","43700","4893900","111.9886"
"20190531","01","12","    26670","JP3149400008","616.0000","633.0000","613.0000","623.0000","623.0000","624.0000","617.0000","623.0000","616.0000","633.0000","613.0000","623.0000"," ","0.0000","0.0000","235200","146077300","621.0770"
"20190531","01","12","    26680","JP3506100001","1059.0000","1059.0000","1056.0000","1056.0000","1058.0000","1058.0000","1057.0000","1057.0000","1059.0000","1059.0000","1056.0000","1057.0000"," ","0.0000","0.0000","600","634600","1057.6667"
"20190531","01","12","    26690","JP3217900004","3010.0000","3010.0000","3010.0000","3010.0000","3030.0000","3030.0000","3010.0000","3030.0000","3010.0000","3030.0000","3010.0000","3030.0000"," ","0.0000","0.0000","800","2414000","3017.5000"
"20190531","01","12","    26730","JP3952900003","116.0000","116.0000","113.0000","114.0000","114.0000","115.0000","112.0000","112.0000","116.0000","116.0000","112.0000","112.0000"," ","0.0000","0.0000","20900","2368300","113.3158"
"20190531","01","12","    26750","JP3491900001","1620.0000","1620.0000","1615.0000","1615.0000","0.0000","0.0000","0.0000","0.0000","1620.0000","1620.0000","1615.0000","1615.0000"," ","0.0000","0.0000","1500","2426100","1617.4000"
"20190531","01","12","    26830","JP3155500006","1399.0000","1401.0000","1392.0000","1392.0000","1393.0000","1400.0000","1391.0000","1400.0000","1399.0000","1401.0000","1391.0000","1400.0000"," ","0.0000","0.0000","2600","3629200","1395.8462"
"20190531","01","12","    26890","JP3226700007","1441.0000","1441.0000","1421.0000","1421.0000","1420.0000","1457.0000","1420.0000","1445.0000","1441.0000","1457.0000","1420.0000","1445.0000"," ","0.0000","0.0000","4100","5872800","1432.3902"
"20190531","01","12","    26930","JP3990750006","306.0000","306.0000","302.0000","304.0000","306.0000","306.0000","303.0000","303.0000","306.0000","306.0000","302.0000","303.0000"," ","0.0000","0.0000","16500","5010100","303.6424"
"20190531","01","12","    26940","JP3834150009","72.0000","72.0000","71.0000","72.0000","72.0000","72.0000","71.0000","71.0000","72.0000","72.0000","71.0000","71.0000"," ","0.0000","0.0000","76300","5489400","71.9450"
"20190531","01","12","    27000","JP3240900005","0.0000","0.0000","0.0000","0.0000","0.0000","0.0000","0.0000","0.0000","0.0000","0.0000","0.0000","0.0000"," ","0.0000","0.0000","0","0","0.0000"
"20190531","01","12","    27020","JP3750500005","4960.0000","4980.0000","4940.0000","4960.0000","4960.0000","4960.0000","4930.0000","4940.0000","4960.0000","4980.0000","4930.0000","4940.0000"," ","0.0000","0.0000","281400","1392996000","4950.2345"
"20190531","01","12","    27030","JP3754450009","178.0000","181.0000","178.0000","181.0000","180.0000","182.0000","178.0000","180.0000","178.0000","182.0000","178.0000","180.0000"," ","0.0000","0.0000","43500","7793200","179.1540"
"20190531","01","12","    27050","JP3188300002","2140.0000","2145.0000","2136.0000","2136.0000","2138.0000","2149.0000","2138.0000","2144.0000","2140.0000","2149.0000","2136.0000","2144.0000"," ","0.0000","0.0000","1900","4071100","2142.6842"
"20190531","01","12","    27060","JP3831500008","1220.0000","1234.0000","1194.0000","1223.0000","1220.0000","1220.0000","1201.0000","1202.0000","1220.0000","1234.0000","1194.0000","1202.0000"," ","0.0000","0.0000","45200","54586800","1207.6726"
"20190531","01","12","    27080","JP3266120009","887.0000","887.0000","880.0000","880.0000","0.0000","0.0000","0.0000","0.0000","887.0000","887.0000","880.0000","880.0000"," ","0.0000","0.0000","400","353500","883.7500"
"20190531","01","12","    27140","JP3833150000","509.0000","509.0000","505.0000","508.0000","506.0000","507.0000","503.0000","503.0000","509.0000","509.0000","503.0000","503.0000"," ","0.0000","0.0000","2800","1417500","506.2500"
"20190531","01","12","    27210","JP3386180008","405.0000","405.0000","398.0000","401.0000","400.0000","403.0000","397.0000","398.0000","405.0000","405.0000","397.0000","398.0000"," ","0.0000","0.0000","5100","2040700","400.1373"
"20190531","01","12","    27220","JP3101100000","471.0000","472.0000","465.0000","468.0000","468.0000","473.0000","460.0000","461.0000","471.0000","473.0000","460.0000","461.0000"," ","0.0000","0.0000","41300","19263800","466.4358"
"20190531","01","12","    27360","JP3319700005","1661.0000","1662.0000","1636.0000","1636.0000","1642.0000","1642.0000","1642.0000","1642.0000","1661.0000","1662.0000","1636.0000","1642.0000"," ","0.0000","0.0000","600","989100","1648.5000"
"20190531","01","12","    27430","JP3765210004","206.0000","209.0000","202.0000","206.0000","206.0000","209.0000","202.0000","204.0000","206.0000","209.0000","202.0000","204.0000"," ","0.0000","0.0000","205000","42172400","205.7190"
"20190531","01","12","    27470","JP3843370002","0.0000","0.0000","0.0000","0.0000","0.0000","0.0000","0.0000","0.0000","0.0000","0.0000","0.0000","0.0000","1","3020.0000","0.0000","0","0","0.0000"
"20190531","01","12","    27500","JP3136950007","402.0000","402.0000","402.0000","402.0000","402.0000","402.0000","402.0000","402.0000","402.0000","402.0000","402.0000","402.0000"," ","0.0000","0.0000","500","201000","402.0000"
"20190531","01","12","    27510","JP3547700009","2187.0000","2187.0000","2142.0000","2143.0000","2143.0000","2165.0000","2140.0000","2140.0000","2187.0000","2187.0000","2140.0000","2140.0000"," ","0.0000","0.0000","14000","30199500","2157.1071"
"20190531","01","12","    27540","JP3854630005","430.0000","430.0000","421.0000","428.0000","426.0000","428.0000","422.0000","422.0000","430.0000","430.0000","421.0000","422.0000"," ","0.0000","0.0000","1700","721800","424.5882"
"20190531","01","12","    27610","JP3626400000","0.0000","0.0000","0.0000","0.0000","0.0000","0.0000","0.0000","0.0000","0.0000","0.0000","0.0000","0.0000"," ","0.0000","0.0000","0","0","0.0000"
"20190531","01","12","    27620","JP3332520000","415.0000","415.0000","413.0000","414.0000","413.0000","416.0000","413.0000","416.0000","415.0000","416.0000","413.0000","416.0000"," ","0.0000","0.0000","3000","1242200","414.0667"
"20190531","01","12","    27630","JP3166940001","1172.0000","1172.0000","1162.0000","1166.0000","1166.0000","1172.0000","1162.0000","1171.0000","1172.0000","1172.0000","1162.0000","1171.0000"," ","0.0000","0.0000","10800","12626500","1169.1204"
"20190531","01","12","    27690","JP3159960008","945.0000","949.0000","944.0000","944.0000","945.0000","946.0000","945.0000","945.0000","945.0000","949.0000","944.0000","945.0000"," ","0.0000","0.0000","2700","2552200","945.2593"
"20190531","01","12","    27730","JP3909550000","905.0000","905.0000","900.0000","902.0000","901.0000","904.0000","898.0000","898.0000","905.0000","905.0000","898.0000","898.0000"," ","0.0000","0.0000","2100","1892900","901.3810"
"20190531","01","12","    27760","JP3270600004","115.0000","115.0000","111.0000","114.0000","114.0000","115.0000","114.0000","114.0000","115.0000","115.0000","111.0000","114.0000"," ","0.0000","0.0000","40900","4642600","113.5110"
"20190531","01","12","    27770","JP3212300002","845.0000","845.0000","827.0000","836.0000","844.0000","844.0000","844.0000","844.0000","845.0000","845.0000","827.0000","844.0000"," ","0.0000","0.0000","900","753700","837.4444"
"20190531","01","12","    27780","JP3782800001","299.0000","301.0000","298.0000","300.0000","301.0000","302.0000","297.0000","298.0000","299.0000","302.0000","297.0000","298.0000"," ","0.0000","0.0000","20300","6079500","299.4828"
"20190531","01","12","    27800","JP3305590006","958.0000","979.0000","958.0000","966.0000","966.0000","967.0000","958.0000","960.0000","958.0000","979.0000","958.0000","960.0000"," ","0.0000","0.0000","29500","28427900","963.6576"
"20190531","01","12","    27820","JP3423520000","2724.0000","2741.0000","2695.0000","2699.0000","2703.0000","2710.0000","2684.0000","2700.0000","2724.0000","2741.0000","2684.0000","2700.0000"," ","0.0000","0.0000","233600","632810100","2708.9473"
"20190531","01","12","    27880","JP3121170009","230.0000","233.0000","230.0000","231.0000","230.0000","231.0000","230.0000","231.0000","230.0000","233.0000","230.0000","231.0000"," ","0.0000","0.0000","6300","1452000","230.4762"
"20190531","01","12","    27890","JP3220800001","454.0000","454.0000","454.0000","454.0000","457.0000","457.0000","452.0000","452.0000","454.0000","457.0000","452.0000","452.0000"," ","0.0000","0.0000","2300","1042900","453.4348"
"20190531","01","12","    27900","JP3651160008","0.0000","0.0000","0.0000","0.0000","1458.0000","1462.0000","1450.0000","1450.0000","1458.0000","1462.0000","1450.0000","1450.0000"," ","0.0000","0.0000","400","583100","1457.7500"
"20190531","01","12","    27950","JP3749250001","888.0000","888.0000","888.0000","888.0000","887.0000","888.0000","877.0000","877.0000","888.0000","888.0000","877.0000","877.0000"," ","0.0000","0.0000","700","619300","884.7143"
"20190531","01","12","    27980","JP3990760005","2350.0000","2393.0000","2350.0000","2366.0000","2368.0000","2389.0000","2366.0000","2389.0000","2350.0000","2393.0000","2350.0000","2389.0000"," ","0.0000","0.0000","1100","2610900","2373.5455"
"20190531","01","12","    28040","JP3831200005","2060.0000","2061.0000","2060.0000","2061.0000","2031.0000","2031.0000","2031.0000","2031.0000","2060.0000","2061.0000","2031.0000","2031.0000"," ","0.0000","0.0000","1200","2457600","2048.0000"
"20190531","01","12","    28050","JP3163600004","4035.0000","4035.0000","3990.0000","4000.0000","4035.0000","4035.0000","3975.0000","3975.0000","4035.0000","4035.0000","3975.0000","3975.0000"," ","0.0000","0.0000","1700","6813500","4007.9412"
"20190531","01","12","    28060","JP3949200004","1747.0000","1781.0000","1747.0000","1781.0000","0.0000","0.0000","0.0000","0.0000","1747.0000","1781.0000","1747.0000","1781.0000"," ","0.0000","0.0000","700","1226300","1751.8571"
"20190531","01","12","    28130","JP3993000003","0.0000","0.0000","0.0000","0.0000","3000.0000","3000.0000","3000.0000","3000.0000","3000.0000","3000.0000","3000.0000","3000.0000"," ","0.0000","0.0000","100","300000","3000.0000"
"20190531","01","12","    28140","JP3322100003","0.0000","0.0000","0.0000","0.0000","0.0000","0.0000","0.0000","0.0000","0.0000","0.0000","0.0000","0.0000"," ","0.0000","0.0000","0","0","0.0000"
"20190531","01","12","    28160","JP3483900001","1199.0000","1207.0000","1199.0000","1207.0000","1207.0000","1207.0000","1199.0000","1200.0000","1199.0000","1207.0000","1199.0000","1200.0000"," ","0.0000","0.0000","1900","2280500","1200.2632"
"20190531","01","12","    28200","JP3943100002","2390.0000","2469.0000","2390.0000","2454.0000","2442.0000","2449.0000","2407.0000","2407.0000","2390.0000","2469.0000","2390.0000","2407.0000"," ","0.0000","0.0000","3800","9217200","2425.5789"
"20190531","01","12","    28300","JP3105900009","2314.0000","2320.0000","2270.0000","2305.0000","2305.0000","2305.0000","2305.0000","2305.0000","2314.0000","2320.0000","2270.0000","2305.0000"," ","0.0000","0.0000","2200","5086700","2312.1364"
"20190531","01","12","    28310","JP3767600004","0.0000","0.0000","0.0000","0.0000","2604.0000","2644.0000","2601.0000","2644.0000","2604.0000","2644.0000","2601.0000","2644.0000"," ","0.0000","0.0000","400","1045300","2613.2500"
"20190531","01","12","    28720","JP3415600000","3840.0000","3840.0000","3825.0000","3825.0000","3820.0000","3820.0000","3785.0000","3785.0000","3840.0000","3840.0000","3785.0000","3785.0000"," ","0.0000","0.0000","1100","4197000","3815.4545"
"20190531","01","12","    28760","JP3385950005","366.0000","366.0000","365.0000","365.0000","365.0000","365.0000","360.0000","364.0000","366.0000","366.0000","360.0000","364.0000"," ","0.0000","0.0000","1100","401400","364.9091"
"20190531","01","12","    28770","JP3684300001","882.0000","882.0000","879.0000","879.0000","880.0000","890.0000","880.0000","885.0000","882.0000","890.0000","879.0000","885.0000"," ","0.0000","0.0000","1000","884100","884.1000"
"20190531","01","12","    28920","JP3715600007","0.0000","0.0000","0.0000","0.0000","0.0000","0.0000","0.0000","0.0000","0.0000","0.0000","0.0000","0.0000"," ","0.0000","0.0000","0","0","0.0000"
"20190531","01","12","    28940","JP3133600001","201.0000","201.0000","200.0000","200.0000","200.0000","202.0000","200.0000","201.0000","201.0000","202.0000","200.0000","201.0000"," ","0.0000","0.0000","13100","2623700","200.2824"
"20190531","01","12","    29010","JP3135600009","180.0000","180.0000","175.0000","178.0000","178.0000","180.0000","177.0000","180.0000","180.0000","180.0000","175.0000","180.0000"," ","0.0000","0.0000","73600","13112600","178.1603"
"20190531","01","12","    29030","JP3354200002","713.0000","713.0000","702.0000","707.0000","700.0000","700.0000","680.0000","680.0000","713.0000","713.0000","680.0000","680.0000","2","680.0000","0.0000","4600","3218600","699.6957"
"20190531","01","12","    29050","JP3172200002","1287.0000","1300.0000","1287.0000","1300.0000","1299.0000","1299.0000","1299.0000","1299.0000","1287.0000","1300.0000","1287.0000","1299.0000"," ","0.0000","0.0000","300","388600","1295.3333"
"20190531","01","12","    29070","JP3119400004","781.0000","784.0000","781.0000","784.0000","783.0000","783.0000","782.0000","783.0000","781.0000","784.0000","781.0000","783.0000"," ","0.0000","0.0000","800","625700","782.1250"
"20190531","01","12","    29110","JP3117000004","2000.0000","2015.0000","2000.0000","2000.0000","1995.0000","1995.0000","1995.0000","1995.0000","2000.0000","2015.0000","1995.0000","1995.0000"," ","0.0000","0.0000","800","1602100","2002.6250"
"20190531","01","12","    29160","JP3426100008","679.0000","680.0000","675.0000","675.0000","675.0000","675.0000","660.0000","664.0000","679.0000","680.0000","660.0000","664.0000"," ","0.0000","0.0000","18400","12322800","669.7174"
"20190531","01","12","    29170","JP3190700009","0.0000","0.0000","0.0000","0.0000","814.0000","814.0000","810.0000","810.0000","814.0000","814.0000","810.0000","810.0000"," ","0.0000","0.0000","700","568100","811.5714"
"20190531","01","12","    29230","JP3322110002","3690.0000","3690.0000","3630.0000","3675.0000","0.0000","0.0000","0.0000","0.0000","3690.0000","3690.0000","3630.0000","3675.0000"," ","0.0000","0.0000","300","1099500","3665.0000"
"20190531","01","12","    29260","JP3354050001","95.0000","96.0000","94.0000","96.0000","95.0000","96.0000","94.0000","95.0000","95.0000","96.0000","94.0000","95.0000"," ","0.0000","0.0000","43500","4135600","95.0713"
"20190531","01","12","    29270","JP3124700000","643.0000","645.0000","640.0000","645.0000","644.0000","644.0000","641.0000","642.0000","643.0000","645.0000","640.0000","642.0000"," ","0.0000","0.0000","10100","6485700","642.1485"
"20190531","01","12","    29290","JP3802310007","486.0000","498.0000","482.0000","493.0000","492.0000","495.0000","486.0000","488.0000","486.0000","498.0000","482.0000","488.0000"," ","0.0000","0.0000","184600","90415800","489.7931"
"20190531","01","12","    29700","JP3273780001","1601.0000","1601.0000","1550.0000","1550.0000","1570.0000","1570.0000","1550.0000","1550.0000","1601.0000","1601.0000","1550.0000","1550.0000"," ","0.0000","0.0000","2000","3120900","1560.4500"
"20190531","01","12","    30100","JP3393800002","132.0000","135.0000","131.0000","134.0000","134.0000","136.0000","132.0000","133.0000","132.0000","136.0000","131.0000","133.0000"," ","0.0000","0.0000","187300","24925400","133.0774"
"20190531","01","12","    30110","JP3864600006","118.0000","118.0000","116.0000","118.0000","118.0000","118.0000","114.0000","114.0000","118.0000","118.0000","114.0000","114.0000"," ","0.0000","0.0000","26200","3037400","115.9313"
"20190531","01","12","    30200","JP3122630001","1530.0000","1530.0000","1520.0000","1520.0000","1516.0000","1516.0000","1515.0000","1515.0000","1530.0000","1530.0000","1515.0000","1515.0000"," ","0.0000","0.0000","800","1216300","1520.3750"
"20190531","01","12","    30210","JP3781360007","990.0000","993.0000","983.0000","987.0000","1004.0000","1004.0000","975.0000","978.0000","990.0000","1004.0000","975.0000","978.0000"," ","0.0000","0.0000","7200","7084000","983.8889"
"20190531","01","12","    30240","JP3269910000","637.0000","637.0000","637.0000","637.0000","637.0000","637.0000","636.0000","636.0000","637.0000","637.0000","636.0000","636.0000"," ","0.0000","0.0000","500","318400","636.8000"
"20190531","01","12","    30350","JP3278700004","0.0000","0.0000","0.0000","0.0000","323.0000","325.0000","321.0000","321.0000","323.0000","325.0000","321.0000","321.0000"," ","0.0000","0.0000","1700","550700","323.9412"
"20190531","01","12","    30390","JP3835000005","0.0000","0.0000","0.0000","0.0000","0.0000","0.0000","0.0000","0.0000","0.0000","0.0000","0.0000","0.0000"," ","0.0000","0.0000","0","0","0.0000"
"20190531","01","12","    30410","JP3800470001","315.0000","318.0000","315.0000","316.0000","317.0000","317.0000","316.0000","317.0000","315.0000","318.0000","315.0000","317.0000"," ","0.0000","0.0000","1600","505800","316.1250"
"20190531","01","12","    30420","JP3420960001","835.0000","842.0000","827.0000","841.0000","841.0000","857.0000","838.0000","844.0000","835.0000","857.0000","827.0000","844.0000"," ","0.0000","0.0000","15400","12950200","840.9221"
"20190531","01","12","    30450","JP3223200001","944.0000","944.0000","929.0000","930.0000","926.0000","926.0000","926.0000","926.0000","944.0000","944.0000","926.0000","926.0000"," ","0.0000","0.0000","2200","2047900","930.8636"
"20190531","01","12","    30540","JP3765220003","441.0000","441.0000","434.0000","439.0000","435.0000","439.0000","435.0000","435.0000","441.0000","441.0000","434.0000","435.0000"," ","0.0000","0.0000","6900","3009900","436.2174"
"20190531","01","12","    30580","JP3342100009","940.0000","940.0000","935.0000","935.0000","933.0000","933.0000","933.0000","933.0000","940.0000","940.0000","933.0000","933.0000"," ","0.0000","0.0000","500","467600","935.2000"
"20190531","01","12","    30590","JP3795150006","908.0000","908.0000","908.0000","908.0000","909.0000","909.0000","901.0000","901.0000","908.0000","909.0000","901.0000","901.0000"," ","0.0000","0.0000","1100","998600","907.8182"
"20190531","01","12","    30630","JP3386320000","716.0000","725.0000","712.0000","713.0000","714.0000","722.0000","712.0000","715.0000","716.0000","725.0000","712.0000","715.0000"," ","0.0000","0.0000","6500","4650500","715.4615"
"20190531","01","12","    30650","JP3966670006","1740.0000","1740.0000","1739.0000","1739.0000","0.0000","0.0000","0.0000","0.0000","1740.0000","1740.0000","1739.0000","1739.0000"," ","0.0000","0.0000","200","347900","1739.5000"
"20190531","01","12","    30680","JP3505930002","1692.0000","1712.0000","1692.0000","1698.0000","1693.0000","1702.0000","1691.0000","1699.0000","1692.0000","1712.0000","1691.0000","1699.0000"," ","0.0000","0.0000","1300","2204500","1695.7692"
"20190531","01","12","    30690","JP3120050004","367.0000","370.0000","367.0000","369.0000","368.0000","371.0000","367.0000","371.0000","367.0000","371.0000","367.0000","371.0000"," ","0.0000","0.0000","15800","5828100","368.8671"
"20190531","01","12","    30700","JP3122670007","348.0000","348.0000","337.0000","341.0000","341.0000","345.0000","341.0000","345.0000","348.0000","348.0000","337.0000","345.0000"," ","0.0000","0.0000","5100","1742100","341.5882"
"20190531","01","12","    30710","JP3399760002","91.0000","93.0000","90.0000","93.0000","92.0000","93.0000","90.0000","90.0000","91.0000","93.0000","90.0000","90.0000"," ","0.0000","0.0000","86200","7874200","91.3480"
"20190531","01","12","    30750","JP3527550002","1162.0000","1170.0000","1160.0000","1170.0000","1167.0000","1172.0000","1160.0000","1172.0000","1162.0000","1172.0000","1160.0000","1172.0000"," ","0.0000","0.0000","6000","6997900","1166.3167"
"20190531","01","12","    30770","JP3852850001","0.0000","0.0000","0.0000","0.0000","599.0000","599.0000","599.0000","599.0000","599.0000","599.0000","599.0000","599.0000"," ","0.0000","0.0000","100","59900","599.0000"
"20190531","01","12","    30800","JP3386360006","354.0000","354.0000","346.0000","348.0000","354.0000","354.0000","342.0000","342.0000","354.0000","354.0000","342.0000","342.0000"," ","0.0000","0.0000","8100","2814300","347.4444"
"20190531","01","12","    30830","JP3347030003","467.0000","470.0000","462.0000","470.0000","462.0000","468.0000","462.0000","468.0000","467.0000","470.0000","462.0000","468.0000"," ","0.0000","0.0000","4500","2088400","464.0889"
"20190531","01","12","    30890","JP3545210001","908.0000","908.0000","900.0000","901.0000","901.0000","901.0000","901.0000","901.0000","908.0000","908.0000","900.0000","901.0000"," ","0.0000","0.0000","500","451000","902.0000"
"20190531","01","12","    30940","JP3395600004","0.0000","0.0000","0.0000","0.0000","589.0000","589.0000","586.0000","586.0000","589.0000","589.0000","586.0000","586.0000"," ","0.0000","0.0000","400","234700","586.7500"
"20190531","01","12","    30960","JP3172260006","866.0000","866.0000","863.0000","863.0000","863.0000","863.0000","858.0000","861.0000","866.0000","866.0000","858.0000","861.0000"," ","0.0000","0.0000","2900","2500300","862.1724"
"20190531","01","12","    31110","JP3174000004","470.0000","470.0000","465.0000","466.0000","465.0000","465.0000","462.0000","462.0000","470.0000","470.0000","462.0000","462.0000"," ","0.0000","0.0000","2700","1256800","465.4815"
"20190531","01","12","    31130","JP3795400005","134.0000","137.0000","134.0000","137.0000","136.0000","143.0000","136.0000","138.0000","134.0000","143.0000","134.0000","138.0000"," ","0.0000","0.0000","423600","58876500","138.9908"
"20190531","01","12","    31210","JP3382200008","380.0000","380.0000","367.0000","377.0000","376.0000","380.0000","366.0000","368.0000","380.0000","380.0000","366.0000","368.0000"," ","0.0000","0.0000","109800","40923600","372.7104"
"20190531","01","12","    31230","JP3312000007","413.0000","419.0000","411.0000","419.0000","419.0000","419.0000","412.0000","412.0000","413.0000","419.0000","411.0000","412.0000"," ","0.0000","0.0000","2800","1155800","412.7857"
"20190531","01","12","    31250","JP3379400009","720.0000","730.0000","720.0000","730.0000","719.0000","719.0000","705.0000","705.0000","720.0000","730.0000","705.0000","705.0000"," ","0.0000","0.0000","2400","1724800","718.6667"
"20190531","01","12","    31310","JP3377850007","1146.0000","1147.0000","1121.0000","1121.0000","1149.0000","1156.0000","1149.0000","1156.0000","1146.0000","1156.0000","1121.0000","1156.0000"," ","0.0000","0.0000","1500","1717400","1144.9333"
"20190531","01","12","    31330","JP3205670007","705.0000","788.0000","705.0000","745.0000","740.0000","750.0000","725.0000","741.0000","705.0000","788.0000","705.0000","741.0000"," ","0.0000","0.0000","27700","20485300","739.5415"
"20190531","01","12","    31350","JP3860190002","1965.0000","1984.0000","1873.0000","1891.0000","1889.0000","1980.0000","1889.0000","1959.0000","1965.0000","1984.0000","1873.0000","1959.0000"," ","0.0000","0.0000","58700","112842700","1922.3629"
"20190531","01","12","    31370","JP3802970008","1657.0000","1657.0000","1610.0000","1618.0000","1620.0000","1674.0000","1615.0000","1656.0000","1657.0000","1674.0000","1610.0000","1656.0000"," ","0.0000","0.0000","52100","85506900","1641.2073"
"20190531","01","12","    31380","JP3813750001","637.0000","646.0000","636.0000","646.0000","646.0000","646.0000","629.0000","629.0000","637.0000","646.0000","629.0000","629.0000"," ","0.0000","0.0000","1300","827400","636.4615"
"20190531","01","12","    31400","JP3142450000","1026.0000","1031.0000","1025.0000","1026.0000","1026.0000","1027.0000","1020.0000","1020.0000","1026.0000","1031.0000","1020.0000","1020.0000"," ","0.0000","0.0000","17800","18234500","1024.4101"
"20190531","01","12","    31430","JP3170150001","1069.0000","1099.0000","1069.0000","1075.0000","1084.0000","1084.0000","1070.0000","1070.0000","1069.0000","1099.0000","1069.0000","1070.0000"," ","0.0000","0.0000","1700","1827300","1074.8824"
"20190531","01","12","    31500","JP3952860009","1688.0000","1706.0000","1662.0000","1694.0000","1688.0000","1710.0000","1680.0000","1680.0000","1688.0000","1710.0000","1662.0000","1680.0000"," ","0.0000","0.0000","10200","17205600","1686.8235"
"20190531","01","12","    31610","JP3120070002","504.0000","504.0000","504.0000","504.0000","505.0000","505.0000","503.0000","504.0000","504.0000","505.0000","503.0000","504.0000"," ","0.0000","0.0000","1100","554900","504.4545"
"20190531","01","12","    31650","JP3802120000","1173.0000","1173.0000","1173.0000","1173.0000","1173.0000","1173.0000","1173.0000","1173.0000","1173.0000","1173.0000","1173.0000","1173.0000"," ","0.0000","0.0000","400","469200","1173.0000"
"20190531","01","12","    31710","JP3864830009","0.0000","0.0000","0.0000","0.0000","2006.0000","2006.0000","2002.0000","2002.0000","2006.0000","2006.0000","2002.0000","2002.0000"," ","0.0000","0.0000","700","1403700","2005.2857"
"20190531","01","12","    31740","JP3770280000","1040.0000","1049.0000","1037.0000","1040.0000","1040.0000","1041.0000","1037.0000","1041.0000","1040.0000","1049.0000","1037.0000","1041.0000"," ","0.0000","0.0000","3400","3544900","1042.6176"
"20190531","01","12","    31770","JP3125850002","2001.0000","2049.0000","2001.0000","2049.0000","2000.0000","2035.0000","2000.0000","2035.0000","2001.0000","2049.0000","2000.0000","2035.0000"," ","0.0000","0.0000","500","1008500","2017.0000"
"20190531","01","12","    31810","JP3205620002","0.0000","0.0000","0.0000","0.0000","611.0000","611.0000","610.0000","610.0000","611.0000","611.0000","610.0000","610.0000"," ","0.0000","0.0000","300","183200","610.6667"
"20190531","01","12","    31820","JP3174190003","1326.0000","1435.0000","1326.0000","1416.0000","1422.0000","1458.0000","1413.0000","1420.0000","1326.0000","1458.0000","1326.0000","1420.0000"," ","0.0000","0.0000","959000","1354943400","1412.8711"
"20190531","01","12","    31840","JP3101920001","1600.0000","1600.0000","1570.0000","1580.0000","1570.0000","1607.0000","1557.0000","1590.0000","1600.0000","1607.0000","1557.0000","1590.0000"," ","0.0000","0.0000","2000","3147100","1573.5500"
"20190531","01","12","    31850","JP3952880007","402.0000","405.0000","402.0000","405.0000","401.0000","408.0000","401.0000","401.0000","402.0000","408.0000","401.0000","401.0000"," ","0.0000","0.0000","2800","1129700","403.4643"
"20190531","01","12","    31870","JP3343950006","292.0000","300.0000","292.0000","300.0000","298.0000","300.0000","296.0000","299.0000","292.0000","300.0000","292.0000","299.0000"," ","0.0000","0.0000","3200","953900","298.0938"
"20190531","01","12","    31890","JP3160160002","635.0000","644.0000","621.0000","625.0000","623.0000","624.0000","612.0000","613.0000","635.0000","644.0000","612.0000","613.0000"," ","0.0000","0.0000","29500","18399000","623.6949"
"20190531","01","12","    31900","JP3851900005","559.0000","560.0000","551.0000","559.0000","558.0000","558.0000","558.0000","558.0000","559.0000","560.0000","551.0000","558.0000"," ","0.0000","0.0000","1200","670300","558.5833"
"20190531","01","12","    31920","JP3370200002","336.0000","336.0000","325.0000","330.0000","333.0000","333.0000","333.0000","333.0000","336.0000","336.0000","325.0000","333.0000"," ","0.0000","0.0000","1500","493400","328.9333"
"20190531","01","12","    31950","JP3386510006","994.0000","1005.0000","987.0000","993.0000","994.0000","1003.0000","985.0000","990.0000","994.0000","1005.0000","985.0000","990.0000"," ","0.0000","0.0000","24600","24432100","993.1748"
"20190531","01","12","    32090","JP3217800006","720.0000","720.0000","710.0000","710.0000","715.0000","715.0000","710.0000","710.0000","720.0000","720.0000","710.0000","710.0000"," ","0.0000","0.0000","13500","9619700","712.5704"
"20190531","01","12","    32230","JP3162580009","904.0000","908.0000","877.0000","879.0000","889.0000","893.0000","866.0000","866.0000","904.0000","908.0000","866.0000","866.0000"," ","0.0000","0.0000","12000","10697300","891.4417"
"20190531","01","12","    32240","JP3794490007","1129.0000","1129.0000","1091.0000","1111.0000","0.0000","0.0000","0.0000","0.0000","1129.0000","1129.0000","1091.0000","1111.0000"," ","0.0000","0.0000","1800","1986200","1103.4444"
"20190531","01","12","    32360","JP3833780004","172.0000","173.0000","166.0000","171.0000","171.0000","171.0000","165.0000","165.0000","172.0000","173.0000","165.0000","165.0000"," ","0.0000","0.0000","408600","69010800","168.8957"
"20190531","01","12","    32370","JP3153170000","128.0000","129.0000","127.0000","129.0000","129.0000","129.0000","127.0000","127.0000","128.0000","129.0000","127.0000","127.0000"," ","0.0000","0.0000","65200","8322000","127.6380"
"20190531","01","12","    32380","JP3425650003","304.0000","304.0000","303.0000","303.0000","303.0000","304.0000","301.0000","303.0000","304.0000","304.0000","301.0000","303.0000"," ","0.0000","0.0000","14200","4297700","302.6549"
"20190531","01","12","    32410","JP3154250009","289.0000","290.0000","289.0000","289.0000","288.0000","289.0000","288.0000","288.0000","289.0000","290.0000","288.0000","288.0000"," ","0.0000","0.0000","3300","952800","288.7273"
"20190531","01","12","    32420","JP3100230006","354.0000","356.0000","353.0000","355.0000","355.0000","357.0000","355.0000","356.0000","354.0000","357.0000","353.0000","356.0000"," ","0.0000","0.0000","60200","21395300","355.4037"
"20190531","01","12","    32480","JP3100280001","0.0000","0.0000","0.0000","0.0000","555.0000","555.0000","551.0000","551.0000","555.0000","555.0000","551.0000","551.0000"," ","0.0000","0.0000","700","387400","553.4286"
"20190531","01","12","    32610","JP3274040009","415.0000","416.0000","415.0000","416.0000","420.0000","420.0000","411.0000","411.0000","415.0000","420.0000","411.0000","411.0000"," ","0.0000","0.0000","2700","1121000","415.1852"
"20190531","01","12","    32640","JP3120060003","163.0000","163.0000","159.0000","161.0000","160.0000","160.0000","159.0000","160.0000","163.0000","163.0000","159.0000","160.0000"," ","0.0000","0.0000","34200","5470900","159.9678"
"20190531","01","12","    32660","JP3802920003","129.0000","145.0000","121.0000","125.0000","126.0000","126.0000","122.0000","125.0000","129.0000","145.0000","121.0000","125.0000"," ","0.0000","0.0000","6515500","845624000","129.7865"
"20190531","01","12","    32670","JP3802930002","4150.0000","4225.0000","4075.0000","4160.0000","4155.0000","4165.0000","4035.0000","4050.0000","4150.0000","4225.0000","4035.0000","4050.0000"," ","0.0000","0.0000","42700","176239500","4127.3888"
"20190531","01","12","    32750","JP3765350008","1321.0000","1321.0000","1280.0000","1294.0000","1300.0000","1310.0000","1299.0000","1310.0000","1321.0000","1321.0000","1280.0000","1310.0000"," ","0.0000","0.0000","3200","4153700","1298.0313"
"20190531","01","12","    32860","JP3635590007","360.0000","361.0000","354.0000","355.0000","358.0000","360.0000","356.0000","356.0000","360.0000","361.0000","354.0000","356.0000"," ","0.0000","0.0000","5400","1933400","358.0370"
"20190531","01","12","    32930","JP3120090000","1542.0000","1542.0000","1542.0000","1542.0000","1529.0000","1529.0000","1529.0000","1529.0000","1542.0000","1542.0000","1529.0000","1529.0000"," ","0.0000","0.0000","700","1075500","1536.4286"
"20190531","01","12","    32970","JP3597200009","1066.0000","1070.0000","1059.0000","1059.0000","1079.0000","1080.0000","1052.0000","1060.0000","1066.0000","1080.0000","1052.0000","1060.0000"," ","0.0000","0.0000","11700","12456500","1064.6581"
"20190531","01","12","    33000","JP3128650003","1075.0000","1110.0000","1070.0000","1071.0000","1071.0000","1080.0000","1048.0000","1054.0000","1075.0000","1110.0000","1048.0000","1054.0000"," ","0.0000","0.0000","79400","85043100","1071.0718"
"20190531","01","12","    33060","JP3723400002","326.0000","331.0000","320.0000","320.0000","323.0000","323.0000","321.0000","323.0000","326.0000","331.0000","320.0000","323.0000"," ","0.0000","0.0000","4100","1332000","324.8780"
"20190531","01","12","    33160","JP3587700000","0.0000","0.0000","0.0000","0.0000","533.0000","533.0000","530.0000","530.0000","533.0000","533.0000","530.0000","530.0000"," ","0.0000","0.0000","800","425200","531.5000"
"20190531","01","12","    33170","JP3826350005","0.0000","0.0000","0.0000","0.0000","1581.0000","1593.0000","1552.0000","1552.0000","1581.0000","1593.0000","1552.0000","1552.0000"," ","0.0000","0.0000","800","1261800","1577.2500"
"20190531","01","12","    33200","JP3272700000","602.0000","602.0000","598.0000","601.0000","601.0000","601.0000","596.0000","601.0000","602.0000","602.0000","596.0000","601.0000"," ","0.0000","0.0000","3200","1918100","599.4063"
"20190531","01","12","    33220","JP3126370000","0.0000","0.0000","0.0000","0.0000","0.0000","0.0000","0.0000","0.0000","0.0000","0.0000","0.0000","0.0000"," ","0.0000","0.0000","0","0","0.0000"
"20190531","01","12","    33230","JP3979500000","123.0000","125.0000","122.0000","123.0000","123.0000","124.0000","122.0000","122.0000","123.0000","125.0000","122.0000","122.0000"," ","0.0000","0.0000","482900","59395400","122.9973"
"20190531","01","12","    33260","JP3968700009","924.0000","924.0000","924.0000","924.0000","929.0000","929.0000","920.0000","920.0000","924.0000","929.0000","920.0000","920.0000"," ","0.0000","0.0000","3600","3320000","922.2222"
"20190531","01","12","    33290","JP3622800005","1503.0000","1507.0000","1484.0000","1492.0000","1497.0000","1497.0000","1484.0000","1484.0000","1503.0000","1507.0000","1484.0000","1484.0000"," ","0.0000","0.0000","6800","10154600","1493.3235"
"20190531","01","12","    33440","JP3994600009","744.0000","769.0000","744.0000","760.0000","755.0000","764.0000","740.0000","740.0000","744.0000","769.0000","740.0000","740.0000"," ","0.0000","0.0000","10900","8154000","748.0734"
"20190531","01","12","    33470","JP3635550001","196.0000","196.0000","195.0000","196.0000","195.0000","195.0000","194.0000","194.0000","196.0000","196.0000","194.0000","194.0000"," ","0.0000","0.0000","16700","3264100","195.4551"
"20190531","01","12","    33500","JP3481200008","139.0000","141.0000","135.0000","136.0000","136.0000","139.0000","134.0000","135.0000","139.0000","141.0000","134.0000","135.0000"," ","0.0000","0.0000","206500","28265100","136.8770"
"20190531","01","12","    33520","JP3778360002","949.0000","949.0000","936.0000","936.0000","941.0000","941.0000","941.0000","941.0000","949.0000","949.0000","936.0000","941.0000"," ","0.0000","0.0000","800","752500","940.6250"
"20190531","01","12","    33530","JP3921040006","0.0000","0.0000","0.0000","0.0000","0.0000","0.0000","0.0000","0.0000","0.0000","0.0000","0.0000","0.0000"," ","0.0000","0.0000","0","0","0.0000"
"20190531","01","12","    33550","JP3270810009","745.0000","762.0000","743.0000","759.0000","755.0000","756.0000","741.0000","741.0000","745.0000","762.0000","741.0000","741.0000"," ","0.0000","0.0000","21900","16377800","747.8447"
"20190531","01","12","    33560","JP3546600002","975.0000","978.0000","944.0000","949.0000","948.0000","961.0000","938.0000","956.0000","975.0000","978.0000","938.0000","956.0000"," ","0.0000","0.0000","451700","433489000","959.6834"
"20190531","01","12","    33580","JP3990650008","228.0000","230.0000","228.0000","230.0000","230.0000","232.0000","229.0000","232.0000","228.0000","232.0000","228.0000","232.0000"," ","0.0000","0.0000","3600","827100","229.7500"
"20190531","01","12","    33590","JP3442910000","287.0000","288.0000","283.0000","283.0000","283.0000","284.0000","282.0000","282.0000","287.0000","288.0000","282.0000","282.0000"," ","0.0000","0.0000","19600","5558800","283.6122"
"20190531","01","12","    33700","JP3817000007","1028.0000","1066.0000","976.0000","1008.0000","1015.0000","1040.0000","980.0000","980.0000","1028.0000","1066.0000","976.0000","980.0000"," ","0.0000","0.0000","163300","166719300","1020.9388"
"20190531","01","12","    33720","JP3233300007","383.0000","385.0000","383.0000","385.0000","384.0000","385.0000","382.0000","382.0000","383.0000","385.0000","382.0000","382.0000"," ","0.0000","0.0000","3300","1264500","383.1818"
"20190531","01","12","    33740","JP3641220003","1040.0000","1052.0000","1040.0000","1043.0000","1060.0000","1060.0000","1022.0000","1022.0000","1040.0000","1060.0000","1022.0000","1022.0000"," ","0.0000","0.0000","3400","3527100","1037.3824"
"20190531","01","12","    33750","JP3437200003","0.0000","0.0000","0.0000","0.0000","808.0000","808.0000","807.0000","807.0000","808.0000","808.0000","807.0000","807.0000"," ","0.0000","0.0000","200","161500","807.5000"
"20190531","01","12","    33770","JP3101150005","180.0000","182.0000","179.0000","179.0000","181.0000","181.0000","180.0000","180.0000","180.0000","182.0000","179.0000","180.0000"," ","0.0000","0.0000","9000","1620700","180.0778"
"20190531","01","12","    33860","JP3298700000","881.0000","885.0000","874.0000","883.0000","887.0000","890.0000","876.0000","879.0000","881.0000","890.0000","874.0000","879.0000"," ","0.0000","0.0000","5400","4756200","880.7778"
"20190531","01","12","    33900","JP3952410003","66.0000","66.0000","65.0000","66.0000","65.0000","66.0000","62.0000","62.0000","66.0000","66.0000","62.0000","62.0000"," ","0.0000","0.0000","346800","22048300","63.5764"
"20190531","01","12","    33990","JP3876450002","1664.0000","1675.0000","1656.0000","1656.0000","1670.0000","1673.0000","1639.0000","1639.0000","1664.0000","1675.0000","1639.0000","1639.0000"," ","0.0000","0.0000","2200","3653000","1660.4545"
"20190531","01","12","    34090","JP3239600004","2127.0000","2234.0000","2072.0000","2161.0000","2155.0000","2158.0000","2088.0000","2120.0000","2127.0000","2234.0000","2072.0000","2120.0000"," ","0.0000","0.0000","16500","35168600","2131.4303"
"20190531","01","12","    34160","JP3801630009","1504.0000","1524.0000","1491.0000","1491.0000","1492.0000","1502.0000","1491.0000","1491.0000","1504.0000","1524.0000","1491.0000","1491.0000"," ","0.0000","0.0000","3700","5537900","1496.7297"
"20190531","01","12","    34170","JP3176900003","731.0000","733.0000","729.0000","729.0000","729.0000","739.0000","711.0000","715.0000","731.0000","739.0000","711.0000","715.0000"," ","0.0000","0.0000","10800","7796400","721.8889"
"20190531","01","12","    34180","JP3778420004","1215.0000","1215.0000","1210.0000","1215.0000","1215.0000","1215.0000","1210.0000","1214.0000","1215.0000","1215.0000","1210.0000","1214.0000"," ","0.0000","0.0000","8700","10555300","1213.2529"
"20190531","01","12","    34200","JP3277100008","1550.0000","1568.0000","1550.0000","1568.0000","1560.0000","1565.0000","1560.0000","1564.0000","1550.0000","1568.0000","1550.0000","1564.0000"," ","0.0000","0.0000","6700","10404400","1552.8955"
"20190531","01","12","    34230","JP3161570001","277.0000","278.0000","273.0000","275.0000","275.0000","277.0000","274.0000","274.0000","277.0000","278.0000","273.0000","274.0000"," ","0.0000","0.0000","28400","7820400","275.3662"
"20190531","01","12","    34240","JP3907700003","0.0000","0.0000","0.0000","0.0000","0.0000","0.0000","0.0000","0.0000","0.0000","0.0000","0.0000","0.0000"," ","0.0000","0.0000","0","0","0.0000"
"20190531","01","12","    34260","JP3121910008","1439.0000","1439.0000","1439.0000","1439.0000","1438.0000","1460.0000","1438.0000","1460.0000","1439.0000","1460.0000","1438.0000","1460.0000"," ","0.0000","0.0000","400","579700","1449.2500"
"20190531","01","12","    34350","JP3330500004","1041.0000","1041.0000","1039.0000","1040.0000","1033.0000","1033.0000","1033.0000","1033.0000","1041.0000","1041.0000","1033.0000","1033.0000"," ","0.0000","0.0000","500","519300","1038.6000"
"20190531","01","12","    34370","JP3624800003","4940.0000","4940.0000","4875.0000","4875.0000","4810.0000","4810.0000","4810.0000","4810.0000","4940.0000","4940.0000","4810.0000","4810.0000"," ","0.0000","0.0000","300","1462500","4875.0000"
"20190531","01","12","    34390","JP3895100000","0.0000","0.0000","0.0000","0.0000","2150.0000","2150.0000","2050.0000","2050.0000","2150.0000","2150.0000","2050.0000","2050.0000"," ","0.0000","0.0000","300","635000","2116.6667"
"20190531","01","12","    34410","JP3336700004","709.0000","713.0000","696.0000","708.0000","700.0000","709.0000","700.0000","705.0000","709.0000","713.0000","696.0000","705.0000"," ","0.0000","0.0000","8700","6128900","704.4713"
"20190531","01","12","    34440","JP3236730002","767.0000","778.0000","766.0000","766.0000","762.0000","769.0000","761.0000","761.0000","767.0000","778.0000","761.0000","761.0000"," ","0.0000","0.0000","13200","10092300","764.5682"
"20190531","01","12","    34460","JP3386660009","3900.0000","3930.0000","3855.0000","3930.0000","3905.0000","3930.0000","3840.0000","3845.0000","3900.0000","3930.0000","3840.0000","3845.0000"," ","0.0000","0.0000","10900","42253500","3876.4679"
"20190531","01","12","    34560","JP3538790001","0.0000","0.0000","0.0000","0.0000","0.0000","0.0000","0.0000","0.0000","0.0000","0.0000","0.0000","0.0000"," ","0.0000","0.0000","0","0","0.0000"
"20190531","01","12","    34610","JP3782700003","614.0000","621.0000","614.0000","618.0000","628.0000","628.0000","620.0000","620.0000","614.0000","628.0000","614.0000","620.0000"," ","0.0000","0.0000","3600","2229100","619.1944"
"20190531","01","12","    34690","JP3549250003","602.0000","615.0000","581.0000","598.0000","603.0000","622.0000","600.0000","612.0000","602.0000","622.0000","581.0000","612.0000"," ","0.0000","0.0000","167700","101386300","604.5695"
"20190531","01","12","    34740","JP3386610004","422.0000","422.0000","417.0000","422.0000","423.0000","423.0000","417.0000","417.0000","422.0000","423.0000","417.0000","417.0000"," ","0.0000","0.0000","10000","4201500","420.1500"
"20190531","01","12","    34770","JP3803020001","759.0000","760.0000","752.0000","752.0000","762.0000","762.0000","720.0000","723.0000","759.0000","762.0000","720.0000","723.0000"," ","0.0000","0.0000","4200","3123700","743.7381"
"20190531","01","12","    34790","JP3538710009","5650.0000","5740.0000","5560.0000","5610.0000","5650.0000","5700.0000","5570.0000","5570.0000","5650.0000","5740.0000","5560.0000","5570.0000"," ","0.0000","0.0000","152800","862665000","5645.7134"
"20190531","01","12","    34820","JP3982600003","820.0000","820.0000","801.0000","813.0000","813.0000","814.0000","796.0000","811.0000","820.0000","820.0000","796.0000","811.0000"," ","0.0000","0.0000","59300","47870600","807.2614"
"20190531","01","12","    34830","JP3360850006","0.0000","0.0000","0.0000","0.0000","0.0000","0.0000","0.0000","0.0000","0.0000","0.0000","0.0000","0.0000"," ","0.0000","0.0000","0","0","0.0000"
"20190531","01","12","    34890","JP3803030000","934.0000","940.0000","916.0000","924.0000","920.0000","920.0000","909.0000","909.0000","934.0000","940.0000","909.0000","909.0000"," ","0.0000","0.0000","10000","9195400","919.5400"
"20190531","01","12","    34900","JP3119890006","1234.0000","1234.0000","1211.0000","1230.0000","1237.0000","1239.0000","1221.0000","1221.0000","1234.0000","1239.0000","1211.0000","1221.0000"," ","0.0000","0.0000","4600","5632500","1224.4565"
"20190531","01","12","    34910","JP3386670008","3505.0000","3535.0000","3405.0000","3485.0000","3485.0000","3550.0000","3430.0000","3485.0000","3505.0000","3550.0000","3405.0000","3485.0000"," ","0.0000","0.0000","122400","426914000","3487.8595"
"20190531","01","12","    34940","JP3870340001","1599.0000","1641.0000","1571.0000","1641.0000","1641.0000","1878.0000","1630.0000","1752.0000","1599.0000","1878.0000","1571.0000","1752.0000"," ","0.0000","0.0000","13900","23331700","1678.5396"
"20190531","01","12","    34950","JP3292700006","1219.0000","1219.0000","1202.0000","1203.0000","1205.0000","1205.0000","1205.0000","1205.0000","1219.0000","1219.0000","1202.0000","1205.0000"," ","0.0000","0.0000","1400","1690300","1207.3571"
"20190531","01","12","    34960","JP3119880007","2819.0000","2908.0000","2817.0000","2896.0000","2859.0000","2884.0000","2850.0000","2867.0000","2819.0000","2908.0000","2817.0000","2867.0000"," ","0.0000","0.0000","8900","25496300","2864.7528"
"20190531","01","12","    34970","JP3969250004","1450.0000","1475.0000","1418.0000","1439.0000","1432.0000","1446.0000","1415.0000","1420.0000","1450.0000","1475.0000","1415.0000","1420.0000"," ","0.0000","0.0000","15100","21736400","1439.4967"
"20190531","01","12","    34980","JP3211050004","4170.0000","4170.0000","4080.0000","4090.0000","4090.0000","4100.0000","4055.0000","4065.0000","4170.0000","4170.0000","4055.0000","4065.0000"," ","0.0000","0.0000","2200","9041000","4109.5455"
"20190531","01","12","    35150","JP3812200008","0.0000","0.0000","0.0000","0.0000","0.0000","0.0000","0.0000","0.0000","0.0000","0.0000","0.0000","0.0000"," ","0.0000","0.0000","0","0","0.0000"
"20190531","01","12","    35280","JP3221000007","17.0000","18.0000","17.0000","17.0000","17.0000","18.0000","17.0000","17.0000","17.0000","18.0000","17.0000","17.0000"," ","0.0000","0.0000","601600","10248600","17.0356"
"20190531","01","12","    35360","JP3108160007","117.0000","119.0000","115.0000","118.0000","118.0000","118.0000","115.0000","117.0000","117.0000","119.0000","115.0000","117.0000"," ","0.0000","0.0000","64500","7524700","116.6620"
"20190531","01","12","    35370","JP3361400009","929.0000","930.0000","929.0000","930.0000","930.0000","957.0000","930.0000","952.0000","929.0000","957.0000","929.0000","952.0000"," ","0.0000","0.0000","6000","5646700","941.1167"
"20190531","01","12","    35400","JP3346190006","2964.0000","2964.0000","2901.0000","2906.0000","2912.0000","2912.0000","2905.0000","2905.0000","2964.0000","2964.0000","2901.0000","2905.0000"," ","0.0000","0.0000","3900","11354500","2911.4103"
"20190531","01","12","    35410","JP3759570009","630.0000","638.0000","623.0000","637.0000","640.0000","641.0000","632.0000","636.0000","630.0000","641.0000","623.0000","636.0000"," ","0.0000","0.0000","84000","53193100","633.2512"
"20190531","01","12","    35420","JP3835300009","587.0000","587.0000","587.0000","587.0000","581.0000","582.0000","553.0000","553.0000","587.0000","587.0000","553.0000","553.0000"," ","0.0000","0.0000","4600","2622900","570.1957"
"20190531","01","12","    35470","JP3266180003","2428.0000","2434.0000","2381.0000","2416.0000","2423.0000","2423.0000","2388.0000","2414.0000","2428.0000","2434.0000","2381.0000","2414.0000"," ","0.0000","0.0000","40400","97145800","2404.5990"
"20190531","01","12","    35500","JP3399330004","1099.0000","1111.0000","1088.0000","1104.0000","1108.0000","1118.0000","1100.0000","1118.0000","1099.0000","1118.0000","1088.0000","1118.0000"," ","0.0000","0.0000","22400","24781700","1106.3259"
"20190531","01","12","    35560","JP3974560009","1315.0000","1332.0000","1301.0000","1332.0000","1337.0000","1362.0000","1337.0000","1357.0000","1315.0000","1362.0000","1301.0000","1357.0000"," ","0.0000","0.0000","245100","328817000","1341.5626"
"20190531","01","12","    35570","JP3949420008","1310.0000","1310.0000","1310.0000","1310.0000","1320.0000","1321.0000","1301.0000","1301.0000","1310.0000","1321.0000","1301.0000","1301.0000"," ","0.0000","0.0000","1800","2357700","1309.8333"
"20190531","01","12","    35580","JP3984120000","1069.0000","1076.0000","1035.0000","1065.0000","1065.0000","1065.0000","1025.0000","1050.0000","1069.0000","1076.0000","1025.0000","1050.0000"," ","0.0000","0.0000","230100","241151300","1048.0282"
"20190531","01","12","    35590","JP3801640008","1182.0000","1182.0000","1151.0000","1151.0000","1159.0000","1167.0000","1157.0000","1157.0000","1182.0000","1182.0000","1151.0000","1157.0000"," ","0.0000","0.0000","3300","3840000","1163.6364"
"20190531","01","12","    35600","JP3852650005","0.0000","0.0000","0.0000","0.0000","0.0000","0.0000","0.0000","0.0000","0.0000","0.0000","0.0000","0.0000"," ","0.0000","0.0000","0","0","0.0000"
"20190531","01","12","    35620","JP3653590004","1010.0000","1050.0000","964.0000","995.0000","1022.0000","1054.0000","952.0000","958.0000","1010.0000","1054.0000","952.0000","958.0000"," ","0.0000","0.0000","391300","392199900","1002.2998"
"20190531","01","12","    35650","JP3120110006","1827.0000","1857.0000","1816.0000","1816.0000","1816.0000","1829.0000","1781.0000","1784.0000","1827.0000","1857.0000","1781.0000","1784.0000"," ","0.0000","0.0000","56000","102039300","1822.1304"
"20190531","01","12","    35660","JP3952530008","1651.0000","1651.0000","1616.0000","1616.0000","1600.0000","1600.0000","1600.0000","1600.0000","1651.0000","1651.0000","1600.0000","1600.0000"," ","0.0000","0.0000","1900","3115900","1639.9474"
"20190531","01","12","    35780","JP3431800006","750.0000","750.0000","750.0000","750.0000","737.0000","739.0000","735.0000","735.0000","750.0000","750.0000","735.0000","735.0000"," ","0.0000","0.0000","1400","1034800","739.1429"
"20190531","01","12","    35830","JP3173600002","875.0000","882.0000","872.0000","872.0000","871.0000","871.0000","870.0000","870.0000","875.0000","882.0000","870.0000","870.0000"," ","0.0000","0.0000","800","699000","873.7500"
"20190531","01","12","    35970","JP3386400000","0.0000","0.0000","0.0000","0.0000","0.0000","0.0000","0.0000","0.0000","0.0000","0.0000","0.0000","0.0000"," ","0.0000","0.0000","0","0","0.0000"
"20190531","01","12","    35980","JP3935000004","210.0000","212.0000","210.0000","212.0000","211.0000","211.0000","210.0000","210.0000","210.0000","212.0000","210.0000","210.0000"," ","0.0000","0.0000","3200","674100","210.6563"
"20190531","01","12","    36000","JP3818650008","0.0000","0.0000","0.0000","0.0000","0.0000","0.0000","0.0000","0.0000","0.0000","0.0000","0.0000","0.0000"," ","0.0000","0.0000","0","0","0.0000"
"20190531","01","12","    36040","JP3227100009","387.0000","387.0000","386.0000","386.0000","0.0000","0.0000","0.0000","0.0000","387.0000","387.0000","386.0000","386.0000"," ","0.0000","0.0000","400","154700","386.7500"
"20190531","01","12","    36220","JP3758180008","683.0000","683.0000","673.0000","680.0000","687.0000","688.0000","653.0000","653.0000","683.0000","688.0000","653.0000","653.0000"," ","0.0000","0.0000","8400","5588100","665.2500"
"20190531","01","12","    36230","JP3800490009","2212.0000","2230.0000","2167.0000","2230.0000","2230.0000","2244.0000","2198.0000","2204.0000","2212.0000","2244.0000","2167.0000","2204.0000"," ","0.0000","0.0000","18400","40665500","2210.0815"
"20190531","01","12","    36240","JP3108130000","412.0000","420.0000","407.0000","419.0000","418.0000","418.0000","405.0000","407.0000","412.0000","420.0000","405.0000","407.0000"," ","0.0000","0.0000","47200","19381000","410.6144"
"20190531","01","12","    36250","JP3545400008","1275.0000","1290.0000","1253.0000","1257.0000","1257.0000","1295.0000","1255.0000","1280.0000","1275.0000","1295.0000","1253.0000","1280.0000"," ","0.0000","0.0000","71100","90497000","1272.8129"
"20190531","01","12","    36280","JP3548730005","2235.0000","2305.0000","2230.0000","2305.0000","2300.0000","2323.0000","2215.0000","2215.0000","2235.0000","2323.0000","2215.0000","2215.0000"," ","0.0000","0.0000","23500","53597100","2280.7277"
"20190531","01","12","    36330","JP3836100002","3510.0000","3630.0000","3420.0000","3510.0000","3490.0000","3545.0000","3325.0000","3360.0000","3510.0000","3630.0000","3325.0000","3360.0000"," ","0.0000","0.0000","98000","339782000","3467.1633"
"20190531","01","12","    36340","JP3433300005","1237.0000","1237.0000","1205.0000","1235.0000","1210.0000","1235.0000","1183.0000","1187.0000","1237.0000","1237.0000","1183.0000","1187.0000"," ","0.0000","0.0000","16800","20323100","1209.7083"
"20190531","01","12","    36410","JP3781540004","1950.0000","1994.0000","1943.0000","1992.0000","1996.0000","2006.0000","1965.0000","1984.0000","1950.0000","2006.0000","1943.0000","1984.0000"," ","0.0000","0.0000","81100","160673400","1981.1763"
"20190531","01","12","    36450","JP3752400006","495.0000","496.0000","491.0000","491.0000","492.0000","575.0000","491.0000","575.0000","495.0000","575.0000","491.0000","575.0000"," ","0.0000","0.0000","23100","12799900","554.1082"
"20190531","01","12","    36460","JP3161250000","771.0000","782.0000","763.0000","781.0000","781.0000","784.0000","762.0000","763.0000","771.0000","784.0000","762.0000","763.0000"," ","0.0000","0.0000","43800","33764900","770.8881"
"20190531","01","12","    36470","JP3300950007","306.0000","307.0000","301.0000","301.0000","301.0000","301.0000","299.0000","299.0000","306.0000","307.0000","299.0000","299.0000"," ","0.0000","0.0000","36200","10928500","301.8923"
"20190531","01","12","    36510","JP3635460003","0.0000","0.0000","0.0000","0.0000","0.0000","0.0000","0.0000","0.0000","0.0000","0.0000","0.0000","0.0000"," ","0.0000","0.0000","0","0","0.0000"
"20190531","01","12","    36520","JP3548750003","4980.0000","4980.0000","4830.0000","4915.0000","4900.0000","4920.0000","4785.0000","4800.0000","4980.0000","4980.0000","4785.0000","4800.0000"," ","0.0000","0.0000","52300","254111500","4858.7285"
"20190531","01","12","    36530","JP3927550008","1940.0000","1945.0000","1919.0000","1934.0000","1932.0000","1943.0000","1905.0000","1909.0000","1940.0000","1945.0000","1905.0000","1909.0000"," ","0.0000","0.0000","16200","31151500","1922.9321"
"20190531","01","12","    36630","JP3100260003","756.0000","790.0000","737.0000","761.0000","761.0000","833.0000","725.0000","726.0000","756.0000","833.0000","725.0000","726.0000"," ","0.0000","0.0000","1273000","977367100","767.7668"
"20190531","01","12","    36640","JP3922970003","299.0000","299.0000","290.0000","292.0000","292.0000","295.0000","285.0000","286.0000","299.0000","299.0000","285.0000","286.0000"," ","0.0000","0.0000","248400","72275600","290.9646"
"20190531","01","12","    36700","JP3253820009","1833.0000","1872.0000","1833.0000","1872.0000","1870.0000","1870.0000","1870.0000","1870.0000","1833.0000","1872.0000","1833.0000","1870.0000"," ","0.0000","0.0000","500","928000","1856.0000"
"20190531","01","12","    36710","JP3436140002","2649.0000","2677.0000","2621.0000","2648.0000","2639.0000","2697.0000","2578.0000","2580.0000","2649.0000","2697.0000","2578.0000","2580.0000"," ","0.0000","0.0000","17000","44591300","2623.0176"
"20190531","01","12","    36740","JP3172070009","890.0000","912.0000","888.0000","912.0000","919.0000","924.0000","908.0000","914.0000","890.0000","924.0000","888.0000","914.0000"," ","0.0000","0.0000","123000","111680700","907.9732"
"20190531","01","12","    36800","JP3852000003","328.0000","330.0000","322.0000","324.0000","325.0000","326.0000","312.0000","312.0000","328.0000","330.0000","312.0000","312.0000"," ","0.0000","0.0000","842900","271113200","321.6434"
"20190531","01","12","    36890","JP3131550000","1178.0000","1179.0000","1138.0000","1166.0000","1170.0000","1182.0000","1150.0000","1164.0000","1178.0000","1182.0000","1138.0000","1164.0000"," ","0.0000","0.0000","65900","76521900","1161.1821"
"20190531","01","12","    36900","JP3984180004","1750.0000","1830.0000","1732.0000","1825.0000","1810.0000","1824.0000","1760.0000","1766.0000","1750.0000","1830.0000","1732.0000","1766.0000"," ","0.0000","0.0000","48200","86654200","1797.8050"
"20190531","01","12","    36910","JP3969570005","711.0000","711.0000","711.0000","711.0000","712.0000","713.0000","711.0000","713.0000","711.0000","713.0000","711.0000","713.0000"," ","0.0000","0.0000","2500","1778300","711.3200"
"20190531","01","12","    36920","JP3166830004","4160.0000","4260.0000","4130.0000","4235.0000","4245.0000","4355.0000","4240.0000","4305.0000","4160.0000","4355.0000","4130.0000","4305.0000"," ","0.0000","0.0000","115700","494001500","4269.6759"
"20190531","01","12","    36930","JP3130220001","0.0000","0.0000","0.0000","0.0000","0.0000","0.0000","0.0000","0.0000","0.0000","0.0000","0.0000","0.0000"," ","0.0000","0.0000","0","0","0.0000"
"20190531","01","12","    36950","JP3386530004","1660.0000","1660.0000","1655.0000","1660.0000","1654.0000","1654.0000","1623.0000","1623.0000","1660.0000","1660.0000","1623.0000","1623.0000"," ","0.0000","0.0000","1600","2641200","1650.7500"
"20190531","01","12","    36970","JP3355400007","5950.0000","5950.0000","5800.0000","5940.0000","5920.0000","6020.0000","5920.0000","5950.0000","5950.0000","6020.0000","5800.0000","5950.0000"," ","0.0000","0.0000","81900","484243000","5912.6129"
"20190531","01","12","    36980","JP3346050002","2294.0000","2367.0000","2283.0000","2349.0000","2340.0000","2394.0000","2328.0000","2328.0000","2294.0000","2394.0000","2283.0000","2328.0000"," ","0.0000","0.0000","207700","487730200","2348.2436"
"20190531","01","12","    37100","JP3394800001","1655.0000","1665.0000","1568.0000","1616.0000","1610.0000","1624.0000","1530.0000","1560.0000","1655.0000","1665.0000","1530.0000","1560.0000"," ","0.0000","0.0000","256200","405551300","1582.9481"
"20190531","01","12","    37110","JP3432500001","2000.0000","2019.0000","2000.0000","2000.0000","2000.0000","2000.0000","1984.0000","2000.0000","2000.0000","2019.0000","1984.0000","2000.0000"," ","0.0000","0.0000","2300","4595900","1998.2174"
"20190531","01","12","    37120","JP3393500008","2028.0000","2028.0000","2025.0000","2025.0000","2028.0000","2028.0000","2018.0000","2018.0000","2028.0000","2028.0000","2018.0000","2018.0000"," ","0.0000","0.0000","1100","2228500","2025.9091"
"20190531","01","12","    37190","JP3800280004","108.0000","111.0000","108.0000","111.0000","110.0000","111.0000","109.0000","109.0000","108.0000","111.0000","108.0000","109.0000"," ","0.0000","0.0000","256400","27930200","108.9321"
"20190531","01","12","    37230","JP3748520008","1429.0000","1477.0000","1429.0000","1468.0000","1441.0000","1467.0000","1440.0000","1458.0000","1429.0000","1477.0000","1429.0000","1458.0000"," ","0.0000","0.0000","57500","83636300","1454.5443"
"20190531","01","12","    37260","JP3163300001","503.0000","503.0000","502.0000","502.0000","501.0000","502.0000","501.0000","502.0000","503.0000","503.0000","501.0000","502.0000"," ","0.0000","0.0000","1200","602300","501.9167"
"20190531","01","12","    37270","JP3122610003","175.0000","177.0000","174.0000","177.0000","177.0000","179.0000","175.0000","177.0000","175.0000","179.0000","174.0000","177.0000"," ","0.0000","0.0000","44600","7870700","176.4731"
"20190531","01","12","    37330","JP3436020006","10090.0000","10100.0000","10040.0000","10040.0000","10180.0000","10180.0000","10000.0000","10080.0000","10090.0000","10180.0000","10000.0000","10080.0000"," ","0.0000","0.0000","1900","19138000","10072.6316"
"20190531","01","12","    37440","JP3547100002","451.0000","451.0000","449.0000","450.0000","450.0000","457.0000","450.0000","452.0000","451.0000","457.0000","449.0000","452.0000"," ","0.0000","0.0000","7000","3169100","452.7286"
"20190531","01","12","    37470","JP3152810002","244.0000","244.0000","236.0000","236.0000","235.0000","235.0000","227.0000","229.0000","244.0000","244.0000","227.0000","229.0000"," ","0.0000","0.0000","28000","6553400","234.0500"
"20190531","01","12","    37500","JP3426500009","642.0000","642.0000","570.0000","614.0000","584.0000","609.0000","467.0000","472.0000","642.0000","642.0000","467.0000","472.0000"," ","0.0000","0.0000","2325100","1342155100","577.2462"
"20190531","01","12","    37530","JP3826280004","798.0000","804.0000","785.0000","790.0000","789.0000","797.0000","785.0000","786.0000","798.0000","804.0000","785.0000","786.0000"," ","0.0000","0.0000","71300","56321200","789.9187"
"20190531","01","12","    37580","JP3105290005","661.0000","662.0000","639.0000","660.0000","664.0000","672.0000","652.0000","653.0000","661.0000","672.0000","639.0000","653.0000"," ","0.0000","0.0000","421400","276305700","655.6851"
"20190531","01","12","    37600","JP3281200000","800.0000","800.0000","781.0000","797.0000","796.0000","799.0000","763.0000","763.0000","800.0000","800.0000","763.0000","763.0000"," ","0.0000","0.0000","91100","71105000","780.5159"
"20190531","01","12","    37660","JP3350950006","630.0000","630.0000","620.0000","624.0000","627.0000","628.0000","622.0000","622.0000","630.0000","630.0000","620.0000","622.0000"," ","0.0000","0.0000","5400","3368500","623.7963"
"20190531","01","12","    37680","JP3974180006","1202.0000","1217.0000","1176.0000","1176.0000","1180.0000","1196.0000","1165.0000","1165.0000","1202.0000","1217.0000","1165.0000","1165.0000"," ","0.0000","0.0000","9200","10921000","1187.0652"
"20190531","01","12","    37720","JP3639550007","1801.0000","1834.0000","1682.0000","1728.0000","1711.0000","1722.0000","1684.0000","1691.0000","1801.0000","1834.0000","1682.0000","1691.0000"," ","0.0000","0.0000","82300","141964100","1724.9587"
"20190531","01","12","    37730","JP3122150000","1435.0000","1447.0000","1424.0000","1447.0000","1447.0000","1447.0000","1414.0000","1419.0000","1435.0000","1447.0000","1414.0000","1419.0000"," ","0.0000","0.0000","66500","95130900","1430.5398"
"20190531","01","12","    37760","JP3831480003","254.0000","256.0000","253.0000","255.0000","255.0000","256.0000","253.0000","254.0000","254.0000","256.0000","253.0000","254.0000"," ","0.0000","0.0000","427400","108792500","254.5449"
"20190531","01","12","    37770","JP3440200008","45.0000","46.0000","44.0000","44.0000","45.0000","45.0000","44.0000","44.0000","45.0000","46.0000","44.0000","44.0000"," ","0.0000","0.0000","149800","6691600","44.6702"
"20190531","01","12","    37790","JP3386010007","94.0000","94.0000","93.0000","94.0000","94.0000","95.0000","93.0000","93.0000","94.0000","95.0000","93.0000","93.0000"," ","0.0000","0.0000","12400","1167100","94.1210"
"20190531","01","12","    37820","JP3548620008","329.0000","332.0000","323.0000","327.0000","328.0000","330.0000","323.0000","323.0000","329.0000","332.0000","323.0000","323.0000"," ","0.0000","0.0000","124400","40631000","326.6158"
"20190531","01","12","    37870","JP3545170007","1057.0000","1060.0000","1056.0000","1060.0000","1051.0000","1051.0000","1035.0000","1039.0000","1057.0000","1060.0000","1035.0000","1039.0000"," ","0.0000","0.0000","1500","1565400","1043.6000"
"20190531","01","12","    37910","JP3833770005","1637.0000","1679.0000","1636.0000","1679.0000","1682.0000","1682.0000","1649.0000","1661.0000","1637.0000","1682.0000","1636.0000","1661.0000"," ","0.0000","0.0000","6700","11120200","1659.7313"
"20190531","01","12","    37930","JP3639570005","453.0000","453.0000","434.0000","446.0000","447.0000","450.0000","436.0000","436.0000","453.0000","453.0000","434.0000","436.0000"," ","0.0000","0.0000","53200","23447600","440.7444"
"20190531","01","12","    37940","JP3165810007","1694.0000","1694.0000","1694.0000","1694.0000","1694.0000","1694.0000","1694.0000","1694.0000","1694.0000","1694.0000","1694.0000","1694.0000"," ","0.0000","0.0000","400","677600","1694.0000"
"20190531","01","12","    37960","JP3131050001","345.0000","345.0000","345.0000","345.0000","338.0000","339.0000","336.0000","336.0000","345.0000","345.0000","336.0000","336.0000"," ","0.0000","0.0000","2000","676500","338.2500"
"20190531","01","12","    37980","JP3159910003","2087.0000","2113.0000","2066.0000","2088.0000","2099.0000","2133.0000","2085.0000","2088.0000","2087.0000","2133.0000","2066.0000","2088.0000"," ","0.0000","0.0000","35600","74749400","2099.7022"
"20190531","01","12","    37990","JP3236150003","496.0000","496.0000","486.0000","495.0000","495.0000","495.0000","490.0000","492.0000","496.0000","496.0000","486.0000","492.0000"," ","0.0000","0.0000","10700","5257200","491.3271"
"20190531","01","12","    38000","JP3799680008","1636.0000","1640.0000","1631.0000","1640.0000","1640.0000","1644.0000","1640.0000","1643.0000","1636.0000","1644.0000","1631.0000","1643.0000"," ","0.0000","0.0000","1100","1803700","1639.7273"
"20190531","01","12","    38030","JP3149300000","822.0000","822.0000","756.0000","776.0000","775.0000","778.0000","738.0000","738.0000","822.0000","822.0000","738.0000","738.0000"," ","0.0000","0.0000","33000","25563900","774.6636"
"20190531","01","12","    38040","JP3351040005","586.0000","590.0000","577.0000","590.0000","585.0000","589.0000","574.0000","577.0000","586.0000","590.0000","574.0000","577.0000"," ","0.0000","0.0000","30100","17489900","581.0598"
"20190531","01","12","    38070","JP3802890008","202.0000","203.0000","197.0000","198.0000","198.0000","200.0000","196.0000","196.0000","202.0000","203.0000","196.0000","196.0000"," ","0.0000","0.0000","411700","81990600","199.1513"
"20190531","01","12","    38100","JP3311520005","900.0000","900.0000","860.0000","883.0000","886.0000","892.0000","873.0000","874.0000","900.0000","900.0000","860.0000","874.0000"," ","0.0000","0.0000","126400","111099800","878.9541"
"20190531","01","12","    38140","JP3126380009","1320.0000","1320.0000","1180.0000","1215.0000","1226.0000","1228.0000","1197.0000","1215.0000","1320.0000","1320.0000","1180.0000","1215.0000"," ","0.0000","0.0000","160900","198086100","1231.1131"
"20190531","01","12","    38150","JP3921140004","353.0000","353.0000","352.0000","352.0000","351.0000","351.0000","341.0000","342.0000","353.0000","353.0000","341.0000","342.0000"," ","0.0000","0.0000","7600","2636200","346.8684"
"20190531","01","12","    38160","JP3501900009","1376.0000","1376.0000","1262.0000","1349.0000","1349.0000","1392.0000","1321.0000","1353.0000","1376.0000","1392.0000","1262.0000","1353.0000"," ","0.0000","0.0000","20500","27614300","1347.0390"
"20190531","01","12","    38230","JP3108120001","388.0000","400.0000","387.0000","394.0000","392.0000","397.0000","390.0000","393.0000","388.0000","400.0000","387.0000","393.0000"," ","0.0000","0.0000","2233200","876058200","392.2883"
"20190531","01","12","    38250","JP3974900007","368.0000","373.0000","357.0000","366.0000","365.0000","368.0000","357.0000","358.0000","368.0000","373.0000","357.0000","358.0000"," ","0.0000","0.0000","1474500","535107300","362.9076"
"20190531","01","12","    38390","JP3172440004","462.0000","470.0000","452.0000","470.0000","462.0000","470.0000","456.0000","468.0000","462.0000","470.0000","452.0000","468.0000"," ","0.0000","0.0000","9400","4329900","460.6277"
"20190531","01","12","    38400","JP3130250008","134.0000","136.0000","133.0000","134.0000","133.0000","137.0000","133.0000","137.0000","134.0000","137.0000","133.0000","137.0000"," ","0.0000","0.0000","230500","31036000","134.6464"
"20190531","01","12","    38410","JP3386340008","0.0000","0.0000","0.0000","0.0000","1065.0000","1074.0000","1065.0000","1074.0000","1065.0000","1074.0000","1065.0000","1074.0000"," ","0.0000","0.0000","400","427800","1069.5000"
"20190531","01","12","    38420","JP3758150001","1615.0000","1615.0000","1563.0000","1605.0000","1605.0000","1606.0000","1567.0000","1570.0000","1615.0000","1615.0000","1563.0000","1570.0000"," ","0.0000","0.0000","12000","18999700","1583.3083"
"20190531","01","12","    38450","JP3105080000","183.0000","183.0000","177.0000","179.0000","180.0000","180.0000","172.0000","174.0000","183.0000","183.0000","172.0000","174.0000"," ","0.0000","0.0000","263400","46936200","178.1936"
"20190531","01","12","    38470","JP3781340009","2800.0000","2800.0000","2800.0000","2800.0000","2760.0000","2950.0000","2760.0000","2950.0000","2800.0000","2950.0000","2760.0000","2950.0000"," ","0.0000","0.0000","1200","3369300","2807.7500"
"20190531","01","12","    38480","JP3548450000","1797.0000","1797.0000","1797.0000","1797.0000","1790.0000","1792.0000","1780.0000","1780.0000","1797.0000","1797.0000","1780.0000","1780.0000"," ","0.0000","0.0000","1800","3215500","1786.3889"
"20190531","01","12","    38500","JP3165830005","2678.0000","2705.0000","2635.0000","2705.0000","2705.0000","2732.0000","2630.0000","2663.0000","2678.0000","2732.0000","2630.0000","2663.0000"," ","0.0000","0.0000","37400","100461100","2686.1257"
"20190531","01","12","    38510","JP3687000004","1137.0000","1187.0000","1137.0000","1172.0000","1173.0000","1181.0000","1161.0000","1177.0000","1137.0000","1187.0000","1137.0000","1177.0000"," ","0.0000","0.0000","115500","134633700","1165.6597"
"20190531","01","12","    38540","JP3105180008","1138.0000","1181.0000","1133.0000","1179.0000","1167.0000","1190.0000","1139.0000","1139.0000","1138.0000","1190.0000","1133.0000","1139.0000"," ","0.0000","0.0000","65100","75575700","1160.9171"
"20190531","01","12","    38560","JP3969530009","554.0000","554.0000","551.0000","551.0000","550.0000","550.0000","526.0000","526.0000","554.0000","554.0000","526.0000","526.0000"," ","0.0000","0.0000","9200","5033900","547.1630"
"20190531","01","12","    38570","JP3967900006","1664.0000","1695.0000","1655.0000","1674.0000","1674.0000","1683.0000","1665.0000","1676.0000","1664.0000","1695.0000","1655.0000","1676.0000"," ","0.0000","0.0000","87200","146167400","1676.2317"
"20190531","01","12","    38580","JP3952840001","735.0000","749.0000","729.0000","743.0000","743.0000","749.0000","736.0000","736.0000","735.0000","749.0000","729.0000","736.0000"," ","0.0000","0.0000","32100","23741000","739.5950"
"20190531","01","12","    38910","JP3707000000","1134.0000","1158.0000","1121.0000","1155.0000","1157.0000","1158.0000","1144.0000","1158.0000","1134.0000","1158.0000","1121.0000","1158.0000"," ","0.0000","0.0000","135200","154772000","1144.7633"
"20190531","01","12","    38920","JP3193900002","748.0000","749.0000","745.0000","745.0000","745.0000","746.0000","741.0000","741.0000","748.0000","749.0000","741.0000","741.0000"," ","0.0000","0.0000","6200","4620300","745.2097"
"20190531","01","12","    38950","JP3770250003","611.0000","611.0000","610.0000","610.0000","610.0000","623.0000","610.0000","615.0000","611.0000","623.0000","610.0000","615.0000"," ","0.0000","0.0000","2000","1227200","613.6000"
"20190531","01","12","    39000","JP3267900003","1386.0000","1443.0000","1377.0000","1435.0000","1435.0000","1468.0000","1435.0000","1451.0000","1386.0000","1468.0000","1377.0000","1451.0000"," ","0.0000","0.0000","144600","208430000","1441.4246"
"20190531","01","12","    39040","JP3220100006","662.0000","667.0000","648.0000","655.0000","661.0000","667.0000","645.0000","651.0000","662.0000","667.0000","645.0000","651.0000"," ","0.0000","0.0000","20000","13119800","655.9900"
"20190531","01","12","    39050","JP3548480007","601.0000","607.0000","595.0000","604.0000","603.0000","608.0000","594.0000","594.0000","601.0000","608.0000","594.0000","594.0000"," ","0.0000","0.0000","65700","39355300","599.0152"
"20190531","01","12","    39060","JP3126460009","11600.0000","12100.0000","11480.0000","11640.0000","11640.0000","11880.0000","11590.0000","11700.0000","11600.0000","12100.0000","11480.0000","11700.0000"," ","0.0000","0.0000","394000","4626050000","11741.2437"
"20190531","01","12","    39070","JP3369550003","1809.0000","1828.0000","1785.0000","1808.0000","1806.0000","1838.0000","1785.0000","1799.0000","1809.0000","1838.0000","1785.0000","1799.0000"," ","0.0000","0.0000","31600","57114900","1807.4335"
"20190531","01","12","    39080","JP3305890000","697.0000","697.0000","693.0000","693.0000","690.0000","697.0000","689.0000","689.0000","697.0000","697.0000","689.0000","689.0000"," ","0.0000","0.0000","2000","1385600","692.8000"
"20190531","01","12","    39100","JP3167410004","589.0000","589.0000","587.0000","587.0000","589.0000","593.0000","586.0000","592.0000","589.0000","593.0000","586.0000","592.0000"," ","0.0000","0.0000","10100","5953500","589.4554"
"20190531","01","12","    39110","JP3161050004","349.0000","349.0000","340.0000","342.0000","342.0000","344.0000","338.0000","343.0000","349.0000","349.0000","338.0000","343.0000"," ","0.0000","0.0000","158200","54122200","342.1125"
"20190531","01","12","    39130","JP3163950003","706.0000","709.0000","705.0000","709.0000","709.0000","713.0000","705.0000","707.0000","706.0000","713.0000","705.0000","707.0000"," ","0.0000","0.0000","3500","2473000","706.5714"
"20190531","01","12","    39140","JP3386560001","3305.0000","3530.0000","3260.0000","3505.0000","3540.0000","3630.0000","3460.0000","3620.0000","3305.0000","3630.0000","3260.0000","3620.0000"," ","0.0000","0.0000","276500","958966500","3468.2333"
"20190531","01","12","    39170","JP3105190007","903.0000","909.0000","865.0000","904.0000","906.0000","914.0000","889.0000","902.0000","903.0000","914.0000","865.0000","902.0000"," ","0.0000","0.0000","47300","42175300","891.6554"
"20190531","01","12","    39230","JP3967170006","2532.0000","2577.0000","2503.0000","2518.0000","2522.0000","2570.0000","2522.0000","2559.0000","2532.0000","2577.0000","2503.0000","2559.0000"," ","0.0000","0.0000","694500","1770330700","2549.0723"
"20190531","01","12","    39270","JP3100110000","1146.0000","1146.0000","1085.0000","1125.0000","1123.0000","1126.0000","1090.0000","1097.0000","1146.0000","1146.0000","1085.0000","1097.0000"," ","0.0000","0.0000","104600","116042200","1109.3901"
"20190531","01","12","    39290","JP3431100001","752.0000","752.0000","732.0000","739.0000","736.0000","767.0000","736.0000","750.0000","752.0000","767.0000","732.0000","750.0000"," ","0.0000","0.0000","81900","61179700","747.0049"
"20190531","01","12","    39300","JP3769650007","4970.0000","5070.0000","4730.0000","4735.0000","4775.0000","4835.0000","4715.0000","4720.0000","4970.0000","5070.0000","4715.0000","4720.0000"," ","0.0000","0.0000","185000","897555000","4851.6486"
"20190531","01","12","    39310","JP3778430003","1440.0000","1470.0000","1439.0000","1450.0000","1480.0000","1480.0000","1408.0000","1468.0000","1440.0000","1480.0000","1408.0000","1468.0000"," ","0.0000","0.0000","8700","12649800","1454.0000"
"20190531","01","12","    39330","JP3507650004","777.0000","777.0000","725.0000","737.0000","739.0000","759.0000","726.0000","742.0000","777.0000","777.0000","725.0000","742.0000"," ","0.0000","0.0000","48600","35854100","737.7387"
"20190531","01","12","    39350","JP3164460002","424.0000","427.0000","404.0000","413.0000","413.0000","415.0000","404.0000","407.0000","424.0000","427.0000","404.0000","407.0000"," ","0.0000","0.0000","95600","39436100","412.5115"
"20190531","01","12","    39360","JP3274310006","1868.0000","1868.0000","1810.0000","1832.0000","1829.0000","1829.0000","1829.0000","1829.0000","1868.0000","1868.0000","1810.0000","1829.0000"," ","0.0000","0.0000","700","1280000","1828.5714"
"20190531","01","12","    39440","JP3828800007","0.0000","0.0000","0.0000","0.0000","2398.0000","2398.0000","2398.0000","2398.0000","2398.0000","2398.0000","2398.0000","2398.0000"," ","0.0000","0.0000","100","239800","2398.0000"
"20190531","01","12","    39450","JP3395400009","0.0000","0.0000","0.0000","0.0000","1450.0000","1450.0000","1417.0000","1417.0000","1450.0000","1450.0000","1417.0000","1417.0000"," ","0.0000","0.0000","300","429700","1432.3333"
"20190531","01","12","    39470","JP3494200003","0.0000","0.0000","0.0000","0.0000","0.0000","0.0000","0.0000","0.0000","0.0000","0.0000","0.0000","0.0000"," ","0.0000","0.0000","0","0","0.0000"
"20190531","01","12","    39480","JP3783450004","353.0000","355.0000","353.0000","355.0000","353.0000","353.0000","352.0000","352.0000","353.0000","355.0000","352.0000","352.0000"," ","0.0000","0.0000","7200","2541600","353.0000"
"20190531","01","12","    39510","JP3110600008","1075.0000","1075.0000","1048.0000","1060.0000","1060.0000","1060.0000","1060.0000","1060.0000","1075.0000","1075.0000","1048.0000","1060.0000"," ","0.0000","0.0000","1000","1058300","1058.3000"
"20190531","01","12","    39530","JP3190450001","956.0000","964.0000","930.0000","945.0000","945.0000","945.0000","935.0000","941.0000","956.0000","964.0000","930.0000","941.0000"," ","0.0000","0.0000","3500","3294800","941.3714"
"20190531","01","12","    39540","JP3368600007","1572.0000","1572.0000","1572.0000","1572.0000","0.0000","0.0000","0.0000","0.0000","1572.0000","1572.0000","1572.0000","1572.0000"," ","0.0000","0.0000","100","157200","1572.0000"
"20190531","01","12","    39550","JP3149150009","647.0000","657.0000","644.0000","657.0000","657.0000","657.0000","646.0000","651.0000","647.0000","657.0000","644.0000","651.0000"," ","0.0000","0.0000","14600","9490600","650.0411"
"20190531","01","12","    39560","JP3294500008","302.0000","306.0000","302.0000","306.0000","305.0000","306.0000","302.0000","302.0000","302.0000","306.0000","302.0000","302.0000"," ","0.0000","0.0000","17700","5369800","303.3785"
"20190531","01","12","    39600","JP3778440002","2071.0000","2092.0000","2052.0000","2057.0000","2056.0000","2071.0000","2030.0000","2030.0000","2071.0000","2092.0000","2030.0000","2030.0000"," ","0.0000","0.0000","22700","46644600","2054.8282"
"20190531","01","12","    39610","JP3369580000","1278.0000","1290.0000","1252.0000","1275.0000","1268.0000","1268.0000","1250.0000","1251.0000","1278.0000","1290.0000","1250.0000","1251.0000"," ","0.0000","0.0000","26800","33912200","1265.3806"
"20190531","01","12","    39650","JP3244420000","1295.0000","1310.0000","1255.0000","1282.0000","1282.0000","1292.0000","1263.0000","1268.0000","1295.0000","1310.0000","1255.0000","1268.0000"," ","0.0000","0.0000","29300","37740600","1288.0751"
"20190531","01","12","    39660","JP3944390008","2515.0000","2578.0000","2437.0000","2564.0000","2598.0000","2633.0000","2567.0000","2595.0000","2515.0000","2633.0000","2437.0000","2595.0000"," ","0.0000","0.0000","236300","609167400","2577.9408"
"20190531","01","12","    39670","JP3167700008","1591.0000","1627.0000","1556.0000","1584.0000","1582.0000","1588.0000","1531.0000","1533.0000","1591.0000","1627.0000","1531.0000","1533.0000"," ","0.0000","0.0000","41400","64700800","1562.8213"
"20190531","01","12","    39680","JP3421350004","1214.0000","1214.0000","1178.0000","1192.0000","1196.0000","1204.0000","1193.0000","1193.0000","1214.0000","1214.0000","1178.0000","1193.0000"," ","0.0000","0.0000","16700","19959100","1195.1557"
"20190531","01","12","    39700","JP3147900009","801.0000","847.0000","794.0000","824.0000","821.0000","831.0000","814.0000","820.0000","801.0000","847.0000","794.0000","820.0000"," ","0.0000","0.0000","24200","19759000","816.4876"
"20190531","01","12","    39740","JP3544970001","1253.0000","1253.0000","1252.0000","1252.0000","1263.0000","1263.0000","1254.0000","1254.0000","1253.0000","1263.0000","1252.0000","1254.0000"," ","0.0000","0.0000","600","752700","1254.5000"
"20190531","01","12","    39760","JP3359750001","1294.0000","1298.0000","1271.0000","1298.0000","1293.0000","1293.0000","1264.0000","1264.0000","1294.0000","1298.0000","1264.0000","1264.0000"," ","0.0000","0.0000","900","1157300","1285.8889"
"20190531","01","12","    39790","JP3159920002","1109.0000","1117.0000","1091.0000","1115.0000","1113.0000","1113.0000","1056.0000","1057.0000","1109.0000","1117.0000","1056.0000","1057.0000"," ","0.0000","0.0000","45800","49479500","1080.3384"
"20190531","01","12","    39840","JP3944410004","5840.0000","5860.0000","5670.0000","5810.0000","5780.0000","5780.0000","5580.0000","5620.0000","5840.0000","5860.0000","5580.0000","5620.0000"," ","0.0000","0.0000","30600","174301000","5696.1111"
"20190531","01","12","    39860","JP3799760008","1910.0000","1936.0000","1888.0000","1936.0000","1990.0000","2000.0000","1840.0000","1890.0000","1910.0000","2000.0000","1840.0000","1890.0000"," ","0.0000","0.0000","45800","88957600","1942.3057"
"20190531","01","12","    39870","JP3161290006","1469.0000","1493.0000","1445.0000","1489.0000","1489.0000","1491.0000","1465.0000","1469.0000","1469.0000","1493.0000","1445.0000","1469.0000"," ","0.0000","0.0000","46200","68026400","1472.4329"
"20190531","01","12","    39880","JP3164200002","905.0000","905.0000","900.0000","900.0000","0.0000","0.0000","0.0000","0.0000","905.0000","905.0000","900.0000","900.0000"," ","0.0000","0.0000","800","720600","900.7500"
"20190531","01","12","    39890","JP3347190005","670.0000","685.0000","665.0000","675.0000","674.0000","681.0000","668.0000","673.0000","670.0000","685.0000","665.0000","673.0000"," ","0.0000","0.0000","280500","188878200","673.3626"
"20190531","01","12","    39900","JP3154080000","4310.0000","4365.0000","4275.0000","4335.0000","4335.0000","4395.0000","4325.0000","4345.0000","4310.0000","4395.0000","4275.0000","4345.0000"," ","0.0000","0.0000","173300","750772000","4332.2100"
"20190531","01","12","    39910","JP3155850005","3390.0000","3400.0000","3350.0000","3385.0000","3370.0000","3430.0000","3320.0000","3355.0000","3390.0000","3430.0000","3320.0000","3355.0000"," ","0.0000","0.0000","9700","32755000","3376.8041"
"20190531","01","12","    39920","JP3654100001","567.0000","638.0000","565.0000","613.0000","606.0000","610.0000","580.0000","580.0000","567.0000","638.0000","565.0000","580.0000"," ","0.0000","0.0000","1505300","906779000","602.3909"
"20190531","01","12","    39930","JP3780050005","6150.0000","6200.0000","6090.0000","6130.0000","6150.0000","6180.0000","6040.0000","6040.0000","6150.0000","6200.0000","6040.0000","6040.0000"," ","0.0000","0.0000","76800","468982000","6106.5365"
"20190531","01","12","    39940","JP3869960009","3930.0000","4050.0000","3910.0000","4050.0000","4040.0000","4070.0000","3975.0000","3980.0000","3930.0000","4070.0000","3910.0000","3980.0000"," ","0.0000","0.0000","254100","1014507000","3992.5502"
"20190531","01","12","    39950","JP3396650008","795.0000","817.0000","782.0000","808.0000","810.0000","813.0000","788.0000","792.0000","795.0000","817.0000","782.0000","792.0000"," ","0.0000","0.0000","96500","76844300","796.3140"
"20190531","01","12","    39970","JP3637220009","1273.0000","1273.0000","1244.0000","1244.0000","1263.0000","1269.0000","1251.0000","1265.0000","1273.0000","1273.0000","1244.0000","1265.0000"," ","0.0000","0.0000","2700","3400000","1259.2593"
"20190531","01","12","    39980","JP3410450005","3365.0000","3370.0000","3250.0000","3305.0000","3300.0000","3365.0000","3300.0000","3345.0000","3365.0000","3370.0000","3250.0000","3345.0000"," ","0.0000","0.0000","19200","63570500","3310.9635"
"20190531","01","12","    39990","JP3652100003","923.0000","923.0000","892.0000","922.0000","907.0000","911.0000","894.0000","911.0000","923.0000","923.0000","892.0000","911.0000"," ","0.0000","0.0000","2200","1997300","907.8636"
"20190531","01","12","    40260","JP3289000006","785.0000","790.0000","785.0000","790.0000","791.0000","798.0000","789.0000","789.0000","785.0000","798.0000","785.0000","789.0000"," ","0.0000","0.0000","4400","3481100","791.1591"
"20190531","01","12","    40800","JP3468810001","765.0000","772.0000","760.0000","765.0000","766.0000","766.0000","761.0000","762.0000","765.0000","772.0000","760.0000","762.0000"," ","0.0000","0.0000","31800","24333700","765.2107"
"20190531","01","12","    40940","JP3692000007","1044.0000","1050.0000","1034.0000","1043.0000","1043.0000","1043.0000","1025.0000","1027.0000","1044.0000","1050.0000","1025.0000","1027.0000"," ","0.0000","0.0000","14400","14961900","1039.0208"
"20190531","01","12","    41020","JP3872800002","0.0000","0.0000","0.0000","0.0000","0.0000","0.0000","0.0000","0.0000","0.0000","0.0000","0.0000","0.0000"," ","0.0000","0.0000","0","0","0.0000"
"20190531","01","12","    41070","JP3139300002","0.0000","0.0000","0.0000","0.0000","0.0000","0.0000","0.0000","0.0000","0.0000","0.0000","0.0000","0.0000"," ","0.0000","0.0000","0","0","0.0000"
"20190531","01","12","    41130","JP3452400009","3215.0000","3235.0000","3175.0000","3175.0000","3195.0000","3200.0000","3185.0000","3185.0000","3215.0000","3235.0000","3175.0000","3185.0000"," ","0.0000","0.0000","2000","6387500","3193.7500"
"20190531","01","12","    41150","JP3853400004","0.0000","0.0000","0.0000","0.0000","1200.0000","1200.0000","1200.0000","1200.0000","1200.0000","1200.0000","1200.0000","1200.0000"," ","0.0000","0.0000","100","120000","1200.0000"
"20190531","01","12","    41190","JP3747000002","0.0000","0.0000","0.0000","0.0000","2097.0000","2097.0000","2090.0000","2090.0000","2097.0000","2097.0000","2090.0000","2090.0000"," ","0.0000","0.0000","300","627700","2092.3333"
"20190531","01","12","    41200","JP3396600003","1276.0000","1276.0000","1276.0000","1276.0000","1280.0000","1280.0000","1231.0000","1231.0000","1276.0000","1280.0000","1231.0000","1231.0000"," ","0.0000","0.0000","1400","1771900","1265.6429"
"20190531","01","12","    41240","JP3187100007","1317.0000","1345.0000","1310.0000","1335.0000","1335.0000","1335.0000","1311.0000","1311.0000","1317.0000","1345.0000","1310.0000","1311.0000"," ","0.0000","0.0000","1800","2388800","1327.1111"
"20190531","01","12","    42220","JP3299000004","577.0000","577.0000","573.0000","573.0000","573.0000","576.0000","572.0000","572.0000","577.0000","577.0000","572.0000","572.0000"," ","0.0000","0.0000","6000","3443600","573.9333"
"20190531","01","12","    42240","JP3985200009","1719.0000","1739.0000","1718.0000","1718.0000","1716.0000","1720.0000","1688.0000","1693.0000","1719.0000","1739.0000","1688.0000","1693.0000"," ","0.0000","0.0000","4900","8376600","1709.5102"
"20190531","01","12","    42340","JP3324600000","492.0000","492.0000","484.0000","484.0000","486.0000","491.0000","482.0000","482.0000","492.0000","492.0000","482.0000","482.0000"," ","0.0000","0.0000","1400","682700","487.6429"
"20190531","01","12","    42350","JP3473600009","1638.0000","1657.0000","1606.0000","1648.0000","1640.0000","1671.0000","1635.0000","1640.0000","1638.0000","1671.0000","1606.0000","1640.0000"," ","0.0000","0.0000","30300","49478100","1632.9406"
"20190531","01","12","    42370","JP3820720005","260.0000","260.0000","255.0000","258.0000","259.0000","259.0000","253.0000","253.0000","260.0000","260.0000","253.0000","253.0000"," ","0.0000","0.0000","5300","1363300","257.2264"
"20190531","01","12","    42390","JP3858000007","505.0000","509.0000","505.0000","505.0000","506.0000","509.0000","503.0000","506.0000","505.0000","509.0000","503.0000","506.0000"," ","0.0000","0.0000","7800","3945700","505.8590"
"20190531","01","12","    42400","JP3268810003","407.0000","420.0000","404.0000","420.0000","425.0000","425.0000","404.0000","405.0000","407.0000","425.0000","404.0000","405.0000"," ","0.0000","0.0000","11800","4860600","411.9153"
"20190531","01","12","    42410","JP3121300002","1018.0000","1018.0000","1003.0000","1004.0000","1015.0000","1016.0000","1009.0000","1015.0000","1018.0000","1018.0000","1003.0000","1015.0000"," ","0.0000","0.0000","4900","4960900","1012.4286"
"20190531","01","12","    42420","JP3453900007","2564.0000","2564.0000","2400.0000","2409.0000","2415.0000","2464.0000","2400.0000","2419.0000","2564.0000","2564.0000","2400.0000","2419.0000"," ","0.0000","0.0000","25400","62069400","2443.6772"
"20190531","01","12","    42430","JP3668300001","659.0000","660.0000","655.0000","660.0000","670.0000","670.0000","662.0000","662.0000","659.0000","670.0000","655.0000","662.0000"," ","0.0000","0.0000","1500","989600","659.7333"
"20190531","01","12","    42500","JP3829500002","0.0000","0.0000","0.0000","0.0000","0.0000","0.0000","0.0000","0.0000","0.0000","0.0000","0.0000","0.0000"," ","0.0000","0.0000","0","0","0.0000"
"20190531","01","12","    42740","JP3846200008","951.0000","960.0000","945.0000","954.0000","954.0000","958.0000","945.0000","946.0000","951.0000","960.0000","945.0000","946.0000"," ","0.0000","0.0000","33100","31434300","949.6767"
"20190531","01","12","    42870","JP3388470001","486.0000","491.0000","479.0000","486.0000","485.0000","488.0000","474.0000","476.0000","486.0000","491.0000","474.0000","476.0000"," ","0.0000","0.0000","148700","71609600","481.5709"
"20190531","01","12","    42880","JP3119910002","2078.0000","2087.0000","2059.0000","2086.0000","2082.0000","2082.0000","2055.0000","2057.0000","2078.0000","2087.0000","2055.0000","2057.0000"," ","0.0000","0.0000","5100","10548600","2068.3529"
"20190531","01","12","    42930","JP3423300007","315.0000","325.0000","310.0000","323.0000","325.0000","325.0000","320.0000","322.0000","315.0000","325.0000","310.0000","322.0000"," ","0.0000","0.0000","2208100","704725600","319.1547"
"20190531","01","12","    43040","JP3130500006","790.0000","791.0000","783.0000","785.0000","785.0000","788.0000","781.0000","781.0000","790.0000","791.0000","781.0000","781.0000"," ","0.0000","0.0000","6700","5257900","784.7612"
"20190531","01","12","    43080","JP3386170009","513.0000","523.0000","508.0000","520.0000","519.0000","524.0000","510.0000","510.0000","513.0000","524.0000","508.0000","510.0000"," ","0.0000","0.0000","39200","20243700","516.4209"
"20190531","01","12","    43160","JP3799750009","1088.0000","1090.0000","1045.0000","1063.0000","1062.0000","1074.0000","1008.0000","1010.0000","1088.0000","1090.0000","1008.0000","1010.0000"," ","0.0000","0.0000","177100","185777800","1048.9994"
"20190531","01","12","    43170","JP3979230004","361.0000","365.0000","355.0000","356.0000","356.0000","356.0000","346.0000","346.0000","361.0000","365.0000","346.0000","346.0000"," ","0.0000","0.0000","32400","11419500","352.4537"
"20190531","01","12","    43270","JP3688320005","2002.0000","2008.0000","1960.0000","1999.0000","1998.0000","1998.0000","1961.0000","1961.0000","2002.0000","2008.0000","1960.0000","1961.0000"," ","0.0000","0.0000","4900","9730600","1985.8367"
"20190531","01","12","    43340","JP3944350002","513.0000","514.0000","494.0000","500.0000","500.0000","505.0000","491.0000","491.0000","513.0000","514.0000","491.0000","491.0000"," ","0.0000","0.0000","49300","24584800","498.6775"
"20190531","01","12","    43350","JP3104980002","862.0000","867.0000","853.0000","854.0000","858.0000","861.0000","843.0000","843.0000","862.0000","867.0000","843.0000","843.0000"," ","0.0000","0.0000","14100","12038900","853.8227"
"20190531","01","12","    43360","JP3269830000","419.0000","419.0000","411.0000","411.0000","418.0000","418.0000","400.0000","407.0000","419.0000","419.0000","400.0000","407.0000"," ","0.0000","0.0000","3400","1386700","407.8529"
"20190531","01","12","    43410","JP3418100008","893.0000","920.0000","888.0000","920.0000","922.0000","925.0000","907.0000","925.0000","893.0000","925.0000","888.0000","925.0000"," ","0.0000","0.0000","3900","3563500","913.7179"
"20190531","01","12","    43420","JP3421850003","0.0000","0.0000","0.0000","0.0000","3600.0000","3610.0000","3600.0000","3610.0000","3600.0000","3610.0000","3600.0000","3610.0000"," ","0.0000","0.0000","400","1441000","3602.5000"
"20190531","01","12","    43470","JP3268830001","76.0000","77.0000","74.0000","76.0000","75.0000","76.0000","74.0000","74.0000","76.0000","77.0000","74.0000","74.0000"," ","0.0000","0.0000","1681800","126649200","75.3057"
"20190531","01","12","    43510","JP3938900002","0.0000","0.0000","0.0000","0.0000","507.0000","513.0000","507.0000","513.0000","507.0000","513.0000","507.0000","513.0000"," ","0.0000","0.0000","200","102000","510.0000"
"20190531","01","12","    43550","JP3756070003","350.0000","353.0000","348.0000","352.0000","353.0000","353.0000","353.0000","353.0000","350.0000","353.0000","348.0000","353.0000"," ","0.0000","0.0000","4700","1650300","351.1277"
"20190531","01","12","    43560","JP3174500003","2808.0000","2898.0000","2607.0000","2646.0000","2646.0000","2715.0000","2630.0000","2660.0000","2808.0000","2898.0000","2607.0000","2660.0000"," ","0.0000","0.0000","99600","269887700","2709.7159"
"20190531","01","12","    43610","JP3222600003","970.0000","972.0000","970.0000","970.0000","973.0000","973.0000","973.0000","973.0000","970.0000","973.0000","970.0000","973.0000"," ","0.0000","0.0000","500","485500","971.0000"
"20190531","01","12","    43640","JP3869900005","496.0000","501.0000","495.0000","495.0000","491.0000","496.0000","488.0000","488.0000","496.0000","501.0000","488.0000","488.0000"," ","0.0000","0.0000","6300","3119200","495.1111"
"20190531","01","12","    43650","JP3869100002","10750.0000","10750.0000","10750.0000","10750.0000","0.0000","0.0000","0.0000","0.0000","10750.0000","10750.0000","10750.0000","10750.0000"," ","0.0000","0.0000","100","1075000","10750.0000"
"20190531","01","12","    43660","JP3486500006","289.0000","293.0000","288.0000","291.0000","290.0000","290.0000","287.0000","287.0000","289.0000","293.0000","287.0000","287.0000"," ","0.0000","0.0000","3500","1015100","290.0286"
"20190531","01","12","    43670","JP3286100007","1561.0000","1562.0000","1560.0000","1561.0000","1562.0000","1563.0000","1550.0000","1550.0000","1561.0000","1563.0000","1550.0000","1550.0000"," ","0.0000","0.0000","3200","4992200","1560.0625"
"20190531","01","12","    43800","JP3167490006","1931.0000","1982.0000","1843.0000","1852.0000","1875.0000","1884.0000","1822.0000","1832.0000","1931.0000","1982.0000","1822.0000","1832.0000"," ","0.0000","0.0000","33100","62182000","1878.6103"
"20190531","01","12","    43810","JP3799780006","3470.0000","3485.0000","3330.0000","3375.0000","3380.0000","3420.0000","3300.0000","3300.0000","3470.0000","3485.0000","3300.0000","3300.0000"," ","0.0000","0.0000","71100","239707500","3371.4135"
"20190531","01","12","    43820","JP3783070000","14570.0000","14680.0000","14130.0000","14430.0000","14510.0000","14850.0000","14480.0000","14550.0000","14570.0000","14850.0000","14130.0000","14550.0000"," ","0.0000","0.0000","113600","1650742000","14531.1796"
"20190531","01","12","    43830","JP3800420006","0.0000","0.0000","0.0000","0.0000","0.0000","0.0000","0.0000","0.0000","0.0000","0.0000","0.0000","0.0000"," ","0.0000","0.0000","0","0","0.0000"
"20190531","01","12","    43840","JP3967180005","4350.0000","4715.0000","4350.0000","4675.0000","4680.0000","4830.0000","4635.0000","4680.0000","4350.0000","4830.0000","4350.0000","4680.0000"," ","0.0000","0.0000","446700","2074984000","4645.1399"
"20190531","01","12","    43850","JP3921290007","3040.0000","3155.0000","3005.0000","3125.0000","3115.0000","3245.0000","3115.0000","3200.0000","3040.0000","3245.0000","3005.0000","3200.0000"," ","0.0000","0.0000","1453000","4605682500","3169.7746"
"20190531","01","12","    43860","JP3161590009","682.0000","691.0000","659.0000","675.0000","680.0000","696.0000","675.0000","675.0000","682.0000","696.0000","659.0000","675.0000"," ","0.0000","0.0000","35500","24138100","679.9465"
"20190531","01","12","    43870","JP3411810009","3695.0000","3770.0000","3630.0000","3750.0000","3710.0000","3765.0000","3660.0000","3665.0000","3695.0000","3770.0000","3630.0000","3665.0000"," ","0.0000","0.0000","8100","30008000","3704.6914"
"20190531","01","12","    43880","JP3160020008","2097.0000","2120.0000","2046.0000","2073.0000","2068.0000","2091.0000","2038.0000","2080.0000","2097.0000","2120.0000","2038.0000","2080.0000"," ","0.0000","0.0000","64800","134130300","2069.9120"
"20190531","01","12","    43890","JP3833820008","937.0000","937.0000","912.0000","919.0000","916.0000","920.0000","893.0000","895.0000","937.0000","937.0000","893.0000","895.0000"," ","0.0000","0.0000","10300","9386600","911.3204"
"20190531","01","12","    43900","JP3104910009","1030.0000","1045.0000","1018.0000","1030.0000","1035.0000","1040.0000","1007.0000","1010.0000","1030.0000","1045.0000","1007.0000","1010.0000"," ","0.0000","0.0000","205300","209818200","1022.0078"
"20190531","01","12","    43910","JP3984140008","2215.0000","2276.0000","2190.0000","2228.0000","2222.0000","2226.0000","2198.0000","2208.0000","2215.0000","2276.0000","2190.0000","2208.0000"," ","0.0000","0.0000","27900","61879900","2217.9176"
"20190531","01","12","    43930","JP3778460000","1409.0000","1436.0000","1395.0000","1424.0000","1424.0000","1430.0000","1405.0000","1413.0000","1409.0000","1436.0000","1395.0000","1413.0000"," ","0.0000","0.0000","55100","77808100","1412.1252"
"20190531","01","12","    43940","JP3161310002","1771.0000","1828.0000","1770.0000","1815.0000","1815.0000","1830.0000","1787.0000","1788.0000","1771.0000","1830.0000","1770.0000","1788.0000"," ","0.0000","0.0000","24400","44015600","1803.9180"
"20190531","01","12","    43950","JP3108180005","827.0000","832.0000","804.0000","819.0000","816.0000","818.0000","797.0000","802.0000","827.0000","832.0000","797.0000","802.0000"," ","0.0000","0.0000","106700","86599000","811.6120"
"20190531","01","12","    43960","JP3350960005","1330.0000","1379.0000","1300.0000","1365.0000","1366.0000","1379.0000","1327.0000","1343.0000","1330.0000","1379.0000","1300.0000","1343.0000"," ","0.0000","0.0000","18700","25052500","1339.7059"
"20190531","01","12","    43970","JP3507200008","2616.0000","2825.0000","2612.0000","2745.0000","2761.0000","3100.0000","2720.0000","2992.0000","2616.0000","3100.0000","2612.0000","2992.0000"," ","0.0000","0.0000","745400","2167029400","2907.2034"
"20190531","01","12","    43980","JP3831470004","1700.0000","1727.0000","1687.0000","1717.0000","1703.0000","1722.0000","1703.0000","1722.0000","1700.0000","1727.0000","1687.0000","1722.0000"," ","0.0000","0.0000","13000","22230300","1710.0231"
"20190531","01","12","    43990","JP3266300007","794.0000","796.0000","779.0000","796.0000","799.0000","807.0000","796.0000","804.0000","794.0000","807.0000","779.0000","804.0000"," ","0.0000","0.0000","53000","42064700","793.6736"
"20190531","01","12","    44090","JP3599800004","501.0000","501.0000","499.0000","500.0000","499.0000","504.0000","499.0000","501.0000","501.0000","504.0000","499.0000","501.0000"," ","0.0000","0.0000","3600","1802900","500.8056"
"20190531","01","12","    44200","JP3130650009","1930.0000","1939.0000","1831.0000","1859.0000","1854.0000","1915.0000","1848.0000","1906.0000","1930.0000","1939.0000","1831.0000","1906.0000"," ","0.0000","0.0000","317700","596935900","1878.9295"
"20190531","01","12","    44210","JP3548810005","1569.0000","1570.0000","1516.0000","1546.0000","1546.0000","1570.0000","1529.0000","1545.0000","1569.0000","1570.0000","1516.0000","1545.0000"," ","0.0000","0.0000","14100","21790100","1545.3972"
"20190531","01","12","    44220","JP3778470009","3320.0000","3320.0000","3130.0000","3250.0000","3270.0000","3270.0000","3105.0000","3120.0000","3320.0000","3320.0000","3105.0000","3120.0000"," ","0.0000","0.0000","38900","124695000","3205.5270"
"20190531","01","12","    44240","JP3124740006","5230.0000","5260.0000","5010.0000","5070.0000","5050.0000","5190.0000","5050.0000","5180.0000","5230.0000","5260.0000","5010.0000","5180.0000"," ","0.0000","0.0000","88500","453620000","5125.6497"
"20190531","01","12","    44250","JP3266220007","17660.0000","17660.0000","16760.0000","17000.0000","17030.0000","17030.0000","16740.0000","16740.0000","17660.0000","17660.0000","16740.0000","16740.0000"," ","0.0000","0.0000","18800","318600000","16946.8085"
"20190531","01","12","    44260","JP3781440007","0.0000","0.0000","0.0000","0.0000","0.0000","0.0000","0.0000","0.0000","0.0000","0.0000","0.0000","0.0000"," ","0.0000","0.0000","0","0","0.0000"
"20190531","01","12","    44270","JP3164480000","6610.0000","6610.0000","6430.0000","6460.0000","6380.0000","6440.0000","6290.0000","6290.0000","6610.0000","6610.0000","6290.0000","6290.0000"," ","0.0000","0.0000","55000","353806000","6432.8364"
"20190531","01","12","    44280","JP3977010002","16130.0000","16630.0000","15920.0000","16160.0000","16160.0000","16340.0000","16000.0000","16000.0000","16130.0000","16630.0000","15920.0000","16000.0000"," ","0.0000","0.0000","18100","292125000","16139.5028"
"20190531","01","12","    44290","JP3974510004","17230.0000","17830.0000","17180.0000","17290.0000","17280.0000","17970.0000","17130.0000","17340.0000","17230.0000","17970.0000","17130.0000","17340.0000"," ","0.0000","0.0000","85900","1509806000","17576.3213"
"20190531","01","12","    44300","JP3564800005","2099.0000","2112.0000","2025.0000","2091.0000","2114.0000","2114.0000","2058.0000","2067.0000","2099.0000","2114.0000","2025.0000","2067.0000"," ","0.0000","0.0000","12300","25603900","2081.6179"
"20190531","01","12","    44310","JP3400110007","3145.0000","3160.0000","3085.0000","3150.0000","3125.0000","3155.0000","3070.0000","3090.0000","3145.0000","3160.0000","3070.0000","3090.0000"," ","0.0000","0.0000","84300","262613500","3115.2254"
"20190531","01","12","    44340","JP3310250000","15910.0000","16400.0000","15690.0000","16310.0000","16500.0000","16570.0000","16320.0000","16440.0000","15910.0000","16570.0000","15690.0000","16440.0000"," ","0.0000","0.0000","26000","423864000","16302.4615"
"20190531","01","12","    44350","JP3205900008","7650.0000","7840.0000","7570.0000","7660.0000","7690.0000","7690.0000","7470.0000","7560.0000","7650.0000","7840.0000","7470.0000","7560.0000"," ","0.0000","0.0000","97000","742785000","7657.5773"
"20190531","01","12","    44360","JP3911000002","1177.0000","1199.0000","1134.0000","1169.0000","1157.0000","1185.0000","1150.0000","1151.0000","1177.0000","1199.0000","1134.0000","1151.0000"," ","0.0000","0.0000","143300","166637400","1162.8569"
"20190531","01","12","    44370","JP3273760003","4080.0000","4120.0000","4000.0000","4000.0000","4000.0000","4000.0000","3900.0000","3900.0000","4080.0000","4120.0000","3900.0000","3900.0000"," ","0.0000","0.0000","10300","41276000","4007.3786"
"20190531","01","12","    44380","JP3155410008","17690.0000","18150.0000","17470.0000","17980.0000","17970.0000","17970.0000","16440.0000","16990.0000","17690.0000","18150.0000","16440.0000","16990.0000"," ","0.0000","0.0000","13200","233230000","17668.9394"
"20190531","01","12","    44390","JP3606150005","2837.0000","2886.0000","2836.0000","2836.0000","2836.0000","2840.0000","2771.0000","2771.0000","2837.0000","2886.0000","2771.0000","2771.0000"," ","0.0000","0.0000","10700","30095200","2812.6355"
"20190531","01","12","    44400","JP3159930001","6230.0000","6270.0000","5950.0000","6190.0000","6230.0000","6230.0000","5960.0000","5960.0000","6230.0000","6270.0000","5950.0000","5960.0000"," ","0.0000","0.0000","44900","275039000","6125.5902"
"20190531","01","12","    44410","JP3630000002","9630.0000","9950.0000","9210.0000","9740.0000","9700.0000","9740.0000","9230.0000","9300.0000","9630.0000","9950.0000","9210.0000","9300.0000"," ","0.0000","0.0000","155200","1482403000","9551.5657"
"20190531","01","12","    44420","JP3778480008","1820.0000","2093.0000","1650.0000","1765.0000","1770.0000","1890.0000","1715.0000","1890.0000","1820.0000","2093.0000","1650.0000","1890.0000"," ","0.0000","0.0000","3214600","5923663000","1842.7372"
"20190531","01","12","    44640","JP3436030005","890.0000","893.0000","890.0000","890.0000","890.0000","894.0000","890.0000","894.0000","890.0000","894.0000","890.0000","894.0000"," ","0.0000","0.0000","3200","2853200","891.6250"
"20190531","01","12","    45240","JP3924400009","0.0000","0.0000","0.0000","0.0000","2002.0000","2010.0000","2002.0000","2010.0000","2002.0000","2010.0000","2002.0000","2010.0000"," ","0.0000","0.0000","200","401200","2006.0000"
"20190531","01","12","    45560","JP3205650009","834.0000","837.0000","827.0000","830.0000","831.0000","835.0000","827.0000","828.0000","834.0000","837.0000","827.0000","828.0000"," ","0.0000","0.0000","8700","7220200","829.9080"
"20190531","01","12","    45570","JP3131450003","3080.0000","3080.0000","2977.0000","3000.0000","3000.0000","3015.0000","2898.0000","2923.0000","3080.0000","3080.0000","2898.0000","2923.0000"," ","0.0000","0.0000","63300","187560400","2963.0395"
"20190531","01","12","    45580","JP3519900009","276.0000","277.0000","276.0000","277.0000","277.0000","277.0000","277.0000","277.0000","276.0000","277.0000","276.0000","277.0000"," ","0.0000","0.0000","1300","359500","276.5385"
"20190531","01","12","    45630","JP3127700007","705.0000","721.0000","704.0000","713.0000","715.0000","719.0000","703.0000","709.0000","705.0000","721.0000","703.0000","709.0000"," ","0.0000","0.0000","1899700","1354273900","712.8883"
"20190531","01","12","    45640","JP3202150003","110.0000","113.0000","109.0000","113.0000","113.0000","114.0000","107.0000","108.0000","110.0000","114.0000","107.0000","108.0000"," ","0.0000","0.0000","1032800","114198000","110.5713"
"20190531","01","12","    45650","JP3431300007","2015.0000","2114.0000","1992.0000","2091.0000","2075.0000","2106.0000","1984.0000","2012.0000","2015.0000","2114.0000","1984.0000","2012.0000"," ","0.0000","0.0000","8224500","16776666200","2039.8403"
"20190531","01","12","    45700","JP3921300004","636.0000","642.0000","627.0000","641.0000","641.0000","641.0000","633.0000","636.0000","636.0000","642.0000","627.0000","636.0000"," ","0.0000","0.0000","31600","20052900","634.5854"
"20190531","01","12","    45710","JP3651120002","335.0000","337.0000","329.0000","334.0000","334.0000","336.0000","330.0000","330.0000","335.0000","337.0000","329.0000","330.0000"," ","0.0000","0.0000","587700","195344800","332.3886"
"20190531","01","12","    45720","JP3220550002","945.0000","950.0000","925.0000","931.0000","930.0000","938.0000","922.0000","925.0000","945.0000","950.0000","922.0000","925.0000"," ","0.0000","0.0000","120600","112454500","932.4585"
"20190531","01","12","    45750","JP3244570002","756.0000","772.0000","741.0000","762.0000","771.0000","799.0000","760.0000","771.0000","756.0000","799.0000","741.0000","771.0000"," ","0.0000","0.0000","220000","168613600","766.4255"
"20190531","01","12","    45760","JP3548740004","447.0000","453.0000","440.0000","445.0000","443.0000","445.0000","437.0000","438.0000","447.0000","453.0000","437.0000","438.0000"," ","0.0000","0.0000","166700","73788700","442.6437"
"20190531","01","12","    45790","JP3967150008","1529.0000","1544.0000","1507.0000","1530.0000","1521.0000","1542.0000","1520.0000","1529.0000","1529.0000","1544.0000","1507.0000","1529.0000"," ","0.0000","0.0000","292400","446828500","1528.1412"
"20190531","01","12","    45820","JP3383050006","176.0000","176.0000","174.0000","176.0000","175.0000","176.0000","173.0000","174.0000","176.0000","176.0000","173.0000","174.0000"," ","0.0000","0.0000","1433500","250640700","174.8453"
"20190531","01","12","    45830","JP3205350006","186.0000","186.0000","182.0000","184.0000","185.0000","186.0000","181.0000","182.0000","186.0000","186.0000","181.0000","182.0000"," ","0.0000","0.0000","152600","28035600","183.7195"
"20190531","01","12","    45840","JP3386460004","643.0000","644.0000","627.0000","636.0000","634.0000","640.0000","628.0000","630.0000","643.0000","644.0000","627.0000","630.0000"," ","0.0000","0.0000","74900","47401300","632.8611"
"20190531","01","12","    45850","JP3944320005","305.0000","308.0000","302.0000","305.0000","305.0000","309.0000","303.0000","305.0000","305.0000","309.0000","302.0000","305.0000"," ","0.0000","0.0000","86000","26172500","304.3314"
"20190531","01","12","    45860","JP3921220004","431.0000","442.0000","423.0000","439.0000","435.0000","439.0000","424.0000","424.0000","431.0000","442.0000","423.0000","424.0000"," ","0.0000","0.0000","222400","95933600","431.3561"
"20190531","01","12","    45880","JP3202170001","2205.0000","2265.0000","2186.0000","2219.0000","2223.0000","2328.0000","2203.0000","2204.0000","2205.0000","2328.0000","2186.0000","2204.0000"," ","0.0000","0.0000","3459600","7815205300","2258.9910"
"20190531","01","12","    45910","JP3974850004","755.0000","838.0000","710.0000","834.0000","849.0000","859.0000","702.0000","737.0000","755.0000","859.0000","702.0000","737.0000"," ","0.0000","0.0000","4382600","3427720600","782.1203"
"20190531","01","12","    45920","JP3336750009","3820.0000","3855.0000","3775.0000","3800.0000","3790.0000","3840.0000","3790.0000","3825.0000","3820.0000","3855.0000","3775.0000","3825.0000"," ","0.0000","0.0000","443500","1692190500","3815.5366"
"20190531","01","12","    45930","JP3835100003","1788.0000","1800.0000","1712.0000","1745.0000","1737.0000","1763.0000","1737.0000","1758.0000","1788.0000","1800.0000","1712.0000","1758.0000"," ","0.0000","0.0000","206400","361261500","1750.2980"
"20190531","01","12","    45940","JP3274140007","245.0000","250.0000","242.0000","249.0000","249.0000","252.0000","247.0000","248.0000","245.0000","252.0000","242.0000","248.0000"," ","0.0000","0.0000","345500","85554500","247.6252"
"20190531","01","12","    45950","JP3885900005","1937.0000","1955.0000","1898.0000","1943.0000","1943.0000","1943.0000","1895.0000","1908.0000","1937.0000","1955.0000","1895.0000","1908.0000"," ","0.0000","0.0000","34100","65256500","1913.6804"
"20190531","01","12","    45960","JP3266500002","324.0000","327.0000","318.0000","320.0000","321.0000","324.0000","318.0000","318.0000","324.0000","327.0000","318.0000","318.0000"," ","0.0000","0.0000","888400","285049400","320.8570"
"20190531","01","12","    45970","JP3436500007","158.0000","161.0000","157.0000","159.0000","159.0000","160.0000","155.0000","156.0000","158.0000","161.0000","155.0000","156.0000"," ","0.0000","0.0000","806100","127770400","158.5044"
"20190531","01","12","    45980","JP3549370009","2200.0000","2215.0000","2139.0000","2211.0000","2261.0000","2292.0000","2215.0000","2219.0000","2200.0000","2292.0000","2139.0000","2219.0000"," ","0.0000","0.0000","17800","39417200","2214.4494"
"20190531","01","12","    46160","JP3221800000","1275.0000","1289.0000","1275.0000","1289.0000","1265.0000","1265.0000","1244.0000","1250.0000","1275.0000","1289.0000","1244.0000","1250.0000"," ","0.0000","0.0000","1400","1757900","1255.6429"
"20190531","01","12","    46210","JP3984400006","0.0000","0.0000","0.0000","0.0000","772.0000","772.0000","772.0000","772.0000","772.0000","772.0000","772.0000","772.0000"," ","0.0000","0.0000","100","77200","772.0000"
"20190531","01","12","    46230","JP3116400007","1698.0000","1698.0000","1696.0000","1698.0000","1731.0000","1731.0000","1700.0000","1700.0000","1698.0000","1731.0000","1696.0000","1700.0000"," ","0.0000","0.0000","1100","1871100","1701.0000"
"20190531","01","12","    46240","JP3133200000","0.0000","0.0000","0.0000","0.0000","0.0000","0.0000","0.0000","0.0000","0.0000","0.0000","0.0000","0.0000"," ","0.0000","0.0000","0","0","0.0000"
"20190531","01","12","    46250","JP3121800001","0.0000","0.0000","0.0000","0.0000","0.0000","0.0000","0.0000","0.0000","0.0000","0.0000","0.0000","0.0000"," ","0.0000","0.0000","0","0","0.0000"
"20190531","01","12","    46270","JP3651050001","1259.0000","1259.0000","1259.0000","1259.0000","1259.0000","1259.0000","1259.0000","1259.0000","1259.0000","1259.0000","1259.0000","1259.0000"," ","0.0000","0.0000","200","251800","1259.0000"
"20190531","01","12","    46280","JP3162650000","47550.0000","47550.0000","47500.0000","47500.0000","47400.0000","47400.0000","47400.0000","47400.0000","47550.0000","47550.0000","47400.0000","47400.0000"," ","0.0000","0.0000","400","19000000","47500.0000"
"20190531","01","12","    46290","JP3484300003","1188.0000","1188.0000","1188.0000","1188.0000","1160.0000","1160.0000","1160.0000","1160.0000","1188.0000","1188.0000","1160.0000","1160.0000"," ","0.0000","0.0000","300","353600","1178.6667"
"20190531","01","12","    46350","JP3571000003","2399.0000","2399.0000","2389.0000","2389.0000","2392.0000","2395.0000","2374.0000","2374.0000","2399.0000","2399.0000","2374.0000","2374.0000"," ","0.0000","0.0000","800","1913300","2391.6250"
"20190531","01","12","    46400","JP3127800005","433.0000","433.0000","430.0000","431.0000","432.0000","432.0000","431.0000","432.0000","433.0000","433.0000","430.0000","432.0000"," ","0.0000","0.0000","3200","1382100","431.9063"
"20190531","01","12","    46420","JP3200200008","842.0000","842.0000","829.0000","829.0000","830.0000","835.0000","828.0000","830.0000","842.0000","842.0000","828.0000","830.0000"," ","0.0000","0.0000","3000","2499500","833.1667"
"20190531","01","12","    46440","JP3149000006","824.0000","826.0000","817.0000","822.0000","822.0000","822.0000","811.0000","815.0000","824.0000","826.0000","811.0000","815.0000"," ","0.0000","0.0000","15500","12658900","816.7032"
"20190531","01","12","    46450","JP3141800007","0.0000","0.0000","0.0000","0.0000","486.0000","490.0000","486.0000","487.0000","486.0000","490.0000","486.0000","487.0000"," ","0.0000","0.0000","800","389900","487.3750"
"20190531","01","12","    46500","JP3396400008","397.0000","398.0000","397.0000","398.0000","394.0000","398.0000","394.0000","395.0000","397.0000","398.0000","394.0000","395.0000"," ","0.0000","0.0000","3300","1304900","395.4242"
"20190531","01","12","    46570","JP3227300005","741.0000","764.0000","730.0000","736.0000","736.0000","742.0000","702.0000","702.0000","741.0000","764.0000","702.0000","702.0000"," ","0.0000","0.0000","594800","435596600","732.3413"
"20190531","01","12","    46590","JP3160720003","3230.0000","3240.0000","3215.0000","3220.0000","3260.0000","3300.0000","3255.0000","3260.0000","3230.0000","3300.0000","3215.0000","3260.0000"," ","0.0000","0.0000","6200","20166500","3252.6613"
"20190531","01","12","    46640","JP3100300007","853.0000","869.0000","852.0000","864.0000","855.0000","872.0000","855.0000","872.0000","853.0000","872.0000","852.0000","872.0000"," ","0.0000","0.0000","12700","10918100","859.6929"
"20190531","01","12","    46670","JP3101800005","2113.0000","2160.0000","2082.0000","2112.0000","2118.0000","2159.0000","2116.0000","2116.0000","2113.0000","2160.0000","2082.0000","2116.0000"," ","0.0000","0.0000","33200","70517500","2124.0211"
"20190531","01","12","    46690","JP3685100004","643.0000","643.0000","642.0000","642.0000","641.0000","641.0000","640.0000","640.0000","643.0000","643.0000","640.0000","640.0000"," ","0.0000","0.0000","700","448600","640.8571"
"20190531","01","12","    46730","JP3224900005","0.0000","0.0000","0.0000","0.0000","0.0000","0.0000","0.0000","0.0000","0.0000","0.0000","0.0000","0.0000"," ","0.0000","0.0000","0","0","0.0000"
"20190531","01","12","    46850","JP3976500003","0.0000","0.0000","0.0000","0.0000","0.0000","0.0000","0.0000","0.0000","0.0000","0.0000","0.0000","0.0000"," ","0.0000","0.0000","0","0","0.0000"
"20190531","01","12","    46900","JP3745100002","1949.0000","1970.0000","1949.0000","1970.0000","1930.0000","1930.0000","1930.0000","1930.0000","1949.0000","1970.0000","1930.0000","1930.0000"," ","0.0000","0.0000","600","1171800","1953.0000"
"20190531","01","12","    46950","JP3860290000","696.0000","700.0000","696.0000","700.0000","697.0000","700.0000","693.0000","695.0000","696.0000","700.0000","693.0000","695.0000"," ","0.0000","0.0000","2900","2022500","697.4138"
"20190531","01","12","    46990","JP3156600003","1650.0000","1666.0000","1624.0000","1666.0000","1626.0000","1626.0000","1626.0000","1626.0000","1650.0000","1666.0000","1624.0000","1626.0000"," ","0.0000","0.0000","1400","2289800","1635.5714"
"20190531","01","12","    47050","JP3270100005","0.0000","0.0000","0.0000","0.0000","768.0000","768.0000","768.0000","768.0000","768.0000","768.0000","768.0000","768.0000"," ","0.0000","0.0000","100","76800","768.0000"
"20190531","01","12","    47070","JP3238100006","360.0000","361.0000","352.0000","359.0000","358.0000","360.0000","353.0000","354.0000","360.0000","361.0000","352.0000","354.0000"," ","0.0000","0.0000","96100","34291100","356.8273"
"20190531","01","12","    47120","JP3348900006","98.0000","100.0000","98.0000","100.0000","100.0000","100.0000","98.0000","99.0000","98.0000","100.0000","98.0000","99.0000"," ","0.0000","0.0000","551500","54568800","98.9461"
"20190531","01","12","    47200","JP3393100007","410.0000","410.0000","409.0000","409.0000","409.0000","411.0000","409.0000","410.0000","410.0000","411.0000","409.0000","410.0000"," ","0.0000","0.0000","1000","409700","409.7000"
"20190531","01","12","    47340","JP3799650001","856.0000","856.0000","840.0000","849.0000","844.0000","847.0000","824.0000","845.0000","856.0000","856.0000","824.0000","845.0000"," ","0.0000","0.0000","24400","20499200","840.1311"
"20190531","01","12","    47350","JP3249250006","1001.0000","1007.0000","1001.0000","1003.0000","1003.0000","1003.0000","999.0000","1002.0000","1001.0000","1007.0000","999.0000","1002.0000"," ","0.0000","0.0000","3300","3309200","1002.7879"
"20190531","01","12","    47360","JP3754650004","850.0000","874.0000","843.0000","856.0000","858.0000","870.0000","858.0000","870.0000","850.0000","874.0000","843.0000","870.0000"," ","0.0000","0.0000","94300","81355200","862.7275"
"20190531","01","12","    47480","JP3288950003","2215.0000","2215.0000","2185.0000","2201.0000","2203.0000","2203.0000","2164.0000","2173.0000","2215.0000","2215.0000","2164.0000","2173.0000"," ","0.0000","0.0000","5600","12227600","2183.5000"
"20190531","01","12","    47500","JP3483200006","614.0000","614.0000","600.0000","602.0000","605.0000","613.0000","604.0000","613.0000","614.0000","614.0000","600.0000","613.0000"," ","0.0000","0.0000","7500","4548000","606.4000"
"20190531","01","12","    47520","JP3366900003","661.0000","665.0000","661.0000","665.0000","658.0000","665.0000","657.0000","657.0000","661.0000","665.0000","657.0000","657.0000"," ","0.0000","0.0000","2600","1717900","660.7308"
"20190531","01","12","    47540","JP3626950004","0.0000","0.0000","0.0000","0.0000","1129.0000","1129.0000","1129.0000","1129.0000","1129.0000","1129.0000","1129.0000","1129.0000"," ","0.0000","0.0000","100","112900","1129.0000"
"20190531","01","12","    47600","JP3126320005","0.0000","0.0000","0.0000","0.0000","0.0000","0.0000","0.0000","0.0000","0.0000","0.0000","0.0000","0.0000"," ","0.0000","0.0000","0","0","0.0000"
"20190531","01","12","    47610","JP3317500001","853.0000","854.0000","841.0000","854.0000","854.0000","854.0000","849.0000","850.0000","853.0000","854.0000","841.0000","850.0000"," ","0.0000","0.0000","2600","2211500","850.5769"
"20190531","01","12","    47640","JP3549100000","108.0000","108.0000","106.0000","107.0000","106.0000","108.0000","106.0000","107.0000","108.0000","108.0000","106.0000","107.0000"," ","0.0000","0.0000","193300","20632700","106.7393"
"20190531","01","12","    47650","JP3922100007","324.0000","325.0000","322.0000","322.0000","323.0000","323.0000","321.0000","321.0000","324.0000","325.0000","321.0000","321.0000"," ","0.0000","0.0000","29100","9392200","322.7560"
"20190531","01","12","    47660","JP3801200001","234.0000","243.0000","234.0000","237.0000","237.0000","239.0000","230.0000","233.0000","234.0000","243.0000","230.0000","233.0000"," ","0.0000","0.0000","183200","43194200","235.7762"
"20190531","01","12","    47690","JP3153800002","588.0000","610.0000","588.0000","600.0000","591.0000","603.0000","591.0000","595.0000","588.0000","610.0000","588.0000","595.0000"," ","0.0000","0.0000","6400","3786900","591.7031"
"20190531","01","12","    47700","JP3167800006","311.0000","311.0000","300.0000","305.0000","304.0000","309.0000","301.0000","302.0000","311.0000","311.0000","300.0000","302.0000"," ","0.0000","0.0000","64100","19458700","303.5679"
"20190531","01","12","    47710","JP3166700009","1030.0000","1030.0000","1013.0000","1018.0000","1026.0000","1026.0000","1024.0000","1024.0000","1030.0000","1030.0000","1013.0000","1024.0000"," ","0.0000","0.0000","8200","8377600","1021.6585"
"20190531","01","12","    47720","JP3549050007","180.0000","180.0000","179.0000","179.0000","178.0000","179.0000","174.0000","174.0000","180.0000","180.0000","174.0000","174.0000"," ","0.0000","0.0000","14400","2539700","176.3681"
"20190531","01","12","    47770","JP3233700008","260.0000","261.0000","258.0000","260.0000","260.0000","261.0000","259.0000","259.0000","260.0000","261.0000","258.0000","259.0000"," ","0.0000","0.0000","24300","6314100","259.8395"
"20190531","01","12","    47810","JP3742500006","2366.0000","2366.0000","2341.0000","2348.0000","2380.0000","2380.0000","2350.0000","2350.0000","2366.0000","2380.0000","2341.0000","2350.0000"," ","0.0000","0.0000","2100","4949000","2356.6667"
"20190531","01","12","    47830","JP3709100006","807.0000","818.0000","803.0000","817.0000","820.0000","843.0000","812.0000","838.0000","807.0000","843.0000","803.0000","838.0000"," ","0.0000","0.0000","36300","29927000","824.4353"
"20190531","01","12","    47840","JP3863050005","412.0000","413.0000","412.0000","413.0000","413.0000","413.0000","412.0000","412.0000","412.0000","413.0000","412.0000","412.0000"," ","0.0000","0.0000","3800","1567500","412.5000"
"20190531","01","12","    48000","JP3200140006","927.0000","940.0000","896.0000","902.0000","902.0000","921.0000","890.0000","896.0000","927.0000","940.0000","890.0000","896.0000"," ","0.0000","0.0000","192300","175106100","910.5881"
"20190531","01","12","    48130","JP3108060009","809.0000","837.0000","803.0000","834.0000","829.0000","839.0000","821.0000","829.0000","809.0000","839.0000","803.0000","829.0000"," ","0.0000","0.0000","210600","173695300","824.7640"
"20190531","01","12","    48140","JP3758030005","259.0000","259.0000","253.0000","256.0000","258.0000","259.0000","251.0000","255.0000","259.0000","259.0000","251.0000","255.0000"," ","0.0000","0.0000","180300","46007900","255.1742"
"20190531","01","12","    48160","JP3560200002","5300.0000","5390.0000","5190.0000","5360.0000","5400.0000","5430.0000","5380.0000","5400.0000","5300.0000","5430.0000","5190.0000","5400.0000"," ","0.0000","0.0000","42600","227554000","5341.6432"
"20190531","01","12","    48240","JP3920930009","774.0000","775.0000","733.0000","769.0000","771.0000","771.0000","752.0000","757.0000","774.0000","775.0000","733.0000","757.0000"," ","0.0000","0.0000","224600","170210300","757.8375"
"20190531","01","12","    48320","JP3226650004","2999.0000","2999.0000","2999.0000","2999.0000","2999.0000","2999.0000","2871.0000","2872.0000","2999.0000","2999.0000","2871.0000","2872.0000"," ","0.0000","0.0000","1500","4422000","2948.0000"
"20190531","01","12","    48330","JP3781520006","212.0000","212.0000","209.0000","210.0000","211.0000","211.0000","208.0000","211.0000","212.0000","212.0000","208.0000","211.0000"," ","0.0000","0.0000","22700","4758400","209.6211"
"20190531","01","12","    48370","JP3351650001","275.0000","279.0000","273.0000","276.0000","276.0000","276.0000","272.0000","272.0000","275.0000","279.0000","272.0000","272.0000"," ","0.0000","0.0000","43700","12002800","274.6636"
"20190531","01","12","    48380","JP3400070003","495.0000","498.0000","495.0000","495.0000","495.0000","500.0000","493.0000","493.0000","495.0000","500.0000","493.0000","493.0000"," ","0.0000","0.0000","3500","1736100","496.0286"
"20190531","01","12","    48400","JP3639450000","344.0000","344.0000","331.0000","334.0000","336.0000","338.0000","333.0000","338.0000","344.0000","344.0000","331.0000","338.0000"," ","0.0000","0.0000","9700","3285700","338.7320"
"20190531","01","12","    49180","JP3104990001","984.0000","985.0000","960.0000","967.0000","967.0000","967.0000","966.0000","966.0000","984.0000","985.0000","960.0000","966.0000"," ","0.0000","0.0000","1300","1258000","967.6923"
"20190531","01","12","    49200","JP3712200009","0.0000","0.0000","0.0000","0.0000","2012.0000","2050.0000","2004.0000","2004.0000","2012.0000","2050.0000","2004.0000","2004.0000"," ","0.0000","0.0000","1000","2019700","2019.7000"
"20190531","01","12","    49250","JP3765130004","8270.0000","8270.0000","8110.0000","8250.0000","8190.0000","8200.0000","8170.0000","8180.0000","8270.0000","8270.0000","8110.0000","8180.0000"," ","0.0000","0.0000","8300","67974000","8189.6386"
"20190531","01","12","    49520","JP3163200003","846.0000","846.0000","836.0000","837.0000","848.0000","848.0000","848.0000","848.0000","846.0000","848.0000","836.0000","848.0000"," ","0.0000","0.0000","1500","1262600","841.7333"
"20190531","01","12","    49570","JP3932900008","0.0000","0.0000","0.0000","0.0000","0.0000","0.0000","0.0000","0.0000","0.0000","0.0000","0.0000","0.0000"," ","0.0000","0.0000","0","0","0.0000"
"20190531","01","12","    49600","JP3281650006","204.0000","204.0000","200.0000","200.0000","199.0000","199.0000","196.0000","196.0000","204.0000","204.0000","196.0000","196.0000"," ","0.0000","0.0000","27200","5456200","200.5956"
"20190531","01","12","    49620","JP3307900005","0.0000","0.0000","0.0000","0.0000","0.0000","0.0000","0.0000","0.0000","0.0000","0.0000","0.0000","0.0000"," ","0.0000","0.0000","0","0","0.0000"
"20190531","01","12","    49660","JP3155350006","6410.0000","6450.0000","6410.0000","6450.0000","6410.0000","6450.0000","6400.0000","6400.0000","6410.0000","6450.0000","6400.0000","6400.0000"," ","0.0000","0.0000","800","5146000","6432.5000"
"20190531","01","12","    49700","JP3610400008","1650.0000","1650.0000","1605.0000","1629.0000","1630.0000","1633.0000","1610.0000","1613.0000","1650.0000","1650.0000","1605.0000","1613.0000"," ","0.0000","0.0000","48700","79044500","1623.0903"
"20190531","01","12","    49720","JP3431550007","1500.0000","1507.0000","1500.0000","1503.0000","1501.0000","1505.0000","1489.0000","1505.0000","1500.0000","1507.0000","1489.0000","1505.0000"," ","0.0000","0.0000","8300","12450100","1500.0120"
"20190531","01","12","    49760","JP3617600006","2179.0000","2179.0000","2162.0000","2162.0000","2162.0000","2162.0000","2162.0000","2162.0000","2179.0000","2179.0000","2162.0000","2162.0000"," ","0.0000","0.0000","3500","7601000","2171.7143"
"20190531","01","12","    49780","JP3974770004","216.0000","220.0000","214.0000","217.0000","216.0000","217.0000","213.0000","214.0000","216.0000","220.0000","213.0000","214.0000"," ","0.0000","0.0000","474400","102575000","216.2205"
"20190531","01","12","    49870","JP3546000005","477.0000","477.0000","471.0000","475.0000","474.0000","482.0000","474.0000","479.0000","477.0000","482.0000","471.0000","479.0000"," ","0.0000","0.0000","7800","3726500","477.7564"
"20190531","01","12","    49900","JP3364800007","0.0000","0.0000","0.0000","0.0000","0.0000","0.0000","0.0000","0.0000","0.0000","0.0000","0.0000","0.0000"," ","0.0000","0.0000","0","0","0.0000"
"20190531","01","12","    49980","JP3826000006","1360.0000","1388.0000","1354.0000","1377.0000","1379.0000","1386.0000","1369.0000","1380.0000","1360.0000","1388.0000","1354.0000","1380.0000"," ","0.0000","0.0000","47000","64696900","1376.5298"
"20190531","01","12","    49990","JP3423400005","800.0000","805.0000","791.0000","805.0000","806.0000","806.0000","800.0000","800.0000","800.0000","806.0000","791.0000","800.0000"," ","0.0000","0.0000","1500","1201400","800.9333"
"20190531","01","12","    50080","JP3556800005","1983.0000","1992.0000","1964.0000","1987.0000","1976.0000","1998.0000","1976.0000","1990.0000","1983.0000","1998.0000","1964.0000","1990.0000"," ","0.0000","0.0000","16300","32303200","1981.7914"
"20190531","01","12","    50100","JP3723800003","238.0000","238.0000","238.0000","238.0000","237.0000","237.0000","237.0000","237.0000","238.0000","238.0000","237.0000","237.0000"," ","0.0000","0.0000","2900","688100","237.2759"
"20190531","01","12","    51030","JP3366000002","60.0000","61.0000","60.0000","60.0000","60.0000","60.0000","60.0000","60.0000","60.0000","61.0000","60.0000","60.0000"," ","0.0000","0.0000","12600","756100","60.0079"
"20190531","01","12","    51040","JP3681600007","499.0000","499.0000","499.0000","499.0000","499.0000","499.0000","494.0000","494.0000","499.0000","499.0000","494.0000","494.0000"," ","0.0000","0.0000","500","248700","497.4000"
"20190531","01","12","    51610","JP3657550004","0.0000","0.0000","0.0000","0.0000","1759.0000","1759.0000","1759.0000","1759.0000","1759.0000","1759.0000","1759.0000","1759.0000"," ","0.0000","0.0000","100","175900","1759.0000"
"20190531","01","12","    51620","JP3117300008","612.0000","612.0000","600.0000","602.0000","605.0000","606.0000","601.0000","602.0000","612.0000","612.0000","600.0000","602.0000"," ","0.0000","0.0000","3500","2123400","606.6857"
"20190531","01","12","    51840","JP3665000000","1642.0000","1642.0000","1602.0000","1602.0000","1601.0000","1614.0000","1594.0000","1594.0000","1642.0000","1642.0000","1594.0000","1594.0000"," ","0.0000","0.0000","23300","37330000","1602.1459"
"20190531","01","12","    51890","JP3317600009","0.0000","0.0000","0.0000","0.0000","0.0000","0.0000","0.0000","0.0000","0.0000","0.0000","0.0000","0.0000"," ","0.0000","0.0000","0","0","0.0000"
"20190531","01","12","    51940","JP3316000003","1743.0000","1761.0000","1720.0000","1733.0000","1736.0000","1736.0000","1710.0000","1710.0000","1743.0000","1761.0000","1710.0000","1710.0000"," ","0.0000","0.0000","17200","29656600","1724.2209"
"20190531","01","12","    51990","JP3821600008","0.0000","0.0000","0.0000","0.0000","0.0000","0.0000","0.0000","0.0000","0.0000","0.0000","0.0000","0.0000"," ","0.0000","0.0000","0","0","0.0000"
"20190531","01","12","    52120","JP3808400000","512.0000","517.0000","512.0000","517.0000","0.0000","0.0000","0.0000","0.0000","512.0000","517.0000","512.0000","517.0000","1","517.0000","0.0000","300","154100","513.6667"
"20190531","01","12","    52160","JP3268900002","125.0000","131.0000","123.0000","123.0000","123.0000","125.0000","120.0000","121.0000","125.0000","131.0000","120.0000","121.0000"," ","0.0000","0.0000","1013700","126275800","124.5692"
"20190531","01","12","    52170","JP3545080008","5730.0000","5730.0000","5670.0000","5670.0000","0.0000","0.0000","0.0000","0.0000","5730.0000","5730.0000","5670.0000","5670.0000"," ","0.0000","0.0000","300","1713000","5710.0000"
"20190531","01","12","    52370","JP3761400005","634.0000","639.0000","632.0000","634.0000","635.0000","640.0000","635.0000","635.0000","634.0000","640.0000","632.0000","635.0000"," ","0.0000","0.0000","10900","6926800","635.4862"
"20190531","01","12","    52680","JP3113200004","0.0000","0.0000","0.0000","0.0000","0.0000","0.0000","0.0000","0.0000","0.0000","0.0000","0.0000","0.0000"," ","0.0000","0.0000","0","0","0.0000"
"20190531","01","12","    52710","JP3554200000","0.0000","0.0000","0.0000","0.0000","1916.0000","1937.0000","1915.0000","1936.0000","1916.0000","1937.0000","1915.0000","1936.0000"," ","0.0000","0.0000","1600","3087800","1929.8750"
"20190531","01","12","    52770","JP3400000000","353.0000","353.0000","353.0000","353.0000","353.0000","353.0000","351.0000","351.0000","353.0000","353.0000","351.0000","351.0000"," ","0.0000","0.0000","600","211200","352.0000"
"20190531","01","12","    52790","JP3704410004","0.0000","0.0000","0.0000","0.0000","625.0000","625.0000","621.0000","621.0000","625.0000","625.0000","621.0000","621.0000"," ","0.0000","0.0000","300","187100","623.6667"
"20190531","01","12","    52800","JP3957100005","1061.0000","1061.0000","1059.0000","1059.0000","1055.0000","1056.0000","1053.0000","1056.0000","1061.0000","1061.0000","1053.0000","1056.0000"," ","0.0000","0.0000","700","740500","1057.8571"
"20190531","01","12","    52820","JP3386250009","338.0000","345.0000","334.0000","342.0000","343.0000","344.0000","336.0000","336.0000","338.0000","345.0000","334.0000","336.0000"," ","0.0000","0.0000","57700","19626500","340.1473"
"20190531","01","12","    52830","JP3458200007","1924.0000","1924.0000","1923.0000","1924.0000","1924.0000","1925.0000","1924.0000","1925.0000","1924.0000","1925.0000","1923.0000","1925.0000"," ","0.0000","0.0000","600","1154400","1924.0000"
"20190531","01","12","    52840","JP3934250006","371.0000","371.0000","370.0000","370.0000","371.0000","371.0000","371.0000","371.0000","371.0000","371.0000","370.0000","371.0000"," ","0.0000","0.0000","1200","445100","370.9167"
"20190531","01","12","    52850","JP3939400002","0.0000","0.0000","0.0000","0.0000","1730.0000","1737.0000","1730.0000","1737.0000","1730.0000","1737.0000","1730.0000","1737.0000"," ","0.0000","0.0000","500","867200","1734.4000"
"20190531","01","12","    52870","JP3142900004","679.0000","680.0000","676.0000","676.0000","676.0000","677.0000","664.0000","665.0000","679.0000","680.0000","664.0000","665.0000"," ","0.0000","0.0000","3600","2418900","671.9167"
"20190531","01","12","    52900","JP3835790001","1300.0000","1330.0000","1296.0000","1305.0000","1301.0000","1317.0000","1290.0000","1296.0000","1300.0000","1330.0000","1290.0000","1296.0000"," ","0.0000","0.0000","31000","40581400","1309.0774"
"20190531","01","12","    53040","JP3161600006","9000.0000","9160.0000","8910.0000","9100.0000","9100.0000","9100.0000","8910.0000","8910.0000","9000.0000","9160.0000","8910.0000","8910.0000"," ","0.0000","0.0000","31700","285964000","9020.9464"
"20190531","01","12","    53410","JP3110800004","790.0000","790.0000","768.0000","790.0000","788.0000","791.0000","788.0000","790.0000","790.0000","791.0000","768.0000","790.0000"," ","0.0000","0.0000","2900","2276500","785.0000"
"20190531","01","12","    53550","JP3755400003","2899.0000","2899.0000","2899.0000","2899.0000","0.0000","0.0000","0.0000","0.0000","2899.0000","2899.0000","2899.0000","2899.0000"," ","0.0000","0.0000","300","869700","2899.0000"
"20190531","01","12","    53800","JP3377900000","0.0000","0.0000","0.0000","0.0000","2287.0000","2337.0000","2287.0000","2337.0000","2287.0000","2337.0000","2287.0000","2337.0000"," ","0.0000","0.0000","200","462400","2312.0000"
"20190531","01","12","    53810","JP3751300009","309.0000","309.0000","302.0000","306.0000","306.0000","307.0000","302.0000","302.0000","309.0000","309.0000","302.0000","302.0000"," ","0.0000","0.0000","12100","3678800","304.0331"
"20190531","01","12","    53860","JP3536800000","427.0000","427.0000","421.0000","421.0000","421.0000","421.0000","421.0000","421.0000","427.0000","427.0000","421.0000","421.0000"," ","0.0000","0.0000","1200","506500","422.0833"
"20190531","01","12","    53870","JP3528500006","381.0000","381.0000","381.0000","381.0000","381.0000","381.0000","381.0000","381.0000","381.0000","381.0000","381.0000","381.0000"," ","0.0000","0.0000","200","76200","381.0000"
"20190531","01","12","    53950","JP3971800002","0.0000","0.0000","0.0000","0.0000","2100.0000","2100.0000","2050.0000","2050.0000","2100.0000","2100.0000","2050.0000","2050.0000"," ","0.0000","0.0000","800","1660000","2075.0000"
"20190531","01","12","    54460","JP3842200002","1082.0000","1092.0000","1082.0000","1092.0000","1091.0000","1091.0000","1091.0000","1091.0000","1082.0000","1092.0000","1082.0000","1091.0000"," ","0.0000","0.0000","800","867500","1084.3750"
"20190531","01","12","    54560","JP3112600006","0.0000","0.0000","0.0000","0.0000","0.0000","0.0000","0.0000","0.0000","0.0000","0.0000","0.0000","0.0000"," ","0.0000","0.0000","0","0","0.0000"
"20190531","01","12","    54580","JP3454800008","0.0000","0.0000","0.0000","0.0000","0.0000","0.0000","0.0000","0.0000","0.0000","0.0000","0.0000","0.0000"," ","0.0000","0.0000","0","0","0.0000"
"20190531","01","12","    54840","JP3605800006","1393.0000","1394.0000","1393.0000","1394.0000","0.0000","0.0000","0.0000","0.0000","1393.0000","1394.0000","1393.0000","1394.0000"," ","0.0000","0.0000","1300","1811100","1393.1538"
"20190531","01","12","    55420","JP3383400003","1214.0000","1214.0000","1188.0000","1194.0000","1188.0000","1192.0000","1184.0000","1192.0000","1214.0000","1214.0000","1184.0000","1192.0000"," ","0.0000","0.0000","1900","2262100","1190.5789"
"20190531","01","12","    56090","JP3728200001","713.0000","715.0000","708.0000","715.0000","704.0000","707.0000","703.0000","703.0000","713.0000","715.0000","703.0000","703.0000"," ","0.0000","0.0000","1300","920900","708.3846"
"20190531","01","12","    56100","JP3503400008","0.0000","0.0000","0.0000","0.0000","0.0000","0.0000","0.0000","0.0000","0.0000","0.0000","0.0000","0.0000"," ","0.0000","0.0000","0","0","0.0000"
"20190531","01","12","    56140","JP3222000006","341.0000","343.0000","339.0000","340.0000","343.0000","343.0000","336.0000","337.0000","341.0000","343.0000","336.0000","337.0000"," ","0.0000","0.0000","9400","3188500","339.2021"
"20190531","01","12","    56440","JP3920900002","0.0000","0.0000","0.0000","0.0000","1304.0000","1304.0000","1293.0000","1293.0000","1304.0000","1304.0000","1293.0000","1293.0000"," ","0.0000","0.0000","200","259700","1298.5000"
"20190531","01","12","    56600","JP3373200009","1009.0000","1009.0000","1001.0000","1007.0000","1003.0000","1009.0000","1003.0000","1003.0000","1009.0000","1009.0000","1001.0000","1003.0000"," ","0.0000","0.0000","1100","1105400","1004.9091"
"20190531","01","12","    56950","JP3781200005","0.0000","0.0000","0.0000","0.0000","2849.0000","2887.0000","2849.0000","2887.0000","2849.0000","2887.0000","2849.0000","2887.0000"," ","0.0000","0.0000","300","858600","2862.0000"
"20190531","01","12","    56970","JP3337400000","490.0000","490.0000","490.0000","490.0000","0.0000","0.0000","0.0000","0.0000","490.0000","490.0000","490.0000","490.0000"," ","0.0000","0.0000","3200","1568000","490.0000"
"20190531","01","12","    56990","JP3148970001","2824.0000","2825.0000","2707.0000","2754.0000","2804.0000","2812.0000","2662.0000","2675.0000","2824.0000","2825.0000","2662.0000","2675.0000"," ","0.0000","0.0000","72100","198116500","2747.8017"
"20190531","01","12","    57040","JP3386620003","1650.0000","1778.0000","1505.0000","1750.0000","1760.0000","1816.0000","1634.0000","1683.0000","1650.0000","1816.0000","1505.0000","1683.0000"," ","0.0000","0.0000","1770100","2949050300","1666.0360"
"20190531","01","12","    57240","JP3109000004","2140.0000","2290.0000","1814.0000","1853.0000","1874.0000","1960.0000","1845.0000","1902.0000","2140.0000","2290.0000","1814.0000","1902.0000"," ","0.0000","0.0000","1078000","2196835700","2037.8810"
"20190531","01","12","    57290","JP3721000002","1975.0000","1975.0000","1975.0000","1975.0000","0.0000","0.0000","0.0000","0.0000","1975.0000","1975.0000","1975.0000","1975.0000"," ","0.0000","0.0000","400","790000","1975.0000"
"20190531","01","12","    57420","JP3164760005","883.0000","883.0000","883.0000","883.0000","876.0000","879.0000","867.0000","867.0000","883.0000","883.0000","867.0000","867.0000"," ","0.0000","0.0000","900","789100","876.7778"
"20190531","01","12","    57530","JP3716800002","0.0000","0.0000","0.0000","0.0000","1145.0000","1145.0000","1140.0000","1140.0000","1145.0000","1145.0000","1140.0000","1140.0000"," ","0.0000","0.0000","400","456500","1141.2500"
"20190531","01","12","    57810","JP3600600005","831.0000","842.0000","829.0000","842.0000","830.0000","845.0000","813.0000","813.0000","831.0000","845.0000","813.0000","813.0000"," ","0.0000","0.0000","3600","2987900","829.9722"
"20190531","01","12","    58160","JP3172800009","390.0000","390.0000","390.0000","390.0000","387.0000","387.0000","384.0000","384.0000","390.0000","390.0000","384.0000","384.0000"," ","0.0000","0.0000","3300","1277300","387.0606"
"20190531","01","12","    58170","JP3736400007","330.0000","336.0000","330.0000","336.0000","331.0000","333.0000","329.0000","329.0000","330.0000","336.0000","329.0000","329.0000"," ","0.0000","0.0000","8300","2742500","330.4217"
"20190531","01","12","    58200","JP3903800005","1426.0000","1426.0000","1426.0000","1426.0000","1428.0000","1428.0000","1426.0000","1426.0000","1426.0000","1428.0000","1426.0000","1426.0000"," ","0.0000","0.0000","500","713300","1426.6000"
"20190531","01","12","    58560","JP3620800007","57.0000","57.0000","57.0000","57.0000","56.0000","57.0000","56.0000","56.0000","57.0000","57.0000","56.0000","56.0000"," ","0.0000","0.0000","4600","259800","56.4783"
"20190531","01","12","    59000","JP3482400003","0.0000","0.0000","0.0000","0.0000","698.0000","711.0000","698.0000","711.0000","698.0000","711.0000","698.0000","711.0000"," ","0.0000","0.0000","400","280800","702.0000"
"20190531","01","12","    59030","JP3383600008","1209.0000","1209.0000","1186.0000","1186.0000","1182.0000","1208.0000","1164.0000","1164.0000","1209.0000","1209.0000","1164.0000","1164.0000"," ","0.0000","0.0000","17000","20125700","1183.8647"
"20190531","01","12","    59050","JP3720400005","0.0000","0.0000","0.0000","0.0000","940.0000","950.0000","930.0000","930.0000","940.0000","950.0000","930.0000","930.0000"," ","0.0000","0.0000","800","749200","936.5000"
"20190531","01","12","    59060","JP3167450000","347.0000","353.0000","342.0000","342.0000","341.0000","345.0000","341.0000","345.0000","347.0000","353.0000","341.0000","345.0000"," ","0.0000","0.0000","4200","1442300","343.4048"
"20190531","01","12","    59070","JP3226550006","0.0000","0.0000","0.0000","0.0000","0.0000","0.0000","0.0000","0.0000","0.0000","0.0000","0.0000","0.0000"," ","0.0000","0.0000","0","0","0.0000"
"20190531","01","12","    59180","JP3461400008","0.0000","0.0000","0.0000","0.0000","0.0000","0.0000","0.0000","0.0000","0.0000","0.0000","0.0000","0.0000"," ","0.0000","0.0000","0","0","0.0000"
"20190531","01","12","    59210","JP3222200002","2414.0000","2414.0000","2414.0000","2414.0000","2414.0000","2415.0000","2414.0000","2415.0000","2414.0000","2415.0000","2414.0000","2415.0000"," ","0.0000","0.0000","3600","8691000","2414.1667"
"20190531","01","12","    59220","JP3651000006","4220.0000","4220.0000","4160.0000","4165.0000","4185.0000","4185.0000","4180.0000","4180.0000","4220.0000","4220.0000","4160.0000","4180.0000"," ","0.0000","0.0000","1300","5451500","4193.4615"
"20190531","01","12","    59280","JP3126500002","280.0000","282.0000","280.0000","280.0000","280.0000","280.0000","280.0000","280.0000","280.0000","282.0000","280.0000","280.0000"," ","0.0000","0.0000","1200","336600","280.5000"
"20190531","01","12","    59350","JP3235800004","0.0000","0.0000","0.0000","0.0000","0.0000","0.0000","0.0000","0.0000","0.0000","0.0000","0.0000","0.0000"," ","0.0000","0.0000","0","0","0.0000"
"20190531","01","12","    59390","JP3187800002","0.0000","0.0000","0.0000","0.0000","0.0000","0.0000","0.0000","0.0000","0.0000","0.0000","0.0000","0.0000"," ","0.0000","0.0000","0","0","0.0000"
"20190531","01","12","    59400","JP3813500000","86.0000","87.0000","86.0000","86.0000","86.0000","87.0000","85.0000","85.0000","86.0000","87.0000","85.0000","85.0000"," ","0.0000","0.0000","82200","7058300","85.8674"
"20190531","01","12","    59410","JP3642600005","1064.0000","1064.0000","1061.0000","1064.0000","1062.0000","1062.0000","1056.0000","1056.0000","1064.0000","1064.0000","1056.0000","1056.0000"," ","0.0000","0.0000","1100","1166500","1060.4545"
"20190531","01","12","    59450","JP3547900005","3200.0000","3300.0000","3200.0000","3300.0000","3230.0000","3230.0000","3230.0000","3230.0000","3200.0000","3300.0000","3200.0000","3230.0000"," ","0.0000","0.0000","1700","5551000","3265.2941"
"20190531","01","12","    59500","JP3745200000","151.0000","154.0000","148.0000","152.0000","152.0000","153.0000","141.0000","141.0000","151.0000","154.0000","141.0000","141.0000"," ","0.0000","0.0000","146000","21532100","147.4801"
"20190531","01","12","    59520","JP3124000005","116.0000","116.0000","114.0000","115.0000","114.0000","114.0000","112.0000","113.0000","116.0000","116.0000","112.0000","113.0000"," ","0.0000","0.0000","114800","13073700","113.8824"
"20190531","01","12","    59550","JP3936400005","68.0000","68.0000","66.0000","67.0000","67.0000","68.0000","66.0000","66.0000","68.0000","68.0000","66.0000","66.0000"," ","0.0000","0.0000","524400","35280900","67.2786"
"20190531","01","12","    59560","JP3552500005","423.0000","423.0000","415.0000","421.0000","421.0000","443.0000","421.0000","443.0000","423.0000","443.0000","415.0000","443.0000"," ","0.0000","0.0000","21600","9347500","432.7546"
"20190531","01","12","    59620","JP3108800008","1775.0000","1775.0000","1768.0000","1768.0000","1799.0000","1799.0000","1799.0000","1799.0000","1775.0000","1799.0000","1768.0000","1799.0000","1","1772.0000","0.0000","900","1597800","1775.3333"
"20190531","01","12","    59640","JP3617800002","1308.0000","1308.0000","1308.0000","1308.0000","1308.0000","1310.0000","1285.0000","1285.0000","1308.0000","1310.0000","1285.0000","1285.0000"," ","0.0000","0.0000","1300","1694000","1303.0769"
"20190531","01","12","    59650","JP3820850000","724.0000","724.0000","720.0000","720.0000","728.0000","731.0000","725.0000","730.0000","724.0000","731.0000","720.0000","730.0000"," ","0.0000","0.0000","2200","1596200","725.5455"
"20190531","01","12","    59660","JP3250400003","0.0000","0.0000","0.0000","0.0000","1700.0000","1700.0000","1700.0000","1700.0000","1700.0000","1700.0000","1700.0000","1700.0000"," ","0.0000","0.0000","300","510000","1700.0000"
"20190531","01","12","    59670","JP3860800006","2700.0000","2700.0000","2640.0000","2640.0000","2635.0000","2655.0000","2635.0000","2655.0000","2700.0000","2700.0000","2635.0000","2655.0000"," ","0.0000","0.0000","2200","5864400","2665.6364"
"20190531","01","12","    59690","JP3985000003","2100.0000","2199.0000","2100.0000","2199.0000","0.0000","0.0000","0.0000","0.0000","2100.0000","2199.0000","2100.0000","2199.0000"," ","0.0000","0.0000","2000","4214900","2107.4500"
"20190531","01","12","    59710","JP3254850005","4060.0000","4060.0000","4005.0000","4005.0000","4005.0000","4005.0000","3940.0000","3940.0000","4060.0000","4060.0000","3940.0000","3940.0000"," ","0.0000","0.0000","1800","7214500","4008.0556"
"20190531","01","12","    59730","JP3552190005","0.0000","0.0000","0.0000","0.0000","461.0000","461.0000","460.0000","460.0000","461.0000","461.0000","460.0000","460.0000"," ","0.0000","0.0000","600","276400","460.6667"
"20190531","01","12","    59820","JP3875610002","2353.0000","2360.0000","2323.0000","2360.0000","2359.0000","2360.0000","2359.0000","2360.0000","2353.0000","2360.0000","2323.0000","2360.0000"," ","0.0000","0.0000","1400","3285400","2346.7143"
"20190531","01","12","    59830","JP3152600007","5050.0000","5050.0000","5050.0000","5050.0000","0.0000","0.0000","0.0000","0.0000","5050.0000","5050.0000","5050.0000","5050.0000"," ","0.0000","0.0000","100","505000","5050.0000"
"20190531","01","12","    59840","JP3216800007","822.0000","827.0000","818.0000","827.0000","0.0000","0.0000","0.0000","0.0000","822.0000","827.0000","818.0000","827.0000"," ","0.0000","0.0000","600","493700","822.8333"
"20190531","01","12","    59870","JP3173000005","962.0000","962.0000","962.0000","962.0000","941.0000","945.0000","931.0000","931.0000","962.0000","962.0000","931.0000","931.0000"," ","0.0000","0.0000","600","565400","942.3333"
"20190531","01","12","    59900","JP3395300001","2284.0000","2292.0000","2260.0000","2260.0000","2265.0000","2265.0000","2260.0000","2260.0000","2284.0000","2292.0000","2260.0000","2260.0000"," ","0.0000","0.0000","1800","4085000","2269.4444"
"20190531","01","12","    59940","JP3577400009","2219.0000","2219.0000","2200.0000","2200.0000","2245.0000","2245.0000","2200.0000","2229.0000","2219.0000","2245.0000","2200.0000","2229.0000"," ","0.0000","0.0000","1700","3773600","2219.7647"
"20190531","01","12","    59970","JP3253800001","716.0000","716.0000","711.0000","711.0000","711.0000","712.0000","708.0000","708.0000","716.0000","716.0000","708.0000","708.0000"," ","0.0000","0.0000","5200","3705100","712.5192"
"20190531","01","12","    59990","JP3148400009","1379.0000","1385.0000","1371.0000","1378.0000","1379.0000","1379.0000","1355.0000","1355.0000","1379.0000","1385.0000","1355.0000","1355.0000"," ","0.0000","0.0000","10600","14522300","1370.0283"
"20190531","01","12","    60160","JP3291000002","741.0000","741.0000","741.0000","741.0000","741.0000","746.0000","736.0000","741.0000","741.0000","746.0000","736.0000","741.0000"," ","0.0000","0.0000","5000","3703900","740.7800"
"20190531","01","12","    60180","JP3776600003","1948.0000","2007.0000","1946.0000","2005.0000","2014.0000","2020.0000","1998.0000","2000.0000","1948.0000","2020.0000","1946.0000","2000.0000"," ","0.0000","0.0000","3300","6596600","1998.9697"
"20190531","01","12","    60220","JP3106800000","1990.0000","1990.0000","1980.0000","1980.0000","0.0000","0.0000","0.0000","0.0000","1990.0000","1990.0000","1980.0000","1980.0000"," ","0.0000","0.0000","200","397000","1985.0000"
"20190531","01","12","    60230","JP3497000004","639.0000","649.0000","635.0000","648.0000","647.0000","658.0000","642.0000","658.0000","639.0000","658.0000","635.0000","658.0000"," ","0.0000","0.0000","17800","11535800","648.0787"
"20190531","01","12","    60260","JP3386540003","0.0000","0.0000","0.0000","0.0000","1887.0000","1887.0000","1836.0000","1836.0000","1887.0000","1887.0000","1836.0000","1836.0000"," ","0.0000","0.0000","500","931300","1862.6000"
"20190531","01","12","    60270","JP3835870001","5170.0000","5280.0000","5030.0000","5240.0000","5280.0000","5330.0000","5230.0000","5270.0000","5170.0000","5330.0000","5030.0000","5270.0000"," ","0.0000","0.0000","98500","513929000","5217.5533"
"20190531","01","12","    60300","JP3122380003","4040.0000","4305.0000","4030.0000","4260.0000","4295.0000","4350.0000","4220.0000","4240.0000","4040.0000","4350.0000","4030.0000","4240.0000"," ","0.0000","0.0000","80300","339249000","4224.7696"
"20190531","01","12","    60310","JP3310450006","1145.0000","1145.0000","1114.0000","1127.0000","1142.0000","1142.0000","1071.0000","1071.0000","1145.0000","1145.0000","1071.0000","1071.0000"," ","0.0000","0.0000","9700","10718900","1105.0412"
"20190531","01","12","    60330","JP3161270008","1818.0000","1827.0000","1772.0000","1780.0000","1786.0000","1804.0000","1767.0000","1774.0000","1818.0000","1827.0000","1767.0000","1774.0000"," ","0.0000","0.0000","112700","201346100","1786.5670"
"20190531","01","12","    60340","JP3167260003","940.0000","940.0000","912.0000","920.0000","926.0000","926.0000","903.0000","903.0000","940.0000","940.0000","903.0000","903.0000"," ","0.0000","0.0000","52100","47755700","916.6161"
"20190531","01","12","    60380","JP3130840006","876.0000","889.0000","857.0000","870.0000","862.0000","884.0000","860.0000","860.0000","876.0000","889.0000","857.0000","860.0000"," ","0.0000","0.0000","64500","56075500","869.3876"
"20190531","01","12","    60390","JP3740000009","2211.0000","2234.0000","2155.0000","2234.0000","2222.0000","2222.0000","2178.0000","2188.0000","2211.0000","2234.0000","2155.0000","2188.0000"," ","0.0000","0.0000","21900","48032400","2193.2603"
"20190531","01","12","    60400","JP3719000006","915.0000","922.0000","915.0000","920.0000","919.0000","919.0000","909.0000","918.0000","915.0000","922.0000","909.0000","918.0000"," ","0.0000","0.0000","4200","3859400","918.9048"
"20190531","01","12","    60420","JP3696800006","2016.0000","2016.0000","2016.0000","2016.0000","2015.0000","2015.0000","2005.0000","2005.0000","2016.0000","2016.0000","2005.0000","2005.0000"," ","0.0000","0.0000","700","1408500","2012.1429"
"20190531","01","12","    60450","JP3981850005","595.0000","597.0000","583.0000","586.0000","587.0000","596.0000","584.0000","584.0000","595.0000","597.0000","583.0000","584.0000"," ","0.0000","0.0000","31100","18321100","589.1029"
"20190531","01","12","    60460","JP3977040009","754.0000","766.0000","740.0000","758.0000","767.0000","776.0000","755.0000","759.0000","754.0000","776.0000","740.0000","759.0000"," ","0.0000","0.0000","84000","64068000","762.7143"
"20190531","01","12","    60490","JP3144600008","2321.0000","2348.0000","2295.0000","2306.0000","2341.0000","2453.0000","2320.0000","2395.0000","2321.0000","2453.0000","2295.0000","2395.0000"," ","0.0000","0.0000","79300","189107600","2384.7112"
"20190531","01","12","    60600","JP3297340006","0.0000","0.0000","0.0000","0.0000","939.0000","939.0000","939.0000","939.0000","939.0000","939.0000","939.0000","939.0000"," ","0.0000","0.0000","100","93900","939.0000"
"20190531","01","12","    60610","JP3952300006","1798.0000","1810.0000","1798.0000","1800.0000","1805.0000","1805.0000","1781.0000","1781.0000","1798.0000","1810.0000","1781.0000","1781.0000"," ","0.0000","0.0000","5700","10256900","1799.4561"
"20190531","01","12","    60630","JP3688900004","1449.0000","1449.0000","1405.0000","1421.0000","1411.0000","1413.0000","1368.0000","1407.0000","1449.0000","1449.0000","1368.0000","1407.0000"," ","0.0000","0.0000","17500","24507500","1400.4286"
"20190531","01","12","    60640","JP3108140009","1176.0000","1176.0000","1138.0000","1158.0000","1157.0000","1168.0000","1135.0000","1135.0000","1176.0000","1176.0000","1135.0000","1135.0000"," ","0.0000","0.0000","68900","79266100","1150.4514"
"20190531","01","12","    60660","JP3377950005","0.0000","0.0000","0.0000","0.0000","0.0000","0.0000","0.0000","0.0000","0.0000","0.0000","0.0000","0.0000"," ","0.0000","0.0000","0","0","0.0000"
"20190531","01","12","    60670","JP3921210005","4865.0000","4875.0000","4620.0000","4640.0000","4620.0000","4790.0000","4575.0000","4690.0000","4865.0000","4875.0000","4575.0000","4690.0000"," ","0.0000","0.0000","506200","2388334000","4718.1628"
"20190531","01","12","    60690","JP3637290002","557.0000","563.0000","543.0000","552.0000","555.0000","557.0000","543.0000","544.0000","557.0000","563.0000","543.0000","544.0000"," ","0.0000","0.0000","149500","82133100","549.3853"
"20190531","01","12","    60720","JP3387880002","192.0000","195.0000","189.0000","193.0000","193.0000","194.0000","187.0000","188.0000","192.0000","195.0000","187.0000","188.0000"," ","0.0000","0.0000","102600","19485200","189.9142"
"20190531","01","12","    60740","JP3386470003","625.0000","625.0000","624.0000","624.0000","624.0000","624.0000","601.0000","615.0000","625.0000","625.0000","601.0000","615.0000"," ","0.0000","0.0000","4000","2471600","617.9000"
"20190531","01","12","    60810","JP3124850003","480.0000","484.0000","468.0000","476.0000","477.0000","485.0000","466.0000","467.0000","480.0000","485.0000","466.0000","467.0000"," ","0.0000","0.0000","91900","43588900","474.3079"
"20190531","01","12","    60850","JP3100030000","0.0000","0.0000","0.0000","0.0000","1435.0000","1435.0000","1435.0000","1435.0000","1435.0000","1435.0000","1435.0000","1435.0000"," ","0.0000","0.0000","200","287000","1435.0000"
"20190531","01","12","    60860","JP3383300005","2038.0000","2038.0000","1990.0000","2005.0000","2000.0000","2000.0000","1961.0000","1962.0000","2038.0000","2038.0000","1961.0000","1962.0000"," ","0.0000","0.0000","35200","70190500","1994.0483"
"20190531","01","12","    60900","JP3794530000","848.0000","848.0000","838.0000","842.0000","837.0000","840.0000","817.0000","827.0000","848.0000","848.0000","817.0000","827.0000"," ","0.0000","0.0000","16700","13931100","834.1976"
"20190531","01","12","    60910","JP3154650000","359.0000","359.0000","357.0000","359.0000","358.0000","359.0000","357.0000","358.0000","359.0000","359.0000","357.0000","358.0000"," ","0.0000","0.0000","16300","5841100","358.3497"
"20190531","01","12","    60920","JP3169730003","894.0000","900.0000","852.0000","855.0000","858.0000","869.0000","851.0000","852.0000","894.0000","900.0000","851.0000","852.0000"," ","0.0000","0.0000","391500","338583800","864.8373"
"20190531","01","12","    60940","JP3826550000","1796.0000","1797.0000","1735.0000","1751.0000","1756.0000","1756.0000","1723.0000","1723.0000","1796.0000","1797.0000","1723.0000","1723.0000"," ","0.0000","0.0000","89100","155268200","1742.6285"
"20190531","01","12","    60950","JP3921240002","2892.0000","2956.0000","2836.0000","2892.0000","2892.0000","2905.0000","2865.0000","2881.0000","2892.0000","2956.0000","2836.0000","2881.0000"," ","0.0000","0.0000","536300","1546695900","2884.0125"
"20190531","01","12","    60960","JP3979210006","1700.0000","1700.0000","1660.0000","1681.0000","1676.0000","1681.0000","1622.0000","1622.0000","1700.0000","1700.0000","1622.0000","1622.0000"," ","0.0000","0.0000","237100","396678600","1673.0434"
"20190531","01","12","    61120","JP3297400008","981.0000","985.0000","975.0000","978.0000","986.0000","990.0000","982.0000","990.0000","981.0000","990.0000","975.0000","990.0000"," ","0.0000","0.0000","1100","1081700","983.3636"
"20190531","01","12","    61250","JP3193200007","2237.0000","2244.0000","2155.0000","2192.0000","2183.0000","2223.0000","2168.0000","2181.0000","2237.0000","2244.0000","2155.0000","2181.0000"," ","0.0000","0.0000","53900","118129300","2191.6382"
"20190531","01","12","    61310","JP3770600009","688.0000","688.0000","649.0000","649.0000","648.0000","659.0000","632.0000","635.0000","688.0000","688.0000","632.0000","635.0000"," ","0.0000","0.0000","6100","3953800","648.1639"
"20190531","01","12","    61370","JP3284200007","2215.0000","2215.0000","2215.0000","2215.0000","2215.0000","2215.0000","2215.0000","2215.0000","2215.0000","2215.0000","2215.0000","2215.0000"," ","0.0000","0.0000","200","443000","2215.0000"
"20190531","01","12","    61440","JP3416600009","808.0000","808.0000","804.0000","804.0000","811.0000","811.0000","800.0000","800.0000","808.0000","811.0000","800.0000","800.0000"," ","0.0000","0.0000","1800","1448200","804.5556"
"20190531","01","12","    61450","JP3684700002","2565.0000","2565.0000","2505.0000","2519.0000","2524.0000","2566.0000","2514.0000","2544.0000","2565.0000","2566.0000","2505.0000","2544.0000"," ","0.0000","0.0000","24300","61689400","2538.6584"
"20190531","01","12","    61470","JP3935400006","0.0000","0.0000","0.0000","0.0000","432.0000","432.0000","408.0000","420.0000","432.0000","432.0000","408.0000","420.0000"," ","0.0000","0.0000","6000","2501100","416.8500"
"20190531","01","12","    61490","JP3196600005","1692.0000","1692.0000","1626.0000","1670.0000","1644.0000","1664.0000","1636.0000","1636.0000","1692.0000","1692.0000","1626.0000","1636.0000"," ","0.0000","0.0000","11500","18954000","1648.1739"
"20190531","01","12","    61500","JP3462800008","2791.0000","2791.0000","2633.0000","2650.0000","2678.0000","2678.0000","2662.0000","2662.0000","2791.0000","2791.0000","2633.0000","2662.0000"," ","0.0000","0.0000","3700","9907400","2677.6757"
"20190531","01","12","    61550","JP3457850000","815.0000","819.0000","801.0000","813.0000","813.0000","823.0000","808.0000","815.0000","815.0000","823.0000","801.0000","815.0000"," ","0.0000","0.0000","26600","21593000","811.7669"
"20190531","01","12","    61560","JP3160660001","2853.0000","2933.0000","2853.0000","2933.0000","2933.0000","3000.0000","2911.0000","2911.0000","2853.0000","3000.0000","2853.0000","2911.0000"," ","0.0000","0.0000","11700","34652000","2961.7094"
"20190531","01","12","    61580","JP3990790002","1130.0000","1142.0000","1110.0000","1140.0000","1149.0000","1156.0000","1131.0000","1141.0000","1130.0000","1156.0000","1110.0000","1141.0000"," ","0.0000","0.0000","29800","33717500","1131.4597"
"20190531","01","12","    61590","JP3883700001","1252.0000","1254.0000","1252.0000","1252.0000","1235.0000","1235.0000","1230.0000","1230.0000","1252.0000","1254.0000","1230.0000","1230.0000"," ","0.0000","0.0000","600","747600","1246.0000"
"20190531","01","12","    61610","JP3163150000","5700.0000","5700.0000","5520.0000","5570.0000","5570.0000","5600.0000","5540.0000","5550.0000","5700.0000","5700.0000","5520.0000","5550.0000"," ","0.0000","0.0000","2600","14485000","5571.1538"
"20190531","01","12","    61640","JP3450900000","1406.0000","1410.0000","1396.0000","1410.0000","1405.0000","1410.0000","1395.0000","1395.0000","1406.0000","1410.0000","1395.0000","1395.0000"," ","0.0000","0.0000","5100","7147400","1401.4510"
"20190531","01","12","    61660","JP3645800008","575.0000","577.0000","564.0000","571.0000","572.0000","574.0000","567.0000","570.0000","575.0000","577.0000","564.0000","570.0000"," ","0.0000","0.0000","52000","29614100","569.5019"
"20190531","01","12","    61720","JP3921280008","1132.0000","1139.0000","1116.0000","1133.0000","1123.0000","1133.0000","1108.0000","1108.0000","1132.0000","1139.0000","1108.0000","1108.0000"," ","0.0000","0.0000","69000","77329000","1120.7101"
"20190531","01","12","    61730","JP3107990008","1795.0000","1851.0000","1780.0000","1811.0000","1827.0000","1849.0000","1809.0000","1811.0000","1795.0000","1851.0000","1780.0000","1811.0000"," ","0.0000","0.0000","1200","2168900","1807.4167"
"20190531","01","12","    61740","JP3551510005","0.0000","0.0000","0.0000","0.0000","0.0000","0.0000","0.0000","0.0000","0.0000","0.0000","0.0000","0.0000"," ","0.0000","0.0000","0","0","0.0000"
"20190531","01","12","    61760","JP3830700005","826.0000","827.0000","820.0000","824.0000","831.0000","835.0000","823.0000","823.0000","826.0000","835.0000","820.0000","823.0000"," ","0.0000","0.0000","17900","14763900","824.7989"
"20190531","01","12","    61770","JP3121180008","386.0000","395.0000","381.0000","385.0000","385.0000","387.0000","379.0000","387.0000","386.0000","395.0000","379.0000","387.0000"," ","0.0000","0.0000","339200","130943500","386.0363"
"20190531","01","12","    61790","JP3505960009","0.0000","0.0000","0.0000","0.0000","0.0000","0.0000","0.0000","0.0000","0.0000","0.0000","0.0000","0.0000"," ","0.0000","0.0000","0","0","0.0000"
"20190531","01","12","    61800","JP3386580009","0.0000","0.0000","0.0000","0.0000","1604.0000","1604.0000","1603.0000","1603.0000","1604.0000","1604.0000","1603.0000","1603.0000"," ","0.0000","0.0000","300","481000","1603.3333"
"20190531","01","12","    61810","JP3780150003","269.0000","269.0000","264.0000","266.0000","266.0000","268.0000","265.0000","266.0000","269.0000","269.0000","264.0000","266.0000"," ","0.0000","0.0000","36500","9715500","266.1781"
"20190531","01","12","    61820","JP3984160006","3375.0000","3470.0000","3270.0000","3305.0000","3285.0000","3350.0000","3235.0000","3270.0000","3375.0000","3470.0000","3235.0000","3270.0000"," ","0.0000","0.0000","631400","2108074000","3338.7298"
"20190531","01","12","    61880","JP3816650000","301.0000","303.0000","290.0000","300.0000","301.0000","301.0000","296.0000","297.0000","301.0000","303.0000","290.0000","297.0000"," ","0.0000","0.0000","91300","27161300","297.4951"
"20190531","01","12","    61900","JP3803010002","755.0000","755.0000","745.0000","747.0000","761.0000","765.0000","753.0000","760.0000","755.0000","765.0000","745.0000","760.0000"," ","0.0000","0.0000","2900","2199000","758.2759"
"20190531","01","12","    61920","JP3765170000","319.0000","320.0000","311.0000","313.0000","313.0000","315.0000","309.0000","310.0000","319.0000","320.0000","309.0000","310.0000"," ","0.0000","0.0000","59300","18553600","312.8769"
"20190531","01","12","    61930","JP3778230007","731.0000","731.0000","719.0000","719.0000","729.0000","729.0000","710.0000","720.0000","731.0000","731.0000","710.0000","720.0000"," ","0.0000","0.0000","1400","1006100","718.6429"
"20190531","01","12","    61950","JP3837640006","2065.0000","2095.0000","1812.0000","1874.0000","1905.0000","1955.0000","1858.0000","1948.0000","2065.0000","2095.0000","1812.0000","1948.0000"," ","0.0000","0.0000","486600","943789300","1939.5588"
"20190531","01","12","    61980","JP3244430009","644.0000","649.0000","627.0000","646.0000","648.0000","652.0000","631.0000","641.0000","644.0000","652.0000","627.0000","641.0000"," ","0.0000","0.0000","51900","33217700","640.0328"
"20190531","01","12","    62320","JP3394900009","4705.0000","4870.0000","4635.0000","4745.0000","4730.0000","4860.0000","4725.0000","4765.0000","4705.0000","4870.0000","4635.0000","4765.0000"," ","0.0000","0.0000","163800","779784000","4760.5861"
"20190531","01","12","    62330","JP3256960000","580.0000","610.0000","574.0000","601.0000","601.0000","620.0000","593.0000","616.0000","580.0000","620.0000","574.0000","616.0000"," ","0.0000","0.0000","79200","47742700","602.8119"
"20190531","01","12","    62390","JP3647100001","751.0000","764.0000","751.0000","761.0000","759.0000","765.0000","755.0000","756.0000","751.0000","765.0000","751.0000","756.0000"," ","0.0000","0.0000","8400","6385100","760.1310"
"20190531","01","12","    62450","JP3795800006","1509.0000","1509.0000","1475.0000","1488.0000","1493.0000","1505.0000","1481.0000","1481.0000","1509.0000","1509.0000","1475.0000","1481.0000"," ","0.0000","0.0000","21600","32173100","1489.4954"
"20190531","01","12","    62460","JP3147200004","712.0000","712.0000","695.0000","704.0000","708.0000","708.0000","692.0000","694.0000","712.0000","712.0000","692.0000","694.0000"," ","0.0000","0.0000","42900","30004700","699.4103"
"20190531","01","12","    62480","JP3955250000","1040.0000","1040.0000","1040.0000","1040.0000","1010.0000","1018.0000","1010.0000","1018.0000","1040.0000","1040.0000","1010.0000","1018.0000"," ","0.0000","0.0000","1100","1129200","1026.5455"
"20190531","01","12","    62490","JP3282270002","1295.0000","1295.0000","1290.0000","1292.0000","1314.0000","1314.0000","1293.0000","1293.0000","1295.0000","1314.0000","1290.0000","1293.0000"," ","0.0000","0.0000","1300","1681300","1293.3077"
"20190531","01","12","    62540","JP3762950008","613.0000","613.0000","607.0000","607.0000","608.0000","608.0000","604.0000","605.0000","613.0000","613.0000","604.0000","605.0000"," ","0.0000","0.0000","3400","2062600","606.6471"
"20190531","01","12","    62550","JP3165840004","299.0000","300.0000","294.0000","297.0000","298.0000","298.0000","289.0000","290.0000","299.0000","300.0000","289.0000","290.0000"," ","0.0000","0.0000","430500","126685900","294.2762"
"20190531","01","12","    62560","JP3756350009","6800.0000","6830.0000","6750.0000","6820.0000","6800.0000","6810.0000","6740.0000","6740.0000","6800.0000","6830.0000","6740.0000","6740.0000"," ","0.0000","0.0000","16000","108484000","6780.2500"
"20190531","01","12","    62570","JP3814600007","944.0000","944.0000","938.0000","943.0000","946.0000","946.0000","934.0000","934.0000","944.0000","946.0000","934.0000","934.0000"," ","0.0000","0.0000","6500","6102300","938.8154"
"20190531","01","12","    62650","JP3910200009","0.0000","0.0000","0.0000","0.0000","0.0000","0.0000","0.0000","0.0000","0.0000","0.0000","0.0000","0.0000"," ","0.0000","0.0000","0","0","0.0000"
"20190531","01","12","    62670","JP3428700003","2198.0000","2198.0000","2100.0000","2141.0000","2151.0000","2155.0000","2129.0000","2145.0000","2198.0000","2198.0000","2100.0000","2145.0000"," ","0.0000","0.0000","3300","7085100","2147.0000"
"20190531","01","12","    62710","JP3678400007","1144.0000","1144.0000","1144.0000","1144.0000","0.0000","0.0000","0.0000","0.0000","1144.0000","1144.0000","1144.0000","1144.0000"," ","0.0000","0.0000","500","572000","1144.0000"
"20190531","01","12","    62760","JP3651100004","443.0000","448.0000","437.0000","448.0000","447.0000","448.0000","442.0000","442.0000","443.0000","448.0000","437.0000","442.0000"," ","0.0000","0.0000","20800","9249300","444.6779"
"20190531","01","12","    62790","JP3411900008","3450.0000","3450.0000","3445.0000","3445.0000","3420.0000","3450.0000","3410.0000","3450.0000","3450.0000","3450.0000","3410.0000","3450.0000"," ","0.0000","0.0000","3000","10292500","3430.8333"
"20190531","01","12","    62810","JP3861400004","439.0000","439.0000","426.0000","432.0000","428.0000","432.0000","424.0000","424.0000","439.0000","439.0000","424.0000","424.0000"," ","0.0000","0.0000","6500","2778400","427.4462"
"20190531","01","12","    62860","JP3414800007","528.0000","528.0000","528.0000","528.0000","528.0000","529.0000","528.0000","529.0000","528.0000","529.0000","528.0000","529.0000"," ","0.0000","0.0000","800","423000","528.7500"
"20190531","01","12","    62970","JP3286800002","459.0000","474.0000","456.0000","467.0000","467.0000","467.0000","452.0000","457.0000","459.0000","474.0000","452.0000","457.0000"," ","0.0000","0.0000","158500","73204200","461.8562"
"20190531","01","12","    62990","JP3376000000","1803.0000","1803.0000","1765.0000","1766.0000","1765.0000","1765.0000","1765.0000","1765.0000","1803.0000","1803.0000","1765.0000","1765.0000"," ","0.0000","0.0000","900","1603100","1781.2222"
"20190531","01","12","    63000","JP3122520004","568.0000","570.0000","568.0000","570.0000","569.0000","570.0000","569.0000","569.0000","568.0000","570.0000","568.0000","569.0000"," ","0.0000","0.0000","136900","77922300","569.1914"
"20190531","01","12","    63030","JP3319000000","0.0000","0.0000","0.0000","0.0000","0.0000","0.0000","0.0000","0.0000","0.0000","0.0000","0.0000","0.0000"," ","0.0000","0.0000","0","0","0.0000"
"20190531","01","12","    63070","JP3334500000","391.0000","394.0000","387.0000","388.0000","388.0000","390.0000","382.0000","382.0000","391.0000","394.0000","382.0000","382.0000"," ","0.0000","0.0000","5600","2185700","390.3036"
"20190531","01","12","    63120","JP3829400005","755.0000","755.0000","744.0000","745.0000","746.0000","747.0000","743.0000","743.0000","755.0000","755.0000","743.0000","743.0000"," ","0.0000","0.0000","16200","12085500","746.0185"
"20190531","01","12","    63220","JP3462620000","1750.0000","1750.0000","1750.0000","1750.0000","1750.0000","1750.0000","1750.0000","1750.0000","1750.0000","1750.0000","1750.0000","1750.0000"," ","0.0000","0.0000","200","350000","1750.0000"
"20190531","01","12","    63240","JP3765150002","3555.0000","3700.0000","3525.0000","3650.0000","3650.0000","3650.0000","3590.0000","3595.0000","3555.0000","3700.0000","3525.0000","3595.0000"," ","0.0000","0.0000","752100","2713108000","3607.3767"
"20190531","01","12","    63270","JP3237150002","433.0000","433.0000","421.0000","427.0000","425.0000","430.0000","419.0000","419.0000","433.0000","433.0000","419.0000","419.0000"," ","0.0000","0.0000","36600","15567300","425.3361"
"20190531","01","12","    63340","JP3916600004","303.0000","303.0000","297.0000","301.0000","298.0000","299.0000","296.0000","298.0000","303.0000","303.0000","296.0000","298.0000"," ","0.0000","0.0000","60400","18063000","299.0563"
"20190531","01","12","    63360","JP3134450000","561.0000","561.0000","545.0000","550.0000","550.0000","564.0000","550.0000","556.0000","561.0000","564.0000","545.0000","556.0000"," ","0.0000","0.0000","15400","8538500","554.4481"
"20190531","01","12","    63370","JP3545160008","935.0000","935.0000","906.0000","920.0000","920.0000","920.0000","902.0000","908.0000","935.0000","935.0000","902.0000","908.0000"," ","0.0000","0.0000","28000","25579500","913.5536"
"20190531","01","12","    63380","JP3457720005","560.0000","563.0000","537.0000","543.0000","543.0000","543.0000","532.0000","532.0000","560.0000","563.0000","532.0000","532.0000"," ","0.0000","0.0000","25600","13848000","540.9375"
"20190531","01","12","    63420","JP3446400008","2109.0000","2109.0000","2109.0000","2109.0000","0.0000","0.0000","0.0000","0.0000","2109.0000","2109.0000","2109.0000","2109.0000","1","2059.0000","0.0000","200","421800","2109.0000"
"20190531","01","12","    63430","JP3826600003","117.0000","117.0000","115.0000","115.0000","116.0000","116.0000","115.0000","115.0000","117.0000","117.0000","115.0000","115.0000"," ","0.0000","0.0000","6900","797700","115.6087"
"20190531","01","12","    63460","JP3236400002","4210.0000","4230.0000","4200.0000","4225.0000","4220.0000","4220.0000","4165.0000","4175.0000","4210.0000","4230.0000","4165.0000","4175.0000"," ","0.0000","0.0000","2300","9658500","4199.3478"
"20190531","01","12","    63470","JP3832400000","709.0000","709.0000","700.0000","700.0000","703.0000","706.0000","699.0000","706.0000","709.0000","709.0000","699.0000","706.0000"," ","0.0000","0.0000","2700","1897000","702.5926"
"20190531","01","12","    63560","JP3698800004","418.0000","420.0000","417.0000","417.0000","418.0000","421.0000","418.0000","419.0000","418.0000","421.0000","417.0000","419.0000"," ","0.0000","0.0000","10000","4197000","419.7000"
"20190531","01","12","    63570","JP3334800004","1101.0000","1107.0000","1085.0000","1094.0000","1094.0000","1101.0000","1085.0000","1098.0000","1101.0000","1107.0000","1085.0000","1098.0000"," ","0.0000","0.0000","47000","51425000","1094.1489"
"20190531","01","12","    63600","JP3578200002","1691.0000","1691.0000","1691.0000","1691.0000","1672.0000","1672.0000","1672.0000","1672.0000","1691.0000","1691.0000","1672.0000","1672.0000"," ","0.0000","0.0000","300","503500","1678.3333"
"20190531","01","12","    63650","JP3550800001","2059.0000","2059.0000","2044.0000","2044.0000","2042.0000","2059.0000","2041.0000","2059.0000","2059.0000","2059.0000","2041.0000","2059.0000"," ","0.0000","0.0000","1200","2456900","2047.4167"
"20190531","01","12","    63800","JP3198800009","0.0000","0.0000","0.0000","0.0000","786.0000","786.0000","782.0000","782.0000","786.0000","786.0000","782.0000","782.0000"," ","0.0000","0.0000","900","705800","784.2222"
"20190531","01","12","    63820","JP3637000005","670.0000","670.0000","670.0000","670.0000","655.0000","657.0000","651.0000","651.0000","670.0000","670.0000","651.0000","651.0000"," ","0.0000","0.0000","2000","1312600","656.3000"
"20190531","01","12","    63840","JP3366950008","1187.0000","1189.0000","1177.0000","1189.0000","1187.0000","1187.0000","1178.0000","1183.0000","1187.0000","1189.0000","1177.0000","1183.0000"," ","0.0000","0.0000","5700","6731800","1181.0175"
"20190531","01","12","    63910","JP3212200004","2558.0000","2558.0000","2444.0000","2444.0000","2450.0000","2461.0000","2411.0000","2416.0000","2558.0000","2558.0000","2411.0000","2416.0000"," ","0.0000","0.0000","1900","4663300","2454.3684"
"20190531","01","12","    63920","JP3938600008","2435.0000","2435.0000","2435.0000","2435.0000","2385.0000","2385.0000","2385.0000","2385.0000","2435.0000","2435.0000","2385.0000","2385.0000"," ","0.0000","0.0000","200","482000","2410.0000"
"20190531","01","12","    63960","JP3158000004","0.0000","0.0000","0.0000","0.0000","2350.0000","2350.0000","2327.0000","2327.0000","2350.0000","2350.0000","2327.0000","2327.0000"," ","0.0000","0.0000","300","700400","2334.6667"
"20190531","01","12","    64000","JP3815100007","326.0000","326.0000","321.0000","324.0000","324.0000","324.0000","319.0000","324.0000","326.0000","326.0000","319.0000","324.0000"," ","0.0000","0.0000","12700","4085900","321.7244"
"20190531","01","12","    64020","JP3217300007","1094.0000","1101.0000","1094.0000","1100.0000","1101.0000","1111.0000","1090.0000","1111.0000","1094.0000","1111.0000","1090.0000","1111.0000"," ","0.0000","0.0000","4300","4728000","1099.5349"
"20190531","01","12","    64030","JP3395800000","2202.0000","2202.0000","2202.0000","2202.0000","0.0000","0.0000","0.0000","0.0000","2202.0000","2202.0000","2202.0000","2202.0000"," ","0.0000","0.0000","500","1101000","2202.0000"
"20190531","01","12","    64050","JP3398700009","1210.0000","1210.0000","1208.0000","1208.0000","1209.0000","1209.0000","1193.0000","1193.0000","1210.0000","1210.0000","1193.0000","1193.0000"," ","0.0000","0.0000","800","963300","1204.1250"
"20190531","01","12","    64080","JP3195200005","2825.0000","2825.0000","2820.0000","2820.0000","2816.0000","2816.0000","2816.0000","2816.0000","2825.0000","2825.0000","2816.0000","2816.0000"," ","0.0000","0.0000","300","846100","2820.3333"
"20190531","01","12","    64110","JP3644000006","6300.0000","6310.0000","6290.0000","6310.0000","6310.0000","6310.0000","6310.0000","6310.0000","6300.0000","6310.0000","6290.0000","6310.0000"," ","0.0000","0.0000","1000","6303000","6303.0000"
"20190531","01","12","    64140","JP3225600000","1400.0000","1400.0000","1400.0000","1400.0000","0.0000","0.0000","0.0000","0.0000","1400.0000","1400.0000","1400.0000","1400.0000"," ","0.0000","0.0000","2100","2940000","1400.0000"
"20190531","01","12","    64160","JP3212800001","0.0000","0.0000","0.0000","0.0000","0.0000","0.0000","0.0000","0.0000","0.0000","0.0000","0.0000","0.0000"," ","0.0000","0.0000","0","0","0.0000"
"20190531","01","12","    64240","JP3458300005","1252.0000","1271.0000","1250.0000","1271.0000","1260.0000","1271.0000","1233.0000","1249.0000","1252.0000","1271.0000","1233.0000","1249.0000"," ","0.0000","0.0000","4600","5761400","1252.4783"
"20190531","01","12","    64250","JP3126130008","3195.0000","3240.0000","3165.0000","3200.0000","3200.0000","3200.0000","3170.0000","3170.0000","3195.0000","3240.0000","3165.0000","3170.0000"," ","0.0000","0.0000","130500","416974000","3195.2031"
"20190531","01","12","    64330","JP3783050002","286.0000","291.0000","286.0000","289.0000","289.0000","289.0000","284.0000","284.0000","286.0000","291.0000","284.0000","284.0000"," ","0.0000","0.0000","6800","1946700","286.2794"
"20190531","01","12","    64660","JP3558810002","1201.0000","1201.0000","1201.0000","1201.0000","0.0000","0.0000","0.0000","0.0000","1201.0000","1201.0000","1201.0000","1201.0000"," ","0.0000","0.0000","100","120100","1201.0000"
"20190531","01","12","    64670","JP3661940001","636.0000","641.0000","631.0000","637.0000","639.0000","639.0000","633.0000","633.0000","636.0000","641.0000","631.0000","633.0000"," ","0.0000","0.0000","11400","7239700","635.0614"
"20190531","01","12","    64690","JP3839600008","896.0000","896.0000","882.0000","882.0000","887.0000","892.0000","876.0000","883.0000","896.0000","896.0000","876.0000","883.0000"," ","0.0000","0.0000","8100","7178100","886.1852"
"20190531","01","12","    64840","JP3277250001","0.0000","0.0000","0.0000","0.0000","0.0000","0.0000","0.0000","0.0000","0.0000","0.0000","0.0000","0.0000"," ","0.0000","0.0000","0","0","0.0000"
"20190531","01","12","    64880","JP3957200003","920.0000","920.0000","902.0000","902.0000","903.0000","903.0000","893.0000","902.0000","920.0000","920.0000","893.0000","902.0000"," ","0.0000","0.0000","3800","3428500","902.2368"
"20190531","01","12","    64920","JP3191600000","2007.0000","2007.0000","2007.0000","2007.0000","0.0000","0.0000","0.0000","0.0000","2007.0000","2007.0000","2007.0000","2007.0000"," ","0.0000","0.0000","600","1204200","2007.0000"
"20190531","01","12","    64930","JP3680000001","0.0000","0.0000","0.0000","0.0000","291.0000","291.0000","288.0000","288.0000","291.0000","291.0000","288.0000","288.0000"," ","0.0000","0.0000","5300","1536400","289.8868"
"20190531","01","12","    64940","JP3748200007","123.0000","123.0000","116.0000","120.0000","121.0000","121.0000","118.0000","120.0000","123.0000","123.0000","116.0000","120.0000"," ","0.0000","0.0000","715700","85112900","118.9226"
"20190531","01","12","    64950","JP3907600005","105.0000","105.0000","104.0000","104.0000","103.0000","104.0000","103.0000","104.0000","105.0000","105.0000","103.0000","104.0000"," ","0.0000","0.0000","38300","3960700","103.4125"
"20190531","01","12","    64960","JP3642000008","2860.0000","2861.0000","2860.0000","2860.0000","0.0000","0.0000","0.0000","0.0000","2860.0000","2861.0000","2860.0000","2860.0000"," ","0.0000","0.0000","900","2574300","2860.3333"
"20190531","01","12","    64970","JP3770400004","0.0000","0.0000","0.0000","0.0000","1012.0000","1029.0000","1012.0000","1029.0000","1012.0000","1029.0000","1012.0000","1029.0000"," ","0.0000","0.0000","200","204100","1020.5000"
"20190531","01","12","    65020","JP3592200004","3475.0000","3475.0000","3435.0000","3460.0000","3460.0000","3465.0000","3450.0000","3450.0000","3475.0000","3475.0000","3435.0000","3450.0000"," ","0.0000","0.0000","1838600","6356987000","3457.5150"
"20190531","01","12","    65180","JP3335300004","773.0000","790.0000","773.0000","790.0000","793.0000","794.0000","793.0000","794.0000","773.0000","794.0000","773.0000","794.0000"," ","0.0000","0.0000","1400","1102800","787.7143"
"20190531","01","12","    65310","JP3974780003","1641.0000","1641.0000","1601.0000","1630.0000","1626.0000","1629.0000","1600.0000","1629.0000","1641.0000","1641.0000","1600.0000","1629.0000"," ","0.0000","0.0000","9200","14844100","1613.4891"
"20190531","01","12","    65370","JP3155550001","935.0000","935.0000","904.0000","909.0000","906.0000","917.0000","906.0000","906.0000","935.0000","935.0000","904.0000","906.0000"," ","0.0000","0.0000","16400","15092000","920.2439"
"20190531","01","12","    65420","JP3166960009","839.0000","839.0000","831.0000","838.0000","838.0000","839.0000","836.0000","839.0000","839.0000","839.0000","831.0000","839.0000"," ","0.0000","0.0000","7300","6090700","834.3425"
"20190531","01","12","    65430","JP3679810006","1362.0000","1362.0000","1359.0000","1359.0000","1356.0000","1356.0000","1356.0000","1356.0000","1362.0000","1362.0000","1356.0000","1356.0000"," ","0.0000","0.0000","300","407700","1359.0000"
"20190531","01","12","    65450","JP3152880005","900.0000","935.0000","878.0000","913.0000","910.0000","911.0000","887.0000","893.0000","900.0000","935.0000","878.0000","893.0000"," ","0.0000","0.0000","46800","42166300","900.9893"
"20190531","01","12","    65480","JP3470000005","1271.0000","1271.0000","1217.0000","1239.0000","1254.0000","1254.0000","1223.0000","1226.0000","1271.0000","1271.0000","1217.0000","1226.0000"," ","0.0000","0.0000","15700","19401500","1235.7643"
"20190531","01","12","    65490","JP3548790009","1189.0000","1189.0000","1115.0000","1163.0000","1145.0000","1145.0000","1125.0000","1128.0000","1189.0000","1189.0000","1115.0000","1128.0000"," ","0.0000","0.0000","11100","12667800","1141.2432"
"20190531","01","12","    65500","JP3826780003","602.0000","627.0000","593.0000","624.0000","624.0000","625.0000","608.0000","608.0000","602.0000","627.0000","593.0000","608.0000"," ","0.0000","0.0000","36900","22575600","611.8049"
"20190531","01","12","    65520","JP3282230006","754.0000","763.0000","745.0000","751.0000","750.0000","755.0000","741.0000","741.0000","754.0000","763.0000","741.0000","741.0000"," ","0.0000","0.0000","54500","40803400","748.6862"
"20190531","01","12","    65540","JP3163970001","679.0000","681.0000","660.0000","677.0000","676.0000","683.0000","661.0000","663.0000","679.0000","683.0000","660.0000","663.0000"," ","0.0000","0.0000","65000","43578900","670.4446"
"20190531","01","12","    65560","JP3155390002","1652.0000","1723.0000","1626.0000","1698.0000","1705.0000","1721.0000","1686.0000","1695.0000","1652.0000","1723.0000","1626.0000","1695.0000"," ","0.0000","0.0000","202800","344409400","1698.2712"
"20190531","01","12","    65570","JP3274360001","0.0000","0.0000","0.0000","0.0000","0.0000","0.0000","0.0000","0.0000","0.0000","0.0000","0.0000","0.0000"," ","0.0000","0.0000","0","0","0.0000"
"20190531","01","12","    65580","JP3266210008","1514.0000","1530.0000","1500.0000","1530.0000","1527.0000","1600.0000","1526.0000","1600.0000","1514.0000","1600.0000","1500.0000","1600.0000"," ","0.0000","0.0000","5100","7865500","1542.2549"
"20190531","01","12","    65600","JP3167710007","1750.0000","1763.0000","1677.0000","1750.0000","1748.0000","1748.0000","1722.0000","1732.0000","1750.0000","1763.0000","1677.0000","1732.0000"," ","0.0000","0.0000","27200","46761300","1719.1654"
"20190531","01","12","    65610","JP3769900006","1350.0000","1350.0000","1313.0000","1329.0000","1331.0000","1353.0000","1330.0000","1345.0000","1350.0000","1353.0000","1313.0000","1345.0000"," ","0.0000","0.0000","15400","20589500","1336.9805"
"20190531","01","12","    65620","JP3386640001","532.0000","575.0000","511.0000","566.0000","567.0000","569.0000","535.0000","538.0000","532.0000","575.0000","511.0000","538.0000"," ","0.0000","0.0000","152500","83818400","549.6289"
"20190531","01","12","    65630","JP3910630007","3430.0000","3450.0000","3380.0000","3415.0000","3395.0000","3395.0000","3230.0000","3250.0000","3430.0000","3450.0000","3230.0000","3250.0000"," ","0.0000","0.0000","19100","63478000","3323.4555"
"20190531","01","12","    65640","JP3887800005","2569.0000","2569.0000","2519.0000","2519.0000","2520.0000","2520.0000","2520.0000","2520.0000","2569.0000","2569.0000","2519.0000","2520.0000"," ","0.0000","0.0000","700","1773700","2533.8571"
"20190531","01","12","    65650","JP3160610006","2036.0000","2059.0000","2029.0000","2030.0000","2055.0000","2055.0000","2031.0000","2050.0000","2036.0000","2059.0000","2029.0000","2050.0000"," ","0.0000","0.0000","4700","9579300","2038.1489"
"20190531","01","12","    65660","JP3215150008","678.0000","678.0000","670.0000","674.0000","671.0000","676.0000","669.0000","676.0000","678.0000","678.0000","669.0000","676.0000"," ","0.0000","0.0000","22300","15009600","673.0762"
"20190531","01","12","    65670","JP3423560006","764.0000","765.0000","717.0000","735.0000","745.0000","745.0000","736.0000","744.0000","764.0000","765.0000","717.0000","744.0000"," ","0.0000","0.0000","5400","3993000","739.4444"
"20190531","01","12","    65680","JP3290400005","1600.0000","1647.0000","1542.0000","1546.0000","1540.0000","1545.0000","1500.0000","1519.0000","1600.0000","1647.0000","1500.0000","1519.0000"," ","0.0000","0.0000","120400","189279500","1572.0889"
"20190531","01","12","    65700","JP3254830007","617.0000","621.0000","617.0000","620.0000","620.0000","620.0000","616.0000","619.0000","617.0000","621.0000","616.0000","619.0000"," ","0.0000","0.0000","900","556500","618.3333"
"20190531","01","12","    65730","JP3119610008","1200.0000","1201.0000","1144.0000","1160.0000","1151.0000","1163.0000","1131.0000","1148.0000","1200.0000","1201.0000","1131.0000","1148.0000"," ","0.0000","0.0000","49500","57198700","1155.5293"
"20190531","01","12","    65740","JP3305980009","708.0000","715.0000","702.0000","715.0000","705.0000","711.0000","700.0000","709.0000","708.0000","715.0000","700.0000","709.0000"," ","0.0000","0.0000","4800","3387100","705.6458"
"20190531","01","12","    65750","JP3794480008","873.0000","877.0000","863.0000","877.0000","871.0000","871.0000","860.0000","860.0000","873.0000","877.0000","860.0000","860.0000"," ","0.0000","0.0000","2500","2165100","866.0400"
"20190531","01","12","    65760","JP3953630005","0.0000","0.0000","0.0000","0.0000","0.0000","0.0000","0.0000","0.0000","0.0000","0.0000","0.0000","0.0000"," ","0.0000","0.0000","0","0","0.0000"
"20190531","01","12","    65770","JP3835590005","2653.0000","2684.0000","2634.0000","2645.0000","2636.0000","2654.0000","2624.0000","2638.0000","2653.0000","2684.0000","2624.0000","2638.0000"," ","0.0000","0.0000","16300","43157800","2647.7178"
"20190531","01","12","    65780","JP3165860002","372.0000","373.0000","362.0000","370.0000","367.0000","367.0000","364.0000","365.0000","372.0000","373.0000","362.0000","365.0000"," ","0.0000","0.0000","31600","11580400","366.4684"
"20190531","01","12","    65790","JP3984110001","2922.0000","2940.0000","2814.0000","2850.0000","2833.0000","2847.0000","2675.0000","2675.0000","2922.0000","2940.0000","2675.0000","2675.0000"," ","0.0000","0.0000","76300","212063200","2779.3342"
"20190531","01","12","    65800","JP3965450004","1995.0000","2035.0000","1972.0000","2021.0000","2024.0000","2025.0000","1982.0000","1993.0000","1995.0000","2035.0000","1972.0000","1993.0000"," ","0.0000","0.0000","11000","22096800","2008.8000"
"20190531","01","12","    65910","JP3657600007","129.0000","129.0000","128.0000","128.0000","128.0000","128.0000","126.0000","127.0000","129.0000","129.0000","126.0000","127.0000"," ","0.0000","0.0000","21400","2745200","128.2804"
"20190531","01","12","    65960","JP3532900002","0.0000","0.0000","0.0000","0.0000","0.0000","0.0000","0.0000","0.0000","0.0000","0.0000","0.0000","0.0000"," ","0.0000","0.0000","0","0","0.0000"
"20190531","01","12","    66180","JP3174900005","522.0000","525.0000","513.0000","521.0000","521.0000","522.0000","514.0000","514.0000","522.0000","525.0000","513.0000","514.0000"," ","0.0000","0.0000","37500","19397100","517.2560"
"20190531","01","12","    66250","JP3390220006","183.0000","183.0000","179.0000","180.0000","181.0000","182.0000","178.0000","178.0000","183.0000","183.0000","178.0000","178.0000"," ","0.0000","0.0000","152000","27318300","179.7257"
"20190531","01","12","    66260","JP3423350002","3195.0000","3195.0000","3060.0000","3065.0000","3085.0000","3100.0000","3060.0000","3085.0000","3195.0000","3195.0000","3060.0000","3085.0000"," ","0.0000","0.0000","15200","47124500","3100.2961"
"20190531","01","12","    66270","JP3546550009","603.0000","605.0000","587.0000","590.0000","592.0000","596.0000","586.0000","587.0000","603.0000","605.0000","586.0000","587.0000"," ","0.0000","0.0000","41800","24771300","592.6148"
"20190531","01","12","    66280","JP3202110007","46.0000","55.0000","43.0000","52.0000","51.0000","54.0000","46.0000","47.0000","46.0000","55.0000","43.0000","47.0000"," ","0.0000","0.0000","53538700","2663606100","49.7510"
"20190531","01","12","    66290","JP3545220000","433.0000","436.0000","426.0000","430.0000","428.0000","428.0000","420.0000","422.0000","433.0000","436.0000","420.0000","422.0000"," ","0.0000","0.0000","81200","34660500","426.8534"
"20190531","01","12","    66330","JP3126390008","321.0000","332.0000","316.0000","319.0000","326.0000","339.0000","325.0000","327.0000","321.0000","339.0000","316.0000","327.0000"," ","0.0000","0.0000","52900","17344200","327.8677"
"20190531","01","12","    66340","JP3758170009","218.0000","220.0000","217.0000","220.0000","220.0000","220.0000","216.0000","216.0000","218.0000","220.0000","216.0000","216.0000"," ","0.0000","0.0000","43200","9404800","217.7037"
"20190531","01","12","    66350","JP3493200004","715.0000","732.0000","685.0000","685.0000","695.0000","700.0000","692.0000","700.0000","715.0000","732.0000","685.0000","700.0000"," ","0.0000","0.0000","6200","4417100","712.4355"
"20190531","01","12","    66370","JP3546100003","904.0000","904.0000","886.0000","886.0000","884.0000","898.0000","884.0000","884.0000","904.0000","904.0000","884.0000","884.0000"," ","0.0000","0.0000","1300","1158900","891.4615"
"20190531","01","12","    66390","JP3306030002","1438.0000","1438.0000","1382.0000","1402.0000","1402.0000","1415.0000","1396.0000","1400.0000","1438.0000","1438.0000","1382.0000","1400.0000"," ","0.0000","0.0000","4400","6161500","1400.3409"
"20190531","01","12","    66430","JP3623400003","1641.0000","1641.0000","1621.0000","1626.0000","1647.0000","1647.0000","1607.0000","1611.0000","1641.0000","1647.0000","1607.0000","1611.0000"," ","0.0000","0.0000","1500","2431300","1620.8667"
"20190531","01","12","    66470","JP3923200004","0.0000","0.0000","0.0000","0.0000","1698.0000","1698.0000","1698.0000","1698.0000","1698.0000","1698.0000","1698.0000","1698.0000"," ","0.0000","0.0000","100","169800","1698.0000"
"20190531","01","12","    66480","JP3225000003","2652.0000","2652.0000","2603.0000","2650.0000","2621.0000","2621.0000","2621.0000","2621.0000","2652.0000","2652.0000","2603.0000","2621.0000"," ","0.0000","0.0000","6200","16264400","2623.2903"
"20190531","01","12","    66560","JP3152650002","1121.0000","1125.0000","1101.0000","1120.0000","1120.0000","1129.0000","1114.0000","1125.0000","1121.0000","1129.0000","1101.0000","1125.0000"," ","0.0000","0.0000","13200","14716600","1114.8939"
"20190531","01","12","    66580","JP3369500008","288.0000","292.0000","281.0000","283.0000","283.0000","285.0000","278.0000","280.0000","288.0000","292.0000","278.0000","280.0000"," ","0.0000","0.0000","75600","21381900","282.8294"
"20190531","01","12","    66590","JP3921120006","304.0000","305.0000","302.0000","303.0000","301.0000","304.0000","294.0000","300.0000","304.0000","305.0000","294.0000","300.0000"," ","0.0000","0.0000","43000","12823700","298.2256"
"20190531","01","12","    66620","JP3100620008","285.0000","287.0000","282.0000","286.0000","283.0000","285.0000","279.0000","279.0000","285.0000","287.0000","279.0000","279.0000"," ","0.0000","0.0000","70500","19905900","282.3532"
"20190531","01","12","    66630","JP3451100006","545.0000","545.0000","542.0000","544.0000","543.0000","543.0000","528.0000","533.0000","545.0000","545.0000","528.0000","533.0000"," ","0.0000","0.0000","4200","2268500","540.1190"
"20190531","01","12","    66640","JP3197740008","872.0000","876.0000","848.0000","862.0000","863.0000","877.0000","837.0000","839.0000","872.0000","877.0000","837.0000","839.0000"," ","0.0000","0.0000","147500","126584900","858.2027"
"20190531","01","12","    66660","JP3974550000","202.0000","204.0000","200.0000","202.0000","201.0000","204.0000","200.0000","202.0000","202.0000","204.0000","200.0000","202.0000"," ","0.0000","0.0000","35600","7178200","201.6348"
"20190531","01","12","    66680","JP3122010006","662.0000","663.0000","640.0000","655.0000","654.0000","659.0000","641.0000","642.0000","662.0000","663.0000","640.0000","642.0000"," ","0.0000","0.0000","64200","41709400","649.6791"
"20190531","01","12","    66700","JP3167420003","674.0000","676.0000","665.0000","672.0000","675.0000","686.0000","674.0000","681.0000","674.0000","686.0000","665.0000","681.0000"," ","0.0000","0.0000","251600","170332400","676.9968"
"20190531","01","12","    66770","JP3162640001","1934.0000","1948.0000","1911.0000","1931.0000","1923.0000","1950.0000","1906.0000","1909.0000","1934.0000","1950.0000","1906.0000","1909.0000"," ","0.0000","0.0000","77400","149483200","1931.3075"
"20190531","01","12","    66940","JP3411820008","1457.0000","1457.0000","1439.0000","1440.0000","1439.0000","1453.0000","1438.0000","1438.0000","1457.0000","1457.0000","1438.0000","1438.0000"," ","0.0000","0.0000","4500","6483900","1440.8667"
"20190531","01","12","    66950","JP3637100003","0.0000","0.0000","0.0000","0.0000","0.0000","0.0000","0.0000","0.0000","0.0000","0.0000","0.0000","0.0000"," ","0.0000","0.0000","0","0","0.0000"
"20190531","01","12","    66960","JP3635680006","915.0000","937.0000","909.0000","925.0000","925.0000","941.0000","917.0000","927.0000","915.0000","941.0000","909.0000","927.0000"," ","0.0000","0.0000","19800","18308800","924.6869"
"20190531","01","12","    66980","JP3159970007","1630.0000","1630.0000","1538.0000","1556.0000","1573.0000","1643.0000","1566.0000","1597.0000","1630.0000","1643.0000","1538.0000","1597.0000"," ","0.0000","0.0000","52500","83562300","1591.6629"
"20190531","01","12","    66990","JP3499480006","1078.0000","1117.0000","1042.0000","1072.0000","1070.0000","1070.0000","1024.0000","1044.0000","1078.0000","1117.0000","1024.0000","1044.0000"," ","0.0000","0.0000","54200","57680100","1064.2085"
"20190531","01","12","    67090","JP3918600002","645.0000","645.0000","639.0000","645.0000","645.0000","646.0000","638.0000","642.0000","645.0000","646.0000","638.0000","642.0000"," ","0.0000","0.0000","22000","14159800","643.6273"
"20190531","01","12","    67210","JP3154370005","104.0000","105.0000","102.0000","104.0000","104.0000","105.0000","102.0000","102.0000","104.0000","105.0000","102.0000","102.0000"," ","0.0000","0.0000","297000","30676800","103.2889"
"20190531","01","12","    67220","JP3160680009","891.0000","891.0000","885.0000","885.0000","887.0000","891.0000","887.0000","891.0000","891.0000","891.0000","885.0000","891.0000"," ","0.0000","0.0000","800","711200","889.0000"
"20190531","01","12","    67310","JP3801620000","72.0000","72.0000","71.0000","71.0000","71.0000","72.0000","70.0000","70.0000","72.0000","72.0000","70.0000","70.0000"," ","0.0000","0.0000","175200","12424800","70.9178"
"20190531","01","12","    67340","JP3756250001","780.0000","784.0000","780.0000","782.0000","785.0000","788.0000","770.0000","780.0000","780.0000","788.0000","770.0000","780.0000"," ","0.0000","0.0000","3000","2341400","780.4667"
"20190531","01","12","    67360","JP3336450006","1135.0000","1144.0000","1057.0000","1070.0000","1071.0000","1073.0000","1047.0000","1064.0000","1135.0000","1144.0000","1047.0000","1064.0000"," ","0.0000","0.0000","1259400","1358200200","1078.4502"
"20190531","01","12","    67430","JP3490600008","482.0000","486.0000","482.0000","486.0000","484.0000","484.0000","481.0000","481.0000","482.0000","486.0000","481.0000","481.0000"," ","0.0000","0.0000","2100","1013800","482.7619"
"20190531","01","12","    67470","JP3284400003","455.0000","455.0000","454.0000","454.0000","454.0000","454.0000","454.0000","454.0000","455.0000","455.0000","454.0000","454.0000"," ","0.0000","0.0000","14400","6539600","454.1389"
"20190531","01","12","    67570","JP3171000007","712.0000","720.0000","712.0000","720.0000","717.0000","722.0000","712.0000","722.0000","712.0000","722.0000","712.0000","722.0000"," ","0.0000","0.0000","1600","1142700","714.1875"
"20190531","01","12","    67690","JP3345600005","897.0000","908.0000","893.0000","900.0000","909.0000","920.0000","890.0000","898.0000","897.0000","920.0000","890.0000","898.0000"," ","0.0000","0.0000","21100","18980400","899.5450"
"20190531","01","12","    67720","JP3576200004","1140.0000","1142.0000","1138.0000","1141.0000","1142.0000","1142.0000","1132.0000","1132.0000","1140.0000","1142.0000","1132.0000","1132.0000"," ","0.0000","0.0000","700","797500","1139.2857"
"20190531","01","12","    67750","JP3623100009","247.0000","247.0000","245.0000","245.0000","248.0000","249.0000","245.0000","246.0000","247.0000","249.0000","245.0000","246.0000"," ","0.0000","0.0000","6500","1599100","246.0154"
"20190531","01","12","    67760","JP3547600001","302.0000","302.0000","297.0000","298.0000","298.0000","303.0000","298.0000","301.0000","302.0000","303.0000","297.0000","301.0000"," ","0.0000","0.0000","2500","753600","301.4400"
"20190531","01","12","    67770","JP3335410001","1320.0000","1327.0000","1271.0000","1295.0000","1296.0000","1336.0000","1285.0000","1291.0000","1320.0000","1336.0000","1271.0000","1291.0000"," ","0.0000","0.0000","153100","199744800","1304.6688"
"20190531","01","12","    67780","JP3126140007","960.0000","980.0000","952.0000","980.0000","984.0000","1023.0000","979.0000","1010.0000","960.0000","1023.0000","952.0000","1010.0000"," ","0.0000","0.0000","176100","174972200","993.5957"
"20190531","01","12","    67860","JP3969550007","188.0000","200.0000","185.0000","186.0000","187.0000","193.0000","181.0000","181.0000","188.0000","200.0000","181.0000","181.0000"," ","0.0000","0.0000","168000","32258600","192.0155"
"20190531","01","12","    67870","JP3915350007","1539.0000","1618.0000","1512.0000","1603.0000","1603.0000","1607.0000","1525.0000","1535.0000","1539.0000","1618.0000","1512.0000","1535.0000"," ","0.0000","0.0000","1265800","1988267100","1570.7593"
"20190531","01","12","    68190","JP3855600007","122.0000","127.0000","119.0000","125.0000","125.0000","126.0000","123.0000","124.0000","122.0000","127.0000","119.0000","124.0000"," ","0.0000","0.0000","329600","40786400","123.7451"
"20190531","01","12","    68220","JP3175400005","1893.0000","1939.0000","1893.0000","1937.0000","1938.0000","1940.0000","1910.0000","1910.0000","1893.0000","1940.0000","1893.0000","1910.0000"," ","0.0000","0.0000","3900","7505200","1924.4103"
"20190531","01","12","    68240","JP3376400002","1550.0000","1550.0000","1542.0000","1542.0000","1550.0000","1550.0000","1550.0000","1550.0000","1550.0000","1550.0000","1542.0000","1550.0000"," ","0.0000","0.0000","4100","6352700","1549.4390"
"20190531","01","12","    68320","JP3105280006","1892.0000","1906.0000","1852.0000","1902.0000","1902.0000","1930.0000","1893.0000","1912.0000","1892.0000","1930.0000","1852.0000","1912.0000"," ","0.0000","0.0000","10400","19803400","1904.1731"
"20190531","01","12","    68340","JP3414870000","2271.0000","2389.0000","2252.0000","2373.0000","2351.0000","2354.0000","2253.0000","2294.0000","2271.0000","2389.0000","2252.0000","2294.0000"," ","0.0000","0.0000","32200","74594700","2316.6056"
"20190531","01","12","    68350","JP3124900006","74.0000","74.0000","72.0000","73.0000","72.0000","73.0000","71.0000","71.0000","74.0000","74.0000","71.0000","71.0000"," ","0.0000","0.0000","431500","31211100","72.3316"
"20190531","01","12","    68360","JP3833000007","0.0000","0.0000","0.0000","0.0000","2001.0000","2001.0000","1927.0000","1927.0000","2001.0000","2001.0000","1927.0000","1927.0000"," ","0.0000","0.0000","600","1192800","1988.0000"
"20190531","01","12","    68370","JP3249230008","296.0000","296.0000","293.0000","293.0000","295.0000","295.0000","293.0000","293.0000","296.0000","296.0000","293.0000","293.0000"," ","0.0000","0.0000","15600","4589100","294.1731"
"20190531","01","12","    68380","JP3470700000","1008.0000","1044.0000","985.0000","1033.0000","1032.0000","1049.0000","1009.0000","1010.0000","1008.0000","1049.0000","985.0000","1010.0000"," ","0.0000","0.0000","90100","91647700","1017.1776"
"20190531","01","12","    68400","JP3121980001","3695.0000","4160.0000","3680.0000","3845.0000","3865.0000","3950.0000","3710.0000","3760.0000","3695.0000","4160.0000","3680.0000","3760.0000"," ","0.0000","0.0000","167700","657704000","3921.9082"
"20190531","01","12","    68520","JP3545030003","1690.0000","1690.0000","1680.0000","1680.0000","0.0000","0.0000","0.0000","0.0000","1690.0000","1690.0000","1680.0000","1680.0000"," ","0.0000","0.0000","500","841400","1682.8000"
"20190531","01","12","    68620","JP3905800003","308.0000","308.0000","302.0000","305.0000","305.0000","306.0000","304.0000","304.0000","308.0000","308.0000","302.0000","304.0000"," ","0.0000","0.0000","14700","4475500","304.4558"
"20190531","01","12","    68630","JP3756400002","876.0000","876.0000","866.0000","866.0000","866.0000","869.0000","849.0000","853.0000","876.0000","876.0000","849.0000","853.0000"," ","0.0000","0.0000","6900","5961600","864.0000"
"20190531","01","12","    68640","JP3164680005","1827.0000","1827.0000","1775.0000","1825.0000","1792.0000","1829.0000","1780.0000","1781.0000","1827.0000","1829.0000","1775.0000","1781.0000"," ","0.0000","0.0000","64500","115803100","1795.3969"
"20190531","01","12","    68670","JP3969350002","975.0000","975.0000","941.0000","960.0000","964.0000","999.0000","964.0000","975.0000","975.0000","999.0000","941.0000","975.0000"," ","0.0000","0.0000","30000","29310800","977.0267"
"20190531","01","12","    68700","JP3749100008","0.0000","0.0000","0.0000","0.0000","0.0000","0.0000","0.0000","0.0000","0.0000","0.0000","0.0000","0.0000"," ","0.0000","0.0000","0","0","0.0000"
"20190531","01","12","    68740","JP3253850006","2101.0000","2101.0000","2082.0000","2087.0000","2091.0000","2110.0000","2073.0000","2077.0000","2101.0000","2110.0000","2073.0000","2077.0000"," ","0.0000","0.0000","7200","15082700","2094.8194"
"20190531","01","12","    68810","JP3250200007","354.0000","356.0000","348.0000","350.0000","349.0000","349.0000","345.0000","345.0000","354.0000","356.0000","345.0000","345.0000"," ","0.0000","0.0000","185300","64593900","348.5909"
"20190531","01","12","    68820","JP3332600000","779.0000","786.0000","767.0000","778.0000","782.0000","782.0000","765.0000","765.0000","779.0000","786.0000","765.0000","765.0000"," ","0.0000","0.0000","51900","40113800","772.9056"
"20190531","01","12","    68880","JP3108100003","345.0000","345.0000","335.0000","339.0000","340.0000","341.0000","330.0000","330.0000","345.0000","345.0000","330.0000","330.0000"," ","0.0000","0.0000","230500","77911900","338.0126"
"20190531","01","12","    68890","JP3172420006","0.0000","0.0000","0.0000","0.0000","3770.0000","3795.0000","3770.0000","3770.0000","3770.0000","3795.0000","3770.0000","3770.0000"," ","0.0000","0.0000","800","3019000","3773.7500"
"20190531","01","12","    68900","JP3802720007","856.0000","868.0000","844.0000","859.0000","858.0000","866.0000","854.0000","857.0000","856.0000","868.0000","844.0000","857.0000"," ","0.0000","0.0000","612700","525468900","857.6284"
"20190531","01","12","    68940","JP3782000008","2567.0000","2589.0000","2567.0000","2567.0000","2589.0000","2589.0000","2555.0000","2555.0000","2567.0000","2589.0000","2555.0000","2555.0000"," ","0.0000","0.0000","1200","3080700","2567.2500"
"20190531","01","12","    68970","JP3531100000","491.0000","501.0000","491.0000","501.0000","500.0000","501.0000","498.0000","501.0000","491.0000","501.0000","491.0000","501.0000"," ","0.0000","0.0000","2700","1344300","497.8889"
"20190531","01","12","    68980","JP3630700007","1113.0000","1113.0000","1113.0000","1113.0000","1114.0000","1114.0000","1113.0000","1113.0000","1113.0000","1114.0000","1113.0000","1113.0000"," ","0.0000","0.0000","500","556600","1113.2000"
"20190531","01","12","    68990","JP3119960007","1642.0000","1658.0000","1620.0000","1648.0000","1649.0000","1650.0000","1630.0000","1637.0000","1642.0000","1658.0000","1620.0000","1637.0000"," ","0.0000","0.0000","16200","26553300","1639.0926"
"20190531","01","12","    69070","JP3386300002","680.0000","688.0000","678.0000","680.0000","680.0000","681.0000","677.0000","677.0000","680.0000","688.0000","677.0000","677.0000"," ","0.0000","0.0000","2300","1568900","682.1304"
"20190531","01","12","    69120","JP3236700005","796.0000","796.0000","796.0000","796.0000","805.0000","805.0000","796.0000","796.0000","796.0000","805.0000","796.0000","796.0000"," ","0.0000","0.0000","1200","957100","797.5833"
"20190531","01","12","    69180","JP3122500006","1578.0000","1590.0000","1551.0000","1562.0000","1574.0000","1574.0000","1543.0000","1547.0000","1578.0000","1590.0000","1543.0000","1547.0000"," ","0.0000","0.0000","20300","31700800","1561.6158"
"20190531","01","12","    69190","JP3281700009","803.0000","803.0000","794.0000","794.0000","801.0000","801.0000","795.0000","795.0000","803.0000","803.0000","794.0000","795.0000"," ","0.0000","0.0000","1400","1118400","798.8571"
"20190531","01","12","    69300","JP3686600002","1040.0000","1051.0000","1023.0000","1044.0000","1041.0000","1063.0000","1035.0000","1051.0000","1040.0000","1063.0000","1023.0000","1051.0000"," ","0.0000","0.0000","91200","95182300","1043.6656"
"20190531","01","12","    69420","JP3436000008","1096.0000","1211.0000","1006.0000","1047.0000","1058.0000","1116.0000","930.0000","942.0000","1096.0000","1211.0000","930.0000","942.0000"," ","0.0000","0.0000","399700","427319800","1069.1013"
"20190531","01","12","    69430","JP3691400000","4080.0000","4080.0000","4015.0000","4015.0000","0.0000","0.0000","0.0000","0.0000","4080.0000","4080.0000","4015.0000","4015.0000"," ","0.0000","0.0000","200","809500","4047.5000"
"20190531","01","12","    69440","JP3105150001","2693.0000","2737.0000","2680.0000","2710.0000","2706.0000","2766.0000","2706.0000","2744.0000","2693.0000","2766.0000","2680.0000","2744.0000"," ","0.0000","0.0000","11000","29864600","2714.9636"
"20190531","01","12","    69450","JP3818200002","983.0000","992.0000","978.0000","982.0000","980.0000","983.0000","977.0000","980.0000","983.0000","992.0000","977.0000","980.0000"," ","0.0000","0.0000","19100","18753600","981.8639"
"20190531","01","12","    69460","JP3686200001","1131.0000","1132.0000","1112.0000","1112.0000","1120.0000","1128.0000","1109.0000","1109.0000","1131.0000","1132.0000","1109.0000","1109.0000"," ","0.0000","0.0000","1700","1913000","1125.2941"
"20190531","01","12","    69550","JP3820400004","803.0000","810.0000","795.0000","803.0000","805.0000","805.0000","793.0000","795.0000","803.0000","810.0000","793.0000","795.0000"," ","0.0000","0.0000","326700","261345200","799.9547"
"20190531","01","12","    69570","JP3354800009","2939.0000","2941.0000","2892.0000","2907.0000","2907.0000","2920.0000","2885.0000","2897.0000","2939.0000","2941.0000","2885.0000","2897.0000"," ","0.0000","0.0000","7200","20944800","2909.0000"
"20190531","01","12","    69600","JP3806000000","6830.0000","6870.0000","6760.0000","6870.0000","6880.0000","7020.0000","6830.0000","7010.0000","6830.0000","7020.0000","6760.0000","7010.0000"," ","0.0000","0.0000","6100","42009000","6886.7213"
"20190531","01","12","    69640","JP3330400007","442.0000","442.0000","442.0000","442.0000","442.0000","442.0000","442.0000","442.0000","442.0000","442.0000","442.0000","442.0000"," ","0.0000","0.0000","600","265200","442.0000"
"20190531","01","12","    69690","JP3864400001","0.0000","0.0000","0.0000","0.0000","0.0000","0.0000","0.0000","0.0000","0.0000","0.0000","0.0000","0.0000","1","405.0000","0.0000","0","0","0.0000"
"20190531","01","12","    69770","JP3730600008","937.0000","939.0000","931.0000","939.0000","933.0000","933.0000","910.0000","912.0000","937.0000","939.0000","910.0000","912.0000"," ","0.0000","0.0000","2200","2032100","923.6818"
"20190531","01","12","    69820","JP3969400005","384.0000","385.0000","379.0000","383.0000","380.0000","386.0000","379.0000","379.0000","384.0000","386.0000","379.0000","379.0000"," ","0.0000","0.0000","7500","2860100","381.3467"
"20190531","01","12","    69930","JP3926000005","32.0000","32.0000","31.0000","31.0000","32.0000","32.0000","31.0000","31.0000","32.0000","32.0000","31.0000","31.0000"," ","0.0000","0.0000","348700","10953800","31.4132"
"20190531","01","12","    69940","JP3352800001","587.0000","595.0000","586.0000","594.0000","588.0000","588.0000","586.0000","586.0000","587.0000","595.0000","586.0000","586.0000"," ","0.0000","0.0000","1100","647900","589.0000"
"20190531","01","12","    69980","JP3727000006","2020.0000","2025.0000","2019.0000","2025.0000","2027.0000","2034.0000","1964.0000","1964.0000","2020.0000","2034.0000","1964.0000","1964.0000"," ","0.0000","0.0000","16100","32183300","1998.9627"
"20190531","01","12","    70180","JP3640400002","0.0000","0.0000","0.0000","0.0000","0.0000","0.0000","0.0000","0.0000","0.0000","0.0000","0.0000","0.0000"," ","0.0000","0.0000","0","0","0.0000"
"20190531","01","12","    70210","JP3680400003","1601.0000","1601.0000","1601.0000","1601.0000","1596.0000","1596.0000","1596.0000","1596.0000","1601.0000","1601.0000","1596.0000","1596.0000"," ","0.0000","0.0000","200","319700","1598.5000"
"20190531","01","12","    70330","JP3869980007","2089.0000","2089.0000","1976.0000","2017.0000","2017.0000","2049.0000","2003.0000","2026.0000","2089.0000","2089.0000","1976.0000","2026.0000"," ","0.0000","0.0000","99600","201156100","2019.6396"
"20190531","01","12","    70340","JP3833830007","11210.0000","11370.0000","10910.0000","11070.0000","11160.0000","11340.0000","11030.0000","11240.0000","11210.0000","11370.0000","10910.0000","11240.0000"," ","0.0000","0.0000","18000","200489000","11138.2778"
"20190531","01","12","    70350","JP3128620006","4295.0000","4300.0000","4150.0000","4295.0000","4250.0000","4295.0000","4200.0000","4235.0000","4295.0000","4300.0000","4150.0000","4235.0000"," ","0.0000","0.0000","36600","154781500","4229.0027"
"20190531","01","12","    70360","JP3130210002","6300.0000","6440.0000","6090.0000","6190.0000","6270.0000","6270.0000","6110.0000","6150.0000","6300.0000","6440.0000","6090.0000","6150.0000"," ","0.0000","0.0000","20500","127063000","6198.1951"
"20190531","01","12","    70370","JP3545820007","3230.0000","3320.0000","3205.0000","3205.0000","3250.0000","3280.0000","3170.0000","3170.0000","3230.0000","3320.0000","3170.0000","3170.0000"," ","0.0000","0.0000","11400","36785000","3226.7544"
"20190531","01","12","    70380","JP3829550007","2114.0000","2172.0000","2090.0000","2172.0000","2151.0000","2168.0000","2103.0000","2155.0000","2114.0000","2172.0000","2090.0000","2155.0000"," ","0.0000","0.0000","11300","24150400","2137.2035"
"20190531","01","12","    70390","JP3831050004","3015.0000","3045.0000","2855.0000","2909.0000","2880.0000","2917.0000","2869.0000","2888.0000","3015.0000","3045.0000","2855.0000","2888.0000"," ","0.0000","0.0000","11600","33802000","2913.9655"
"20190531","01","12","    70400","JP3342700006","930.0000","930.0000","930.0000","930.0000","926.0000","926.0000","925.0000","925.0000","930.0000","930.0000","925.0000","925.0000"," ","0.0000","0.0000","2000","1857800","928.9000"
"20190531","01","12","    70410","JP3346110004","648.0000","655.0000","626.0000","632.0000","635.0000","643.0000","620.0000","625.0000","648.0000","655.0000","620.0000","625.0000"," ","0.0000","0.0000","46500","29366700","631.5419"
"20190531","01","12","    70420","JP3108190004","1496.0000","1496.0000","1443.0000","1468.0000","1461.0000","1476.0000","1419.0000","1443.0000","1496.0000","1496.0000","1419.0000","1443.0000"," ","0.0000","0.0000","40300","58578000","1453.5484"
"20190531","01","12","    70430","JP3126050008","880.0000","895.0000","864.0000","884.0000","881.0000","895.0000","874.0000","885.0000","880.0000","895.0000","864.0000","885.0000"," ","0.0000","0.0000","48900","43070300","880.7832"
"20190531","01","12","    70440","JP3801650007","2532.0000","2532.0000","2408.0000","2499.0000","2534.0000","2539.0000","2451.0000","2535.0000","2532.0000","2539.0000","2408.0000","2535.0000"," ","0.0000","0.0000","6500","16073700","2472.8769"
"20190531","01","12","    70450","JP3532850009","2634.0000","2634.0000","2590.0000","2629.0000","2628.0000","2629.0000","2590.0000","2596.0000","2634.0000","2634.0000","2590.0000","2596.0000"," ","0.0000","0.0000","5500","14387200","2615.8545"
"20190531","01","12","    70460","JP3545250007","3165.0000","3220.0000","3035.0000","3045.0000","3070.0000","3080.0000","2975.0000","2976.0000","3165.0000","3220.0000","2975.0000","2976.0000"," ","0.0000","0.0000","59500","182885500","3073.7059"
"20190531","01","12","    70470","JP3855850008","1214.0000","1230.0000","1198.0000","1211.0000","1226.0000","1247.0000","1221.0000","1221.0000","1214.0000","1247.0000","1198.0000","1221.0000"," ","0.0000","0.0000","17700","21606900","1220.7288"
"20190531","01","12","    70480","JP3835830005","1385.0000","1410.0000","1326.0000","1337.0000","1327.0000","1330.0000","1281.0000","1285.0000","1385.0000","1410.0000","1281.0000","1285.0000"," ","0.0000","0.0000","271200","359341500","1325.0055"
"20190531","01","12","    70490","JP3348200001","2318.0000","2357.0000","2270.0000","2291.0000","2271.0000","2291.0000","2110.0000","2116.0000","2318.0000","2357.0000","2110.0000","2116.0000"," ","0.0000","0.0000","278300","623524700","2240.4768"
"20190531","01","12","    70500","JP3829520000","2144.0000","2145.0000","2080.0000","2105.0000","2102.0000","2105.0000","2044.0000","2046.0000","2144.0000","2145.0000","2044.0000","2046.0000"," ","0.0000","0.0000","29400","61312200","2085.4490"
"20190531","01","12","    70560","JP3873750008","0.0000","0.0000","0.0000","0.0000","0.0000","0.0000","0.0000","0.0000","0.0000","0.0000","0.0000","0.0000"," ","0.0000","0.0000","0","0","0.0000"
"20190531","01","12","    70570","JP3165050000","1113.0000","1350.0000","1106.0000","1344.0000","1320.0000","1412.0000","1282.0000","1412.0000","1113.0000","1412.0000","1106.0000","1412.0000"," ","0.0000","0.0000","933800","1233208300","1320.6343"
"20190531","01","12","    70580","JP3247500006","2715.0000","2720.0000","2700.0000","2720.0000","2698.0000","2705.0000","2630.0000","2640.0000","2715.0000","2720.0000","2630.0000","2640.0000"," ","0.0000","0.0000","6900","18438700","2672.2754"
"20190531","01","12","    70590","JP3302000009","2251.0000","2298.0000","2210.0000","2298.0000","2289.0000","2326.0000","2199.0000","2199.0000","2251.0000","2326.0000","2199.0000","2199.0000"," ","0.0000","0.0000","66700","149715500","2244.6102"
"20190531","01","12","    70600","JP3263700001","4315.0000","4375.0000","4240.0000","4320.0000","4295.0000","4400.0000","4250.0000","4285.0000","4315.0000","4400.0000","4240.0000","4285.0000"," ","0.0000","0.0000","84900","365689500","4307.2968"
"20190531","01","12","    70610","JP3750000006","3055.0000","3090.0000","3010.0000","3045.0000","3055.0000","3055.0000","2980.0000","3000.0000","3055.0000","3090.0000","2980.0000","3000.0000"," ","0.0000","0.0000","141400","427187300","3021.1266"
"20190531","01","12","    70620","JP3828950000","2128.0000","2132.0000","2040.0000","2080.0000","2100.0000","2184.0000","2100.0000","2169.0000","2128.0000","2184.0000","2040.0000","2169.0000"," ","0.0000","0.0000","26000","54979500","2114.5962"
"20190531","01","12","    70630","JP3160590000","2481.0000","2494.0000","2419.0000","2490.0000","2485.0000","2485.0000","2431.0000","2452.0000","2481.0000","2494.0000","2419.0000","2452.0000"," ","0.0000","0.0000","29300","72019400","2458.0000"
"20190531","01","12","    70640","JP3765460005","4810.0000","4980.0000","4675.0000","4730.0000","4800.0000","4860.0000","4510.0000","4510.0000","4810.0000","4980.0000","4510.0000","4510.0000"," ","0.0000","0.0000","203800","980137000","4809.3081"
"20190531","01","12","    71570","JP3966660007","584.0000","584.0000","546.0000","562.0000","560.0000","585.0000","560.0000","574.0000","584.0000","585.0000","546.0000","574.0000"," ","0.0000","0.0000","212900","120950400","568.1090"
"20190531","01","12","    71620","JP3120080001","279.0000","286.0000","275.0000","284.0000","286.0000","301.0000","283.0000","283.0000","279.0000","301.0000","275.0000","283.0000"," ","0.0000","0.0000","164100","47544900","289.7313"
"20190531","01","12","    71690","JP3756270009","1685.0000","1685.0000","1609.0000","1679.0000","1650.0000","1679.0000","1640.0000","1653.0000","1685.0000","1685.0000","1609.0000","1653.0000"," ","0.0000","0.0000","20200","33667000","1666.6832"
"20190531","01","12","    71700","JP3513850002","0.0000","0.0000","0.0000","0.0000","0.0000","0.0000","0.0000","0.0000","0.0000","0.0000","0.0000","0.0000","1","270.0000","0.0000","0","0","0.0000"
"20190531","01","12","    71720","JP3389470000","1952.0000","1960.0000","1920.0000","1935.0000","1937.0000","1965.0000","1929.0000","1938.0000","1952.0000","1965.0000","1920.0000","1938.0000"," ","0.0000","0.0000","158800","308289000","1941.3665"
"20190531","01","12","    71750","JP3149120002","931.0000","931.0000","931.0000","931.0000","0.0000","0.0000","0.0000","0.0000","931.0000","931.0000","931.0000","931.0000"," ","0.0000","0.0000","100","93100","931.0000"
"20190531","01","12","    71760","JP3383250002","0.0000","0.0000","0.0000","0.0000","0.0000","0.0000","0.0000","0.0000","0.0000","0.0000","0.0000","0.0000"," ","0.0000","0.0000","0","0","0.0000"
"20190531","01","12","    71770","JP3386550002","561.0000","563.0000","558.0000","560.0000","560.0000","562.0000","558.0000","559.0000","561.0000","563.0000","558.0000","559.0000"," ","0.0000","0.0000","100400","56221400","559.9741"
"20190531","01","12","    71830","JP3127650004","295.0000","295.0000","288.0000","291.0000","295.0000","295.0000","286.0000","286.0000","295.0000","295.0000","286.0000","286.0000"," ","0.0000","0.0000","33900","9844300","290.3923"
"20190531","01","12","    71850","JP3798800003","1722.0000","1722.0000","1709.0000","1718.0000","1715.0000","1725.0000","1714.0000","1725.0000","1722.0000","1725.0000","1709.0000","1725.0000"," ","0.0000","0.0000","5200","8918000","1715.0000"
"20190531","01","12","    72080","JP3217950009","788.0000","788.0000","788.0000","788.0000","788.0000","788.0000","787.0000","787.0000","788.0000","788.0000","787.0000","787.0000"," ","0.0000","0.0000","2700","2125200","787.1111"
"20190531","01","12","    72170","JP3544980000","600.0000","600.0000","600.0000","600.0000","0.0000","0.0000","0.0000","0.0000","600.0000","600.0000","600.0000","600.0000"," ","0.0000","0.0000","100","60000","600.0000"
"20190531","01","12","    72180","JP3468790005","766.0000","766.0000","760.0000","760.0000","760.0000","760.0000","760.0000","760.0000","766.0000","766.0000","760.0000","760.0000"," ","0.0000","0.0000","2200","1676500","762.0455"
"20190531","01","12","    72190","JP3164450003","0.0000","0.0000","0.0000","0.0000","0.0000","0.0000","0.0000","0.0000","0.0000","0.0000","0.0000","0.0000"," ","0.0000","0.0000","0","0","0.0000"
"20190531","01","12","    72280","JP3548650005","862.0000","877.0000","862.0000","877.0000","862.0000","869.0000","851.0000","869.0000","862.0000","877.0000","851.0000","869.0000"," ","0.0000","0.0000","1400","1205100","860.7857"
"20190531","01","12","    72290","JP3948900000","1669.0000","1682.0000","1669.0000","1672.0000","1672.0000","1689.0000","1667.0000","1667.0000","1669.0000","1689.0000","1667.0000","1667.0000"," ","0.0000","0.0000","7400","12377500","1672.6351"
"20190531","01","12","    72350","JP3590200006","967.0000","982.0000","965.0000","982.0000","976.0000","979.0000","971.0000","979.0000","967.0000","982.0000","965.0000","979.0000"," ","0.0000","0.0000","4100","3992700","973.8293"
"20190531","01","12","    72540","JP3821400003","298.0000","298.0000","293.0000","293.0000","294.0000","298.0000","291.0000","292.0000","298.0000","298.0000","291.0000","292.0000"," ","0.0000","0.0000","5900","1736900","294.3898"
"20190531","01","12","    72550","JP3317200008","0.0000","0.0000","0.0000","0.0000","513.0000","513.0000","510.0000","510.0000","513.0000","513.0000","510.0000","510.0000"," ","0.0000","0.0000","600","306800","511.3333"
"20190531","01","12","    72640","JP3914700004","0.0000","0.0000","0.0000","0.0000","1410.0000","1410.0000","1410.0000","1410.0000","1410.0000","1410.0000","1410.0000","1410.0000"," ","0.0000","0.0000","100","141000","1410.0000"
"20190531","01","12","    72650","JP3160690008","2420.0000","2420.0000","2420.0000","2420.0000","0.0000","0.0000","0.0000","0.0000","2420.0000","2420.0000","2420.0000","2420.0000"," ","0.0000","0.0000","100","242000","2420.0000"
"20190531","01","12","    72680","JP3467600007","330.0000","330.0000","321.0000","328.0000","327.0000","327.0000","322.0000","324.0000","330.0000","330.0000","321.0000","324.0000"," ","0.0000","0.0000","4700","1536200","326.8511"
"20190531","01","12","    72730","JP3131500005","1382.0000","1410.0000","1375.0000","1375.0000","1380.0000","1403.0000","1379.0000","1379.0000","1382.0000","1410.0000","1375.0000","1379.0000"," ","0.0000","0.0000","1800","2495600","1386.4444"
"20190531","01","12","    72790","JP3699600007","1876.0000","1876.0000","1857.0000","1862.0000","1870.0000","1878.0000","1860.0000","1866.0000","1876.0000","1878.0000","1857.0000","1866.0000"," ","0.0000","0.0000","6200","11603100","1871.4677"
"20190531","01","12","    72870","JP3720600000","1822.0000","1822.0000","1787.0000","1799.0000","1792.0000","1799.0000","1759.0000","1763.0000","1822.0000","1822.0000","1759.0000","1763.0000"," ","0.0000","0.0000","25200","44827000","1778.8492"
"20190531","01","12","    72920","JP3914200005","2368.0000","2368.0000","2368.0000","2368.0000","2350.0000","2350.0000","2350.0000","2350.0000","2368.0000","2368.0000","2350.0000","2350.0000"," ","0.0000","0.0000","200","471800","2359.0000"
"20190531","01","12","    72970","JP3205300001","775.0000","775.0000","751.0000","751.0000","752.0000","760.0000","751.0000","751.0000","775.0000","775.0000","751.0000","751.0000"," ","0.0000","0.0000","4300","3274700","761.5581"
"20190531","01","12","    72980","JP3933000006","678.0000","678.0000","655.0000","672.0000","678.0000","678.0000","658.0000","667.0000","678.0000","678.0000","655.0000","667.0000"," ","0.0000","0.0000","16500","11002300","666.8061"
"20190531","01","12","    72990","JP3807750009","3570.0000","3570.0000","3550.0000","3550.0000","3570.0000","3570.0000","3570.0000","3570.0000","3570.0000","3570.0000","3550.0000","3570.0000"," ","0.0000","0.0000","400","1424000","3560.0000"
"20190531","01","12","    73140","JP3196610004","754.0000","755.0000","742.0000","743.0000","743.0000","743.0000","726.0000","726.0000","754.0000","755.0000","726.0000","726.0000"," ","0.0000","0.0000","20500","15123900","737.7512"
"20190531","01","12","    73150","JP3102310004","552.0000","553.0000","547.0000","550.0000","550.0000","551.0000","535.0000","535.0000","552.0000","553.0000","535.0000","535.0000"," ","0.0000","0.0000","26500","14444300","545.0679"
"20190531","01","12","    73200","JP3755100009","884.0000","884.0000","880.0000","880.0000","884.0000","903.0000","860.0000","890.0000","884.0000","903.0000","860.0000","890.0000"," ","0.0000","0.0000","9400","8309100","883.9468"
"20190531","01","12","    73230","JP3104920008","3985.0000","4000.0000","3935.0000","3945.0000","3940.0000","3945.0000","3900.0000","3900.0000","3985.0000","4000.0000","3900.0000","3900.0000"," ","0.0000","0.0000","10200","40308500","3951.8137"
"20190531","01","12","    73250","JP3105230001","1717.0000","1721.0000","1651.0000","1710.0000","1711.0000","1767.0000","1661.0000","1663.0000","1717.0000","1767.0000","1651.0000","1663.0000"," ","0.0000","0.0000","150300","254220900","1691.4232"
"20190531","01","12","    73260","JP3163420007","1226.0000","1247.0000","1215.0000","1247.0000","1249.0000","1279.0000","1235.0000","1255.0000","1226.0000","1279.0000","1215.0000","1255.0000"," ","0.0000","0.0000","25700","31957300","1243.4747"
"20190531","01","12","    73990","JP3653300008","0.0000","0.0000","0.0000","0.0000","524.0000","525.0000","519.0000","525.0000","524.0000","525.0000","519.0000","525.0000"," ","0.0000","0.0000","500","260600","521.2000"
"20190531","01","12","    74040","JP3368800003","1310.0000","1311.0000","1306.0000","1310.0000","1310.0000","1310.0000","1310.0000","1310.0000","1310.0000","1311.0000","1306.0000","1310.0000"," ","0.0000","0.0000","2400","3143700","1309.8750"
"20190531","01","12","    74120","JP3121900009","960.0000","961.0000","951.0000","956.0000","953.0000","957.0000","952.0000","952.0000","960.0000","961.0000","951.0000","952.0000"," ","0.0000","0.0000","103800","99077700","954.5058"
"20190531","01","12","    74130","JP3431600000","0.0000","0.0000","0.0000","0.0000","1990.0000","1990.0000","1990.0000","1990.0000","1990.0000","1990.0000","1990.0000","1990.0000"," ","0.0000","0.0000","200","398000","1990.0000"
"20190531","01","12","    74220","JP3603200001","0.0000","0.0000","0.0000","0.0000","0.0000","0.0000","0.0000","0.0000","0.0000","0.0000","0.0000","0.0000"," ","0.0000","0.0000","0","0","0.0000"
"20190531","01","12","    74250","JP3769600002","0.0000","0.0000","0.0000","0.0000","0.0000","0.0000","0.0000","0.0000","0.0000","0.0000","0.0000","0.0000"," ","0.0000","0.0000","0","0","0.0000"
"20190531","01","12","    74260","JP3938200007","804.0000","804.0000","804.0000","804.0000","804.0000","804.0000","801.0000","801.0000","804.0000","804.0000","801.0000","801.0000"," ","0.0000","0.0000","700","562400","803.4286"
"20190531","01","12","    74340","JP3172300000","0.0000","0.0000","0.0000","0.0000","0.0000","0.0000","0.0000","0.0000","0.0000","0.0000","0.0000","0.0000"," ","0.0000","0.0000","0","0","0.0000"
"20190531","01","12","    74350","JP3651030003","833.0000","833.0000","821.0000","831.0000","821.0000","831.0000","821.0000","831.0000","833.0000","833.0000","821.0000","831.0000"," ","0.0000","0.0000","3400","2812900","827.3235"
"20190531","01","12","    74430","JP3955300003","555.0000","555.0000","555.0000","555.0000","0.0000","0.0000","0.0000","0.0000","555.0000","555.0000","555.0000","555.0000"," ","0.0000","0.0000","300","166500","555.0000"
"20190531","01","12","    74440","JP3772800003","1531.0000","1540.0000","1491.0000","1540.0000","1545.0000","1548.0000","1523.0000","1548.0000","1531.0000","1548.0000","1491.0000","1548.0000"," ","0.0000","0.0000","2900","4437600","1530.2069"
"20190531","01","12","    74460","JP3603600002","0.0000","0.0000","0.0000","0.0000","0.0000","0.0000","0.0000","0.0000","0.0000","0.0000","0.0000","0.0000"," ","0.0000","0.0000","0","0","0.0000"
"20190531","01","12","    74500","JP3336100007","1728.0000","1728.0000","1720.0000","1725.0000","1721.0000","1721.0000","1721.0000","1721.0000","1728.0000","1728.0000","1720.0000","1721.0000"," ","0.0000","0.0000","900","1552100","1724.5556"
"20190531","01","12","    74600","JP3930600006","0.0000","0.0000","0.0000","0.0000","1460.0000","1460.0000","1441.0000","1443.0000","1460.0000","1460.0000","1441.0000","1443.0000"," ","0.0000","0.0000","600","867500","1445.8333"
"20190531","01","12","    74610","JP3241900004","459.0000","459.0000","459.0000","459.0000","455.0000","460.0000","455.0000","460.0000","459.0000","460.0000","455.0000","460.0000"," ","0.0000","0.0000","300","137400","458.0000"
"20190531","01","12","    74620","JP3499450009","0.0000","0.0000","0.0000","0.0000","824.0000","880.0000","824.0000","842.0000","824.0000","880.0000","824.0000","842.0000"," ","0.0000","0.0000","8700","7403500","850.9770"
"20190531","01","12","    74640","JP3422900005","8000.0000","8000.0000","8000.0000","8000.0000","8000.0000","8000.0000","8000.0000","8000.0000","8000.0000","8000.0000","8000.0000","8000.0000"," ","0.0000","0.0000","200","1600000","8000.0000"
"20190531","01","12","    74650","JP3320900008","3285.0000","3290.0000","3285.0000","3290.0000","3300.0000","3300.0000","3265.0000","3265.0000","3285.0000","3300.0000","3265.0000","3265.0000"," ","0.0000","0.0000","1600","5254000","3283.7500"
"20190531","01","12","    74720","JP3629700000","2808.0000","2835.0000","2808.0000","2835.0000","2830.0000","2830.0000","2810.0000","2813.0000","2808.0000","2835.0000","2808.0000","2813.0000"," ","0.0000","0.0000","800","2255900","2819.8750"
"20190531","01","12","    74770","JP3914300003","739.0000","739.0000","720.0000","720.0000","730.0000","739.0000","724.0000","724.0000","739.0000","739.0000","720.0000","724.0000"," ","0.0000","0.0000","3900","2841100","728.4872"
"20190531","01","12","    74860","JP3343800003","0.0000","0.0000","0.0000","0.0000","0.0000","0.0000","0.0000","0.0000","0.0000","0.0000","0.0000","0.0000"," ","0.0000","0.0000","0","0","0.0000"
"20190531","01","12","    74900","JP3675400000","796.0000","796.0000","794.0000","794.0000","796.0000","796.0000","794.0000","794.0000","796.0000","796.0000","794.0000","794.0000"," ","0.0000","0.0000","4600","3660700","795.8043"
"20190531","01","12","    75000","JP3657530006","4550.0000","4680.0000","4525.0000","4680.0000","4615.0000","4650.0000","4605.0000","4605.0000","4550.0000","4680.0000","4525.0000","4605.0000"," ","0.0000","0.0000","4500","20732000","4607.1111"
"20190531","01","12","    75010","JP3544990009","582.0000","589.0000","581.0000","581.0000","580.0000","584.0000","579.0000","579.0000","582.0000","589.0000","579.0000","579.0000"," ","0.0000","0.0000","3600","2093900","581.6389"
"20190531","01","12","    75020","JP3832600005","327.0000","332.0000","327.0000","330.0000","328.0000","329.0000","325.0000","325.0000","327.0000","332.0000","325.0000","325.0000"," ","0.0000","0.0000","4400","1445000","328.4091"
"20190531","01","12","    75050","JP3823400001","0.0000","0.0000","0.0000","0.0000","3180.0000","3180.0000","3180.0000","3180.0000","3180.0000","3180.0000","3180.0000","3180.0000"," ","0.0000","0.0000","100","318000","3180.0000"
"20190531","01","12","    75090","JP3100630007","3500.0000","3500.0000","3500.0000","3500.0000","0.0000","0.0000","0.0000","0.0000","3500.0000","3500.0000","3500.0000","3500.0000","2","3500.0000","0.0000","100","350000","3500.0000"
"20190531","01","12","    75150","JP3879020000","0.0000","0.0000","0.0000","0.0000","0.0000","0.0000","0.0000","0.0000","0.0000","0.0000","0.0000","0.0000"," ","0.0000","0.0000","0","0","0.0000"
"20190531","01","12","    75190","JP3308800006","4900.0000","4945.0000","4835.0000","4945.0000","4940.0000","4995.0000","4900.0000","4935.0000","4900.0000","4995.0000","4835.0000","4935.0000"," ","0.0000","0.0000","19300","94756000","4909.6373"
"20190531","01","12","    75210","JP3912600008","2281.0000","2297.0000","2270.0000","2297.0000","2290.0000","2300.0000","2272.0000","2278.0000","2281.0000","2300.0000","2270.0000","2278.0000"," ","0.0000","0.0000","3500","7988600","2282.4571"
"20190531","01","12","    75230","JP3100500002","609.0000","609.0000","603.0000","604.0000","605.0000","606.0000","601.0000","601.0000","609.0000","609.0000","601.0000","601.0000"," ","0.0000","0.0000","11800","7123700","603.7034"
"20190531","01","12","    75310","JP3418250001","0.0000","0.0000","0.0000","0.0000","0.0000","0.0000","0.0000","0.0000","0.0000","0.0000","0.0000","0.0000"," ","0.0000","0.0000","0","0","0.0000"
"20190531","01","12","    75380","JP3485200004","219.0000","219.0000","217.0000","217.0000","214.0000","214.0000","214.0000","214.0000","219.0000","219.0000","214.0000","214.0000"," ","0.0000","0.0000","1300","279500","215.0000"
"20190531","01","12","    75390","JP3122570009","928.0000","930.0000","921.0000","930.0000","930.0000","931.0000","929.0000","929.0000","928.0000","931.0000","921.0000","929.0000"," ","0.0000","0.0000","2300","2130800","926.4348"
"20190531","01","12","    75440","JP3410700003","361.0000","368.0000","361.0000","365.0000","365.0000","366.0000","359.0000","359.0000","361.0000","368.0000","359.0000","359.0000"," ","0.0000","0.0000","42400","15438200","364.1085"
"20190531","01","12","    75510","JP3154900009","541.0000","541.0000","536.0000","537.0000","536.0000","542.0000","536.0000","542.0000","541.0000","542.0000","536.0000","542.0000"," ","0.0000","0.0000","4700","2527800","537.8298"
"20190531","01","12","    75550","JP3187650001","868.0000","888.0000","855.0000","855.0000","885.0000","885.0000","870.0000","871.0000","868.0000","888.0000","855.0000","871.0000"," ","0.0000","0.0000","7500","6566300","875.5067"
"20190531","01","12","    75590","JP3385830009","1448.0000","1448.0000","1447.0000","1447.0000","1441.0000","1441.0000","1441.0000","1441.0000","1448.0000","1448.0000","1441.0000","1441.0000"," ","0.0000","0.0000","300","433600","1445.3333"
"20190531","01","12","    75620","JP3128700006","4920.0000","4920.0000","4920.0000","4920.0000","4930.0000","4930.0000","4930.0000","4930.0000","4920.0000","4930.0000","4920.0000","4930.0000"," ","0.0000","0.0000","200","985000","4925.0000"
"20190531","01","12","    75640","JP3990100004","5280.0000","5280.0000","5140.0000","5190.0000","5200.0000","5220.0000","5150.0000","5200.0000","5280.0000","5280.0000","5140.0000","5200.0000"," ","0.0000","0.0000","217100","1126484000","5188.7794"
"20190531","01","12","    75650","JP3879320004","1975.0000","1975.0000","1975.0000","1975.0000","1996.0000","1996.0000","1996.0000","1996.0000","1975.0000","1996.0000","1975.0000","1996.0000"," ","0.0000","0.0000","300","594600","1982.0000"
"20190531","01","12","    75670","JP3314300009","0.0000","0.0000","0.0000","0.0000","319.0000","319.0000","319.0000","319.0000","319.0000","319.0000","319.0000","319.0000"," ","0.0000","0.0000","200","63800","319.0000"
"20190531","01","12","    75710","JP3218000002","93.0000","94.0000","92.0000","93.0000","92.0000","93.0000","92.0000","93.0000","93.0000","94.0000","92.0000","93.0000"," ","0.0000","0.0000","91500","8476000","92.6339"
"20190531","01","12","    75770","JP3781450006","208.0000","208.0000","205.0000","206.0000","206.0000","206.0000","205.0000","205.0000","208.0000","208.0000","205.0000","205.0000"," ","0.0000","0.0000","12400","2550500","205.6855"
"20190531","01","12","    75780","JP3664900002","979.0000","997.0000","967.0000","967.0000","976.0000","976.0000","935.0000","938.0000","979.0000","997.0000","935.0000","938.0000"," ","0.0000","0.0000","4800","4625400","963.6250"
"20190531","01","12","    75850","JP3233100001","1150.0000","1159.0000","1150.0000","1159.0000","1155.0000","1160.0000","1154.0000","1160.0000","1150.0000","1160.0000","1150.0000","1160.0000"," ","0.0000","0.0000","2900","3347500","1154.3103"
"20190531","01","12","    75870","JP3782600005","563.0000","597.0000","563.0000","582.0000","583.0000","588.0000","569.0000","577.0000","563.0000","597.0000","563.0000","577.0000"," ","0.0000","0.0000","142800","82994100","581.1912"
"20190531","01","12","    75970","JP3574000000","0.0000","0.0000","0.0000","0.0000","0.0000","0.0000","0.0000","0.0000","0.0000","0.0000","0.0000","0.0000"," ","0.0000","0.0000","0","0","0.0000"
"20190531","01","12","    76020","JP3388550000","239.0000","239.0000","223.0000","229.0000","230.0000","230.0000","230.0000","230.0000","239.0000","239.0000","223.0000","230.0000"," ","0.0000","0.0000","6900","1611600","233.5652"
"20190531","01","12","    76030","JP3865000008","592.0000","594.0000","591.0000","592.0000","595.0000","596.0000","592.0000","592.0000","592.0000","596.0000","591.0000","592.0000"," ","0.0000","0.0000","2700","1600100","592.6296"
"20190531","01","12","    76040","JP3159850001","2556.0000","2557.0000","2550.0000","2550.0000","2550.0000","2550.0000","2540.0000","2540.0000","2556.0000","2557.0000","2540.0000","2540.0000"," ","0.0000","0.0000","3200","8160400","2550.1250"
"20190531","01","12","    76100","JP3544600004","41.0000","41.0000","40.0000","40.0000","40.0000","41.0000","40.0000","40.0000","41.0000","41.0000","40.0000","40.0000"," ","0.0000","0.0000","226100","9207500","40.7231"
"20190531","01","12","    76120","JP3629300009","158.0000","161.0000","156.0000","159.0000","159.0000","161.0000","158.0000","160.0000","158.0000","161.0000","156.0000","160.0000"," ","0.0000","0.0000","2387600","379656400","159.0117"
"20190531","01","12","    76140","JP3177000001","1301.0000","1301.0000","1289.0000","1300.0000","1300.0000","1300.0000","1250.0000","1250.0000","1301.0000","1301.0000","1250.0000","1250.0000"," ","0.0000","0.0000","5300","6799200","1282.8679"
"20190531","01","12","    76210","JP3155900008","3500.0000","3500.0000","3450.0000","3450.0000","3400.0000","3410.0000","3395.0000","3395.0000","3500.0000","3500.0000","3395.0000","3395.0000"," ","0.0000","0.0000","900","3083500","3426.1111"
"20190531","01","12","    76230","JP3325150005","249.0000","250.0000","249.0000","250.0000","248.0000","248.0000","248.0000","248.0000","249.0000","250.0000","248.0000","248.0000"," ","0.0000","0.0000","700","173900","248.4286"
"20190531","01","12","    76240","JP3641350008","203.0000","204.0000","203.0000","203.0000","203.0000","204.0000","203.0000","203.0000","203.0000","204.0000","203.0000","203.0000"," ","0.0000","0.0000","13600","2767600","203.5000"
"20190531","01","12","    76250","JP3274350002","220.0000","222.0000","220.0000","222.0000","222.0000","223.0000","220.0000","221.0000","220.0000","223.0000","220.0000","221.0000"," ","0.0000","0.0000","1600","354700","221.6875"
"20190531","01","12","    76340","JP3845750003","3850.0000","3900.0000","3850.0000","3870.0000","3850.0000","3850.0000","3850.0000","3850.0000","3850.0000","3900.0000","3850.0000","3850.0000"," ","0.0000","0.0000","2500","9636500","3854.6000"
"20190531","01","12","    76350","JP3396700001","987.0000","994.0000","985.0000","985.0000","985.0000","985.0000","982.0000","982.0000","987.0000","994.0000","982.0000","982.0000"," ","0.0000","0.0000","1100","1084500","985.9091"
"20190531","01","12","    76360","JP3777500004","0.0000","0.0000","0.0000","0.0000","0.0000","0.0000","0.0000","0.0000","0.0000","0.0000","0.0000","0.0000"," ","0.0000","0.0000","0","0","0.0000"
"20190531","01","12","    76380","JP3347150009","39.0000","41.0000","39.0000","39.0000","39.0000","40.0000","39.0000","39.0000","39.0000","41.0000","39.0000","39.0000"," ","0.0000","0.0000","3394200","134794700","39.7132"
"20190531","01","12","    76430","JP3473410003","671.0000","677.0000","671.0000","677.0000","677.0000","677.0000","677.0000","677.0000","671.0000","677.0000","671.0000","677.0000"," ","0.0000","0.0000","900","606300","673.6667"
"20190531","01","12","    76470","JP3202200006","28.0000","28.0000","27.0000","28.0000","27.0000","28.0000","27.0000","27.0000","28.0000","28.0000","27.0000","27.0000"," ","0.0000","0.0000","8054300","223759800","27.7814"
"20190531","01","12","    76700","JP3170180008","618.0000","621.0000","612.0000","618.0000","618.0000","628.0000","617.0000","617.0000","618.0000","628.0000","612.0000","617.0000"," ","0.0000","0.0000","14500","8974800","618.9517"
"20190531","01","12","    76710","JP3124460001","1570.0000","1580.0000","1500.0000","1549.0000","1532.0000","1550.0000","1500.0000","1516.0000","1570.0000","1580.0000","1500.0000","1516.0000"," ","0.0000","0.0000","17600","26897400","1528.2614"
"20190531","01","12","    76720","JP3457740003","0.0000","0.0000","0.0000","0.0000","0.0000","0.0000","0.0000","0.0000","0.0000","0.0000","0.0000","0.0000"," ","0.0000","0.0000","0","0","0.0000"
"20190531","01","12","    76730","JP3482700006","1602.0000","1611.0000","1588.0000","1611.0000","1591.0000","1609.0000","1581.0000","1584.0000","1602.0000","1611.0000","1581.0000","1584.0000"," ","0.0000","0.0000","13000","20729600","1594.5846"
"20190531","01","12","    76740","JP3651040002","2840.0000","2840.0000","2800.0000","2830.0000","2880.0000","2880.0000","2826.0000","2844.0000","2840.0000","2880.0000","2800.0000","2844.0000"," ","0.0000","0.0000","7600","21614700","2844.0395"
"20190531","01","12","    76760","JP3273770002","4145.0000","4280.0000","3970.0000","4070.0000","4065.0000","4075.0000","3510.0000","3510.0000","4145.0000","4280.0000","3510.0000","3510.0000"," ","0.0000","0.0000","769800","3117664000","4049.9662"
"20190531","01","12","    77030","JP3225800006","728.0000","728.0000","721.0000","727.0000","721.0000","727.0000","721.0000","727.0000","728.0000","728.0000","721.0000","727.0000"," ","0.0000","0.0000","800","580100","725.1250"
"20190531","01","12","    77050","JP3385850007","1333.0000","1344.0000","1321.0000","1341.0000","1341.0000","1360.0000","1330.0000","1356.0000","1333.0000","1360.0000","1321.0000","1356.0000"," ","0.0000","0.0000","5200","6954000","1337.3077"
"20190531","01","12","    77070","JP3833400009","433.0000","435.0000","412.0000","414.0000","413.0000","414.0000","405.0000","405.0000","433.0000","435.0000","405.0000","405.0000"," ","0.0000","0.0000","862700","359601700","416.8329"
"20190531","01","12","    77110","JP3397100003","604.0000","608.0000","604.0000","608.0000","609.0000","609.0000","603.0000","603.0000","604.0000","609.0000","603.0000","603.0000"," ","0.0000","0.0000","1800","1090000","605.5556"
"20190531","01","12","    77130","JP3349000004","1209.0000","1209.0000","1197.0000","1199.0000","1197.0000","1199.0000","1180.0000","1180.0000","1209.0000","1209.0000","1180.0000","1180.0000"," ","0.0000","0.0000","11500","13722900","1193.2957"
"20190531","01","12","    77160","JP3642500007","2006.0000","2016.0000","1955.0000","2005.0000","2055.0000","2055.0000","2005.0000","2012.0000","2006.0000","2055.0000","1955.0000","2012.0000"," ","0.0000","0.0000","60500","120648000","1994.1818"
"20190531","01","12","    77190","JP3575800002","267.0000","267.0000","254.0000","255.0000","255.0000","262.0000","255.0000","261.0000","267.0000","267.0000","254.0000","261.0000"," ","0.0000","0.0000","15700","4083000","260.0637"
"20190531","01","12","    77220","JP3293700005","714.0000","717.0000","713.0000","715.0000","714.0000","714.0000","702.0000","706.0000","714.0000","717.0000","702.0000","706.0000"," ","0.0000","0.0000","6800","4819900","708.8088"
"20190531","01","12","    77260","JP3272800008","993.0000","993.0000","975.0000","992.0000","991.0000","991.0000","975.0000","975.0000","993.0000","993.0000","975.0000","975.0000"," ","0.0000","0.0000","8300","8156900","982.7590"
"20190531","01","12","    77460","JP3193000001","200.0000","201.0000","195.0000","196.0000","197.0000","198.0000","190.0000","191.0000","200.0000","201.0000","190.0000","191.0000"," ","0.0000","0.0000","1461700","284305900","194.5036"
"20190531","01","12","    77480","JP3853250003","1840.0000","1840.0000","1796.0000","1813.0000","1807.0000","1824.0000","1793.0000","1793.0000","1840.0000","1840.0000","1793.0000","1793.0000"," ","0.0000","0.0000","23000","41512400","1804.8870"
"20190531","01","12","    77490","JP3921060004","5860.0000","5910.0000","5860.0000","5910.0000","5860.0000","5860.0000","5860.0000","5860.0000","5860.0000","5910.0000","5860.0000","5860.0000"," ","0.0000","0.0000","800","4712000","5890.0000"
"20190531","01","12","    77580","JP3421400007","0.0000","0.0000","0.0000","0.0000","0.0000","0.0000","0.0000","0.0000","0.0000","0.0000","0.0000","0.0000"," ","0.0000","0.0000","0","0","0.0000"
"20190531","01","12","    77600","JP3100760002","403.0000","406.0000","398.0000","401.0000","400.0000","400.0000","392.0000","393.0000","403.0000","406.0000","392.0000","393.0000"," ","0.0000","0.0000","28000","11179600","399.2714"
"20190531","01","12","    77680","JP3386200004","3490.0000","3490.0000","3490.0000","3490.0000","0.0000","0.0000","0.0000","0.0000","3490.0000","3490.0000","3490.0000","3490.0000"," ","0.0000","0.0000","100","349000","3490.0000"
"20190531","01","12","    77710","JP3723600007","102.0000","104.0000","101.0000","104.0000","103.0000","103.0000","99.0000","99.0000","102.0000","104.0000","99.0000","99.0000"," ","0.0000","0.0000","68600","6965100","101.5321"
"20190531","01","12","    77740","JP3389610001","937.0000","941.0000","925.0000","930.0000","929.0000","933.0000","917.0000","921.0000","937.0000","941.0000","917.0000","921.0000"," ","0.0000","0.0000","38400","35567500","926.2370"
"20190531","01","12","    77760","JP3423530009","617.0000","620.0000","608.0000","612.0000","615.0000","615.0000","608.0000","609.0000","617.0000","620.0000","608.0000","609.0000"," ","0.0000","0.0000","55000","33640100","611.6382"
"20190531","01","12","    77770","JP3410730000","499.0000","508.0000","490.0000","504.0000","504.0000","507.0000","494.0000","495.0000","499.0000","508.0000","490.0000","495.0000"," ","0.0000","0.0000","277000","138158400","498.7668"
"20190531","01","12","    77780","JP3122390002","0.0000","0.0000","0.0000","0.0000","0.0000","0.0000","0.0000","0.0000","0.0000","0.0000","0.0000","0.0000"," ","0.0000","0.0000","0","0","0.0000"
"20190531","01","12","    77790","JP3311530004","590.0000","593.0000","576.0000","587.0000","583.0000","588.0000","575.0000","578.0000","590.0000","593.0000","575.0000","578.0000"," ","0.0000","0.0000","902200","525183800","582.1146"
"20190531","01","12","    77810","JP3796100000","2879.0000","2879.0000","2826.0000","2826.0000","2826.0000","2827.0000","2826.0000","2826.0000","2879.0000","2879.0000","2826.0000","2826.0000"," ","0.0000","0.0000","1200","3407500","2839.5833"
"20190531","01","12","    78050","JP3833250008","619.0000","627.0000","616.0000","621.0000","621.0000","622.0000","616.0000","618.0000","619.0000","627.0000","616.0000","618.0000"," ","0.0000","0.0000","21200","13130100","619.3443"
"20190531","01","12","    78060","JP3167430002","1696.0000","1700.0000","1631.0000","1657.0000","1650.0000","1655.0000","1628.0000","1643.0000","1696.0000","1700.0000","1628.0000","1643.0000"," ","0.0000","0.0000","229500","378184000","1647.8606"
"20190531","01","12","    78070","JP3292900002","1679.0000","1769.0000","1621.0000","1661.0000","1654.0000","1678.0000","1582.0000","1582.0000","1679.0000","1769.0000","1582.0000","1582.0000"," ","0.0000","0.0000","53300","89623100","1681.4841"
"20190531","01","12","    78080","JP3346520004","1030.0000","1030.0000","1030.0000","1030.0000","1030.0000","1030.0000","1030.0000","1030.0000","1030.0000","1030.0000","1030.0000","1030.0000"," ","0.0000","0.0000","600","618000","1030.0000"
"20190531","01","12","    78090","JP3299810006","1488.0000","1495.0000","1488.0000","1495.0000","1485.0000","1485.0000","1485.0000","1485.0000","1488.0000","1495.0000","1485.0000","1485.0000"," ","0.0000","0.0000","600","893200","1488.6667"
"20190531","01","12","    78100","JP3272650007","323.0000","324.0000","320.0000","323.0000","323.0000","323.0000","320.0000","320.0000","323.0000","324.0000","320.0000","320.0000"," ","0.0000","0.0000","16600","5336700","321.4880"
"20190531","01","12","    78120","JP3271150009","1227.0000","1227.0000","1218.0000","1227.0000","1227.0000","1228.0000","1218.0000","1218.0000","1227.0000","1228.0000","1218.0000","1218.0000"," ","0.0000","0.0000","5000","6109500","1221.9000"
"20190531","01","12","    78130","JP3832900009","824.0000","828.0000","821.0000","823.0000","827.0000","827.0000","822.0000","824.0000","824.0000","828.0000","821.0000","824.0000"," ","0.0000","0.0000","1800","1483200","824.0000"
"20190531","01","12","    78140","JP3726500006","804.0000","807.0000","793.0000","807.0000","805.0000","811.0000","805.0000","810.0000","804.0000","811.0000","793.0000","810.0000"," ","0.0000","0.0000","16700","13437000","804.6108"
"20190531","01","12","    78150","JP3588800007","0.0000","0.0000","0.0000","0.0000","0.0000","0.0000","0.0000","0.0000","0.0000","0.0000","0.0000","0.0000"," ","0.0000","0.0000","0","0","0.0000"
"20190531","01","12","    78260","JP3828850002","3710.0000","3720.0000","3565.0000","3580.0000","3560.0000","3585.0000","3475.0000","3490.0000","3710.0000","3720.0000","3475.0000","3490.0000"," ","0.0000","0.0000","82900","296266500","3573.7817"
"20190531","01","12","    78270","JP3173300009","670.0000","671.0000","670.0000","671.0000","0.0000","0.0000","0.0000","0.0000","670.0000","671.0000","670.0000","671.0000"," ","0.0000","0.0000","500","335200","670.4000"
"20190531","01","12","    78290","JP3322830005","246.0000","246.0000","243.0000","243.0000","243.0000","245.0000","242.0000","242.0000","246.0000","246.0000","242.0000","242.0000"," ","0.0000","0.0000","8700","2119500","243.6207"
"20190531","01","12","    78310","JP3154170009","138.0000","139.0000","134.0000","136.0000","137.0000","137.0000","134.0000","134.0000","138.0000","139.0000","134.0000","134.0000"," ","0.0000","0.0000","90300","12302200","136.2370"
"20190531","01","12","    78340","JP3878180003","129.0000","141.0000","126.0000","129.0000","129.0000","132.0000","128.0000","129.0000","129.0000","141.0000","126.0000","129.0000"," ","0.0000","0.0000","322900","42835300","132.6581"
"20190531","01","12","    78360","JP3122530003","105.0000","105.0000","102.0000","103.0000","104.0000","104.0000","102.0000","103.0000","105.0000","105.0000","102.0000","103.0000"," ","0.0000","0.0000","54500","5607500","102.8899"
"20190531","01","12","    78370","JP3100450000","998.0000","998.0000","998.0000","998.0000","987.0000","987.0000","983.0000","983.0000","998.0000","998.0000","983.0000","983.0000"," ","0.0000","0.0000","600","592200","987.0000"
"20190531","01","12","    78410","JP3169700006","572.0000","572.0000","567.0000","567.0000","575.0000","575.0000","569.0000","569.0000","572.0000","575.0000","567.0000","569.0000"," ","0.0000","0.0000","4200","2401900","571.8810"
"20190531","01","12","    78470","JP3273850002","472.0000","472.0000","467.0000","467.0000","0.0000","0.0000","0.0000","0.0000","472.0000","472.0000","467.0000","467.0000"," ","0.0000","0.0000","600","281700","469.5000"
"20190531","01","12","    78490","JP3399210008","2670.0000","2670.0000","2670.0000","2670.0000","2660.0000","2660.0000","2570.0000","2570.0000","2670.0000","2670.0000","2570.0000","2570.0000"," ","0.0000","0.0000","600","1574000","2623.3333"
"20190531","01","12","    78500","JP3432000002","840.0000","840.0000","839.0000","839.0000","826.0000","830.0000","818.0000","830.0000","840.0000","840.0000","818.0000","830.0000"," ","0.0000","0.0000","1600","1337800","836.1250"
"20190531","01","12","    78510","JP3225850001","318.0000","318.0000","309.0000","314.0000","314.0000","315.0000","312.0000","313.0000","318.0000","318.0000","309.0000","313.0000"," ","0.0000","0.0000","13700","4285600","312.8175"
"20190531","01","12","    78550","JP3204800001","759.0000","765.0000","756.0000","762.0000","756.0000","756.0000","740.0000","741.0000","759.0000","765.0000","740.0000","741.0000"," ","0.0000","0.0000","17200","12896800","749.8140"
"20190531","01","12","    78570","JP3419200005","0.0000","0.0000","0.0000","0.0000","0.0000","0.0000","0.0000","0.0000","0.0000","0.0000","0.0000","0.0000"," ","0.0000","0.0000","0","0","0.0000"
"20190531","01","12","    78590","JP3126520000","150.0000","151.0000","149.0000","150.0000","150.0000","151.0000","149.0000","150.0000","150.0000","151.0000","149.0000","150.0000"," ","0.0000","0.0000","102100","15275700","149.6151"
"20190531","01","12","    78630","JP3795100001","372.0000","372.0000","365.0000","372.0000","372.0000","372.0000","371.0000","372.0000","372.0000","372.0000","365.0000","372.0000"," ","0.0000","0.0000","7300","2708400","371.0137"
"20190531","01","12","    78650","JP3801560008","1171.0000","1174.0000","1171.0000","1174.0000","1173.0000","1174.0000","1169.0000","1173.0000","1171.0000","1174.0000","1169.0000","1173.0000"," ","0.0000","0.0000","1000","1172600","1172.6000"
"20190531","01","12","    78690","JP3749150003","2040.0000","2040.0000","2000.0000","2000.0000","1960.0000","1960.0000","1960.0000","1960.0000","2040.0000","2040.0000","1960.0000","1960.0000"," ","0.0000","0.0000","600","1205000","2008.3333"
"20190531","01","12","    78710","JP3806720003","574.0000","588.0000","571.0000","571.0000","0.0000","0.0000","0.0000","0.0000","574.0000","588.0000","571.0000","571.0000"," ","0.0000","0.0000","5100","2936000","575.6863"
"20190531","01","12","    78750","JP3462700000","582.0000","596.0000","582.0000","596.0000","590.0000","590.0000","586.0000","586.0000","582.0000","596.0000","582.0000","586.0000"," ","0.0000","0.0000","1800","1060200","589.0000"
"20190531","01","12","    78770","JP3160760009","1603.0000","1603.0000","1603.0000","1603.0000","0.0000","0.0000","0.0000","0.0000","1603.0000","1603.0000","1603.0000","1603.0000"," ","0.0000","0.0000","100","160300","1603.0000"
"20190531","01","12","    78780","JP3287600005","2077.0000","2077.0000","2077.0000","2077.0000","2080.0000","2080.0000","2027.0000","2027.0000","2077.0000","2080.0000","2027.0000","2027.0000"," ","0.0000","0.0000","500","1033800","2067.6000"
"20190531","01","12","    78790","JP3761700008","757.0000","764.0000","754.0000","764.0000","767.0000","787.0000","767.0000","771.0000","757.0000","787.0000","754.0000","771.0000"," ","0.0000","0.0000","1700","1301000","765.2941"
"20190531","01","12","    78830","JP3337150001","387.0000","387.0000","383.0000","384.0000","383.0000","383.0000","382.0000","382.0000","387.0000","387.0000","382.0000","382.0000"," ","0.0000","0.0000","1400","537800","384.1429"
"20190531","01","12","    78860","JP3939800003","697.0000","697.0000","677.0000","677.0000","660.0000","668.0000","658.0000","658.0000","697.0000","697.0000","658.0000","658.0000"," ","0.0000","0.0000","2000","1340800","670.4000"
"20190531","01","12","    78870","JP3653200000","6100.0000","6100.0000","6070.0000","6070.0000","6000.0000","6000.0000","6000.0000","6000.0000","6100.0000","6100.0000","6000.0000","6000.0000"," ","0.0000","0.0000","600","3639000","6065.0000"
"20190531","01","12","    78910","JP3754400004","1416.0000","1416.0000","1400.0000","1400.0000","0.0000","0.0000","0.0000","0.0000","1416.0000","1416.0000","1400.0000","1400.0000"," ","0.0000","0.0000","200","281600","1408.0000"
"20190531","01","12","    78950","JP3514000003","290.0000","296.0000","290.0000","295.0000","296.0000","312.0000","295.0000","305.0000","290.0000","312.0000","290.0000","305.0000"," ","0.0000","0.0000","18100","5400700","298.3812"
"20190531","01","12","    78960","JP3423200009","0.0000","0.0000","0.0000","0.0000","0.0000","0.0000","0.0000","0.0000","0.0000","0.0000","0.0000","0.0000"," ","0.0000","0.0000","0","0","0.0000"
"20190531","01","12","    78990","JP3195400001","326.0000","326.0000","319.0000","325.0000","325.0000","325.0000","317.0000","317.0000","326.0000","326.0000","317.0000","317.0000"," ","0.0000","0.0000","2400","775600","323.1667"
"20190531","01","12","    79010","JP3868900006","0.0000","0.0000","0.0000","0.0000","0.0000","0.0000","0.0000","0.0000","0.0000","0.0000","0.0000","0.0000"," ","0.0000","0.0000","0","0","0.0000"
"20190531","01","12","    79020","JP3435900000","0.0000","0.0000","0.0000","0.0000","780.0000","780.0000","780.0000","780.0000","780.0000","780.0000","780.0000","780.0000"," ","0.0000","0.0000","100","78000","780.0000"
"20190531","01","12","    79060","JP3960000002","660.0000","660.0000","645.0000","648.0000","648.0000","648.0000","641.0000","645.0000","660.0000","660.0000","641.0000","645.0000"," ","0.0000","0.0000","59700","38735700","648.8392"
"20190531","01","12","    79190","JP3760600001","232.0000","233.0000","228.0000","233.0000","231.0000","232.0000","228.0000","230.0000","232.0000","233.0000","228.0000","230.0000"," ","0.0000","0.0000","74500","17133700","229.9826"
"20190531","01","12","    79220","JP3331000004","384.0000","384.0000","384.0000","384.0000","376.0000","376.0000","376.0000","376.0000","384.0000","384.0000","376.0000","376.0000"," ","0.0000","0.0000","2400","905600","377.3333"
"20190531","01","12","    79230","JP3552210001","513.0000","513.0000","509.0000","509.0000","512.0000","512.0000","512.0000","512.0000","513.0000","513.0000","509.0000","512.0000"," ","0.0000","0.0000","1200","614300","511.9167"
"20190531","01","12","    79270","JP3913400002","480.0000","483.0000","475.0000","480.0000","480.0000","480.0000","475.0000","480.0000","480.0000","483.0000","475.0000","480.0000"," ","0.0000","0.0000","9700","4655700","479.9691"
"20190531","01","12","    79280","JP3111000000","0.0000","0.0000","0.0000","0.0000","414.0000","414.0000","408.0000","408.0000","414.0000","414.0000","408.0000","408.0000"," ","0.0000","0.0000","900","369400","410.4444"
"20190531","01","12","    79320","JP3685200002","2988.0000","3020.0000","2985.0000","3020.0000","3010.0000","3010.0000","2996.0000","2996.0000","2988.0000","3020.0000","2985.0000","2996.0000"," ","0.0000","0.0000","1000","2999100","2999.1000"
"20190531","01","12","    79380","JP3969200009","2626.0000","2626.0000","2626.0000","2626.0000","2625.0000","2626.0000","2625.0000","2626.0000","2626.0000","2626.0000","2625.0000","2626.0000"," ","0.0000","0.0000","800","2100600","2625.7500"
"20190531","01","12","    79390","JP3282000003","399.0000","399.0000","399.0000","399.0000","399.0000","399.0000","397.0000","397.0000","399.0000","399.0000","397.0000","397.0000"," ","0.0000","0.0000","900","358900","398.7778"
"20190531","01","12","    79450","JP3305500005","1399.0000","1412.0000","1399.0000","1400.0000","1401.0000","1401.0000","1384.0000","1384.0000","1399.0000","1412.0000","1384.0000","1384.0000"," ","0.0000","0.0000","4000","5595400","1398.8500"
"20190531","01","12","    79460","JP3292000001","855.0000","869.0000","853.0000","869.0000","854.0000","869.0000","841.0000","841.0000","855.0000","869.0000","841.0000","841.0000"," ","0.0000","0.0000","2500","2136400","854.5600"
"20190531","01","12","    79530","JP3236600007","384.0000","384.0000","384.0000","384.0000","381.0000","381.0000","377.0000","377.0000","384.0000","384.0000","377.0000","377.0000"," ","0.0000","0.0000","6500","2470100","380.0154"
"20190531","01","12","    79570","JP3813400003","1980.0000","1980.0000","1980.0000","1980.0000","1980.0000","1980.0000","1980.0000","1980.0000","1980.0000","1980.0000","1980.0000","1980.0000"," ","0.0000","0.0000","200","396000","1980.0000"
"20190531","01","12","    79630","JP3286600006","0.0000","0.0000","0.0000","0.0000","1305.0000","1308.0000","1296.0000","1308.0000","1305.0000","1308.0000","1296.0000","1308.0000"," ","0.0000","0.0000","700","910400","1300.5714"
"20190531","01","12","    79750","JP3974600003","0.0000","0.0000","0.0000","0.0000","1990.0000","1990.0000","1990.0000","1990.0000","1990.0000","1990.0000","1990.0000","1990.0000"," ","0.0000","0.0000","200","398000","1990.0000"
"20190531","01","12","    79800","JP3349200000","0.0000","0.0000","0.0000","0.0000","679.0000","683.0000","679.0000","683.0000","679.0000","683.0000","679.0000","683.0000"," ","0.0000","0.0000","1300","883900","679.9231"
"20190531","01","12","    79830","JP3910800006","1925.0000","1925.0000","1925.0000","1925.0000","1916.0000","1925.0000","1916.0000","1925.0000","1925.0000","1925.0000","1916.0000","1925.0000"," ","0.0000","0.0000","700","1346600","1923.7143"
"20190531","01","12","    79850","JP3758400000","0.0000","0.0000","0.0000","0.0000","1498.0000","1498.0000","1498.0000","1498.0000","1498.0000","1498.0000","1498.0000","1498.0000"," ","0.0000","0.0000","3400","5093200","1498.0000"
"20190531","01","12","    79860","JP3261600005","1033.0000","1033.0000","1033.0000","1033.0000","1027.0000","1032.0000","1013.0000","1032.0000","1033.0000","1033.0000","1013.0000","1032.0000"," ","0.0000","0.0000","900","922600","1025.1111"
"20190531","01","12","    79910","JP3870300005","943.0000","943.0000","943.0000","943.0000","948.0000","962.0000","945.0000","945.0000","943.0000","962.0000","943.0000","945.0000"," ","0.0000","0.0000","7100","6713900","945.6197"
"20190531","01","12","    79920","JP3413400007","189.0000","189.0000","187.0000","187.0000","187.0000","187.0000","183.0000","183.0000","189.0000","189.0000","183.0000","183.0000"," ","0.0000","0.0000","6900","1291000","187.1014"
"20190531","01","12","    79970","JP3272000005","939.0000","940.0000","938.0000","938.0000","939.0000","940.0000","938.0000","938.0000","939.0000","940.0000","938.0000","938.0000"," ","0.0000","0.0000","1400","1314700","939.0714"
"20190531","01","12","    80060","JP3946000001","3690.0000","3690.0000","3690.0000","3690.0000","3680.0000","3690.0000","3665.0000","3690.0000","3690.0000","3690.0000","3665.0000","3690.0000"," ","0.0000","0.0000","1300","4793000","3686.9231"
"20190531","01","12","    80230","JP3483000000","529.0000","529.0000","515.0000","521.0000","518.0000","521.0000","513.0000","514.0000","529.0000","529.0000","513.0000","514.0000"," ","0.0000","0.0000","37200","19280100","518.2823"
"20190531","01","12","    80300","JP3514600000","0.0000","0.0000","0.0000","0.0000","0.0000","0.0000","0.0000","0.0000","0.0000","0.0000","0.0000","0.0000"," ","0.0000","0.0000","0","0","0.0000"
"20190531","01","12","    80390","JP3532600008","1040.0000","1040.0000","1040.0000","1040.0000","1030.0000","1041.0000","1030.0000","1041.0000","1040.0000","1041.0000","1030.0000","1041.0000"," ","0.0000","0.0000","900","932500","1036.1111"
"20190531","01","12","    80400","JP3582200006","914.0000","914.0000","914.0000","914.0000","914.0000","914.0000","901.0000","901.0000","914.0000","914.0000","901.0000","901.0000"," ","0.0000","0.0000","3300","2991100","906.3939"
"20190531","01","12","    80440","JP3487800009","0.0000","0.0000","0.0000","0.0000","931.0000","931.0000","931.0000","931.0000","931.0000","931.0000","931.0000","931.0000"," ","0.0000","0.0000","300","279300","931.0000"
"20190531","01","12","    80450","JP3956600005","836.0000","836.0000","828.0000","830.0000","836.0000","836.0000","809.0000","829.0000","836.0000","836.0000","809.0000","829.0000"," ","0.0000","0.0000","3300","2736000","829.0909"
"20190531","01","12","    80460","JP3877200000","2241.0000","2241.0000","2239.0000","2239.0000","2230.0000","2239.0000","2230.0000","2239.0000","2241.0000","2241.0000","2230.0000","2239.0000"," ","0.0000","0.0000","1300","2907200","2236.3077"
"20190531","01","12","    80660","JP3886800006","5660.0000","5660.0000","5620.0000","5630.0000","5630.0000","5630.0000","5630.0000","5630.0000","5660.0000","5660.0000","5620.0000","5630.0000"," ","0.0000","0.0000","900","5078000","5642.2222"
"20190531","01","12","    80720","JP3714000001","0.0000","0.0000","0.0000","0.0000","0.0000","0.0000","0.0000","0.0000","0.0000","0.0000","0.0000","0.0000"," ","0.0000","0.0000","0","0","0.0000"
"20190531","01","12","    80850","JP3651800009","1689.0000","1689.0000","1689.0000","1689.0000","0.0000","0.0000","0.0000","0.0000","1689.0000","1689.0000","1689.0000","1689.0000"," ","0.0000","0.0000","100","168900","1689.0000"
"20190531","01","12","    81050","JP3875200002","82.0000","82.0000","81.0000","82.0000","82.0000","82.0000","80.0000","80.0000","82.0000","82.0000","80.0000","80.0000"," ","0.0000","0.0000","125500","10219000","81.4263"
"20190531","01","12","    81150","JP3912400003","840.0000","873.0000","836.0000","851.0000","850.0000","852.0000","829.0000","829.0000","840.0000","873.0000","829.0000","829.0000"," ","0.0000","0.0000","6200","5242800","845.6129"
"20190531","01","12","    81170","JP3515400004","1780.0000","1804.0000","1780.0000","1795.0000","1798.0000","1799.0000","1766.0000","1770.0000","1780.0000","1804.0000","1766.0000","1770.0000"," ","0.0000","0.0000","14200","25355400","1785.5915"
"20190531","01","12","    81190","JP3324800006","3045.0000","3045.0000","3045.0000","3045.0000","3040.0000","3040.0000","3040.0000","3040.0000","3045.0000","3045.0000","3040.0000","3040.0000"," ","0.0000","0.0000","400","1217500","3043.7500"
"20190531","01","12","    81230","JP3227000001","0.0000","0.0000","0.0000","0.0000","0.0000","0.0000","0.0000","0.0000","0.0000","0.0000","0.0000","0.0000"," ","0.0000","0.0000","0","0","0.0000"
"20190531","01","12","    81350","JP3427000009","217.0000","217.0000","213.0000","213.0000","213.0000","214.0000","212.0000","213.0000","217.0000","217.0000","212.0000","213.0000"," ","0.0000","0.0000","36800","7855300","213.4592"
"20190531","01","12","    81380","JP3327200006","0.0000","0.0000","0.0000","0.0000","0.0000","0.0000","0.0000","0.0000","0.0000","0.0000","0.0000","0.0000"," ","0.0000","0.0000","0","0","0.0000"
"20190531","01","12","    81390","JP3648600009","209.0000","209.0000","208.0000","208.0000","208.0000","208.0000","208.0000","208.0000","209.0000","209.0000","208.0000","208.0000"," ","0.0000","0.0000","1100","229000","208.1818"
"20190531","01","12","    81430","JP3968200000","759.0000","759.0000","749.0000","749.0000","748.0000","748.0000","709.0000","716.0000","759.0000","759.0000","709.0000","716.0000"," ","0.0000","0.0000","3400","2473800","727.5882"
"20190531","01","12","    81440","JP3550400000","0.0000","0.0000","0.0000","0.0000","0.0000","0.0000","0.0000","0.0000","0.0000","0.0000","0.0000","0.0000"," ","0.0000","0.0000","0","0","0.0000"
"20190531","01","12","    81470","JP3630600009","0.0000","0.0000","0.0000","0.0000","0.0000","0.0000","0.0000","0.0000","0.0000","0.0000","0.0000","0.0000"," ","0.0000","0.0000","0","0","0.0000"
"20190531","01","12","    81520","JP3436200004","1801.0000","1801.0000","1801.0000","1801.0000","1801.0000","1801.0000","1791.0000","1791.0000","1801.0000","1801.0000","1791.0000","1791.0000"," ","0.0000","0.0000","900","1619700","1799.6667"
"20190531","01","12","    81570","JP3533800003","1108.0000","1145.0000","1108.0000","1118.0000","1119.0000","1129.0000","1112.0000","1112.0000","1108.0000","1145.0000","1108.0000","1112.0000"," ","0.0000","0.0000","77000","85966700","1116.4506"
"20190531","01","12","    81670","JP3873200004","1164.0000","1164.0000","1144.0000","1147.0000","1147.0000","1155.0000","1142.0000","1147.0000","1164.0000","1164.0000","1142.0000","1147.0000"," ","0.0000","0.0000","3200","3674200","1148.1875"
"20190531","01","12","    81860","JP3188000008","255.0000","256.0000","249.0000","249.0000","249.0000","252.0000","245.0000","246.0000","255.0000","256.0000","245.0000","246.0000"," ","0.0000","0.0000","1647900","410731700","249.2455"
"20190531","01","12","    81980","JP3930400001","1998.0000","1998.0000","1913.0000","1958.0000","1959.0000","1970.0000","1944.0000","1944.0000","1998.0000","1998.0000","1913.0000","1944.0000"," ","0.0000","0.0000","17100","33321400","1948.6199"
"20190531","01","12","    82020","JP3967000005","302.0000","308.0000","298.0000","305.0000","305.0000","307.0000","300.0000","300.0000","302.0000","308.0000","298.0000","300.0000"," ","0.0000","0.0000","366700","111137000","303.0734"
"20190531","01","12","    82050","JP3712800006","0.0000","0.0000","0.0000","0.0000","0.0000","0.0000","0.0000","0.0000","0.0000","0.0000","0.0000","0.0000"," ","0.0000","0.0000","0","0","0.0000"
"20190531","01","12","    82080","JP3169200007","0.0000","0.0000","0.0000","0.0000","0.0000","0.0000","0.0000","0.0000","0.0000","0.0000","0.0000","0.0000"," ","0.0000","0.0000","0","0","0.0000"
"20190531","01","12","    82090","JP3829200009","0.0000","0.0000","0.0000","0.0000","1521.0000","1521.0000","1521.0000","1521.0000","1521.0000","1521.0000","1521.0000","1521.0000"," ","0.0000","0.0000","200","304200","1521.0000"
"20190531","01","12","    82150","JP3265000004","1684.0000","1684.0000","1684.0000","1684.0000","1675.0000","1675.0000","1675.0000","1675.0000","1684.0000","1684.0000","1675.0000","1675.0000"," ","0.0000","0.0000","400","670900","1677.2500"
"20190531","01","12","    82250","JP3457700007","1680.0000","1680.0000","1655.0000","1680.0000","1656.0000","1680.0000","1654.0000","1654.0000","1680.0000","1680.0000","1654.0000","1654.0000"," ","0.0000","0.0000","1800","2989900","1661.0556"
"20190531","01","12","    82260","JP3970400002","200.0000","203.0000","200.0000","203.0000","203.0000","206.0000","201.0000","202.0000","200.0000","206.0000","200.0000","202.0000"," ","0.0000","0.0000","216800","43879600","202.3967"
"20190531","01","12","    82470","JP3500200005","557.0000","557.0000","551.0000","557.0000","554.0000","554.0000","554.0000","554.0000","557.0000","557.0000","551.0000","554.0000"," ","0.0000","0.0000","900","497800","553.1111"
"20190531","01","12","    82490","JP3619200003","1242.0000","1249.0000","1242.0000","1245.0000","1249.0000","1278.0000","1245.0000","1250.0000","1242.0000","1278.0000","1242.0000","1250.0000"," ","0.0000","0.0000","27900","34844300","1248.8996"
"20190531","01","12","    82540","JP3310400001","325.0000","337.0000","309.0000","329.0000","328.0000","339.0000","317.0000","339.0000","325.0000","339.0000","309.0000","339.0000"," ","0.0000","0.0000","84200","27256000","323.7055"
"20190531","01","12","    82560","JP3833800000","80.0000","81.0000","80.0000","81.0000","80.0000","81.0000","80.0000","80.0000","80.0000","81.0000","80.0000","80.0000"," ","0.0000","0.0000","87400","6995100","80.0355"
"20190531","01","12","    82570","JP3342400003","0.0000","0.0000","0.0000","0.0000","0.0000","0.0000","0.0000","0.0000","0.0000","0.0000","0.0000","0.0000"," ","0.0000","0.0000","0","0","0.0000"
"20190531","01","12","    82870","JP3864900000","1742.0000","1742.0000","1739.0000","1739.0000","1736.0000","1739.0000","1727.0000","1737.0000","1742.0000","1742.0000","1727.0000","1737.0000"," ","0.0000","0.0000","1700","2949300","1734.8824"
"20190531","01","12","    82980","JP3802500003","408.0000","408.0000","404.0000","404.0000","403.0000","403.0000","403.0000","403.0000","408.0000","408.0000","403.0000","403.0000"," ","0.0000","0.0000","1600","650300","406.4375"
"20190531","01","12","    83010","JP3699200006","0.0000","0.0000","0.0000","0.0000","0.0000","0.0000","0.0000","0.0000","0.0000","0.0000","0.0000","0.0000"," ","0.0000","0.0000","0","0","0.0000"
"20190531","01","12","    84620","JP3826250007","558.0000","650.0000","542.0000","585.0000","586.0000","650.0000","586.0000","607.0000","558.0000","650.0000","542.0000","607.0000"," ","0.0000","0.0000","1976900","1219375600","616.8120"
"20190531","01","12","    85080","JP3142350002","493.0000","495.0000","485.0000","488.0000","490.0000","490.0000","482.0000","484.0000","493.0000","495.0000","482.0000","484.0000"," ","0.0000","0.0000","332800","162161100","487.2629"
"20190531","01","12","    86990","JP3160790006","878.0000","908.0000","861.0000","875.0000","871.0000","876.0000","852.0000","854.0000","878.0000","908.0000","852.0000","854.0000"," ","0.0000","0.0000","76000","66447800","874.3132"
"20190531","01","12","    87000","JP3876750005","981.0000","981.0000","981.0000","981.0000","981.0000","981.0000","965.0000","965.0000","981.0000","981.0000","965.0000","965.0000"," ","0.0000","0.0000","500","486200","972.4000"
"20190531","01","12","    87040","JP3637250006","73.0000","73.0000","72.0000","72.0000","72.0000","73.0000","71.0000","71.0000","73.0000","73.0000","71.0000","71.0000"," ","0.0000","0.0000","882100","63580100","72.0781"
"20190531","01","12","    87050","JP3191550007","184.0000","185.0000","180.0000","184.0000","182.0000","184.0000","181.0000","181.0000","184.0000","185.0000","180.0000","181.0000"," ","0.0000","0.0000","61700","11238600","182.1491"
"20190531","01","12","    87090","JP3289700001","878.0000","878.0000","874.0000","878.0000","878.0000","878.0000","875.0000","875.0000","878.0000","878.0000","874.0000","875.0000"," ","0.0000","0.0000","500","438300","876.6000"
"20190531","01","12","    87370","JP3292300005","299.0000","301.0000","292.0000","294.0000","293.0000","294.0000","291.0000","291.0000","299.0000","301.0000","291.0000","291.0000"," ","0.0000","0.0000","119700","35363100","295.4311"
"20190531","01","12","    87400","JP3820620007","181.0000","181.0000","176.0000","178.0000","179.0000","210.0000","179.0000","181.0000","181.0000","210.0000","176.0000","181.0000"," ","0.0000","0.0000","537100","104643700","194.8309"
"20190531","01","12","    87460","JP3475600007","152.0000","152.0000","151.0000","152.0000","151.0000","161.0000","145.0000","145.0000","152.0000","161.0000","145.0000","145.0000"," ","0.0000","0.0000","150600","23075700","153.2251"
"20190531","01","12","    87470","JP3949000008","395.0000","395.0000","395.0000","395.0000","393.0000","401.0000","393.0000","394.0000","395.0000","401.0000","393.0000","394.0000"," ","0.0000","0.0000","3700","1462300","395.2162"
"20190531","01","12","    87830","JP3273830004","356.0000","365.0000","343.0000","353.0000","354.0000","360.0000","339.0000","341.0000","356.0000","365.0000","339.0000","341.0000"," ","0.0000","0.0000","287600","101320800","352.2976"
"20190531","01","12","    87890","JP3802830004","104.0000","104.0000","101.0000","101.0000","102.0000","104.0000","101.0000","101.0000","104.0000","104.0000","101.0000","101.0000"," ","0.0000","0.0000","1892600","194006200","102.5078"
"20190531","01","12","    88360","JP3794400006","22.0000","22.0000","21.0000","22.0000","22.0000","22.0000","21.0000","22.0000","22.0000","22.0000","21.0000","22.0000"," ","0.0000","0.0000","46900","1031100","21.9851"
"20190531","01","12","    88440","JP3970200006","518.0000","518.0000","514.0000","516.0000","515.0000","517.0000","510.0000","510.0000","518.0000","518.0000","510.0000","510.0000"," ","0.0000","0.0000","11800","6072500","514.6186"
"20190531","01","12","    88540","JP3661900005","1868.0000","1868.0000","1868.0000","1868.0000","1868.0000","1868.0000","1868.0000","1868.0000","1868.0000","1868.0000","1868.0000","1868.0000"," ","0.0000","0.0000","300","560400","1868.0000"
"20190531","01","12","    88850","JP3965200003","678.0000","678.0000","675.0000","677.0000","678.0000","678.0000","670.0000","675.0000","678.0000","678.0000","670.0000","675.0000"," ","0.0000","0.0000","15100","10190700","674.8808"
"20190531","01","12","    88860","JP3157300009","2567.0000","2567.0000","2500.0000","2554.0000","2554.0000","2554.0000","2554.0000","2554.0000","2567.0000","2567.0000","2500.0000","2554.0000"," ","0.0000","0.0000","1000","2525100","2525.1000"
"20190531","01","12","    88870","JP3974800009","815.0000","816.0000","803.0000","808.0000","802.0000","806.0000","791.0000","791.0000","815.0000","816.0000","791.0000","791.0000"," ","0.0000","0.0000","29400","23634900","803.9082"
"20190531","01","12","    88890","JP3122510005","773.0000","774.0000","757.0000","769.0000","770.0000","770.0000","759.0000","761.0000","773.0000","774.0000","757.0000","761.0000"," ","0.0000","0.0000","23400","17900600","764.9829"
"20190531","01","12","    88900","JP3979100009","915.0000","918.0000","907.0000","910.0000","910.0000","914.0000","906.0000","908.0000","915.0000","918.0000","906.0000","908.0000"," ","0.0000","0.0000","75900","69126600","910.7589"
"20190531","01","12","    88910","JP3167440001","620.0000","629.0000","620.0000","628.0000","630.0000","630.0000","621.0000","621.0000","620.0000","630.0000","620.0000","621.0000"," ","0.0000","0.0000","5700","3558300","624.2632"
"20190531","01","12","    88930","JP3381600000","351.0000","372.0000","351.0000","370.0000","366.0000","372.0000","364.0000","369.0000","351.0000","372.0000","351.0000","369.0000"," ","0.0000","0.0000","1150400","419996500","365.0874"
"20190531","01","12","    88940","JP3772300004","10.0000","10.0000","10.0000","10.0000","10.0000","11.0000","10.0000","10.0000","10.0000","11.0000","10.0000","10.0000"," ","0.0000","0.0000","135600","1366000","10.0737"
"20190531","01","12","    88980","JP3424880007","1180.0000","1180.0000","1120.0000","1171.0000","1171.0000","1171.0000","1150.0000","1150.0000","1180.0000","1180.0000","1120.0000","1150.0000"," ","0.0000","0.0000","16700","19243000","1152.2754"
"20190531","01","12","    89030","JP3324450000","473.0000","474.0000","471.0000","471.0000","471.0000","474.0000","470.0000","471.0000","473.0000","474.0000","470.0000","471.0000"," ","0.0000","0.0000","5100","2401000","470.7843"
"20190531","01","12","    89090","JP3354100004","848.0000","863.0000","825.0000","832.0000","833.0000","837.0000","816.0000","820.0000","848.0000","863.0000","816.0000","820.0000"," ","0.0000","0.0000","792500","660272400","833.1513"
"20190531","01","12","    89120","JP3167610009","124.0000","126.0000","122.0000","125.0000","125.0000","125.0000","123.0000","124.0000","124.0000","126.0000","122.0000","124.0000"," ","0.0000","0.0000","75200","9315400","123.8750"
"20190531","01","12","    89140","JP3167620008","1072.0000","1081.0000","1052.0000","1063.0000","1061.0000","1065.0000","1042.0000","1050.0000","1072.0000","1081.0000","1042.0000","1050.0000"," ","0.0000","0.0000","35600","37641600","1057.3483"
"20190531","01","12","    89220","JP3104930007","95.0000","95.0000","92.0000","93.0000","94.0000","94.0000","93.0000","94.0000","95.0000","95.0000","92.0000","94.0000"," ","0.0000","0.0000","226900","21145200","93.1917"
"20190531","01","12","    89250","JP3126160005","33.0000","34.0000","33.0000","33.0000","33.0000","34.0000","32.0000","33.0000","33.0000","34.0000","32.0000","33.0000"," ","0.0000","0.0000","458300","15134700","33.0236"
"20190531","01","12","    89270","JP3920300005","235.0000","236.0000","231.0000","232.0000","232.0000","233.0000","228.0000","231.0000","235.0000","236.0000","228.0000","231.0000"," ","0.0000","0.0000","86000","19931800","231.7651"
"20190531","01","12","    89290","JP3825750007","1486.0000","1497.0000","1436.0000","1458.0000","1458.0000","1459.0000","1440.0000","1440.0000","1486.0000","1497.0000","1436.0000","1440.0000"," ","0.0000","0.0000","101900","148292800","1455.2777"
"20190531","01","12","    89310","JP3993920002","777.0000","777.0000","772.0000","776.0000","772.0000","772.0000","764.0000","765.0000","777.0000","777.0000","764.0000","765.0000"," ","0.0000","0.0000","12300","9489300","771.4878"
"20190531","01","12","    89380","JP3984150007","1456.0000","1475.0000","1421.0000","1456.0000","1456.0000","1456.0000","1401.0000","1405.0000","1456.0000","1475.0000","1401.0000","1405.0000"," ","0.0000","0.0000","16300","23461800","1439.3742"
"20190531","01","12","    89450","JP3713400004","761.0000","765.0000","757.0000","764.0000","759.0000","766.0000","757.0000","763.0000","761.0000","766.0000","757.0000","763.0000"," ","0.0000","0.0000","3300","2509600","760.4848"
"20190531","01","12","    89460","JP3953650003","107.0000","108.0000","106.0000","108.0000","107.0000","109.0000","106.0000","106.0000","107.0000","109.0000","106.0000","106.0000"," ","0.0000","0.0000","186200","20005800","107.4425"
"20190531","01","12","    89950","JP3863070003","620.0000","637.0000","620.0000","626.0000","626.0000","626.0000","626.0000","626.0000","620.0000","637.0000","620.0000","626.0000"," ","0.0000","0.0000","2000","1256600","628.3000"
"20190531","01","12","    90120","JP3509800003","2390.0000","2390.0000","2390.0000","2390.0000","0.0000","0.0000","0.0000","0.0000","2390.0000","2390.0000","2390.0000","2390.0000"," ","0.0000","0.0000","100","239000","2390.0000"
"20190531","01","12","    90170","JP3654400005","1997.0000","1997.0000","1997.0000","1997.0000","2015.0000","2015.0000","2015.0000","2015.0000","1997.0000","2015.0000","1997.0000","2015.0000"," ","0.0000","0.0000","400","804200","2010.5000"
"20190531","01","12","    90280","JP3428870004","810.0000","825.0000","810.0000","824.0000","813.0000","818.0000","813.0000","813.0000","810.0000","825.0000","810.0000","813.0000"," ","0.0000","0.0000","3900","3166000","811.7949"
"20190531","01","12","    90290","JP3783480001","451.0000","455.0000","451.0000","455.0000","446.0000","448.0000","446.0000","446.0000","451.0000","455.0000","446.0000","446.0000"," ","0.0000","0.0000","2100","940200","447.7143"
"20190531","01","12","    90330","JP3798600007","1085.0000","1093.0000","1085.0000","1092.0000","1092.0000","1096.0000","1092.0000","1096.0000","1085.0000","1096.0000","1085.0000","1096.0000"," ","0.0000","0.0000","3700","4030900","1089.4324"
"20190531","01","12","    90340","JP3653350003","1191.0000","1191.0000","1190.0000","1190.0000","1171.0000","1171.0000","1158.0000","1165.0000","1191.0000","1191.0000","1158.0000","1165.0000"," ","0.0000","0.0000","1400","1648700","1177.6429"
"20190531","01","12","    90360","JP3598000002","0.0000","0.0000","0.0000","0.0000","1003.0000","1003.0000","1003.0000","1003.0000","1003.0000","1003.0000","1003.0000","1003.0000"," ","0.0000","0.0000","100","100300","1003.0000"
"20190531","01","12","    90490","JP3281000004","0.0000","0.0000","0.0000","0.0000","0.0000","0.0000","0.0000","0.0000","0.0000","0.0000","0.0000","0.0000"," ","0.0000","0.0000","0","0","0.0000"
"20190531","01","12","    90510","JP3424100000","669.0000","669.0000","668.0000","668.0000","650.0000","650.0000","650.0000","650.0000","669.0000","669.0000","650.0000","650.0000"," ","0.0000","0.0000","500","330600","661.2000"
"20190531","01","12","    90550","JP3126450000","735.0000","735.0000","735.0000","735.0000","734.0000","734.0000","730.0000","730.0000","735.0000","735.0000","730.0000","730.0000"," ","0.0000","0.0000","700","512800","732.5714"
"20190531","01","12","    90570","JP3168600009","1265.0000","1265.0000","1265.0000","1265.0000","1263.0000","1263.0000","1232.0000","1232.0000","1265.0000","1265.0000","1232.0000","1232.0000"," ","0.0000","0.0000","2500","3146600","1258.6400"
"20190531","01","12","    90590","JP3229980002","0.0000","0.0000","0.0000","0.0000","771.0000","771.0000","766.0000","766.0000","771.0000","771.0000","766.0000","766.0000"," ","0.0000","0.0000","300","230700","769.0000"
"20190531","01","12","    90600","JP3756050005","0.0000","0.0000","0.0000","0.0000","2877.0000","2877.0000","2877.0000","2877.0000","2877.0000","2877.0000","2877.0000","2877.0000"," ","0.0000","0.0000","200","575400","2877.0000"
"20190531","01","12","    90630","JP3193800004","0.0000","0.0000","0.0000","0.0000","2853.0000","2853.0000","2852.0000","2852.0000","2853.0000","2853.0000","2852.0000","2852.0000"," ","0.0000","0.0000","200","570500","2852.5000"
"20190531","01","12","    90730","JP3248400008","439.0000","440.0000","436.0000","440.0000","455.0000","455.0000","432.0000","439.0000","439.0000","455.0000","432.0000","439.0000"," ","0.0000","0.0000","4300","1897400","441.2558"
"20190531","01","12","    90820","JP3503000006","1097.0000","1097.0000","1029.0000","1049.0000","1050.0000","1072.0000","1050.0000","1072.0000","1097.0000","1097.0000","1029.0000","1072.0000"," ","0.0000","0.0000","8900","9420400","1058.4719"
"20190531","01","12","    90830","JP3372000004","3540.0000","3540.0000","3540.0000","3540.0000","3545.0000","3545.0000","3545.0000","3545.0000","3540.0000","3545.0000","3540.0000","3545.0000"," ","0.0000","0.0000","300","1062500","3541.6667"
"20190531","01","12","    90870","JP3456600000","0.0000","0.0000","0.0000","0.0000","0.0000","0.0000","0.0000","0.0000","0.0000","0.0000","0.0000","0.0000"," ","0.0000","0.0000","0","0","0.0000"
"20190531","01","12","    91270","JP3470600002","829.0000","829.0000","801.0000","801.0000","806.0000","835.0000","804.0000","804.0000","829.0000","835.0000","801.0000","804.0000"," ","0.0000","0.0000","2600","2122700","816.4231"
"20190531","01","12","    91710","JP3270400009","0.0000","0.0000","0.0000","0.0000","0.0000","0.0000","0.0000","0.0000","0.0000","0.0000","0.0000","0.0000"," ","0.0000","0.0000","0","0","0.0000"
"20190531","01","12","    91730","JP3562000004","2490.0000","2504.0000","2490.0000","2490.0000","2490.0000","2490.0000","2467.0000","2467.0000","2490.0000","2504.0000","2467.0000","2467.0000"," ","0.0000","0.0000","600","1490800","2484.6667"
"20190531","01","12","    91760","JP3322400007","252.0000","252.0000","252.0000","252.0000","252.0000","252.0000","251.0000","251.0000","252.0000","252.0000","251.0000","251.0000"," ","0.0000","0.0000","3600","905000","251.3889"
"20190531","01","12","    91790","JP3224000004","0.0000","0.0000","0.0000","0.0000","2786.0000","2802.0000","2786.0000","2802.0000","2786.0000","2802.0000","2786.0000","2802.0000"," ","0.0000","0.0000","400","1118800","2797.0000"
"20190531","01","12","    91930","JP3573800004","730.0000","730.0000","719.0000","719.0000","720.0000","720.0000","711.0000","711.0000","730.0000","730.0000","711.0000","711.0000"," ","0.0000","0.0000","5700","4104400","720.0702"
"20190531","01","12","    92060","JP3399320005","3750.0000","3755.0000","3740.0000","3740.0000","3750.0000","3760.0000","3740.0000","3755.0000","3750.0000","3760.0000","3740.0000","3755.0000"," ","0.0000","0.0000","2300","8624500","3749.7826"
"20190531","01","12","    92330","JP3118800006","780.0000","790.0000","780.0000","790.0000","790.0000","805.0000","790.0000","801.0000","780.0000","805.0000","780.0000","801.0000"," ","0.0000","0.0000","9900","7872200","795.1717"
"20190531","01","12","    92610","JP3266700008","0.0000","0.0000","0.0000","0.0000","0.0000","0.0000","0.0000","0.0000","0.0000","0.0000","0.0000","0.0000"," ","0.0000","0.0000","0","0","0.0000"
"20190531","01","12","    92620","JP3369800002","5310.0000","5430.0000","5220.0000","5250.0000","5230.0000","5270.0000","5160.0000","5250.0000","5310.0000","5430.0000","5160.0000","5250.0000"," ","0.0000","0.0000","63300","333581000","5269.8420"
"20190531","01","12","    92630","JP3800340006","59.0000","59.0000","57.0000","57.0000","57.0000","58.0000","56.0000","57.0000","59.0000","59.0000","56.0000","57.0000"," ","0.0000","0.0000","1901400","109562100","57.6218"
"20190531","01","12","    92640","JP3856100007","2965.0000","2965.0000","2950.0000","2952.0000","2950.0000","2989.0000","2939.0000","2941.0000","2965.0000","2989.0000","2939.0000","2941.0000"," ","0.0000","0.0000","1600","4720000","2950.0000"
"20190531","01","12","    92660","JP3142330004","1534.0000","1543.0000","1515.0000","1529.0000","1529.0000","1532.0000","1511.0000","1511.0000","1534.0000","1543.0000","1511.0000","1511.0000"," ","0.0000","0.0000","8000","12210900","1526.3625"
"20190531","01","12","    92680","JP3197720000","940.0000","943.0000","934.0000","935.0000","935.0000","942.0000","935.0000","938.0000","940.0000","943.0000","934.0000","938.0000"," ","0.0000","0.0000","2500","2343000","937.2000"
"20190531","01","12","    92700","JP3431540008","3715.0000","3760.0000","3610.0000","3730.0000","3730.0000","3775.0000","3660.0000","3700.0000","3715.0000","3775.0000","3610.0000","3700.0000"," ","0.0000","0.0000","31400","116168500","3699.6338"
"20190531","01","12","    92710","JP3993500002","1376.0000","1376.0000","1341.0000","1370.0000","1368.0000","1368.0000","1262.0000","1335.0000","1376.0000","1376.0000","1262.0000","1335.0000"," ","0.0000","0.0000","4700","6234300","1326.4468"
"20190531","01","12","    92720","JP3829980006","3050.0000","3050.0000","3050.0000","3050.0000","3000.0000","3000.0000","2880.0000","2900.0000","3050.0000","3050.0000","2880.0000","2900.0000"," ","0.0000","0.0000","2700","8000100","2963.0000"
"20190531","01","12","    92730","JP3283420002","879.0000","893.0000","871.0000","890.0000","885.0000","885.0000","877.0000","880.0000","879.0000","893.0000","871.0000","880.0000"," ","0.0000","0.0000","10600","9334800","880.6415"
"20190531","01","12","    92750","JP3652010004","1198.0000","1221.0000","1168.0000","1193.0000","1196.0000","1196.0000","1176.0000","1188.0000","1198.0000","1221.0000","1168.0000","1188.0000"," ","0.0000","0.0000","33300","39651700","1190.7417"
"20190531","01","12","    92760","JP3117370001","0.0000","0.0000","0.0000","0.0000","0.0000","0.0000","0.0000","0.0000","0.0000","0.0000","0.0000","0.0000"," ","0.0000","0.0000","0","0","0.0000"
"20190531","01","12","    92790","JP3264860002","4910.0000","4975.0000","4805.0000","4845.0000","4825.0000","4885.0000","4820.0000","4860.0000","4910.0000","4975.0000","4805.0000","4860.0000"," ","0.0000","0.0000","47900","233096500","4866.3152"
"20190531","01","12","    93070","JP3397000005","793.0000","798.0000","777.0000","792.0000","785.0000","793.0000","780.0000","780.0000","793.0000","798.0000","777.0000","780.0000"," ","0.0000","0.0000","71800","56452400","786.2451"
"20190531","01","12","    93110","JP3109600001","0.0000","0.0000","0.0000","0.0000","0.0000","0.0000","0.0000","0.0000","0.0000","0.0000","0.0000","0.0000","1","3895.0000","0.0000","0","0","0.0000"
"20190531","01","12","    93130","JP3876800008","673.0000","675.0000","670.0000","670.0000","0.0000","0.0000","0.0000","0.0000","673.0000","675.0000","670.0000","670.0000"," ","0.0000","0.0000","1100","739000","671.8182"
"20190531","01","12","    93180","JP3743800009","7.0000","8.0000","7.0000","7.0000","7.0000","8.0000","7.0000","7.0000","7.0000","8.0000","7.0000","7.0000"," ","0.0000","0.0000","1102100","7786900","7.0655"
"20190531","01","12","    93530","JP3318000001","2165.0000","2169.0000","2165.0000","2169.0000","0.0000","0.0000","0.0000","0.0000","2165.0000","2169.0000","2165.0000","2169.0000"," ","0.0000","0.0000","700","1515900","2165.5714"
"20190531","01","12","    93550","JP3977100001","2095.0000","2100.0000","2083.0000","2099.0000","2100.0000","2100.0000","2100.0000","2100.0000","2095.0000","2100.0000","2083.0000","2100.0000"," ","0.0000","0.0000","1600","3353700","2096.0625"
"20190531","01","12","    93600","JP3398800007","642.0000","642.0000","640.0000","640.0000","640.0000","640.0000","640.0000","640.0000","642.0000","642.0000","640.0000","640.0000"," ","0.0000","0.0000","1600","1024200","640.1250"
"20190531","01","12","    93610","JP3807200005","1382.0000","1382.0000","1382.0000","1382.0000","0.0000","0.0000","0.0000","0.0000","1382.0000","1382.0000","1382.0000","1382.0000"," ","0.0000","0.0000","100","138200","1382.0000"
"20190531","01","12","    93620","JP3794600001","1401.0000","1402.0000","1400.0000","1402.0000","0.0000","0.0000","0.0000","0.0000","1401.0000","1402.0000","1400.0000","1402.0000"," ","0.0000","0.0000","1500","2100700","1400.4667"
"20190531","01","12","    93630","JP3479800009","0.0000","0.0000","0.0000","0.0000","0.0000","0.0000","0.0000","0.0000","0.0000","0.0000","0.0000","0.0000"," ","0.0000","0.0000","0","0","0.0000"
"20190531","01","12","    93650","JP3637200001","0.0000","0.0000","0.0000","0.0000","1381.0000","1381.0000","1380.0000","1380.0000","1381.0000","1381.0000","1380.0000","1380.0000"," ","0.0000","0.0000","600","828500","1380.8333"
"20190531","01","12","    93670","JP3486900008","533.0000","533.0000","533.0000","533.0000","0.0000","0.0000","0.0000","0.0000","533.0000","533.0000","533.0000","533.0000"," ","0.0000","0.0000","600","319800","533.0000"
"20190531","01","12","    93760","JP3944650005","0.0000","0.0000","0.0000","0.0000","516.0000","516.0000","516.0000","516.0000","516.0000","516.0000","516.0000","516.0000"," ","0.0000","0.0000","100","51600","516.0000"
"20190531","01","12","    93770","JP3160470005","735.0000","736.0000","735.0000","736.0000","728.0000","728.0000","716.0000","716.0000","735.0000","736.0000","716.0000","716.0000"," ","0.0000","0.0000","1000","725300","725.3000"
"20190531","01","12","    93880","JP3781530005","0.0000","0.0000","0.0000","0.0000","0.0000","0.0000","0.0000","0.0000","0.0000","0.0000","0.0000","0.0000"," ","0.0000","0.0000","0","0","0.0000"
"20190531","01","12","    94080","JP3656400003","1089.0000","1089.0000","1089.0000","1089.0000","0.0000","0.0000","0.0000","0.0000","1089.0000","1089.0000","1089.0000","1089.0000"," ","0.0000","0.0000","400","435600","1089.0000"
"20190531","01","12","    94210","JP3758300002","1071.0000","1087.0000","1071.0000","1072.0000","1090.0000","1110.0000","1088.0000","1100.0000","1071.0000","1110.0000","1071.0000","1100.0000"," ","0.0000","0.0000","5700","6224900","1092.0877"
"20190531","01","12","    94230","JP3826700001","79.0000","79.0000","79.0000","79.0000","79.0000","80.0000","79.0000","79.0000","79.0000","80.0000","79.0000","79.0000"," ","0.0000","0.0000","66000","5222500","79.1288"
"20190531","01","12","    94250","JP3732400001","418.0000","421.0000","410.0000","421.0000","427.0000","427.0000","417.0000","422.0000","418.0000","427.0000","410.0000","422.0000"," ","0.0000","0.0000","41900","17598400","420.0095"
"20190531","01","12","    94360","JP3194650002","3385.0000","3400.0000","3385.0000","3385.0000","3385.0000","3400.0000","3385.0000","3400.0000","3385.0000","3400.0000","3385.0000","3400.0000"," ","0.0000","0.0000","5500","18665500","3393.7273"
"20190531","01","12","    94390","JP3799620004","244.0000","245.0000","241.0000","242.0000","245.0000","247.0000","245.0000","245.0000","244.0000","247.0000","241.0000","245.0000"," ","0.0000","0.0000","2000","487200","243.6000"
"20190531","01","12","    94410","JP3835850003","0.0000","0.0000","0.0000","0.0000","3840.0000","3840.0000","3835.0000","3835.0000","3840.0000","3840.0000","3835.0000","3835.0000"," ","0.0000","0.0000","200","767500","3837.5000"
"20190531","01","12","    94440","JP3552420006","535.0000","535.0000","526.0000","526.0000","528.0000","530.0000","527.0000","530.0000","535.0000","535.0000","526.0000","530.0000"," ","0.0000","0.0000","3700","1965300","531.1622"
"20190531","01","12","    94450","JP3802760003","363.0000","363.0000","361.0000","362.0000","358.0000","358.0000","350.0000","350.0000","363.0000","363.0000","350.0000","350.0000"," ","0.0000","0.0000","13200","4703300","356.3106"
"20190531","01","12","    94460","JP3162630002","891.0000","899.0000","886.0000","899.0000","892.0000","899.0000","887.0000","888.0000","891.0000","899.0000","886.0000","888.0000"," ","0.0000","0.0000","9700","8637100","890.4227"
"20190531","01","12","    94500","JP3802380000","3860.0000","3965.0000","3810.0000","3945.0000","3945.0000","3985.0000","3875.0000","3885.0000","3860.0000","3985.0000","3810.0000","3885.0000"," ","0.0000","0.0000","73200","286672500","3916.2910"
"20190531","01","12","    94670","JP3126410004","2348.0000","2381.0000","2271.0000","2285.0000","2285.0000","2434.0000","2285.0000","2433.0000","2348.0000","2434.0000","2271.0000","2433.0000"," ","0.0000","0.0000","60600","143914300","2374.8234"
"20190531","01","12","    94760","JP3514800006","483.0000","483.0000","476.0000","477.0000","470.0000","492.0000","470.0000","492.0000","483.0000","492.0000","470.0000","492.0000"," ","0.0000","0.0000","800","383400","479.2500"
"20190531","01","12","    94780","JP3361000007","177.0000","178.0000","176.0000","177.0000","177.0000","177.0000","175.0000","175.0000","177.0000","178.0000","175.0000","175.0000"," ","0.0000","0.0000","12300","2169900","176.4146"
"20190531","01","12","    95370","JP3843800008","2866.0000","2866.0000","2861.0000","2861.0000","0.0000","0.0000","0.0000","0.0000","2866.0000","2866.0000","2861.0000","2861.0000"," ","0.0000","0.0000","200","572700","2863.5000"
"20190531","01","12","    95390","JP3281400006","3050.0000","3050.0000","3050.0000","3050.0000","0.0000","0.0000","0.0000","0.0000","3050.0000","3050.0000","3050.0000","3050.0000"," ","0.0000","0.0000","400","1220000","3050.0000"
"20190531","01","12","    96100","JP3154200004","253.0000","253.0000","250.0000","250.0000","248.0000","248.0000","241.0000","241.0000","253.0000","253.0000","241.0000","241.0000"," ","0.0000","0.0000","5300","1300700","245.4151"
"20190531","01","12","    96250","JP3423600000","0.0000","0.0000","0.0000","0.0000","1333.0000","1333.0000","1273.0000","1299.0000","1333.0000","1333.0000","1273.0000","1299.0000"," ","0.0000","0.0000","4200","5469000","1302.1429"
"20190531","01","12","    96310","JP3569800000","5040.0000","5060.0000","5020.0000","5030.0000","5050.0000","5050.0000","5020.0000","5020.0000","5040.0000","5060.0000","5020.0000","5020.0000"," ","0.0000","0.0000","4100","20650000","5036.5854"
"20190531","01","12","    96350","JP3913200006","0.0000","0.0000","0.0000","0.0000","0.0000","0.0000","0.0000","0.0000","0.0000","0.0000","0.0000","0.0000"," ","0.0000","0.0000","0","0","0.0000"
"20190531","01","12","    96360","JP3258400005","3545.0000","3545.0000","3545.0000","3545.0000","3550.0000","3550.0000","3530.0000","3530.0000","3545.0000","3550.0000","3530.0000","3530.0000"," ","0.0000","0.0000","400","1416000","3540.0000"
"20190531","01","12","    96370","JP3170400000","3495.0000","3495.0000","3490.0000","3495.0000","3490.0000","3490.0000","3480.0000","3480.0000","3495.0000","3495.0000","3480.0000","3480.0000"," ","0.0000","0.0000","600","2094500","3490.8333"
"20190531","01","12","    96390","JP3328200005","3570.0000","3570.0000","3565.0000","3565.0000","3570.0000","3570.0000","3555.0000","3555.0000","3570.0000","3570.0000","3555.0000","3555.0000"," ","0.0000","0.0000","700","2495500","3565.0000"
"20190531","01","12","    96400","JP3422150007","1570.0000","1570.0000","1570.0000","1570.0000","1555.0000","1567.0000","1549.0000","1549.0000","1570.0000","1570.0000","1549.0000","1549.0000"," ","0.0000","0.0000","5000","7839900","1567.9800"
"20190531","01","12","    96410","JP3318600008","300.0000","301.0000","299.0000","300.0000","298.0000","299.0000","297.0000","297.0000","300.0000","301.0000","297.0000","297.0000"," ","0.0000","0.0000","2100","626800","298.4762"
"20190531","01","12","    96470","JP3254900008","0.0000","0.0000","0.0000","0.0000","0.0000","0.0000","0.0000","0.0000","0.0000","0.0000","0.0000","0.0000"," ","0.0000","0.0000","0","0","0.0000"
"20190531","01","12","    96510","JP3749300004","704.0000","704.0000","700.0000","700.0000","706.0000","707.0000","699.0000","700.0000","704.0000","707.0000","699.0000","700.0000"," ","0.0000","0.0000","3000","2104300","701.4333"
"20190531","01","12","    96560","JP3889000000","468.0000","471.0000","465.0000","465.0000","466.0000","470.0000","466.0000","468.0000","468.0000","471.0000","465.0000","468.0000"," ","0.0000","0.0000","2900","1356100","467.6207"
"20190531","01","12","    96610","JP3218600009","0.0000","0.0000","0.0000","0.0000","5800.0000","5800.0000","5800.0000","5800.0000","5800.0000","5800.0000","5800.0000","5800.0000"," ","0.0000","0.0000","500","2900000","5800.0000"
"20190531","01","12","    96740","JP3207400007","561.0000","561.0000","560.0000","560.0000","563.0000","564.0000","560.0000","562.0000","561.0000","564.0000","560.0000","562.0000"," ","0.0000","0.0000","2400","1348500","561.8750"
"20190531","01","12","    96790","JP3840300002","0.0000","0.0000","0.0000","0.0000","0.0000","0.0000","0.0000","0.0000","0.0000","0.0000","0.0000","0.0000"," ","0.0000","0.0000","0","0","0.0000"
"20190531","01","12","    96850","JP3253000008","393.0000","395.0000","384.0000","390.0000","386.0000","388.0000","380.0000","385.0000","393.0000","395.0000","380.0000","385.0000"," ","0.0000","0.0000","43800","16962300","387.2671"
"20190531","01","12","    96860","JP3616800003","0.0000","0.0000","0.0000","0.0000","0.0000","0.0000","0.0000","0.0000","0.0000","0.0000","0.0000","0.0000"," ","0.0000","0.0000","0","0","0.0000"
"20190531","01","12","    96870","JP3294000009","1725.0000","1725.0000","1725.0000","1725.0000","1723.0000","1723.0000","1688.0000","1688.0000","1725.0000","1725.0000","1688.0000","1688.0000"," ","0.0000","0.0000","1400","2401800","1715.5714"
"20190531","01","12","    96910","JP3976400006","0.0000","0.0000","0.0000","0.0000","0.0000","0.0000","0.0000","0.0000","0.0000","0.0000","0.0000","0.0000"," ","0.0000","0.0000","0","0","0.0000"
"20190531","01","12","    96950","JP3220000008","0.0000","0.0000","0.0000","0.0000","0.0000","0.0000","0.0000","0.0000","0.0000","0.0000","0.0000","0.0000"," ","0.0000","0.0000","0","0","0.0000"
"20190531","01","12","    96960","JP3234010001","400.0000","405.0000","400.0000","405.0000","405.0000","405.0000","400.0000","404.0000","400.0000","405.0000","400.0000","404.0000"," ","0.0000","0.0000","32600","13143400","403.1718"
"20190531","01","12","    96980","JP3271000006","1935.0000","1995.0000","1910.0000","1995.0000","1988.0000","2037.0000","1972.0000","1977.0000","1935.0000","2037.0000","1910.0000","1977.0000"," ","0.0000","0.0000","58500","116057500","1983.8889"
"20190531","01","12","    97010","JP3572200008","0.0000","0.0000","0.0000","0.0000","3800.0000","3835.0000","3800.0000","3835.0000","3800.0000","3835.0000","3800.0000","3835.0000"," ","0.0000","0.0000","900","3427000","3807.7778"
"20190531","01","12","    97070","JP3230800009","1652.0000","1652.0000","1624.0000","1640.0000","1639.0000","1645.0000","1634.0000","1639.0000","1652.0000","1652.0000","1624.0000","1639.0000"," ","0.0000","0.0000","18700","30609800","1636.8877"
"20190531","01","12","    97080","JP3542800002","1996.0000","2005.0000","1972.0000","1999.0000","1959.0000","1998.0000","1959.0000","1997.0000","1996.0000","2005.0000","1959.0000","1997.0000"," ","0.0000","0.0000","4700","9316400","1982.2128"
"20190531","01","12","    97090","JP3709000008","469.0000","470.0000","462.0000","468.0000","468.0000","469.0000","466.0000","466.0000","469.0000","470.0000","462.0000","466.0000"," ","0.0000","0.0000","14900","6948400","466.3356"
"20190531","01","12","    97130","JP3984000004","1771.0000","1771.0000","1749.0000","1749.0000","1750.0000","1770.0000","1750.0000","1770.0000","1771.0000","1771.0000","1749.0000","1770.0000"," ","0.0000","0.0000","400","704000","1760.0000"
"20190531","01","12","    97200","JP3852200009","2809.0000","2809.0000","2809.0000","2809.0000","2831.0000","2831.0000","2818.0000","2818.0000","2809.0000","2831.0000","2809.0000","2818.0000"," ","0.0000","0.0000","500","1409700","2819.4000"
"20190531","01","12","    97230","JP3252400001","751.0000","762.0000","751.0000","762.0000","762.0000","762.0000","762.0000","762.0000","751.0000","762.0000","751.0000","762.0000"," ","0.0000","0.0000","900","680800","756.4444"
"20190531","01","12","    97330","JP3647600000","4700.0000","4710.0000","4700.0000","4710.0000","0.0000","0.0000","0.0000","0.0000","4700.0000","4710.0000","4700.0000","4710.0000"," ","0.0000","0.0000","1400","6583000","4702.1429"
"20190531","01","12","    97340","JP3417800004","963.0000","963.0000","942.0000","945.0000","945.0000","945.0000","936.0000","936.0000","963.0000","963.0000","936.0000","936.0000"," ","0.0000","0.0000","1000","948900","948.9000"
"20190531","01","12","    97530","JP3100720006","770.0000","775.0000","757.0000","768.0000","769.0000","776.0000","759.0000","763.0000","770.0000","776.0000","757.0000","763.0000"," ","0.0000","0.0000","34500","26387600","764.8580"
"20190531","01","12","    97580","JP3389600002","286.0000","286.0000","283.0000","285.0000","287.0000","291.0000","286.0000","286.0000","286.0000","291.0000","283.0000","286.0000"," ","0.0000","0.0000","9700","2781600","286.7629"
"20190531","01","12","    97610","JP3566200006","1693.0000","1693.0000","1674.0000","1692.0000","1692.0000","1692.0000","1692.0000","1692.0000","1693.0000","1693.0000","1674.0000","1692.0000"," ","0.0000","0.0000","2000","3380000","1690.0000"
"20190531","01","12","    97670","JP3668800000","992.0000","992.0000","992.0000","992.0000","995.0000","996.0000","995.0000","996.0000","992.0000","996.0000","992.0000","996.0000"," ","0.0000","0.0000","700","696400","994.8571"
"20190531","01","12","    97760","JP3321100004","0.0000","0.0000","0.0000","0.0000","0.0000","0.0000","0.0000","0.0000","0.0000","0.0000","0.0000","0.0000"," ","0.0000","0.0000","0","0","0.0000"
"20190531","01","12","    97780","JP3399750003","0.0000","0.0000","0.0000","0.0000","0.0000","0.0000","0.0000","0.0000","0.0000","0.0000","0.0000","0.0000"," ","0.0000","0.0000","0","0","0.0000"
"20190531","01","12","    97800","JP3773200005","2799.0000","2799.0000","2799.0000","2799.0000","2753.0000","2753.0000","2753.0000","2753.0000","2799.0000","2799.0000","2753.0000","2753.0000"," ","0.0000","0.0000","300","830500","2768.3333"
"20190531","01","12","    97820","JP3548550007","1969.0000","2001.0000","1952.0000","2000.0000","1999.0000","2026.0000","1972.0000","2026.0000","1969.0000","2026.0000","1952.0000","2026.0000"," ","0.0000","0.0000","16100","32086700","1992.9627"
"20190531","01","12","    97910","JP3800000006","838.0000","838.0000","838.0000","838.0000","823.0000","832.0000","823.0000","823.0000","838.0000","838.0000","823.0000","823.0000"," ","0.0000","0.0000","5300","4415500","833.1132"
"20190531","01","12","    97970","JP3494000007","0.0000","0.0000","0.0000","0.0000","571.0000","579.0000","571.0000","579.0000","571.0000","579.0000","571.0000","579.0000"," ","0.0000","0.0000","2500","1439200","575.6800"
"20190531","01","12","    97990","JP3113400000","1071.0000","1071.0000","1058.0000","1062.0000","1061.0000","1061.0000","1061.0000","1061.0000","1071.0000","1071.0000","1058.0000","1061.0000"," ","0.0000","0.0000","400","425200","1063.0000"
"20190531","01","12","    98120","JP3538300009","593.0000","593.0000","582.0000","582.0000","566.0000","566.0000","566.0000","566.0000","593.0000","593.0000","566.0000","566.0000"," ","0.0000","0.0000","900","527900","586.5556"
"20190531","01","12","    98160","JP3778220008","308.0000","308.0000","303.0000","303.0000","304.0000","304.0000","298.0000","298.0000","308.0000","308.0000","298.0000","298.0000"," ","0.0000","0.0000","10100","3056100","302.5842"
"20190531","01","12","    98180","JP3499200008","1094.0000","1174.0000","1094.0000","1140.0000","1140.0000","1150.0000","1134.0000","1134.0000","1094.0000","1174.0000","1094.0000","1134.0000"," ","0.0000","0.0000","6700","7524200","1123.0149"
"20190531","01","12","    98200","JP3297300000","4310.0000","4330.0000","4220.0000","4260.0000","4260.0000","4270.0000","4140.0000","4175.0000","4310.0000","4330.0000","4140.0000","4175.0000"," ","0.0000","0.0000","6200","26236500","4231.6935"
"20190531","01","12","    98230","JP3870200007","1522.0000","1522.0000","1511.0000","1511.0000","1510.0000","1510.0000","1510.0000","1510.0000","1522.0000","1522.0000","1510.0000","1510.0000"," ","0.0000","0.0000","300","454300","1514.3333"
"20190531","01","12","    98260","JP3390350001","0.0000","0.0000","0.0000","0.0000","0.0000","0.0000","0.0000","0.0000","0.0000","0.0000","0.0000","0.0000"," ","0.0000","0.0000","0","0","0.0000"
"20190531","01","12","    98270","JP3976800007","202.0000","203.0000","195.0000","198.0000","198.0000","199.0000","194.0000","194.0000","202.0000","203.0000","194.0000","194.0000"," ","0.0000","0.0000","134400","26577600","197.7500"
"20190531","01","12","    98290","JP3648400004","1804.0000","1843.0000","1804.0000","1843.0000","1804.0000","1820.0000","1802.0000","1802.0000","1804.0000","1843.0000","1802.0000","1802.0000"," ","0.0000","0.0000","700","1272000","1817.1429"
"20190531","01","12","    98350","JP3392800003","495.0000","496.0000","488.0000","490.0000","489.0000","490.0000","488.0000","488.0000","495.0000","496.0000","488.0000","488.0000"," ","0.0000","0.0000","2700","1322700","489.8889"
"20190531","01","12","    98360","JP3969500002","1284.0000","1284.0000","1261.0000","1261.0000","1255.0000","1270.0000","1244.0000","1270.0000","1284.0000","1284.0000","1244.0000","1270.0000"," ","0.0000","0.0000","1200","1511800","1259.8333"
"20190531","01","12","    98450","JP3780000000","465.0000","465.0000","464.0000","465.0000","459.0000","461.0000","459.0000","461.0000","465.0000","465.0000","459.0000","461.0000"," ","0.0000","0.0000","1600","737500","460.9375"
"20190531","01","12","    98460","JP3547850002","1230.0000","1235.0000","1227.0000","1228.0000","1229.0000","1229.0000","1229.0000","1229.0000","1230.0000","1235.0000","1227.0000","1229.0000"," ","0.0000","0.0000","600","737900","1229.8333"
"20190531","01","12","    98490","JP3226400004","0.0000","0.0000","0.0000","0.0000","0.0000","0.0000","0.0000","0.0000","0.0000","0.0000","0.0000","0.0000"," ","0.0000","0.0000","0","0","0.0000"
"20190531","01","12","    98520","JP3518400001","2454.0000","2454.0000","2454.0000","2454.0000","2443.0000","2443.0000","2425.0000","2425.0000","2454.0000","2454.0000","2425.0000","2425.0000"," ","0.0000","0.0000","800","1959200","2449.0000"
"20190531","01","12","    98530","JP3265200000","992.0000","992.0000","990.0000","991.0000","990.0000","995.0000","990.0000","995.0000","992.0000","995.0000","990.0000","995.0000"," ","0.0000","0.0000","1900","1884200","991.6842"
"20190531","01","12","    98570","JP3161100007","921.0000","925.0000","917.0000","920.0000","920.0000","920.0000","916.0000","918.0000","921.0000","925.0000","916.0000","918.0000"," ","0.0000","0.0000","6800","6243300","918.1324"
"20190531","01","12","    98670","JP3301200006","0.0000","0.0000","0.0000","0.0000","0.0000","0.0000","0.0000","0.0000","0.0000","0.0000","0.0000","0.0000"," ","0.0000","0.0000","0","0","0.0000"
"20190531","01","12","    98730","JP3702200001","1987.0000","1988.0000","1985.0000","1987.0000","1986.0000","1987.0000","1984.0000","1985.0000","1987.0000","1988.0000","1984.0000","1985.0000"," ","0.0000","0.0000","7700","15295400","1986.4156"
"20190531","01","12","    98760","JP3299200000","162.0000","163.0000","161.0000","162.0000","162.0000","162.0000","161.0000","161.0000","162.0000","163.0000","161.0000","161.0000"," ","0.0000","0.0000","9200","1486800","161.6087"
"20190531","01","12","    98780","JP3420900007","1027.0000","1038.0000","985.0000","1030.0000","1033.0000","1042.0000","981.0000","981.0000","1027.0000","1042.0000","981.0000","981.0000"," ","0.0000","0.0000","191500","193433100","1010.0945"
"20190531","01","12","    98850","JP3359800004","421.0000","422.0000","421.0000","422.0000","421.0000","423.0000","421.0000","422.0000","421.0000","423.0000","421.0000","422.0000"," ","0.0000","0.0000","12600","5309200","421.3651"
"20190531","01","12","    98880","JP3154850006","472.0000","472.0000","459.0000","463.0000","461.0000","463.0000","458.0000","459.0000","472.0000","472.0000","458.0000","459.0000"," ","0.0000","0.0000","44600","20656600","463.1525"
"20190531","01","12","    98900","JP3862900002","0.0000","0.0000","0.0000","0.0000","0.0000","0.0000","0.0000","0.0000","0.0000","0.0000","0.0000","0.0000"," ","0.0000","0.0000","0","0","0.0000"
"20190531","01","12","    98950","JP3306000005","1253.0000","1253.0000","1253.0000","1253.0000","1254.0000","1254.0000","1243.0000","1243.0000","1253.0000","1254.0000","1243.0000","1243.0000"," ","0.0000","0.0000","900","1125100","1250.1111"
"20190531","01","12","    98990","JP3336200005","1828.0000","1833.0000","1819.0000","1825.0000","1825.0000","1825.0000","1790.0000","1790.0000","1828.0000","1833.0000","1790.0000","1790.0000"," ","0.0000","0.0000","20200","36570800","1810.4356"
"20190531","01","12","    99030","JP3229950005","1710.0000","1735.0000","1701.0000","1722.0000","1733.0000","1751.0000","1704.0000","1704.0000","1710.0000","1751.0000","1701.0000","1704.0000"," ","0.0000","0.0000","5100","8799200","1725.3333"
"20190531","01","12","    99040","JP3392700005","332.0000","332.0000","330.0000","330.0000","330.0000","331.0000","327.0000","327.0000","332.0000","332.0000","327.0000","327.0000"," ","0.0000","0.0000","39600","13044900","329.4167"
"20190531","01","12","    99060","JP3807650001","1228.0000","1228.0000","1228.0000","1228.0000","1214.0000","1214.0000","1214.0000","1214.0000","1228.0000","1228.0000","1214.0000","1214.0000"," ","0.0000","0.0000","200","244200","1221.0000"
"20190531","01","12","    99080","JP3734400009","1350.0000","1351.0000","1341.0000","1342.0000","1342.0000","1351.0000","1332.0000","1332.0000","1350.0000","1351.0000","1332.0000","1332.0000"," ","0.0000","0.0000","2400","3231600","1346.5000"
"20190531","01","12","    99090","JP3101300006","1719.0000","1719.0000","1698.0000","1718.0000","1700.0000","1718.0000","1699.0000","1700.0000","1719.0000","1719.0000","1698.0000","1700.0000"," ","0.0000","0.0000","2000","3416100","1708.0500"
"20190531","01","12","    99130","JP3686100003","608.0000","621.0000","601.0000","615.0000","614.0000","617.0000","596.0000","602.0000","608.0000","621.0000","596.0000","602.0000"," ","0.0000","0.0000","37300","22703500","608.6729"
"20190531","01","12","    99140","JP3155300001","1018.0000","1018.0000","1018.0000","1018.0000","988.0000","1022.0000","980.0000","980.0000","1018.0000","1022.0000","980.0000","980.0000"," ","0.0000","0.0000","3200","3240500","1012.6563"
"20190531","01","12","    99270","JP3994000002","1153.0000","1154.0000","1153.0000","1153.0000","1154.0000","1157.0000","1154.0000","1155.0000","1153.0000","1157.0000","1153.0000","1155.0000"," ","0.0000","0.0000","1100","1269400","1154.0000"
"20190531","01","12","    99290","JP3834300000","430.0000","430.0000","430.0000","430.0000","427.0000","427.0000","427.0000","427.0000","430.0000","430.0000","427.0000","427.0000"," ","0.0000","0.0000","300","128400","428.0000"
"20190531","01","12","    99410","JP3451800001","536.0000","536.0000","536.0000","536.0000","0.0000","0.0000","0.0000","0.0000","536.0000","536.0000","536.0000","536.0000"," ","0.0000","0.0000","200","107200","536.0000"
"20190531","01","12","    99430","JP3297350005","1760.0000","1760.0000","1735.0000","1737.0000","1737.0000","1737.0000","1724.0000","1724.0000","1760.0000","1760.0000","1724.0000","1724.0000"," ","0.0000","0.0000","16500","28609900","1733.9333"
"20190531","01","12","    99500","JP3769200001","3230.0000","3230.0000","3230.0000","3230.0000","3235.0000","3235.0000","3235.0000","3235.0000","3230.0000","3235.0000","3230.0000","3235.0000"," ","0.0000","0.0000","500","1615500","3231.0000"
"20190531","01","12","    99550","JP3962200006","1438.0000","1438.0000","1412.0000","1412.0000","1435.0000","1435.0000","1435.0000","1435.0000","1438.0000","1438.0000","1412.0000","1435.0000"," ","0.0000","0.0000","500","716100","1432.2000"
"20190531","01","12","    99590","JP3117400006","622.0000","622.0000","622.0000","622.0000","0.0000","0.0000","0.0000","0.0000","622.0000","622.0000","622.0000","622.0000"," ","0.0000","0.0000","100","62200","622.0000"
"20190531","01","12","    99640","JP3104900000","1697.0000","1697.0000","1657.0000","1657.0000","1661.0000","1697.0000","1661.0000","1697.0000","1697.0000","1697.0000","1657.0000","1697.0000"," ","0.0000","0.0000","2600","4385000","1686.5385"
"20190531","01","12","    99670","JP3313000006","1539.0000","1539.0000","1539.0000","1539.0000","1530.0000","1530.0000","1530.0000","1530.0000","1539.0000","1539.0000","1530.0000","1530.0000"," ","0.0000","0.0000","200","306900","1534.5000"
"20190531","01","12","    99690","JP3369300003","211.0000","213.0000","210.0000","211.0000","211.0000","212.0000","209.0000","210.0000","211.0000","213.0000","209.0000","210.0000"," ","0.0000","0.0000","21200","4471400","210.9151"
"20190531","01","12","    99730","JP3298800008","36.0000","36.0000","34.0000","36.0000","35.0000","36.0000","34.0000","35.0000","36.0000","36.0000","34.0000","35.0000"," ","0.0000","0.0000","888800","31169700","35.0694"
"20190531","01","12","    99760","JP3420850004","0.0000","0.0000","0.0000","0.0000","0.0000","0.0000","0.0000","0.0000","0.0000","0.0000","0.0000","0.0000"," ","0.0000","0.0000","0","0","0.0000"
"20190531","01","12","    99770","JP3105700003","0.0000","0.0000","0.0000","0.0000","2628.0000","2630.0000","2628.0000","2630.0000","2628.0000","2630.0000","2628.0000","2630.0000"," ","0.0000","0.0000","300","788700","2629.0000"
"20190531","01","12","    99780","JP3831750009","213.0000","213.0000","202.0000","204.0000","204.0000","205.0000","199.0000","203.0000","213.0000","213.0000","199.0000","203.0000"," ","0.0000","0.0000","82200","16748700","203.7555"
"20190531","01","12","    99800","JP3873800001","163.0000","163.0000","161.0000","162.0000","162.0000","162.0000","160.0000","160.0000","163.0000","163.0000","160.0000","160.0000"," ","0.0000","0.0000","98400","15882400","161.4065"
"20190531","01","12","    99920","JP3970800003","508.0000","574.0000","508.0000","572.0000","574.0000","574.0000","465.0000","465.0000","508.0000","574.0000","465.0000","465.0000"," ","0.0000","0.0000","377000","208461800","552.9491"
"20190531","01","12","    99960","JP3321500005","1607.0000","1607.0000","1607.0000","1607.0000","1637.0000","1638.0000","1637.0000","1638.0000","1607.0000","1638.0000","1607.0000","1638.0000"," ","0.0000","0.0000","500","809600","1619.2000"
"20190531","01","13","    13130","","2410.0000","2410.0000","2410.0000","2410.0000","0.0000","0.0000","0.0000","0.0000","2410.0000","2410.0000","2410.0000","2410.0000"," ","0.0000","0.0000","50","120500","2410.0000"
"20190531","01","13","    13260","","13330.0000","13350.0000","13310.0000","13320.0000","13320.0000","13320.0000","13300.0000","13300.0000","13330.0000","13350.0000","13300.0000","13300.0000"," ","0.0000","0.0000","872","11619530","13325.1491"
"20190531","01","13","    13270","","3225.0000","3225.0000","3225.0000","3225.0000","0.0000","0.0000","0.0000","0.0000","3225.0000","3225.0000","3225.0000","3225.0000"," ","0.0000","0.0000","1","3225","3225.0000"
"20190531","01","13","    13490","","12480.0000","12480.0000","12480.0000","12480.0000","12490.0000","12510.0000","12490.0000","12510.0000","12480.0000","12510.0000","12480.0000","12510.0000"," ","0.0000","0.0000","3","37480","12493.3333"
"20190531","01","13","    13850","","4105.0000","4110.0000","4090.0000","4090.0000","4100.0000","4100.0000","4065.0000","4065.0000","4105.0000","4110.0000","4065.0000","4065.0000"," ","0.0000","0.0000","327","1339795","4097.2324"
"20190531","01","13","    13860","","7550.0000","7570.0000","7550.0000","7560.0000","7560.0000","7560.0000","7480.0000","7480.0000","7550.0000","7570.0000","7480.0000","7480.0000"," ","0.0000","0.0000","341","2564330","7520.0293"
"20190531","01","13","    13870","","0.0000","0.0000","0.0000","0.0000","0.0000","0.0000","0.0000","0.0000","0.0000","0.0000","0.0000","0.0000"," ","0.0000","0.0000","0","0","0.0000"
"20190531","01","13","    13880","","11200.0000","11200.0000","11200.0000","11200.0000","0.0000","0.0000","0.0000","0.0000","11200.0000","11200.0000","11200.0000","11200.0000"," ","0.0000","0.0000","5","56000","11200.0000"
"20190531","01","13","    13890","","9360.0000","9370.0000","9340.0000","9340.0000","9340.0000","9340.0000","9260.0000","9260.0000","9360.0000","9370.0000","9260.0000","9260.0000"," ","0.0000","0.0000","450","4191040","9313.4222"
"20190531","01","13","    13900","","4850.0000","4850.0000","4800.0000","4800.0000","0.0000","0.0000","0.0000","0.0000","4850.0000","4850.0000","4800.0000","4800.0000"," ","0.0000","0.0000","11","53105","4827.7273"
"20190531","01","13","    13910","","2029.0000","2029.0000","2027.0000","2029.0000","2020.0000","2020.0000","2010.0000","2010.0000","2029.0000","2029.0000","2010.0000","2010.0000"," ","0.0000","0.0000","29","58783","2027.0000"
"20190531","01","13","    13920","","2549.0000","2549.0000","2549.0000","2549.0000","2549.0000","2549.0000","2539.0000","2539.0000","2549.0000","2549.0000","2539.0000","2539.0000"," ","0.0000","0.0000","122","310849","2547.9426"
"20190531","01","13","    13930","","29250.0000","29250.0000","29250.0000","29250.0000","29100.0000","29100.0000","29100.0000","29100.0000","29250.0000","29250.0000","29100.0000","29100.0000"," ","0.0000","0.0000","21","614100","29242.8571"
"20190531","01","13","    13940","","0.0000","0.0000","0.0000","0.0000","0.0000","0.0000","0.0000","0.0000","0.0000","0.0000","0.0000","0.0000"," ","0.0000","0.0000","0","0","0.0000"
"20190531","01","13","    15570","","30300.0000","30400.0000","30200.0000","30350.0000","30250.0000","30400.0000","30150.0000","30250.0000","30300.0000","30400.0000","30150.0000","30250.0000"," ","0.0000","0.0000","5938","179882500","30293.4490"
"20190531","01","13","    15750","","0.0000","0.0000","0.0000","0.0000","586.0000","586.0000","586.0000","586.0000","586.0000","586.0000","586.0000","586.0000"," ","0.0000","0.0000","10","5860","586.0000"
"20190531","01","13","    15760","","0.0000","0.0000","0.0000","0.0000","0.0000","0.0000","0.0000","0.0000","0.0000","0.0000","0.0000","0.0000","1","597.0000","0.0000","0","0","0.0000"
"20190531","01","13","    15840","","541.0000","561.0000","541.0000","561.0000","565.0000","565.0000","565.0000","565.0000","541.0000","565.0000","541.0000","565.0000"," ","0.0000","0.0000","70","39270","561.0000"
"20190531","01","13","    16720","","13710.0000","13710.0000","13710.0000","13710.0000","13710.0000","13810.0000","13710.0000","13810.0000","13710.0000","13810.0000","13710.0000","13810.0000"," ","0.0000","0.0000","17","233970","13762.9412"
"20190531","01","13","    16730","","1470.0000","1470.0000","1470.0000","1470.0000","0.0000","0.0000","0.0000","0.0000","1470.0000","1470.0000","1470.0000","1470.0000"," ","0.0000","0.0000","10","14700","1470.0000"
"20190531","01","13","    16740","","0.0000","0.0000","0.0000","0.0000","0.0000","0.0000","0.0000","0.0000","0.0000","0.0000","0.0000","0.0000"," ","0.0000","0.0000","0","0","0.0000"
"20190531","01","13","    16750","","0.0000","0.0000","0.0000","0.0000","0.0000","0.0000","0.0000","0.0000","0.0000","0.0000","0.0000","0.0000"," ","0.0000","0.0000","0","0","0.0000"
"20190531","01","13","    16760","","0.0000","0.0000","0.0000","0.0000","0.0000","0.0000","0.0000","0.0000","0.0000","0.0000","0.0000","0.0000"," ","0.0000","0.0000","0","0","0.0000"
"20190531","01","13","    16840","","0.0000","0.0000","0.0000","0.0000","0.0000","0.0000","0.0000","0.0000","0.0000","0.0000","0.0000","0.0000"," ","0.0000","0.0000","0","0","0.0000"
"20190531","01","13","    16850","","408.0000","408.0000","408.0000","408.0000","398.0000","398.0000","398.0000","398.0000","408.0000","408.0000","398.0000","398.0000"," ","0.0000","0.0000","350","140300","400.8571"
"20190531","01","13","    16860","","0.0000","0.0000","0.0000","0.0000","0.0000","0.0000","0.0000","0.0000","0.0000","0.0000","0.0000","0.0000"," ","0.0000","0.0000","0","0","0.0000"
"20190531","01","13","    16870","","0.0000","0.0000","0.0000","0.0000","440.0000","440.0000","440.0000","440.0000","440.0000","440.0000","440.0000","440.0000"," ","0.0000","0.0000","10","4400","440.0000"
"20190531","01","13","    16880","","336.0000","339.0000","336.0000","339.0000","343.0000","343.0000","343.0000","343.0000","336.0000","343.0000","336.0000","343.0000"," ","0.0000","0.0000","2020","684910","339.0644"
"20190531","01","13","    16890","","3.0000","4.0000","3.0000","3.0000","4.0000","4.0000","3.0000","4.0000","3.0000","4.0000","3.0000","4.0000"," ","0.0000","0.0000","1370000","4383300","3.1995"
"20190531","01","13","    16900","","906.0000","906.0000","900.0000","902.0000","903.0000","906.0000","877.0000","903.0000","906.0000","906.0000","877.0000","903.0000"," ","0.0000","0.0000","990","892270","901.2828"
"20190531","01","13","    16910","","0.0000","0.0000","0.0000","0.0000","0.0000","0.0000","0.0000","0.0000","0.0000","0.0000","0.0000","0.0000"," ","0.0000","0.0000","0","0","0.0000"
"20190531","01","13","    16920","","0.0000","0.0000","0.0000","0.0000","310.0000","310.0000","305.0000","305.0000","310.0000","310.0000","305.0000","305.0000"," ","0.0000","0.0000","400","123500","308.7500"
"20190531","01","13","    16930","","0.0000","0.0000","0.0000","0.0000","0.0000","0.0000","0.0000","0.0000","0.0000","0.0000","0.0000","0.0000"," ","0.0000","0.0000","0","0","0.0000"
"20190531","01","13","    16940","","0.0000","0.0000","0.0000","0.0000","0.0000","0.0000","0.0000","0.0000","0.0000","0.0000","0.0000","0.0000"," ","0.0000","0.0000","0","0","0.0000"
"20190531","01","13","    16950","","66.0000","67.0000","65.0000","66.0000","66.0000","66.0000","66.0000","66.0000","66.0000","67.0000","65.0000","66.0000"," ","0.0000","0.0000","14800","975800","65.9324"
"20190531","01","13","    16960","","95.0000","96.0000","95.0000","95.0000","95.0000","95.0000","95.0000","95.0000","95.0000","96.0000","95.0000","95.0000"," ","0.0000","0.0000","159100","15252400","95.8668"
"20190531","01","13","    16970","","2000.0000","2000.0000","2000.0000","2000.0000","0.0000","0.0000","0.0000","0.0000","2000.0000","2000.0000","2000.0000","2000.0000"," ","0.0000","0.0000","10","20000","2000.0000"
"20190531","01","13","    17730","","28.0000","28.0000","28.0000","28.0000","0.0000","0.0000","0.0000","0.0000","28.0000","28.0000","28.0000","28.0000"," ","0.0000","0.0000","1000","28000","28.0000"
"20190531","01","13","    20310","","11860.0000","11860.0000","11600.0000","11600.0000","11500.0000","11500.0000","11500.0000","11500.0000","11860.0000","11860.0000","11500.0000","11500.0000"," ","0.0000","0.0000","42","488320","11626.6667"
"20190531","01","13","    20320","","6400.0000","6410.0000","6330.0000","6390.0000","6390.0000","6400.0000","6320.0000","6390.0000","6400.0000","6410.0000","6320.0000","6390.0000"," ","0.0000","0.0000","138","878670","6367.1739"
"20190531","01","13","    20330","","8400.0000","8400.0000","8400.0000","8400.0000","0.0000","0.0000","0.0000","0.0000","8400.0000","8400.0000","8400.0000","8400.0000"," ","0.0000","0.0000","2","16800","8400.0000"
"20190531","01","13","    20340","","10500.0000","10500.0000","10420.0000","10450.0000","10460.0000","10460.0000","10410.0000","10440.0000","10500.0000","10500.0000","10410.0000","10440.0000"," ","0.0000","0.0000","489","5109330","10448.5276"
"20190531","01","13","    20350","","1077.0000","1099.0000","1068.0000","1086.0000","1088.0000","1099.0000","1074.0000","1099.0000","1077.0000","1099.0000","1068.0000","1099.0000"," ","0.0000","0.0000","18734","20395073","1088.6662"
"20190531","01","13","    20360","","9640.0000","9680.0000","9640.0000","9680.0000","9680.0000","9680.0000","9620.0000","9670.0000","9640.0000","9680.0000","9620.0000","9670.0000"," ","0.0000","0.0000","158","1526110","9658.9241"
"20190531","01","13","    20370","","0.0000","0.0000","0.0000","0.0000","8340.0000","8340.0000","8280.0000","8280.0000","8340.0000","8340.0000","8280.0000","8280.0000"," ","0.0000","0.0000","18","149130","8285.0000"
"20190531","01","13","    20380","","1372.0000","1392.0000","1361.0000","1381.0000","1375.0000","1378.0000","1359.0000","1362.0000","1372.0000","1392.0000","1359.0000","1362.0000"," ","0.0000","0.0000","636623","873080663","1371.4249"
"20190531","01","13","    20390","","7480.0000","7540.0000","7480.0000","7490.0000","7520.0000","7570.0000","7520.0000","7560.0000","7480.0000","7570.0000","7480.0000","7560.0000"," ","0.0000","0.0000","24527","184182460","7509.3758"
"20190531","01","13","    20400","","20320.0000","20380.0000","20300.0000","20360.0000","20380.0000","20410.0000","20210.0000","20220.0000","20320.0000","20410.0000","20210.0000","20220.0000"," ","0.0000","0.0000","1233","25054450","20319.9108"
"20190531","01","13","    20410","","4965.0000","4985.0000","4955.0000","4970.0000","4970.0000","4985.0000","4945.0000","4980.0000","4965.0000","4985.0000","4945.0000","4980.0000"," ","0.0000","0.0000","16219","80622500","4970.8675"
"20190531","01","13","    20420","","9730.0000","9810.0000","9690.0000","9800.0000","9800.0000","9890.0000","9750.0000","9750.0000","9730.0000","9890.0000","9690.0000","9750.0000"," ","0.0000","0.0000","4156","40686610","9789.8484"
"20190531","01","13","    20430","","12450.0000","12520.0000","12290.0000","12290.0000","12260.0000","12260.0000","12260.0000","12260.0000","12450.0000","12520.0000","12260.0000","12260.0000"," ","0.0000","0.0000","62","761470","12281.7742"
"20190531","01","13","    20440","","13030.0000","13190.0000","13030.0000","13060.0000","13050.0000","13070.0000","13020.0000","13060.0000","13030.0000","13190.0000","13020.0000","13060.0000"," ","0.0000","0.0000","212","2767200","13052.8302"
"20190531","01","13","    20450","","0.0000","0.0000","0.0000","0.0000","0.0000","0.0000","0.0000","0.0000","0.0000","0.0000","0.0000","0.0000"," ","0.0000","0.0000","0","0","0.0000"
"20190531","01","13","    20460","","11070.0000","11070.0000","10910.0000","10990.0000","11140.0000","11150.0000","11060.0000","11080.0000","11070.0000","11150.0000","10910.0000","11080.0000"," ","0.0000","0.0000","1356","14877640","10971.7109"
"20190531","01","13","    20470","","6620.0000","6620.0000","6410.0000","6480.0000","6480.0000","6480.0000","6470.0000","6470.0000","6620.0000","6620.0000","6410.0000","6470.0000"," ","0.0000","0.0000","174","1122860","6453.2184"
"20190531","01","13","    20480","","9400.0000","9430.0000","9250.0000","9430.0000","9280.0000","9310.0000","9280.0000","9300.0000","9400.0000","9430.0000","9250.0000","9300.0000"," ","0.0000","0.0000","179","1667700","9316.7598"
"20190531","01","13","    20650","","10420.0000","10420.0000","10420.0000","10420.0000","0.0000","0.0000","0.0000","0.0000","10420.0000","10420.0000","10420.0000","10420.0000"," ","0.0000","0.0000","1","10420","10420.0000"
"20190531","01","13","    20660","","0.0000","0.0000","0.0000","0.0000","0.0000","0.0000","0.0000","0.0000","0.0000","0.0000","0.0000","0.0000"," ","0.0000","0.0000","0","0","0.0000"
"20190531","01","13","    20670","","10070.0000","10070.0000","10070.0000","10070.0000","10020.0000","10020.0000","9960.0000","9960.0000","10070.0000","10070.0000","9960.0000","9960.0000"," ","0.0000","0.0000","136","1362030","10014.9265"
"20190531","01","13","    20680","","0.0000","0.0000","0.0000","0.0000","8760.0000","8760.0000","8760.0000","8760.0000","8760.0000","8760.0000","8760.0000","8760.0000"," ","0.0000","0.0000","1","8760","8760.0000"
"20190531","01","13","    20690","","0.0000","0.0000","0.0000","0.0000","10690.0000","10690.0000","10680.0000","10680.0000","10690.0000","10690.0000","10680.0000","10680.0000"," ","0.0000","0.0000","200","2137000","10685.0000"
"20190531","01","13","    48750","","1208.0000","1230.0000","1205.0000","1224.0000","1221.0000","1250.0000","1202.0000","1204.0000","1208.0000","1250.0000","1202.0000","1204.0000"," ","0.0000","0.0000","188400","229975500","1220.6768"
"20190531","01","13","    66970","","635.0000","635.0000","616.0000","620.0000","620.0000","624.0000","618.0000","623.0000","635.0000","635.0000","616.0000","623.0000"," ","0.0000","0.0000","8300","5151400","620.6506"
"20190531","01","13","    86860","","5630.0000","5630.0000","5630.0000","5630.0000","0.0000","0.0000","0.0000","0.0000","5630.0000","5630.0000","5630.0000","5630.0000"," ","0.0000","0.0000","50","281500","5630.0000"
"20190531","01","13","    93990","","90.0000","91.0000","89.0000","91.0000","90.0000","91.0000","89.0000","90.0000","90.0000","91.0000","89.0000","90.0000"," ","0.0000","0.0000","134464","12056554","89.6638"
"20190531","01","51","900011379","JP384325PJ71","99.0000","99.0000","99.0000","99.0000","99.0000","99.4000","99.0000","99.4000","99.0000","99.4000","99.0000","99.4000"," ","0.0000","0.0000","25000000","24782000","99.1280"
"20190531","01","51","900013050","JP354866PFC3","0.0000","0.0000","0.0000","0.0000","0.0000","0.0000","0.0000","0.0000","0.0000","0.0000","0.0000","0.0000"," ","0.0000","0.0000","0","0","0.0000"
"20190531","01","51","900016143","JP343420PG41","0.0000","0.0000","0.0000","0.0000","0.0000","0.0000","0.0000","0.0000","0.0000","0.0000","0.0000","0.0000"," ","0.0000","0.0000","0","0","0.0000"
"20190531","01","51","900017613","JP334670PF71","0.0000","0.0000","0.0000","0.0000","0.0000","0.0000","0.0000","0.0000","0.0000","0.0000","0.0000","0.0000"," ","0.0000","0.0000","0","0","0.0000"
"20190531","01","51","900018043","JP339910PF39","0.0000","0.0000","0.0000","0.0000","0.0000","0.0000","0.0000","0.0000","0.0000","0.0000","0.0000","0.0000","2","101.1000","0.0000","0","0","0.0000"
"20190531","01","51","900018521","JP364830PE35","0.0000","0.0000","0.0000","0.0000","0.0000","0.0000","0.0000","0.0000","0.0000","0.0000","0.0000","0.0000"," ","0.0000","0.0000","0","0","0.0000"
"20190531","01","51","900018541","JP316640PDC4","0.0000","0.0000","0.0000","0.0000","0.0000","0.0000","0.0000","0.0000","0.0000","0.0000","0.0000","0.0000"," ","0.0000","0.0000","0","0","0.0000"
"20190531","01","51","900018570","JP313140PG92","0.0000","0.0000","0.0000","0.0000","0.0000","0.0000","0.0000","0.0000","0.0000","0.0000","0.0000","0.0000"," ","0.0000","0.0000","0","0","0.0000"
"20190531","01","51","900022733","JP312510PJ77","0.0000","0.0000","0.0000","0.0000","0.0000","0.0000","0.0000","0.0000","0.0000","0.0000","0.0000","0.0000"," ","0.0000","0.0000","0","0","0.0000"
"20190531","01","51","900049616","JP325390PG36","107.2000","107.2000","107.0000","107.0000","0.0000","0.0000","0.0000","0.0000","107.2000","107.2000","107.0000","107.0000"," ","0.0000","0.0000","2000000","2142000","107.1000"
"20190531","01","51","900053946","JP355400PH30","0.0000","0.0000","0.0000","0.0000","105.0000","105.0000","105.0000","105.0000","105.0000","105.0000","105.0000","105.0000"," ","0.0000","0.0000","1000000","1050000","105.0000"
"20190531","01","51","900054046","JP348590PE79","0.0000","0.0000","0.0000","0.0000","0.0000","0.0000","0.0000","0.0000","0.0000","0.0000","0.0000","0.0000"," ","0.0000","0.0000","0","0","0.0000"
"20190531","01","51","900064046","JP348590PH92","0.0000","0.0000","0.0000","0.0000","0.0000","0.0000","0.0000","0.0000","0.0000","0.0000","0.0000","0.0000"," ","0.0000","0.0000","0","0","0.0000"
"20190531","01","51","900066758","JP343500PF78","0.0000","0.0000","0.0000","0.0000","0.0000","0.0000","0.0000","0.0000","0.0000","0.0000","0.0000","0.0000"," ","0.0000","0.0000","0","0","0.0000"
"20190531","01","51","900102004","JP336640PG64","0.0000","0.0000","0.0000","0.0000","0.0000","0.0000","0.0000","0.0000","0.0000","0.0000","0.0000","0.0000"," ","0.0000","0.0000","0","0","0.0000"
