"日付","取引所コード","株式債券種別ｺｰﾄﾞ","銘柄コード","ISIN","前場始値","前場高値","前場安値","前場終値","後場始値","後場高値","後場安値","後場終値","日通し始値","日通し高値","日通し安値","日通し終値","特別気配コード","特別気配値段","清算値段／証拠金算定基準値段","売買高","売買代金","VWAP"
"20210721","01","11","    13010","JP3257200000","2930.0000","2960.0000","2930.0000","2950.0000","2950.0000","2960.0000","2944.0000","2954.0000","2930.0000","2960.0000","2930.0000","2954.0000"," ","0.0000","0.0000","14800","43649900","2949.3176"
"20210721","01","11","    13050","JP3027620008","2000.0000","2009.0000","1987.0000","1987.0000","1991.0000","1993.0000","1983.0000","1985.0000","2000.0000","2009.0000","1983.0000","1985.0000"," ","0.0000","0.0000","91520","182243630","1991.2984"
"20210721","01","11","    13060","JP3027630007","1975.0000","1987.0000","1965.0000","1965.0000","1969.0000","1971.0000","1960.0000","1966.0000","1975.0000","1987.0000","1960.0000","1966.0000"," ","0.0000","0.0000","1746270","3440858120","1970.4044"
"20210721","01","11","    13080","JP3039100007","1956.0000","1965.0000","1945.0000","1946.0000","1949.0000","1949.0000","1938.0000","1944.0000","1956.0000","1965.0000","1938.0000","1944.0000"," ","0.0000","0.0000","199700","389638800","1951.1207"
"20210721","01","11","    13090","JP3046510008","43400.0000","43500.0000","43200.0000","43300.0000","43150.0000","43450.0000","43150.0000","43400.0000","43400.0000","43500.0000","43150.0000","43400.0000"," ","0.0000","0.0000","113","4898100","43346.0177"
"20210721","01","11","    13110","JP3040140000","893.0000","897.0000","890.0000","890.0000","892.0000","892.0000","886.0000","886.0000","893.0000","897.0000","886.0000","886.0000"," ","0.0000","0.0000","3800","3388720","891.7684"
"20210721","01","11","    13120","JP3046520007","20920.0000","21240.0000","20920.0000","21240.0000","21240.0000","21240.0000","21000.0000","21180.0000","20920.0000","21240.0000","20920.0000","21180.0000"," ","0.0000","0.0000","38","800710","21071.3158"
"20210721","01","11","    13200","JP3027640006","28430.0000","28520.0000","28140.0000","28140.0000","28190.0000","28220.0000","28070.0000","28160.0000","28430.0000","28520.0000","28070.0000","28160.0000"," ","0.0000","0.0000","53248","1508480560","28329.3374"
"20210721","01","11","    13210","JP3027650005","28480.0000","28590.0000","28200.0000","28200.0000","28250.0000","28270.0000","28120.0000","28220.0000","28480.0000","28590.0000","28120.0000","28220.0000"," ","0.0000","0.0000","202356","5736582380","28348.9611"
"20210721","01","11","    13220","JP3046760009","8260.0000","8410.0000","8230.0000","8410.0000","8380.0000","8390.0000","8330.0000","8360.0000","8260.0000","8410.0000","8230.0000","8360.0000"," ","0.0000","0.0000","1250","10421400","8337.1200"
"20210721","01","11","    13230","JP3046780007","488.0000","492.0000","484.0000","484.0000","484.0000","487.0000","482.0000","482.0000","488.0000","492.0000","482.0000","482.0000"," ","0.0000","0.0000","8000","3877500","484.6875"
"20210721","01","11","    13240","JP3046790006","153.0000","154.0000","151.0000","153.0000","153.0000","155.0000","152.0000","155.0000","153.0000","155.0000","151.0000","155.0000"," ","0.0000","0.0000","27000","4131000","153.0000"
"20210721","01","11","    13250","JP3046800003","191.0000","196.0000","191.0000","193.0000","190.0000","193.0000","190.0000","191.0000","191.0000","196.0000","190.0000","191.0000"," ","0.0000","0.0000","14600","2802100","191.9247"
"20210721","01","11","    13280","JP3046490003","5040.0000","5050.0000","5030.0000","5040.0000","5040.0000","5050.0000","5040.0000","5040.0000","5040.0000","5050.0000","5030.0000","5040.0000"," ","0.0000","0.0000","9480","47779900","5040.0738"
"20210721","01","11","    13290","JP3027710007","28820.0000","28920.0000","28530.0000","28530.0000","28570.0000","28610.0000","28470.0000","28560.0000","28820.0000","28920.0000","28470.0000","28560.0000"," ","0.0000","0.0000","54768","1567178120","28614.8503"
"20210721","01","11","    13300","JP3027660004","28530.0000","28630.0000","28250.0000","28260.0000","28280.0000","28320.0000","28170.0000","28280.0000","28530.0000","28630.0000","28170.0000","28280.0000"," ","0.0000","0.0000","37130","1053828400","28382.1277"
"20210721","01","11","    13320","JP3718800000","551.0000","557.0000","547.0000","551.0000","551.0000","556.0000","551.0000","556.0000","551.0000","557.0000","547.0000","556.0000"," ","0.0000","0.0000","1522200","842696200","553.6041"
"20210721","01","11","    13330","JP3876600002","2408.0000","2429.0000","2396.0000","2400.0000","2401.0000","2413.0000","2401.0000","2403.0000","2408.0000","2429.0000","2396.0000","2403.0000"," ","0.0000","0.0000","111800","269258900","2408.3980"
"20210721","01","11","    13430","JP3047010008","2308.0000","2322.0000","2308.0000","2310.0000","2311.0000","2314.0000","2296.0000","2298.0000","2308.0000","2322.0000","2296.0000","2298.0000"," ","0.0000","0.0000","321120","742084250","2310.9250"
"20210721","01","11","    13440","JP3047020007","873.0000","875.0000","873.0000","875.0000","869.0000","869.0000","867.0000","867.0000","873.0000","875.0000","867.0000","867.0000"," ","0.0000","0.0000","670","581810","868.3731"
"20210721","01","11","    13450","JP3047030006","2178.0000","2185.0000","2174.0000","2174.0000","2174.0000","2177.0000","2162.0000","2162.0000","2178.0000","2185.0000","2162.0000","2162.0000"," ","0.0000","0.0000","37400","81237000","2172.1123"
"20210721","01","11","    13460","JP3047040005","28620.0000","28720.0000","28330.0000","28330.0000","28370.0000","28410.0000","28270.0000","28350.0000","28620.0000","28720.0000","28270.0000","28350.0000"," ","0.0000","0.0000","21293","606854220","28500.1747"
"20210721","01","11","    13480","JP3047060003","1978.0000","1987.0000","1967.0000","1967.0000","1970.0000","1971.0000","1960.0000","1964.0000","1978.0000","1987.0000","1960.0000","1964.0000"," ","0.0000","0.0000","169070","334022290","1975.6449"
"20210721","01","11","    13520","JP3839400003","927.0000","927.0000","927.0000","927.0000","943.0000","943.0000","943.0000","943.0000","927.0000","943.0000","927.0000","943.0000"," ","0.0000","0.0000","200","187000","935.0000"
"20210721","01","11","    13560","JP3047770007","1183.0000","1193.0000","1167.0000","1192.0000","1188.0000","1200.0000","1187.0000","1195.0000","1183.0000","1200.0000","1167.0000","1195.0000"," ","0.0000","0.0000","456200","540583350","1184.9701"
"20210721","01","11","    13570","JP3047780006","444.0000","454.0000","440.0000","453.0000","452.0000","456.0000","450.0000","452.0000","444.0000","456.0000","440.0000","452.0000"," ","0.0000","0.0000","57725242","25850843438","447.8256"
"20210721","01","11","    13580","JP3047790005","27120.0000","27310.0000","26600.0000","26600.0000","26690.0000","26720.0000","26450.0000","26630.0000","27120.0000","27310.0000","26450.0000","26630.0000"," ","0.0000","0.0000","23850","642895420","26955.7828"
"20210721","01","11","    13600","JP3047810001","1087.0000","1108.0000","1077.0000","1107.0000","1105.0000","1113.0000","1101.0000","1104.0000","1087.0000","1113.0000","1077.0000","1104.0000"," ","0.0000","0.0000","13300910","14588209160","1096.7828"
"20210721","01","11","    13640","JP3047840008","17720.0000","17750.0000","17650.0000","17650.0000","17660.0000","17660.0000","17560.0000","17560.0000","17720.0000","17750.0000","17560.0000","17560.0000"," ","0.0000","0.0000","1407","24816510","17637.8891"
"20210721","01","11","    13650","JP3047850007","22540.0000","22700.0000","22100.0000","22120.0000","22160.0000","22210.0000","21990.0000","22150.0000","22540.0000","22700.0000","21990.0000","22150.0000"," ","0.0000","0.0000","49319","1105049060","22406.1530"
"20210721","01","11","    13660","JP3047860006","1159.0000","1184.0000","1151.0000","1183.0000","1180.0000","1190.0000","1177.0000","1180.0000","1159.0000","1190.0000","1151.0000","1180.0000"," ","0.0000","0.0000","506797","594170042","1172.4024"
"20210721","01","11","    13670","JP3047870005","17890.0000","18140.0000","17760.0000","17760.0000","17830.0000","17850.0000","17650.0000","17750.0000","17890.0000","18140.0000","17650.0000","17750.0000"," ","0.0000","0.0000","18238","326513830","17902.9406"
"20210721","01","11","    13680","JP3047880004","1714.0000","1728.0000","1689.0000","1728.0000","1721.0000","1739.0000","1719.0000","1729.0000","1714.0000","1739.0000","1689.0000","1729.0000"," ","0.0000","0.0000","75495","129774563","1718.9822"
"20210721","01","11","    13690","JP3047890003","27720.0000","27830.0000","27480.0000","27480.0000","27510.0000","27510.0000","27400.0000","27480.0000","27720.0000","27830.0000","27400.0000","27480.0000"," ","0.0000","0.0000","6524","180620480","27685.5426"
"20210721","01","11","    13750","JP3947010009","1665.0000","1676.0000","1658.0000","1665.0000","1660.0000","1672.0000","1658.0000","1669.0000","1665.0000","1676.0000","1658.0000","1669.0000"," ","0.0000","0.0000","48700","81150000","1666.3244"
"20210721","01","11","    13760","JP3216200000","1433.0000","1433.0000","1425.0000","1427.0000","1410.0000","1425.0000","1410.0000","1425.0000","1433.0000","1433.0000","1410.0000","1425.0000"," ","0.0000","0.0000","6500","9228200","1419.7231"
"20210721","01","11","    13770","JP3315000004","3690.0000","3720.0000","3660.0000","3680.0000","3685.0000","3705.0000","3680.0000","3685.0000","3690.0000","3720.0000","3660.0000","3685.0000"," ","0.0000","0.0000","53700","198314500","3693.0074"
"20210721","01","11","    13790","JP3843250006","1945.0000","1955.0000","1936.0000","1946.0000","1949.0000","1957.0000","1943.0000","1950.0000","1945.0000","1957.0000","1936.0000","1950.0000"," ","0.0000","0.0000","74200","144601200","1948.8032"
"20210721","01","11","    13840","JP3845670003","827.0000","827.0000","815.0000","815.0000","815.0000","820.0000","813.0000","813.0000","827.0000","827.0000","813.0000","813.0000"," ","0.0000","0.0000","9000","7356700","817.4111"
"20210721","01","11","    13970","JP3047920008","28070.0000","28080.0000","28040.0000","28080.0000","27800.0000","27800.0000","27800.0000","27800.0000","28070.0000","28080.0000","27800.0000","27800.0000"," ","0.0000","0.0000","71","1979330","27877.8873"
"20210721","01","11","    13980","JP3047930007","2190.0000","2200.0000","2190.0000","2198.0000","2198.0000","2198.0000","2187.0000","2187.0000","2190.0000","2200.0000","2187.0000","2187.0000"," ","0.0000","0.0000","750","1646950","2195.9333"
"20210721","01","11","    13990","JP3048170009","1544.0000","1546.0000","1544.0000","1546.0000","1544.0000","1544.0000","1544.0000","1544.0000","1544.0000","1546.0000","1544.0000","1544.0000"," ","0.0000","0.0000","6570","10156880","1545.9482"
"20210721","01","11","    14130","JP3792100004","2366.0000","2382.0000","2355.0000","2355.0000","2353.0000","2365.0000","2345.0000","2351.0000","2366.0000","2382.0000","2345.0000","2351.0000"," ","0.0000","0.0000","20900","49308800","2359.2727"
"20210721","01","11","    14140","JP3360250009","4715.0000","4765.0000","4695.0000","4725.0000","4720.0000","4740.0000","4715.0000","4725.0000","4715.0000","4765.0000","4695.0000","4725.0000"," ","0.0000","0.0000","91700","433717000","4729.7383"
"20210721","01","11","    14170","JP3910620008","2043.0000","2059.0000","2038.0000","2041.0000","2043.0000","2055.0000","2040.0000","2040.0000","2043.0000","2059.0000","2038.0000","2040.0000"," ","0.0000","0.0000","212000","433498900","2044.8061"
"20210721","01","11","    14190","JP3470900006","2982.0000","3015.0000","2708.0000","2740.0000","2733.0000","2798.0000","2723.0000","2756.0000","2982.0000","3015.0000","2708.0000","2756.0000"," ","0.0000","0.0000","8556100","23900997000","2793.4453"
"20210721","01","11","    14200","JP3337550002","728.0000","729.0000","727.0000","728.0000","726.0000","726.0000","721.0000","725.0000","728.0000","729.0000","721.0000","725.0000"," ","0.0000","0.0000","3600","2608200","724.5000"
"20210721","01","11","    14290","JP3686140009","532.0000","537.0000","532.0000","532.0000","532.0000","532.0000","525.0000","526.0000","532.0000","537.0000","525.0000","526.0000"," ","0.0000","0.0000","35800","18960600","529.6257"
"20210721","01","11","    14300","JP3802210009","783.0000","783.0000","777.0000","777.0000","777.0000","782.0000","775.0000","775.0000","783.0000","783.0000","775.0000","775.0000"," ","0.0000","0.0000","8600","6703800","779.5116"
"20210721","01","11","    14330","JP3835550009","1411.0000","1420.0000","1406.0000","1411.0000","1407.0000","1410.0000","1401.0000","1402.0000","1411.0000","1420.0000","1401.0000","1402.0000"," ","0.0000","0.0000","31600","44575300","1410.6108"
"20210721","01","11","    14350","JP3153950005","219.0000","224.0000","217.0000","218.0000","218.0000","219.0000","216.0000","216.0000","219.0000","224.0000","216.0000","216.0000"," ","0.0000","0.0000","564400","123718000","219.2027"
"20210721","01","11","    14460","JP3244530006","579.0000","580.0000","561.0000","561.0000","562.0000","570.0000","562.0000","570.0000","579.0000","580.0000","561.0000","570.0000"," ","0.0000","0.0000","14000","8017900","572.7071"
"20210721","01","11","    14480","JP3400060004","739.0000","763.0000","736.0000","761.0000","759.0000","762.0000","748.0000","756.0000","739.0000","763.0000","736.0000","756.0000"," ","0.0000","0.0000","210400","158979500","755.6060"
"20210721","01","11","    14560","JP3047940006","4505.0000","4555.0000","4500.0000","4555.0000","4550.0000","4565.0000","4545.0000","4555.0000","4505.0000","4565.0000","4500.0000","4555.0000"," ","0.0000","0.0000","9725","44137720","4538.5830"
"20210721","01","11","    14570","JP3047950005","5400.0000","5420.0000","5370.0000","5410.0000","5410.0000","5410.0000","5410.0000","5410.0000","5400.0000","5420.0000","5370.0000","5410.0000"," ","0.0000","0.0000","75","404910","5398.8000"
"20210721","01","11","    14580","JP3047970003","17080.0000","17230.0000","16760.0000","16770.0000","16810.0000","16850.0000","16680.0000","16800.0000","17080.0000","17230.0000","16680.0000","16800.0000"," ","0.0000","0.0000","1699756","28879688440","16990.4907"
"20210721","01","11","    14590","JP3047980002","1774.0000","1810.0000","1760.0000","1808.0000","1804.0000","1820.0000","1800.0000","1804.0000","1774.0000","1820.0000","1760.0000","1804.0000"," ","0.0000","0.0000","7459540","13409371136","1797.6137"
"20210721","01","11","    14600","JP3048190007","0.0000","0.0000","0.0000","0.0000","0.0000","0.0000","0.0000","0.0000","0.0000","0.0000","0.0000","0.0000"," ","0.0000","0.0000","0","0","0.0000"
"20210721","01","11","    14640","JP3048000008","14180.0000","14300.0000","14140.0000","14300.0000","14180.0000","14180.0000","14080.0000","14080.0000","14180.0000","14300.0000","14080.0000","14080.0000"," ","0.0000","0.0000","350","4964340","14183.8286"
"20210721","01","11","    14650","JP3048010007","0.0000","0.0000","0.0000","0.0000","0.0000","0.0000","0.0000","0.0000","0.0000","0.0000","0.0000","0.0000"," ","0.0000","0.0000","0","0","0.0000"
"20210721","01","11","    14660","JP3048020006","2233.0000","2244.0000","2210.0000","2244.0000","2255.0000","2256.0000","2246.0000","2256.0000","2233.0000","2256.0000","2210.0000","2256.0000"," ","0.0000","0.0000","3114","6956852","2234.0565"
"20210721","01","11","    14670","JP3048030005","13590.0000","13590.0000","13260.0000","13260.0000","13260.0000","13260.0000","13080.0000","13080.0000","13590.0000","13590.0000","13080.0000","13080.0000"," ","0.0000","0.0000","190","2554900","13446.8421"
"20210721","01","11","    14680","JP3048040004","0.0000","0.0000","0.0000","0.0000","0.0000","0.0000","0.0000","0.0000","0.0000","0.0000","0.0000","0.0000"," ","0.0000","0.0000","0","0","0.0000"
"20210721","01","11","    14690","JP3048050003","2214.0000","2239.0000","2187.0000","2239.0000","2222.0000","2238.0000","2222.0000","2224.0000","2214.0000","2239.0000","2187.0000","2224.0000"," ","0.0000","0.0000","1360","3015160","2217.0294"
"20210721","01","11","    14710","JP3048070001","3415.0000","3455.0000","3415.0000","3455.0000","0.0000","0.0000","0.0000","0.0000","3415.0000","3455.0000","3415.0000","3455.0000"," ","0.0000","0.0000","10","34190","3419.0000"
"20210721","01","11","    14720","JP3048080000","896.0000","922.0000","882.0000","898.0000","895.0000","906.0000","895.0000","906.0000","896.0000","922.0000","882.0000","906.0000"," ","0.0000","0.0000","7812","7047568","902.1464"
"20210721","01","11","    14730","JP3048090009","1941.0000","1941.0000","1928.0000","1928.0000","1932.0000","1932.0000","1927.0000","1927.0000","1941.0000","1941.0000","1927.0000","1927.0000"," ","0.0000","0.0000","3630","7008730","1930.7796"
"20210721","01","11","    14740","JP3048100006","17350.0000","17430.0000","17280.0000","17280.0000","17280.0000","17280.0000","17270.0000","17270.0000","17350.0000","17430.0000","17270.0000","17270.0000"," ","0.0000","0.0000","5775","100183420","17347.7784"
"20210721","01","11","    14750","JP3048120004","1972.0000","1981.0000","1960.0000","1960.0000","1966.0000","1966.0000","1954.0000","1958.0000","1972.0000","1981.0000","1954.0000","1958.0000"," ","0.0000","0.0000","60700","119529869","1969.1906"
"20210721","01","11","    14760","JP3048130003","2217.0000","2229.0000","2213.0000","2214.0000","2214.0000","2220.0000","2204.0000","2205.0000","2217.0000","2229.0000","2204.0000","2205.0000"," ","0.0000","0.0000","35497","78749766","2218.4907"
"20210721","01","11","    14770","JP3048140002","1850.0000","1860.0000","1847.0000","1847.0000","1850.0000","1850.0000","1841.0000","1848.0000","1850.0000","1860.0000","1841.0000","1848.0000"," ","0.0000","0.0000","544","1005597","1848.5239"
"20210721","01","11","    14780","JP3048150001","2155.0000","2164.0000","2151.0000","2160.0000","2154.0000","2161.0000","2150.0000","2161.0000","2155.0000","2164.0000","2150.0000","2161.0000"," ","0.0000","0.0000","1269","2737484","2157.1978"
"20210721","01","11","    14790","JP3048220002","23370.0000","23450.0000","23370.0000","23450.0000","0.0000","0.0000","0.0000","0.0000","23370.0000","23450.0000","23370.0000","23450.0000"," ","0.0000","0.0000","5","116930","23386.0000"
"20210721","01","11","    14800","JP3048230001","0.0000","0.0000","0.0000","0.0000","0.0000","0.0000","0.0000","0.0000","0.0000","0.0000","0.0000","0.0000"," ","0.0000","0.0000","0","0","0.0000"
"20210721","01","11","    14810","JP3048240000","1893.0000","1893.0000","1887.0000","1887.0000","0.0000","0.0000","0.0000","0.0000","1893.0000","1893.0000","1887.0000","1887.0000"," ","0.0000","0.0000","2","3780","1890.0000"
"20210721","01","11","    14820","JP3048250009","2398.0000","2401.0000","2397.0000","2401.0000","2400.0000","2402.0000","2400.0000","2400.0000","2398.0000","2402.0000","2397.0000","2400.0000"," ","0.0000","0.0000","73527","176367581","2398.6778"
"20210721","01","11","    14830","JP3048260008","1889.0000","1889.0000","1889.0000","1889.0000","0.0000","0.0000","0.0000","0.0000","1889.0000","1889.0000","1889.0000","1889.0000"," ","0.0000","0.0000","6","11334","1889.0000"
"20210721","01","11","    14840","JP3048270007","0.0000","0.0000","0.0000","0.0000","1861.0000","1862.0000","1861.0000","1862.0000","1861.0000","1862.0000","1861.0000","1862.0000"," ","0.0000","0.0000","3350","6237280","1861.8746"
"20210721","01","11","    14850","JP3048280006","0.0000","0.0000","0.0000","0.0000","0.0000","0.0000","0.0000","0.0000","0.0000","0.0000","0.0000","0.0000"," ","0.0000","0.0000","0","0","0.0000"
"20210721","01","11","    14860","JP3048330009","21690.0000","21700.0000","21660.0000","21700.0000","21690.0000","21710.0000","21680.0000","21680.0000","21690.0000","21710.0000","21660.0000","21680.0000"," ","0.0000","0.0000","232","5032770","21692.9741"
"20210721","01","11","    14870","JP3048340008","18670.0000","18670.0000","18640.0000","18650.0000","18650.0000","18680.0000","18650.0000","18680.0000","18670.0000","18680.0000","18640.0000","18680.0000"," ","0.0000","0.0000","74","1381100","18663.5135"
"20210721","01","11","    14880","JP3048350007","2208.0000","2225.0000","2208.0000","2209.0000","2211.0000","2217.0000","2201.0000","2202.0000","2208.0000","2225.0000","2201.0000","2202.0000"," ","0.0000","0.0000","27390","60549820","2210.6543"
"20210721","01","11","    14890","JP3048390003","34500.0000","34700.0000","34400.0000","34450.0000","34450.0000","34450.0000","34200.0000","34200.0000","34500.0000","34700.0000","34200.0000","34200.0000"," ","0.0000","0.0000","1367","47071750","34434.3453"
"20210721","01","11","    14900","JP3048400000","0.0000","0.0000","0.0000","0.0000","7730.0000","7730.0000","7730.0000","7730.0000","7730.0000","7730.0000","7730.0000","7730.0000"," ","0.0000","0.0000","80","618400","7730.0000"
"20210721","01","11","    14920","JP3048420008","16400.0000","16400.0000","16340.0000","16340.0000","0.0000","0.0000","0.0000","0.0000","16400.0000","16400.0000","16340.0000","16340.0000"," ","0.0000","0.0000","75","1228100","16374.6667"
"20210721","01","11","    14930","JP3048430007","16240.0000","16260.0000","16240.0000","16260.0000","16230.0000","16230.0000","16230.0000","16230.0000","16240.0000","16260.0000","16230.0000","16230.0000"," ","0.0000","0.0000","460","7467550","16233.8043"
"20210721","01","11","    14940","JP3048440006","18930.0000","19000.0000","18930.0000","19000.0000","18950.0000","18950.0000","18900.0000","18900.0000","18930.0000","19000.0000","18900.0000","18900.0000"," ","0.0000","0.0000","337","6369580","18900.8309"
"20210721","01","11","    14950","JP3048450005","10300.0000","10440.0000","10300.0000","10400.0000","10400.0000","10420.0000","10300.0000","10390.0000","10300.0000","10440.0000","10300.0000","10390.0000"," ","0.0000","0.0000","780","8066400","10341.5385"
"20210721","01","11","    14960","JP3048460004","2628.0000","2628.0000","2622.0000","2628.0000","2629.0000","2630.0000","2624.0000","2629.0000","2628.0000","2630.0000","2622.0000","2629.0000"," ","0.0000","0.0000","1668","4381543","2626.8243"
"20210721","01","11","    14970","JP3048470003","2363.0000","2363.0000","2358.0000","2362.0000","2361.0000","2361.0000","2357.0000","2359.0000","2363.0000","2363.0000","2357.0000","2359.0000"," ","0.0000","0.0000","4235","9994181","2359.9011"
"20210721","01","11","    14980","JP3048600005","14620.0000","14620.0000","14570.0000","14570.0000","14550.0000","14550.0000","14470.0000","14530.0000","14620.0000","14620.0000","14470.0000","14530.0000"," ","0.0000","0.0000","456","6624950","14528.3991"
"20210721","01","11","    14990","JP3048670008","8190.0000","8190.0000","8190.0000","8190.0000","8220.0000","8220.0000","8160.0000","8160.0000","8190.0000","8220.0000","8160.0000","8160.0000"," ","0.0000","0.0000","25","204740","8189.6000"
"20210721","01","11","    15140","JP3400750000","126.0000","128.0000","126.0000","127.0000","127.0000","127.0000","125.0000","127.0000","126.0000","128.0000","125.0000","127.0000"," ","0.0000","0.0000","393200","49720400","126.4507"
"20210721","01","11","    15150","JP3680800004","5600.0000","5690.0000","5530.0000","5630.0000","5650.0000","5680.0000","5630.0000","5680.0000","5600.0000","5690.0000","5530.0000","5680.0000"," ","0.0000","0.0000","29900","168751000","5643.8462"
"20210721","01","11","    15180","JP3894000003","1004.0000","1008.0000","997.0000","1003.0000","1003.0000","1003.0000","998.0000","1002.0000","1004.0000","1008.0000","997.0000","1002.0000"," ","0.0000","0.0000","19400","19438900","1002.0052"
"20210721","01","11","    15400","JP3047190008","6110.0000","6110.0000","6080.0000","6090.0000","6090.0000","6100.0000","6080.0000","6080.0000","6110.0000","6110.0000","6080.0000","6080.0000"," ","0.0000","0.0000","79445","483866790","6090.5883"
"20210721","01","11","    15410","JP3047200005","3555.0000","3575.0000","3545.0000","3555.0000","3555.0000","3565.0000","3550.0000","3550.0000","3555.0000","3575.0000","3545.0000","3550.0000"," ","0.0000","0.0000","27723","98722390","3561.0284"
"20210721","01","11","    15420","JP3047210004","8270.0000","8280.0000","8220.0000","8250.0000","8270.0000","8280.0000","8240.0000","8250.0000","8270.0000","8280.0000","8220.0000","8250.0000"," ","0.0000","0.0000","9306","76874960","8260.7952"
"20210721","01","11","    15430","JP3047220003","86900.0000","87100.0000","86900.0000","87000.0000","87200.0000","87200.0000","86700.0000","87200.0000","86900.0000","87200.0000","86700.0000","87200.0000"," ","0.0000","0.0000","73","6350800","86997.2603"
"20210721","01","11","    15450","JP3047240001","16420.0000","16420.0000","16360.0000","16360.0000","16360.0000","16380.0000","16340.0000","16360.0000","16420.0000","16420.0000","16340.0000","16360.0000"," ","0.0000","0.0000","66769","1093899780","16383.3483"
"20210721","01","11","    15460","JP3047250000","37300.0000","37400.0000","37200.0000","37200.0000","37200.0000","37300.0000","37200.0000","37200.0000","37300.0000","37400.0000","37200.0000","37200.0000"," ","0.0000","0.0000","60583","2258443800","37278.5072"
"20210721","01","11","    15470","JP3047260009","5170.0000","5180.0000","5160.0000","5170.0000","5160.0000","5170.0000","5150.0000","5170.0000","5170.0000","5180.0000","5150.0000","5170.0000"," ","0.0000","0.0000","43340","224019900","5168.8948"
"20210721","01","11","    15500","JP3047290006","3400.0000","3400.0000","3390.0000","3395.0000","3395.0000","3400.0000","3390.0000","3395.0000","3400.0000","3400.0000","3390.0000","3395.0000"," ","0.0000","0.0000","2180","7409050","3398.6468"
"20210721","01","11","    15510","JP3047300003","5260.0000","5260.0000","5230.0000","5230.0000","5230.0000","5230.0000","5210.0000","5230.0000","5260.0000","5260.0000","5210.0000","5230.0000"," ","0.0000","0.0000","190","995800","5241.0526"
"20210721","01","11","    15520","JP3047310002","2810.0000","2853.0000","2788.0000","2851.0000","2850.0000","2867.0000","2826.0000","2834.0000","2810.0000","2867.0000","2788.0000","2834.0000"," ","0.0000","0.0000","1646368","4647765774","2823.0419"
"20210721","01","11","    15540","JP3047330000","2938.0000","2955.0000","2938.0000","2941.0000","2940.0000","2942.0000","2940.0000","2942.0000","2938.0000","2955.0000","2938.0000","2942.0000"," ","0.0000","0.0000","4450","13092880","2942.2202"
"20210721","01","11","    15550","JP3047340009","1662.0000","1672.0000","1661.0000","1663.0000","1663.0000","1667.0000","1648.0000","1648.0000","1662.0000","1672.0000","1648.0000","1648.0000"," ","0.0000","0.0000","5700","9468490","1661.1386"
"20210721","01","11","    15590","JP3047360007","2999.0000","3025.0000","2990.0000","3020.0000","2993.0000","3020.0000","2993.0000","3020.0000","2999.0000","3025.0000","2990.0000","3020.0000"," ","0.0000","0.0000","195","584205","2995.9231"
"20210721","01","11","    15600","JP3047370006","4020.0000","4025.0000","3935.0000","3990.0000","3985.0000","4000.0000","3985.0000","4000.0000","4020.0000","4025.0000","3935.0000","4000.0000"," ","0.0000","0.0000","320","1269480","3967.1250"
"20210721","01","11","    15630","JP3047400001","4145.0000","4200.0000","4145.0000","4175.0000","4155.0000","4190.0000","4155.0000","4190.0000","4145.0000","4200.0000","4145.0000","4190.0000"," ","0.0000","0.0000","2298","9562450","4161.2054"
"20210721","01","11","    15660","JP3047420009","44200.0000","44300.0000","44050.0000","44050.0000","44200.0000","44200.0000","44100.0000","44100.0000","44200.0000","44300.0000","44050.0000","44100.0000"," ","0.0000","0.0000","269","11873150","44138.1041"
"20210721","01","11","    15670","JP3047430008","0.0000","0.0000","0.0000","0.0000","0.0000","0.0000","0.0000","0.0000","0.0000","0.0000","0.0000","0.0000"," ","0.0000","0.0000","0","0","0.0000"
"20210721","01","11","    15680","JP3047440007","23050.0000","23380.0000","22890.0000","22900.0000","22980.0000","23010.0000","22750.0000","22870.0000","23050.0000","23380.0000","22750.0000","22870.0000"," ","0.0000","0.0000","192990","4445067700","23032.6323"
"20210721","01","11","    15690","JP3047450006","2260.0000","2275.0000","2250.0000","2275.0000","2271.0000","2277.0000","2271.0000","2277.0000","2260.0000","2277.0000","2250.0000","2277.0000"," ","0.0000","0.0000","15700","35629410","2269.3892"
"20210721","01","11","    15700","JP3047460005","14610.0000","14730.0000","14330.0000","14340.0000","14380.0000","14420.0000","14260.0000","14380.0000","14610.0000","14730.0000","14260.0000","14380.0000"," ","0.0000","0.0000","7473282","108349181510","14498.2059"
"20210721","01","11","    15710","JP3047470004","1047.0000","1058.0000","1043.0000","1057.0000","1055.0000","1060.0000","1055.0000","1056.0000","1047.0000","1060.0000","1043.0000","1056.0000"," ","0.0000","0.0000","342611","360843087","1053.2151"
"20210721","01","11","    15720","JP3047520006","9810.0000","9980.0000","9800.0000","9810.0000","9810.0000","9820.0000","9720.0000","9730.0000","9810.0000","9980.0000","9720.0000","9730.0000"," ","0.0000","0.0000","640","6262300","9784.8438"
"20210721","01","11","    15730","JP3047530005","7150.0000","7150.0000","7020.0000","7110.0000","7110.0000","7140.0000","7100.0000","7140.0000","7150.0000","7150.0000","7020.0000","7140.0000"," ","0.0000","0.0000","140","992400","7088.5714"
"20210721","01","11","    15740","JP3047500008","0.0000","0.0000","0.0000","0.0000","0.0000","0.0000","0.0000","0.0000","0.0000","0.0000","0.0000","0.0000"," ","0.0000","0.0000","0","0","0.0000"
"20210721","01","11","    15770","JP3047560002","22260.0000","22350.0000","22120.0000","22120.0000","22150.0000","22180.0000","22060.0000","22070.0000","22260.0000","22350.0000","22060.0000","22070.0000"," ","0.0000","0.0000","813","18058380","22212.0295"
"20210721","01","11","    15780","JP3047570001","2214.0000","2220.0000","2190.0000","2190.0000","2196.0000","2197.0000","2188.0000","2194.0000","2214.0000","2220.0000","2188.0000","2194.0000"," ","0.0000","0.0000","1818","4007183","2204.1711"
"20210721","01","11","    15790","JP3047580000","15610.0000","15740.0000","15320.0000","15330.0000","15360.0000","15410.0000","15240.0000","15360.0000","15610.0000","15740.0000","15240.0000","15360.0000"," ","0.0000","0.0000","540950","8385698400","15501.7994"
"20210721","01","11","    15800","JP3047590009","2791.0000","2820.0000","2782.0000","2820.0000","2814.0000","2827.0000","2814.0000","2816.0000","2791.0000","2827.0000","2782.0000","2816.0000"," ","0.0000","0.0000","40020","111934100","2796.9540"
"20210721","01","11","    15850","JP3047620004","1515.0000","1515.0000","1515.0000","1515.0000","1500.0000","1500.0000","1500.0000","1500.0000","1515.0000","1515.0000","1500.0000","1500.0000"," ","0.0000","0.0000","100","150300","1503.0000"
"20210721","01","11","    15860","JP3047630003","1676.0000","1707.0000","1676.0000","1707.0000","0.0000","0.0000","0.0000","0.0000","1676.0000","1707.0000","1676.0000","1707.0000"," ","0.0000","0.0000","153","259688","1697.3072"
"20210721","01","11","    15910","JP3047670009","17340.0000","17370.0000","17220.0000","17220.0000","17240.0000","17240.0000","17170.0000","17220.0000","17340.0000","17370.0000","17170.0000","17220.0000"," ","0.0000","0.0000","1086","18733520","17250.0184"
"20210721","01","11","    15920","JP3047680008","1580.0000","1585.0000","1566.0000","1566.0000","1570.0000","1570.0000","1567.0000","1570.0000","1580.0000","1585.0000","1566.0000","1570.0000"," ","0.0000","0.0000","1919","3017305","1572.3319"
"20210721","01","11","    15930","JP3047690007","17680.0000","17800.0000","17620.0000","17620.0000","17690.0000","17690.0000","17690.0000","17690.0000","17680.0000","17800.0000","17620.0000","17690.0000"," ","0.0000","0.0000","367","6506570","17729.0736"
"20210721","01","11","    15950","JP3047700004","2186.0000","2190.0000","2185.0000","2190.0000","2183.0000","2183.0000","2169.0000","2174.0000","2186.0000","2190.0000","2169.0000","2174.0000"," ","0.0000","0.0000","13250","28987700","2187.7509"
"20210721","01","11","    15960","JP3047710003","1678.0000","1678.0000","1678.0000","1678.0000","1666.0000","1666.0000","1666.0000","1666.0000","1678.0000","1678.0000","1666.0000","1666.0000"," ","0.0000","0.0000","50","83540","1670.8000"
"20210721","01","11","    15970","JP3047720002","2200.0000","2210.0000","2200.0000","2200.0000","2199.0000","2203.0000","2188.0000","2189.0000","2200.0000","2210.0000","2188.0000","2189.0000"," ","0.0000","0.0000","45970","101324830","2204.1512"
"20210721","01","11","    15980","JP3047730001","19280.0000","19280.0000","19280.0000","19280.0000","0.0000","0.0000","0.0000","0.0000","19280.0000","19280.0000","19280.0000","19280.0000"," ","0.0000","0.0000","2","38560","19280.0000"
"20210721","01","11","    15990","JP3047740000","17520.0000","17520.0000","17520.0000","17520.0000","0.0000","0.0000","0.0000","0.0000","17520.0000","17520.0000","17520.0000","17520.0000"," ","0.0000","0.0000","1","17520","17520.0000"
"20210721","01","11","    16050","JP3294460005","764.0000","766.0000","753.0000","754.0000","756.0000","756.0000","748.0000","750.0000","764.0000","766.0000","748.0000","750.0000"," ","0.0000","0.0000","13139700","9926416100","755.4523"
"20210721","01","11","    16150","JP3040170007","141.0000","143.0000","140.0000","141.0000","140.0000","141.0000","140.0000","140.0000","141.0000","143.0000","140.0000","140.0000"," ","0.0000","0.0000","2009900","283937300","141.2694"
"20210721","01","11","    16170","JP3046560003","27650.0000","27690.0000","27520.0000","27690.0000","27520.0000","27650.0000","27510.0000","27620.0000","27650.0000","27690.0000","27510.0000","27620.0000"," ","0.0000","0.0000","83","2292000","27614.4578"
"20210721","01","11","    16180","JP3046570002","9670.0000","9690.0000","9590.0000","9590.0000","9560.0000","9560.0000","9530.0000","9530.0000","9670.0000","9690.0000","9530.0000","9530.0000"," ","0.0000","0.0000","248","2373100","9568.9516"
"20210721","01","11","    16190","JP3046580001","0.0000","0.0000","0.0000","0.0000","0.0000","0.0000","0.0000","0.0000","0.0000","0.0000","0.0000","0.0000"," ","0.0000","0.0000","0","0","0.0000"
"20210721","01","11","    16200","JP3046590000","26750.0000","26810.0000","26740.0000","26740.0000","26780.0000","26780.0000","26780.0000","26780.0000","26750.0000","26810.0000","26740.0000","26780.0000"," ","0.0000","0.0000","25","669190","26767.6000"
"20210721","01","11","    16210","JP3046600007","23030.0000","23100.0000","22920.0000","22920.0000","22950.0000","22950.0000","22830.0000","22920.0000","23030.0000","23100.0000","22830.0000","22920.0000"," ","0.0000","0.0000","116","2660190","22932.6724"
"20210721","01","11","    16220","JP3046610006","22870.0000","23080.0000","22790.0000","22790.0000","22840.0000","22880.0000","22790.0000","22880.0000","22870.0000","23080.0000","22790.0000","22880.0000"," ","0.0000","0.0000","154","3529620","22919.6104"
"20210721","01","11","    16230","JP3046620005","15050.0000","15130.0000","14950.0000","14950.0000","14930.0000","14930.0000","14870.0000","14870.0000","15050.0000","15130.0000","14870.0000","14870.0000"," ","0.0000","0.0000","112","1681140","15010.1786"
"20210721","01","11","    16240","JP3046630004","39350.0000","39350.0000","39050.0000","39100.0000","38950.0000","38950.0000","38550.0000","38750.0000","39350.0000","39350.0000","38550.0000","38750.0000"," ","0.0000","0.0000","23","899950","39128.2609"
"20210721","01","11","    16250","JP3046640003","28420.0000","28420.0000","28300.0000","28320.0000","28290.0000","28290.0000","28020.0000","28260.0000","28420.0000","28420.0000","28020.0000","28260.0000"," ","0.0000","0.0000","398","11241650","28245.3518"
"20210721","01","11","    16260","JP3046650002","28870.0000","29140.0000","28870.0000","28920.0000","28860.0000","28960.0000","28850.0000","28960.0000","28870.0000","29140.0000","28850.0000","28960.0000"," ","0.0000","0.0000","112","3242260","28948.7500"
"20210721","01","11","    16270","JP3046660001","5930.0000","5960.0000","5930.0000","5940.0000","5940.0000","5950.0000","5910.0000","5930.0000","5930.0000","5960.0000","5910.0000","5930.0000"," ","0.0000","0.0000","298","1770060","5939.7987"
"20210721","01","11","    16280","JP3046670000","14710.0000","14800.0000","14600.0000","14600.0000","14610.0000","14650.0000","14580.0000","14580.0000","14710.0000","14800.0000","14580.0000","14580.0000"," ","0.0000","0.0000","1240","18200790","14678.0565"
"20210721","01","11","    16290","JP3046680009","37900.0000","38050.0000","37700.0000","37800.0000","37700.0000","37700.0000","37550.0000","37550.0000","37900.0000","38050.0000","37550.0000","37550.0000"," ","0.0000","0.0000","143","5411150","37840.2098"
"20210721","01","11","    16300","JP3046690008","0.0000","0.0000","0.0000","0.0000","22850.0000","22850.0000","22850.0000","22850.0000","22850.0000","22850.0000","22850.0000","22850.0000"," ","0.0000","0.0000","8","182800","22850.0000"
"20210721","01","11","    16310","JP3046700005","7410.0000","7430.0000","7370.0000","7390.0000","7390.0000","7390.0000","7330.0000","7330.0000","7410.0000","7430.0000","7330.0000","7330.0000"," ","0.0000","0.0000","1162","8591700","7393.8898"
"20210721","01","11","    16320","JP3046710004","12560.0000","12670.0000","12530.0000","12620.0000","0.0000","0.0000","0.0000","0.0000","12560.0000","12670.0000","12530.0000","12620.0000"," ","0.0000","0.0000","26","327330","12589.6154"
"20210721","01","11","    16330","JP3046720003","28720.0000","29000.0000","28720.0000","28820.0000","28580.0000","28580.0000","28550.0000","28550.0000","28720.0000","29000.0000","28550.0000","28550.0000"," ","0.0000","0.0000","65","1864210","28680.1538"
"20210721","01","11","    16510","JP3048490001","1068.0000","1070.0000","1061.0000","1061.0000","1061.0000","1061.0000","1058.0000","1058.0000","1068.0000","1070.0000","1058.0000","1058.0000"," ","0.0000","0.0000","2580","2738260","1061.3411"
"20210721","01","11","    16520","JP3048500007","0.0000","0.0000","0.0000","0.0000","0.0000","0.0000","0.0000","0.0000","0.0000","0.0000","0.0000","0.0000"," ","0.0000","0.0000","0","0","0.0000"
"20210721","01","11","    16530","JP3048510006","2426.0000","2426.0000","2421.0000","2421.0000","2410.0000","2410.0000","2410.0000","2410.0000","2426.0000","2426.0000","2410.0000","2410.0000"," ","0.0000","0.0000","550","1331160","2420.2909"
"20210721","01","11","    16540","JP3048520005","1477.0000","1477.0000","1477.0000","1477.0000","0.0000","0.0000","0.0000","0.0000","1477.0000","1477.0000","1477.0000","1477.0000"," ","0.0000","0.0000","20","29540","1477.0000"
"20210721","01","11","    16550","JP3048530004","3415.0000","3425.0000","3405.0000","3410.0000","3405.0000","3415.0000","3405.0000","3405.0000","3415.0000","3425.0000","3405.0000","3405.0000"," ","0.0000","0.0000","200188","683421190","3413.8969"
"20210721","01","11","    16560","JP3048540003","2662.0000","2667.0000","2662.0000","2667.0000","2667.0000","2669.0000","2665.0000","2666.0000","2662.0000","2669.0000","2662.0000","2666.0000"," ","0.0000","0.0000","1943","5178700","2665.3114"
"20210721","01","11","    16570","JP3048550002","3040.0000","3040.0000","3025.0000","3035.0000","3035.0000","3035.0000","3020.0000","3030.0000","3040.0000","3040.0000","3020.0000","3030.0000"," ","0.0000","0.0000","897","2720130","3032.4749"
"20210721","01","11","    16580","JP3048560001","2379.0000","2398.0000","2371.0000","2371.0000","2374.0000","2374.0000","2367.0000","2371.0000","2379.0000","2398.0000","2367.0000","2371.0000"," ","0.0000","0.0000","2939","6985325","2376.7693"
"20210721","01","11","    16590","JP3048570000","2493.0000","2500.0000","2489.0000","2495.0000","2495.0000","2497.0000","2489.0000","2494.0000","2493.0000","2500.0000","2489.0000","2494.0000"," ","0.0000","0.0000","39562","98712849","2495.1430"
"20210721","01","11","    16600","JP3048580009","12210.0000","12240.0000","12200.0000","12200.0000","12200.0000","12200.0000","12130.0000","12140.0000","12210.0000","12240.0000","12130.0000","12140.0000"," ","0.0000","0.0000","349","4255010","12192.0057"
"20210721","01","11","    16620","JP3421100003","1834.0000","1843.0000","1815.0000","1815.0000","1820.0000","1820.0000","1807.0000","1807.0000","1834.0000","1843.0000","1807.0000","1807.0000"," ","0.0000","0.0000","207100","376540500","1818.1579"
"20210721","01","11","    16630","JP3277020008","1299.0000","1305.0000","1299.0000","1301.0000","1300.0000","1307.0000","1296.0000","1303.0000","1299.0000","1307.0000","1296.0000","1303.0000"," ","0.0000","0.0000","19600","25527300","1302.4133"
"20210721","01","11","    16710","JP3047080001","1424.0000","1431.0000","1422.0000","1424.0000","1421.0000","1429.0000","1421.0000","1427.0000","1424.0000","1431.0000","1421.0000","1427.0000"," ","0.0000","0.0000","1918387","2735088273","1425.7229"
"20210721","01","11","    16770","JP3047090000","52000.0000","52000.0000","52000.0000","52000.0000","52000.0000","52000.0000","52000.0000","52000.0000","52000.0000","52000.0000","52000.0000","52000.0000"," ","0.0000","0.0000","100","5200000","52000.0000"
"20210721","01","11","    16780","JP3047100007","206.0000","206.0000","204.0000","205.0000","205.0000","205.0000","204.0000","204.0000","206.0000","206.0000","204.0000","204.0000"," ","0.0000","0.0000","256700","52589300","204.8668"
"20210721","01","11","    16790","JP3047110006","33400.0000","33450.0000","33350.0000","33350.0000","33350.0000","33400.0000","33350.0000","33350.0000","33400.0000","33450.0000","33350.0000","33350.0000"," ","0.0000","0.0000","1220","40726500","33382.3770"
"20210721","01","11","    16800","JP3047120005","3495.0000","3510.0000","3490.0000","3490.0000","3500.0000","3500.0000","3490.0000","3490.0000","3495.0000","3510.0000","3490.0000","3490.0000"," ","0.0000","0.0000","9590","33633800","3507.1741"
"20210721","01","11","    16810","JP3047130004","1817.0000","1822.0000","1807.0000","1808.0000","1812.0000","1812.0000","1804.0000","1804.0000","1817.0000","1822.0000","1804.0000","1804.0000"," ","0.0000","0.0000","2570","4659770","1813.1401"
"20210721","01","11","    16820","JP3047140003","203.0000","205.0000","202.0000","202.0000","203.0000","203.0000","202.0000","203.0000","203.0000","205.0000","202.0000","203.0000"," ","0.0000","0.0000","18700","3796600","203.0267"
"20210721","01","11","    16980","JP3047170000","1818.0000","1818.0000","1812.0000","1812.0000","1806.0000","1806.0000","1800.0000","1800.0000","1818.0000","1818.0000","1800.0000","1800.0000"," ","0.0000","0.0000","120","217080","1809.0000"
"20210721","01","11","    16990","JP3047180009","176.0000","178.0000","175.0000","175.0000","175.0000","177.0000","175.0000","176.0000","176.0000","178.0000","175.0000","176.0000"," ","0.0000","0.0000","2404740","423678670","176.1848"
"20210721","01","11","    17120","JP3485700003","1308.0000","1308.0000","1260.0000","1286.0000","1286.0000","1299.0000","1272.0000","1287.0000","1308.0000","1308.0000","1260.0000","1287.0000"," ","0.0000","0.0000","144400","185681500","1285.8830"
"20210721","01","11","    17160","JP3473700007","1345.0000","1345.0000","1345.0000","1345.0000","1344.0000","1344.0000","1335.0000","1341.0000","1345.0000","1345.0000","1335.0000","1341.0000"," ","0.0000","0.0000","3700","4960500","1340.6757"
"20210721","01","11","    17170","JP3920400003","953.0000","953.0000","935.0000","940.0000","939.0000","948.0000","938.0000","948.0000","953.0000","953.0000","935.0000","948.0000"," ","0.0000","0.0000","28200","26627400","944.2340"
"20210721","01","11","    17190","JP3767810009","858.0000","858.0000","851.0000","852.0000","853.0000","854.0000","849.0000","849.0000","858.0000","858.0000","849.0000","849.0000"," ","0.0000","0.0000","245300","209029500","852.1382"
"20210721","01","11","    17200","JP3567410000","802.0000","808.0000","797.0000","800.0000","798.0000","800.0000","794.0000","794.0000","802.0000","808.0000","794.0000","794.0000"," ","0.0000","0.0000","338500","270952400","800.4502"
"20210721","01","11","    17210","JP3305530002","3025.0000","3095.0000","3025.0000","3055.0000","3065.0000","3070.0000","3045.0000","3055.0000","3025.0000","3095.0000","3025.0000","3055.0000"," ","0.0000","0.0000","455400","1394400500","3061.9247"
"20210721","01","11","    17260","JP3799610005","467.0000","469.0000","460.0000","464.0000","463.0000","465.0000","460.0000","464.0000","467.0000","469.0000","460.0000","464.0000"," ","0.0000","0.0000","105000","48709500","463.9000"
"20210721","01","11","    17620","JP3457900003","2007.0000","2030.0000","2003.0000","2024.0000","2027.0000","2033.0000","2016.0000","2018.0000","2007.0000","2033.0000","2003.0000","2018.0000"," ","0.0000","0.0000","62400","126177800","2022.0801"
"20210721","01","11","    17660","JP3590900001","10050.0000","10130.0000","10030.0000","10050.0000","10110.0000","10110.0000","10030.0000","10030.0000","10050.0000","10130.0000","10030.0000","10030.0000"," ","0.0000","0.0000","10900","109721000","10066.1468"
"20210721","01","11","    17680","JP3435700004","1034.0000","1034.0000","1013.0000","1013.0000","1024.0000","1030.0000","1008.0000","1029.0000","1034.0000","1034.0000","1008.0000","1029.0000"," ","0.0000","0.0000","20700","21218700","1025.0580"
"20210721","01","11","    17800","JP3934300009","903.0000","903.0000","898.0000","899.0000","901.0000","902.0000","898.0000","902.0000","903.0000","903.0000","898.0000","902.0000"," ","0.0000","0.0000","20400","18358800","899.9412"
"20210721","01","11","    17860","JP3197950003","277.0000","278.0000","276.0000","278.0000","277.0000","278.0000","275.0000","276.0000","277.0000","278.0000","275.0000","276.0000"," ","0.0000","0.0000","279900","77406300","276.5498"
"20210721","01","11","    18010","JP3443600006","3855.0000","3870.0000","3815.0000","3815.0000","3820.0000","3845.0000","3810.0000","3815.0000","3855.0000","3870.0000","3810.0000","3815.0000"," ","0.0000","0.0000","498800","1912806500","3834.8166"
"20210721","01","11","    18020","JP3190000004","924.0000","929.0000","916.0000","916.0000","921.0000","923.0000","916.0000","918.0000","924.0000","929.0000","916.0000","918.0000"," ","0.0000","0.0000","2895400","2668426700","921.6090"
"20210721","01","11","    18030","JP3358800005","902.0000","908.0000","896.0000","897.0000","898.0000","899.0000","894.0000","896.0000","902.0000","908.0000","894.0000","896.0000"," ","0.0000","0.0000","1865100","1677291300","899.3037"
"20210721","01","11","    18050","JP3629800008","1124.0000","1131.0000","1108.0000","1123.0000","1122.0000","1126.0000","1117.0000","1120.0000","1124.0000","1131.0000","1108.0000","1120.0000"," ","0.0000","0.0000","171000","192095800","1123.3673"
"20210721","01","11","    18080","JP3768600003","1485.0000","1500.0000","1481.0000","1484.0000","1489.0000","1493.0000","1481.0000","1481.0000","1485.0000","1500.0000","1481.0000","1481.0000"," ","0.0000","0.0000","876700","1303811400","1487.1808"
"20210721","01","11","    18100","JP3863600007","764.0000","768.0000","757.0000","767.0000","773.0000","773.0000","767.0000","771.0000","764.0000","773.0000","757.0000","771.0000"," ","0.0000","0.0000","12500","9565800","765.2640"
"20210721","01","11","    18110","JP3427800002","4045.0000","4050.0000","4045.0000","4050.0000","4065.0000","4080.0000","4060.0000","4080.0000","4045.0000","4080.0000","4045.0000","4080.0000"," ","0.0000","0.0000","1000","4060500","4060.5000"
"20210721","01","11","    18120","JP3210200006","1458.0000","1468.0000","1449.0000","1449.0000","1454.0000","1455.0000","1447.0000","1450.0000","1458.0000","1468.0000","1447.0000","1450.0000"," ","0.0000","0.0000","1079600","1570230400","1454.4557"
"20210721","01","11","    18130","JP3825600004","1822.0000","1850.0000","1817.0000","1836.0000","1834.0000","1848.0000","1830.0000","1832.0000","1822.0000","1850.0000","1817.0000","1832.0000"," ","0.0000","0.0000","44500","81718200","1836.3640"
"20210721","01","11","    18140","JP3485400000","981.0000","981.0000","980.0000","981.0000","981.0000","989.0000","980.0000","989.0000","981.0000","989.0000","980.0000","989.0000"," ","0.0000","0.0000","3100","3049300","983.6452"
"20210721","01","11","    18150","JP3545600003","1943.0000","1945.0000","1917.0000","1917.0000","1913.0000","1922.0000","1910.0000","1916.0000","1943.0000","1945.0000","1910.0000","1916.0000"," ","0.0000","0.0000","43600","84141500","1929.8509"
"20210721","01","11","    18200","JP3659200004","3520.0000","3560.0000","3505.0000","3535.0000","3535.0000","3535.0000","3495.0000","3495.0000","3520.0000","3560.0000","3495.0000","3495.0000"," ","0.0000","0.0000","157100","553646500","3524.1661"
"20210721","01","11","    18210","JP3889200006","491.0000","494.0000","488.0000","491.0000","492.0000","493.0000","488.0000","489.0000","491.0000","494.0000","488.0000","489.0000"," ","0.0000","0.0000","506000","248297400","490.7063"
"20210721","01","11","    18220","JP3498600000","4245.0000","4245.0000","4215.0000","4220.0000","4220.0000","4230.0000","4210.0000","4210.0000","4245.0000","4245.0000","4210.0000","4210.0000"," ","0.0000","0.0000","31600","133467500","4223.6551"
"20210721","01","11","    18240","JP3861200008","938.0000","946.0000","935.0000","937.0000","940.0000","942.0000","935.0000","936.0000","938.0000","946.0000","935.0000","936.0000"," ","0.0000","0.0000","651400","611534000","938.7995"
"20210721","01","11","    18260","JP3319600007","479.0000","481.0000","479.0000","481.0000","481.0000","481.0000","480.0000","481.0000","479.0000","481.0000","479.0000","481.0000"," ","0.0000","0.0000","9800","4705700","480.1735"
"20210721","01","11","    18270","JP3643600004","419.0000","419.0000","415.0000","415.0000","413.0000","415.0000","411.0000","413.0000","419.0000","419.0000","411.0000","413.0000"," ","0.0000","0.0000","15800","6555500","414.9051"
"20210721","01","11","    18330","JP3194800003","2967.0000","3000.0000","2951.0000","2951.0000","2965.0000","2984.0000","2962.0000","2964.0000","2967.0000","3000.0000","2951.0000","2964.0000"," ","0.0000","0.0000","51600","153412700","2973.1143"
"20210721","01","11","    18350","JP3595400007","2367.0000","2377.0000","2343.0000","2349.0000","2357.0000","2367.0000","2351.0000","2355.0000","2367.0000","2377.0000","2343.0000","2355.0000"," ","0.0000","0.0000","39200","92519400","2360.1888"
"20210721","01","11","    18470","JP3141400006","1888.0000","1896.0000","1881.0000","1887.0000","1888.0000","1888.0000","1865.0000","1871.0000","1888.0000","1896.0000","1865.0000","1871.0000"," ","0.0000","0.0000","16600","31208500","1880.0301"
"20210721","01","11","    18480","JP3820650004","562.0000","562.0000","551.0000","551.0000","551.0000","556.0000","551.0000","556.0000","562.0000","562.0000","551.0000","556.0000"," ","0.0000","0.0000","6700","3748200","559.4328"
"20210721","01","11","    18520","JP3110000001","4780.0000","4780.0000","4730.0000","4730.0000","4750.0000","4760.0000","4735.0000","4735.0000","4780.0000","4780.0000","4730.0000","4735.0000"," ","0.0000","0.0000","20600","97930000","4753.8835"
"20210721","01","11","    18600","JP3627000007","773.0000","782.0000","771.0000","771.0000","774.0000","777.0000","772.0000","772.0000","773.0000","782.0000","771.0000","772.0000"," ","0.0000","0.0000","260600","201776800","774.2778"
"20210721","01","11","    18610","JP3266800006","2880.0000","2915.0000","2869.0000","2893.0000","2900.0000","2900.0000","2876.0000","2877.0000","2880.0000","2915.0000","2869.0000","2877.0000"," ","0.0000","0.0000","159400","460937300","2891.7020"
"20210721","01","11","    18660","JP3240000004","2303.0000","2325.0000","2303.0000","2325.0000","2308.0000","2311.0000","2308.0000","2311.0000","2303.0000","2325.0000","2303.0000","2311.0000"," ","0.0000","0.0000","1400","3231600","2308.2857"
"20210721","01","11","    18670","JP3154400000","1417.0000","1432.0000","1417.0000","1424.0000","1425.0000","1425.0000","1425.0000","1425.0000","1417.0000","1432.0000","1417.0000","1425.0000"," ","0.0000","0.0000","1600","2277700","1423.5625"
"20210721","01","11","    18700","JP3933200002","734.0000","734.0000","725.0000","725.0000","728.0000","728.0000","724.0000","727.0000","734.0000","734.0000","724.0000","727.0000"," ","0.0000","0.0000","21500","15670700","728.8698"
"20210721","01","11","    18710","JP3801400007","613.0000","613.0000","609.0000","609.0000","610.0000","611.0000","608.0000","608.0000","613.0000","613.0000","608.0000","608.0000"," ","0.0000","0.0000","39400","24036100","610.0533"
"20210721","01","11","    18730","JP3783500006","394.0000","405.0000","394.0000","400.0000","400.0000","400.0000","395.0000","395.0000","394.0000","405.0000","394.0000","395.0000"," ","0.0000","0.0000","258000","103158100","399.8376"
"20210721","01","11","    18780","JP3486800000","13440.0000","13560.0000","13370.0000","13420.0000","13410.0000","13440.0000","13230.0000","13230.0000","13440.0000","13560.0000","13230.0000","13230.0000"," ","0.0000","0.0000","185800","2479017000","13342.3950"
"20210721","01","11","    18790","JP3380300008","863.0000","863.0000","847.0000","849.0000","848.0000","848.0000","841.0000","843.0000","863.0000","863.0000","841.0000","843.0000"," ","0.0000","0.0000","23400","19940900","852.1752"
"20210721","01","11","    18810","JP3750200002","3110.0000","3120.0000","3075.0000","3085.0000","3095.0000","3100.0000","3085.0000","3095.0000","3110.0000","3120.0000","3075.0000","3095.0000"," ","0.0000","0.0000","107300","331996500","3094.0960"
"20210721","01","11","    18820","JP3558000000","4710.0000","4710.0000","4625.0000","4625.0000","4620.0000","4635.0000","4595.0000","4595.0000","4710.0000","4710.0000","4595.0000","4595.0000"," ","0.0000","0.0000","16900","78638000","4653.1361"
"20210721","01","11","    18830","JP3861600009","2140.0000","2153.0000","2129.0000","2130.0000","2135.0000","2145.0000","2130.0000","2133.0000","2140.0000","2153.0000","2129.0000","2133.0000"," ","0.0000","0.0000","121100","258737800","2136.5632"
"20210721","01","11","    18840","JP3740200005","8140.0000","8170.0000","8130.0000","8130.0000","8130.0000","8200.0000","8130.0000","8180.0000","8140.0000","8200.0000","8130.0000","8180.0000"," ","0.0000","0.0000","7200","58787000","8164.8611"
"20210721","01","11","    18850","JP3556000002","2477.0000","2477.0000","2462.0000","2474.0000","2470.0000","2475.0000","2457.0000","2458.0000","2477.0000","2477.0000","2457.0000","2458.0000"," ","0.0000","0.0000","62200","153500600","2467.8553"
"20210721","01","11","    18870","JP3707200006","582.0000","587.0000","579.0000","582.0000","582.0000","585.0000","578.0000","580.0000","582.0000","587.0000","578.0000","580.0000"," ","0.0000","0.0000","66600","38778400","582.2583"
"20210721","01","11","    18880","JP3990800009","1646.0000","1673.0000","1632.0000","1660.0000","1655.0000","1676.0000","1655.0000","1655.0000","1646.0000","1676.0000","1632.0000","1655.0000"," ","0.0000","0.0000","85200","141628300","1662.3040"
"20210721","01","11","    18900","JP3609800002","576.0000","580.0000","574.0000","575.0000","578.0000","578.0000","573.0000","574.0000","576.0000","580.0000","573.0000","574.0000"," ","0.0000","0.0000","178000","102494300","575.8107"
"20210721","01","11","    18930","JP3309000002","757.0000","766.0000","751.0000","756.0000","758.0000","760.0000","753.0000","753.0000","757.0000","766.0000","751.0000","753.0000"," ","0.0000","0.0000","995100","754596500","758.3122"
"20210721","01","11","    18980","JP3414600001","884.0000","886.0000","880.0000","881.0000","881.0000","886.0000","880.0000","882.0000","884.0000","886.0000","880.0000","882.0000"," ","0.0000","0.0000","57100","50434500","883.2662"
"20210721","01","11","    18990","JP3805600008","4935.0000","4965.0000","4890.0000","4890.0000","4890.0000","4905.0000","4880.0000","4895.0000","4935.0000","4965.0000","4880.0000","4895.0000"," ","0.0000","0.0000","6900","33901500","4913.2609"
"20210721","01","11","    19090","JP3740800002","1818.0000","1854.0000","1808.0000","1840.0000","1839.0000","1846.0000","1820.0000","1833.0000","1818.0000","1854.0000","1808.0000","1833.0000"," ","0.0000","0.0000","19700","36077600","1831.3503"
"20210721","01","11","    19110","JP3409800004","2105.0000","2129.0000","2089.0000","2096.0000","2106.0000","2106.0000","2085.0000","2092.0000","2105.0000","2129.0000","2085.0000","2092.0000"," ","0.0000","0.0000","1696700","3571882300","2105.1938"
"20210721","01","11","    19140","JP3697400004","575.0000","581.0000","574.0000","579.0000","576.0000","580.0000","572.0000","578.0000","575.0000","581.0000","572.0000","578.0000"," ","0.0000","0.0000","43700","25182400","576.2563"
"20210721","01","11","    19210","JP3631400003","388.0000","388.0000","377.0000","377.0000","377.0000","381.0000","374.0000","379.0000","388.0000","388.0000","374.0000","379.0000"," ","0.0000","0.0000","40600","15516800","382.1872"
"20210721","01","11","    19250","JP3505000004","3380.0000","3422.0000","3358.0000","3375.0000","3379.0000","3385.0000","3365.0000","3374.0000","3380.0000","3422.0000","3358.0000","3374.0000"," ","0.0000","0.0000","1240500","4194466700","3381.2710"
"20210721","01","11","    19260","JP3965800000","1928.0000","1945.0000","1920.0000","1923.0000","1924.0000","1928.0000","1914.0000","1917.0000","1928.0000","1945.0000","1914.0000","1917.0000"," ","0.0000","0.0000","170800","329423600","1928.7096"
"20210721","01","11","    19280","JP3420600003","2261.5000","2283.0000","2249.5000","2258.0000","2258.5000","2262.5000","2250.5000","2250.5000","2261.5000","2283.0000","2249.5000","2250.5000"," ","0.0000","0.0000","1759500","3975347600","2259.3621"
"20210721","01","11","    19290","JP3684800000","757.0000","766.0000","756.0000","763.0000","763.0000","769.0000","762.0000","767.0000","757.0000","769.0000","756.0000","767.0000"," ","0.0000","0.0000","85600","65475500","764.9007"
"20210721","01","11","    19300","JP3845000003","1271.0000","1286.0000","1271.0000","1286.0000","1289.0000","1294.0000","1285.0000","1290.0000","1271.0000","1294.0000","1271.0000","1290.0000"," ","0.0000","0.0000","12000","15376100","1281.3417"
"20210721","01","11","    19340","JP3946200007","737.0000","739.0000","731.0000","734.0000","738.0000","738.0000","730.0000","731.0000","737.0000","739.0000","730.0000","731.0000"," ","0.0000","0.0000","78700","57801000","734.4473"
"20210721","01","11","    19380","JP3510600004","1695.0000","1709.0000","1690.0000","1709.0000","1714.0000","1735.0000","1714.0000","1735.0000","1695.0000","1735.0000","1690.0000","1735.0000"," ","0.0000","0.0000","6300","10844100","1721.2857"
"20210721","01","11","    19390","JP3962600007","2944.0000","2991.0000","2941.0000","2967.0000","2968.0000","2982.0000","2935.0000","2952.0000","2944.0000","2991.0000","2935.0000","2952.0000"," ","0.0000","0.0000","10600","31340400","2956.6415"
"20210721","01","11","    19410","JP3524000001","2294.0000","2301.0000","2279.0000","2285.0000","2280.0000","2292.0000","2273.0000","2273.0000","2294.0000","2301.0000","2273.0000","2273.0000"," ","0.0000","0.0000","47000","107419800","2285.5277"
"20210721","01","11","    19420","JP3230600003","907.0000","909.0000","895.0000","895.0000","895.0000","898.0000","892.0000","892.0000","907.0000","909.0000","892.0000","892.0000"," ","0.0000","0.0000","191900","172080700","896.7207"
"20210721","01","11","    19440","JP3263000006","1819.0000","1828.0000","1809.0000","1811.0000","1816.0000","1824.0000","1810.0000","1811.0000","1819.0000","1828.0000","1809.0000","1811.0000"," ","0.0000","0.0000","123500","224185900","1815.2704"
"20210721","01","11","    19450","JP3585400009","989.0000","997.0000","980.0000","982.0000","985.0000","985.0000","978.0000","982.0000","989.0000","997.0000","978.0000","982.0000"," ","0.0000","0.0000","18700","18431800","985.6578"
"20210721","01","11","    19460","JP3552230009","3595.0000","3640.0000","3595.0000","3630.0000","3625.0000","3670.0000","3625.0000","3630.0000","3595.0000","3670.0000","3595.0000","3630.0000"," ","0.0000","0.0000","7200","26120500","3627.8472"
"20210721","01","11","    19490","JP3407800006","2182.0000","2199.0000","2164.0000","2170.0000","2170.0000","2174.0000","2166.0000","2172.0000","2182.0000","2199.0000","2164.0000","2172.0000"," ","0.0000","0.0000","72500","157658100","2174.5945"
"20210721","01","11","    19500","JP3736200001","1936.0000","1939.0000","1916.0000","1930.0000","1936.0000","1941.0000","1923.0000","1923.0000","1936.0000","1941.0000","1916.0000","1923.0000"," ","0.0000","0.0000","99600","192498400","1932.7149"
"20210721","01","11","    19510","JP3254200003","2701.0000","2734.0000","2696.0000","2709.0000","2717.0000","2719.0000","2702.0000","2707.0000","2701.0000","2734.0000","2696.0000","2707.0000"," ","0.0000","0.0000","202200","548778000","2714.0356"
"20210721","01","11","    19520","JP3380250005","2176.0000","2176.0000","2141.0000","2141.0000","2146.0000","2150.0000","2119.0000","2139.0000","2176.0000","2176.0000","2119.0000","2139.0000"," ","0.0000","0.0000","15400","33043200","2145.6623"
"20210721","01","11","    19540","JP3703200000","3050.0000","3050.0000","2986.0000","3025.0000","3030.0000","3030.0000","3010.0000","3025.0000","3050.0000","3050.0000","2986.0000","3025.0000"," ","0.0000","0.0000","29200","88561700","3032.9349"
"20210721","01","11","    19590","JP3247050002","3695.0000","3735.0000","3695.0000","3710.0000","3730.0000","3730.0000","3710.0000","3725.0000","3695.0000","3735.0000","3695.0000","3725.0000"," ","0.0000","0.0000","69100","256953000","3718.5673"
"20210721","01","11","    19610","JP3325600009","1488.0000","1489.0000","1478.0000","1479.0000","1479.0000","1487.0000","1477.0000","1486.0000","1488.0000","1489.0000","1477.0000","1486.0000"," ","0.0000","0.0000","108000","160207800","1483.4056"
"20210721","01","11","    19630","JP3667600005","1009.0000","1011.0000","993.0000","994.0000","997.0000","997.0000","989.0000","989.0000","1009.0000","1011.0000","989.0000","989.0000"," ","0.0000","0.0000","1094300","1091507200","997.4479"
"20210721","01","11","    19640","JP3519800001","1900.0000","1915.0000","1893.0000","1904.0000","1908.0000","1912.0000","1891.0000","1902.0000","1900.0000","1915.0000","1891.0000","1902.0000"," ","0.0000","0.0000","15200","28915700","1902.3487"
"20210721","01","11","    19670","JP3940800000","806.0000","817.0000","804.0000","814.0000","815.0000","815.0000","808.0000","810.0000","806.0000","817.0000","804.0000","810.0000"," ","0.0000","0.0000","19300","15631800","809.9378"
"20210721","01","11","    19680","JP3447200001","2687.0000","2687.0000","2653.0000","2655.0000","2652.0000","2661.0000","2650.0000","2652.0000","2687.0000","2687.0000","2650.0000","2652.0000"," ","0.0000","0.0000","16100","42870800","2662.7826"
"20210721","01","11","    19690","JP3455200000","1970.0000","2000.0000","1962.0000","1988.0000","1995.0000","1998.0000","1979.0000","1979.0000","1970.0000","2000.0000","1962.0000","1979.0000"," ","0.0000","0.0000","134800","267875000","1987.2033"
"20210721","01","11","    19720","JP3330800008","2422.0000","2423.0000","2400.0000","2402.0000","2415.0000","2415.0000","2400.0000","2404.0000","2422.0000","2423.0000","2400.0000","2404.0000"," ","0.0000","0.0000","6900","16627000","2409.7101"
"20210721","01","11","    19730","JP3733800001","1795.0000","1804.0000","1787.0000","1798.0000","1799.0000","1805.0000","1793.0000","1802.0000","1795.0000","1805.0000","1787.0000","1802.0000"," ","0.0000","0.0000","232100","417568500","1799.0888"
"20210721","01","11","    19750","JP3112800002","3240.0000","3240.0000","3190.0000","3190.0000","3180.0000","3205.0000","3180.0000","3190.0000","3240.0000","3240.0000","3180.0000","3190.0000"," ","0.0000","0.0000","5900","18951500","3212.1186"
"20210721","01","11","    19760","JP3918200001","754.0000","760.0000","750.0000","758.0000","760.0000","763.0000","759.0000","759.0000","754.0000","763.0000","750.0000","759.0000"," ","0.0000","0.0000","89400","67794600","758.3289"
"20210721","01","11","    19790","JP3441200007","3500.0000","3505.0000","3425.0000","3455.0000","3470.0000","3485.0000","3450.0000","3450.0000","3500.0000","3505.0000","3425.0000","3450.0000"," ","0.0000","0.0000","62600","218100000","3484.0256"
"20210721","01","11","    19800","JP3486000007","2611.0000","2645.0000","2611.0000","2623.0000","2630.0000","2636.0000","2622.0000","2622.0000","2611.0000","2645.0000","2611.0000","2622.0000"," ","0.0000","0.0000","7500","19706300","2627.5067"
"20210721","01","11","    19820","JP3793400007","1889.0000","1889.0000","1865.0000","1878.0000","1878.0000","1880.0000","1867.0000","1872.0000","1889.0000","1889.0000","1865.0000","1872.0000"," ","0.0000","0.0000","50100","94177000","1879.7804"
"20210721","01","11","    20010","JP3723000000","1583.0000","1603.0000","1574.0000","1595.0000","1601.0000","1607.0000","1597.0000","1599.0000","1583.0000","1607.0000","1574.0000","1599.0000"," ","0.0000","0.0000","130900","209083400","1597.2758"
"20210721","01","11","    20020","JP3676800000","1690.0000","1704.0000","1681.0000","1686.0000","1691.0000","1698.0000","1687.0000","1698.0000","1690.0000","1704.0000","1681.0000","1698.0000"," ","0.0000","0.0000","489000","828583600","1694.4450"
"20210721","01","11","    20030","JP3683200004","6850.0000","6850.0000","6850.0000","6850.0000","6850.0000","6850.0000","6850.0000","6850.0000","6850.0000","6850.0000","6850.0000","6850.0000"," ","0.0000","0.0000","300","2055000","6850.0000"
"20210721","01","11","    20040","JP3366400004","3045.0000","3045.0000","3020.0000","3020.0000","3030.0000","3035.0000","3020.0000","3020.0000","3045.0000","3045.0000","3020.0000","3020.0000"," ","0.0000","0.0000","53100","161080000","3033.5217"
"20210721","01","11","    20090","JP3636200002","780.0000","782.0000","779.0000","782.0000","780.0000","783.0000","780.0000","783.0000","780.0000","783.0000","779.0000","783.0000"," ","0.0000","0.0000","4500","3517300","781.6222"
"20210721","01","11","    20530","JP3525400002","1140.0000","1144.0000","1131.0000","1135.0000","1136.0000","1136.0000","1128.0000","1129.0000","1140.0000","1144.0000","1128.0000","1129.0000"," ","0.0000","0.0000","67100","76111700","1134.3025"
"20210721","01","11","    20600","JP3802960009","756.0000","768.0000","756.0000","761.0000","764.0000","766.0000","761.0000","765.0000","756.0000","768.0000","756.0000","765.0000"," ","0.0000","0.0000","128300","97856800","762.7186"
"20210721","01","11","    21070","JP3614600009","1185.0000","1191.0000","1185.0000","1191.0000","1186.0000","1186.0000","1185.0000","1185.0000","1185.0000","1191.0000","1185.0000","1185.0000"," ","0.0000","0.0000","1100","1305100","1186.4545"
"20210721","01","11","    21080","JP3732600006","1648.0000","1648.0000","1634.0000","1635.0000","1635.0000","1640.0000","1627.0000","1631.0000","1648.0000","1648.0000","1627.0000","1631.0000"," ","0.0000","0.0000","18600","30523300","1641.0376"
"20210721","01","11","    21090","JP3890400009","1888.0000","1902.0000","1887.0000","1887.0000","1891.0000","1894.0000","1886.0000","1887.0000","1888.0000","1902.0000","1886.0000","1887.0000"," ","0.0000","0.0000","31300","59206100","1891.5687"
"20210721","01","11","    21120","JP3168800005","222.0000","222.0000","220.0000","221.0000","221.0000","221.0000","220.0000","220.0000","222.0000","222.0000","220.0000","220.0000"," ","0.0000","0.0000","12900","2853700","221.2171"
"20210721","01","11","    21170","JP3676600004","1686.0000","1695.0000","1681.0000","1693.0000","1691.0000","1695.0000","1689.0000","1695.0000","1686.0000","1695.0000","1681.0000","1695.0000"," ","0.0000","0.0000","12100","20437000","1689.0083"
"20210721","01","11","    21200","JP3758140002","339.0000","347.0000","338.0000","345.0000","344.0000","346.0000","340.0000","341.0000","339.0000","347.0000","338.0000","341.0000"," ","0.0000","0.0000","398700","136620800","342.6657"
"20210721","01","11","    21210","JP3882750007","2728.0000","2768.0000","2728.0000","2743.0000","2744.0000","2756.0000","2743.0000","2748.0000","2728.0000","2768.0000","2728.0000","2748.0000"," ","0.0000","0.0000","267800","736013900","2748.3715"
"20210721","01","11","    21240","JP3386130003","1805.0000","1815.0000","1790.0000","1790.0000","1790.0000","1797.0000","1780.0000","1787.0000","1805.0000","1815.0000","1780.0000","1787.0000"," ","0.0000","0.0000","74600","133834600","1794.0295"
"20210721","01","11","    21270","JP3689050007","3060.0000","3080.0000","3030.0000","3040.0000","3045.0000","3065.0000","3035.0000","3060.0000","3060.0000","3080.0000","3030.0000","3060.0000"," ","0.0000","0.0000","1000400","3056325500","3055.1035"
"20210721","01","11","    21300","JP3921700005","3305.0000","3335.0000","3265.0000","3295.0000","3295.0000","3305.0000","3270.0000","3305.0000","3305.0000","3335.0000","3265.0000","3305.0000"," ","0.0000","0.0000","47100","155378000","3298.8960"
"20210721","01","11","    21390","JP3520800008","367.0000","369.0000","365.0000","368.0000","369.0000","370.0000","369.0000","370.0000","367.0000","370.0000","365.0000","370.0000"," ","0.0000","0.0000","5100","1881500","368.9216"
"20210721","01","11","    21460","JP3949500007","3290.0000","3310.0000","3265.0000","3285.0000","3290.0000","3340.0000","3280.0000","3315.0000","3290.0000","3340.0000","3265.0000","3315.0000"," ","0.0000","0.0000","162700","538451500","3309.4745"
"20210721","01","11","    21480","JP3104880004","2067.0000","2112.0000","2067.0000","2098.0000","2098.0000","2110.0000","2070.0000","2077.0000","2067.0000","2112.0000","2067.0000","2077.0000"," ","0.0000","0.0000","56600","118348300","2090.9594"
"20210721","01","11","    21510","JP3462680004","1752.0000","1782.0000","1748.0000","1762.0000","1757.0000","1760.0000","1727.0000","1752.0000","1752.0000","1782.0000","1727.0000","1752.0000"," ","0.0000","0.0000","235100","412046200","1752.6423"
"20210721","01","11","    21530","JP3130480001","1316.0000","1354.0000","1305.0000","1308.0000","1303.0000","1332.0000","1296.0000","1301.0000","1316.0000","1354.0000","1296.0000","1301.0000"," ","0.0000","0.0000","197800","261643700","1322.7690"
"20210721","01","11","    21540","JP3635580008","1268.0000","1294.0000","1268.0000","1280.0000","1280.0000","1286.0000","1277.0000","1285.0000","1268.0000","1294.0000","1268.0000","1285.0000"," ","0.0000","0.0000","201800","258589500","1281.4148"
"20210721","01","11","    21570","JP3297360004","555.0000","569.0000","553.0000","557.0000","557.0000","560.0000","555.0000","555.0000","555.0000","569.0000","553.0000","555.0000"," ","0.0000","0.0000","790000","441546400","558.9195"
"20210721","01","11","    21630","JP3126230006","830.0000","838.0000","830.0000","838.0000","838.0000","839.0000","836.0000","836.0000","830.0000","839.0000","830.0000","836.0000"," ","0.0000","0.0000","9000","7519300","835.4778"
"20210721","01","11","    21680","JP3781490002","2241.0000","2265.0000","2202.0000","2218.0000","2221.0000","2255.0000","2215.0000","2244.0000","2241.0000","2265.0000","2202.0000","2244.0000"," ","0.0000","0.0000","260000","581679300","2237.2281"
"20210721","01","11","    21690","JP3347040002","1539.0000","1551.0000","1539.0000","1540.0000","1554.0000","1557.0000","1546.0000","1557.0000","1539.0000","1557.0000","1539.0000","1557.0000"," ","0.0000","0.0000","4000","6195800","1548.9500"
"20210721","01","11","    21700","JP3977020001","855.0000","881.0000","855.0000","872.0000","871.0000","877.0000","871.0000","873.0000","855.0000","881.0000","855.0000","873.0000"," ","0.0000","0.0000","362200","315182200","870.1883"
"20210721","01","11","    21740","JP3386390003","1087.0000","1093.0000","1071.0000","1073.0000","1073.0000","1075.0000","1058.0000","1064.0000","1087.0000","1093.0000","1058.0000","1064.0000"," ","0.0000","0.0000","491900","527799400","1072.9811"
"20210721","01","11","    21750","JP3162350007","3130.0000","3145.0000","3070.0000","3070.0000","3085.0000","3085.0000","3060.0000","3085.0000","3130.0000","3145.0000","3060.0000","3085.0000"," ","0.0000","0.0000","225900","698410500","3091.6799"
"20210721","01","11","    21800","JP3322500004","704.0000","730.0000","704.0000","719.0000","722.0000","726.0000","719.0000","724.0000","704.0000","730.0000","704.0000","724.0000"," ","0.0000","0.0000","19800","14290800","721.7576"
"20210721","01","11","    21810","JP3547670004","2213.0000","2231.0000","2186.0000","2186.0000","2202.0000","2230.0000","2200.0000","2225.0000","2213.0000","2231.0000","2186.0000","2225.0000"," ","0.0000","0.0000","424800","942939200","2219.7250"
"20210721","01","11","    21830","JP3974530002","941.0000","950.0000","928.0000","946.0000","946.0000","968.0000","944.0000","966.0000","941.0000","968.0000","928.0000","966.0000"," ","0.0000","0.0000","73500","69885500","950.8231"
"20210721","01","11","    21930","JP3266170004","244.0000","245.0000","242.0000","243.0000","244.0000","244.0000","242.0000","244.0000","244.0000","245.0000","242.0000","244.0000"," ","0.0000","0.0000","163700","39858800","243.4869"
"20210721","01","11","    21960","JP3162620003","455.0000","465.0000","453.0000","457.0000","457.0000","457.0000","450.0000","455.0000","455.0000","465.0000","450.0000","455.0000"," ","0.0000","0.0000","113800","51805000","455.2285"
"20210721","01","11","    21980","JP3101120008","671.0000","672.0000","669.0000","671.0000","671.0000","672.0000","668.0000","670.0000","671.0000","672.0000","668.0000","670.0000"," ","0.0000","0.0000","6500","4357500","670.3846"
"20210721","01","11","    22010","JP3926400007","3595.0000","3610.0000","3560.0000","3560.0000","3565.0000","3585.0000","3560.0000","3585.0000","3595.0000","3610.0000","3560.0000","3585.0000"," ","0.0000","0.0000","250200","896593000","3583.5052"
"20210721","01","11","    22040","JP3646000004","3735.0000","3765.0000","3735.0000","3765.0000","3765.0000","3765.0000","3760.0000","3765.0000","3735.0000","3765.0000","3735.0000","3765.0000"," ","0.0000","0.0000","1300","4890500","3761.9231"
"20210721","01","11","    22060","JP3161200005","4205.0000","4220.0000","4185.0000","4195.0000","4210.0000","4215.0000","4200.0000","4200.0000","4205.0000","4220.0000","4185.0000","4200.0000"," ","0.0000","0.0000","121800","512191000","4205.1806"
"20210721","01","11","    22070","JP3920200007","1587.0000","1602.0000","1587.0000","1602.0000","1602.0000","1602.0000","1595.0000","1601.0000","1587.0000","1602.0000","1587.0000","1601.0000"," ","0.0000","0.0000","5200","8298100","1595.7885"
"20210721","01","11","    22090","JP3149200002","2292.0000","2309.0000","2292.0000","2304.0000","2308.0000","2310.0000","2299.0000","2304.0000","2292.0000","2310.0000","2292.0000","2304.0000"," ","0.0000","0.0000","6300","14517000","2304.2857"
"20210721","01","11","    22110","JP3821200007","2150.0000","2151.0000","2130.0000","2132.0000","2135.0000","2144.0000","2130.0000","2144.0000","2150.0000","2151.0000","2130.0000","2144.0000"," ","0.0000","0.0000","26200","56085000","2140.6489"
"20210721","01","11","    22120","JP3935600001","1558.0000","1575.0000","1553.0000","1560.0000","1565.0000","1570.0000","1560.0000","1570.0000","1558.0000","1575.0000","1553.0000","1570.0000"," ","0.0000","0.0000","417400","653573200","1565.8198"
"20210721","01","11","    22150","JP3479400008","872.0000","887.0000","866.0000","879.0000","879.0000","883.0000","877.0000","877.0000","872.0000","887.0000","866.0000","877.0000"," ","0.0000","0.0000","64800","56842300","877.1960"
"20210721","01","11","    22170","JP3927600001","5310.0000","5310.0000","5250.0000","5250.0000","5240.0000","5250.0000","5220.0000","5230.0000","5310.0000","5310.0000","5220.0000","5230.0000"," ","0.0000","0.0000","23800","125906000","5290.1681"
"20210721","01","11","    22200","JP3219800004","4670.0000","4690.0000","4655.0000","4655.0000","4650.0000","4660.0000","4625.0000","4650.0000","4670.0000","4690.0000","4625.0000","4650.0000"," ","0.0000","0.0000","22000","102440000","4656.3636"
"20210721","01","11","    22220","JP3299600001","6760.0000","6930.0000","6670.0000","6770.0000","6780.0000","6820.0000","6700.0000","6720.0000","6760.0000","6930.0000","6670.0000","6720.0000"," ","0.0000","0.0000","122200","828136000","6776.8903"
"20210721","01","11","    22290","JP3220580009","2581.0000","2597.0000","2575.0000","2582.0000","2590.0000","2591.0000","2578.0000","2591.0000","2581.0000","2597.0000","2575.0000","2591.0000"," ","0.0000","0.0000","290900","752524900","2586.8852"
"20210721","01","11","    22640","JP3926800008","6120.0000","6210.0000","6080.0000","6180.0000","6200.0000","6200.0000","6150.0000","6190.0000","6120.0000","6210.0000","6080.0000","6190.0000"," ","0.0000","0.0000","176700","1090545000","6171.7317"
"20210721","01","11","    22660","JP3984800007","1538.0000","1546.0000","1530.0000","1545.0000","1542.0000","1559.0000","1542.0000","1559.0000","1538.0000","1559.0000","1530.0000","1559.0000"," ","0.0000","0.0000","27100","41966900","1548.5941"
"20210721","01","11","    22670","JP3931600005","6340.0000","6400.0000","6340.0000","6370.0000","6380.0000","6410.0000","6350.0000","6390.0000","6340.0000","6410.0000","6340.0000","6390.0000"," ","0.0000","0.0000","241600","1541092000","6378.6921"
"20210721","01","11","    22690","JP3918000005","6850.0000","6910.0000","6820.0000","6850.0000","6880.0000","6910.0000","6850.0000","6900.0000","6850.0000","6910.0000","6820.0000","6900.0000"," ","0.0000","0.0000","444100","3053595000","6875.9176"
"20210721","01","11","    22700","JP3947800003","2085.0000","2119.0000","2076.0000","2090.0000","2099.0000","2111.0000","2092.0000","2096.0000","2085.0000","2119.0000","2076.0000","2096.0000"," ","0.0000","0.0000","117700","247020500","2098.7298"
"20210721","01","11","    22810","JP3833200003","3045.0000","3070.0000","3030.0000","3050.0000","3050.0000","3070.0000","3050.0000","3060.0000","3045.0000","3070.0000","3030.0000","3060.0000"," ","0.0000","0.0000","81200","248154500","3056.0899"
"20210721","01","11","    22820","JP3743000006","4415.0000","4455.0000","4405.0000","4405.0000","4425.0000","4440.0000","4415.0000","4440.0000","4415.0000","4455.0000","4405.0000","4440.0000"," ","0.0000","0.0000","318800","1412964000","4432.1330"
"20210721","01","11","    22860","JP3772200006","580.0000","583.0000","577.0000","582.0000","581.0000","582.0000","577.0000","578.0000","580.0000","583.0000","577.0000","578.0000"," ","0.0000","0.0000","8300","4818300","580.5181"
"20210721","01","11","    22880","JP3876400007","1745.0000","1745.0000","1725.0000","1731.0000","1734.0000","1737.0000","1729.0000","1733.0000","1745.0000","1745.0000","1725.0000","1733.0000"," ","0.0000","0.0000","25900","44919800","1734.3552"
"20210721","01","11","    22920","JP3399300007","3475.0000","3475.0000","3420.0000","3430.0000","3430.0000","3460.0000","3430.0000","3455.0000","3475.0000","3475.0000","3420.0000","3455.0000"," ","0.0000","0.0000","30200","104204500","3450.4801"
"20210721","01","11","    22940","JP3206500005","2486.0000","2510.0000","2486.0000","2490.0000","2509.0000","2509.0000","2485.0000","2501.0000","2486.0000","2510.0000","2485.0000","2501.0000"," ","0.0000","0.0000","4500","11241800","2498.1778"
"20210721","01","11","    22960","JP3144500000","728.0000","730.0000","724.0000","727.0000","730.0000","732.0000","726.0000","732.0000","728.0000","732.0000","724.0000","732.0000"," ","0.0000","0.0000","237100","172888900","729.1814"
"20210721","01","11","    23010","JP3234400004","1232.0000","1240.0000","1208.0000","1221.0000","1219.0000","1223.0000","1209.0000","1211.0000","1232.0000","1240.0000","1208.0000","1211.0000"," ","0.0000","0.0000","88700","108146900","1219.2435"
"20210721","01","11","    23050","JP3399240005","2411.0000","2450.0000","2373.0000","2396.0000","2404.0000","2404.0000","2376.0000","2385.0000","2411.0000","2450.0000","2373.0000","2385.0000"," ","0.0000","0.0000","100900","242158900","2399.9891"
"20210721","01","11","    23070","JP3272600002","985.0000","985.0000","985.0000","985.0000","985.0000","985.0000","975.0000","977.0000","985.0000","985.0000","975.0000","977.0000"," ","0.0000","0.0000","3200","3139500","981.0938"
"20210721","01","11","    23090","JP3359000001","1477.0000","1496.0000","1474.0000","1492.0000","1493.0000","1495.0000","1488.0000","1494.0000","1477.0000","1496.0000","1474.0000","1494.0000"," ","0.0000","0.0000","23700","35275900","1488.4346"
"20210721","01","11","    23110","JP3167250004","915.0000","920.0000","895.0000","895.0000","892.0000","906.0000","885.0000","906.0000","915.0000","920.0000","885.0000","906.0000"," ","0.0000","0.0000","22400","20281300","905.4152"
"20210721","01","11","    23170","JP3351050004","2158.0000","2177.0000","2152.0000","2154.0000","2157.0000","2173.0000","2156.0000","2156.0000","2158.0000","2177.0000","2152.0000","2156.0000"," ","0.0000","0.0000","77600","167757900","2161.8286"
"20210721","01","11","    23250","JP3718600004","1915.0000","1917.0000","1894.0000","1897.0000","1898.0000","1904.0000","1895.0000","1895.0000","1915.0000","1917.0000","1894.0000","1895.0000"," ","0.0000","0.0000","21300","40509000","1901.8310"
"20210721","01","11","    23260","JP3549020000","8110.0000","8160.0000","8050.0000","8050.0000","8070.0000","8080.0000","7990.0000","8080.0000","8110.0000","8160.0000","7990.0000","8080.0000"," ","0.0000","0.0000","57600","465266000","8077.5347"
"20210721","01","11","    23270","JP3379900008","3525.0000","3545.0000","3505.0000","3515.0000","3525.0000","3525.0000","3495.0000","3500.0000","3525.0000","3545.0000","3495.0000","3500.0000"," ","0.0000","0.0000","78000","274219500","3515.6346"
"20210721","01","11","    23310","JP3431900004","5120.0000","5160.0000","5100.0000","5130.0000","5140.0000","5150.0000","5120.0000","5140.0000","5120.0000","5160.0000","5100.0000","5140.0000"," ","0.0000","0.0000","119400","613096000","5134.8074"
"20210721","01","11","    23350","JP3244950006","1014.0000","1023.0000","1009.0000","1015.0000","1014.0000","1020.0000","1011.0000","1019.0000","1014.0000","1023.0000","1009.0000","1019.0000"," ","0.0000","0.0000","23500","23885900","1016.4213"
"20210721","01","11","    23370","JP3120010008","336.0000","338.0000","329.0000","329.0000","329.0000","330.0000","327.0000","327.0000","336.0000","338.0000","327.0000","327.0000"," ","0.0000","0.0000","733200","242761200","331.0982"
"20210721","01","11","    23520","JP3160770008","2028.0000","2035.0000","2003.0000","2020.0000","2020.0000","2039.0000","2007.0000","2039.0000","2028.0000","2039.0000","2003.0000","2039.0000"," ","0.0000","0.0000","24400","49321800","2021.3852"
"20210721","01","11","    23530","JP3728000005","162.0000","165.0000","161.0000","162.0000","162.0000","164.0000","162.0000","164.0000","162.0000","165.0000","161.0000","164.0000"," ","0.0000","0.0000","1872700","305125400","162.9334"
"20210721","01","11","    23590","JP3284000001","1409.0000","1421.0000","1409.0000","1421.0000","1422.0000","1438.0000","1418.0000","1431.0000","1409.0000","1438.0000","1409.0000","1431.0000"," ","0.0000","0.0000","11000","15684400","1425.8545"
"20210721","01","11","    23710","JP3206000006","3105.0000","3130.0000","3075.0000","3075.0000","3090.0000","3100.0000","3045.0000","3050.0000","3105.0000","3130.0000","3045.0000","3050.0000"," ","0.0000","0.0000","475000","1462243500","3078.4074"
"20210721","01","11","    23720","JP3105170009","1917.0000","1936.0000","1913.0000","1921.0000","1923.0000","1938.0000","1913.0000","1937.0000","1917.0000","1938.0000","1913.0000","1937.0000"," ","0.0000","0.0000","28800","55473200","1926.1528"
"20210721","01","11","    23740","JP3424980005","962.0000","962.0000","952.0000","954.0000","951.0000","958.0000","951.0000","955.0000","962.0000","962.0000","951.0000","955.0000"," ","0.0000","0.0000","46800","44745100","956.0919"
"20210721","01","11","    23760","JP3311350007","699.0000","699.0000","687.0000","691.0000","691.0000","694.0000","691.0000","694.0000","699.0000","699.0000","687.0000","694.0000"," ","0.0000","0.0000","3500","2423200","692.3429"
"20210721","01","11","    23780","JP3978800005","1255.0000","1272.0000","1242.0000","1256.0000","1257.0000","1266.0000","1246.0000","1246.0000","1255.0000","1272.0000","1242.0000","1246.0000"," ","0.0000","0.0000","144100","181117400","1256.8869"
"20210721","01","11","    23790","JP3548640006","3380.0000","3410.0000","3340.0000","3350.0000","3355.0000","3400.0000","3355.0000","3385.0000","3380.0000","3410.0000","3340.0000","3385.0000"," ","0.0000","0.0000","163800","553216000","3377.3871"
"20210721","01","11","    23840","JP3163500006","3250.0000","3270.0000","3245.0000","3250.0000","3245.0000","3285.0000","3245.0000","3275.0000","3250.0000","3285.0000","3245.0000","3275.0000"," ","0.0000","0.0000","54800","178834000","3263.3942"
"20210721","01","11","    23890","JP3197730009","2257.0000","2275.0000","2239.0000","2239.0000","2239.0000","2260.0000","2237.0000","2255.0000","2257.0000","2275.0000","2237.0000","2255.0000"," ","0.0000","0.0000","94000","212097900","2256.3606"
"20210721","01","11","    23950","JP3379950003","1047.0000","1066.0000","1041.0000","1065.0000","1066.0000","1066.0000","1058.0000","1062.0000","1047.0000","1066.0000","1041.0000","1062.0000"," ","0.0000","0.0000","457300","483078900","1056.3720"
"20210721","01","11","    24100","JP3244450007","1012.0000","1033.0000","1012.0000","1019.0000","1015.0000","1019.0000","1015.0000","1017.0000","1012.0000","1033.0000","1012.0000","1017.0000"," ","0.0000","0.0000","10500","10707800","1019.7905"
"20210721","01","11","    24120","JP3835630009","3470.0000","3490.0000","3430.0000","3435.0000","3445.0000","3480.0000","3445.0000","3475.0000","3470.0000","3490.0000","3430.0000","3475.0000"," ","0.0000","0.0000","157000","544473000","3467.9809"
"20210721","01","11","    24130","JP3435750009","7461.0000","7538.0000","7418.0000","7434.0000","7439.0000","7455.0000","7358.0000","7421.0000","7461.0000","7538.0000","7358.0000","7421.0000"," ","0.0000","0.0000","1726800","12860615000","7447.6575"
"20210721","01","11","    24180","JP3835670005","336.0000","341.0000","334.0000","334.0000","335.0000","336.0000","331.0000","333.0000","336.0000","341.0000","331.0000","333.0000"," ","0.0000","0.0000","201300","67648800","336.0596"
"20210721","01","11","    24240","JP3830600007","490.0000","495.0000","484.0000","492.0000","492.0000","492.0000","485.0000","486.0000","490.0000","495.0000","484.0000","486.0000"," ","0.0000","0.0000","19300","9425600","488.3731"
"20210721","01","11","    24270","JP3105270007","2089.0000","2102.0000","2060.0000","2060.0000","2063.0000","2078.0000","2063.0000","2076.0000","2089.0000","2102.0000","2060.0000","2076.0000"," ","0.0000","0.0000","693100","1439662400","2077.1352"
"20210721","01","11","    24280","JP3155370004","515.0000","525.0000","511.0000","517.0000","517.0000","518.0000","511.0000","516.0000","515.0000","525.0000","511.0000","516.0000"," ","0.0000","0.0000","135900","70342600","517.6056"
"20210721","01","11","    24290","JP3990220000","3100.0000","3150.0000","3095.0000","3110.0000","3115.0000","3130.0000","3110.0000","3130.0000","3100.0000","3150.0000","3095.0000","3130.0000"," ","0.0000","0.0000","29300","91422000","3120.2048"
"20210721","01","11","    24320","JP3548610009","2117.0000","2129.0000","2088.0000","2093.0000","2101.0000","2105.0000","2089.0000","2099.0000","2117.0000","2129.0000","2088.0000","2099.0000"," ","0.0000","0.0000","976700","2054293300","2103.3002"
"20210721","01","11","    24330","JP3766550002","1705.0000","1707.0000","1684.0000","1684.0000","1687.0000","1702.0000","1680.0000","1700.0000","1705.0000","1707.0000","1680.0000","1700.0000"," ","0.0000","0.0000","361800","613811200","1696.5484"
"20210721","01","11","    24400","JP3274180003","519.0000","522.0000","507.0000","508.0000","508.0000","511.0000","506.0000","506.0000","519.0000","522.0000","506.0000","506.0000"," ","0.0000","0.0000","617600","315181800","510.3332"
"20210721","01","11","    24450","JP3161560002","499.0000","501.0000","499.0000","501.0000","502.0000","502.0000","498.0000","499.0000","499.0000","502.0000","498.0000","499.0000"," ","0.0000","0.0000","5600","2796400","499.3571"
"20210721","01","11","    24530","JP3389670005","1003.0000","1017.0000","993.0000","997.0000","998.0000","998.0000","981.0000","985.0000","1003.0000","1017.0000","981.0000","985.0000"," ","0.0000","0.0000","180200","178961100","993.1249"
"20210721","01","11","    24610","JP3802840003","399.0000","401.0000","397.0000","398.0000","399.0000","401.0000","398.0000","400.0000","399.0000","401.0000","397.0000","400.0000"," ","0.0000","0.0000","308700","123373300","399.6544"
"20210721","01","11","    24620","JP3386120004","2305.0000","2319.0000","2265.0000","2310.0000","2310.0000","2310.0000","2274.0000","2280.0000","2305.0000","2319.0000","2265.0000","2280.0000"," ","0.0000","0.0000","51200","117302300","2291.0605"
"20210721","01","11","    24640","JP3800290003","429.0000","429.0000","416.0000","416.0000","415.0000","415.0000","412.0000","415.0000","429.0000","429.0000","412.0000","415.0000"," ","0.0000","0.0000","9900","4171200","421.3333"
"20210721","01","11","    24710","JP3163900008","955.0000","972.0000","951.0000","964.0000","965.0000","971.0000","959.0000","968.0000","955.0000","972.0000","951.0000","968.0000"," ","0.0000","0.0000","521800","503897900","965.6916"
"20210721","01","11","    24750","JP3505940001","2981.0000","2996.0000","2930.0000","2932.0000","2928.0000","2951.0000","2914.0000","2950.0000","2981.0000","2996.0000","2914.0000","2950.0000"," ","0.0000","0.0000","47000","138510900","2947.0404"
"20210721","01","11","    24770","JP3783300001","6010.0000","6100.0000","6010.0000","6020.0000","6020.0000","6040.0000","5960.0000","5980.0000","6010.0000","6100.0000","5960.0000","5980.0000"," ","0.0000","0.0000","12500","75146000","6011.6800"
"20210721","01","11","    24850","JP3539150007","476.0000","476.0000","470.0000","470.0000","470.0000","475.0000","469.0000","473.0000","476.0000","476.0000","469.0000","473.0000"," ","0.0000","0.0000","9100","4299000","472.4176"
"20210721","01","11","    24870","JP3347020004","1590.0000","1590.0000","1582.0000","1582.0000","1590.0000","1590.0000","1581.0000","1581.0000","1590.0000","1590.0000","1581.0000","1581.0000"," ","0.0000","0.0000","1700","2699600","1588.0000"
"20210721","01","11","    24890","JP3121970002","812.0000","815.0000","798.0000","808.0000","808.0000","810.0000","796.0000","797.0000","812.0000","815.0000","796.0000","797.0000"," ","0.0000","0.0000","312000","250983300","804.4337"
"20210721","01","11","    24910","JP3778390009","3385.0000","3450.0000","3345.0000","3435.0000","3440.0000","3475.0000","3420.0000","3450.0000","3385.0000","3475.0000","3345.0000","3450.0000"," ","0.0000","0.0000","171500","589072000","3434.8222"
"20210721","01","11","    24920","JP3153480003","938.0000","944.0000","910.0000","910.0000","911.0000","917.0000","908.0000","910.0000","938.0000","944.0000","908.0000","910.0000"," ","0.0000","0.0000","634900","582966400","918.2019"
"20210721","01","11","    25010","JP3320800000","2302.0000","2316.0000","2285.0000","2289.0000","2296.0000","2296.0000","2285.0000","2296.0000","2302.0000","2316.0000","2285.0000","2296.0000"," ","0.0000","0.0000","230500","529480300","2297.0946"
"20210721","01","11","    25020","JP3116000005","4977.0000","5014.0000","4934.0000","4940.0000","4953.0000","4966.0000","4937.0000","4962.0000","4977.0000","5014.0000","4934.0000","4962.0000"," ","0.0000","0.0000","955400","4744355900","4965.8320"
"20210721","01","11","    25030","JP3258000003","2068.5000","2095.0000","2061.0000","2064.0000","2066.5000","2073.0000","2062.5000","2066.0000","2068.5000","2095.0000","2061.0000","2066.0000"," ","0.0000","0.0000","3025900","6266802600","2071.0541"
"20210721","01","11","    25100","JP3048610004","999.0000","1001.0000","999.0000","999.0000","1000.0000","1001.0000","999.0000","1000.0000","999.0000","1001.0000","999.0000","1000.0000"," ","0.0000","0.0000","201370","201369760","999.9988"
"20210721","01","11","    25110","JP3048620003","1026.0000","1026.0000","1023.0000","1026.0000","1025.0000","1026.0000","1025.0000","1026.0000","1026.0000","1026.0000","1023.0000","1026.0000"," ","0.0000","0.0000","7530","7723320","1025.6733"
"20210721","01","11","    25120","JP3048630002","1033.0000","1037.0000","1033.0000","1037.0000","1036.0000","1037.0000","1036.0000","1037.0000","1033.0000","1037.0000","1033.0000","1037.0000"," ","0.0000","0.0000","292610","303434690","1036.9936"
"20210721","01","11","    25130","JP3048640001","1507.0000","1507.0000","1499.0000","1500.0000","1497.0000","1498.0000","1497.0000","1498.0000","1507.0000","1507.0000","1497.0000","1498.0000"," ","0.0000","0.0000","12220","18339810","1500.8028"
"20210721","01","11","    25140","JP3048650000","1470.0000","1489.0000","1470.0000","1487.0000","1486.0000","1486.0000","1484.0000","1484.0000","1470.0000","1489.0000","1470.0000","1484.0000"," ","0.0000","0.0000","7950","11815040","1486.1686"
"20210721","01","11","    25150","JP3048660009","1161.0000","1167.0000","1153.0000","1157.0000","1159.0000","1161.0000","1157.0000","1157.0000","1161.0000","1167.0000","1153.0000","1157.0000"," ","0.0000","0.0000","24440","28353930","1160.1444"
"20210721","01","11","    25160","JP3048700003","886.0000","888.0000","879.0000","882.0000","881.0000","883.0000","876.0000","881.0000","886.0000","888.0000","876.0000","881.0000"," ","0.0000","0.0000","463910","409321930","882.3305"
"20210721","01","11","    25170","JP3048710002","1264.0000","1267.0000","1264.0000","1264.0000","1266.0000","1266.0000","1255.0000","1256.0000","1264.0000","1267.0000","1255.0000","1256.0000"," ","0.0000","0.0000","39120","49564480","1266.9857"
"20210721","01","11","    25180","JP3048720001","1100.0000","1105.0000","1098.0000","1098.0000","1098.0000","1098.0000","1096.0000","1096.0000","1100.0000","1105.0000","1096.0000","1096.0000"," ","0.0000","0.0000","153","168075","1098.5294"
"20210721","01","11","    25190","JP3048730000","1055.0000","1056.0000","1054.0000","1054.0000","1059.0000","1059.0000","1055.0000","1056.0000","1055.0000","1059.0000","1054.0000","1056.0000"," ","0.0000","0.0000","1040","1097250","1055.0481"
"20210721","01","11","    25200","JP3048740009","1251.0000","1252.0000","1246.0000","1246.0000","1245.0000","1245.0000","1241.0000","1241.0000","1251.0000","1252.0000","1241.0000","1241.0000"," ","0.0000","0.0000","2010","2506890","1247.2090"
"20210721","01","11","    25210","JP3048760007","1513.0000","1513.0000","1508.0000","1509.0000","1508.0000","1510.0000","1507.0000","1508.0000","1513.0000","1513.0000","1507.0000","1508.0000"," ","0.0000","0.0000","447870","676750450","1511.0422"
"20210721","01","11","    25220","JP3048790004","3770.0000","3770.0000","3720.0000","3745.0000","3745.0000","3755.0000","3740.0000","3755.0000","3770.0000","3770.0000","3720.0000","3755.0000"," ","0.0000","0.0000","2845","10710000","3764.4991"
"20210721","01","11","    25230","JP3048800001","1621.0000","1621.0000","1595.0000","1609.0000","1635.0000","1635.0000","1635.0000","1635.0000","1621.0000","1635.0000","1595.0000","1635.0000"," ","0.0000","0.0000","1240","1995410","1609.2016"
"20210721","01","11","    25240","JP3048830008","0.0000","0.0000","0.0000","0.0000","0.0000","0.0000","0.0000","0.0000","0.0000","0.0000","0.0000","0.0000"," ","0.0000","0.0000","0","0","0.0000"
"20210721","01","11","    25250","JP3048840007","28060.0000","28060.0000","27940.0000","27940.0000","27940.0000","27940.0000","27940.0000","27940.0000","28060.0000","28060.0000","27940.0000","27940.0000"," ","0.0000","0.0000","4","111930","27982.5000"
"20210721","01","11","    25260","JP3048850006","17590.0000","17590.0000","17520.0000","17520.0000","0.0000","0.0000","0.0000","0.0000","17590.0000","17590.0000","17520.0000","17520.0000"," ","0.0000","0.0000","4421","77584490","17549.0817"
"20210721","01","11","    25270","JP3048860005","0.0000","0.0000","0.0000","0.0000","0.0000","0.0000","0.0000","0.0000","0.0000","0.0000","0.0000","0.0000"," ","0.0000","0.0000","0","0","0.0000"
"20210721","01","11","    25280","JP3048870004","1266.0000","1266.0000","1264.0000","1264.0000","1265.0000","1265.0000","1254.0000","1254.0000","1266.0000","1266.0000","1254.0000","1254.0000"," ","0.0000","0.0000","120","151570","1263.0833"
"20210721","01","11","    25290","JP3048890002","1092.0000","1095.0000","1082.0000","1086.0000","1086.0000","1086.0000","1080.0000","1083.0000","1092.0000","1095.0000","1080.0000","1083.0000"," ","0.0000","0.0000","185","201542","1089.4162"
"20210721","01","11","    25300","JP3048900009","13330.0000","13430.0000","13330.0000","13420.0000","13450.0000","13450.0000","13350.0000","13350.0000","13330.0000","13450.0000","13330.0000","13350.0000"," ","0.0000","0.0000","30","402120","13404.0000"
"20210721","01","11","    25310","JP3459600007","1344.0000","1362.0000","1337.0000","1337.0000","1344.0000","1350.0000","1340.0000","1350.0000","1344.0000","1362.0000","1337.0000","1350.0000"," ","0.0000","0.0000","349400","470922300","1347.8028"
"20210721","01","11","    25330","JP3307400006","380.0000","380.0000","375.0000","378.0000","378.0000","379.0000","375.0000","379.0000","380.0000","380.0000","375.0000","379.0000"," ","0.0000","0.0000","46500","17579700","378.0581"
"20210721","01","11","    25400","JP3953800004","1810.0000","1825.0000","1810.0000","1817.0000","1813.0000","1823.0000","1812.0000","1823.0000","1810.0000","1825.0000","1810.0000","1823.0000"," ","0.0000","0.0000","4700","8540300","1817.0851"
"20210721","01","11","    25520","JP3048910008","2298.0000","2305.0000","2290.0000","2290.0000","2290.0000","2299.0000","2283.0000","2288.0000","2298.0000","2305.0000","2283.0000","2288.0000"," ","0.0000","0.0000","445","1021452","2295.3978"
"20210721","01","11","    25530","JP3048920007","1579.0000","1579.0000","1539.0000","1539.0000","0.0000","0.0000","0.0000","0.0000","1579.0000","1579.0000","1539.0000","1539.0000"," ","0.0000","0.0000","70","108130","1544.7143"
"20210721","01","11","    25540","JP3048930006","1021.0000","1021.0000","1017.0000","1017.0000","1017.0000","1018.0000","1017.0000","1018.0000","1021.0000","1021.0000","1017.0000","1018.0000"," ","0.0000","0.0000","420","427190","1017.1190"
"20210721","01","11","    25550","JP3048940005","2179.0000","2194.0000","2179.0000","2187.0000","2181.0000","2189.0000","2171.0000","2171.0000","2179.0000","2194.0000","2171.0000","2171.0000"," ","0.0000","0.0000","1150","2515200","2187.1304"
"20210721","01","11","    25560","JP3048950004","2178.0000","2195.0000","2178.0000","2182.0000","2180.0000","2189.0000","2174.0000","2176.0000","2178.0000","2195.0000","2174.0000","2176.0000"," ","0.0000","0.0000","6330","13826750","2184.3207"
"20210721","01","11","    25570","JP3048970002","1926.0000","1926.0000","1923.0000","1923.0000","1916.0000","1916.0000","1914.0000","1914.0000","1926.0000","1926.0000","1914.0000","1914.0000"," ","0.0000","0.0000","24050","46215300","1921.6341"
"20210721","01","11","    25580","JP3048980001","13630.0000","13650.0000","13600.0000","13610.0000","13610.0000","13620.0000","13590.0000","13600.0000","13630.0000","13650.0000","13590.0000","13600.0000"," ","0.0000","0.0000","17846","243070880","13620.4685"
"20210721","01","11","    25590","JP3048990000","12990.0000","12990.0000","12910.0000","12930.0000","12930.0000","12930.0000","12920.0000","12930.0000","12990.0000","12990.0000","12910.0000","12930.0000"," ","0.0000","0.0000","5346","69238750","12951.5058"
"20210721","01","11","    25600","JP3049010006","25350.0000","25450.0000","25350.0000","25450.0000","25260.0000","25260.0000","25260.0000","25260.0000","25350.0000","25450.0000","25260.0000","25260.0000"," ","0.0000","0.0000","6","152170","25361.6667"
"20210721","01","11","    25610","JP3049020005","2724.0000","2730.0000","2724.0000","2729.0000","2726.0000","2726.0000","2726.0000","2726.0000","2724.0000","2730.0000","2724.0000","2726.0000"," ","0.0000","0.0000","762","2077032","2725.7638"
"20210721","01","11","    25620","JP3049030004","2983.0000","2985.0000","2976.0000","2977.0000","2978.0000","2979.0000","2974.0000","2977.0000","2983.0000","2985.0000","2974.0000","2977.0000"," ","0.0000","0.0000","375380","1117294990","2976.4372"
"20210721","01","11","    25630","JP3049040003","2821.0000","2821.0000","2812.0000","2812.0000","2811.0000","2813.0000","2810.0000","2811.0000","2821.0000","2821.0000","2810.0000","2811.0000"," ","0.0000","0.0000","43933","123872545","2819.5786"
"20210721","01","11","    25640","JP3049050002","1856.0000","1865.0000","1853.0000","1854.0000","1853.0000","1853.0000","1848.0000","1849.0000","1856.0000","1865.0000","1848.0000","1849.0000"," ","0.0000","0.0000","123","227944","1853.2033"
"20210721","01","11","    25650","JP3049060001","1206.0000","1215.0000","1206.0000","1214.0000","1214.0000","1215.0000","1209.0000","1209.0000","1206.0000","1215.0000","1206.0000","1209.0000"," ","0.0000","0.0000","1105","1339946","1212.6208"
"20210721","01","11","    25660","JP3049070000","1204.0000","1210.0000","1204.0000","1207.0000","1207.0000","1207.0000","1201.0000","1201.0000","1204.0000","1210.0000","1201.0000","1201.0000"," ","0.0000","0.0000","370","446300","1206.2162"
"20210721","01","11","    25670","JP3049080009","255.0000","255.0000","250.0000","250.0000","252.0000","253.0000","250.0000","253.0000","255.0000","255.0000","250.0000","253.0000"," ","0.0000","0.0000","800","201830","252.2875"
"20210721","01","11","    25680","JP3049090008","2793.0000","2793.0000","2782.0000","2784.0000","2782.0000","2786.0000","2780.0000","2785.0000","2793.0000","2793.0000","2780.0000","2785.0000"," ","0.0000","0.0000","180590","502731610","2783.8286"
"20210721","01","11","    25690","JP3049100005","2652.0000","2652.0000","2644.0000","2644.0000","2643.0000","2647.0000","2642.0000","2643.0000","2652.0000","2652.0000","2642.0000","2643.0000"," ","0.0000","0.0000","225590","597510710","2648.6578"
"20210721","01","11","    25790","JP3293200006","1813.0000","1834.0000","1798.0000","1821.0000","1826.0000","1832.0000","1814.0000","1816.0000","1813.0000","1834.0000","1798.0000","1816.0000"," ","0.0000","0.0000","608400","1106970900","1819.4788"
"20210721","01","11","    25870","JP3336560002","3940.0000","3975.0000","3910.0000","3950.0000","3965.0000","3975.0000","3945.0000","3945.0000","3940.0000","3975.0000","3910.0000","3945.0000"," ","0.0000","0.0000","542000","2141986000","3952.0037"
"20210721","01","11","    25900","JP3488400007","4935.0000","4955.0000","4920.0000","4930.0000","4945.0000","4975.0000","4945.0000","4960.0000","4935.0000","4975.0000","4920.0000","4960.0000"," ","0.0000","0.0000","37200","184107500","4949.1263"
"20210721","01","11","    25930","JP3143000002","6330.0000","6450.0000","6310.0000","6400.0000","6400.0000","6470.0000","6400.0000","6450.0000","6330.0000","6470.0000","6310.0000","6450.0000"," ","0.0000","0.0000","106500","683996000","6422.4977"
"20210721","01","11","    25935","JP3143000101","2201.0000","2224.0000","2201.0000","2205.0000","2219.0000","2220.0000","2202.0000","2202.0000","2201.0000","2224.0000","2201.0000","2202.0000"," ","0.0000","0.0000","8600","18953400","2203.8837"
"20210721","01","11","    25940","JP3236300004","2096.0000","2121.0000","2096.0000","2118.0000","2114.0000","2127.0000","2114.0000","2122.0000","2096.0000","2127.0000","2096.0000","2122.0000"," ","0.0000","0.0000","25900","54862100","2118.2278"
"20210721","01","11","    25970","JP3950820005","993.0000","993.0000","990.0000","992.0000","992.0000","994.0000","991.0000","994.0000","993.0000","994.0000","990.0000","994.0000"," ","0.0000","0.0000","4600","4562500","991.8478"
"20210721","01","11","    25990","JP3389650007","1227.0000","1228.0000","1226.0000","1228.0000","1226.0000","1226.0000","1224.0000","1225.0000","1227.0000","1228.0000","1224.0000","1225.0000"," ","0.0000","0.0000","1200","1471300","1226.0833"
"20210721","01","11","    26020","JP3677200002","3120.0000","3135.0000","3105.0000","3105.0000","3105.0000","3120.0000","3100.0000","3110.0000","3120.0000","3135.0000","3100.0000","3110.0000"," ","0.0000","0.0000","51300","159771000","3114.4444"
"20210721","01","11","    26070","JP3816400000","2570.0000","2577.0000","2550.0000","2560.0000","2561.0000","2577.0000","2560.0000","2563.0000","2570.0000","2577.0000","2550.0000","2563.0000"," ","0.0000","0.0000","115000","295044600","2565.6052"
"20210721","01","11","    26120","JP3214400008","4070.0000","4070.0000","4070.0000","4070.0000","4040.0000","4040.0000","4010.0000","4020.0000","4070.0000","4070.0000","4010.0000","4020.0000"," ","0.0000","0.0000","1800","7253500","4029.7222"
"20210721","01","11","    26130","JP3840000008","1876.0000","1890.0000","1870.0000","1885.0000","1888.0000","1893.0000","1881.0000","1891.0000","1876.0000","1893.0000","1870.0000","1891.0000"," ","0.0000","0.0000","45800","86387300","1886.1856"
"20210721","01","11","    26200","JP3049120003","2590.0000","2592.0000","2590.0000","2592.0000","2590.0000","2593.0000","2590.0000","2592.0000","2590.0000","2593.0000","2590.0000","2592.0000"," ","0.0000","0.0000","701","1816503","2591.3024"
"20210721","01","11","    26210","JP3049130002","2295.0000","2302.0000","2290.0000","2301.0000","2300.0000","2301.0000","2297.0000","2297.0000","2295.0000","2302.0000","2290.0000","2297.0000"," ","0.0000","0.0000","10224","23473117","2295.8839"
"20210721","01","11","    26220","JP3049140001","2527.0000","2527.0000","2527.0000","2527.0000","2523.0000","2526.0000","2523.0000","2526.0000","2527.0000","2527.0000","2523.0000","2526.0000"," ","0.0000","0.0000","35","88427","2526.4857"
"20210721","01","11","    26230","JP3049150000","2535.0000","2537.0000","2533.0000","2537.0000","2534.0000","2534.0000","2534.0000","2534.0000","2535.0000","2537.0000","2533.0000","2534.0000"," ","0.0000","0.0000","68","172417","2535.5441"
"20210721","01","11","    26240","JP3049160009","2783.0000","2785.0000","2758.0000","2758.0000","2758.0000","2759.0000","2749.0000","2754.0000","2783.0000","2785.0000","2749.0000","2754.0000"," ","0.0000","0.0000","434","1200874","2766.9908"
"20210721","01","11","    26250","JP3049170008","1918.0000","1926.0000","1908.0000","1908.0000","1908.0000","1910.0000","1904.0000","1906.0000","1918.0000","1926.0000","1904.0000","1906.0000"," ","0.0000","0.0000","588","1124773","1912.8793"
"20210721","01","11","    26260","JP3049210002","2022.0000","2031.0000","2014.0000","2014.0000","2016.0000","2016.0000","2006.0000","2012.0000","2022.0000","2031.0000","2006.0000","2012.0000"," ","0.0000","0.0000","16093","32511983","2020.2562"
"20210721","01","11","    26270","JP3049220001","2202.0000","2212.0000","2191.0000","2198.0000","2197.0000","2197.0000","2180.0000","2185.0000","2202.0000","2212.0000","2180.0000","2185.0000"," ","0.0000","0.0000","18834","41355686","2195.7994"
"20210721","01","11","    26280","JP3049230000","2606.0000","2661.0000","2606.0000","2661.0000","2670.0000","2698.0000","2670.0000","2687.0000","2606.0000","2698.0000","2606.0000","2687.0000"," ","0.0000","0.0000","1736","4634396","2669.5829"
"20210721","01","11","    26290","JP3049240009","2831.0000","2831.0000","2808.0000","2808.0000","2799.0000","2812.0000","2795.0000","2812.0000","2831.0000","2831.0000","2795.0000","2812.0000"," ","0.0000","0.0000","132","370435","2806.3258"
"20210721","01","11","    26300","JP3049180007","11190.0000","11190.0000","11150.0000","11150.0000","11140.0000","11170.0000","11140.0000","11150.0000","11190.0000","11190.0000","11140.0000","11150.0000"," ","0.0000","0.0000","1092","12182460","11156.0989"
"20210721","01","11","    26310","JP3049190006","11660.0000","11660.0000","11610.0000","11630.0000","11630.0000","11630.0000","11600.0000","11610.0000","11660.0000","11660.0000","11600.0000","11610.0000"," ","0.0000","0.0000","17121","199262630","11638.4925"
"20210721","01","11","    26320","JP3049200003","11150.0000","11170.0000","11140.0000","11150.0000","11120.0000","11150.0000","11120.0000","11130.0000","11150.0000","11170.0000","11120.0000","11130.0000"," ","0.0000","0.0000","3544","39513220","11149.3284"
"20210721","01","11","    26330","JP3049250008","2204.0000","2204.0000","2195.0000","2195.0000","2195.0000","2200.0000","2195.0000","2199.0000","2204.0000","2204.0000","2195.0000","2199.0000"," ","0.0000","0.0000","6850","15071480","2200.2161"
"20210721","01","11","    26340","JP3049260007","2189.0000","2191.0000","2185.0000","2185.0000","2185.0000","2188.0000","2184.0000","2184.0000","2189.0000","2191.0000","2184.0000","2184.0000"," ","0.0000","0.0000","2740","5992410","2187.0109"
"20210721","01","11","    26350","JP3049270006","2214.0000","2215.0000","2208.0000","2208.0000","2208.0000","2209.0000","2204.0000","2208.0000","2214.0000","2215.0000","2204.0000","2208.0000"," ","0.0000","0.0000","1640","3624100","2209.8171"
"20210721","01","11","    26360","JP3049280005","2656.0000","2664.0000","2640.0000","2640.0000","2644.0000","2645.0000","2632.0000","2639.0000","2656.0000","2664.0000","2632.0000","2639.0000"," ","0.0000","0.0000","4388","11622744","2648.7566"
"20210721","01","11","    26370","JP3049290004","1690.0000","1703.0000","1686.0000","1686.0000","1689.0000","1690.0000","1680.0000","1689.0000","1690.0000","1703.0000","1680.0000","1689.0000"," ","0.0000","0.0000","697","1180801","1694.1191"
"20210721","01","11","    26380","JP3049300001","2245.0000","2256.0000","2237.0000","2237.0000","2237.0000","2238.0000","2225.0000","2238.0000","2245.0000","2256.0000","2225.0000","2238.0000"," ","0.0000","0.0000","7566","16959042","2241.4806"
"20210721","01","11","    26390","JP3049310000","1840.0000","1847.0000","1836.0000","1836.0000","1836.0000","1836.0000","1829.0000","1829.0000","1840.0000","1847.0000","1829.0000","1829.0000"," ","0.0000","0.0000","225","413727","1838.7867"
"20210721","01","11","    26400","JP3049320009","2408.0000","2418.0000","2398.0000","2409.0000","2405.0000","2407.0000","2395.0000","2401.0000","2408.0000","2418.0000","2395.0000","2401.0000"," ","0.0000","0.0000","16756","40197223","2398.9749"
"20210721","01","11","    26410","JP3049330008","1927.0000","1928.0000","1917.0000","1917.0000","1915.0000","1917.0000","1910.0000","1914.0000","1927.0000","1928.0000","1910.0000","1914.0000"," ","0.0000","0.0000","8258","15841249","1918.2912"
"20210721","01","11","    26420","JP3049340007","0.0000","0.0000","0.0000","0.0000","0.0000","0.0000","0.0000","0.0000","0.0000","0.0000","0.0000","0.0000"," ","0.0000","0.0000","0","0","0.0000"
"20210721","01","11","    26430","JP3049350006","1949.0000","1954.0000","1945.0000","1945.0000","1939.0000","1941.0000","1939.0000","1941.0000","1949.0000","1954.0000","1939.0000","1941.0000"," ","0.0000","0.0000","143","278287","1946.0629"
"20210721","01","11","    26510","JP3982100004","5450.0000","5530.0000","5440.0000","5470.0000","5470.0000","5520.0000","5460.0000","5490.0000","5450.0000","5530.0000","5440.0000","5490.0000"," ","0.0000","0.0000","308000","1690318000","5488.0455"
"20210721","01","11","    26590","JP3324500002","4115.0000","4145.0000","4095.0000","4110.0000","4115.0000","4145.0000","4105.0000","4110.0000","4115.0000","4145.0000","4095.0000","4110.0000"," ","0.0000","0.0000","37400","154038000","4118.6631"
"20210721","01","11","    26640","JP3226450009","2250.0000","2256.0000","2233.0000","2242.0000","2251.0000","2251.0000","2235.0000","2241.0000","2250.0000","2256.0000","2233.0000","2241.0000"," ","0.0000","0.0000","59000","132357500","2243.3475"
"20210721","01","11","    26700","JP3152740001","6030.0000","6070.0000","5910.0000","5920.0000","5900.0000","5980.0000","5890.0000","5920.0000","6030.0000","6070.0000","5890.0000","5920.0000"," ","0.0000","0.0000","322600","1920651000","5953.6609"
"20210721","01","11","    26740","JP3765120005","769.0000","772.0000","766.0000","768.0000","766.0000","768.0000","763.0000","763.0000","769.0000","772.0000","763.0000","763.0000"," ","0.0000","0.0000","8800","6743100","766.2614"
"20210721","01","11","    26760","JP3457710006","1154.0000","1160.0000","1154.0000","1159.0000","1159.0000","1159.0000","1151.0000","1154.0000","1154.0000","1160.0000","1151.0000","1154.0000"," ","0.0000","0.0000","4700","5426600","1154.5957"
"20210721","01","11","    26780","JP3119920001","1721.0000","1730.0000","1700.0000","1701.0000","1700.0000","1704.0000","1685.0000","1693.0000","1721.0000","1730.0000","1685.0000","1693.0000"," ","0.0000","0.0000","436900","743657100","1702.1220"
"20210721","01","11","    26810","JP3282400005","1262.0000","1265.0000","1209.0000","1215.0000","1221.0000","1227.0000","1208.0000","1214.0000","1262.0000","1265.0000","1208.0000","1214.0000"," ","0.0000","0.0000","462200","568359400","1229.6828"
"20210721","01","11","    26850","JP3856000009","1901.0000","1920.0000","1882.0000","1896.0000","1903.0000","1905.0000","1889.0000","1893.0000","1901.0000","1920.0000","1882.0000","1893.0000"," ","0.0000","0.0000","180900","343535000","1899.0326"
"20210721","01","11","    26860","JP3536900008","417.0000","420.0000","416.0000","418.0000","418.0000","419.0000","416.0000","419.0000","417.0000","420.0000","416.0000","419.0000"," ","0.0000","0.0000","10700","4471000","417.8505"
"20210721","01","11","    26870","JP3346250008","415.0000","416.0000","415.0000","416.0000","416.0000","416.0000","415.0000","415.0000","415.0000","416.0000","415.0000","415.0000"," ","0.0000","0.0000","2900","1205700","415.7586"
"20210721","01","11","    26890","JP3226700007","1675.0000","1675.0000","1674.0000","1675.0000","1672.0000","1676.0000","1671.0000","1676.0000","1675.0000","1676.0000","1671.0000","1676.0000"," ","0.0000","0.0000","2100","3517200","1674.8571"
"20210721","01","11","    26920","JP3143700007","5270.0000","5270.0000","5240.0000","5250.0000","5260.0000","5290.0000","5260.0000","5290.0000","5270.0000","5290.0000","5240.0000","5290.0000"," ","0.0000","0.0000","2300","12131000","5274.3478"
"20210721","01","11","    26950","JP3268200007","3970.0000","4005.0000","3920.0000","3940.0000","3940.0000","3970.0000","3915.0000","3955.0000","3970.0000","4005.0000","3915.0000","3955.0000"," ","0.0000","0.0000","214900","850784500","3958.9786"
"20210721","01","11","    26980","JP3244550004","1854.0000","1866.0000","1852.0000","1863.0000","1860.0000","1863.0000","1856.0000","1859.0000","1854.0000","1866.0000","1852.0000","1859.0000"," ","0.0000","0.0000","39200","72901700","1859.7372"
"20210721","01","11","    27150","JP3457690000","1249.0000","1250.0000","1233.0000","1236.0000","1231.0000","1233.0000","1221.0000","1225.0000","1249.0000","1250.0000","1221.0000","1225.0000"," ","0.0000","0.0000","31600","38961000","1232.9430"
"20210721","01","11","    27220","JP3101100000","665.0000","678.0000","662.0000","668.0000","665.0000","665.0000","653.0000","653.0000","665.0000","678.0000","653.0000","653.0000"," ","0.0000","0.0000","110200","73024400","662.6534"
"20210721","01","11","    27260","JP3781650001","1784.0000","1824.0000","1780.0000","1809.0000","1814.0000","1818.0000","1799.0000","1808.0000","1784.0000","1824.0000","1780.0000","1808.0000"," ","0.0000","0.0000","129500","234138000","1808.0154"
"20210721","01","11","    27290","JP3390250003","1741.0000","1741.0000","1727.0000","1728.0000","1735.0000","1738.0000","1718.0000","1718.0000","1741.0000","1741.0000","1718.0000","1718.0000"," ","0.0000","0.0000","12200","21126400","1731.6721"
"20210721","01","11","    27300","JP3164470001","1109.0000","1118.0000","1105.0000","1113.0000","1115.0000","1115.0000","1107.0000","1112.0000","1109.0000","1118.0000","1105.0000","1112.0000"," ","0.0000","0.0000","443800","493282500","1111.4973"
"20210721","01","11","    27330","JP3125100002","4190.0000","4245.0000","4185.0000","4240.0000","4240.0000","4240.0000","4200.0000","4205.0000","4190.0000","4245.0000","4185.0000","4205.0000"," ","0.0000","0.0000","18800","79316500","4218.9628"
"20210721","01","11","    27340","JP3310350008","599.0000","605.0000","599.0000","603.0000","603.0000","603.0000","598.0000","600.0000","599.0000","605.0000","598.0000","600.0000"," ","0.0000","0.0000","18800","11295000","600.7979"
"20210721","01","11","    27350","JP3993950009","934.0000","937.0000","916.0000","929.0000","926.0000","933.0000","922.0000","930.0000","934.0000","937.0000","916.0000","930.0000"," ","0.0000","0.0000","273400","254551200","931.0578"
"20210721","01","11","    27370","JP3553900006","4120.0000","4120.0000","4075.0000","4075.0000","4070.0000","4105.0000","4070.0000","4105.0000","4120.0000","4120.0000","4070.0000","4105.0000"," ","0.0000","0.0000","4700","19220500","4089.4681"
"20210721","01","11","    27420","JP3773750009","2829.0000","2850.0000","2813.0000","2835.0000","2831.0000","2850.0000","2830.0000","2847.0000","2829.0000","2850.0000","2813.0000","2847.0000"," ","0.0000","0.0000","19800","56219500","2839.3687"
"20210721","01","11","    27490","JP3386190007","266.0000","266.0000","264.0000","264.0000","263.0000","266.0000","263.0000","264.0000","266.0000","266.0000","263.0000","264.0000"," ","0.0000","0.0000","106900","28310200","264.8288"
"20210721","01","11","    27520","JP3807770007","1290.0000","1300.0000","1283.0000","1284.0000","1284.0000","1289.0000","1279.0000","1284.0000","1290.0000","1300.0000","1279.0000","1284.0000"," ","0.0000","0.0000","84900","109196300","1286.1755"
"20210721","01","11","    27530","JP3124450002","2903.0000","2926.0000","2877.0000","2891.0000","2890.0000","2906.0000","2874.0000","2881.0000","2903.0000","2926.0000","2874.0000","2881.0000"," ","0.0000","0.0000","8900","25758900","2894.2584"
"20210721","01","11","    27600","JP3571600000","5200.0000","5230.0000","5160.0000","5180.0000","5150.0000","5210.0000","5130.0000","5180.0000","5200.0000","5230.0000","5130.0000","5180.0000"," ","0.0000","0.0000","46400","240604000","5185.4310"
"20210721","01","11","    27640","JP3796000002","188.0000","192.0000","186.0000","189.0000","188.0000","190.0000","186.0000","186.0000","188.0000","192.0000","186.0000","186.0000"," ","0.0000","0.0000","453900","85574500","188.5316"
"20210721","01","11","    27670","JP3802680003","518.0000","524.0000","516.0000","517.0000","517.0000","519.0000","512.0000","515.0000","518.0000","524.0000","512.0000","515.0000"," ","0.0000","0.0000","110500","57086500","516.6199"
"20210721","01","11","    27680","JP3663900003","331.0000","336.0000","330.0000","331.0000","331.0000","332.0000","328.0000","329.0000","331.0000","336.0000","328.0000","329.0000"," ","0.0000","0.0000","12797900","4242869700","331.5286"
"20210721","01","11","    27840","JP3126340003","1718.0000","1731.0000","1700.0000","1703.0000","1709.0000","1709.0000","1691.0000","1693.0000","1718.0000","1731.0000","1691.0000","1693.0000"," ","0.0000","0.0000","518200","882934600","1703.8491"
"20210721","01","11","    27910","JP3483050005","6250.0000","6270.0000","6160.0000","6190.0000","6190.0000","6230.0000","6120.0000","6210.0000","6250.0000","6270.0000","6120.0000","6210.0000"," ","0.0000","0.0000","50700","314425000","6201.6765"
"20210721","01","11","    27920","JP3770080004","1182.0000","1204.0000","1179.0000","1183.0000","1183.0000","1198.0000","1180.0000","1189.0000","1182.0000","1204.0000","1179.0000","1189.0000"," ","0.0000","0.0000","200000","238302300","1191.5115"
"20210721","01","11","    27960","JP3802320006","764.0000","764.0000","746.0000","746.0000","748.0000","749.0000","742.0000","749.0000","764.0000","764.0000","742.0000","749.0000"," ","0.0000","0.0000","7800","5875300","753.2436"
"20210721","01","11","    28010","JP3240400006","7130.0000","7180.0000","7050.0000","7050.0000","7090.0000","7120.0000","7050.0000","7120.0000","7130.0000","7180.0000","7050.0000","7120.0000"," ","0.0000","0.0000","330000","2348209000","7115.7848"
"20210721","01","11","    28020","JP3119600009","2853.0000","2874.0000","2847.0000","2849.5000","2850.0000","2853.0000","2842.0000","2851.0000","2853.0000","2874.0000","2842.0000","2851.0000"," ","0.0000","0.0000","1324600","3780057800","2853.7353"
"20210721","01","11","    28040","JP3831200005","2338.0000","2374.0000","2338.0000","2355.0000","2349.0000","2381.0000","2349.0000","2377.0000","2338.0000","2381.0000","2338.0000","2377.0000"," ","0.0000","0.0000","17400","41188100","2367.1322"
"20210721","01","11","    28090","JP3244800003","2460.0000","2486.0000","2457.0000","2465.0000","2464.0000","2483.0000","2464.0000","2477.0000","2460.0000","2486.0000","2457.0000","2477.0000"," ","0.0000","0.0000","197300","488409000","2475.4638"
"20210721","01","11","    28100","JP3765400001","3410.0000","3435.0000","3400.0000","3415.0000","3425.0000","3445.0000","3420.0000","3445.0000","3410.0000","3445.0000","3400.0000","3445.0000"," ","0.0000","0.0000","124000","425677000","3432.8790"
"20210721","01","11","    28110","JP3208200000","2844.0000","2874.0000","2828.0000","2853.0000","2850.0000","2867.0000","2850.0000","2864.0000","2844.0000","2874.0000","2828.0000","2864.0000"," ","0.0000","0.0000","210700","601967000","2856.9862"
"20210721","01","11","    28120","JP3930100007","953.0000","955.0000","952.0000","955.0000","955.0000","958.0000","952.0000","958.0000","953.0000","958.0000","952.0000","958.0000"," ","0.0000","0.0000","4200","4012400","955.3333"
"20210721","01","11","    28150","JP3125800007","6490.0000","6570.0000","6460.0000","6520.0000","6510.0000","6580.0000","6510.0000","6560.0000","6490.0000","6580.0000","6460.0000","6560.0000"," ","0.0000","0.0000","76800","502746000","6546.1719"
"20210721","01","11","    28180","JP3801590005","1706.0000","1720.0000","1706.0000","1720.0000","1714.0000","1724.0000","1712.0000","1715.0000","1706.0000","1724.0000","1706.0000","1715.0000"," ","0.0000","0.0000","2200","3774500","1715.6818"
"20210721","01","11","    28190","JP3165930003","2612.0000","2612.0000","2612.0000","2612.0000","2614.0000","2656.0000","2614.0000","2654.0000","2612.0000","2656.0000","2612.0000","2654.0000"," ","0.0000","0.0000","5200","13737500","2641.8269"
"20210721","01","11","    28200","JP3943100002","1848.0000","1855.0000","1840.0000","1840.0000","1840.0000","1844.0000","1840.0000","1844.0000","1848.0000","1855.0000","1840.0000","1844.0000"," ","0.0000","0.0000","3100","5717000","1844.1935"
"20210721","01","11","    28710","JP3665200006","2987.0000","3025.0000","2974.0000","2999.0000","3015.0000","3030.0000","3000.0000","3030.0000","2987.0000","3030.0000","2974.0000","3030.0000"," ","0.0000","0.0000","310000","934020500","3012.9694"
"20210721","01","11","    28740","JP3957000007","884.0000","894.0000","884.0000","891.0000","892.0000","895.0000","890.0000","893.0000","884.0000","895.0000","884.0000","893.0000"," ","0.0000","0.0000","47300","42165800","891.4545"
"20210721","01","11","    28750","JP3613000003","4220.0000","4285.0000","4210.0000","4240.0000","4265.0000","4290.0000","4250.0000","4275.0000","4220.0000","4290.0000","4210.0000","4275.0000"," ","0.0000","0.0000","244000","1040243000","4263.2910"
"20210721","01","11","    28820","JP3130740008","1966.0000","1983.0000","1965.0000","1976.0000","1972.0000","1989.0000","1972.0000","1989.0000","1966.0000","1989.0000","1965.0000","1989.0000"," ","0.0000","0.0000","31500","62177900","1973.9016"
"20210721","01","11","    28830","JP3500150002","2000.0000","2012.0000","2000.0000","2012.0000","2010.0000","2022.0000","2010.0000","2022.0000","2000.0000","2022.0000","2000.0000","2022.0000"," ","0.0000","0.0000","4600","9246800","2010.1739"
"20210721","01","11","    28840","JP3958400008","770.0000","791.0000","765.0000","783.0000","783.0000","795.0000","779.0000","795.0000","770.0000","795.0000","765.0000","795.0000"," ","0.0000","0.0000","119700","93895500","784.4236"
"20210721","01","11","    28970","JP3675600005","7950.0000","8060.0000","7930.0000","8010.0000","8010.0000","8030.0000","7970.0000","8000.0000","7950.0000","8060.0000","7930.0000","8000.0000"," ","0.0000","0.0000","169400","1354721000","7997.1724"
"20210721","01","11","    28990","JP3648200008","2134.0000","2143.0000","2131.0000","2143.0000","2139.0000","2152.0000","2139.0000","2149.0000","2134.0000","2152.0000","2131.0000","2149.0000"," ","0.0000","0.0000","9500","20362300","2143.4000"
"20210721","01","11","    29040","JP3142200009","920.0000","925.0000","918.0000","923.0000","924.0000","924.0000","919.0000","920.0000","920.0000","925.0000","918.0000","920.0000"," ","0.0000","0.0000","5900","5431300","920.5593"
"20210721","01","11","    29080","JP3818700001","1937.0000","1945.0000","1927.0000","1933.0000","1933.0000","1940.0000","1927.0000","1927.0000","1937.0000","1945.0000","1927.0000","1927.0000"," ","0.0000","0.0000","22300","43114500","1933.3857"
"20210721","01","11","    29100","JP3984200000","1482.0000","1496.0000","1474.0000","1483.0000","1483.0000","1489.0000","1481.0000","1485.0000","1482.0000","1496.0000","1474.0000","1485.0000"," ","0.0000","0.0000","28400","42184400","1485.3662"
"20210721","01","11","    29140","JP3726800000","2166.5000","2181.0000","2158.0000","2161.0000","2165.5000","2165.5000","2154.0000","2157.5000","2166.5000","2181.0000","2154.0000","2157.5000"," ","0.0000","0.0000","3607500","7806072750","2163.8455"
"20210721","01","11","    29150","JP3281850002","1502.0000","1503.0000","1487.0000","1494.0000","1494.0000","1498.0000","1489.0000","1497.0000","1502.0000","1503.0000","1487.0000","1497.0000"," ","0.0000","0.0000","18300","27373300","1495.8087"
"20210721","01","11","    29180","JP3994400004","2350.0000","2373.0000","2342.0000","2372.0000","2369.0000","2400.0000","2365.0000","2382.0000","2350.0000","2400.0000","2342.0000","2382.0000"," ","0.0000","0.0000","104100","247246900","2375.0903"
"20210721","01","11","    29220","JP3651060000","1923.0000","1945.0000","1923.0000","1937.0000","1940.0000","1944.0000","1930.0000","1930.0000","1923.0000","1945.0000","1923.0000","1930.0000"," ","0.0000","0.0000","5500","10631400","1932.9818"
"20210721","01","11","    29240","JP3148950003","979.0000","979.0000","964.0000","964.0000","961.0000","961.0000","954.0000","955.0000","979.0000","979.0000","954.0000","955.0000"," ","0.0000","0.0000","4000","3886300","971.5750"
"20210721","01","11","    29250","JP3801800008","3630.0000","3685.0000","3555.0000","3655.0000","3650.0000","3765.0000","3640.0000","3660.0000","3630.0000","3765.0000","3555.0000","3660.0000"," ","0.0000","0.0000","153900","564450000","3667.6413"
"20210721","01","11","    29290","JP3802310007","3380.0000","3500.0000","3280.0000","3450.0000","3435.0000","3445.0000","3265.0000","3265.0000","3380.0000","3500.0000","3265.0000","3265.0000"," ","0.0000","0.0000","2586600","8740753500","3379.2444"
"20210721","01","11","    29300","JP3240100002","560.0000","571.0000","536.0000","540.0000","542.0000","543.0000","534.0000","540.0000","560.0000","571.0000","534.0000","540.0000"," ","0.0000","0.0000","2628100","1444836100","549.7645"
"20210721","01","11","    29310","JP3944370000","994.0000","1029.0000","994.0000","1007.0000","1008.0000","1011.0000","1000.0000","1006.0000","994.0000","1029.0000","994.0000","1006.0000"," ","0.0000","0.0000","2129800","2152932100","1010.8612"
"20210721","01","11","    29330","JP3241500002","1323.0000","1339.0000","1320.0000","1321.0000","1318.0000","1325.0000","1314.0000","1321.0000","1323.0000","1339.0000","1314.0000","1321.0000"," ","0.0000","0.0000","40400","53501800","1324.3020"
"20210721","01","11","    29710","JP3048810000","152500.0000","155700.0000","152500.0000","155000.0000","155300.0000","155800.0000","154700.0000","155800.0000","152500.0000","155800.0000","152500.0000","155800.0000"," ","0.0000","0.0000","2289","354770900","154989.4714"
"20210721","01","11","    29720","JP3048880003","133900.0000","133900.0000","133100.0000","133200.0000","133300.0000","133600.0000","132500.0000","133400.0000","133900.0000","133900.0000","132500.0000","133400.0000"," ","0.0000","0.0000","1220","162665100","133332.0492"
"20210721","01","11","    29750","JP3399340003","1218.0000","1298.0000","1212.0000","1284.0000","1284.0000","1303.0000","1267.0000","1270.0000","1218.0000","1303.0000","1212.0000","1270.0000"," ","0.0000","0.0000","294600","377025800","1279.7889"
"20210721","01","11","    29790","JP3048960003","168900.0000","172300.0000","168000.0000","168400.0000","167700.0000","168600.0000","167000.0000","167000.0000","168900.0000","172300.0000","167000.0000","167000.0000"," ","0.0000","0.0000","4739","798199700","168432.0954"
"20210721","01","11","    29800","JP3161320001","6770.0000","6860.0000","6700.0000","6730.0000","6720.0000","6810.0000","6660.0000","6740.0000","6770.0000","6860.0000","6660.0000","6740.0000"," ","0.0000","0.0000","72600","490782000","6760.0826"
"20210721","01","11","    29820","JP3160560003","154.0000","156.0000","154.0000","156.0000","156.0000","157.0000","156.0000","156.0000","154.0000","157.0000","154.0000","156.0000"," ","0.0000","0.0000","152600","23761100","155.7084"
"20210721","01","11","    29890","JP3049110004","114000.0000","115400.0000","114000.0000","115200.0000","115000.0000","115800.0000","114800.0000","115000.0000","114000.0000","115800.0000","114000.0000","115000.0000"," ","0.0000","0.0000","2287","262794600","114908.0017"
"20210721","01","11","    30010","JP3211400001","1473.0000","1490.0000","1467.0000","1475.0000","1484.0000","1485.0000","1474.0000","1478.0000","1473.0000","1490.0000","1467.0000","1478.0000"," ","0.0000","0.0000","69700","103062500","1478.6585"
"20210721","01","11","    30020","JP3275200008","4605.0000","4660.0000","4595.0000","4615.0000","4635.0000","4640.0000","4605.0000","4610.0000","4605.0000","4660.0000","4595.0000","4610.0000"," ","0.0000","0.0000","24400","112887500","4626.5369"
"20210721","01","11","    30030","JP3360800001","1252.0000","1268.0000","1248.0000","1248.0000","1253.0000","1254.0000","1243.0000","1244.0000","1252.0000","1268.0000","1243.0000","1244.0000"," ","0.0000","0.0000","658300","823995800","1251.7026"
"20210721","01","11","    30040","JP3370400008","1158.0000","1167.0000","1156.0000","1158.0000","1157.0000","1169.0000","1141.0000","1161.0000","1158.0000","1169.0000","1141.0000","1161.0000"," ","0.0000","0.0000","17500","20253600","1157.3486"
"20210721","01","11","    30230","JP3967450002","900.0000","900.0000","890.0000","891.0000","891.0000","898.0000","890.0000","898.0000","900.0000","900.0000","890.0000","898.0000"," ","0.0000","0.0000","17200","15394100","895.0058"
"20210721","01","11","    30280","JP3126470008","2986.0000","3015.0000","2977.0000","2985.0000","2984.0000","2999.0000","2974.0000","2980.0000","2986.0000","3015.0000","2974.0000","2980.0000"," ","0.0000","0.0000","96700","289254300","2991.2544"
"20210721","01","11","    30300","JP3770350001","696.0000","713.0000","696.0000","696.0000","696.0000","703.0000","696.0000","696.0000","696.0000","713.0000","696.0000","696.0000"," ","0.0000","0.0000","27800","19481200","700.7626"
"20210721","01","11","    30310","JP3967050000","2373.0000","2410.0000","2351.0000","2376.0000","2372.0000","2394.0000","2356.0000","2371.0000","2373.0000","2410.0000","2351.0000","2371.0000"," ","0.0000","0.0000","440200","1047972800","2380.6742"
"20210721","01","11","    30340","JP3266160005","1530.0000","1557.0000","1516.0000","1530.0000","1539.0000","1549.0000","1538.0000","1547.0000","1530.0000","1557.0000","1516.0000","1547.0000"," ","0.0000","0.0000","80300","123941400","1543.4795"
"20210721","01","11","    30360","JP3126210008","1435.0000","1453.0000","1435.0000","1440.0000","1437.0000","1442.0000","1430.0000","1431.0000","1435.0000","1453.0000","1430.0000","1431.0000"," ","0.0000","0.0000","26000","37418500","1439.1731"
"20210721","01","11","    30380","JP3291200008","3945.0000","4000.0000","3890.0000","3980.0000","3985.0000","4000.0000","3940.0000","3980.0000","3945.0000","4000.0000","3890.0000","3980.0000"," ","0.0000","0.0000","2300100","9119656500","3964.8957"
"20210721","01","11","    30400","JP3436300002","1585.0000","1590.0000","1563.0000","1572.0000","1568.0000","1575.0000","1564.0000","1572.0000","1585.0000","1590.0000","1563.0000","1572.0000"," ","0.0000","0.0000","57500","90485800","1573.6661"
"20210721","01","11","    30460","JP3386110005","7280.0000","7320.0000","7220.0000","7230.0000","7230.0000","7280.0000","7220.0000","7250.0000","7280.0000","7320.0000","7220.0000","7250.0000"," ","0.0000","0.0000","61900","449379000","7259.7577"
"20210721","01","11","    30480","JP3800390001","1125.0000","1133.0000","1121.0000","1123.0000","1123.0000","1129.0000","1123.0000","1128.0000","1125.0000","1133.0000","1121.0000","1128.0000"," ","0.0000","0.0000","427000","481077300","1126.6447"
"20210721","01","11","    30500","JP3548660004","1083.0000","1096.0000","1083.0000","1086.0000","1092.0000","1094.0000","1088.0000","1090.0000","1083.0000","1096.0000","1083.0000","1090.0000"," ","0.0000","0.0000","355900","388106400","1090.4928"
"20210721","01","11","    30530","JP3836400006","407.0000","412.0000","404.0000","407.0000","407.0000","409.0000","404.0000","406.0000","407.0000","412.0000","404.0000","406.0000"," ","0.0000","0.0000","353300","144111900","407.9023"
"20210721","01","11","    30540","JP3765220003","541.0000","542.0000","539.0000","542.0000","542.0000","542.0000","541.0000","542.0000","541.0000","542.0000","539.0000","542.0000"," ","0.0000","0.0000","2900","1568600","540.8966"
"20210721","01","11","    30640","JP3922950005","2562.0000","2570.0000","2521.0000","2523.0000","2523.0000","2547.0000","2523.0000","2545.0000","2562.0000","2570.0000","2521.0000","2545.0000"," ","0.0000","0.0000","1533000","3896851900","2541.9778"
"20210721","01","11","    30670","JP3570800007","597.0000","597.0000","597.0000","597.0000","597.0000","597.0000","594.0000","594.0000","597.0000","597.0000","594.0000","594.0000"," ","0.0000","0.0000","4700","2802600","596.2979"
"20210721","01","11","    30730","JP3499650004","503.0000","505.0000","500.0000","501.0000","500.0000","501.0000","499.0000","499.0000","503.0000","505.0000","499.0000","499.0000"," ","0.0000","0.0000","58000","29038900","500.6707"
"20210721","01","11","    30760","JP3105090009","2030.0000","2084.0000","2030.0000","2062.0000","2068.0000","2068.0000","2050.0000","2051.0000","2030.0000","2084.0000","2030.0000","2051.0000"," ","0.0000","0.0000","86300","177322200","2054.7184"
"20210721","01","11","    30790","JP3548710007","1040.0000","1040.0000","1005.0000","1013.0000","1013.0000","1013.0000","1005.0000","1010.0000","1040.0000","1040.0000","1005.0000","1010.0000"," ","0.0000","0.0000","8500","8701800","1023.7412"
"20210721","01","11","    30820","JP3240300008","599.0000","599.0000","599.0000","599.0000","598.0000","604.0000","597.0000","602.0000","599.0000","604.0000","597.0000","602.0000"," ","0.0000","0.0000","5600","3359000","599.8214"
"20210721","01","11","    30850","JP3100090004","2154.0000","2181.0000","2150.0000","2157.0000","2160.0000","2168.0000","2153.0000","2166.0000","2154.0000","2181.0000","2150.0000","2166.0000"," ","0.0000","0.0000","111800","241814400","2162.9195"
"20210721","01","11","    30860","JP3386380004","956.0000","962.0000","934.0000","935.0000","935.0000","944.0000","932.0000","941.0000","956.0000","962.0000","932.0000","941.0000"," ","0.0000","0.0000","1893500","1788030900","944.2994"
"20210721","01","11","    30870","JP3639100001","1685.0000","1688.0000","1657.0000","1657.0000","1671.0000","1671.0000","1653.0000","1653.0000","1685.0000","1688.0000","1653.0000","1653.0000"," ","0.0000","0.0000","136200","226750500","1664.8348"
"20210721","01","11","    30880","JP3869010003","5100.0000","5120.0000","5020.0000","5040.0000","5040.0000","5070.0000","5020.0000","5040.0000","5100.0000","5120.0000","5020.0000","5040.0000"," ","0.0000","0.0000","277500","1404497000","5061.2505"
"20210721","01","11","    30910","JP3831550003","2415.0000","2440.0000","2413.0000","2425.0000","2425.0000","2425.0000","2390.0000","2399.0000","2415.0000","2440.0000","2390.0000","2399.0000"," ","0.0000","0.0000","69100","166459600","2408.9667"
"20210721","01","11","    30920","JP3399310006","3435.0000","3465.0000","3425.0000","3445.0000","3445.0000","3460.0000","3415.0000","3425.0000","3435.0000","3465.0000","3415.0000","3425.0000"," ","0.0000","0.0000","701200","2411816000","3439.5550"
"20210721","01","11","    30930","JP3637270004","994.0000","1005.0000","990.0000","1002.0000","1004.0000","1016.0000","1004.0000","1016.0000","994.0000","1016.0000","990.0000","1016.0000"," ","0.0000","0.0000","17300","17412000","1006.4740"
"20210721","01","11","    30970","JP3922930007","7220.0000","7280.0000","7150.0000","7150.0000","7120.0000","7130.0000","6980.0000","7000.0000","7220.0000","7280.0000","6980.0000","7000.0000"," ","0.0000","0.0000","67000","475387000","7095.3284"
"20210721","01","11","    30980","JP3297330007","8600.0000","8650.0000","8550.0000","8550.0000","8550.0000","8560.0000","8490.0000","8560.0000","8600.0000","8650.0000","8490.0000","8560.0000"," ","0.0000","0.0000","30600","262294000","8571.6993"
"20210721","01","11","    30990","JP3894900004","775.0000","788.0000","770.0000","775.0000","775.0000","777.0000","766.0000","768.0000","775.0000","788.0000","766.0000","768.0000"," ","0.0000","0.0000","2266000","1756649800","775.2206"
"20210721","01","11","    31010","JP3619800000","1317.0000","1332.0000","1311.0000","1312.0000","1312.0000","1314.0000","1302.0000","1303.0000","1317.0000","1332.0000","1302.0000","1303.0000"," ","0.0000","0.0000","283000","371760200","1313.6403"
"20210721","01","11","    31030","JP3951200009","339.0000","343.0000","336.0000","336.0000","336.0000","337.0000","329.0000","331.0000","339.0000","343.0000","329.0000","331.0000"," ","0.0000","0.0000","610200","203970900","334.2689"
"20210721","01","11","    31040","JP3820800005","3785.0000","3840.0000","3770.0000","3840.0000","3830.0000","3830.0000","3780.0000","3780.0000","3785.0000","3840.0000","3770.0000","3780.0000"," ","0.0000","0.0000","19300","73367500","3801.4249"
"20210721","01","11","    31050","JP3678000005","927.0000","934.0000","920.0000","921.0000","923.0000","923.0000","915.0000","921.0000","927.0000","934.0000","915.0000","921.0000"," ","0.0000","0.0000","387400","357712500","923.3673"
"20210721","01","11","    31060","JP3268800004","1934.0000","1957.0000","1930.0000","1930.0000","1924.0000","1933.0000","1915.0000","1915.0000","1934.0000","1957.0000","1915.0000","1915.0000"," ","0.0000","0.0000","33100","63896000","1930.3927"
"20210721","01","11","    31070","JP3505400006","2141.0000","2146.0000","2107.0000","2114.0000","2114.0000","2123.0000","2092.0000","2116.0000","2141.0000","2146.0000","2092.0000","2116.0000"," ","0.0000","0.0000","268700","569029400","2117.7127"
"20210721","01","11","    31090","JP3348400007","922.0000","926.0000","922.0000","923.0000","921.0000","924.0000","919.0000","924.0000","922.0000","926.0000","919.0000","924.0000"," ","0.0000","0.0000","29200","26936300","922.4760"
"20210721","01","11","    31100","JP3684400009","3330.0000","3395.0000","3300.0000","3370.0000","3365.0000","3385.0000","3340.0000","3340.0000","3330.0000","3395.0000","3300.0000","3340.0000"," ","0.0000","0.0000","135900","455870000","3354.4518"
"20210721","01","11","    31160","JP3635400009","2239.0000","2263.0000","2235.0000","2250.0000","2257.0000","2260.0000","2248.0000","2250.0000","2239.0000","2263.0000","2235.0000","2250.0000"," ","0.0000","0.0000","346700","780829600","2252.1765"
"20210721","01","11","    31320","JP3862960006","2667.0000","2675.0000","2647.0000","2649.0000","2658.0000","2664.0000","2638.0000","2639.0000","2667.0000","2675.0000","2638.0000","2639.0000"," ","0.0000","0.0000","131600","349513300","2655.8761"
"20210721","01","11","    31340","JP3772000000","1519.0000","1533.0000","1506.0000","1518.0000","1521.0000","1529.0000","1508.0000","1524.0000","1519.0000","1533.0000","1506.0000","1524.0000"," ","0.0000","0.0000","45300","68906600","1521.1170"
"20210721","01","11","    31350","JP3860190002","1091.0000","1111.0000","1091.0000","1111.0000","1109.0000","1109.0000","1102.0000","1102.0000","1091.0000","1111.0000","1091.0000","1102.0000"," ","0.0000","0.0000","4900","5416200","1105.3469"
"20210721","01","11","    31390","JP3967250006","2630.0000","2650.0000","2594.0000","2596.0000","2600.0000","2624.0000","2595.0000","2597.0000","2630.0000","2650.0000","2594.0000","2597.0000"," ","0.0000","0.0000","43500","113559000","2610.5517"
"20210721","01","11","    31410","JP3274280001","3610.0000","3690.0000","3605.0000","3660.0000","3660.0000","3685.0000","3650.0000","3660.0000","3610.0000","3690.0000","3605.0000","3660.0000"," ","0.0000","0.0000","592900","2171842000","3663.0832"
"20210721","01","11","    31480","JP3269940007","3575.0000","3650.0000","3500.0000","3640.0000","3645.0000","3680.0000","3645.0000","3670.0000","3575.0000","3680.0000","3500.0000","3670.0000"," ","0.0000","0.0000","144400","524648500","3633.2999"
"20210721","01","11","    31500","JP3952860009","1949.0000","2022.0000","1947.0000","1995.0000","1995.0000","1998.0000","1972.0000","1992.0000","1949.0000","2022.0000","1947.0000","1992.0000"," ","0.0000","0.0000","253400","505160500","1993.5300"
"20210721","01","11","    31510","JP3778280002","769.0000","769.0000","759.0000","761.0000","761.0000","766.0000","761.0000","761.0000","769.0000","769.0000","759.0000","761.0000"," ","0.0000","0.0000","77200","59070100","765.1567"
"20210721","01","11","    31530","JP3931700003","956.0000","962.0000","952.0000","957.0000","956.0000","957.0000","955.0000","955.0000","956.0000","962.0000","952.0000","955.0000"," ","0.0000","0.0000","54400","52002200","955.9228"
"20210721","01","11","    31540","JP3254190006","993.0000","1003.0000","993.0000","994.0000","994.0000","999.0000","989.0000","997.0000","993.0000","1003.0000","989.0000","997.0000"," ","0.0000","0.0000","17100","17023700","995.5380"
"20210721","01","11","    31560","JP3944360001","1898.0000","1906.0000","1885.0000","1885.0000","1885.0000","1887.0000","1874.0000","1878.0000","1898.0000","1906.0000","1874.0000","1878.0000"," ","0.0000","0.0000","62200","117496100","1889.0048"
"20210721","01","11","    31570","JP3390360000","1062.0000","1062.0000","1049.0000","1049.0000","1049.0000","1050.0000","1049.0000","1050.0000","1062.0000","1062.0000","1049.0000","1050.0000"," ","0.0000","0.0000","9500","10075400","1060.5684"
"20210721","01","11","    31590","JP3346330008","400.0000","401.0000","399.0000","399.0000","399.0000","400.0000","399.0000","400.0000","400.0000","401.0000","399.0000","400.0000"," ","0.0000","0.0000","98700","39446700","399.6626"
"20210721","01","11","    31600","JP3190430003","676.0000","677.0000","675.0000","676.0000","673.0000","679.0000","673.0000","675.0000","676.0000","679.0000","673.0000","675.0000"," ","0.0000","0.0000","7100","4800700","676.1549"
"20210721","01","11","    31660","JP3196630002","1295.0000","1295.0000","1295.0000","1295.0000","1300.0000","1300.0000","1291.0000","1293.0000","1295.0000","1300.0000","1291.0000","1293.0000"," ","0.0000","0.0000","800","1035300","1294.1250"
"20210721","01","11","    31670","JP3552260006","904.0000","912.0000","903.0000","908.0000","908.0000","908.0000","903.0000","903.0000","904.0000","912.0000","903.0000","903.0000"," ","0.0000","0.0000","128600","116572500","906.4736"
"20210721","01","11","    31680","JP3272780002","805.0000","812.0000","791.0000","799.0000","795.0000","806.0000","795.0000","804.0000","805.0000","812.0000","791.0000","804.0000"," ","0.0000","0.0000","80100","64228600","801.8552"
"20210721","01","11","    31690","JP3883750006","679.0000","680.0000","670.0000","674.0000","678.0000","678.0000","660.0000","665.0000","679.0000","680.0000","660.0000","665.0000"," ","0.0000","0.0000","35900","23957300","667.3343"
"20210721","01","11","    31720","JP3539050009","1480.0000","1484.0000","1466.0000","1472.0000","1472.0000","1475.0000","1459.0000","1467.0000","1480.0000","1484.0000","1459.0000","1467.0000"," ","0.0000","0.0000","40600","59746200","1471.5813"
"20210721","01","11","    31730","JP3181400007","732.0000","732.0000","719.0000","719.0000","722.0000","725.0000","722.0000","724.0000","732.0000","732.0000","719.0000","724.0000"," ","0.0000","0.0000","4600","3324800","722.7826"
"20210721","01","11","    31750","JP3160620005","487.0000","488.0000","482.0000","482.0000","482.0000","484.0000","478.0000","478.0000","487.0000","488.0000","478.0000","478.0000"," ","0.0000","0.0000","3600","1739400","483.1667"
"20210721","01","11","    31760","JP3342500000","1190.0000","1202.0000","1185.0000","1185.0000","1183.0000","1190.0000","1176.0000","1183.0000","1190.0000","1202.0000","1176.0000","1183.0000"," ","0.0000","0.0000","72000","85429300","1186.5181"
"20210721","01","11","    31780","JP3512720008","1411.0000","1422.0000","1399.0000","1400.0000","1398.0000","1407.0000","1398.0000","1402.0000","1411.0000","1422.0000","1398.0000","1402.0000"," ","0.0000","0.0000","23200","32726800","1410.6379"
"20210721","01","11","    31790","JP3359940008","1064.0000","1088.0000","1062.0000","1069.0000","1069.0000","1076.0000","1066.0000","1074.0000","1064.0000","1088.0000","1062.0000","1074.0000"," ","0.0000","0.0000","74000","79496700","1074.2797"
"20210721","01","11","    31800","JP3800480000","4235.0000","4345.0000","4215.0000","4305.0000","4320.0000","4335.0000","4275.0000","4305.0000","4235.0000","4345.0000","4215.0000","4305.0000"," ","0.0000","0.0000","39300","168993000","4300.0763"
"20210721","01","11","    31820","JP3174190003","4055.0000","4110.0000","4040.0000","4055.0000","4080.0000","4120.0000","4055.0000","4055.0000","4055.0000","4120.0000","4040.0000","4055.0000"," ","0.0000","0.0000","97500","397704000","4079.0154"
"20210721","01","11","    31830","JP3154390003","990.0000","994.0000","988.0000","992.0000","994.0000","994.0000","986.0000","987.0000","990.0000","994.0000","986.0000","987.0000"," ","0.0000","0.0000","6000","5934600","989.1000"
"20210721","01","11","    31860","JP3758210003","2254.0000","2276.0000","2232.0000","2258.0000","2258.0000","2275.0000","2227.0000","2234.0000","2254.0000","2276.0000","2227.0000","2234.0000"," ","0.0000","0.0000","772000","1740540200","2254.5858"
"20210721","01","11","    31910","JP3392920009","1387.0000","1398.0000","1383.0000","1392.0000","1395.0000","1403.0000","1393.0000","1393.0000","1387.0000","1403.0000","1383.0000","1393.0000"," ","0.0000","0.0000","153000","213512700","1395.5078"
"20210721","01","11","    31930","JP3635900008","1786.0000","1803.0000","1771.0000","1773.0000","1774.0000","1777.0000","1765.0000","1768.0000","1786.0000","1803.0000","1765.0000","1768.0000"," ","0.0000","0.0000","87100","155052400","1780.1653"
"20210721","01","11","    31960","JP3851950000","1287.0000","1304.0000","1287.0000","1287.0000","1288.0000","1297.0000","1288.0000","1293.0000","1287.0000","1304.0000","1287.0000","1293.0000"," ","0.0000","0.0000","37500","48509200","1293.5787"
"20210721","01","11","    31970","JP3396210001","1470.0000","1482.0000","1460.0000","1463.0000","1463.0000","1463.0000","1444.0000","1446.0000","1470.0000","1482.0000","1444.0000","1446.0000"," ","0.0000","0.0000","1894200","2764328100","1459.3644"
"20210721","01","11","    31980","JP3162250009","1459.0000","1463.0000","1443.0000","1443.0000","1443.0000","1449.0000","1436.0000","1440.0000","1459.0000","1463.0000","1436.0000","1440.0000"," ","0.0000","0.0000","31400","45451000","1447.4841"
"20210721","01","11","    31990","JP3993830003","1236.0000","1244.0000","1233.0000","1244.0000","1244.0000","1244.0000","1238.0000","1242.0000","1236.0000","1244.0000","1233.0000","1242.0000"," ","0.0000","0.0000","30500","37830500","1240.3443"
"20210721","01","11","    32010","JP3700800000","969.0000","977.0000","965.0000","969.0000","969.0000","970.0000","962.0000","964.0000","969.0000","977.0000","962.0000","964.0000"," ","0.0000","0.0000","148300","143518100","967.7552"
"20210721","01","11","    32020","JP3487400008","100.0000","101.0000","100.0000","100.0000","100.0000","101.0000","100.0000","100.0000","100.0000","101.0000","100.0000","100.0000"," ","0.0000","0.0000","56500","5662700","100.2248"
"20210721","01","11","    32040","JP3552170007","423.0000","430.0000","423.0000","430.0000","429.0000","429.0000","423.0000","425.0000","423.0000","430.0000","423.0000","425.0000"," ","0.0000","0.0000","24200","10326100","426.6983"
"20210721","01","11","    32050","JP3488600002","175.0000","175.0000","174.0000","175.0000","174.0000","175.0000","174.0000","175.0000","175.0000","175.0000","174.0000","175.0000"," ","0.0000","0.0000","12600","2201100","174.6905"
"20210721","01","11","    32210","JP3957600004","2256.0000","2278.0000","2232.0000","2232.0000","2235.0000","2240.0000","2191.0000","2226.0000","2256.0000","2278.0000","2191.0000","2226.0000"," ","0.0000","0.0000","38200","85106600","2227.9215"
"20210721","01","11","    32220","JP3949450005","1035.0000","1049.0000","1033.0000","1039.0000","1044.0000","1054.0000","1043.0000","1045.0000","1035.0000","1054.0000","1033.0000","1045.0000"," ","0.0000","0.0000","264300","276165600","1044.8944"
"20210721","01","11","    32260","JP3046440008","693000.0000","700000.0000","693000.0000","699000.0000","698000.0000","699000.0000","693000.0000","697000.0000","693000.0000","700000.0000","693000.0000","697000.0000"," ","0.0000","0.0000","2091","1457310000","696944.0459"
"20210721","01","11","    32280","JP3324700008","1991.0000","2001.0000","1968.0000","1968.0000","1970.0000","1992.0000","1968.0000","1978.0000","1991.0000","2001.0000","1968.0000","1978.0000"," ","0.0000","0.0000","55200","109372900","1981.3931"
"20210721","01","11","    32310","JP3762900003","2710.0000","2740.0000","2703.0000","2713.0000","2713.0000","2713.0000","2680.0000","2685.0000","2710.0000","2740.0000","2680.0000","2685.0000"," ","0.0000","0.0000","589600","1594019100","2703.5602"
"20210721","01","11","    32320","JP3332510001","470.0000","475.0000","469.0000","471.0000","473.0000","475.0000","473.0000","474.0000","470.0000","475.0000","469.0000","474.0000"," ","0.0000","0.0000","54100","25567800","472.6026"
"20210721","01","11","    32340","JP3046470005","165700.0000","166200.0000","165400.0000","165600.0000","165600.0000","166300.0000","165300.0000","165900.0000","165700.0000","166300.0000","165300.0000","165900.0000"," ","0.0000","0.0000","4295","712297400","165843.3993"
"20210721","01","11","    32440","JP3322970009","2208.0000","2220.0000","2195.0000","2209.0000","2209.0000","2229.0000","2201.0000","2201.0000","2208.0000","2229.0000","2195.0000","2201.0000"," ","0.0000","0.0000","160100","353686400","2209.1593"
"20210721","01","11","    32450","JP3548720006","473.0000","473.0000","467.0000","467.0000","469.0000","469.0000","464.0000","467.0000","473.0000","473.0000","464.0000","467.0000"," ","0.0000","0.0000","47800","22353600","467.6485"
"20210721","01","11","    32460","JP3283670002","645.0000","647.0000","645.0000","646.0000","648.0000","648.0000","645.0000","645.0000","645.0000","648.0000","645.0000","645.0000"," ","0.0000","0.0000","3000","1937600","645.8667"
"20210721","01","11","    32490","JP3046500009","217400.0000","218900.0000","217100.0000","218100.0000","218700.0000","218900.0000","217300.0000","217800.0000","217400.0000","218900.0000","217100.0000","217800.0000"," ","0.0000","0.0000","2652","578058800","217970.8899"
"20210721","01","11","    32520","JP3714200007","1720.0000","1730.0000","1710.0000","1714.0000","1714.0000","1718.0000","1710.0000","1713.0000","1720.0000","1730.0000","1710.0000","1713.0000"," ","0.0000","0.0000","43000","73900400","1718.6140"
"20210721","01","11","    32540","JP3833300001","1551.0000","1555.0000","1536.0000","1539.0000","1530.0000","1540.0000","1529.0000","1532.0000","1551.0000","1555.0000","1529.0000","1532.0000"," ","0.0000","0.0000","148400","228370000","1538.8814"
"20210721","01","11","    32670","JP3802930002","2595.0000","2672.0000","2558.0000","2664.0000","2663.0000","2689.0000","2641.0000","2682.0000","2595.0000","2689.0000","2558.0000","2682.0000"," ","0.0000","0.0000","76800","203101100","2644.5456"
"20210721","01","11","    32690","JP3047160001","382000.0000","387500.0000","382000.0000","386500.0000","386500.0000","388000.0000","384000.0000","385500.0000","382000.0000","388000.0000","382000.0000","385500.0000"," ","0.0000","0.0000","2456","947624000","385840.3909"
"20210721","01","11","    32710","JP3345720001","217.0000","217.0000","214.0000","215.0000","216.0000","218.0000","215.0000","218.0000","217.0000","218.0000","214.0000","218.0000"," ","0.0000","0.0000","28100","6075100","216.1957"
"20210721","01","11","    32750","JP3765350008","1219.0000","1220.0000","1217.0000","1218.0000","1209.0000","1209.0000","1209.0000","1209.0000","1219.0000","1220.0000","1209.0000","1209.0000"," ","0.0000","0.0000","2800","3407300","1216.8929"
"20210721","01","11","    32760","JP3695050009","1304.0000","1308.0000","1283.0000","1295.0000","1298.0000","1307.0000","1292.0000","1297.0000","1304.0000","1308.0000","1283.0000","1297.0000"," ","0.0000","0.0000","46400","60225200","1297.9569"
"20210721","01","11","    32770","JP3335000000","874.0000","874.0000","865.0000","865.0000","866.0000","866.0000","861.0000","861.0000","874.0000","874.0000","861.0000","861.0000"," ","0.0000","0.0000","7800","6772800","868.3077"
"20210721","01","11","    32780","JP3047480003","242200.0000","244200.0000","241700.0000","243600.0000","243800.0000","244700.0000","242700.0000","242800.0000","242200.0000","244700.0000","241700.0000","242800.0000"," ","0.0000","0.0000","2283","555485700","243313.9290"
"20210721","01","11","    32790","JP3047490002","490500.0000","494000.0000","487500.0000","487500.0000","487000.0000","488000.0000","482500.0000","482500.0000","490500.0000","494000.0000","482500.0000","482500.0000"," ","0.0000","0.0000","4078","1985915000","486982.5895"
"20210721","01","11","    32800","JP3163350006","664.0000","666.0000","664.0000","665.0000","671.0000","674.0000","671.0000","674.0000","664.0000","674.0000","664.0000","674.0000"," ","0.0000","0.0000","2600","1740300","669.3462"
"20210721","01","11","    32810","JP3047510007","192200.0000","193800.0000","192000.0000","192000.0000","192000.0000","193600.0000","192000.0000","192300.0000","192200.0000","193800.0000","192000.0000","192300.0000"," ","0.0000","0.0000","9343","1800188500","192677.7802"
"20210721","01","11","    32820","JP3047540004","371500.0000","374000.0000","371000.0000","371500.0000","371500.0000","376500.0000","371500.0000","374000.0000","371500.0000","376500.0000","371000.0000","374000.0000"," ","0.0000","0.0000","1739","649942000","373744.6809"
"20210721","01","11","    32830","JP3047550003","356500.0000","360500.0000","356500.0000","359500.0000","359500.0000","360500.0000","357000.0000","358500.0000","356500.0000","360500.0000","356500.0000","358500.0000"," ","0.0000","0.0000","4739","1700799000","358894.0705"
"20210721","01","11","    32840","JP3802060008","726.0000","727.0000","722.0000","723.0000","721.0000","721.0000","714.0000","717.0000","726.0000","727.0000","714.0000","717.0000"," ","0.0000","0.0000","67500","48622800","720.3378"
"20210721","01","11","    32870","JP3047610005","684000.0000","686000.0000","674000.0000","675000.0000","678000.0000","678000.0000","673000.0000","674000.0000","684000.0000","686000.0000","673000.0000","674000.0000"," ","0.0000","0.0000","840","569319000","677760.7143"
"20210721","01","11","    32880","JP3173540000","5270.0000","5340.0000","5240.0000","5300.0000","5310.0000","5310.0000","5260.0000","5280.0000","5270.0000","5340.0000","5240.0000","5280.0000"," ","0.0000","0.0000","233300","1234580000","5291.8131"
"20210721","01","11","    32890","JP3569200003","630.0000","636.0000","622.0000","623.0000","623.0000","625.0000","618.0000","622.0000","630.0000","636.0000","618.0000","622.0000"," ","0.0000","0.0000","2442700","1528405400","625.7033"
"20210721","01","11","    32900","JP3047640002","336000.0000","338500.0000","336000.0000","337000.0000","337000.0000","337500.0000","333500.0000","334500.0000","336000.0000","338500.0000","333500.0000","334500.0000"," ","0.0000","0.0000","631","212071500","336087.9556"
"20210721","01","11","    32910","JP3131090007","2628.0000","2653.0000","2619.0000","2626.0000","2621.0000","2629.0000","2590.0000","2596.0000","2628.0000","2653.0000","2590.0000","2596.0000"," ","0.0000","0.0000","535100","1397057700","2610.8348"
"20210721","01","11","    32920","JP3047650001","165200.0000","166300.0000","164900.0000","165000.0000","164900.0000","165900.0000","164500.0000","164700.0000","165200.0000","166300.0000","164500.0000","164700.0000"," ","0.0000","0.0000","4329","715682600","165322.8459"
"20210721","01","11","    32940","JP3130350006","1016.0000","1019.0000","1015.0000","1015.0000","1014.0000","1018.0000","1014.0000","1018.0000","1016.0000","1019.0000","1014.0000","1018.0000"," ","0.0000","0.0000","3800","3862800","1016.5263"
"20210721","01","11","    32950","JP3047660000","188000.0000","189200.0000","187300.0000","187500.0000","187500.0000","187700.0000","186200.0000","186400.0000","188000.0000","189200.0000","186200.0000","186400.0000"," ","0.0000","0.0000","2444","458409800","187565.3846"
"20210721","01","11","    32960","JP3047750009","447000.0000","449500.0000","442500.0000","443000.0000","443500.0000","443500.0000","439500.0000","441000.0000","447000.0000","449500.0000","439500.0000","441000.0000"," ","0.0000","0.0000","1300","577553000","444271.5385"
"20210721","01","11","    32980","JP3047760008","22460.0000","22490.0000","22360.0000","22360.0000","22450.0000","22450.0000","22270.0000","22300.0000","22460.0000","22490.0000","22270.0000","22300.0000"," ","0.0000","0.0000","53855","1205346810","22381.3353"
"20210721","01","11","    32990","JP3912500000","498.0000","499.0000","492.0000","494.0000","494.0000","495.0000","492.0000","495.0000","498.0000","499.0000","492.0000","495.0000"," ","0.0000","0.0000","29600","14655300","495.1115"
"20210721","01","11","    33020","JP3540800004","1980.0000","1995.0000","1978.0000","1988.0000","1988.0000","1988.0000","1980.0000","1988.0000","1980.0000","1995.0000","1978.0000","1988.0000"," ","0.0000","0.0000","21200","42116000","1986.6038"
"20210721","01","11","    33090","JP3047820000","97300.0000","98200.0000","97200.0000","97200.0000","97300.0000","97900.0000","97000.0000","97200.0000","97300.0000","98200.0000","97000.0000","97200.0000"," ","0.0000","0.0000","8030","782913600","97498.5803"
"20210721","01","11","    33150","JP3889610006","102.0000","102.0000","101.0000","101.0000","102.0000","102.0000","101.0000","101.0000","102.0000","102.0000","101.0000","101.0000"," ","0.0000","0.0000","200400","20356400","101.5788"
"20210721","01","11","    33190","JP3309050007","1630.0000","1640.0000","1585.0000","1622.0000","1625.0000","1633.0000","1615.0000","1621.0000","1630.0000","1640.0000","1585.0000","1621.0000"," ","0.0000","0.0000","84100","136227500","1619.8276"
"20210721","01","11","    33210","JP3886200009","840.0000","840.0000","827.0000","835.0000","832.0000","832.0000","818.0000","823.0000","840.0000","840.0000","818.0000","823.0000"," ","0.0000","0.0000","40400","33463000","828.2921"
"20210721","01","11","    33280","JP3758110005","3330.0000","3420.0000","3300.0000","3315.0000","3315.0000","3325.0000","3260.0000","3260.0000","3330.0000","3420.0000","3260.0000","3260.0000"," ","0.0000","0.0000","157700","524488000","3325.8592"
"20210721","01","11","    33330","JP3110500000","1358.0000","1365.0000","1349.0000","1349.0000","1350.0000","1350.0000","1340.0000","1342.0000","1358.0000","1365.0000","1340.0000","1342.0000"," ","0.0000","0.0000","107000","144504000","1350.5047"
"20210721","01","11","    33410","JP3729200000","1674.0000","1708.0000","1668.0000","1697.0000","1700.0000","1705.0000","1695.0000","1700.0000","1674.0000","1708.0000","1668.0000","1700.0000"," ","0.0000","0.0000","79700","134831400","1691.7365"
"20210721","01","11","    33490","JP3298400007","18200.0000","18230.0000","17990.0000","18020.0000","17980.0000","18100.0000","17900.0000","18100.0000","18200.0000","18230.0000","17900.0000","18100.0000"," ","0.0000","0.0000","146600","2649562000","18073.4106"
"20210721","01","11","    33600","JP3274150006","2728.0000","2766.0000","2719.0000","2752.0000","2752.0000","2766.0000","2751.0000","2760.0000","2728.0000","2766.0000","2719.0000","2760.0000"," ","0.0000","0.0000","140300","386411400","2754.1796"
"20210721","01","11","    33610","JP3552240008","807.0000","823.0000","807.0000","817.0000","819.0000","825.0000","817.0000","825.0000","807.0000","825.0000","807.0000","825.0000"," ","0.0000","0.0000","6700","5485700","818.7612"
"20210721","01","11","    33710","JP3436040004","2856.0000","2876.0000","2836.0000","2845.0000","2855.0000","2861.0000","2825.0000","2852.0000","2856.0000","2876.0000","2825.0000","2852.0000"," ","0.0000","0.0000","30100","85742800","2848.5980"
"20210721","01","11","    33760","JP3203200005","477.0000","477.0000","472.0000","472.0000","472.0000","472.0000","472.0000","472.0000","477.0000","477.0000","472.0000","472.0000"," ","0.0000","0.0000","1100","522200","474.7273"
"20210721","01","11","    33820","JP3422950000","5000.0000","5036.0000","4981.0000","5011.0000","5025.0000","5030.0000","4999.0000","5012.0000","5000.0000","5036.0000","4981.0000","5012.0000"," ","0.0000","0.0000","1400500","7016297900","5009.8521"
"20210721","01","11","    33870","JP3269930008","928.0000","929.0000","900.0000","900.0000","900.0000","915.0000","900.0000","903.0000","928.0000","929.0000","900.0000","903.0000"," ","0.0000","0.0000","1238600","1128763700","911.3222"
"20210721","01","11","    33880","JP3917600003","1395.0000","1403.0000","1392.0000","1392.0000","1391.0000","1394.0000","1391.0000","1391.0000","1395.0000","1403.0000","1391.0000","1391.0000"," ","0.0000","0.0000","3300","4597100","1393.0606"
"20210721","01","11","    33910","JP3536150000","12790.0000","12970.0000","12760.0000","12870.0000","12930.0000","12940.0000","12870.0000","12920.0000","12790.0000","12970.0000","12760.0000","12920.0000"," ","0.0000","0.0000","88500","1141973000","12903.6497"
"20210721","01","11","    33920","JP3549350001","658.0000","658.0000","654.0000","658.0000","659.0000","659.0000","655.0000","655.0000","658.0000","659.0000","654.0000","655.0000"," ","0.0000","0.0000","49200","32380700","658.1443"
"20210721","01","11","    33930","JP3399270002","1935.0000","1935.0000","1854.0000","1869.0000","1884.0000","1924.0000","1857.0000","1911.0000","1935.0000","1935.0000","1854.0000","1911.0000"," ","0.0000","0.0000","75900","143448700","1889.9697"
"20210721","01","11","    33950","JP3337070001","1573.0000","1589.0000","1568.0000","1576.0000","1573.0000","1576.0000","1558.0000","1559.0000","1573.0000","1589.0000","1558.0000","1559.0000"," ","0.0000","0.0000","92900","146069600","1572.3315"
"20210721","01","11","    33960","JP3802860001","1521.0000","1543.0000","1521.0000","1526.0000","1523.0000","1523.0000","1501.0000","1501.0000","1521.0000","1543.0000","1501.0000","1501.0000"," ","0.0000","0.0000","13800","20954500","1518.4420"
"20210721","01","11","    33970","JP3636650008","1893.0000","1934.0000","1883.0000","1925.0000","1921.0000","1924.0000","1905.0000","1906.0000","1893.0000","1934.0000","1883.0000","1906.0000"," ","0.0000","0.0000","446500","854010800","1912.6782"
"20210721","01","11","    34010","JP3544000007","1680.0000","1681.0000","1650.0000","1653.0000","1656.0000","1656.0000","1646.0000","1647.0000","1680.0000","1681.0000","1646.0000","1647.0000"," ","0.0000","0.0000","649100","1075992700","1657.6686"
"20210721","01","11","    34020","JP3621000003","691.0000","692.9000","680.7000","680.9000","682.4000","683.0000","677.8000","681.0000","691.0000","692.9000","677.8000","681.0000"," ","0.0000","0.0000","4302400","2943370100","684.1228"
"20210721","01","11","    34050","JP3269600007","1019.0000","1026.0000","1010.0000","1013.0000","1014.0000","1016.0000","1010.0000","1013.0000","1019.0000","1026.0000","1010.0000","1013.0000"," ","0.0000","0.0000","1462200","1485388700","1015.8588"
"20210721","01","11","    34070","JP3111200006","1193.5000","1201.0000","1185.5000","1189.0000","1189.5000","1190.0000","1178.5000","1180.0000","1193.5000","1201.0000","1178.5000","1180.0000"," ","0.0000","0.0000","2523800","2996843950","1187.4332"
"20210721","01","11","    34080","JP3312600004","3030.0000","3145.0000","3025.0000","3110.0000","3105.0000","3125.0000","3085.0000","3105.0000","3030.0000","3145.0000","3025.0000","3105.0000"," ","0.0000","0.0000","16100","49815000","3094.0994"
"20210721","01","11","    34150","JP3399710007","683.0000","712.0000","676.0000","703.0000","703.0000","704.0000","693.0000","697.0000","683.0000","712.0000","676.0000","697.0000"," ","0.0000","0.0000","402400","280780200","697.7639"
"20210721","01","11","    34210","JP3145800003","1498.0000","1512.0000","1496.0000","1499.0000","1500.0000","1500.0000","1493.0000","1495.0000","1498.0000","1512.0000","1493.0000","1495.0000"," ","0.0000","0.0000","71900","107988100","1501.9207"
"20210721","01","11","    34310","JP3908700002","2509.0000","2538.0000","2491.0000","2525.0000","2516.0000","2568.0000","2512.0000","2538.0000","2509.0000","2568.0000","2491.0000","2538.0000"," ","0.0000","0.0000","44700","113477700","2538.6510"
"20210721","01","11","    34330","JP3552290003","1368.0000","1385.0000","1363.0000","1373.0000","1379.0000","1382.0000","1372.0000","1379.0000","1368.0000","1385.0000","1363.0000","1379.0000"," ","0.0000","0.0000","90000","123880600","1376.4511"
"20210721","01","11","    34340","JP3126360001","1139.0000","1139.0000","1139.0000","1139.0000","1137.0000","1138.0000","1136.0000","1138.0000","1139.0000","1139.0000","1136.0000","1138.0000"," ","0.0000","0.0000","5800","6603600","1138.5517"
"20210721","01","11","    34360","JP3322930003","2627.0000","2634.0000","2588.0000","2590.0000","2600.0000","2600.0000","2548.0000","2573.0000","2627.0000","2634.0000","2548.0000","2573.0000"," ","0.0000","0.0000","4141500","10724933100","2589.6253"
"20210721","01","11","    34430","JP3226300006","3750.0000","3750.0000","3655.0000","3655.0000","3650.0000","3650.0000","3605.0000","3635.0000","3750.0000","3750.0000","3605.0000","3635.0000"," ","0.0000","0.0000","20700","75447500","3644.8068"
"20210721","01","11","    34450","JP3100350002","5720.0000","5720.0000","5620.0000","5650.0000","5660.0000","5670.0000","5590.0000","5670.0000","5720.0000","5720.0000","5590.0000","5670.0000"," ","0.0000","0.0000","35900","202566000","5642.5070"
"20210721","01","11","    34460","JP3386660009","3520.0000","3570.0000","3275.0000","3345.0000","3345.0000","3440.0000","3330.0000","3435.0000","3520.0000","3570.0000","3275.0000","3435.0000"," ","0.0000","0.0000","203000","684589000","3372.3596"
"20210721","01","11","    34470","JP3384730002","705.0000","705.0000","701.0000","701.0000","701.0000","704.0000","701.0000","703.0000","705.0000","705.0000","701.0000","703.0000"," ","0.0000","0.0000","16000","11251400","703.2125"
"20210721","01","11","    34510","JP3047830009","142400.0000","142400.0000","141300.0000","141300.0000","141300.0000","141600.0000","140400.0000","140800.0000","142400.0000","142400.0000","140400.0000","140800.0000"," ","0.0000","0.0000","1093","154489100","141344.0988"
"20210721","01","11","    34520","JP3799770007","573.0000","578.0000","570.0000","573.0000","573.0000","575.0000","571.0000","574.0000","573.0000","578.0000","570.0000","574.0000"," ","0.0000","0.0000","59500","34160100","574.1193"
"20210721","01","11","    34530","JP3047900000","297100.0000","298400.0000","297100.0000","297700.0000","297900.0000","298100.0000","296800.0000","297600.0000","297100.0000","298400.0000","296800.0000","297600.0000"," ","0.0000","0.0000","1349","401345600","297513.4173"
"20210721","01","11","    34540","JP3802290001","1020.0000","1026.0000","1011.0000","1015.0000","1015.0000","1018.0000","1010.0000","1012.0000","1020.0000","1026.0000","1010.0000","1012.0000"," ","0.0000","0.0000","22400","22795900","1017.6741"
"20210721","01","11","    34550","JP3047910009","156000.0000","156900.0000","155900.0000","156500.0000","156400.0000","156600.0000","155500.0000","155600.0000","156000.0000","156900.0000","155500.0000","155600.0000"," ","0.0000","0.0000","962","150168800","156100.6237"
"20210721","01","11","    34570","JP3765420009","999.0000","1014.0000","996.0000","996.0000","996.0000","996.0000","988.0000","992.0000","999.0000","1014.0000","988.0000","992.0000"," ","0.0000","0.0000","63700","63709800","1000.1538"
"20210721","01","11","    34580","JP3346080009","1557.0000","1565.0000","1538.0000","1538.0000","1538.0000","1540.0000","1529.0000","1531.0000","1557.0000","1565.0000","1529.0000","1531.0000"," ","0.0000","0.0000","46300","71464400","1543.5076"
"20210721","01","11","    34590","JP3047960004","130700.0000","133100.0000","130700.0000","132300.0000","132300.0000","132400.0000","130900.0000","131500.0000","130700.0000","133100.0000","130700.0000","131500.0000"," ","0.0000","0.0000","2533","334333600","131991.1567"
"20210721","01","11","    34620","JP3048110005","171600.0000","173300.0000","171600.0000","172100.0000","171900.0000","172200.0000","170000.0000","170500.0000","171600.0000","173300.0000","170000.0000","170500.0000"," ","0.0000","0.0000","8424","1443254500","171326.5076"
"20210721","01","11","    34630","JP3048160000","91700.0000","92400.0000","91300.0000","91500.0000","91100.0000","91800.0000","90800.0000","91200.0000","91700.0000","92400.0000","90800.0000","91200.0000"," ","0.0000","0.0000","1247","114189300","91571.2109"
"20210721","01","11","    34640","JP3833810009","2900.0000","2915.0000","2804.0000","2804.0000","2842.0000","2850.0000","2785.0000","2814.0000","2900.0000","2915.0000","2785.0000","2814.0000"," ","0.0000","0.0000","31500","90032300","2858.1683"
"20210721","01","11","    34650","JP3277620005","5330.0000","5360.0000","5210.0000","5230.0000","5210.0000","5230.0000","5160.0000","5190.0000","5330.0000","5360.0000","5160.0000","5190.0000"," ","0.0000","0.0000","70900","370142000","5220.6206"
"20210721","01","11","    34660","JP3048180008","195500.0000","196600.0000","194800.0000","195100.0000","195300.0000","196100.0000","194600.0000","195500.0000","195500.0000","196600.0000","194600.0000","195500.0000"," ","0.0000","0.0000","5330","1042256700","195545.3471"
"20210721","01","11","    34670","JP3108170006","979.0000","991.0000","976.0000","985.0000","980.0000","985.0000","974.0000","983.0000","979.0000","991.0000","974.0000","983.0000"," ","0.0000","0.0000","11000","10810300","982.7545"
"20210721","01","11","    34680","JP3048200004","63300.0000","63900.0000","63300.0000","63400.0000","63400.0000","63600.0000","63300.0000","63300.0000","63300.0000","63900.0000","63300.0000","63300.0000"," ","0.0000","0.0000","3458","219555600","63492.0763"
"20210721","01","11","    34700","JP3048290005","134100.0000","134100.0000","133300.0000","133500.0000","133500.0000","133700.0000","132800.0000","132800.0000","134100.0000","134100.0000","132800.0000","132800.0000"," ","0.0000","0.0000","194","25890100","133454.1237"
"20210721","01","11","    34710","JP3048300002","600000.0000","609000.0000","600000.0000","608000.0000","609000.0000","611000.0000","606000.0000","607000.0000","600000.0000","611000.0000","600000.0000","607000.0000"," ","0.0000","0.0000","1769","1074002000","607123.7988"
"20210721","01","11","    34720","JP3048310001","84800.0000","84800.0000","84000.0000","84400.0000","84200.0000","84300.0000","84000.0000","84100.0000","84800.0000","84800.0000","84000.0000","84100.0000"," ","0.0000","0.0000","765","64449400","84247.5817"
"20210721","01","11","    34750","JP3273750004","1448.0000","1448.0000","1413.0000","1413.0000","1412.0000","1416.0000","1399.0000","1400.0000","1448.0000","1448.0000","1399.0000","1400.0000"," ","0.0000","0.0000","69700","98372600","1411.3716"
"20210721","01","11","    34760","JP3048370005","56100.0000","56700.0000","56100.0000","56200.0000","56200.0000","56600.0000","56200.0000","56200.0000","56100.0000","56700.0000","56100.0000","56200.0000"," ","0.0000","0.0000","7593","428263200","56402.3706"
"20210721","01","11","    34780","JP3048380004","139400.0000","140500.0000","138200.0000","139600.0000","139500.0000","139700.0000","137900.0000","137900.0000","139400.0000","140500.0000","137900.0000","137900.0000"," ","0.0000","0.0000","454","63099900","138986.5639"
"20210721","01","11","    34800","JP3386630002","4210.0000","4285.0000","4180.0000","4210.0000","4220.0000","4285.0000","4180.0000","4190.0000","4210.0000","4285.0000","4180.0000","4190.0000"," ","0.0000","0.0000","19700","83493000","4238.2234"
"20210721","01","11","    34810","JP3048480002","487000.0000","495500.0000","487000.0000","493500.0000","493000.0000","494000.0000","490500.0000","490500.0000","487000.0000","495500.0000","487000.0000","490500.0000"," ","0.0000","0.0000","900","443439000","492710.0000"
"20210721","01","11","    34840","JP3547690002","887.0000","896.0000","884.0000","884.0000","885.0000","889.0000","884.0000","889.0000","887.0000","896.0000","884.0000","889.0000"," ","0.0000","0.0000","11900","10566000","887.8992"
"20210721","01","11","    34860","JP3274380009","847.0000","853.0000","845.0000","848.0000","845.0000","847.0000","842.0000","842.0000","847.0000","853.0000","842.0000","842.0000"," ","0.0000","0.0000","20400","17275300","846.8284"
"20210721","01","11","    34870","JP3048680007","200700.0000","202700.0000","200700.0000","201100.0000","201300.0000","201600.0000","200800.0000","200800.0000","200700.0000","202700.0000","200700.0000","200800.0000"," ","0.0000","0.0000","1226","246906400","201391.8434"
"20210721","01","11","    34880","JP3048690006","124300.0000","124900.0000","123900.0000","124300.0000","124600.0000","124600.0000","124000.0000","124200.0000","124300.0000","124900.0000","123900.0000","124200.0000"," ","0.0000","0.0000","505","62763000","124283.1683"
"20210721","01","11","    34890","JP3803030000","1378.0000","1380.0000","1364.0000","1364.0000","1362.0000","1364.0000","1357.0000","1358.0000","1378.0000","1380.0000","1357.0000","1358.0000"," ","0.0000","0.0000","13500","18428500","1365.0741"
"20210721","01","11","    34920","JP3048750008","127800.0000","128500.0000","127700.0000","128000.0000","128000.0000","128500.0000","127600.0000","127600.0000","127800.0000","128500.0000","127600.0000","127600.0000"," ","0.0000","0.0000","1265","162004600","128066.8775"
"20210721","01","11","    34930","JP3048770006","162500.0000","163900.0000","162200.0000","162800.0000","162800.0000","164100.0000","162800.0000","163000.0000","162500.0000","164100.0000","162200.0000","163000.0000"," ","0.0000","0.0000","2145","350343900","163330.4895"
"20210721","01","11","    35010","JP3410200004","1984.0000","1984.0000","1957.0000","1979.0000","1970.0000","1976.0000","1961.0000","1976.0000","1984.0000","1984.0000","1957.0000","1976.0000"," ","0.0000","0.0000","6100","12038500","1973.5246"
"20210721","01","11","    35120","JP3749000000","443.0000","449.0000","443.0000","447.0000","449.0000","449.0000","448.0000","449.0000","443.0000","449.0000","443.0000","449.0000"," ","0.0000","0.0000","12700","5679000","447.1654"
"20210721","01","11","    35130","JP3141200000","1299.0000","1331.0000","1299.0000","1322.0000","1311.0000","1339.0000","1295.0000","1297.0000","1299.0000","1339.0000","1295.0000","1297.0000"," ","0.0000","0.0000","3900","5101000","1307.9487"
"20210721","01","11","    35210","JP3755800004","87.0000","87.0000","87.0000","87.0000","87.0000","88.0000","86.0000","88.0000","87.0000","88.0000","86.0000","88.0000"," ","0.0000","0.0000","141100","12275400","86.9979"
"20210721","01","11","    35240","JP3683600005","1508.0000","1508.0000","1508.0000","1508.0000","1514.0000","1514.0000","1508.0000","1509.0000","1508.0000","1514.0000","1508.0000","1509.0000"," ","0.0000","0.0000","1000","1509200","1509.2000"
"20210721","01","11","    35260","JP3118400005","1145.0000","1163.0000","1145.0000","1163.0000","1170.0000","1173.0000","1165.0000","1170.0000","1145.0000","1173.0000","1145.0000","1170.0000"," ","0.0000","0.0000","8800","10269100","1166.9432"
"20210721","01","11","    35290","JP3120200005","622.0000","625.0000","621.0000","624.0000","624.0000","625.0000","622.0000","623.0000","622.0000","625.0000","621.0000","623.0000"," ","0.0000","0.0000","34600","21571400","623.4509"
"20210721","01","11","    35380","JP3154270007","1087.0000","1127.0000","1087.0000","1112.0000","1112.0000","1120.0000","1098.0000","1110.0000","1087.0000","1127.0000","1087.0000","1110.0000"," ","0.0000","0.0000","43000","47688200","1109.0279"
"20210721","01","11","    35390","JP3389690003","2100.0000","2116.0000","2090.0000","2095.0000","2100.0000","2114.0000","2098.0000","2114.0000","2100.0000","2116.0000","2090.0000","2114.0000"," ","0.0000","0.0000","157400","331215100","2104.2891"
"20210721","01","11","    35430","JP3305580007","2070.0000","2075.0000","2043.0000","2046.0000","2046.0000","2048.0000","2037.0000","2037.0000","2070.0000","2075.0000","2037.0000","2037.0000"," ","0.0000","0.0000","228400","468564100","2051.5066"
"20210721","01","11","    35440","JP3319750000","2005.0000","2023.0000","2005.0000","2023.0000","2018.0000","2020.0000","2010.0000","2013.0000","2005.0000","2023.0000","2005.0000","2013.0000"," ","0.0000","0.0000","3200","6453600","2016.7500"
"20210721","01","11","    35460","JP3500050004","1295.0000","1300.0000","1289.0000","1291.0000","1295.0000","1312.0000","1290.0000","1307.0000","1295.0000","1312.0000","1289.0000","1307.0000"," ","0.0000","0.0000","27600","35943700","1302.3080"
"20210721","01","11","    35470","JP3266180003","1723.0000","1750.0000","1714.0000","1714.0000","1716.0000","1726.0000","1711.0000","1717.0000","1723.0000","1750.0000","1711.0000","1717.0000"," ","0.0000","0.0000","58600","101053700","1724.4659"
"20210721","01","11","    35480","JP3778450001","855.0000","855.0000","840.0000","845.0000","842.0000","845.0000","839.0000","845.0000","855.0000","855.0000","839.0000","845.0000"," ","0.0000","0.0000","35800","30313600","846.7486"
"20210721","01","11","    35490","JP3266190002","7370.0000","7470.0000","7360.0000","7390.0000","7380.0000","7430.0000","7370.0000","7410.0000","7370.0000","7470.0000","7360.0000","7410.0000"," ","0.0000","0.0000","92300","684249000","7413.3153"
"20210721","01","11","    35510","JP3493000008","746.0000","753.0000","745.0000","745.0000","744.0000","746.0000","744.0000","745.0000","746.0000","753.0000","744.0000","745.0000"," ","0.0000","0.0000","10400","7765700","746.7019"
"20210721","01","11","    35530","JP3256400007","704.0000","707.0000","701.0000","702.0000","701.0000","705.0000","695.0000","700.0000","704.0000","707.0000","695.0000","700.0000"," ","0.0000","0.0000","40500","28409200","701.4617"
"20210721","01","11","    35590","JP3801640008","772.0000","789.0000","772.0000","775.0000","774.0000","779.0000","768.0000","768.0000","772.0000","789.0000","768.0000","768.0000"," ","0.0000","0.0000","7200","5563900","772.7639"
"20210721","01","11","    35610","JP3507780009","601.0000","606.0000","600.0000","603.0000","604.0000","605.0000","599.0000","599.0000","601.0000","606.0000","599.0000","599.0000"," ","0.0000","0.0000","15700","9448800","601.8344"
"20210721","01","11","    35630","JP3397150008","4300.0000","4330.0000","4250.0000","4280.0000","4285.0000","4305.0000","4255.0000","4255.0000","4300.0000","4330.0000","4250.0000","4255.0000"," ","0.0000","0.0000","427800","1834669000","4288.6138"
"20210721","01","11","    35650","JP3120110006","1169.0000","1190.0000","1168.0000","1183.0000","1185.0000","1188.0000","1177.0000","1177.0000","1169.0000","1190.0000","1168.0000","1177.0000"," ","0.0000","0.0000","68500","80947000","1181.7080"
"20210721","01","11","    35690","JP3413800008","2156.0000","2193.0000","2147.0000","2169.0000","2165.0000","2178.0000","2163.0000","2166.0000","2156.0000","2193.0000","2147.0000","2166.0000"," ","0.0000","0.0000","93000","201949100","2171.4957"
"20210721","01","11","    35710","JP3434600007","801.0000","804.0000","801.0000","802.0000","802.0000","802.0000","801.0000","801.0000","801.0000","804.0000","801.0000","801.0000"," ","0.0000","0.0000","2100","1683100","801.4762"
"20210721","01","11","    35770","JP3564600009","1120.0000","1133.0000","1120.0000","1133.0000","1133.0000","1137.0000","1133.0000","1137.0000","1120.0000","1137.0000","1120.0000","1137.0000"," ","0.0000","0.0000","1500","1699800","1133.2000"
"20210721","01","11","    35800","JP3304600004","927.0000","954.0000","927.0000","937.0000","940.0000","943.0000","933.0000","938.0000","927.0000","954.0000","927.0000","938.0000"," ","0.0000","0.0000","45400","42716500","940.8921"
"20210721","01","11","    35910","JP3992400006","2456.0000","2463.0000","2428.0000","2428.0000","2423.0000","2448.0000","2423.0000","2439.0000","2456.0000","2463.0000","2423.0000","2439.0000"," ","0.0000","0.0000","79600","194570600","2444.3543"
"20210721","01","11","    35930","JP3840800001","3430.0000","3485.0000","3430.0000","3455.0000","3460.0000","3485.0000","3455.0000","3480.0000","3430.0000","3485.0000","3430.0000","3480.0000"," ","0.0000","0.0000","62300","215877500","3465.1284"
"20210721","01","11","    36070","JP3267800005","297.0000","297.0000","288.0000","291.0000","289.0000","289.0000","289.0000","289.0000","297.0000","297.0000","288.0000","289.0000"," ","0.0000","0.0000","4800","1406600","293.0417"
"20210721","01","11","    36080","JP3538690003","351.0000","358.0000","348.0000","350.0000","351.0000","351.0000","346.0000","347.0000","351.0000","358.0000","346.0000","347.0000"," ","0.0000","0.0000","630700","221633600","351.4089"
"20210721","01","11","    36110","JP3863900001","1582.0000","1598.0000","1582.0000","1592.0000","1591.0000","1591.0000","1577.0000","1580.0000","1582.0000","1598.0000","1577.0000","1580.0000"," ","0.0000","0.0000","6000","9509700","1584.9500"
"20210721","01","11","    36120","JP3990210001","1383.0000","1392.0000","1372.0000","1379.0000","1383.0000","1384.0000","1370.0000","1370.0000","1383.0000","1392.0000","1370.0000","1370.0000"," ","0.0000","0.0000","61500","84833500","1379.4065"
"20210721","01","11","    36260","JP3104890003","2879.0000","2917.0000","2875.0000","2894.0000","2900.0000","2902.0000","2865.0000","2873.0000","2879.0000","2917.0000","2865.0000","2873.0000"," ","0.0000","0.0000","562600","1622407900","2883.7680"
"20210721","01","11","    36270","JP3832370005","605.0000","610.0000","599.0000","603.0000","602.0000","604.0000","589.0000","589.0000","605.0000","610.0000","589.0000","589.0000"," ","0.0000","0.0000","68200","40794500","598.1598"
"20210721","01","11","    36320","JP3274070006","609.0000","614.0000","608.0000","610.0000","610.0000","614.0000","609.0000","612.0000","609.0000","614.0000","608.0000","612.0000"," ","0.0000","0.0000","288600","176578600","611.8455"
"20210721","01","11","    36330","JP3836100002","4480.0000","4540.0000","4445.0000","4495.0000","4480.0000","4520.0000","4470.0000","4505.0000","4480.0000","4540.0000","4445.0000","4505.0000"," ","0.0000","0.0000","14200","63810500","4493.6972"
"20210721","01","11","    36350","JP3283460008","4935.0000","5010.0000","4910.0000","4990.0000","4995.0000","5000.0000","4960.0000","4985.0000","4935.0000","5010.0000","4910.0000","4985.0000"," ","0.0000","0.0000","224200","1116518500","4980.0112"
"20210721","01","11","    36360","JP3902200009","4030.0000","4075.0000","4010.0000","4050.0000","4055.0000","4095.0000","4025.0000","4050.0000","4030.0000","4095.0000","4010.0000","4050.0000"," ","0.0000","0.0000","49000","198540500","4051.8469"
"20210721","01","11","    36390","JP3855700005","464.0000","466.0000","462.0000","463.0000","463.0000","465.0000","459.0000","463.0000","464.0000","466.0000","459.0000","463.0000"," ","0.0000","0.0000","24200","11206600","463.0826"
"20210721","01","11","    36400","JP3551410008","2314.0000","2314.0000","2314.0000","2314.0000","2315.0000","2315.0000","2315.0000","2315.0000","2314.0000","2315.0000","2314.0000","2315.0000"," ","0.0000","0.0000","1900","4396900","2314.1579"
"20210721","01","11","    36480","JP3160460006","873.0000","881.0000","873.0000","880.0000","882.0000","887.0000","882.0000","887.0000","873.0000","887.0000","873.0000","887.0000"," ","0.0000","0.0000","7700","6793600","882.2857"
"20210721","01","11","    36490","JP3801450002","1100.0000","1105.0000","1065.0000","1101.0000","1099.0000","1107.0000","1080.0000","1082.0000","1100.0000","1107.0000","1065.0000","1082.0000"," ","0.0000","0.0000","104000","113172200","1088.1942"
"20210721","01","11","    36550","JP3831460005","4580.0000","4590.0000","4540.0000","4545.0000","4535.0000","4535.0000","4490.0000","4495.0000","4580.0000","4590.0000","4490.0000","4495.0000"," ","0.0000","0.0000","11600","52520000","4527.5862"
"20210721","01","11","    36560","JP3268870007","658.0000","674.0000","654.0000","654.0000","654.0000","657.0000","647.0000","647.0000","658.0000","674.0000","647.0000","647.0000"," ","0.0000","0.0000","1057200","694304500","656.7390"
"20210721","01","11","    36570","JP3855950006","1050.0000","1071.0000","1050.0000","1056.0000","1053.0000","1061.0000","1051.0000","1058.0000","1050.0000","1071.0000","1050.0000","1058.0000"," ","0.0000","0.0000","84400","89431900","1059.6197"
"20210721","01","11","    36580","JP3130820008","3200.0000","3245.0000","3135.0000","3175.0000","3180.0000","3215.0000","3145.0000","3200.0000","3200.0000","3245.0000","3135.0000","3200.0000"," ","0.0000","0.0000","78500","249799000","3182.1529"
"20210721","01","11","    36590","JP3758190007","2314.0000","2343.0000","2284.0000","2288.0000","2282.0000","2291.0000","2272.0000","2283.0000","2314.0000","2343.0000","2272.0000","2283.0000"," ","0.0000","0.0000","1644300","3779910600","2298.7962"
"20210721","01","11","    36600","JP3102320003","483.0000","484.0000","479.0000","479.0000","481.0000","481.0000","471.0000","471.0000","483.0000","484.0000","471.0000","471.0000"," ","0.0000","0.0000","387900","185229100","477.5177"
"20210721","01","11","    36610","JP3167310006","3335.0000","3430.0000","3335.0000","3390.0000","3375.0000","3400.0000","3370.0000","3375.0000","3335.0000","3430.0000","3335.0000","3375.0000"," ","0.0000","0.0000","48000","162547000","3386.3958"
"20210721","01","11","    36620","JP3160890004","1535.0000","1543.0000","1517.0000","1523.0000","1518.0000","1527.0000","1512.0000","1520.0000","1535.0000","1543.0000","1512.0000","1520.0000"," ","0.0000","0.0000","131100","200156800","1526.7490"
"20210721","01","11","    36650","JP3164590006","1470.0000","1480.0000","1457.0000","1464.0000","1464.0000","1470.0000","1456.0000","1464.0000","1470.0000","1480.0000","1456.0000","1464.0000"," ","0.0000","0.0000","183400","268899800","1466.1930"
"20210721","01","11","    36660","JP3545230009","605.0000","605.0000","596.0000","596.0000","595.0000","596.0000","593.0000","594.0000","605.0000","605.0000","593.0000","594.0000"," ","0.0000","0.0000","30500","18247800","598.2885"
"20210721","01","11","    36670","JP3164580007","565.0000","569.0000","558.0000","558.0000","558.0000","561.0000","557.0000","558.0000","565.0000","569.0000","557.0000","558.0000"," ","0.0000","0.0000","97100","54551400","561.8064"
"20210721","01","11","    36680","JP3305960001","820.0000","822.0000","811.0000","812.0000","813.0000","816.0000","810.0000","810.0000","820.0000","822.0000","810.0000","810.0000"," ","0.0000","0.0000","152500","124268600","814.8761"
"20210721","01","11","    36720","JP3201800004","407.0000","408.0000","403.0000","403.0000","405.0000","405.0000","402.0000","403.0000","407.0000","408.0000","402.0000","403.0000"," ","0.0000","0.0000","25500","10309100","404.2784"
"20210721","01","11","    36730","JP3831490002","506.0000","510.0000","505.0000","507.0000","506.0000","508.0000","503.0000","507.0000","506.0000","510.0000","503.0000","507.0000"," ","0.0000","0.0000","272800","138194600","506.5784"
"20210721","01","11","    36750","JP3272760004","616.0000","619.0000","605.0000","613.0000","611.0000","616.0000","606.0000","609.0000","616.0000","619.0000","605.0000","609.0000"," ","0.0000","0.0000","245000","150007900","612.2771"
"20210721","01","11","    36760","JP3765110006","1506.0000","1520.0000","1496.0000","1510.0000","1510.0000","1520.0000","1506.0000","1516.0000","1506.0000","1520.0000","1496.0000","1516.0000"," ","0.0000","0.0000","21000","31772000","1512.9524"
"20210721","01","11","    36770","JP3350940007","917.0000","923.0000","914.0000","921.0000","917.0000","919.0000","911.0000","915.0000","917.0000","923.0000","911.0000","915.0000"," ","0.0000","0.0000","41200","37812200","917.7718"
"20210721","01","11","    36780","JP3921230003","4505.0000","4620.0000","4460.0000","4610.0000","4630.0000","4645.0000","4550.0000","4590.0000","4505.0000","4645.0000","4460.0000","4590.0000"," ","0.0000","0.0000","285500","1301774000","4559.6287"
"20210721","01","11","    36790","JP3386490001","445.0000","451.0000","440.0000","441.0000","441.0000","444.0000","438.0000","442.0000","445.0000","451.0000","438.0000","442.0000"," ","0.0000","0.0000","306200","135697800","443.1672"
"20210721","01","11","    36810","JP3829750003","2450.0000","2517.0000","2439.0000","2499.0000","2497.0000","2510.0000","2471.0000","2501.0000","2450.0000","2517.0000","2439.0000","2501.0000"," ","0.0000","0.0000","1127900","2810758200","2492.0278"
"20210721","01","11","    36820","JP3168300006","637.0000","637.0000","634.0000","635.0000","633.0000","634.0000","633.0000","634.0000","637.0000","637.0000","633.0000","634.0000"," ","0.0000","0.0000","4000","2540100","635.0250"
"20210721","01","11","    36830","JP3311540003","1501.0000","1532.0000","1488.0000","1496.0000","1496.0000","1509.0000","1491.0000","1502.0000","1501.0000","1532.0000","1488.0000","1502.0000"," ","0.0000","0.0000","65800","98985100","1504.3328"
"20210721","01","11","    36860","JP3548760002","381.0000","390.0000","380.0000","385.0000","385.0000","392.0000","384.0000","391.0000","381.0000","392.0000","380.0000","391.0000"," ","0.0000","0.0000","473100","182669700","386.1122"
"20210721","01","11","    36870","JP3802950000","803.0000","811.0000","801.0000","805.0000","807.0000","807.0000","797.0000","805.0000","803.0000","811.0000","797.0000","805.0000"," ","0.0000","0.0000","33200","26673800","803.4277"
"20210721","01","11","    36880","JP3855650002","1875.0000","1892.0000","1845.0000","1853.0000","1854.0000","1869.0000","1842.0000","1858.0000","1875.0000","1892.0000","1842.0000","1858.0000"," ","0.0000","0.0000","62900","116933000","1859.0302"
"20210721","01","11","    36940","JP3197690005","2095.0000","2121.0000","2091.0000","2091.0000","2100.0000","2106.0000","2090.0000","2100.0000","2095.0000","2121.0000","2090.0000","2100.0000"," ","0.0000","0.0000","110100","231250100","2100.3642"
"20210721","01","11","    36960","JP3423570005","3220.0000","3270.0000","3200.0000","3205.0000","3195.0000","3220.0000","3125.0000","3155.0000","3220.0000","3270.0000","3125.0000","3155.0000"," ","0.0000","0.0000","138800","443504500","3195.2774"
"20210721","01","11","    36970","JP3355400007","19760.0000","20010.0000","19610.0000","19860.0000","19820.0000","20160.0000","19820.0000","20110.0000","19760.0000","20160.0000","19610.0000","20110.0000"," ","0.0000","0.0000","134300","2678272000","19942.4572"
"20210721","01","11","    37080","JP3624900001","4330.0000","4375.0000","4330.0000","4360.0000","4360.0000","4375.0000","4345.0000","4345.0000","4330.0000","4375.0000","4330.0000","4345.0000"," ","0.0000","0.0000","7500","32680500","4357.4000"
"20210721","01","11","    37380","JP3893700009","2000.0000","2010.0000","1988.0000","2001.0000","1996.0000","2008.0000","1988.0000","1988.0000","2000.0000","2010.0000","1988.0000","1988.0000"," ","0.0000","0.0000","75800","151439300","1997.8799"
"20210721","01","11","    37410","JP3422190003","2670.0000","2695.0000","2658.0000","2678.0000","2673.0000","2681.0000","2665.0000","2672.0000","2670.0000","2695.0000","2658.0000","2672.0000"," ","0.0000","0.0000","7900","21091600","2669.8228"
"20210721","01","11","    37510","JP3385840008","967.0000","969.0000","967.0000","968.0000","968.0000","969.0000","967.0000","968.0000","967.0000","969.0000","967.0000","968.0000"," ","0.0000","0.0000","200000","193603600","968.0180"
"20210721","01","11","    37620","JP3545130001","1851.0000","1882.0000","1851.0000","1881.0000","1880.0000","1893.0000","1870.0000","1879.0000","1851.0000","1893.0000","1851.0000","1879.0000"," ","0.0000","0.0000","212400","398516100","1876.2528"
"20210721","01","11","    37630","JP3833730009","1445.0000","1450.0000","1411.0000","1414.0000","1414.0000","1441.0000","1397.0000","1398.0000","1445.0000","1450.0000","1397.0000","1398.0000"," ","0.0000","0.0000","71800","101967100","1420.1546"
"20210721","01","11","    37650","JP3235900002","2076.0000","2083.0000","2046.0000","2046.0000","2055.0000","2057.0000","2036.0000","2046.0000","2076.0000","2083.0000","2036.0000","2046.0000"," ","0.0000","0.0000","250300","514128400","2054.0487"
"20210721","01","11","    37690","JP3385890003","14010.0000","14080.0000","13890.0000","13890.0000","13920.0000","13930.0000","13780.0000","13880.0000","14010.0000","14080.0000","13780.0000","13880.0000"," ","0.0000","0.0000","165800","2308671000","13924.4331"
"20210721","01","11","    37700","JP3345770006","515.0000","525.0000","515.0000","524.0000","519.0000","524.0000","519.0000","522.0000","515.0000","525.0000","515.0000","522.0000"," ","0.0000","0.0000","22700","11829900","521.1410"
"20210721","01","11","    37710","JP3351070002","2126.0000","2140.0000","2126.0000","2140.0000","2151.0000","2151.0000","2140.0000","2147.0000","2126.0000","2151.0000","2126.0000","2147.0000"," ","0.0000","0.0000","2000","4281800","2140.9000"
"20210721","01","11","    37740","JP3152820001","3560.0000","3570.0000","3515.0000","3540.0000","3540.0000","3555.0000","3520.0000","3540.0000","3560.0000","3570.0000","3515.0000","3540.0000"," ","0.0000","0.0000","147700","523548000","3544.6716"
"20210721","01","11","    37780","JP3317300006","613.0000","616.0000","610.0000","611.0000","610.0000","612.0000","608.0000","609.0000","613.0000","616.0000","608.0000","609.0000"," ","0.0000","0.0000","78700","48171600","612.0915"
"20210721","01","11","    37840","JP3159980006","969.0000","979.0000","913.0000","926.0000","926.0000","999.0000","926.0000","990.0000","969.0000","999.0000","913.0000","990.0000"," ","0.0000","0.0000","247200","237719300","961.6477"
"20210721","01","11","    37880","JP3386040004","4480.0000","4565.0000","4480.0000","4500.0000","4495.0000","4505.0000","4440.0000","4470.0000","4480.0000","4565.0000","4440.0000","4470.0000"," ","0.0000","0.0000","49600","222987000","4495.7056"
"20210721","01","11","    38170","JP3161450006","2667.0000","2667.0000","2640.0000","2640.0000","2635.0000","2640.0000","2631.0000","2634.0000","2667.0000","2667.0000","2631.0000","2634.0000"," ","0.0000","0.0000","12100","31988400","2643.6694"
"20210721","01","11","    38260","JP3350930008","646.0000","650.0000","640.0000","645.0000","644.0000","644.0000","637.0000","640.0000","646.0000","650.0000","637.0000","640.0000"," ","0.0000","0.0000","28700","18466500","643.4321"
"20210721","01","11","    38340","JP3115800009","695.0000","695.0000","684.0000","689.0000","689.0000","689.0000","681.0000","685.0000","695.0000","695.0000","681.0000","685.0000"," ","0.0000","0.0000","62700","43012000","685.9968"
"20210721","01","11","    38350","JP3130790003","830.0000","834.0000","825.0000","825.0000","827.0000","827.0000","819.0000","826.0000","830.0000","834.0000","819.0000","826.0000"," ","0.0000","0.0000","109800","90809200","827.0419"
"20210721","01","11","    38360","JP3548680002","1620.0000","1628.0000","1608.0000","1618.0000","1623.0000","1644.0000","1616.0000","1638.0000","1620.0000","1644.0000","1608.0000","1638.0000"," ","0.0000","0.0000","49900","81192500","1627.1042"
"20210721","01","11","    38370","JP3122030004","2090.0000","2113.0000","2080.0000","2083.0000","2081.0000","2088.0000","2071.0000","2087.0000","2090.0000","2113.0000","2071.0000","2087.0000"," ","0.0000","0.0000","27600","57611400","2087.3696"
"20210721","01","11","    38390","JP3172440004","780.0000","780.0000","769.0000","771.0000","771.0000","773.0000","769.0000","769.0000","780.0000","780.0000","769.0000","769.0000"," ","0.0000","0.0000","5700","4402300","772.3333"
"20210721","01","11","    38430","JP3826720009","776.0000","779.0000","770.0000","773.0000","773.0000","775.0000","765.0000","769.0000","776.0000","779.0000","765.0000","769.0000"," ","0.0000","0.0000","62000","47893300","772.4726"
"20210721","01","11","    38440","JP3305560009","2303.0000","2338.0000","2299.0000","2332.0000","2338.0000","2373.0000","2337.0000","2372.0000","2303.0000","2373.0000","2299.0000","2372.0000"," ","0.0000","0.0000","112100","263540000","2350.9367"
"20210721","01","11","    38520","JP3311510006","1390.0000","1390.0000","1369.0000","1369.0000","1369.0000","1385.0000","1364.0000","1377.0000","1390.0000","1390.0000","1364.0000","1377.0000"," ","0.0000","0.0000","11800","16244700","1376.6695"
"20210721","01","11","    38530","JP3153470004","820.0000","827.0000","812.0000","814.0000","811.0000","817.0000","804.0000","810.0000","820.0000","827.0000","804.0000","810.0000"," ","0.0000","0.0000","158400","129032300","814.5979"
"20210721","01","11","    38540","JP3105180008","1426.0000","1426.0000","1396.0000","1409.0000","1417.0000","1421.0000","1406.0000","1407.0000","1426.0000","1426.0000","1396.0000","1407.0000"," ","0.0000","0.0000","45000","63475400","1410.5644"
"20210721","01","11","    38610","JP3174410005","633.0000","639.0000","628.0000","630.0000","634.0000","634.0000","629.0000","630.0000","633.0000","639.0000","628.0000","630.0000"," ","0.0000","0.0000","1765500","1115585100","631.8805"
"20210721","01","11","    38630","JP3721600009","1257.0000","1270.0000","1248.0000","1249.0000","1254.0000","1254.0000","1244.0000","1246.0000","1257.0000","1270.0000","1244.0000","1246.0000"," ","0.0000","0.0000","365000","457409500","1253.1767"
"20210721","01","11","    38640","JP3901200000","350.0000","355.0000","350.0000","352.0000","352.0000","353.0000","351.0000","353.0000","350.0000","355.0000","350.0000","353.0000"," ","0.0000","0.0000","18300","6450100","352.4645"
"20210721","01","11","    38650","JP3841800000","618.0000","622.0000","611.0000","615.0000","615.0000","616.0000","609.0000","612.0000","618.0000","622.0000","609.0000","612.0000"," ","0.0000","0.0000","256600","157750500","614.7720"
"20210721","01","11","    38770","JP3513400006","1262.0000","1267.0000","1248.0000","1249.0000","1247.0000","1250.0000","1240.0000","1250.0000","1262.0000","1267.0000","1240.0000","1250.0000"," ","0.0000","0.0000","26800","33595400","1253.5597"
"20210721","01","11","    38780","JP3631000001","810.0000","812.0000","802.0000","808.0000","809.0000","956.0000","809.0000","956.0000","810.0000","956.0000","802.0000","956.0000"," ","0.0000","0.0000","32900","29357600","892.3283"
"20210721","01","11","    38800","JP3440400004","1787.0000","1819.0000","1780.0000","1808.0000","1814.0000","1821.0000","1802.0000","1817.0000","1787.0000","1821.0000","1780.0000","1817.0000"," ","0.0000","0.0000","188700","341500200","1809.7520"
"20210721","01","11","    38960","JP3127000002","404.0000","404.0000","401.0000","401.0000","401.0000","401.0000","400.0000","400.0000","404.0000","404.0000","400.0000","400.0000"," ","0.0000","0.0000","5500","2209200","401.6727"
"20210721","01","11","    39010","JP3860210008","2898.0000","2903.0000","2861.0000","2882.0000","2874.0000","2905.0000","2874.0000","2900.0000","2898.0000","2905.0000","2861.0000","2900.0000"," ","0.0000","0.0000","46500","134440500","2891.1935"
"20210721","01","11","    39020","JP3921250001","2001.0000","2046.0000","2001.0000","2005.0000","2015.0000","2039.0000","2008.0000","2019.0000","2001.0000","2046.0000","2001.0000","2019.0000"," ","0.0000","0.0000","252900","512150200","2025.1095"
"20210721","01","11","    39030","JP3273810006","795.0000","803.0000","787.0000","790.0000","787.0000","790.0000","777.0000","785.0000","795.0000","803.0000","777.0000","785.0000"," ","0.0000","0.0000","578900","457060400","789.5326"
"20210721","01","11","    39090","JP3360120004","692.0000","704.0000","689.0000","700.0000","700.0000","701.0000","694.0000","698.0000","692.0000","704.0000","689.0000","698.0000"," ","0.0000","0.0000","24600","17141600","696.8130"
"20210721","01","11","    39120","JP3922980002","1107.0000","1115.0000","1086.0000","1086.0000","1086.0000","1104.0000","1076.0000","1100.0000","1107.0000","1115.0000","1076.0000","1100.0000"," ","0.0000","0.0000","144300","158082700","1095.5142"
"20210721","01","11","    39150","JP3546300009","2162.0000","2169.0000","2110.0000","2114.0000","2114.0000","2167.0000","2114.0000","2128.0000","2162.0000","2169.0000","2110.0000","2128.0000"," ","0.0000","0.0000","124600","265917300","2134.1677"
"20210721","01","11","    39160","JP3549060006","1880.0000","1904.0000","1880.0000","1897.0000","1897.0000","1898.0000","1880.0000","1897.0000","1880.0000","1904.0000","1880.0000","1897.0000"," ","0.0000","0.0000","34500","65314800","1893.1826"
"20210721","01","11","    39180","JP3801470000","1111.0000","1120.0000","1090.0000","1094.0000","1094.0000","1099.0000","1085.0000","1098.0000","1111.0000","1120.0000","1085.0000","1098.0000"," ","0.0000","0.0000","85200","93404700","1096.2993"
"20210721","01","11","    39190","JP3780550004","2257.0000","2344.0000","2239.0000","2293.0000","2283.0000","2317.0000","2263.0000","2301.0000","2257.0000","2344.0000","2239.0000","2301.0000"," ","0.0000","0.0000","215500","494072700","2292.6807"
"20210721","01","11","    39200","JP3104940006","947.0000","947.0000","929.0000","930.0000","930.0000","932.0000","925.0000","932.0000","947.0000","947.0000","925.0000","932.0000"," ","0.0000","0.0000","14900","13878500","931.4430"
"20210721","01","11","    39210","JP3758230001","1433.0000","1435.0000","1414.0000","1414.0000","1416.0000","1419.0000","1406.0000","1410.0000","1433.0000","1435.0000","1406.0000","1410.0000"," ","0.0000","0.0000","27100","38451800","1418.8856"
"20210721","01","11","    39220","JP3801050000","3300.0000","3355.0000","3260.0000","3300.0000","3300.0000","3320.0000","3255.0000","3315.0000","3300.0000","3355.0000","3255.0000","3315.0000"," ","0.0000","0.0000","86900","286448500","3296.3003"
"20210721","01","11","    39230","JP3967170006","3275.0000","3315.0000","3210.0000","3225.0000","3225.0000","3285.0000","3220.0000","3280.0000","3275.0000","3315.0000","3210.0000","3280.0000"," ","0.0000","0.0000","680100","2218836500","3262.5151"
"20210721","01","11","    39240","JP3968840003","1132.0000","1132.0000","1094.0000","1095.0000","1104.0000","1104.0000","1104.0000","1104.0000","1132.0000","1132.0000","1094.0000","1104.0000"," ","0.0000","0.0000","1300","1442700","1109.7692"
"20210721","01","11","    39250","JP3505980007","5290.0000","5320.0000","5230.0000","5270.0000","5270.0000","5270.0000","5180.0000","5220.0000","5290.0000","5320.0000","5180.0000","5220.0000"," ","0.0000","0.0000","23600","123736000","5243.0508"
"20210721","01","11","    39260","JP3173560008","2162.0000","2179.0000","2122.0000","2146.0000","2146.0000","2173.0000","2144.0000","2169.0000","2162.0000","2179.0000","2122.0000","2169.0000"," ","0.0000","0.0000","197200","425692000","2158.6815"
"20210721","01","11","    39280","JP3860330004","668.0000","684.0000","668.0000","673.0000","673.0000","675.0000","667.0000","667.0000","668.0000","684.0000","667.0000","667.0000"," ","0.0000","0.0000","49800","33564300","673.9819"
"20210721","01","11","    39320","JP3107000006","3410.0000","3460.0000","3395.0000","3395.0000","3400.0000","3405.0000","3375.0000","3390.0000","3410.0000","3460.0000","3375.0000","3390.0000"," ","0.0000","0.0000","95000","323292500","3403.0789"
"20210721","01","11","    39340","JP3835680004","1968.0000","1987.0000","1956.0000","1987.0000","1987.0000","2005.0000","1987.0000","1994.0000","1968.0000","2005.0000","1956.0000","1994.0000"," ","0.0000","0.0000","9100","18106000","1989.6703"
"20210721","01","11","    39370","JP3160910000","3335.0000","3390.0000","3320.0000","3365.0000","3360.0000","3380.0000","3340.0000","3370.0000","3335.0000","3390.0000","3320.0000","3370.0000"," ","0.0000","0.0000","54500","183025000","3358.2569"
"20210721","01","11","    39390","JP3215100003","610.0000","617.0000","610.0000","612.0000","610.0000","616.0000","610.0000","614.0000","610.0000","617.0000","610.0000","614.0000"," ","0.0000","0.0000","76900","47167900","613.3667"
"20210721","01","11","    39400","JP3762500001","312.0000","321.0000","301.0000","304.0000","304.0000","304.0000","302.0000","303.0000","312.0000","321.0000","301.0000","303.0000"," ","0.0000","0.0000","135300","41731300","308.4353"
"20210721","01","11","    39410","JP3981400009","912.0000","924.0000","909.0000","916.0000","919.0000","919.0000","914.0000","916.0000","912.0000","924.0000","909.0000","916.0000"," ","0.0000","0.0000","719100","659156600","916.6411"
"20210721","01","11","    39460","JP3554000004","1931.0000","1945.0000","1925.0000","1925.0000","1930.0000","1950.0000","1930.0000","1947.0000","1931.0000","1950.0000","1925.0000","1947.0000"," ","0.0000","0.0000","20700","40120000","1938.1643"
"20210721","01","11","    39500","JP3345900009","2757.0000","2771.0000","2732.0000","2748.0000","2739.0000","2777.0000","2734.0000","2774.0000","2757.0000","2777.0000","2732.0000","2774.0000"," ","0.0000","0.0000","17300","47799200","2762.9595"
"20210721","01","11","    39620","JP3507750002","2712.0000","2730.0000","2656.0000","2658.0000","2653.0000","2660.0000","2615.0000","2634.0000","2712.0000","2730.0000","2615.0000","2634.0000"," ","0.0000","0.0000","450500","1196278800","2655.4468"
"20210721","01","11","    39630","JP3372300008","361.0000","364.0000","360.0000","360.0000","360.0000","361.0000","356.0000","357.0000","361.0000","364.0000","356.0000","357.0000"," ","0.0000","0.0000","34500","12418900","359.9681"
"20210721","01","11","    39640","JP3172060000","1603.0000","1623.0000","1578.0000","1609.0000","1609.0000","1653.0000","1604.0000","1646.0000","1603.0000","1653.0000","1578.0000","1646.0000"," ","0.0000","0.0000","110700","180213000","1627.9404"
"20210721","01","11","    39650","JP3244420000","1053.0000","1058.0000","1027.0000","1027.0000","1025.0000","1036.0000","1025.0000","1025.0000","1053.0000","1058.0000","1025.0000","1025.0000"," ","0.0000","0.0000","21800","22657800","1039.3486"
"20210721","01","11","    39680","JP3421350004","1074.0000","1081.0000","1069.0000","1071.0000","1071.0000","1076.0000","1068.0000","1073.0000","1074.0000","1081.0000","1068.0000","1073.0000"," ","0.0000","0.0000","23500","25218200","1073.1149"
"20210721","01","11","    39690","JP3160930008","2415.0000","2440.0000","2369.0000","2421.0000","2428.0000","2476.0000","2428.0000","2464.0000","2415.0000","2476.0000","2369.0000","2464.0000"," ","0.0000","0.0000","120300","292847300","2434.3084"
"20210721","01","11","    39750","JP3105330009","900.0000","900.0000","899.0000","899.0000","900.0000","900.0000","898.0000","898.0000","900.0000","900.0000","898.0000","898.0000"," ","0.0000","0.0000","93900","84424700","899.0916"
"20210721","01","11","    39780","JP3863030007","790.0000","800.0000","787.0000","797.0000","797.0000","802.0000","795.0000","798.0000","790.0000","802.0000","787.0000","798.0000"," ","0.0000","0.0000","140600","112070500","797.0875"
"20210721","01","11","    39810","JP3799710003","1531.0000","1564.0000","1531.0000","1555.0000","1555.0000","1561.0000","1542.0000","1553.0000","1531.0000","1564.0000","1531.0000","1553.0000"," ","0.0000","0.0000","56600","87757900","1550.4929"
"20210721","01","11","    39830","JP3201900002","3730.0000","3830.0000","3730.0000","3805.0000","3810.0000","3840.0000","3800.0000","3840.0000","3730.0000","3840.0000","3730.0000","3840.0000"," ","0.0000","0.0000","12000","45726500","3810.5417"
"20210721","01","11","    39840","JP3944410004","1913.0000","1922.0000","1888.0000","1892.0000","1905.0000","1905.0000","1866.0000","1879.0000","1913.0000","1922.0000","1866.0000","1879.0000"," ","0.0000","0.0000","51700","97680000","1889.3617"
"20210721","01","11","    39850","JP3545850004","1060.0000","1060.0000","1043.0000","1053.0000","1053.0000","1053.0000","1045.0000","1049.0000","1060.0000","1060.0000","1043.0000","1049.0000"," ","0.0000","0.0000","33300","34975800","1050.3243"
"20210721","01","11","    39920","JP3654100001","639.0000","646.0000","639.0000","641.0000","641.0000","643.0000","641.0000","643.0000","639.0000","646.0000","639.0000","643.0000"," ","0.0000","0.0000","15500","9951200","642.0129"
"20210721","01","11","    39940","JP3869960009","6670.0000","6900.0000","6570.0000","6830.0000","6810.0000","6930.0000","6810.0000","6860.0000","6670.0000","6930.0000","6570.0000","6860.0000"," ","0.0000","0.0000","457000","3122234000","6832.0219"
"20210721","01","11","    39960","JP3312170008","724.0000","741.0000","715.0000","719.0000","720.0000","723.0000","714.0000","716.0000","724.0000","741.0000","714.0000","716.0000"," ","0.0000","0.0000","187700","136079700","724.9851"
"20210721","01","11","    40040","JP3368000000","3095.0000","3105.0000","3005.0000","3015.0000","3025.0000","3035.0000","2992.0000","3005.0000","3095.0000","3105.0000","2992.0000","3005.0000"," ","0.0000","0.0000","1603500","4853267500","3026.6713"
"20210721","01","11","    40050","JP3401400001","559.0000","562.0000","554.0000","555.0000","557.0000","557.0000","553.0000","554.0000","559.0000","562.0000","553.0000","554.0000"," ","0.0000","0.0000","8864800","4936801200","556.8993"
"20210721","01","11","    40080","JP3405600002","3695.0000","3695.0000","3635.0000","3635.0000","3655.0000","3665.0000","3645.0000","3650.0000","3695.0000","3695.0000","3635.0000","3650.0000"," ","0.0000","0.0000","15600","57047000","3656.8590"
"20210721","01","11","    40210","JP3670800006","5320.0000","5350.0000","5250.0000","5250.0000","5250.0000","5270.0000","5220.0000","5250.0000","5320.0000","5350.0000","5220.0000","5250.0000"," ","0.0000","0.0000","317200","1671514000","5269.5902"
"20210721","01","11","    40220","JP3967400007","1769.0000","1784.0000","1762.0000","1768.0000","1765.0000","1767.0000","1747.0000","1761.0000","1769.0000","1784.0000","1747.0000","1761.0000"," ","0.0000","0.0000","33600","59356000","1766.5476"
"20210721","01","11","    40230","JP3271600003","6830.0000","7170.0000","6810.0000","7070.0000","7050.0000","7150.0000","6990.0000","7020.0000","6830.0000","7170.0000","6810.0000","7020.0000"," ","0.0000","0.0000","254700","1792948000","7039.4503"
"20210721","01","11","    40250","JP3461000006","5600.0000","5620.0000","5520.0000","5540.0000","5520.0000","5580.0000","5490.0000","5550.0000","5600.0000","5620.0000","5490.0000","5550.0000"," ","0.0000","0.0000","9500","52723000","5549.7895"
"20210721","01","11","    40270","JP3539300008","1284.0000","1306.0000","1284.0000","1292.0000","1288.0000","1292.0000","1285.0000","1290.0000","1284.0000","1306.0000","1284.0000","1290.0000"," ","0.0000","0.0000","13500","17447900","1292.4370"
"20210721","01","11","    40280","JP3136800004","1110.0000","1119.0000","1103.0000","1117.0000","1119.0000","1125.0000","1113.0000","1118.0000","1110.0000","1125.0000","1103.0000","1118.0000"," ","0.0000","0.0000","127600","142399900","1115.9867"
"20210721","01","11","    40310","JP3211800002","1242.0000","1242.0000","1228.0000","1228.0000","1224.0000","1224.0000","1214.0000","1214.0000","1242.0000","1242.0000","1214.0000","1214.0000"," ","0.0000","0.0000","4000","4915500","1228.8750"
"20210721","01","11","    40410","JP3726200003","3340.0000","3365.0000","3315.0000","3335.0000","3355.0000","3355.0000","3325.0000","3330.0000","3340.0000","3365.0000","3315.0000","3330.0000"," ","0.0000","0.0000","44900","149910500","3338.7639"
"20210721","01","11","    40420","JP3595200001","1870.0000","1900.0000","1863.0000","1877.0000","1882.0000","1883.0000","1858.0000","1868.0000","1870.0000","1900.0000","1858.0000","1868.0000"," ","0.0000","0.0000","751600","1408051000","1873.4047"
"20210721","01","11","    40430","JP3625000009","2239.0000","2258.0000","2216.0000","2216.0000","2218.0000","2231.0000","2209.0000","2220.0000","2239.0000","2258.0000","2209.0000","2220.0000"," ","0.0000","0.0000","580300","1292736000","2227.7029"
"20210721","01","11","    40440","JP3425000001","2161.0000","2177.0000","2158.0000","2160.0000","2160.0000","2177.0000","2159.0000","2159.0000","2161.0000","2177.0000","2158.0000","2159.0000"," ","0.0000","0.0000","34500","74648700","2163.7304"
"20210721","01","11","    40450","JP3556400004","1116.0000","1128.0000","1114.0000","1117.0000","1117.0000","1121.0000","1113.0000","1117.0000","1116.0000","1128.0000","1113.0000","1117.0000"," ","0.0000","0.0000","193800","216724800","1118.2910"
"20210721","01","11","    40460","JP3485900009","2419.0000","2434.0000","2410.0000","2410.0000","2407.0000","2420.0000","2403.0000","2411.0000","2419.0000","2434.0000","2403.0000","2411.0000"," ","0.0000","0.0000","27200","65711600","2415.8676"
"20210721","01","11","    40470","JP3232600001","1011.0000","1020.0000","1005.0000","1006.0000","1005.0000","1016.0000","999.0000","1010.0000","1011.0000","1020.0000","999.0000","1010.0000"," ","0.0000","0.0000","163800","165693200","1011.5580"
"20210721","01","11","    40610","JP3549600009","3725.0000","3740.0000","3700.0000","3705.0000","3700.0000","3720.0000","3695.0000","3710.0000","3725.0000","3740.0000","3695.0000","3710.0000"," ","0.0000","0.0000","294000","1092737500","3716.7942"
"20210721","01","11","    40620","JP3148800000","5940.0000","5960.0000","5770.0000","5780.0000","5760.0000","5790.0000","5700.0000","5740.0000","5940.0000","5960.0000","5700.0000","5740.0000"," ","0.0000","0.0000","1186600","6880396000","5798.4123"
"20210721","01","11","    40630","JP3371200001","17760.0000","17825.0000","17585.0000","17585.0000","17630.0000","17680.0000","17540.0000","17625.0000","17760.0000","17825.0000","17540.0000","17625.0000"," ","0.0000","0.0000","716300","12662253000","17677.3042"
"20210721","01","11","    40640","JP3690000009","1270.0000","1289.0000","1270.0000","1274.0000","1274.0000","1284.0000","1271.0000","1281.0000","1270.0000","1289.0000","1270.0000","1281.0000"," ","0.0000","0.0000","13800","17660200","1279.7246"
"20210721","01","11","    40720","JP3551440005","2988.0000","3010.0000","2966.0000","2994.0000","2998.0000","3015.0000","2991.0000","3015.0000","2988.0000","3015.0000","2966.0000","3015.0000"," ","0.0000","0.0000","12400","37175000","2997.9839"
"20210721","01","11","    40780","JP3312800000","1880.0000","1906.0000","1879.0000","1893.0000","1888.0000","1895.0000","1881.0000","1889.0000","1880.0000","1906.0000","1879.0000","1889.0000"," ","0.0000","0.0000","22300","42169100","1890.9910"
"20210721","01","11","    40820","JP3474350000","1818.0000","1829.0000","1797.0000","1798.0000","1793.0000","1821.0000","1788.0000","1816.0000","1818.0000","1829.0000","1788.0000","1816.0000"," ","0.0000","0.0000","126300","228444700","1808.7466"
"20210721","01","11","    40880","JP3160670000","1653.0000","1658.0000","1637.0000","1638.0000","1641.0000","1642.0000","1630.0000","1638.0000","1653.0000","1658.0000","1630.0000","1638.0000"," ","0.0000","0.0000","407600","668714200","1640.6138"
"20210721","01","11","    40910","JP3711600001","2370.0000","2399.0000","2361.0000","2367.0000","2379.0000","2394.0000","2371.0000","2389.0000","2370.0000","2399.0000","2361.0000","2389.0000"," ","0.0000","0.0000","814000","1939311500","2382.4466"
"20210721","01","11","    40920","JP3691600005","3010.0000","3025.0000","2975.0000","3010.0000","3010.0000","3030.0000","2992.0000","3005.0000","3010.0000","3030.0000","2975.0000","3005.0000"," ","0.0000","0.0000","41400","124623200","3010.2222"
"20210721","01","11","    40930","JP3599400003","1198.0000","1198.0000","1172.0000","1179.0000","1173.0000","1177.0000","1151.0000","1153.0000","1198.0000","1198.0000","1151.0000","1153.0000"," ","0.0000","0.0000","39000","45468800","1165.8667"
"20210721","01","11","    40950","JP3744600002","1118.0000","1134.0000","1115.0000","1116.0000","1122.0000","1130.0000","1120.0000","1128.0000","1118.0000","1134.0000","1115.0000","1128.0000"," ","0.0000","0.0000","80800","91006000","1126.3119"
"20210721","01","11","    40970","JP3285800003","657.0000","664.0000","656.0000","660.0000","662.0000","662.0000","657.0000","662.0000","657.0000","664.0000","656.0000","662.0000"," ","0.0000","0.0000","26400","17423300","659.9735"
"20210721","01","11","    40980","JP3509000000","1859.0000","1860.0000","1848.0000","1848.0000","1851.0000","1851.0000","1836.0000","1843.0000","1859.0000","1860.0000","1836.0000","1843.0000"," ","0.0000","0.0000","3500","6471500","1849.0000"
"20210721","01","11","    40990","JP3349600001","1330.0000","1344.0000","1326.0000","1340.0000","1340.0000","1347.0000","1339.0000","1339.0000","1330.0000","1347.0000","1326.0000","1339.0000"," ","0.0000","0.0000","24700","33070700","1338.8947"
"20210721","01","11","    41000","JP3627400009","2635.0000","2635.0000","2598.0000","2598.0000","2598.0000","2608.0000","2585.0000","2591.0000","2635.0000","2635.0000","2585.0000","2591.0000"," ","0.0000","0.0000","11600","30254800","2608.1724"
"20210721","01","11","    41090","JP3399720006","2808.0000","2820.0000","2783.0000","2803.0000","2800.0000","2815.0000","2786.0000","2815.0000","2808.0000","2820.0000","2783.0000","2815.0000"," ","0.0000","0.0000","44700","125362600","2804.5324"
"20210721","01","11","    41120","JP3852600000","3940.0000","3965.0000","3910.0000","3910.0000","3905.0000","3925.0000","3875.0000","3900.0000","3940.0000","3965.0000","3875.0000","3900.0000"," ","0.0000","0.0000","30100","118047500","3921.8439"
"20210721","01","11","    41140","JP3715200006","5240.0000","5240.0000","5160.0000","5160.0000","5160.0000","5180.0000","5150.0000","5160.0000","5240.0000","5240.0000","5150.0000","5160.0000"," ","0.0000","0.0000","95400","494790000","5186.4780"
"20210721","01","11","    41160","JP3492200005","2260.0000","2276.0000","2260.0000","2274.0000","2273.0000","2283.0000","2265.0000","2280.0000","2260.0000","2283.0000","2260.0000","2280.0000"," ","0.0000","0.0000","22400","50859300","2270.5045"
"20210721","01","11","    41180","JP3215800008","4360.0000","4380.0000","4325.0000","4325.0000","4340.0000","4340.0000","4315.0000","4330.0000","4360.0000","4380.0000","4315.0000","4330.0000"," ","0.0000","0.0000","114200","495683500","4340.4860"
"20210721","01","11","    41510","JP3256000005","3795.0000","3805.0000","3700.0000","3700.0000","3720.0000","3730.0000","3705.0000","3725.0000","3795.0000","3805.0000","3700.0000","3725.0000"," ","0.0000","0.0000","972300","3632310500","3735.7919"
"20210721","01","11","    41820","JP3896800004","2307.0000","2311.0000","2280.0000","2280.0000","2286.0000","2289.0000","2269.0000","2272.0000","2307.0000","2311.0000","2269.0000","2272.0000"," ","0.0000","0.0000","400700","915796800","2285.4924"
"20210721","01","11","    41830","JP3888300005","3555.0000","3585.0000","3530.0000","3555.0000","3565.0000","3570.0000","3530.0000","3535.0000","3555.0000","3585.0000","3530.0000","3535.0000"," ","0.0000","0.0000","520100","1848546500","3554.2136"
"20210721","01","11","    41850","JP3385980002","3505.0000","3505.0000","3455.0000","3475.0000","3480.0000","3495.0000","3475.0000","3490.0000","3505.0000","3505.0000","3455.0000","3490.0000"," ","0.0000","0.0000","660500","2304292000","3488.7086"
"20210721","01","11","    41860","JP3571800006","7030.0000","7050.0000","6970.0000","6970.0000","6980.0000","7020.0000","6910.0000","7000.0000","7030.0000","7050.0000","6910.0000","7000.0000"," ","0.0000","0.0000","165000","1154958000","6999.7455"
"20210721","01","11","    41870","JP3187000009","3660.0000","3675.0000","3590.0000","3590.0000","3590.0000","3600.0000","3555.0000","3590.0000","3660.0000","3675.0000","3555.0000","3590.0000"," ","0.0000","0.0000","141800","511344000","3606.0931"
"20210721","01","11","    41880","JP3897700005","916.1000","922.8000","909.2000","911.2000","911.1000","915.0000","908.3000","908.6000","916.1000","922.8000","908.3000","908.6000"," ","0.0000","0.0000","6519400","5954471720","913.3466"
"20210721","01","11","    41890","JP3277040006","2534.0000","2581.0000","2530.0000","2541.0000","2540.0000","2548.0000","2532.0000","2533.0000","2534.0000","2581.0000","2530.0000","2533.0000"," ","0.0000","0.0000","105300","267987400","2544.9896"
"20210721","01","11","    42020","JP3485800001","898.0000","908.0000","894.0000","895.0000","898.0000","901.0000","889.0000","892.0000","898.0000","908.0000","889.0000","892.0000"," ","0.0000","0.0000","982600","881298800","896.9049"
"20210721","01","11","    42030","JP3409400003","4640.0000","4655.0000","4575.0000","4575.0000","4575.0000","4605.0000","4570.0000","4580.0000","4640.0000","4655.0000","4570.0000","4580.0000"," ","0.0000","0.0000","82400","379062500","4600.2731"
"20210721","01","11","    42040","JP3419400001","1889.0000","1908.0000","1878.0000","1886.0000","1893.0000","1893.0000","1877.0000","1881.0000","1889.0000","1908.0000","1877.0000","1881.0000"," ","0.0000","0.0000","865200","1633118800","1887.5622"
"20210721","01","11","    42050","JP3725400000","1376.0000","1417.0000","1370.0000","1407.0000","1408.0000","1414.0000","1401.0000","1401.0000","1376.0000","1417.0000","1370.0000","1401.0000"," ","0.0000","0.0000","737700","1033962100","1401.6024"
"20210721","01","11","    42060","JP3100800006","3880.0000","3965.0000","3880.0000","3925.0000","3950.0000","3950.0000","3920.0000","3920.0000","3880.0000","3965.0000","3880.0000","3920.0000"," ","0.0000","0.0000","41300","162060000","3923.9709"
"20210721","01","11","    42080","JP3158800007","2181.0000","2216.0000","2169.0000","2171.0000","2180.0000","2184.0000","2169.0000","2169.0000","2181.0000","2216.0000","2169.0000","2169.0000"," ","0.0000","0.0000","453800","990653300","2183.0174"
"20210721","01","11","    42120","JP3420200002","2151.0000","2159.0000","2145.0000","2147.0000","2152.0000","2158.0000","2144.0000","2144.0000","2151.0000","2159.0000","2144.0000","2144.0000"," ","0.0000","0.0000","54900","118048900","2150.2532"
"20210721","01","11","    42150","JP3462200001","591.0000","597.0000","591.0000","593.0000","593.0000","595.0000","591.0000","594.0000","591.0000","597.0000","591.0000","594.0000"," ","0.0000","0.0000","121200","71841600","592.7525"
"20210721","01","11","    42160","JP3117200000","1353.0000","1359.0000","1341.0000","1344.0000","1341.0000","1343.0000","1331.0000","1340.0000","1353.0000","1359.0000","1331.0000","1340.0000"," ","0.0000","0.0000","27200","36551800","1343.8162"
"20210721","01","11","    42180","JP3662400005","1766.0000","1785.0000","1758.0000","1779.0000","1784.0000","1786.0000","1777.0000","1778.0000","1766.0000","1786.0000","1758.0000","1778.0000"," ","0.0000","0.0000","10900","19366200","1776.7156"
"20210721","01","11","    42200","JP3973000007","597.0000","602.0000","594.0000","594.0000","597.0000","599.0000","592.0000","596.0000","597.0000","602.0000","592.0000","596.0000"," ","0.0000","0.0000","112000","66839900","596.7848"
"20210721","01","11","    42210","JP3178400002","2433.0000","2481.0000","2433.0000","2465.0000","2469.0000","2490.0000","2468.0000","2484.0000","2433.0000","2490.0000","2433.0000","2484.0000"," ","0.0000","0.0000","24800","61289400","2471.3468"
"20210721","01","11","    42280","JP3419800002","603.0000","608.0000","601.0000","603.0000","602.0000","606.0000","602.0000","605.0000","603.0000","608.0000","601.0000","605.0000"," ","0.0000","0.0000","72100","43523200","603.6505"
"20210721","01","11","    42290","JP3274800006","2439.0000","2439.0000","2410.0000","2438.0000","2425.0000","2434.0000","2423.0000","2434.0000","2439.0000","2439.0000","2410.0000","2434.0000"," ","0.0000","0.0000","2900","7051700","2431.6207"
"20210721","01","11","    42310","JP3440800005","446.0000","453.0000","446.0000","448.0000","452.0000","452.0000","449.0000","452.0000","446.0000","453.0000","446.0000","452.0000"," ","0.0000","0.0000","10700","4826300","451.0561"
"20210721","01","11","    42380","JP3910570005","1246.0000","1248.0000","1237.0000","1237.0000","1235.0000","1241.0000","1231.0000","1241.0000","1246.0000","1248.0000","1231.0000","1241.0000"," ","0.0000","0.0000","18000","22312000","1239.5556"
"20210721","01","11","    42450","JP3480590003","822.0000","825.0000","821.0000","825.0000","822.0000","822.0000","819.0000","821.0000","822.0000","825.0000","819.0000","821.0000"," ","0.0000","0.0000","5200","4270600","821.2692"
"20210721","01","11","    42460","JP3481300006","708.0000","709.0000","699.0000","700.0000","701.0000","704.0000","699.0000","699.0000","708.0000","709.0000","699.0000","699.0000"," ","0.0000","0.0000","45800","32160200","702.1878"
"20210721","01","11","    42480","JP3463300008","1006.0000","1011.0000","995.0000","1010.0000","1010.0000","1022.0000","1008.0000","1022.0000","1006.0000","1022.0000","995.0000","1022.0000"," ","0.0000","0.0000","29600","29980700","1012.8615"
"20210721","01","11","    42490","JP3927450001","2244.0000","2246.0000","2221.0000","2241.0000","2246.0000","2246.0000","2217.0000","2231.0000","2244.0000","2246.0000","2217.0000","2231.0000"," ","0.0000","0.0000","10100","22559100","2233.5743"
"20210721","01","11","    42510","JP3281610000","3345.0000","3430.0000","3300.0000","3360.0000","3360.0000","3360.0000","3295.0000","3315.0000","3345.0000","3430.0000","3295.0000","3315.0000"," ","0.0000","0.0000","93400","311866500","3339.0418"
"20210721","01","11","    42720","JP3694400007","1105.0000","1120.0000","1102.0000","1113.0000","1116.0000","1119.0000","1112.0000","1113.0000","1105.0000","1120.0000","1102.0000","1113.0000"," ","0.0000","0.0000","588900","655970200","1113.8906"
"20210721","01","11","    42750","JP3205320009","735.0000","741.0000","730.0000","730.0000","730.0000","730.0000","725.0000","725.0000","735.0000","741.0000","725.0000","725.0000"," ","0.0000","0.0000","24600","17971000","730.5285"
"20210721","01","11","    42820","JP3130770005","1800.0000","1800.0000","1798.0000","1799.0000","1799.0000","1799.0000","1798.0000","1798.0000","1800.0000","1800.0000","1798.0000","1798.0000"," ","0.0000","0.0000","163600","294258900","1798.6485"
"20210721","01","11","    42840","JP3436400000","964.0000","964.0000","950.0000","952.0000","951.0000","951.0000","943.0000","946.0000","964.0000","964.0000","943.0000","946.0000"," ","0.0000","0.0000","23400","22269300","951.6795"
"20210721","01","11","    42860","JP3980300002","2557.0000","2594.0000","2526.0000","2559.0000","2567.0000","2588.0000","2547.0000","2588.0000","2557.0000","2594.0000","2526.0000","2588.0000"," ","0.0000","0.0000","91200","234002500","2565.8169"
"20210721","01","11","    42900","JP3833620002","707.0000","715.0000","706.0000","707.0000","709.0000","715.0000","709.0000","710.0000","707.0000","715.0000","706.0000","710.0000"," ","0.0000","0.0000","209400","148792400","710.5654"
"20210721","01","11","    42950","JP3802690002","705.0000","711.0000","702.0000","702.0000","703.0000","706.0000","702.0000","702.0000","705.0000","711.0000","702.0000","702.0000"," ","0.0000","0.0000","10500","7398500","704.6190"
"20210721","01","11","    42980","JP3833740008","1343.0000","1368.0000","1343.0000","1364.0000","1368.0000","1368.0000","1357.0000","1362.0000","1343.0000","1368.0000","1343.0000","1362.0000"," ","0.0000","0.0000","52400","71326900","1361.2004"
"20210721","01","11","    42990","JP3765250000","1071.0000","1086.0000","1069.0000","1086.0000","1082.0000","1094.0000","1079.0000","1092.0000","1071.0000","1094.0000","1069.0000","1092.0000"," ","0.0000","0.0000","6800","7367500","1083.4559"
"20210721","01","11","    43010","JP3124500004","2317.0000","2317.0000","2283.0000","2283.0000","2285.0000","2297.0000","2275.0000","2284.0000","2317.0000","2317.0000","2275.0000","2284.0000"," ","0.0000","0.0000","13100","30022100","2291.7634"
"20210721","01","11","    43070","JP3762800005","3615.0000","3625.0000","3570.0000","3575.0000","3575.0000","3585.0000","3560.0000","3580.0000","3615.0000","3625.0000","3560.0000","3580.0000"," ","0.0000","0.0000","908200","3256383500","3585.5357"
"20210721","01","11","    43100","JP3639420003","923.0000","931.0000","921.0000","931.0000","930.0000","933.0000","925.0000","925.0000","923.0000","933.0000","921.0000","925.0000"," ","0.0000","0.0000","13600","12600600","926.5147"
"20210721","01","11","    43120","JP3311570000","691.0000","691.0000","683.0000","683.0000","683.0000","689.0000","683.0000","686.0000","691.0000","691.0000","683.0000","686.0000"," ","0.0000","0.0000","46000","31610400","687.1826"
"20210721","01","11","    43180","JP3266000003","1166.0000","1172.0000","1156.0000","1160.0000","1160.0000","1163.0000","1151.0000","1154.0000","1166.0000","1172.0000","1151.0000","1154.0000"," ","0.0000","0.0000","119500","138512300","1159.0987"
"20210721","01","11","    43190","JP3467200006","234.0000","234.0000","231.0000","234.0000","231.0000","232.0000","231.0000","232.0000","234.0000","234.0000","231.0000","232.0000"," ","0.0000","0.0000","12600","2934100","232.8651"
"20210721","01","11","    43200","JP3346350006","567.0000","570.0000","561.0000","561.0000","566.0000","581.0000","565.0000","580.0000","567.0000","581.0000","561.0000","580.0000"," ","0.0000","0.0000","85900","48992200","570.3399"
"20210721","01","11","    43230","JP3712550007","1593.0000","1635.0000","1571.0000","1616.0000","1612.0000","1612.0000","1593.0000","1597.0000","1593.0000","1635.0000","1571.0000","1597.0000"," ","0.0000","0.0000","23700","38041000","1605.1055"
"20210721","01","11","    43240","JP3551520004","3840.0000","3855.0000","3765.0000","3765.0000","3770.0000","3810.0000","3770.0000","3805.0000","3840.0000","3855.0000","3765.0000","3805.0000"," ","0.0000","0.0000","1329800","5068186500","3811.2397"
"20210721","01","11","    43260","JP3152790006","1545.0000","1549.0000","1539.0000","1545.0000","1541.0000","1549.0000","1541.0000","1549.0000","1545.0000","1549.0000","1539.0000","1549.0000"," ","0.0000","0.0000","28700","44371700","1546.0523"
"20210721","01","11","    43310","JP3539350003","931.0000","947.0000","921.0000","921.0000","922.0000","933.0000","922.0000","928.0000","931.0000","947.0000","921.0000","928.0000"," ","0.0000","0.0000","93100","86936300","933.7948"
"20210721","01","11","    43330","JP3601600004","955.0000","957.0000","950.0000","955.0000","955.0000","958.0000","953.0000","957.0000","955.0000","958.0000","950.0000","957.0000"," ","0.0000","0.0000","6400","6115000","955.4688"
"20210721","01","11","    43370","JP3801570007","3275.0000","3350.0000","3255.0000","3290.0000","3305.0000","3320.0000","3290.0000","3295.0000","3275.0000","3350.0000","3255.0000","3295.0000"," ","0.0000","0.0000","25100","82926500","3303.8446"
"20210721","01","11","    43430","JP3131420006","1971.0000","2014.0000","1964.0000","1977.0000","1985.0000","1991.0000","1957.0000","1960.0000","1971.0000","2014.0000","1957.0000","1960.0000"," ","0.0000","0.0000","189000","374445300","1981.1921"
"20210721","01","11","    43440","JP3431200009","305.0000","305.0000","301.0000","301.0000","301.0000","302.0000","300.0000","300.0000","305.0000","305.0000","300.0000","300.0000"," ","0.0000","0.0000","430400","129906700","301.8278"
"20210721","01","11","    43450","JP3346970001","824.0000","824.0000","809.0000","811.0000","809.0000","815.0000","806.0000","809.0000","824.0000","824.0000","806.0000","809.0000"," ","0.0000","0.0000","121100","98622100","814.3856"
"20210721","01","11","    43460","JP3758020006","893.0000","893.0000","888.0000","889.0000","890.0000","893.0000","886.0000","890.0000","893.0000","893.0000","886.0000","890.0000"," ","0.0000","0.0000","19500","17346900","889.5846"
"20210721","01","11","    43480","JP3153450006","2883.0000","2917.0000","2863.0000","2867.0000","2875.0000","2880.0000","2840.0000","2861.0000","2883.0000","2917.0000","2840.0000","2861.0000"," ","0.0000","0.0000","161700","465036900","2875.9239"
"20210721","01","11","    43500","JP3920940008","768.0000","779.0000","755.0000","757.0000","755.0000","756.0000","743.0000","744.0000","768.0000","779.0000","743.0000","744.0000"," ","0.0000","0.0000","150300","113816200","757.2601"
"20210721","01","11","    43620","JP3720000003","1610.0000","1625.0000","1593.0000","1614.0000","1614.0000","1632.0000","1610.0000","1616.0000","1610.0000","1632.0000","1593.0000","1616.0000"," ","0.0000","0.0000","22800","36885900","1617.8026"
"20210721","01","11","    43680","JP3822600007","3805.0000","3835.0000","3785.0000","3795.0000","3800.0000","3800.0000","3770.0000","3800.0000","3805.0000","3835.0000","3770.0000","3800.0000"," ","0.0000","0.0000","76300","289826500","3798.5125"
"20210721","01","11","    43690","JP3636000006","2994.0000","3025.0000","2962.0000","2980.0000","2978.0000","2987.0000","2948.0000","2968.0000","2994.0000","3025.0000","2948.0000","2968.0000"," ","0.0000","0.0000","230900","688282300","2980.8675"
"20210721","01","11","    43820","JP3783070000","2115.0000","2129.0000","2105.0000","2110.0000","2106.0000","2118.0000","2097.0000","2110.0000","2115.0000","2129.0000","2097.0000","2110.0000"," ","0.0000","0.0000","31000","65463800","2111.7355"
"20210721","01","11","    43840","JP3967180005","5560.0000","5590.0000","5500.0000","5500.0000","5500.0000","5500.0000","5420.0000","5450.0000","5560.0000","5590.0000","5420.0000","5450.0000"," ","0.0000","0.0000","65600","360896000","5501.4634"
"20210721","01","11","    43900","JP3104910009","2786.0000","2825.0000","2772.0000","2776.0000","2772.0000","2801.0000","2771.0000","2796.0000","2786.0000","2825.0000","2771.0000","2796.0000"," ","0.0000","0.0000","34700","96855800","2791.2334"
"20210721","01","11","    43920","JP3166650006","277.0000","277.0000","273.0000","273.0000","274.0000","277.0000","273.0000","276.0000","277.0000","277.0000","273.0000","276.0000"," ","0.0000","0.0000","27000","7427400","275.0889"
"20210721","01","11","    43960","JP3350960005","1307.0000","1322.0000","1304.0000","1304.0000","1310.0000","1324.0000","1307.0000","1324.0000","1307.0000","1324.0000","1304.0000","1324.0000"," ","0.0000","0.0000","22200","29163500","1313.6712"
"20210721","01","11","    44010","JP3114800000","2153.0000","2172.0000","2141.0000","2147.0000","2155.0000","2155.0000","2133.0000","2133.0000","2153.0000","2172.0000","2133.0000","2133.0000"," ","0.0000","0.0000","192500","413000400","2145.4566"
"20210721","01","11","    44030","JP3753400005","5510.0000","5620.0000","5490.0000","5550.0000","5550.0000","5570.0000","5540.0000","5550.0000","5510.0000","5620.0000","5490.0000","5550.0000"," ","0.0000","0.0000","82500","458240000","5554.4242"
"20210721","01","11","    44040","JP3910400005","1250.0000","1266.0000","1250.0000","1266.0000","1261.0000","1287.0000","1258.0000","1287.0000","1250.0000","1287.0000","1250.0000","1287.0000"," ","0.0000","0.0000","8200","10415700","1270.2073"
"20210721","01","11","    44060","JP3382600009","262.0000","264.0000","260.0000","262.0000","262.0000","262.0000","258.0000","259.0000","262.0000","264.0000","258.0000","259.0000"," ","0.0000","0.0000","200400","52152100","260.2400"
"20210721","01","11","    44100","JP3772600007","899.0000","900.0000","888.0000","888.0000","888.0000","891.0000","883.0000","890.0000","899.0000","900.0000","883.0000","890.0000"," ","0.0000","0.0000","30600","27403300","895.5327"
"20210721","01","11","    44200","JP3130650009","1090.0000","1091.0000","1068.0000","1068.0000","1065.0000","1076.0000","1063.0000","1074.0000","1090.0000","1091.0000","1063.0000","1074.0000"," ","0.0000","0.0000","23500","25218100","1073.1106"
"20210721","01","11","    44230","JP3126240005","1828.0000","1845.0000","1810.0000","1827.0000","1818.0000","1829.0000","1813.0000","1813.0000","1828.0000","1845.0000","1810.0000","1813.0000"," ","0.0000","0.0000","156600","285624500","1823.9112"
"20210721","01","11","    44270","JP3164480000","4900.0000","5040.0000","4885.0000","4980.0000","4980.0000","4980.0000","4890.0000","4900.0000","4900.0000","5040.0000","4885.0000","4900.0000"," ","0.0000","0.0000","5500","27169500","4939.9091"
"20210721","01","11","    44300","JP3564800005","1390.0000","1405.0000","1380.0000","1389.0000","1389.0000","1389.0000","1376.0000","1384.0000","1390.0000","1405.0000","1376.0000","1384.0000"," ","0.0000","0.0000","20700","28752000","1388.9855"
"20210721","01","11","    44320","JP3154360006","2098.0000","2114.0000","2022.0000","2035.0000","2043.0000","2068.0000","2037.0000","2053.0000","2098.0000","2114.0000","2022.0000","2053.0000"," ","0.0000","0.0000","320000","657847100","2055.7722"
"20210721","01","11","    44330","JP3791990009","2111.0000","2151.0000","2096.0000","2126.0000","2125.0000","2128.0000","2100.0000","2108.0000","2111.0000","2151.0000","2096.0000","2108.0000"," ","0.0000","0.0000","74400","157812200","2121.1317"
"20210721","01","11","    44340","JP3310250000","4390.0000","4415.0000","4220.0000","4255.0000","4275.0000","4275.0000","4160.0000","4195.0000","4390.0000","4415.0000","4160.0000","4195.0000"," ","0.0000","0.0000","78500","333879500","4253.2420"
"20210721","01","11","    44390","JP3606150005","1135.0000","1165.0000","1133.0000","1165.0000","1146.0000","1151.0000","1137.0000","1137.0000","1135.0000","1165.0000","1133.0000","1137.0000"," ","0.0000","0.0000","8900","10184900","1144.3708"
"20210721","01","11","    44400","JP3159930001","1831.0000","1844.0000","1818.0000","1823.0000","1825.0000","1829.0000","1818.0000","1818.0000","1831.0000","1844.0000","1818.0000","1818.0000"," ","0.0000","0.0000","102200","186907600","1828.8415"
"20210721","01","11","    44410","JP3630000002","1263.0000","1273.0000","1252.0000","1258.0000","1258.0000","1267.0000","1255.0000","1264.0000","1263.0000","1273.0000","1252.0000","1264.0000"," ","0.0000","0.0000","23500","29659800","1262.1191"
"20210721","01","11","    44430","JP3332540008","8200.0000","8480.0000","8200.0000","8390.0000","8380.0000","8510.0000","8330.0000","8480.0000","8200.0000","8510.0000","8200.0000","8480.0000"," ","0.0000","0.0000","210700","1772293000","8411.4523"
"20210721","01","11","    44460","JP3977060007","1483.0000","1512.0000","1473.0000","1496.0000","1496.0000","1496.0000","1434.0000","1455.0000","1483.0000","1512.0000","1434.0000","1455.0000"," ","0.0000","0.0000","189700","279275000","1472.1929"
"20210721","01","11","    44490","JP3264870001","3545.0000","3645.0000","3515.0000","3560.0000","3555.0000","3575.0000","3545.0000","3565.0000","3545.0000","3645.0000","3515.0000","3565.0000"," ","0.0000","0.0000","253400","906811000","3578.5754"
"20210721","01","11","    44520","JP3205800000","6791.0000","6830.0000","6747.0000","6751.0000","6767.0000","6795.0000","6753.0000","6792.0000","6791.0000","6830.0000","6747.0000","6792.0000"," ","0.0000","0.0000","982800","6671266000","6788.0199"
"20210721","01","11","    44610","JP3475000000","3220.0000","3265.0000","3220.0000","3245.0000","3250.0000","3260.0000","3240.0000","3255.0000","3220.0000","3265.0000","3220.0000","3255.0000"," ","0.0000","0.0000","29600","95979000","3242.5338"
"20210721","01","11","    44620","JP3136900002","2130.0000","2147.0000","2130.0000","2147.0000","2145.0000","2145.0000","2120.0000","2122.0000","2130.0000","2147.0000","2120.0000","2122.0000"," ","0.0000","0.0000","4000","8526800","2131.7000"
"20210721","01","11","    44630","JP3666700004","1400.0000","1450.0000","1400.0000","1436.0000","1436.0000","1436.0000","1390.0000","1395.0000","1400.0000","1450.0000","1390.0000","1395.0000"," ","0.0000","0.0000","49400","69960800","1416.2105"
"20210721","01","11","    44650","JP3657250001","2060.0000","2087.0000","2048.0000","2068.0000","2068.0000","2074.0000","2056.0000","2066.0000","2060.0000","2087.0000","2048.0000","2066.0000"," ","0.0000","0.0000","28500","58926400","2067.5930"
"20210721","01","11","    44710","JP3337600005","5650.0000","5690.0000","5600.0000","5650.0000","5660.0000","5660.0000","5600.0000","5600.0000","5650.0000","5690.0000","5600.0000","5600.0000"," ","0.0000","0.0000","51000","287533000","5637.9020"
"20210721","01","11","    44810","JP3835210000","4880.0000","5000.0000","4880.0000","4980.0000","4990.0000","4995.0000","4935.0000","4935.0000","4880.0000","5000.0000","4880.0000","4935.0000"," ","0.0000","0.0000","22400","111372000","4971.9643"
"20210721","01","11","    45020","JP3463000004","3757.0000","3758.0000","3720.0000","3721.0000","3726.0000","3730.0000","3710.0000","3710.0000","3757.0000","3758.0000","3710.0000","3710.0000"," ","0.0000","0.0000","3542600","13208743300","3728.5449"
"20210721","01","11","    45030","JP3942400007","1943.5000","1947.0000","1912.0000","1912.5000","1916.5000","1917.5000","1907.5000","1912.0000","1943.5000","1947.0000","1907.5000","1912.0000"," ","0.0000","0.0000","3009100","5778602850","1920.3758"
"20210721","01","11","    45060","JP3495000006","2274.0000","2291.0000","2254.0000","2254.0000","2264.0000","2264.0000","2246.0000","2254.0000","2274.0000","2291.0000","2246.0000","2254.0000"," ","0.0000","0.0000","525000","1188155700","2263.1537"
"20210721","01","11","    45070","JP3347200002","5817.0000","5838.0000","5752.0000","5753.0000","5778.0000","5801.0000","5765.0000","5785.0000","5817.0000","5838.0000","5752.0000","5785.0000"," ","0.0000","0.0000","868800","5034630700","5794.9248"
"20210721","01","11","    45120","JP3991200001","310.0000","313.0000","307.0000","313.0000","312.0000","315.0000","308.0000","314.0000","310.0000","315.0000","307.0000","314.0000"," ","0.0000","0.0000","169000","52695900","311.8101"
"20210721","01","11","    45160","JP3717600005","8500.0000","8650.0000","8470.0000","8580.0000","8580.0000","8590.0000","8530.0000","8540.0000","8500.0000","8650.0000","8470.0000","8540.0000"," ","0.0000","0.0000","72500","620789000","8562.6069"
"20210721","01","11","    45170","JP3799800002","3100.0000","3170.0000","3100.0000","3135.0000","3135.0000","3150.0000","3120.0000","3130.0000","3100.0000","3170.0000","3100.0000","3130.0000"," ","0.0000","0.0000","30500","95607500","3134.6721"
"20210721","01","11","    45190","JP3519400000","4164.0000","4177.0000","4110.0000","4110.0000","4120.0000","4135.0000","4112.0000","4127.0000","4164.0000","4177.0000","4110.0000","4127.0000"," ","0.0000","0.0000","2299000","9510088500","4136.6196"
"20210721","01","11","    45210","JP3207000005","4845.0000","4875.0000","4815.0000","4820.0000","4825.0000","4860.0000","4825.0000","4850.0000","4845.0000","4875.0000","4815.0000","4850.0000"," ","0.0000","0.0000","92100","446340500","4846.2595"
"20210721","01","11","    45230","JP3160400002","9180.0000","9229.0000","9042.0000","9091.0000","9105.0000","9169.0000","9081.0000","9141.0000","9180.0000","9229.0000","9042.0000","9141.0000"," ","0.0000","0.0000","2426800","22185929800","9142.0512"
"20210721","01","11","    45260","JP3972600005","1626.0000","1637.0000","1617.0000","1633.0000","1629.0000","1630.0000","1613.0000","1626.0000","1626.0000","1637.0000","1613.0000","1626.0000"," ","0.0000","0.0000","99000","161047700","1626.7444"
"20210721","01","11","    45270","JP3982400008","3025.0000","3030.0000","2999.0000","3005.0000","3020.0000","3020.0000","3005.0000","3020.0000","3025.0000","3030.0000","2999.0000","3020.0000"," ","0.0000","0.0000","144500","435467200","3013.6138"
"20210721","01","11","    45280","JP3197600004","2520.5000","2537.5000","2504.5000","2515.0000","2519.5000","2524.5000","2507.0000","2513.0000","2520.5000","2537.5000","2504.5000","2513.0000"," ","0.0000","0.0000","532200","1339498700","2516.9085"
"20210721","01","11","    45300","JP3784600003","5130.0000","5210.0000","5100.0000","5140.0000","5150.0000","5170.0000","5120.0000","5140.0000","5130.0000","5210.0000","5100.0000","5140.0000"," ","0.0000","0.0000","122500","630410000","5146.2041"
"20210721","01","11","    45310","JP3946400003","362.0000","364.0000","359.0000","362.0000","361.0000","365.0000","359.0000","365.0000","362.0000","365.0000","359.0000","365.0000"," ","0.0000","0.0000","106600","38597100","362.0741"
"20210721","01","11","    45340","JP3922800002","3640.0000","3655.0000","3605.0000","3625.0000","3615.0000","3640.0000","3605.0000","3625.0000","3640.0000","3655.0000","3605.0000","3625.0000"," ","0.0000","0.0000","28500","103391000","3627.7544"
"20210721","01","11","    45360","JP3336000009","1523.0000","1532.0000","1506.0000","1507.0000","1510.0000","1512.0000","1500.0000","1507.0000","1523.0000","1532.0000","1500.0000","1507.0000"," ","0.0000","0.0000","760500","1149061300","1510.9287"
"20210721","01","11","    45380","JP3823600006","2250.0000","2253.0000","2242.0000","2244.0000","2241.0000","2246.0000","2232.0000","2237.0000","2250.0000","2253.0000","2232.0000","2237.0000"," ","0.0000","0.0000","4700","10550300","2244.7447"
"20210721","01","11","    45390","JP3701600003","2234.0000","2236.0000","2227.0000","2234.0000","2234.0000","2235.0000","2233.0000","2235.0000","2234.0000","2236.0000","2227.0000","2235.0000"," ","0.0000","0.0000","6100","13624700","2233.5574"
"20210721","01","11","    45400","JP3535800001","3410.0000","3460.0000","3390.0000","3435.0000","3440.0000","3455.0000","3435.0000","3440.0000","3410.0000","3460.0000","3390.0000","3440.0000"," ","0.0000","0.0000","158800","546002000","3438.2997"
"20210721","01","11","    45410","JP3687200000","850.0000","865.0000","849.0000","856.0000","859.0000","864.0000","858.0000","864.0000","850.0000","865.0000","849.0000","864.0000"," ","0.0000","0.0000","319100","274408400","859.9448"
"20210721","01","11","    45430","JP3546800008","4147.0000","4191.0000","4126.0000","4128.0000","4141.0000","4178.0000","4140.0000","4174.0000","4147.0000","4191.0000","4126.0000","4174.0000"," ","0.0000","0.0000","1736700","7233838600","4165.2782"
"20210721","01","11","    45440","JP3822000000","2834.0000","2870.0000","2827.0000","2842.0000","2841.0000","2860.0000","2838.0000","2852.0000","2834.0000","2870.0000","2827.0000","2852.0000"," ","0.0000","0.0000","209200","596533600","2851.4990"
"20210721","01","11","    45470","JP3240600001","2276.0000","2285.0000","2253.0000","2254.0000","2290.0000","2290.0000","2254.0000","2269.0000","2276.0000","2290.0000","2253.0000","2269.0000"," ","0.0000","0.0000","69800","158525000","2271.1318"
"20210721","01","11","    45480","JP3414000004","1080.0000","1097.0000","1071.0000","1083.0000","1088.0000","1092.0000","1081.0000","1088.0000","1080.0000","1097.0000","1071.0000","1088.0000"," ","0.0000","0.0000","79300","86278400","1088.0000"
"20210721","01","11","    45490","JP3160700005","2155.0000","2163.0000","2138.0000","2138.0000","2148.0000","2163.0000","2139.0000","2162.0000","2155.0000","2163.0000","2138.0000","2162.0000"," ","0.0000","0.0000","90500","195051300","2155.2630"
"20210721","01","11","    45500","JP3678100003","989.0000","994.0000","988.0000","992.0000","996.0000","998.0000","994.0000","998.0000","989.0000","998.0000","988.0000","998.0000"," ","0.0000","0.0000","5200","5170800","994.3846"
"20210721","01","11","    45510","JP3635800000","2500.0000","2551.0000","2486.0000","2532.0000","2528.0000","2544.0000","2519.0000","2519.0000","2500.0000","2551.0000","2486.0000","2519.0000"," ","0.0000","0.0000","67900","171491200","2525.6436"
"20210721","01","11","    45520","JP3701000006","3365.0000","3365.0000","3315.0000","3320.0000","3325.0000","3325.0000","3300.0000","3315.0000","3365.0000","3365.0000","3300.0000","3315.0000"," ","0.0000","0.0000","207700","690320000","3323.6399"
"20210721","01","11","    45530","JP3623150004","2696.0000","2709.0000","2670.0000","2682.0000","2680.0000","2701.0000","2680.0000","2693.0000","2696.0000","2709.0000","2670.0000","2693.0000"," ","0.0000","0.0000","80900","217919800","2693.6934"
"20210721","01","11","    45540","JP3816200004","1125.0000","1135.0000","1121.0000","1121.0000","1119.0000","1124.0000","1118.0000","1121.0000","1125.0000","1135.0000","1118.0000","1121.0000"," ","0.0000","0.0000","13800","15495900","1122.8913"
"20210721","01","11","    45590","JP3428850006","2100.0000","2103.0000","2086.0000","2094.0000","2086.0000","2103.0000","2081.0000","2095.0000","2100.0000","2103.0000","2081.0000","2095.0000"," ","0.0000","0.0000","68200","142986500","2096.5762"
"20210721","01","11","    45680","JP3475350009","2242.5000","2258.5000","2220.5000","2224.5000","2234.0000","2236.5000","2220.0000","2225.5000","2242.5000","2258.5000","2220.0000","2225.5000"," ","0.0000","0.0000","2376000","5303019950","2231.9108"
"20210721","01","11","    45690","JP3247090008","1842.0000","1842.0000","1805.0000","1805.0000","1803.0000","1814.0000","1803.0000","1809.0000","1842.0000","1842.0000","1803.0000","1809.0000"," ","0.0000","0.0000","90700","164986900","1819.0397"
"20210721","01","11","    45740","JP3442200006","1002.0000","1020.0000","1000.0000","1016.0000","1017.0000","1020.0000","1014.0000","1015.0000","1002.0000","1020.0000","1000.0000","1015.0000"," ","0.0000","0.0000","301800","306017500","1013.9745"
"20210721","01","11","    45770","JP3486150000","3220.0000","3235.0000","3200.0000","3225.0000","3235.0000","3240.0000","3215.0000","3225.0000","3220.0000","3240.0000","3200.0000","3225.0000"," ","0.0000","0.0000","33300","107378500","3224.5796"
"20210721","01","11","    45780","JP3188220002","4486.0000","4514.0000","4451.0000","4451.0000","4470.0000","4482.0000","4453.0000","4465.0000","4486.0000","4514.0000","4451.0000","4465.0000"," ","0.0000","0.0000","432300","1934346200","4474.5459"
"20210721","01","11","    45810","JP3442850008","6270.0000","6330.0000","6230.0000","6280.0000","6280.0000","6320.0000","6270.0000","6310.0000","6270.0000","6330.0000","6230.0000","6310.0000"," ","0.0000","0.0000","112300","707165000","6297.1060"
"20210721","01","11","    45870","JP3836750004","4700.0000","4725.0000","4655.0000","4665.0000","4685.0000","4685.0000","4625.0000","4660.0000","4700.0000","4725.0000","4625.0000","4660.0000"," ","0.0000","0.0000","297900","1390869000","4668.9124"
"20210721","01","11","    46110","JP3495400008","846.0000","853.0000","844.0000","851.0000","852.0000","854.0000","848.0000","854.0000","846.0000","854.0000","844.0000","854.0000"," ","0.0000","0.0000","23100","19646100","850.4805"
"20210721","01","11","    46120","JP3749400002","1373.0000","1401.0000","1367.0000","1398.0000","1404.0000","1415.0000","1399.0000","1413.0000","1373.0000","1415.0000","1367.0000","1413.0000"," ","0.0000","0.0000","2859000","4006144100","1401.2396"
"20210721","01","11","    46130","JP3229400001","2725.0000","2764.0000","2717.0000","2756.0000","2769.0000","2779.0000","2753.0000","2766.0000","2725.0000","2779.0000","2717.0000","2766.0000"," ","0.0000","0.0000","576100","1589598200","2759.2401"
"20210721","01","11","    46150","JP3378600005","195.0000","195.0000","193.0000","193.0000","193.0000","196.0000","193.0000","196.0000","195.0000","196.0000","193.0000","196.0000"," ","0.0000","0.0000","27600","5362800","194.3043"
"20210721","01","11","    46170","JP3522600000","866.0000","875.0000","866.0000","867.0000","866.0000","872.0000","865.0000","868.0000","866.0000","875.0000","865.0000","868.0000"," ","0.0000","0.0000","189500","164736000","869.3193"
"20210721","01","11","    46190","JP3739000002","1081.0000","1091.0000","1076.0000","1082.0000","1082.0000","1082.0000","1072.0000","1075.0000","1081.0000","1091.0000","1072.0000","1075.0000"," ","0.0000","0.0000","15200","16413400","1079.8289"
"20210721","01","11","    46200","JP3811200009","502.0000","503.0000","498.0000","500.0000","498.0000","505.0000","498.0000","503.0000","502.0000","505.0000","498.0000","503.0000"," ","0.0000","0.0000","43600","21866900","501.5344"
"20210721","01","11","    46260","JP3449100001","5060.0000","5100.0000","5030.0000","5030.0000","5030.0000","5070.0000","4985.0000","4995.0000","5060.0000","5100.0000","4985.0000","4995.0000"," ","0.0000","0.0000","70700","355754500","5031.8883"
"20210721","01","11","    46310","JP3493400000","2802.0000","2826.0000","2787.0000","2792.0000","2796.0000","2803.0000","2787.0000","2793.0000","2802.0000","2826.0000","2787.0000","2793.0000"," ","0.0000","0.0000","276500","774379900","2800.6506"
"20210721","01","11","    46330","JP3314800008","1026.0000","1032.0000","1021.0000","1023.0000","1023.0000","1028.0000","1021.0000","1024.0000","1026.0000","1032.0000","1021.0000","1024.0000"," ","0.0000","0.0000","74500","76370300","1025.1047"
"20210721","01","11","    46340","JP3606600009","1973.0000","1987.0000","1963.0000","1969.0000","1964.0000","1977.0000","1964.0000","1976.0000","1973.0000","1987.0000","1963.0000","1976.0000"," ","0.0000","0.0000","104300","205722400","1972.4104"
"20210721","01","11","    46360","JP3538570007","803.0000","807.0000","797.0000","799.0000","814.0000","815.0000","806.0000","813.0000","803.0000","815.0000","797.0000","813.0000"," ","0.0000","0.0000","18500","14986600","810.0865"
"20210721","01","11","    46410","JP3126350002","1969.0000","1981.0000","1960.0000","1971.0000","1965.0000","1974.0000","1965.0000","1972.0000","1969.0000","1981.0000","1960.0000","1972.0000"," ","0.0000","0.0000","38700","76239000","1970.0000"
"20210721","01","11","    46510","JP3322600002","347.0000","350.0000","343.0000","345.0000","345.0000","345.0000","340.0000","342.0000","347.0000","350.0000","340.0000","342.0000"," ","0.0000","0.0000","986500","339124900","343.7657"
"20210721","01","11","    46530","JP3480520000","1038.0000","1050.0000","1038.0000","1050.0000","1050.0000","1050.0000","1044.0000","1047.0000","1038.0000","1050.0000","1038.0000","1047.0000"," ","0.0000","0.0000","6900","7186000","1041.4493"
"20210721","01","11","    46580","JP3699500009","727.0000","730.0000","727.0000","728.0000","728.0000","745.0000","727.0000","744.0000","727.0000","745.0000","727.0000","744.0000"," ","0.0000","0.0000","91300","66735600","730.9485"
"20210721","01","11","    46610","JP3198900007","15375.0000","15530.0000","15310.0000","15310.0000","15370.0000","15445.0000","15320.0000","15335.0000","15375.0000","15530.0000","15310.0000","15335.0000"," ","0.0000","0.0000","428700","6599413500","15394.0133"
"20210721","01","11","    46620","JP3802740005","1013.0000","1015.0000","998.0000","1001.0000","1004.0000","1004.0000","995.0000","1000.0000","1013.0000","1015.0000","995.0000","1000.0000"," ","0.0000","0.0000","51500","51604800","1002.0350"
"20210721","01","11","    46650","JP3505900005","2541.0000","2554.0000","2532.0000","2534.0000","2543.0000","2544.0000","2533.0000","2534.0000","2541.0000","2554.0000","2532.0000","2534.0000"," ","0.0000","0.0000","58000","147310100","2539.8293"
"20210721","01","11","    46660","JP3780100008","2015.0000","2015.0000","1974.0000","1974.0000","1980.0000","1985.0000","1971.0000","1978.0000","2015.0000","2015.0000","1971.0000","1978.0000"," ","0.0000","0.0000","527500","1048233400","1987.1723"
"20210721","01","11","    46680","JP3916100005","582.0000","586.0000","577.0000","577.0000","580.0000","581.0000","578.0000","580.0000","582.0000","586.0000","577.0000","580.0000"," ","0.0000","0.0000","103800","60317800","581.0963"
"20210721","01","11","    46710","JP3802650006","1656.0000","1688.0000","1656.0000","1681.0000","1672.0000","1713.0000","1672.0000","1713.0000","1656.0000","1713.0000","1656.0000","1713.0000"," ","0.0000","0.0000","13200","22354300","1693.5076"
"20210721","01","11","    46740","JP3271100004","1992.0000","1995.0000","1951.0000","1958.0000","1956.0000","1971.0000","1948.0000","1971.0000","1992.0000","1995.0000","1948.0000","1971.0000"," ","0.0000","0.0000","59400","117427900","1976.9007"
"20210721","01","11","    46760","JP3819400007","1218.0000","1229.0000","1213.0000","1222.0000","1222.0000","1223.0000","1211.0000","1213.0000","1218.0000","1229.0000","1211.0000","1213.0000"," ","0.0000","0.0000","480000","584818000","1218.3708"
"20210721","01","11","    46780","JP3359850009","417.0000","417.0000","415.0000","417.0000","415.0000","417.0000","415.0000","417.0000","417.0000","417.0000","415.0000","417.0000"," ","0.0000","0.0000","10200","4248800","416.5490"
"20210721","01","11","    46790","JP3472000003","556.0000","563.0000","556.0000","563.0000","562.0000","562.0000","562.0000","562.0000","556.0000","563.0000","556.0000","562.0000"," ","0.0000","0.0000","500","280500","561.0000"
"20210721","01","11","    46800","JP3966800009","1144.0000","1167.0000","1129.0000","1138.0000","1138.0000","1146.0000","1135.0000","1135.0000","1144.0000","1167.0000","1129.0000","1135.0000"," ","0.0000","0.0000","1143200","1307759500","1143.9464"
"20210721","01","11","    46810","JP3974450003","1790.0000","1821.0000","1782.0000","1802.0000","1802.0000","1816.0000","1797.0000","1807.0000","1790.0000","1821.0000","1782.0000","1807.0000"," ","0.0000","0.0000","661900","1194620600","1804.8355"
"20210721","01","11","    46840","JP3173400007","20480.0000","20550.0000","20350.0000","20350.0000","20450.0000","20450.0000","20250.0000","20390.0000","20480.0000","20550.0000","20250.0000","20390.0000"," ","0.0000","0.0000","147100","3000737000","20399.2998"
"20210721","01","11","    46860","JP3388450003","6180.0000","6290.0000","6170.0000","6240.0000","6270.0000","6270.0000","6200.0000","6240.0000","6180.0000","6290.0000","6170.0000","6240.0000"," ","0.0000","0.0000","47500","296150000","6234.7368"
"20210721","01","11","    46870","JP3539000004","1049.0000","1081.0000","1049.0000","1078.0000","1075.0000","1093.0000","1071.0000","1093.0000","1049.0000","1093.0000","1049.0000","1093.0000"," ","0.0000","0.0000","53300","57379700","1076.5422"
"20210721","01","11","    46890","JP3933800009","572.2000","576.2000","567.8000","568.3000","570.0000","570.4000","566.4000","568.6000","572.2000","576.2000","566.4000","568.6000"," ","0.0000","0.0000","9409000","5360831460","569.7557"
"20210721","01","11","    46940","JP3799700004","3795.0000","3820.0000","3785.0000","3790.0000","3810.0000","3830.0000","3795.0000","3820.0000","3795.0000","3830.0000","3785.0000","3820.0000"," ","0.0000","0.0000","24500","93406000","3812.4898"
"20210721","01","11","    47040","JP3637300009","5820.0000","5900.0000","5790.0000","5800.0000","5830.0000","5830.0000","5780.0000","5820.0000","5820.0000","5900.0000","5780.0000","5820.0000"," ","0.0000","0.0000","504100","2942900000","5837.9290"
"20210721","01","11","    47080","JP3922200005","1357.0000","1368.0000","1342.0000","1346.0000","1344.0000","1356.0000","1340.0000","1348.0000","1357.0000","1368.0000","1340.0000","1348.0000"," ","0.0000","0.0000","326400","440683000","1350.1317"
"20210721","01","11","    47090","JP3153600006","945.0000","953.0000","945.0000","949.0000","946.0000","955.0000","945.0000","955.0000","945.0000","955.0000","945.0000","955.0000"," ","0.0000","0.0000","19100","18138000","949.6335"
"20210721","01","11","    47140","JP3974300000","355.0000","355.0000","350.0000","350.0000","354.0000","354.0000","349.0000","350.0000","355.0000","355.0000","349.0000","350.0000"," ","0.0000","0.0000","729500","256395400","351.4673"
"20210721","01","11","    47160","JP3689500001","8100.0000","8170.0000","8070.0000","8120.0000","8140.0000","8160.0000","8110.0000","8160.0000","8100.0000","8170.0000","8070.0000","8160.0000"," ","0.0000","0.0000","182800","1486847000","8133.7363"
"20210721","01","11","    47180","JP3993750003","915.0000","917.0000","911.0000","912.0000","911.0000","914.0000","910.0000","912.0000","915.0000","917.0000","910.0000","912.0000"," ","0.0000","0.0000","57200","52251400","913.4860"
"20210721","01","11","    47190","JP3126330004","3765.0000","3800.0000","3755.0000","3775.0000","3745.0000","3815.0000","3745.0000","3790.0000","3765.0000","3815.0000","3745.0000","3790.0000"," ","0.0000","0.0000","4300","16270500","3783.8372"
"20210721","01","11","    47220","JP3826200002","1892.0000","1907.0000","1873.0000","1875.0000","1874.0000","1882.0000","1867.0000","1876.0000","1892.0000","1907.0000","1867.0000","1876.0000"," ","0.0000","0.0000","86100","162066000","1882.2997"
"20210721","01","11","    47250","JP3346300001","1390.0000","1398.0000","1384.0000","1386.0000","1396.0000","1407.0000","1386.0000","1406.0000","1390.0000","1407.0000","1384.0000","1406.0000"," ","0.0000","0.0000","29500","41130300","1394.2475"
"20210721","01","11","    47260","JP3436150001","2988.0000","3055.0000","2988.0000","3015.0000","3030.0000","3050.0000","3025.0000","3050.0000","2988.0000","3055.0000","2988.0000","3050.0000"," ","0.0000","0.0000","59400","180166200","3033.1010"
"20210721","01","11","    47280","JP3552450003","800.0000","800.0000","800.0000","800.0000","800.0000","800.0000","798.0000","798.0000","800.0000","800.0000","798.0000","798.0000"," ","0.0000","0.0000","4200","3358700","799.6905"
"20210721","01","11","    47320","JP3944130008","1946.0000","1957.0000","1930.0000","1933.0000","1941.0000","1942.0000","1925.0000","1930.0000","1946.0000","1957.0000","1925.0000","1930.0000"," ","0.0000","0.0000","402800","779214400","1934.4945"
"20210721","01","11","    47330","JP3173500004","6540.0000","6580.0000","6470.0000","6470.0000","6490.0000","6660.0000","6250.0000","6320.0000","6540.0000","6660.0000","6250.0000","6320.0000"," ","0.0000","0.0000","155000","1000347000","6453.8516"
"20210721","01","11","    47390","JP3143900003","3400.0000","3430.0000","3395.0000","3410.0000","3410.0000","3420.0000","3400.0000","3405.0000","3400.0000","3430.0000","3395.0000","3405.0000"," ","0.0000","0.0000","282200","961892000","3408.5471"
"20210721","01","11","    47430","JP3530000003","754.0000","766.0000","752.0000","762.0000","764.0000","771.0000","761.0000","771.0000","754.0000","771.0000","752.0000","771.0000"," ","0.0000","0.0000","147300","112399500","763.0652"
"20210721","01","11","    47450","JP3576500007","620.0000","620.0000","608.0000","609.0000","609.0000","611.0000","607.0000","608.0000","620.0000","620.0000","607.0000","608.0000"," ","0.0000","0.0000","137600","84048800","610.8198"
"20210721","01","11","    47460","JP3590850008","4370.0000","4445.0000","4370.0000","4400.0000","4390.0000","4450.0000","4380.0000","4380.0000","4370.0000","4450.0000","4370.0000","4380.0000"," ","0.0000","0.0000","8200","36153500","4408.9634"
"20210721","01","11","    47510","JP3311400000","2183.0000","2189.0000","2146.0000","2164.0000","2168.0000","2178.0000","2143.0000","2161.0000","2183.0000","2189.0000","2143.0000","2161.0000"," ","0.0000","0.0000","3745900","8115523400","2166.5083"
"20210721","01","11","    47550","JP3967200001","1309.0000","1318.0000","1297.0000","1305.0000","1305.0000","1308.0000","1299.0000","1302.0000","1309.0000","1318.0000","1297.0000","1302.0000"," ","0.0000","0.0000","3689600","4818246400","1305.8994"
"20210721","01","11","    47620","JP3164430005","1028.0000","1028.0000","1022.0000","1022.0000","1022.0000","1022.0000","1022.0000","1022.0000","1028.0000","1028.0000","1022.0000","1022.0000"," ","0.0000","0.0000","800","818200","1022.7500"
"20210721","01","11","    47630","JP3269700005","1600.0000","1617.0000","1588.0000","1594.0000","1600.0000","1643.0000","1600.0000","1641.0000","1600.0000","1643.0000","1588.0000","1641.0000"," ","0.0000","0.0000","67600","109453400","1619.1331"
"20210721","01","11","    47650","JP3922100007","460.0000","466.0000","460.0000","464.0000","464.0000","467.0000","462.0000","466.0000","460.0000","467.0000","460.0000","466.0000"," ","0.0000","0.0000","134200","62208600","463.5514"
"20210721","01","11","    47670","JP3538450002","320.0000","322.0000","318.0000","320.0000","318.0000","319.0000","316.0000","319.0000","320.0000","322.0000","316.0000","319.0000"," ","0.0000","0.0000","71800","22896000","318.8858"
"20210721","01","11","    47680","JP3188200004","5860.0000","5930.0000","5840.0000","5850.0000","5840.0000","5850.0000","5790.0000","5830.0000","5860.0000","5930.0000","5790.0000","5830.0000"," ","0.0000","0.0000","330300","1930425000","5844.4596"
"20210721","01","11","    47760","JP3312100005","2424.0000","2474.0000","2423.0000","2435.0000","2424.0000","2437.0000","2417.0000","2428.0000","2424.0000","2474.0000","2417.0000","2428.0000"," ","0.0000","0.0000","198600","484133600","2437.7321"
"20210721","01","11","    47920","JP3588100002","1163.0000","1178.0000","1161.0000","1173.0000","1169.0000","1186.0000","1169.0000","1186.0000","1163.0000","1186.0000","1161.0000","1186.0000"," ","0.0000","0.0000","21900","25761600","1176.3288"
"20210721","01","11","    48010","JP3425600008","2387.0000","2395.0000","2360.0000","2365.0000","2364.0000","2387.0000","2364.0000","2370.0000","2387.0000","2395.0000","2360.0000","2370.0000"," ","0.0000","0.0000","26000","61850200","2378.8538"
"20210721","01","11","    48090","JP3781700004","1708.0000","1708.0000","1665.0000","1669.0000","1670.0000","1670.0000","1658.0000","1663.0000","1708.0000","1708.0000","1658.0000","1663.0000"," ","0.0000","0.0000","37700","63550900","1685.7003"
"20210721","01","11","    48120","JP3551530003","4605.0000","4640.0000","4575.0000","4630.0000","4615.0000","4640.0000","4585.0000","4605.0000","4605.0000","4640.0000","4575.0000","4605.0000"," ","0.0000","0.0000","60800","280281000","4609.8849"
"20210721","01","11","    48130","JP3108060009","850.0000","859.0000","850.0000","855.0000","852.0000","856.0000","849.0000","850.0000","850.0000","859.0000","849.0000","850.0000"," ","0.0000","0.0000","51200","43640700","852.3574"
"20210721","01","11","    48190","JP3549070005","4835.0000","4920.0000","4830.0000","4865.0000","4860.0000","4890.0000","4835.0000","4835.0000","4835.0000","4920.0000","4830.0000","4835.0000"," ","0.0000","0.0000","74200","360679500","4860.9097"
"20210721","01","11","    48200","JP3130200003","835.0000","840.0000","832.0000","834.0000","834.0000","835.0000","830.0000","834.0000","835.0000","840.0000","830.0000","834.0000"," ","0.0000","0.0000","24100","20112000","834.5228"
"20210721","01","11","    48250","JP3154500007","5500.0000","5550.0000","5470.0000","5510.0000","5500.0000","5580.0000","5480.0000","5530.0000","5500.0000","5580.0000","5470.0000","5530.0000"," ","0.0000","0.0000","16300","90035000","5523.6196"
"20210721","01","11","    48260","JP3346170008","838.0000","849.0000","838.0000","846.0000","841.0000","846.0000","840.0000","842.0000","838.0000","849.0000","838.0000","842.0000"," ","0.0000","0.0000","14200","11976100","843.3873"
"20210721","01","11","    48280","JP3618800001","3235.0000","3250.0000","3230.0000","3230.0000","3235.0000","3250.0000","3235.0000","3245.0000","3235.0000","3250.0000","3230.0000","3245.0000"," ","0.0000","0.0000","2100","6799500","3237.8571"
"20210721","01","11","    48290","JP3689470007","202.0000","206.0000","202.0000","204.0000","205.0000","205.0000","203.0000","205.0000","202.0000","206.0000","202.0000","205.0000"," ","0.0000","0.0000","180900","36882800","203.8850"
"20210721","01","11","    48390","JP3990770004","2437.0000","2437.0000","2416.0000","2428.0000","2428.0000","2428.0000","2414.0000","2414.0000","2437.0000","2437.0000","2414.0000","2414.0000"," ","0.0000","0.0000","13000","31529600","2425.3538"
"20210721","01","11","    48450","JP3548520000","745.0000","751.0000","744.0000","745.0000","755.0000","755.0000","744.0000","747.0000","745.0000","755.0000","744.0000","747.0000"," ","0.0000","0.0000","133600","100143700","749.5786"
"20210721","01","11","    48470","JP3153100007","603.0000","605.0000","596.0000","596.0000","596.0000","598.0000","593.0000","595.0000","603.0000","605.0000","593.0000","595.0000"," ","0.0000","0.0000","45300","27067800","597.5232"
"20210721","01","11","    48480","JP3827800008","2232.0000","2251.0000","2229.0000","2231.0000","2234.0000","2244.0000","2229.0000","2235.0000","2232.0000","2251.0000","2229.0000","2235.0000"," ","0.0000","0.0000","60800","136009100","2236.9918"
"20210721","01","11","    48490","JP3168700007","3780.0000","3820.0000","3750.0000","3750.0000","3780.0000","3805.0000","3780.0000","3785.0000","3780.0000","3820.0000","3750.0000","3785.0000"," ","0.0000","0.0000","84600","320378500","3786.9799"
"20210721","01","11","    48860","JP3119660003","964.0000","1000.0000","964.0000","979.0000","979.0000","993.0000","974.0000","981.0000","964.0000","1000.0000","964.0000","981.0000"," ","0.0000","0.0000","103400","101976200","986.2302"
"20210721","01","11","    48870","JP3323040000","4645.0000","4715.0000","4625.0000","4685.0000","4690.0000","4705.0000","4675.0000","4700.0000","4645.0000","4715.0000","4625.0000","4700.0000"," ","0.0000","0.0000","109000","510151000","4680.2844"
"20210721","01","11","    49010","JP3814000000","8022.0000","8030.0000","7890.0000","7894.0000","7895.0000","7913.0000","7872.0000","7884.0000","8022.0000","8030.0000","7872.0000","7884.0000"," ","0.0000","0.0000","1372400","10881912700","7929.1116"
"20210721","01","11","    49020","JP3300600008","597.0000","601.0000","592.0000","594.0000","594.0000","595.0000","590.0000","591.0000","597.0000","601.0000","590.0000","591.0000"," ","0.0000","0.0000","4292500","2552919200","594.7395"
"20210721","01","11","    49110","JP3351600006","7667.0000","7743.0000","7611.0000","7660.0000","7660.0000","7681.0000","7627.0000","7649.0000","7667.0000","7743.0000","7611.0000","7649.0000"," ","0.0000","0.0000","1199100","9183943300","7659.0304"
"20210721","01","11","    49120","JP3965400009","1941.0000","1962.0000","1935.0000","1944.0000","1952.0000","1959.0000","1942.0000","1959.0000","1941.0000","1962.0000","1935.0000","1959.0000"," ","0.0000","0.0000","758600","1481393600","1952.7994"
"20210721","01","11","    49140","JP3454400007","2700.0000","2726.0000","2700.0000","2706.0000","2706.0000","2724.0000","2701.0000","2720.0000","2700.0000","2726.0000","2700.0000","2720.0000"," ","0.0000","0.0000","25300","68696800","2715.2885"
"20210721","01","11","    49170","JP3879400004","1893.0000","1927.0000","1885.0000","1914.0000","1914.0000","1922.0000","1906.0000","1910.0000","1893.0000","1927.0000","1885.0000","1910.0000"," ","0.0000","0.0000","96000","183507600","1911.5375"
"20210721","01","11","    49190","JP3910650005","6210.0000","6210.0000","6090.0000","6110.0000","6110.0000","6170.0000","6080.0000","6150.0000","6210.0000","6210.0000","6080.0000","6150.0000"," ","0.0000","0.0000","56400","346461000","6142.9255"
"20210721","01","11","    49210","JP3802670004","3520.0000","3545.0000","3495.0000","3525.0000","3535.0000","3540.0000","3505.0000","3540.0000","3520.0000","3545.0000","3495.0000","3540.0000"," ","0.0000","0.0000","204500","721137000","3526.3423"
"20210721","01","11","    49220","JP3283650004","17990.0000","18080.0000","17830.0000","17900.0000","17950.0000","18030.0000","17900.0000","17990.0000","17990.0000","18080.0000","17830.0000","17990.0000"," ","0.0000","0.0000","128500","2308669000","17966.2957"
"20210721","01","11","    49230","JP3298900006","1421.0000","1440.0000","1421.0000","1437.0000","1440.0000","1442.0000","1431.0000","1442.0000","1421.0000","1442.0000","1421.0000","1442.0000"," ","0.0000","0.0000","9100","13063600","1435.5604"
"20210721","01","11","    49260","JP3347130001","1941.0000","1954.0000","1941.0000","1954.0000","1953.0000","1953.0000","1944.0000","1953.0000","1941.0000","1954.0000","1941.0000","1953.0000"," ","0.0000","0.0000","1100","2143900","1949.0000"
"20210721","01","11","    49270","JP3855900001","2818.0000","2835.0000","2792.0000","2804.0000","2814.0000","2827.0000","2809.0000","2823.0000","2818.0000","2835.0000","2792.0000","2823.0000"," ","0.0000","0.0000","342100","964331100","2818.8574"
"20210721","01","11","    49280","JP3760450001","5400.0000","5430.0000","5340.0000","5380.0000","5380.0000","5430.0000","5370.0000","5430.0000","5400.0000","5430.0000","5340.0000","5430.0000"," ","0.0000","0.0000","102600","552301000","5383.0507"
"20210721","01","11","    49290","JP3119620007","1062.0000","1069.0000","1052.0000","1057.0000","1057.0000","1065.0000","1050.0000","1050.0000","1062.0000","1069.0000","1050.0000","1050.0000"," ","0.0000","0.0000","11800","12477400","1057.4068"
"20210721","01","11","    49310","JP3381200009","2058.0000","2074.0000","2057.0000","2070.0000","2068.0000","2085.0000","2063.0000","2082.0000","2058.0000","2085.0000","2057.0000","2082.0000"," ","0.0000","0.0000","40800","84535000","2071.9363"
"20210721","01","11","    49510","JP3162800001","1717.0000","1736.0000","1706.0000","1731.0000","1720.0000","1752.0000","1720.0000","1752.0000","1717.0000","1752.0000","1706.0000","1752.0000"," ","0.0000","0.0000","20400","35428900","1736.7108"
"20210721","01","11","    49550","JP3108200001","1330.0000","1339.0000","1325.0000","1335.0000","1330.0000","1334.0000","1319.0000","1319.0000","1330.0000","1339.0000","1319.0000","1319.0000"," ","0.0000","0.0000","12200","16223600","1329.8033"
"20210721","01","11","    49560","JP3300800004","1600.0000","1613.0000","1598.0000","1609.0000","1602.0000","1621.0000","1602.0000","1618.0000","1600.0000","1621.0000","1598.0000","1618.0000"," ","0.0000","0.0000","23300","37582400","1612.9785"
"20210721","01","11","    49580","JP3768500005","2497.0000","2522.0000","2489.0000","2497.0000","2507.0000","2515.0000","2498.0000","2508.0000","2497.0000","2522.0000","2489.0000","2508.0000"," ","0.0000","0.0000","54500","136505700","2504.6917"
"20210721","01","11","    49630","JP3746900004","948.0000","949.0000","944.0000","948.0000","949.0000","951.0000","947.0000","950.0000","948.0000","951.0000","944.0000","950.0000"," ","0.0000","0.0000","115700","109695800","948.1054"
"20210721","01","11","    49670","JP3301100008","9270.0000","9410.0000","9240.0000","9360.0000","9380.0000","9390.0000","9320.0000","9370.0000","9270.0000","9410.0000","9240.0000","9370.0000"," ","0.0000","0.0000","99700","932229000","9350.3410"
"20210721","01","11","    49680","JP3125000004","1202.0000","1208.0000","1192.0000","1195.0000","1190.0000","1194.0000","1185.0000","1190.0000","1202.0000","1208.0000","1185.0000","1190.0000"," ","0.0000","0.0000","8800","10519400","1195.3864"
"20210721","01","11","    49710","JP3920890005","3280.0000","3300.0000","3215.0000","3250.0000","3260.0000","3270.0000","3230.0000","3235.0000","3280.0000","3300.0000","3215.0000","3235.0000"," ","0.0000","0.0000","117000","381226000","3258.3419"
"20210721","01","11","    49730","JP3706600008","2862.0000","2895.0000","2862.0000","2869.0000","2870.0000","2907.0000","2862.0000","2870.0000","2862.0000","2907.0000","2862.0000","2870.0000"," ","0.0000","0.0000","4800","13802500","2875.5208"
"20210721","01","11","    49740","JP3460200003","2830.0000","2859.0000","2818.0000","2842.0000","2847.0000","2848.0000","2823.0000","2831.0000","2830.0000","2859.0000","2818.0000","2831.0000"," ","0.0000","0.0000","153100","434370400","2837.1679"
"20210721","01","11","    49750","JP3166200000","3775.0000","3855.0000","3750.0000","3765.0000","3765.0000","3815.0000","3730.0000","3790.0000","3775.0000","3855.0000","3730.0000","3790.0000"," ","0.0000","0.0000","121500","460363000","3788.9959"
"20210721","01","11","    49770","JP3679870000","625.0000","632.0000","624.0000","629.0000","627.0000","627.0000","622.0000","626.0000","625.0000","632.0000","622.0000","626.0000"," ","0.0000","0.0000","10900","6830900","626.6881"
"20210721","01","11","    49790","JP3174220008","1395.0000","1398.0000","1386.0000","1398.0000","1400.0000","1400.0000","1386.0000","1386.0000","1395.0000","1400.0000","1386.0000","1386.0000"," ","0.0000","0.0000","6000","8355600","1392.6000"
"20210721","01","11","    49800","JP3548770001","2300.0000","2306.0000","2241.0000","2244.0000","2241.0000","2268.0000","2241.0000","2247.0000","2300.0000","2306.0000","2241.0000","2247.0000"," ","0.0000","0.0000","294900","667938100","2264.9647"
"20210721","01","11","    49850","JP3100190002","6620.0000","6700.0000","6620.0000","6670.0000","6670.0000","6740.0000","6660.0000","6730.0000","6620.0000","6740.0000","6620.0000","6730.0000"," ","0.0000","0.0000","56500","378201000","6693.8230"
"20210721","01","11","    49920","JP3851000004","1037.0000","1091.0000","1024.0000","1025.0000","1031.0000","1031.0000","1007.0000","1017.0000","1037.0000","1091.0000","1007.0000","1017.0000"," ","0.0000","0.0000","58200","59777700","1027.1082"
"20210721","01","11","    49940","JP3444900009","2766.0000","2773.0000","2745.0000","2770.0000","2776.0000","2783.0000","2769.0000","2782.0000","2766.0000","2783.0000","2745.0000","2782.0000"," ","0.0000","0.0000","5500","15246300","2772.0545"
"20210721","01","11","    49960","JP3267600009","838.0000","854.0000","838.0000","846.0000","845.0000","850.0000","843.0000","847.0000","838.0000","854.0000","838.0000","847.0000"," ","0.0000","0.0000","134600","113987400","846.8603"
"20210721","01","11","    49970","JP3741800001","502.0000","510.0000","502.0000","503.0000","502.0000","506.0000","501.0000","506.0000","502.0000","510.0000","501.0000","506.0000"," ","0.0000","0.0000","75000","37871600","504.9547"
"20210721","01","11","    50090","JP3812800005","1036.0000","1043.0000","1034.0000","1036.0000","1040.0000","1042.0000","1025.0000","1040.0000","1036.0000","1043.0000","1025.0000","1040.0000"," ","0.0000","0.0000","24100","24964400","1035.8672"
"20210721","01","11","    50110","JP3665600007","1353.0000","1362.0000","1350.0000","1353.0000","1359.0000","1360.0000","1352.0000","1356.0000","1353.0000","1362.0000","1350.0000","1356.0000"," ","0.0000","0.0000","48100","65243200","1356.4075"
"20210721","01","11","    50130","JP3948400001","1167.0000","1167.0000","1156.0000","1157.0000","1153.0000","1164.0000","1151.0000","1161.0000","1167.0000","1167.0000","1151.0000","1161.0000"," ","0.0000","0.0000","13000","15088600","1160.6615"
"20210721","01","11","    50150","JP3836500003","1336.0000","1338.0000","1332.0000","1335.0000","1338.0000","1348.0000","1338.0000","1348.0000","1336.0000","1348.0000","1332.0000","1348.0000"," ","0.0000","0.0000","4800","6437500","1341.1458"
"20210721","01","11","    50170","JP3160300004","252.0000","256.0000","251.0000","251.0000","250.0000","252.0000","250.0000","250.0000","252.0000","256.0000","250.0000","250.0000"," ","0.0000","0.0000","387400","97923200","252.7703"
"20210721","01","11","    50180","JP3868850003","1139.0000","1156.0000","1139.0000","1146.0000","1146.0000","1150.0000","1144.0000","1147.0000","1139.0000","1156.0000","1139.0000","1147.0000"," ","0.0000","0.0000","13200","15136000","1146.6667"
"20210721","01","11","    50190","JP3142500002","2604.0000","2614.0000","2575.0000","2576.0000","2578.0000","2584.0000","2558.0000","2564.0000","2604.0000","2614.0000","2558.0000","2564.0000"," ","0.0000","0.0000","633300","1632301300","2577.4535"
"20210721","01","11","    50200","JP3386450005","460.0000","460.0000","453.2000","453.2000","453.4000","454.2000","450.0000","450.4000","460.0000","460.0000","450.0000","450.4000"," ","0.0000","0.0000","13977600","6353423970","454.5433"
"20210721","01","11","    50210","JP3298000005","2458.0000","2476.0000","2437.0000","2454.0000","2460.0000","2461.0000","2436.0000","2437.0000","2458.0000","2476.0000","2436.0000","2437.0000"," ","0.0000","0.0000","249600","612267600","2452.9952"
"20210721","01","11","    50740","JP3545270005","2209.0000","2228.0000","2160.0000","2169.0000","2165.0000","2206.0000","2160.0000","2196.0000","2209.0000","2228.0000","2160.0000","2196.0000"," ","0.0000","0.0000","241300","528631000","2190.7625"
"20210721","01","11","    51010","JP3955800002","2164.0000","2190.0000","2153.0000","2160.0000","2168.0000","2172.0000","2158.0000","2162.0000","2164.0000","2190.0000","2153.0000","2162.0000"," ","0.0000","0.0000","507000","1098477600","2166.6225"
"20210721","01","11","    51050","JP3610600003","2069.0000","2083.0000","2046.0000","2076.0000","2081.0000","2081.0000","2051.0000","2052.0000","2069.0000","2083.0000","2046.0000","2052.0000"," ","0.0000","0.0000","465300","961147200","2065.6505"
"20210721","01","11","    51080","JP3830800003","4712.0000","4774.0000","4707.0000","4728.0000","4740.0000","4740.0000","4709.0000","4715.0000","4712.0000","4774.0000","4707.0000","4715.0000"," ","0.0000","0.0000","1798400","8507224500","4730.4407"
"20210721","01","11","    51100","JP3404200002","1480.0000","1483.0000","1461.0000","1466.0000","1469.0000","1469.0000","1451.0000","1457.0000","1480.0000","1483.0000","1451.0000","1457.0000"," ","0.0000","0.0000","867800","1269380000","1462.7564"
"20210721","01","11","    51210","JP3811600000","479.0000","485.0000","479.0000","481.0000","478.0000","482.0000","478.0000","482.0000","479.0000","485.0000","478.0000","482.0000"," ","0.0000","0.0000","50900","24476600","480.8762"
"20210721","01","11","    51220","JP3192800005","4080.0000","4175.0000","4080.0000","4170.0000","4150.0000","4180.0000","4150.0000","4165.0000","4080.0000","4180.0000","4080.0000","4165.0000"," ","0.0000","0.0000","20200","83869000","4151.9307"
"20210721","01","11","    51420","JP3108000005","1368.0000","1373.0000","1365.0000","1365.0000","1364.0000","1372.0000","1364.0000","1366.0000","1368.0000","1373.0000","1364.0000","1366.0000"," ","0.0000","0.0000","19400","26538000","1367.9381"
"20210721","01","11","    51850","JP3807000009","943.0000","949.0000","939.0000","942.0000","942.0000","951.0000","937.0000","947.0000","943.0000","951.0000","937.0000","947.0000"," ","0.0000","0.0000","29700","28091200","945.8316"
"20210721","01","11","    51860","JP3679850002","2528.0000","2584.0000","2527.0000","2562.0000","2569.0000","2577.0000","2565.0000","2569.0000","2528.0000","2584.0000","2527.0000","2569.0000"," ","0.0000","0.0000","39200","100638400","2567.3061"
"20210721","01","11","    51870","JP3269800003","982.0000","982.0000","974.0000","974.0000","974.0000","978.0000","974.0000","978.0000","982.0000","982.0000","974.0000","978.0000"," ","0.0000","0.0000","5100","4990700","978.5686"
"20210721","01","11","    51910","JP3564200008","728.0000","738.0000","727.0000","731.0000","731.0000","737.0000","731.0000","732.0000","728.0000","738.0000","727.0000","732.0000"," ","0.0000","0.0000","95600","70052700","732.7688"
"20210721","01","11","    51920","JP3904000001","1818.0000","1821.0000","1805.0000","1809.0000","1809.0000","1817.0000","1805.0000","1807.0000","1818.0000","1821.0000","1805.0000","1807.0000"," ","0.0000","0.0000","37000","67062000","1812.4865"
"20210721","01","11","    51950","JP3779000003","904.0000","911.0000","903.0000","903.0000","903.0000","905.0000","897.0000","897.0000","904.0000","911.0000","897.0000","897.0000"," ","0.0000","0.0000","44400","40065400","902.3739"
"20210721","01","11","    52010","JP3112000009","4720.0000","4725.0000","4610.0000","4610.0000","4610.0000","4620.0000","4570.0000","4590.0000","4720.0000","4725.0000","4570.0000","4590.0000"," ","0.0000","0.0000","1623500","7517098000","4630.1805"
"20210721","01","11","    52020","JP3686800008","620.0000","627.0000","612.0000","612.0000","612.0000","612.0000","607.0000","607.0000","620.0000","627.0000","607.0000","607.0000"," ","0.0000","0.0000","829600","511130200","616.1164"
"20210721","01","11","    52040","JP3136000001","1900.0000","1924.0000","1900.0000","1924.0000","1914.0000","1914.0000","1914.0000","1914.0000","1900.0000","1924.0000","1900.0000","1914.0000"," ","0.0000","0.0000","500","956600","1913.2000"
"20210721","01","11","    52080","JP3126000003","884.0000","885.0000","878.0000","878.0000","878.0000","883.0000","874.0000","876.0000","884.0000","885.0000","874.0000","876.0000"," ","0.0000","0.0000","51300","45094900","879.0429"
"20210721","01","11","    52100","JP3752800007","931.0000","934.0000","928.0000","929.0000","928.0000","937.0000","928.0000","937.0000","931.0000","937.0000","928.0000","937.0000"," ","0.0000","0.0000","9100","8489600","932.9231"
"20210721","01","11","    52140","JP3733400000","2517.0000","2544.0000","2510.0000","2516.0000","2515.0000","2518.0000","2499.0000","2506.0000","2517.0000","2544.0000","2499.0000","2506.0000"," ","0.0000","0.0000","750100","1889307200","2518.7404"
"20210721","01","11","    52180","JP3197630001","1360.0000","1381.0000","1355.0000","1370.0000","1370.0000","1376.0000","1365.0000","1367.0000","1360.0000","1381.0000","1355.0000","1367.0000"," ","0.0000","0.0000","54500","74623700","1369.2422"
"20210721","01","11","    52320","JP3400900001","3035.0000","3075.0000","3020.0000","3040.0000","3055.0000","3070.0000","3045.0000","3045.0000","3035.0000","3075.0000","3020.0000","3045.0000"," ","0.0000","0.0000","187200","571057000","3050.5182"
"20210721","01","11","    52330","JP3449020001","2525.0000","2543.0000","2502.0000","2519.0000","2523.0000","2526.0000","2512.0000","2523.0000","2525.0000","2543.0000","2502.0000","2523.0000"," ","0.0000","0.0000","521800","1317116500","2524.1788"
"20210721","01","11","    52610","JP3884600002","3935.0000","3935.0000","3935.0000","3935.0000","3970.0000","3970.0000","3970.0000","3970.0000","3935.0000","3970.0000","3935.0000","3970.0000"," ","0.0000","0.0000","1100","4335500","3941.3636"
"20210721","01","11","    52620","JP3745800007","720.0000","723.0000","717.0000","720.0000","720.0000","720.0000","718.0000","720.0000","720.0000","723.0000","717.0000","720.0000"," ","0.0000","0.0000","19500","14031800","719.5795"
"20210721","01","11","    52690","JP3708400001","309.0000","313.0000","309.0000","310.0000","309.0000","310.0000","308.0000","310.0000","309.0000","313.0000","308.0000","310.0000"," ","0.0000","0.0000","133800","41440600","309.7205"
"20210721","01","11","    52730","JP3887600009","4110.0000","4210.0000","4110.0000","4210.0000","4210.0000","4380.0000","4170.0000","4375.0000","4110.0000","4380.0000","4110.0000","4375.0000"," ","0.0000","0.0000","34200","146451000","4282.1930"
"20210721","01","11","    52880","JP3389640008","456.0000","461.0000","456.0000","461.0000","461.0000","469.0000","461.0000","464.0000","456.0000","469.0000","456.0000","464.0000"," ","0.0000","0.0000","96200","44442800","461.9834"
"20210721","01","11","    53010","JP3560800009","1392.0000","1406.0000","1378.0000","1379.0000","1378.0000","1386.0000","1373.0000","1378.0000","1392.0000","1406.0000","1373.0000","1378.0000"," ","0.0000","0.0000","1502100","2082461300","1386.3666"
"20210721","01","11","    53020","JP3690400001","4030.0000","4035.0000","3995.0000","3995.0000","3995.0000","4020.0000","3985.0000","4005.0000","4030.0000","4035.0000","3985.0000","4005.0000"," ","0.0000","0.0000","34000","136339500","4009.9853"
"20210721","01","11","    53100","JP3616000000","2827.0000","2864.0000","2826.0000","2833.0000","2845.0000","2846.0000","2827.0000","2832.0000","2827.0000","2864.0000","2826.0000","2832.0000"," ","0.0000","0.0000","74300","210991800","2839.7281"
"20210721","01","11","    53310","JP3763000001","4160.0000","4235.0000","4160.0000","4185.0000","4165.0000","4240.0000","4165.0000","4200.0000","4160.0000","4240.0000","4160.0000","4200.0000"," ","0.0000","0.0000","18500","77623500","4195.8649"
"20210721","01","11","    53320","JP3596200000","5620.0000","5710.0000","5620.0000","5630.0000","5630.0000","5680.0000","5620.0000","5660.0000","5620.0000","5710.0000","5620.0000","5660.0000"," ","0.0000","0.0000","374700","2120080000","5658.0731"
"20210721","01","11","    53330","JP3695200000","1793.0000","1796.0000","1768.0000","1770.0000","1770.0000","1773.0000","1762.0000","1767.0000","1793.0000","1796.0000","1762.0000","1767.0000"," ","0.0000","0.0000","608200","1079485200","1774.8852"
"20210721","01","11","    53340","JP3738600000","1632.0000","1634.0000","1615.0000","1615.0000","1624.0000","1624.0000","1607.0000","1615.0000","1632.0000","1634.0000","1607.0000","1615.0000"," ","0.0000","0.0000","856100","1386726600","1619.8185"
"20210721","01","11","    53370","JP3506600000","250.0000","251.0000","246.0000","247.0000","246.0000","246.0000","243.0000","243.0000","250.0000","251.0000","243.0000","243.0000"," ","0.0000","0.0000","136300","33570000","246.2949"
"20210721","01","11","    53440","JP3879250003","10400.0000","10660.0000","10370.0000","10590.0000","10510.0000","10640.0000","10490.0000","10560.0000","10400.0000","10660.0000","10370.0000","10560.0000"," ","0.0000","0.0000","27700","292387000","10555.4874"
"20210721","01","11","    53510","JP3353200003","3945.0000","3990.0000","3910.0000","3960.0000","3965.0000","3965.0000","3935.0000","3960.0000","3945.0000","3990.0000","3910.0000","3960.0000"," ","0.0000","0.0000","11400","45105000","3956.5789"
"20210721","01","11","    53520","JP3272400007","4755.0000","4790.0000","4740.0000","4740.0000","4775.0000","4775.0000","4740.0000","4740.0000","4755.0000","4790.0000","4740.0000","4740.0000"," ","0.0000","0.0000","11900","56685000","4763.4454"
"20210721","01","11","    53570","JP3953600008","1253.0000","1263.0000","1249.0000","1257.0000","1257.0000","1259.0000","1251.0000","1253.0000","1253.0000","1263.0000","1249.0000","1253.0000"," ","0.0000","0.0000","31500","39536200","1255.1175"
"20210721","01","11","    53580","JP3140800008","662.0000","672.0000","660.0000","665.0000","665.0000","674.0000","664.0000","674.0000","662.0000","674.0000","660.0000","674.0000"," ","0.0000","0.0000","51200","34198700","667.9434"
"20210721","01","11","    53630","JP3589400005","315.0000","316.0000","313.0000","313.0000","316.0000","316.0000","313.0000","314.0000","315.0000","316.0000","313.0000","314.0000"," ","0.0000","0.0000","25300","7963600","314.7668"
"20210721","01","11","    53670","JP3667000008","646.0000","658.0000","646.0000","652.0000","655.0000","656.0000","652.0000","655.0000","646.0000","658.0000","646.0000","655.0000"," ","0.0000","0.0000","7400","4835800","653.4865"
"20210721","01","11","    53840","JP3820900003","4715.0000","4790.0000","4715.0000","4750.0000","4735.0000","4765.0000","4735.0000","4750.0000","4715.0000","4790.0000","4715.0000","4750.0000"," ","0.0000","0.0000","49500","235203500","4751.5859"
"20210721","01","11","    53880","JP3266200009","1172.0000","1172.0000","1138.0000","1150.0000","1150.0000","1150.0000","1144.0000","1150.0000","1172.0000","1172.0000","1138.0000","1150.0000"," ","0.0000","0.0000","16800","19276300","1147.3988"
"20210721","01","11","    53910","JP3119800005","1030.0000","1030.0000","1020.0000","1020.0000","1020.0000","1023.0000","1020.0000","1021.0000","1030.0000","1030.0000","1020.0000","1021.0000"," ","0.0000","0.0000","9000","9252900","1028.1000"
"20210721","01","11","    53930","JP3660400007","2758.0000","2778.0000","2739.0000","2746.0000","2751.0000","2769.0000","2744.0000","2759.0000","2758.0000","2778.0000","2739.0000","2759.0000"," ","0.0000","0.0000","67800","187007100","2758.2168"
"20210721","01","11","    54010","JP3381000003","1799.5000","1804.0000","1761.5000","1765.0000","1761.0000","1767.0000","1747.5000","1747.5000","1799.5000","1804.0000","1747.5000","1747.5000"," ","0.0000","0.0000","5769800","10198831900","1767.6231"
"20210721","01","11","    54060","JP3289800009","697.0000","701.0000","687.0000","688.0000","688.0000","688.0000","680.0000","680.0000","697.0000","701.0000","680.0000","680.0000"," ","0.0000","0.0000","4059400","2805397800","691.0868"
"20210721","01","11","    54080","JP3646400006","390.0000","394.0000","387.0000","387.0000","392.0000","392.0000","389.0000","389.0000","390.0000","394.0000","387.0000","389.0000"," ","0.0000","0.0000","135500","52840400","389.9661"
"20210721","01","11","    54100","JP3307800007","1597.0000","1603.0000","1578.0000","1578.0000","1579.0000","1588.0000","1575.0000","1579.0000","1597.0000","1603.0000","1575.0000","1579.0000"," ","0.0000","0.0000","69000","109338400","1584.6145"
"20210721","01","11","    54110","JP3386030005","1273.0000","1273.0000","1245.0000","1248.0000","1246.0000","1247.0000","1230.0000","1232.0000","1273.0000","1273.0000","1230.0000","1232.0000"," ","0.0000","0.0000","5081300","6342755700","1248.2545"
"20210721","01","11","    54230","JP3579800008","1059.0000","1066.0000","1051.0000","1059.0000","1061.0000","1073.0000","1051.0000","1070.0000","1059.0000","1073.0000","1051.0000","1070.0000"," ","0.0000","0.0000","1398000","1485083500","1062.2915"
"20210721","01","11","    54400","JP3247400009","1366.0000","1380.0000","1359.0000","1362.0000","1362.0000","1366.0000","1360.0000","1360.0000","1366.0000","1380.0000","1359.0000","1360.0000"," ","0.0000","0.0000","52200","71314000","1366.1686"
"20210721","01","11","    54440","JP3940400009","3500.0000","3550.0000","3500.0000","3520.0000","3525.0000","3545.0000","3520.0000","3525.0000","3500.0000","3550.0000","3500.0000","3525.0000"," ","0.0000","0.0000","101000","356412500","3528.8366"
"20210721","01","11","    54450","JP3584600005","1574.0000","1578.0000","1559.0000","1564.0000","1563.0000","1565.0000","1559.0000","1564.0000","1574.0000","1578.0000","1559.0000","1564.0000"," ","0.0000","0.0000","29000","45427500","1566.4655"
"20210721","01","11","    54490","JP3184600009","1102.0000","1110.0000","1097.0000","1097.0000","1101.0000","1107.0000","1096.0000","1102.0000","1102.0000","1110.0000","1096.0000","1102.0000"," ","0.0000","0.0000","19800","21816500","1101.8434"
"20210721","01","11","    54510","JP3959400007","2333.0000","2339.0000","2322.0000","2322.0000","2325.0000","2335.0000","2324.0000","2326.0000","2333.0000","2339.0000","2322.0000","2326.0000"," ","0.0000","0.0000","22500","52395000","2328.6667"
"20210721","01","11","    54630","JP3871200006","2596.0000","2612.0000","2582.0000","2582.0000","2593.0000","2595.0000","2578.0000","2578.0000","2596.0000","2612.0000","2578.0000","2578.0000"," ","0.0000","0.0000","101700","263371900","2589.6942"
"20210721","01","11","    54640","JP3924000007","2265.0000","2279.0000","2262.0000","2262.0000","2286.0000","2286.0000","2263.0000","2263.0000","2265.0000","2286.0000","2262.0000","2263.0000"," ","0.0000","0.0000","3500","7951600","2271.8857"
"20210721","01","11","    54710","JP3491000000","5290.0000","5340.0000","5240.0000","5240.0000","5260.0000","5280.0000","5230.0000","5230.0000","5290.0000","5340.0000","5230.0000","5230.0000"," ","0.0000","0.0000","72300","380725000","5265.9059"
"20210721","01","11","    54760","JP3706400003","384.0000","385.0000","380.0000","382.0000","383.0000","384.0000","381.0000","384.0000","384.0000","385.0000","380.0000","384.0000"," ","0.0000","0.0000","5600","2143400","382.7500"
"20210721","01","11","    54800","JP3752600001","2242.0000","2273.0000","2230.0000","2248.0000","2252.0000","2255.0000","2236.0000","2237.0000","2242.0000","2273.0000","2230.0000","2237.0000"," ","0.0000","0.0000","102400","230673300","2252.6689"
"20210721","01","11","    54810","JP3342000001","1628.0000","1645.0000","1616.0000","1638.0000","1644.0000","1654.0000","1635.0000","1639.0000","1628.0000","1654.0000","1616.0000","1639.0000"," ","0.0000","0.0000","85600","140279700","1638.7815"
"20210721","01","11","    54820","JP3103600007","3025.0000","3085.0000","3020.0000","3025.0000","3045.0000","3045.0000","3020.0000","3030.0000","3025.0000","3085.0000","3020.0000","3030.0000"," ","0.0000","0.0000","30200","92062000","3048.4106"
"20210721","01","11","    54860","JP3786200000","2134.0000","2137.0000","2133.0000","2135.0000","2135.0000","2137.0000","2134.0000","2135.0000","2134.0000","2137.0000","2133.0000","2135.0000"," ","0.0000","0.0000","1799700","3842412100","2135.0292"
"20210721","01","11","    54910","JP3698000001","945.0000","960.0000","942.0000","948.0000","942.0000","943.0000","937.0000","939.0000","945.0000","960.0000","937.0000","939.0000"," ","0.0000","0.0000","17600","16636800","945.2727"
"20210721","01","11","    55410","JP3448000004","1634.0000","1643.0000","1606.0000","1610.0000","1614.0000","1615.0000","1602.0000","1609.0000","1634.0000","1643.0000","1602.0000","1609.0000"," ","0.0000","0.0000","214400","347093200","1618.9049"
"20210721","01","11","    55630","JP3734600004","293.0000","294.0000","290.0000","290.0000","290.0000","292.0000","290.0000","291.0000","293.0000","294.0000","290.0000","291.0000"," ","0.0000","0.0000","788200","229856600","291.6222"
"20210721","01","11","    56020","JP3270800000","1649.0000","1656.0000","1647.0000","1649.0000","1650.0000","1651.0000","1647.0000","1648.0000","1649.0000","1656.0000","1647.0000","1648.0000"," ","0.0000","0.0000","6900","11380100","1649.2899"
"20210721","01","11","    56030","JP3286400001","1127.0000","1138.0000","1124.0000","1124.0000","1131.0000","1133.0000","1126.0000","1133.0000","1127.0000","1138.0000","1124.0000","1133.0000"," ","0.0000","0.0000","5000","5647100","1129.4200"
"20210721","01","11","    56120","JP3728600002","1254.0000","1254.0000","1237.0000","1237.0000","1239.0000","1247.0000","1239.0000","1247.0000","1254.0000","1254.0000","1237.0000","1247.0000"," ","0.0000","0.0000","1700","2119000","1246.4706"
"20210721","01","11","    56310","JP3721400004","2702.0000","2728.0000","2684.0000","2684.0000","2700.0000","2704.0000","2679.0000","2681.0000","2702.0000","2728.0000","2679.0000","2681.0000"," ","0.0000","0.0000","271600","733320000","2700.0000"
"20210721","01","11","    56320","JP3900800008","1072.0000","1078.0000","1018.0000","1025.0000","1023.0000","1034.0000","1018.0000","1022.0000","1072.0000","1078.0000","1018.0000","1022.0000"," ","0.0000","0.0000","122500","126524700","1032.8547"
"20210721","01","11","    56580","JP3660000005","292.0000","293.0000","291.0000","291.0000","291.0000","293.0000","291.0000","293.0000","292.0000","293.0000","291.0000","293.0000"," ","0.0000","0.0000","7700","2248800","292.0519"
"20210721","01","11","    56590","JP3721800005","4485.0000","4570.0000","4470.0000","4480.0000","4480.0000","4495.0000","4445.0000","4490.0000","4485.0000","4570.0000","4445.0000","4490.0000"," ","0.0000","0.0000","17400","78143500","4491.0057"
"20210721","01","11","    56980","JP3169750001","1258.0000","1262.0000","1226.0000","1236.0000","1230.0000","1239.0000","1221.0000","1221.0000","1258.0000","1262.0000","1221.0000","1221.0000"," ","0.0000","0.0000","102900","127427700","1238.3644"
"20210721","01","11","    57020","JP3480600000","1135.0000","1145.0000","1125.0000","1127.0000","1122.0000","1136.0000","1120.0000","1131.0000","1135.0000","1145.0000","1120.0000","1131.0000"," ","0.0000","0.0000","158000","178995800","1132.8848"
"20210721","01","11","    57030","JP3700200003","1838.0000","1853.0000","1821.0000","1821.0000","1826.0000","1830.0000","1819.0000","1829.0000","1838.0000","1853.0000","1819.0000","1829.0000"," ","0.0000","0.0000","268300","491502900","1831.9154"
"20210721","01","11","    57060","JP3888400003","3035.0000","3045.0000","2999.0000","3000.0000","3005.0000","3010.0000","2986.0000","3005.0000","3035.0000","3045.0000","2986.0000","3005.0000"," ","0.0000","0.0000","562400","1696137200","3015.8912"
"20210721","01","11","    57070","JP3599000001","1836.0000","1856.0000","1819.0000","1819.0000","1819.0000","1836.0000","1819.0000","1822.0000","1836.0000","1856.0000","1819.0000","1822.0000"," ","0.0000","0.0000","139700","255967000","1832.2620"
"20210721","01","11","    57110","JP3903000002","2212.0000","2214.0000","2177.0000","2179.0000","2180.0000","2201.0000","2173.0000","2194.0000","2212.0000","2214.0000","2173.0000","2194.0000"," ","0.0000","0.0000","551500","1210961000","2195.7588"
"20210721","01","11","    57130","JP3402600005","4202.0000","4238.0000","4160.0000","4170.0000","4172.0000","4183.0000","4152.0000","4167.0000","4202.0000","4238.0000","4152.0000","4167.0000"," ","0.0000","0.0000","1080500","4527886200","4190.5472"
"20210721","01","11","    57140","JP3638600001","4150.0000","4195.0000","4095.0000","4095.0000","4105.0000","4130.0000","4090.0000","4125.0000","4150.0000","4195.0000","4090.0000","4125.0000"," ","0.0000","0.0000","166400","687439000","4131.2440"
"20210721","01","11","    57150","JP3826800009","1247.0000","1267.0000","1247.0000","1253.0000","1252.0000","1260.0000","1250.0000","1250.0000","1247.0000","1267.0000","1247.0000","1250.0000"," ","0.0000","0.0000","71800","90163200","1255.7549"
"20210721","01","11","    57210","JP3359200007","36.0000","38.0000","36.0000","37.0000","37.0000","38.0000","36.0000","38.0000","36.0000","38.0000","36.0000","38.0000"," ","0.0000","0.0000","341600","12561500","36.7725"
"20210721","01","11","    57260","JP3407200009","740.0000","749.0000","731.0000","733.0000","734.0000","735.0000","729.0000","731.0000","740.0000","749.0000","729.0000","731.0000"," ","0.0000","0.0000","407600","300194900","736.4939"
"20210721","01","11","    57270","JP3601800000","1000.0000","1010.0000","993.0000","993.0000","997.0000","1007.0000","996.0000","1000.0000","1000.0000","1010.0000","993.0000","1000.0000"," ","0.0000","0.0000","165900","166253300","1002.1296"
"20210721","01","11","    57410","JP3826900007","2770.0000","2790.0000","2734.0000","2739.0000","2735.0000","2744.0000","2720.0000","2736.0000","2770.0000","2790.0000","2720.0000","2736.0000"," ","0.0000","0.0000","64800","177905200","2745.4506"
"20210721","01","11","    57570","JP3325100000","2912.0000","2923.0000","2862.0000","2864.0000","2889.0000","2889.0000","2870.0000","2870.0000","2912.0000","2923.0000","2862.0000","2870.0000"," ","0.0000","0.0000","3700","10682700","2887.2162"
"20210721","01","11","    58010","JP3827200001","2746.0000","2753.0000","2712.0000","2722.0000","2729.0000","2731.0000","2714.0000","2717.0000","2746.0000","2753.0000","2712.0000","2717.0000"," ","0.0000","0.0000","326100","889078300","2726.3977"
"20210721","01","11","    58020","JP3407400005","1541.5000","1558.5000","1536.0000","1539.5000","1544.0000","1545.0000","1537.0000","1538.0000","1541.5000","1558.5000","1536.0000","1538.0000"," ","0.0000","0.0000","1586300","2447182150","1542.6982"
"20210721","01","11","    58030","JP3811000003","547.0000","553.0000","542.0000","543.0000","543.0000","544.0000","537.0000","537.0000","547.0000","553.0000","537.0000","537.0000"," ","0.0000","0.0000","2176600","1184114600","544.0203"
"20210721","01","11","    58050","JP3368400002","1762.0000","1777.0000","1750.0000","1754.0000","1754.0000","1760.0000","1743.0000","1750.0000","1762.0000","1777.0000","1743.0000","1750.0000"," ","0.0000","0.0000","55600","97668300","1756.6241"
"20210721","01","11","    58070","JP3586200002","2568.0000","2577.0000","2556.0000","2570.0000","2562.0000","2593.0000","2562.0000","2591.0000","2568.0000","2593.0000","2556.0000","2591.0000"," ","0.0000","0.0000","3000","7722100","2574.0333"
"20210721","01","11","    58090","JP3467400002","569.0000","569.0000","563.0000","564.0000","564.0000","567.0000","562.0000","564.0000","569.0000","569.0000","562.0000","564.0000"," ","0.0000","0.0000","169400","95898500","566.1068"
"20210721","01","11","    58190","JP3215300009","1678.0000","1686.0000","1675.0000","1675.0000","1675.0000","1680.0000","1668.0000","1680.0000","1678.0000","1686.0000","1668.0000","1680.0000"," ","0.0000","0.0000","3500","5872200","1677.7714"
"20210721","01","11","    58210","JP3795080005","1152.0000","1167.0000","1152.0000","1162.0000","1165.0000","1168.0000","1156.0000","1168.0000","1152.0000","1168.0000","1152.0000","1168.0000"," ","0.0000","0.0000","12700","14756300","1161.9134"
"20210721","01","11","    58510","JP3975800008","1405.0000","1418.0000","1394.0000","1406.0000","1407.0000","1416.0000","1399.0000","1399.0000","1405.0000","1418.0000","1394.0000","1399.0000"," ","0.0000","0.0000","114600","161282300","1407.3499"
"20210721","01","11","    58520","JP3100600000","468.0000","470.0000","462.0000","462.0000","461.0000","462.0000","459.0000","461.0000","468.0000","470.0000","459.0000","461.0000"," ","0.0000","0.0000","175600","81318700","463.0905"
"20210721","01","11","    58570","JP3116700000","2198.0000","2198.0000","2143.0000","2151.0000","2153.0000","2167.0000","2151.0000","2151.0000","2198.0000","2198.0000","2143.0000","2151.0000"," ","0.0000","0.0000","492700","1066369200","2164.3377"
"20210721","01","11","    59010","JP3613400005","1429.0000","1443.0000","1417.0000","1419.0000","1429.0000","1430.0000","1419.0000","1428.0000","1429.0000","1443.0000","1417.0000","1428.0000"," ","0.0000","0.0000","536900","766556000","1427.7445"
"20210721","01","11","    59020","JP3846600009","1404.0000","1407.0000","1398.0000","1398.0000","1399.0000","1408.0000","1396.0000","1408.0000","1404.0000","1408.0000","1396.0000","1408.0000"," ","0.0000","0.0000","14900","20908800","1403.2752"
"20210721","01","11","    59090","JP3305950002","915.0000","916.0000","913.0000","913.0000","913.0000","914.0000","912.0000","912.0000","915.0000","916.0000","912.0000","912.0000"," ","0.0000","0.0000","26900","24589300","914.1004"
"20210721","01","11","    59110","JP3955200005","2030.0000","2033.0000","2020.0000","2022.0000","2027.0000","2028.0000","2013.0000","2013.0000","2030.0000","2033.0000","2013.0000","2013.0000"," ","0.0000","0.0000","50000","101110800","2022.2160"
"20210721","01","11","    59150","JP3302600006","1694.0000","1694.0000","1670.0000","1679.0000","1687.0000","1687.0000","1665.0000","1665.0000","1694.0000","1694.0000","1665.0000","1665.0000"," ","0.0000","0.0000","12100","20295800","1677.3388"
"20210721","01","11","    59230","JP3457200008","2758.0000","2762.0000","2750.0000","2750.0000","2762.0000","2816.0000","2754.0000","2805.0000","2758.0000","2816.0000","2750.0000","2805.0000"," ","0.0000","0.0000","3600","10013500","2781.5278"
"20210721","01","11","    59290","JP3344400001","1318.0000","1337.0000","1316.0000","1327.0000","1332.0000","1332.0000","1322.0000","1324.0000","1318.0000","1337.0000","1316.0000","1324.0000"," ","0.0000","0.0000","262800","348419200","1325.7960"
"20210721","01","11","    59300","JP3831600006","1135.0000","1148.0000","1132.0000","1140.0000","1144.0000","1156.0000","1141.0000","1148.0000","1135.0000","1156.0000","1132.0000","1148.0000"," ","0.0000","0.0000","157600","180970600","1148.2906"
"20210721","01","11","    59320","JP3326800004","833.0000","845.0000","827.0000","837.0000","839.0000","839.0000","829.0000","829.0000","833.0000","845.0000","827.0000","829.0000"," ","0.0000","0.0000","102900","85819400","834.0078"
"20210721","01","11","    59330","JP3126100001","981.0000","1018.0000","975.0000","1004.0000","1009.0000","1011.0000","995.0000","995.0000","981.0000","1018.0000","975.0000","995.0000"," ","0.0000","0.0000","180300","179207000","993.9379"
"20210721","01","11","    59360","JP3611400007","649.0000","649.0000","645.0000","645.0000","646.0000","646.0000","645.0000","645.0000","649.0000","649.0000","645.0000","645.0000"," ","0.0000","0.0000","4700","3041600","647.1489"
"20210721","01","11","    59380","JP3626800001","2941.0000","2967.0000","2923.0000","2948.0000","2948.0000","2954.0000","2933.0000","2934.0000","2941.0000","2967.0000","2923.0000","2934.0000"," ","0.0000","0.0000","701800","2064933400","2942.3388"
"20210721","01","11","    59420","JP3748600008","505.0000","506.0000","504.0000","504.0000","505.0000","506.0000","505.0000","505.0000","505.0000","506.0000","504.0000","505.0000"," ","0.0000","0.0000","9000","4545300","505.0333"
"20210721","01","11","    59430","JP3759400009","1846.0000","1871.0000","1846.0000","1857.0000","1864.0000","1866.0000","1850.0000","1857.0000","1846.0000","1871.0000","1846.0000","1857.0000"," ","0.0000","0.0000","75200","139840000","1859.5745"
"20210721","01","11","    59460","JP3527800001","2034.0000","2047.0000","2034.0000","2045.0000","2044.0000","2044.0000","2034.0000","2044.0000","2034.0000","2047.0000","2034.0000","2044.0000"," ","0.0000","0.0000","8100","16536800","2041.5802"
"20210721","01","11","    59470","JP3977400005","10400.0000","10520.0000","10330.0000","10390.0000","10430.0000","10430.0000","10360.0000","10380.0000","10400.0000","10520.0000","10330.0000","10380.0000"," ","0.0000","0.0000","60700","632101000","10413.5255"
"20210721","01","11","    59490","JP3952550006","941.0000","954.0000","938.0000","940.0000","940.0000","946.0000","937.0000","939.0000","941.0000","954.0000","937.0000","939.0000"," ","0.0000","0.0000","116900","110190800","942.6074"
"20210721","01","11","    59510","JP3492000009","763.0000","769.0000","763.0000","765.0000","766.0000","766.0000","760.0000","764.0000","763.0000","769.0000","760.0000","764.0000"," ","0.0000","0.0000","9400","7180200","763.8511"
"20210721","01","11","    59570","JP3682800002","589.0000","593.0000","581.0000","583.0000","582.0000","585.0000","580.0000","581.0000","589.0000","593.0000","580.0000","581.0000"," ","0.0000","0.0000","50200","29298000","583.6255"
"20210721","01","11","    59580","JP3338000007","1873.0000","1873.0000","1870.0000","1870.0000","1871.0000","1871.0000","1863.0000","1868.0000","1873.0000","1873.0000","1863.0000","1868.0000"," ","0.0000","0.0000","1400","2618400","1870.2857"
"20210721","01","11","    59590","JP3192000002","656.0000","663.0000","656.0000","658.0000","660.0000","661.0000","656.0000","661.0000","656.0000","663.0000","656.0000","661.0000"," ","0.0000","0.0000","49600","32718800","659.6532"
"20210721","01","11","    59700","JP3236750000","1509.0000","1535.0000","1509.0000","1527.0000","1531.0000","1536.0000","1524.0000","1536.0000","1509.0000","1536.0000","1509.0000","1536.0000"," ","0.0000","0.0000","24600","37603500","1528.5976"
"20210721","01","11","    59750","JP3598200008","1559.0000","1577.0000","1558.0000","1566.0000","1570.0000","1573.0000","1565.0000","1570.0000","1559.0000","1577.0000","1558.0000","1570.0000"," ","0.0000","0.0000","93100","146034000","1568.5714"
"20210721","01","11","    59760","JP3288200003","567.0000","574.0000","560.0000","561.0000","562.0000","564.0000","560.0000","561.0000","567.0000","574.0000","560.0000","561.0000"," ","0.0000","0.0000","83200","46875000","563.4014"
"20210721","01","11","    59810","JP3579400007","1087.0000","1106.0000","1087.0000","1093.0000","1090.0000","1097.0000","1083.0000","1090.0000","1087.0000","1106.0000","1083.0000","1090.0000"," ","0.0000","0.0000","43800","47853500","1092.5457"
"20210721","01","11","    59850","JP3330600002","451.0000","452.0000","451.0000","452.0000","452.0000","452.0000","447.0000","448.0000","451.0000","452.0000","447.0000","448.0000"," ","0.0000","0.0000","16400","7381700","450.1037"
"20210721","01","11","    59860","JP3925800009","461.0000","469.0000","460.0000","463.0000","462.0000","466.0000","459.0000","462.0000","461.0000","469.0000","459.0000","462.0000"," ","0.0000","0.0000","106800","49490100","463.3904"
"20210721","01","11","    59880","JP3780400002","1520.0000","1542.0000","1511.0000","1511.0000","1518.0000","1528.0000","1514.0000","1522.0000","1520.0000","1542.0000","1511.0000","1522.0000"," ","0.0000","0.0000","23400","35708600","1526.0085"
"20210721","01","11","    59890","JP3795200009","731.0000","741.0000","731.0000","733.0000","734.0000","736.0000","727.0000","731.0000","731.0000","741.0000","727.0000","731.0000"," ","0.0000","0.0000","46300","33913100","732.4644"
"20210721","01","11","    59910","JP3742600004","859.0000","868.0000","850.0000","863.0000","863.0000","867.0000","851.0000","851.0000","859.0000","868.0000","850.0000","851.0000"," ","0.0000","0.0000","862300","740232100","858.4392"
"20210721","01","11","    59920","JP3517800003","1360.0000","1381.0000","1354.0000","1379.0000","1378.0000","1380.0000","1363.0000","1365.0000","1360.0000","1381.0000","1354.0000","1365.0000"," ","0.0000","0.0000","88700","121546700","1370.3123"
"20210721","01","11","    59980","JP3213400009","1265.0000","1280.0000","1257.0000","1272.0000","1259.0000","1267.0000","1259.0000","1267.0000","1265.0000","1280.0000","1257.0000","1267.0000"," ","0.0000","0.0000","1600","2024600","1265.3750"
"20210721","01","11","    60050","JP3880800002","4880.0000","4935.0000","4850.0000","4880.0000","4900.0000","4905.0000","4860.0000","4885.0000","4880.0000","4935.0000","4850.0000","4885.0000"," ","0.0000","0.0000","189200","925271000","4890.4387"
"20210721","01","11","    60130","JP3462600002","1716.0000","1732.0000","1708.0000","1722.0000","1725.0000","1731.0000","1714.0000","1715.0000","1716.0000","1732.0000","1708.0000","1715.0000"," ","0.0000","0.0000","214400","368866200","1720.4580"
"20210721","01","11","    60280","JP3545240008","2725.0000","2729.0000","2652.0000","2654.0000","2664.0000","2686.0000","2655.0000","2668.0000","2725.0000","2729.0000","2652.0000","2668.0000"," ","0.0000","0.0000","274300","735287600","2680.5964"
"20210721","01","11","    60290","JP3121920007","322.0000","325.0000","317.0000","325.0000","322.0000","323.0000","319.0000","323.0000","322.0000","325.0000","317.0000","323.0000"," ","0.0000","0.0000","32100","10304600","321.0156"
"20210721","01","11","    60320","JP3152870006","410.0000","412.0000","410.0000","412.0000","411.0000","411.0000","406.0000","406.0000","410.0000","412.0000","406.0000","406.0000"," ","0.0000","0.0000","6900","2825500","409.4928"
"20210721","01","11","    60350","JP3100640006","14030.0000","14430.0000","14020.0000","14260.0000","14350.0000","14400.0000","14230.0000","14350.0000","14030.0000","14430.0000","14020.0000","14350.0000"," ","0.0000","0.0000","129700","1851998000","14279.0902"
"20210721","01","11","    60360","JP3236320002","3040.0000","3080.0000","2955.0000","2987.0000","2992.0000","2998.0000","2971.0000","2996.0000","3040.0000","3080.0000","2955.0000","2996.0000"," ","0.0000","0.0000","145000","435516800","3003.5641"
"20210721","01","11","    60370","JP3802340004","779.0000","786.0000","779.0000","786.0000","780.0000","787.0000","774.0000","774.0000","779.0000","787.0000","774.0000","774.0000"," ","0.0000","0.0000","5800","4526500","780.4310"
"20210721","01","11","    60440","JP3325700007","1105.0000","1121.0000","1105.0000","1117.0000","1117.0000","1135.0000","1117.0000","1135.0000","1105.0000","1135.0000","1105.0000","1135.0000"," ","0.0000","0.0000","16400","18437900","1124.2622"
"20210721","01","11","    60470","JP3273820005","734.0000","739.0000","723.0000","726.0000","730.0000","731.0000","720.0000","722.0000","734.0000","739.0000","720.0000","722.0000"," ","0.0000","0.0000","290900","211489000","727.0162"
"20210721","01","11","    60480","JP3548870009","250.0000","251.0000","245.0000","245.0000","245.0000","246.0000","241.0000","241.0000","250.0000","251.0000","241.0000","241.0000"," ","0.0000","0.0000","246400","60674900","246.2455"
"20210721","01","11","    60500","JP3130230000","2840.0000","2904.0000","2840.0000","2883.0000","2881.0000","2916.0000","2876.0000","2887.0000","2840.0000","2916.0000","2840.0000","2887.0000"," ","0.0000","0.0000","138100","398658100","2886.7350"
"20210721","01","11","    60540","JP3974740007","219.0000","219.0000","218.0000","218.0000","218.0000","218.0000","216.0000","218.0000","219.0000","219.0000","216.0000","218.0000"," ","0.0000","0.0000","7900","1719100","217.6076"
"20210721","01","11","    60550","JP3389680004","1299.0000","1324.0000","1298.0000","1304.0000","1303.0000","1309.0000","1298.0000","1302.0000","1299.0000","1324.0000","1298.0000","1302.0000"," ","0.0000","0.0000","236600","308979100","1305.9134"
"20210721","01","11","    60580","JP3835500004","1054.0000","1074.0000","1024.0000","1033.0000","1033.0000","1054.0000","1028.0000","1041.0000","1054.0000","1074.0000","1024.0000","1041.0000"," ","0.0000","0.0000","1288300","1345383800","1044.3094"
"20210721","01","11","    60590","JP3157250006","356.0000","359.0000","356.0000","359.0000","356.0000","359.0000","356.0000","357.0000","356.0000","359.0000","356.0000","357.0000"," ","0.0000","0.0000","15800","5638600","356.8734"
"20210721","01","11","    60620","JP3512740006","1152.0000","1165.0000","1148.0000","1151.0000","1151.0000","1164.0000","1151.0000","1156.0000","1152.0000","1165.0000","1148.0000","1156.0000"," ","0.0000","0.0000","88800","102730400","1156.8739"
"20210721","01","11","    60700","JP3244520007","1954.0000","1973.0000","1936.0000","1949.0000","1946.0000","1973.0000","1943.0000","1956.0000","1954.0000","1973.0000","1936.0000","1956.0000"," ","0.0000","0.0000","201500","394209600","1956.3752"
"20210721","01","11","    60710","JP3104960004","1045.0000","1079.0000","1028.0000","1058.0000","1057.0000","1065.0000","1051.0000","1056.0000","1045.0000","1079.0000","1028.0000","1056.0000"," ","0.0000","0.0000","265200","280942600","1059.3612"
"20210721","01","11","    60730","JP3117350003","1729.0000","1729.0000","1712.0000","1712.0000","1719.0000","1722.0000","1712.0000","1721.0000","1729.0000","1729.0000","1712.0000","1721.0000"," ","0.0000","0.0000","12100","20804800","1719.4050"
"20210721","01","11","    60780","JP3778410005","1635.0000","1647.0000","1627.0000","1641.0000","1634.0000","1646.0000","1634.0000","1646.0000","1635.0000","1647.0000","1627.0000","1646.0000"," ","0.0000","0.0000","19000","31150600","1639.5053"
"20210721","01","11","    60800","JP3167320005","5610.0000","5640.0000","5530.0000","5580.0000","5570.0000","5620.0000","5560.0000","5590.0000","5610.0000","5640.0000","5530.0000","5590.0000"," ","0.0000","0.0000","59800","334062000","5586.3211"
"20210721","01","11","    60820","JP3966000006","1409.0000","1422.0000","1402.0000","1408.0000","1401.0000","1411.0000","1395.0000","1396.0000","1409.0000","1422.0000","1395.0000","1396.0000"," ","0.0000","0.0000","41100","57832100","1407.1071"
"20210721","01","11","    60830","JP3130050002","967.0000","980.0000","930.0000","957.0000","948.0000","990.0000","940.0000","965.0000","967.0000","990.0000","930.0000","965.0000"," ","0.0000","0.0000","1125300","1082356000","961.8377"
"20210721","01","11","    60870","JP3122480001","2984.0000","2984.0000","2926.0000","2926.0000","2953.0000","2953.0000","2924.0000","2931.0000","2984.0000","2984.0000","2924.0000","2931.0000"," ","0.0000","0.0000","5900","17321200","2935.7966"
"20210721","01","11","    60880","JP3348950001","2451.0000","2475.0000","2433.0000","2460.0000","2453.0000","2488.0000","2451.0000","2460.0000","2451.0000","2488.0000","2433.0000","2460.0000"," ","0.0000","0.0000","151800","373480300","2460.3445"
"20210721","01","11","    60890","JP3154160000","989.0000","1001.0000","974.0000","975.0000","973.0000","976.0000","967.0000","971.0000","989.0000","1001.0000","967.0000","971.0000"," ","0.0000","0.0000","120000","117686300","980.7192"
"20210721","01","11","    60930","JP3162660009","232.0000","234.0000","230.0000","230.0000","230.0000","231.0000","216.0000","218.0000","232.0000","234.0000","216.0000","218.0000"," ","0.0000","0.0000","240700","54044300","224.5297"
"20210721","01","11","    60950","JP3921240002","4280.0000","4335.0000","4210.0000","4285.0000","4295.0000","4325.0000","4255.0000","4295.0000","4280.0000","4335.0000","4210.0000","4295.0000"," ","0.0000","0.0000","167900","719600500","4285.8874"
"20210721","01","11","    60960","JP3979210006","1630.0000","1650.0000","1630.0000","1631.0000","1639.0000","1639.0000","1625.0000","1625.0000","1630.0000","1650.0000","1625.0000","1625.0000"," ","0.0000","0.0000","18300","29885500","1633.0874"
"20210721","01","11","    60980","JP3970300004","5561.0000","5597.0000","5516.0000","5545.0000","5561.0000","5597.0000","5551.0000","5581.0000","5561.0000","5597.0000","5516.0000","5581.0000"," ","0.0000","0.0000","2604900","14515572600","5572.4107"
"20210721","01","11","    60990","JP3167680002","1204.0000","1211.0000","1195.0000","1198.0000","1202.0000","1210.0000","1198.0000","1198.0000","1204.0000","1211.0000","1195.0000","1198.0000"," ","0.0000","0.0000","102800","123616000","1202.4903"
"20210721","01","11","    61010","JP3531800005","1675.0000","1690.0000","1646.0000","1646.0000","1648.0000","1653.0000","1638.0000","1650.0000","1675.0000","1690.0000","1638.0000","1650.0000"," ","0.0000","0.0000","246000","407735500","1657.4614"
"20210721","01","11","    61030","JP3172100004","5300.0000","5310.0000","5200.0000","5200.0000","5230.0000","5250.0000","5190.0000","5210.0000","5300.0000","5310.0000","5190.0000","5210.0000"," ","0.0000","0.0000","189300","990235000","5231.0354"
"20210721","01","11","    61040","JP3592600005","2508.0000","2516.0000","2480.0000","2481.0000","2479.0000","2502.0000","2450.0000","2496.0000","2508.0000","2516.0000","2450.0000","2496.0000"," ","0.0000","0.0000","106500","264785100","2486.2451"
"20210721","01","11","    61130","JP3122800000","1142.0000","1147.0000","1111.0000","1112.0000","1112.0000","1115.0000","1104.0000","1113.0000","1142.0000","1147.0000","1104.0000","1113.0000"," ","0.0000","0.0000","1893800","2116314200","1117.4961"
"20210721","01","11","    61180","JP3102400003","936.0000","960.0000","936.0000","947.0000","941.0000","958.0000","941.0000","955.0000","936.0000","960.0000","936.0000","955.0000"," ","0.0000","0.0000","105900","100655500","950.4769"
"20210721","01","11","    61210","JP3461800009","1137.0000","1139.0000","1129.0000","1132.0000","1139.0000","1141.0000","1134.0000","1141.0000","1137.0000","1141.0000","1129.0000","1141.0000"," ","0.0000","0.0000","5300","6026700","1137.1132"
"20210721","01","11","    61340","JP3809200003","2522.0000","2539.0000","2502.0000","2503.0000","2510.0000","2523.0000","2499.0000","2513.0000","2522.0000","2539.0000","2499.0000","2513.0000"," ","0.0000","0.0000","194100","488437500","2516.4219"
"20210721","01","11","    61350","JP3862800004","4115.0000","4135.0000","4055.0000","4055.0000","4060.0000","4075.0000","4025.0000","4025.0000","4115.0000","4135.0000","4025.0000","4025.0000"," ","0.0000","0.0000","133400","542846500","4069.3141"
"20210721","01","11","    61360","JP3170800001","2064.0000","2080.0000","2049.0000","2059.0000","2067.0000","2079.0000","2058.0000","2062.0000","2064.0000","2080.0000","2049.0000","2062.0000"," ","0.0000","0.0000","269200","556036500","2065.5145"
"20210721","01","11","    61380","JP3485000008","1279.0000","1279.0000","1279.0000","1279.0000","1284.0000","1285.0000","1278.0000","1285.0000","1279.0000","1285.0000","1278.0000","1285.0000"," ","0.0000","0.0000","1400","1793700","1281.2143"
"20210721","01","11","    61400","JP3114400009","520.0000","524.0000","517.0000","517.0000","518.0000","521.0000","518.0000","520.0000","520.0000","524.0000","517.0000","520.0000"," ","0.0000","0.0000","93100","48435000","520.2470"
"20210721","01","11","    61410","JP3924800000","1724.0000","1727.0000","1695.0000","1698.0000","1701.0000","1703.0000","1692.0000","1701.0000","1724.0000","1727.0000","1692.0000","1701.0000"," ","0.0000","0.0000","899900","1534078300","1704.7209"
"20210721","01","11","    61430","JP3434200006","1023.0000","1030.0000","1010.0000","1010.0000","1010.0000","1016.0000","1009.0000","1013.0000","1023.0000","1030.0000","1009.0000","1013.0000"," ","0.0000","0.0000","157200","159897900","1017.1622"
"20210721","01","11","    61460","JP3548600000","31750.0000","31800.0000","30750.0000","30900.0000","30800.0000","30900.0000","30450.0000","30650.0000","31750.0000","31800.0000","30450.0000","30650.0000"," ","0.0000","0.0000","534900","16549030000","30938.5493"
"20210721","01","11","    61510","JP3682300003","1876.0000","1891.0000","1876.0000","1886.0000","1892.0000","1892.0000","1883.0000","1885.0000","1876.0000","1892.0000","1876.0000","1885.0000"," ","0.0000","0.0000","12300","23181400","1884.6667"
"20210721","01","11","    61570","JP3675320000","1485.0000","1570.0000","1485.0000","1551.0000","1551.0000","1552.0000","1525.0000","1537.0000","1485.0000","1570.0000","1485.0000","1537.0000"," ","0.0000","0.0000","79200","121988400","1540.2576"
"20210721","01","11","    61650","JP3782950004","606.0000","606.0000","596.0000","596.0000","595.0000","599.0000","591.0000","595.0000","606.0000","606.0000","591.0000","595.0000"," ","0.0000","0.0000","92900","55577700","598.2530"
"20210721","01","11","    61670","JP3817400009","676.0000","676.0000","655.0000","660.0000","656.0000","675.0000","656.0000","675.0000","676.0000","676.0000","655.0000","675.0000"," ","0.0000","0.0000","13400","8903500","664.4403"
"20210721","01","11","    61710","JP3639200009","392.0000","393.0000","388.0000","390.0000","390.0000","390.0000","376.0000","383.0000","392.0000","393.0000","376.0000","383.0000"," ","0.0000","0.0000","75400","28917300","383.5186"
"20210721","01","11","    61750","JP3758220002","402.0000","402.0000","391.0000","392.0000","392.0000","392.0000","386.0000","387.0000","402.0000","402.0000","386.0000","387.0000"," ","0.0000","0.0000","496500","195093600","392.9378"
"20210721","01","11","    61780","JP3752900005","923.0000","929.6000","920.1000","920.8000","921.5000","922.0000","917.7000","920.7000","923.0000","929.6000","917.7000","920.7000"," ","0.0000","0.0000","3798800","3505216060","922.7167"
"20210721","01","11","    61830","JP3835760004","1715.0000","1724.0000","1699.0000","1701.0000","1711.0000","1714.0000","1700.0000","1700.0000","1715.0000","1724.0000","1699.0000","1700.0000"," ","0.0000","0.0000","85200","145497200","1707.7136"
"20210721","01","11","    61840","JP3218950008","971.0000","982.0000","966.0000","966.0000","966.0000","975.0000","964.0000","973.0000","971.0000","982.0000","964.0000","973.0000"," ","0.0000","0.0000","98700","96015200","972.7984"
"20210721","01","11","    61850","JP3435770007","792.0000","792.0000","782.0000","788.0000","788.0000","791.0000","787.0000","787.0000","792.0000","792.0000","782.0000","787.0000"," ","0.0000","0.0000","44100","34696000","786.7574"
"20210721","01","11","    61860","JP3141300008","419.0000","419.0000","396.0000","396.0000","396.0000","400.0000","396.0000","400.0000","419.0000","419.0000","396.0000","400.0000"," ","0.0000","0.0000","10400","4236400","407.3462"
"20210721","01","11","    61890","JP3274320005","895.0000","910.0000","895.0000","904.0000","907.0000","907.0000","900.0000","900.0000","895.0000","910.0000","895.0000","900.0000"," ","0.0000","0.0000","8100","7304300","901.7654"
"20210721","01","11","    61910","JP3167240005","2559.0000","2581.0000","2524.0000","2550.0000","2545.0000","2564.0000","2534.0000","2542.0000","2559.0000","2581.0000","2524.0000","2542.0000"," ","0.0000","0.0000","196400","501604600","2553.9949"
"20210721","01","11","    61940","JP3121890002","2179.0000","2182.0000","2154.0000","2175.0000","2181.0000","2185.0000","2147.0000","2149.0000","2179.0000","2185.0000","2147.0000","2149.0000"," ","0.0000","0.0000","69600","150560600","2163.2270"
"20210721","01","11","    61960","JP3399780000","3915.0000","3915.0000","3845.0000","3845.0000","3845.0000","3860.0000","3810.0000","3840.0000","3915.0000","3915.0000","3810.0000","3840.0000"," ","0.0000","0.0000","49300","190347000","3860.9939"
"20210721","01","11","    61970","JP3436250009","1320.0000","1328.0000","1312.0000","1312.0000","1307.0000","1317.0000","1303.0000","1312.0000","1320.0000","1328.0000","1303.0000","1312.0000"," ","0.0000","0.0000","82800","108808600","1314.1135"
"20210721","01","11","    61990","JP3423510001","1875.0000","1890.0000","1839.0000","1856.0000","1856.0000","1856.0000","1828.0000","1849.0000","1875.0000","1890.0000","1828.0000","1849.0000"," ","0.0000","0.0000","269100","497875200","1850.1494"
"20210721","01","11","    62000","JP3152670000","2434.0000","2450.0000","2423.0000","2430.0000","2431.0000","2462.0000","2421.0000","2461.0000","2434.0000","2462.0000","2421.0000","2461.0000"," ","0.0000","0.0000","77200","188614400","2443.1917"
"20210721","01","11","    62010","JP3634600005","9080.0000","9240.0000","9060.0000","9180.0000","9230.0000","9230.0000","9160.0000","9180.0000","9080.0000","9240.0000","9060.0000","9180.0000"," ","0.0000","0.0000","351100","3221740000","9176.1322"
"20210721","01","11","    62030","JP3840600005","810.0000","814.0000","809.0000","811.0000","811.0000","811.0000","808.0000","809.0000","810.0000","814.0000","808.0000","809.0000"," ","0.0000","0.0000","10600","8587800","810.1698"
"20210721","01","11","    62050","JP3180800009","405.0000","406.0000","405.0000","406.0000","407.0000","407.0000","407.0000","407.0000","405.0000","407.0000","405.0000","407.0000"," ","0.0000","0.0000","6600","2678200","405.7879"
"20210721","01","11","    62080","JP3135200008","1522.0000","1555.0000","1522.0000","1537.0000","1534.0000","1546.0000","1532.0000","1541.0000","1522.0000","1555.0000","1522.0000","1541.0000"," ","0.0000","0.0000","28500","43831800","1537.9579"
"20210721","01","11","    62100","JP3609000009","490.0000","499.0000","490.0000","494.0000","496.0000","499.0000","494.0000","497.0000","490.0000","499.0000","490.0000","497.0000"," ","0.0000","0.0000","37700","18652500","494.7613"
"20210721","01","11","    62170","JP3533000000","874.0000","874.0000","858.0000","862.0000","865.0000","872.0000","865.0000","869.0000","874.0000","874.0000","858.0000","869.0000"," ","0.0000","0.0000","4300","3735900","868.8140"
"20210721","01","11","    62180","JP3168400004","853.0000","853.0000","846.0000","851.0000","853.0000","853.0000","845.0000","845.0000","853.0000","853.0000","845.0000","845.0000"," ","0.0000","0.0000","4300","3646600","848.0465"
"20210721","01","11","    62220","JP3356500003","1828.0000","1859.0000","1828.0000","1833.0000","1830.0000","1837.0000","1825.0000","1831.0000","1828.0000","1859.0000","1825.0000","1831.0000"," ","0.0000","0.0000","34200","62873400","1838.4035"
"20210721","01","11","    62350","JP3197760006","2285.0000","2287.0000","2244.0000","2249.0000","2245.0000","2258.0000","2241.0000","2254.0000","2285.0000","2287.0000","2241.0000","2254.0000"," ","0.0000","0.0000","340800","771580200","2264.0264"
"20210721","01","11","    62360","JP3165100003","1150.0000","1210.0000","1129.0000","1208.0000","1205.0000","1205.0000","1179.0000","1199.0000","1150.0000","1210.0000","1129.0000","1199.0000"," ","0.0000","0.0000","42300","50018300","1182.4657"
"20210721","01","11","    62370","JP3150100000","901.0000","907.0000","893.0000","898.0000","898.0000","905.0000","898.0000","905.0000","901.0000","907.0000","893.0000","905.0000"," ","0.0000","0.0000","27700","24978000","901.7329"
"20210721","01","11","    62380","JP3826770004","1449.0000","1492.0000","1429.0000","1476.0000","1473.0000","1474.0000","1446.0000","1464.0000","1449.0000","1492.0000","1429.0000","1464.0000"," ","0.0000","0.0000","612600","897056100","1464.3423"
"20210721","01","11","    62400","JP3936600000","700.0000","707.0000","699.0000","703.0000","700.0000","702.0000","694.0000","697.0000","700.0000","707.0000","694.0000","697.0000"," ","0.0000","0.0000","166100","116141000","699.2234"
"20210721","01","11","    62470","JP3784200002","832.0000","832.0000","817.0000","817.0000","817.0000","824.0000","816.0000","824.0000","832.0000","832.0000","816.0000","824.0000"," ","0.0000","0.0000","26400","21796700","825.6326"
"20210721","01","11","    62500","JP3943000004","1237.0000","1242.0000","1230.0000","1230.0000","1227.0000","1233.0000","1226.0000","1230.0000","1237.0000","1242.0000","1226.0000","1230.0000"," ","0.0000","0.0000","34100","42048300","1233.0880"
"20210721","01","11","    62540","JP3762950008","4200.0000","4250.0000","4145.0000","4190.0000","4175.0000","4200.0000","4140.0000","4175.0000","4200.0000","4250.0000","4140.0000","4175.0000"," ","0.0000","0.0000","185800","777106000","4182.4865"
"20210721","01","11","    62580","JP3795300007","6180.0000","6220.0000","6140.0000","6160.0000","6160.0000","6190.0000","6130.0000","6160.0000","6180.0000","6220.0000","6130.0000","6160.0000"," ","0.0000","0.0000","22700","140126000","6172.9515"
"20210721","01","11","    62620","JP3836300008","464.0000","465.0000","460.0000","460.0000","461.0000","462.0000","458.0000","461.0000","464.0000","465.0000","458.0000","461.0000"," ","0.0000","0.0000","29600","13657600","461.4054"
"20210721","01","11","    62640","JP3878150006","2117.0000","2131.0000","2103.0000","2110.0000","2104.0000","2127.0000","2096.0000","2122.0000","2117.0000","2131.0000","2096.0000","2122.0000"," ","0.0000","0.0000","206000","436057700","2116.7850"
"20210721","01","11","    62660","JP3468000009","1681.0000","1698.0000","1674.0000","1681.0000","1681.0000","1682.0000","1657.0000","1677.0000","1681.0000","1698.0000","1657.0000","1677.0000"," ","0.0000","0.0000","73100","122589600","1677.0123"
"20210721","01","11","    62680","JP3651210001","4245.0000","4260.0000","4205.0000","4205.0000","4220.0000","4230.0000","4190.0000","4205.0000","4245.0000","4260.0000","4190.0000","4205.0000"," ","0.0000","0.0000","460200","1942400000","4220.7736"
"20210721","01","11","    62690","JP3888250002","1898.0000","1914.0000","1884.0000","1884.0000","1884.0000","1887.0000","1874.0000","1875.0000","1898.0000","1914.0000","1874.0000","1875.0000"," ","0.0000","0.0000","63900","120629900","1887.7919"
"20210721","01","11","    62720","JP3979400003","1439.0000","1466.0000","1429.0000","1463.0000","1468.0000","1471.0000","1447.0000","1450.0000","1439.0000","1471.0000","1429.0000","1450.0000"," ","0.0000","0.0000","45600","66383500","1455.7785"
"20210721","01","11","    62730","JP3162600005","64830.0000","65150.0000","64360.0000","64670.0000","64720.0000","64810.0000","64180.0000","64390.0000","64830.0000","65150.0000","64180.0000","64390.0000"," ","0.0000","0.0000","110200","7119909000","64608.9746"
"20210721","01","11","    62770","JP3846000002","6190.0000","6200.0000","6150.0000","6150.0000","6160.0000","6160.0000","6130.0000","6150.0000","6190.0000","6200.0000","6130.0000","6150.0000"," ","0.0000","0.0000","5900","36317000","6155.4237"
"20210721","01","11","    62780","JP3950600001","4040.0000","4050.0000","3995.0000","3995.0000","3990.0000","4015.0000","3975.0000","4015.0000","4040.0000","4050.0000","3975.0000","4015.0000"," ","0.0000","0.0000","21500","86185000","4008.6047"
"20210721","01","11","    62820","JP3174200000","1587.0000","1613.0000","1587.0000","1604.0000","1608.0000","1619.0000","1604.0000","1619.0000","1587.0000","1619.0000","1587.0000","1619.0000"," ","0.0000","0.0000","19200","30939000","1611.4063"
"20210721","01","11","    62840","JP3678200001","4800.0000","4860.0000","4785.0000","4800.0000","4800.0000","4805.0000","4755.0000","4770.0000","4800.0000","4860.0000","4755.0000","4770.0000"," ","0.0000","0.0000","33800","162023000","4793.5799"
"20210721","01","11","    62870","JP3321400008","2715.0000","2749.0000","2704.0000","2728.0000","2744.0000","2752.0000","2730.0000","2740.0000","2715.0000","2752.0000","2704.0000","2740.0000"," ","0.0000","0.0000","83000","226457900","2728.4084"
"20210721","01","11","    62890","JP3264200001","4485.0000","4605.0000","4485.0000","4560.0000","4540.0000","4575.0000","4525.0000","4525.0000","4485.0000","4605.0000","4485.0000","4525.0000"," ","0.0000","0.0000","59300","269745500","4548.8280"
"20210721","01","11","    62910","JP3688100001","1249.0000","1250.0000","1222.0000","1230.0000","1228.0000","1235.0000","1221.0000","1230.0000","1249.0000","1250.0000","1221.0000","1230.0000"," ","0.0000","0.0000","112600","138600900","1230.9139"
"20210721","01","11","    62920","JP3225900004","868.0000","873.0000","866.0000","868.0000","871.0000","871.0000","866.0000","867.0000","868.0000","873.0000","866.0000","867.0000"," ","0.0000","0.0000","5600","4862000","868.2143"
"20210721","01","11","    62930","JP3679000004","1361.0000","1372.0000","1353.0000","1358.0000","1355.0000","1360.0000","1349.0000","1350.0000","1361.0000","1372.0000","1349.0000","1350.0000"," ","0.0000","0.0000","43000","58341400","1356.7767"
"20210721","01","11","    62940","JP3191400005","1279.0000","1296.0000","1279.0000","1290.0000","1291.0000","1298.0000","1288.0000","1291.0000","1279.0000","1298.0000","1279.0000","1291.0000"," ","0.0000","0.0000","8400","10848000","1291.4286"
"20210721","01","11","    62980","JP3990600003","1091.0000","1100.0000","1071.0000","1075.0000","1073.0000","1078.0000","1068.0000","1076.0000","1091.0000","1100.0000","1068.0000","1076.0000"," ","0.0000","0.0000","90400","97654700","1080.2511"
"20210721","01","11","    63010","JP3304200003","2735.5000","2737.5000","2696.5000","2700.0000","2700.0000","2700.5000","2683.5000","2689.5000","2735.5000","2737.5000","2683.5000","2689.5000"," ","0.0000","0.0000","2277200","6161794350","2705.8644"
"20210721","01","11","    63020","JP3405400007","3015.0000","3060.0000","2999.0000","3020.0000","3010.0000","3010.0000","2979.0000","2984.0000","3015.0000","3060.0000","2979.0000","2984.0000"," ","0.0000","0.0000","664800","2003059700","3013.0260"
"20210721","01","11","    63050","JP3787000003","3190.0000","3195.0000","3150.0000","3150.0000","3155.0000","3170.0000","3145.0000","3155.0000","3190.0000","3195.0000","3145.0000","3155.0000"," ","0.0000","0.0000","404100","1279589000","3166.5157"
"20210721","01","11","    63060","JP3669200002","685.0000","686.0000","681.0000","684.0000","690.0000","691.0000","685.0000","688.0000","685.0000","691.0000","681.0000","688.0000"," ","0.0000","0.0000","92700","63760100","687.8112"
"20210721","01","11","    63090","JP3631600008","2267.0000","2270.0000","2254.0000","2254.0000","2254.0000","2254.0000","2241.0000","2244.0000","2267.0000","2270.0000","2241.0000","2244.0000"," ","0.0000","0.0000","4100","9253400","2256.9268"
"20210721","01","11","    63100","JP3139600005","1449.0000","1459.0000","1440.0000","1442.0000","1442.0000","1452.0000","1438.0000","1448.0000","1449.0000","1459.0000","1438.0000","1448.0000"," ","0.0000","0.0000","57800","83679300","1447.7388"
"20210721","01","11","    63150","JP3555700008","2045.0000","2060.0000","2001.0000","2006.0000","2012.0000","2013.0000","1985.0000","1996.0000","2045.0000","2060.0000","1985.0000","1996.0000"," ","0.0000","0.0000","362800","729222800","2009.9857"
"20210721","01","11","    63160","JP3878800006","1782.0000","1790.0000","1782.0000","1790.0000","1797.0000","1804.0000","1795.0000","1798.0000","1782.0000","1804.0000","1782.0000","1798.0000"," ","0.0000","0.0000","6100","10956700","1796.1803"
"20210721","01","11","    63170","JP3237200005","1657.0000","1660.0000","1638.0000","1642.0000","1644.0000","1651.0000","1636.0000","1647.0000","1657.0000","1660.0000","1636.0000","1647.0000"," ","0.0000","0.0000","22800","37541400","1646.5526"
"20210721","01","11","    63190","JP3379600004","255.0000","260.0000","254.0000","256.0000","256.0000","260.0000","252.0000","252.0000","255.0000","260.0000","252.0000","252.0000"," ","0.0000","0.0000","282100","72181600","255.8724"
"20210721","01","11","    63230","JP3982200002","8640.0000","8640.0000","8510.0000","8540.0000","8540.0000","8540.0000","8390.0000","8470.0000","8640.0000","8640.0000","8390.0000","8470.0000"," ","0.0000","0.0000","95700","814578000","8511.7868"
"20210721","01","11","    63250","JP3453200002","587.0000","587.0000","581.0000","582.0000","582.0000","582.0000","577.0000","579.0000","587.0000","587.0000","577.0000","579.0000"," ","0.0000","0.0000","7300","4258500","583.3562"
"20210721","01","11","    63260","JP3266400005","2278.0000","2284.5000","2244.0000","2260.0000","2265.0000","2267.5000","2250.5000","2256.5000","2278.0000","2284.5000","2244.0000","2256.5000"," ","0.0000","0.0000","2629900","5951087800","2262.8571"
"20210721","01","11","    63280","JP3165950001","2881.0000","2882.0000","2820.0000","2826.0000","2824.0000","2833.0000","2815.0000","2819.0000","2881.0000","2882.0000","2815.0000","2819.0000"," ","0.0000","0.0000","57100","161733600","2832.4623"
"20210721","01","11","    63300","JP3607800004","796.0000","797.0000","770.0000","772.0000","775.0000","784.0000","767.0000","779.0000","796.0000","797.0000","767.0000","779.0000"," ","0.0000","0.0000","348000","271234000","779.4080"
"20210721","01","11","    63310","JP3896000001","2464.0000","2496.0000","2463.0000","2467.0000","2460.0000","2464.0000","2450.0000","2458.0000","2464.0000","2496.0000","2450.0000","2458.0000"," ","0.0000","0.0000","37800","93327900","2468.9921"
"20210721","01","11","    63320","JP3532200007","1152.0000","1162.0000","1148.0000","1153.0000","1158.0000","1163.0000","1151.0000","1161.0000","1152.0000","1163.0000","1148.0000","1161.0000"," ","0.0000","0.0000","23400","27080800","1157.2991"
"20210721","01","11","    63330","JP3541800003","1223.0000","1225.0000","1218.0000","1218.0000","1219.0000","1233.0000","1219.0000","1230.0000","1223.0000","1233.0000","1218.0000","1230.0000"," ","0.0000","0.0000","28200","34534800","1224.6383"
"20210721","01","11","    63350","JP3573400003","813.0000","818.0000","786.0000","808.0000","808.0000","810.0000","798.0000","800.0000","813.0000","818.0000","786.0000","800.0000"," ","0.0000","0.0000","884800","709599900","801.9890"
"20210721","01","11","    63390","JP3378200004","795.0000","796.0000","789.0000","789.0000","788.0000","794.0000","788.0000","791.0000","795.0000","796.0000","788.0000","791.0000"," ","0.0000","0.0000","73700","58375600","792.0706"
"20210721","01","11","    63400","JP3356000004","3060.0000","3115.0000","3060.0000","3085.0000","3085.0000","3115.0000","3085.0000","3105.0000","3060.0000","3115.0000","3060.0000","3105.0000"," ","0.0000","0.0000","12000","37180500","3098.3750"
"20210721","01","11","    63450","JP3103200006","846.0000","849.0000","835.0000","835.0000","835.0000","839.0000","834.0000","838.0000","846.0000","849.0000","834.0000","838.0000"," ","0.0000","0.0000","59400","49803000","838.4343"
"20210721","01","11","    63490","JP3305800009","826.0000","830.0000","815.0000","819.0000","818.0000","823.0000","817.0000","820.0000","826.0000","830.0000","815.0000","820.0000"," ","0.0000","0.0000","41500","34093600","821.5325"
"20210721","01","11","    63510","JP3536200003","1761.0000","1775.0000","1756.0000","1762.0000","1767.0000","1782.0000","1757.0000","1780.0000","1761.0000","1782.0000","1756.0000","1780.0000"," ","0.0000","0.0000","22200","39330900","1771.6622"
"20210721","01","11","    63550","JP3405800008","2647.0000","2705.0000","2647.0000","2669.0000","2687.0000","2691.0000","2676.0000","2680.0000","2647.0000","2705.0000","2647.0000","2680.0000"," ","0.0000","0.0000","12000","32099000","2674.9167"
"20210721","01","11","    63560","JP3698800004","321.0000","322.0000","320.0000","322.0000","322.0000","323.0000","322.0000","323.0000","321.0000","323.0000","320.0000","323.0000"," ","0.0000","0.0000","4800","1543000","321.4583"
"20210721","01","11","    63580","JP3313200002","2548.0000","2605.0000","2548.0000","2553.0000","2550.0000","2555.0000","2530.0000","2544.0000","2548.0000","2605.0000","2530.0000","2544.0000"," ","0.0000","0.0000","21500","55025900","2559.3442"
"20210721","01","11","    63610","JP3166000004","5290.0000","5310.0000","5160.0000","5160.0000","5190.0000","5200.0000","5150.0000","5160.0000","5290.0000","5310.0000","5150.0000","5160.0000"," ","0.0000","0.0000","1007400","5247887000","5209.3379"
"20210721","01","11","    63620","JP3134400005","3065.0000","3065.0000","3010.0000","3010.0000","3005.0000","3040.0000","3005.0000","3035.0000","3065.0000","3065.0000","3005.0000","3035.0000"," ","0.0000","0.0000","2500","7582000","3032.8000"
"20210721","01","11","    63630","JP3636600003","856.0000","860.0000","855.0000","858.0000","855.0000","856.0000","852.0000","853.0000","856.0000","860.0000","852.0000","853.0000"," ","0.0000","0.0000","22500","19231500","854.7333"
"20210721","01","11","    63640","JP3841400009","1088.0000","1088.0000","1069.0000","1069.0000","1069.0000","1080.0000","1069.0000","1079.0000","1088.0000","1088.0000","1069.0000","1079.0000"," ","0.0000","0.0000","14700","15833900","1077.1361"
"20210721","01","11","    63670","JP3481800005","22430.0000","22530.0000","22135.0000","22145.0000","22190.0000","22220.0000","22045.0000","22115.0000","22430.0000","22530.0000","22045.0000","22115.0000"," ","0.0000","0.0000","527800","11742229500","22247.4981"
"20210721","01","11","    63680","JP3201600008","6050.0000","6080.0000","6010.0000","6010.0000","6010.0000","6020.0000","5980.0000","6000.0000","6050.0000","6080.0000","5980.0000","6000.0000"," ","0.0000","0.0000","13900","83692000","6021.0072"
"20210721","01","11","    63690","JP3554400006","2385.0000","2394.0000","2375.0000","2375.0000","2375.0000","2382.0000","2346.0000","2348.0000","2385.0000","2394.0000","2346.0000","2348.0000"," ","0.0000","0.0000","39100","92678400","2370.2916"
"20210721","01","11","    63700","JP3270000007","5450.0000","5450.0000","5360.0000","5360.0000","5400.0000","5400.0000","5370.0000","5380.0000","5450.0000","5450.0000","5360.0000","5380.0000"," ","0.0000","0.0000","303300","1634653000","5389.5582"
"20210721","01","11","    63710","JP3535400000","3320.0000","3370.0000","3315.0000","3350.0000","3355.0000","3360.0000","3330.0000","3330.0000","3320.0000","3370.0000","3315.0000","3330.0000"," ","0.0000","0.0000","78100","261348000","3346.3252"
"20210721","01","11","    63730","JP3489000004","1069.0000","1086.0000","1066.0000","1086.0000","1091.0000","1091.0000","1075.0000","1076.0000","1069.0000","1091.0000","1066.0000","1076.0000"," ","0.0000","0.0000","21600","23285300","1078.0231"
"20210721","01","11","    63760","JP3668000007","1117.0000","1127.0000","1107.0000","1108.0000","1107.0000","1112.0000","1104.0000","1104.0000","1117.0000","1127.0000","1104.0000","1104.0000"," ","0.0000","0.0000","183500","204096100","1112.2403"
"20210721","01","11","    63780","JP3242000002","881.0000","883.0000","861.0000","868.0000","865.0000","868.0000","856.0000","858.0000","881.0000","883.0000","856.0000","858.0000"," ","0.0000","0.0000","632400","548239000","866.9181"
"20210721","01","11","    63790","JP3331600001","1145.0000","1154.0000","1136.0000","1137.0000","1137.0000","1148.0000","1134.0000","1134.0000","1145.0000","1154.0000","1134.0000","1134.0000"," ","0.0000","0.0000","184500","210374700","1140.2423"
"20210721","01","11","    63810","JP3122450004","1029.0000","1035.0000","1020.0000","1029.0000","1023.0000","1034.0000","1022.0000","1029.0000","1029.0000","1035.0000","1020.0000","1029.0000"," ","0.0000","0.0000","29200","30058000","1029.3836"
"20210721","01","11","    63830","JP3497400006","9700.0000","9810.0000","9630.0000","9680.0000","9680.0000","9700.0000","9640.0000","9690.0000","9700.0000","9810.0000","9630.0000","9690.0000"," ","0.0000","0.0000","315500","3060505000","9700.4913"
"20210721","01","11","    63870","JP3322950001","3010.0000","3055.0000","2993.0000","3025.0000","3015.0000","3030.0000","3010.0000","3020.0000","3010.0000","3055.0000","2993.0000","3020.0000"," ","0.0000","0.0000","49800","150252900","3017.1265"
"20210721","01","11","    63900","JP3213800000","951.0000","960.0000","947.0000","950.0000","954.0000","954.0000","945.0000","952.0000","951.0000","960.0000","945.0000","952.0000"," ","0.0000","0.0000","35400","33668500","951.0876"
"20210721","01","11","    63930","JP3948000009","1824.0000","1824.0000","1786.0000","1786.0000","1787.0000","1787.0000","1786.0000","1787.0000","1824.0000","1824.0000","1786.0000","1787.0000"," ","0.0000","0.0000","9700","17610400","1815.5052"
"20210721","01","11","    63950","JP3465000002","1099.0000","1110.0000","1095.0000","1100.0000","1101.0000","1103.0000","1085.0000","1085.0000","1099.0000","1110.0000","1085.0000","1085.0000"," ","0.0000","0.0000","295000","322578200","1093.4854"
"20210721","01","11","    64060","JP3818800009","2388.0000","2405.0000","2377.0000","2386.0000","2396.0000","2411.0000","2390.0000","2402.0000","2388.0000","2411.0000","2377.0000","2402.0000"," ","0.0000","0.0000","58500","140297700","2398.2513"
"20210721","01","11","    64070","JP3346800000","2212.0000","2250.0000","2208.0000","2222.0000","2230.0000","2230.0000","2205.0000","2217.0000","2212.0000","2250.0000","2205.0000","2217.0000"," ","0.0000","0.0000","503200","1118217800","2222.2134"
"20210721","01","11","    64090","JP3240800007","1652.0000","1657.0000","1642.0000","1650.0000","1650.0000","1654.0000","1643.0000","1652.0000","1652.0000","1657.0000","1642.0000","1652.0000"," ","0.0000","0.0000","18400","30369700","1650.5272"
"20210721","01","11","    64120","JP3834200002","1957.0000","1990.0000","1957.0000","1971.0000","1970.0000","1977.0000","1966.0000","1970.0000","1957.0000","1990.0000","1957.0000","1970.0000"," ","0.0000","0.0000","115800","228416200","1972.5060"
"20210721","01","11","    64130","JP3974400008","1795.0000","1821.0000","1793.0000","1796.0000","1801.0000","1812.0000","1793.0000","1803.0000","1795.0000","1821.0000","1793.0000","1803.0000"," ","0.0000","0.0000","41700","75247000","1804.4844"
"20210721","01","11","    64170","JP3326410002","2777.0000","2804.0000","2767.0000","2781.0000","2787.0000","2790.0000","2775.0000","2775.0000","2777.0000","2804.0000","2767.0000","2775.0000"," ","0.0000","0.0000","200600","558313000","2783.2154"
"20210721","01","11","    64180","JP3697800005","575.0000","577.0000","569.0000","569.0000","569.0000","570.0000","567.0000","567.0000","575.0000","577.0000","567.0000","567.0000"," ","0.0000","0.0000","45100","25711300","570.0953"
"20210721","01","11","    64190","JP3860220007","1628.0000","1638.0000","1626.0000","1633.0000","1624.0000","1624.0000","1617.0000","1617.0000","1628.0000","1638.0000","1617.0000","1617.0000"," ","0.0000","0.0000","18100","29441800","1626.6188"
"20210721","01","11","    64200","JP3805150004","4540.0000","4580.0000","4495.0000","4500.0000","4495.0000","4530.0000","4490.0000","4500.0000","4540.0000","4580.0000","4490.0000","4500.0000"," ","0.0000","0.0000","14300","64614500","4518.4965"
"20210721","01","11","    64280","JP3170100006","383.0000","383.0000","374.0000","377.0000","377.0000","377.0000","374.0000","374.0000","383.0000","383.0000","374.0000","374.0000"," ","0.0000","0.0000","37000","14015300","378.7919"
"20210721","01","11","    64300","JP3483100008","907.0000","911.0000","903.0000","904.0000","906.0000","912.0000","906.0000","912.0000","907.0000","912.0000","903.0000","912.0000"," ","0.0000","0.0000","19400","17611800","907.8247"
"20210721","01","11","    64320","JP3462660006","2716.0000","2730.0000","2670.0000","2671.0000","2669.0000","2677.0000","2655.0000","2660.0000","2716.0000","2730.0000","2655.0000","2660.0000"," ","0.0000","0.0000","302700","811549600","2681.0360"
"20210721","01","11","    64360","JP3124400007","2751.0000","2809.0000","2751.0000","2788.0000","2798.0000","2808.0000","2789.0000","2794.0000","2751.0000","2809.0000","2751.0000","2794.0000"," ","0.0000","0.0000","72900","203426000","2790.4801"
"20210721","01","11","    64400","JP3390400004","815.0000","815.0000","807.0000","810.0000","810.0000","810.0000","804.0000","804.0000","815.0000","815.0000","804.0000","804.0000"," ","0.0000","0.0000","99900","80808700","808.8959"
"20210721","01","11","    64440","JP3336400001","318.0000","328.0000","318.0000","320.0000","320.0000","324.0000","319.0000","321.0000","318.0000","328.0000","318.0000","321.0000"," ","0.0000","0.0000","104300","33573100","321.8897"
"20210721","01","11","    64450","JP3389400007","766.0000","766.0000","757.0000","759.0000","758.0000","759.0000","755.0000","755.0000","766.0000","766.0000","755.0000","755.0000"," ","0.0000","0.0000","108900","82698800","759.4013"
"20210721","01","11","    64480","JP3830000000","2302.0000","2303.0000","2275.0000","2278.0000","2287.0000","2287.0000","2262.0000","2273.0000","2302.0000","2303.0000","2262.0000","2273.0000"," ","0.0000","0.0000","428000","975020400","2278.0850"
"20210721","01","11","    64540","JP3864800002","1823.0000","1835.0000","1815.0000","1815.0000","1813.0000","1826.0000","1807.0000","1817.0000","1823.0000","1835.0000","1807.0000","1817.0000"," ","0.0000","0.0000","38600","70235500","1819.5725"
"20210721","01","11","    64550","JP3925600003","1608.0000","1626.0000","1603.0000","1615.0000","1615.0000","1624.0000","1614.0000","1620.0000","1608.0000","1626.0000","1603.0000","1620.0000"," ","0.0000","0.0000","43500","70396300","1618.3057"
"20210721","01","11","    64570","JP3274400005","2350.0000","2380.0000","2342.0000","2359.0000","2360.0000","2370.0000","2350.0000","2357.0000","2350.0000","2380.0000","2342.0000","2357.0000"," ","0.0000","0.0000","105800","249905800","2362.0586"
"20210721","01","11","    64580","JP3372800007","2027.0000","2042.0000","2024.0000","2030.0000","2033.0000","2036.0000","2025.0000","2030.0000","2027.0000","2042.0000","2024.0000","2030.0000"," ","0.0000","0.0000","33000","67006300","2030.4939"
"20210721","01","11","    64590","JP3505800007","1070.0000","1078.0000","1062.0000","1069.0000","1068.0000","1076.0000","1067.0000","1069.0000","1070.0000","1078.0000","1062.0000","1069.0000"," ","0.0000","0.0000","121200","129837500","1071.2665"
"20210721","01","11","    64600","JP3419050004","1440.0000","1456.0000","1434.0000","1439.0000","1439.0000","1441.0000","1432.0000","1435.0000","1440.0000","1456.0000","1432.0000","1435.0000"," ","0.0000","0.0000","593100","854287500","1440.3768"
"20210721","01","11","    64610","JP3747400004","1292.0000","1311.0000","1291.0000","1297.0000","1291.0000","1304.0000","1291.0000","1300.0000","1292.0000","1311.0000","1291.0000","1300.0000"," ","0.0000","0.0000","28900","37561900","1299.7197"
"20210721","01","11","    64620","JP3970600007","2583.0000","2604.0000","2575.0000","2587.0000","2581.0000","2606.0000","2581.0000","2588.0000","2583.0000","2606.0000","2575.0000","2588.0000"," ","0.0000","0.0000","60300","156246300","2591.1493"
"20210721","01","11","    64630","JP3542400001","1502.0000","1511.0000","1485.0000","1486.0000","1493.0000","1497.0000","1481.0000","1481.0000","1502.0000","1511.0000","1481.0000","1481.0000"," ","0.0000","0.0000","61400","91713000","1493.6971"
"20210721","01","11","    64640","JP3534410000","1645.0000","1669.0000","1625.0000","1628.0000","1629.0000","1630.0000","1601.0000","1606.0000","1645.0000","1669.0000","1601.0000","1606.0000"," ","0.0000","0.0000","436100","711034900","1630.4400"
"20210721","01","11","    64650","JP3845770001","9230.0000","9350.0000","9210.0000","9220.0000","9240.0000","9270.0000","9190.0000","9200.0000","9230.0000","9350.0000","9190.0000","9200.0000"," ","0.0000","0.0000","112300","1036795000","9232.3687"
"20210721","01","11","    64700","JP3449080005","940.0000","958.0000","936.0000","944.0000","941.0000","948.0000","936.0000","942.0000","940.0000","958.0000","936.0000","942.0000"," ","0.0000","0.0000","110800","104670100","944.6760"
"20210721","01","11","    64710","JP3720800006","918.0000","929.0000","918.0000","924.0000","927.0000","928.0000","922.0000","924.0000","918.0000","929.0000","918.0000","924.0000"," ","0.0000","0.0000","3438300","3178476100","924.4325"
"20210721","01","11","    64720","JP3165600002","284.0000","287.0000","282.0000","283.0000","283.0000","285.0000","282.0000","284.0000","284.0000","287.0000","282.0000","284.0000"," ","0.0000","0.0000","5432400","1542596200","283.9622"
"20210721","01","11","    64730","JP3292200007","1121.0000","1128.0000","1111.0000","1113.0000","1125.0000","1125.0000","1109.0000","1116.0000","1121.0000","1128.0000","1109.0000","1116.0000"," ","0.0000","0.0000","904700","1010061100","1116.4597"
"20210721","01","11","    64740","JP3813200007","4455.0000","4455.0000","4390.0000","4395.0000","4395.0000","4405.0000","4340.0000","4360.0000","4455.0000","4455.0000","4340.0000","4360.0000"," ","0.0000","0.0000","186100","816379000","4386.7759"
"20210721","01","11","    64790","JP3906000009","3030.0000","3045.0000","3005.0000","3010.0000","3000.0000","3015.0000","2974.0000","2988.0000","3030.0000","3045.0000","2974.0000","2988.0000"," ","0.0000","0.0000","1293700","3881268000","3000.1299"
"20210721","01","11","    64800","JP3739400004","643.0000","649.0000","637.0000","637.0000","637.0000","637.0000","629.0000","631.0000","643.0000","649.0000","629.0000","631.0000"," ","0.0000","0.0000","211200","134738100","637.9645"
"20210721","01","11","    64810","JP3539250005","3305.0000","3325.0000","3250.0000","3255.0000","3260.0000","3270.0000","3230.0000","3235.0000","3305.0000","3325.0000","3230.0000","3235.0000"," ","0.0000","0.0000","529200","1730887500","3270.7625"
"20210721","01","11","    64820","JP3944500002","844.0000","871.0000","844.0000","866.0000","862.0000","875.0000","862.0000","874.0000","844.0000","875.0000","844.0000","874.0000"," ","0.0000","0.0000","65600","56827100","866.2668"
"20210721","01","11","    64850","JP3860300007","1001.0000","1002.0000","991.0000","991.0000","992.0000","992.0000","983.0000","984.0000","1001.0000","1002.0000","983.0000","984.0000"," ","0.0000","0.0000","34300","33968100","990.3236"
"20210721","01","11","    64860","JP3130400009","1259.0000","1276.0000","1211.0000","1219.0000","1212.0000","1217.0000","1170.0000","1201.0000","1259.0000","1276.0000","1170.0000","1201.0000"," ","0.0000","0.0000","1016700","1245458100","1225.0006"
"20210721","01","11","    64890","JP3860400005","639.0000","645.0000","633.0000","639.0000","641.0000","653.0000","641.0000","653.0000","639.0000","653.0000","633.0000","653.0000"," ","0.0000","0.0000","231800","149687500","645.7614"
"20210721","01","11","    64900","JP3747800005","2312.0000","2352.0000","2283.0000","2284.0000","2282.0000","2298.0000","2263.0000","2280.0000","2312.0000","2352.0000","2263.0000","2280.0000"," ","0.0000","0.0000","168400","386250900","2293.6514"
"20210721","01","11","    64980","JP3240700009","780.0000","791.0000","779.0000","782.0000","783.0000","783.0000","778.0000","779.0000","780.0000","791.0000","778.0000","779.0000"," ","0.0000","0.0000","202500","158535100","782.8894"
"20210721","01","11","    65010","JP3788600009","6400.0000","6422.0000","6342.0000","6347.0000","6366.0000","6368.0000","6303.0000","6303.0000","6400.0000","6422.0000","6303.0000","6303.0000"," ","0.0000","0.0000","2290100","14556127200","6356.1099"
"20210721","01","11","    65020","JP3592200004","4750.0000","4755.0000","4685.0000","4690.0000","4690.0000","4710.0000","4690.0000","4705.0000","4750.0000","4755.0000","4685.0000","4705.0000"," ","0.0000","0.0000","2387200","11227458500","4703.1914"
"20210721","01","11","    65030","JP3902400005","1488.5000","1498.5000","1479.0000","1481.5000","1482.5000","1486.0000","1473.0000","1478.0000","1488.5000","1498.5000","1473.0000","1478.0000"," ","0.0000","0.0000","4032800","5982743700","1483.5211"
"20210721","01","11","    65040","JP3820000002","5070.0000","5110.0000","5050.0000","5070.0000","5090.0000","5090.0000","5040.0000","5060.0000","5070.0000","5110.0000","5040.0000","5060.0000"," ","0.0000","0.0000","530900","2691812000","5070.2807"
"20210721","01","11","    65050","JP3617000009","1141.0000","1153.0000","1141.0000","1141.0000","1137.0000","1139.0000","1131.0000","1138.0000","1141.0000","1153.0000","1131.0000","1138.0000"," ","0.0000","0.0000","9800","11165900","1139.3776"
"20210721","01","11","    65060","JP3932000007","5250.0000","5300.0000","5230.0000","5240.0000","5260.0000","5280.0000","5220.0000","5260.0000","5250.0000","5300.0000","5220.0000","5260.0000"," ","0.0000","0.0000","1698700","8932567000","5258.4724"
"20210721","01","11","    65070","JP3375400003","1258.0000","1277.0000","1255.0000","1260.0000","1260.0000","1265.0000","1250.0000","1250.0000","1258.0000","1277.0000","1250.0000","1250.0000"," ","0.0000","0.0000","41900","52782000","1259.7136"
"20210721","01","11","    65080","JP3919800007","2310.0000","2342.0000","2308.0000","2338.0000","2331.0000","2340.0000","2318.0000","2338.0000","2310.0000","2342.0000","2308.0000","2338.0000"," ","0.0000","0.0000","151300","352542000","2330.0859"
"20210721","01","11","    65130","JP3200400004","1334.0000","1334.0000","1323.0000","1325.0000","1322.0000","1323.0000","1317.0000","1319.0000","1334.0000","1334.0000","1317.0000","1319.0000"," ","0.0000","0.0000","5500","7288000","1325.0909"
"20210721","01","11","    65160","JP3340800006","7410.0000","7560.0000","7410.0000","7500.0000","7480.0000","7510.0000","7430.0000","7450.0000","7410.0000","7560.0000","7410.0000","7450.0000"," ","0.0000","0.0000","24200","181023000","7480.2893"
"20210721","01","11","    65170","JP3551600004","1964.0000","1999.0000","1964.0000","1990.0000","1980.0000","1999.0000","1975.0000","1990.0000","1964.0000","1999.0000","1964.0000","1990.0000"," ","0.0000","0.0000","18000","35790300","1988.3500"
"20210721","01","11","    65320","JP3835250006","41250.0000","43300.0000","40900.0000","41850.0000","41950.0000","42550.0000","41900.0000","42400.0000","41250.0000","43300.0000","40900.0000","42400.0000"," ","0.0000","0.0000","541400","22919695000","42334.1245"
"20210721","01","11","    65330","JP3549040008","2800.0000","2821.0000","2772.0000","2791.0000","2790.0000","2793.0000","2760.0000","2781.0000","2800.0000","2821.0000","2760.0000","2781.0000"," ","0.0000","0.0000","39000","108661800","2786.2000"
"20210721","01","11","    65350","JP3105210003","1640.0000","1662.0000","1630.0000","1633.0000","1640.0000","1643.0000","1625.0000","1636.0000","1640.0000","1662.0000","1625.0000","1636.0000"," ","0.0000","0.0000","464700","762629500","1641.1222"
"20210721","01","11","    65380","JP3244440008","948.0000","953.0000","906.0000","920.0000","921.0000","943.0000","920.0000","940.0000","948.0000","953.0000","906.0000","940.0000"," ","0.0000","0.0000","291500","271138600","930.1496"
"20210721","01","11","    65390","JP3167330004","1124.0000","1147.0000","1124.0000","1131.0000","1131.0000","1131.0000","1117.0000","1122.0000","1124.0000","1147.0000","1117.0000","1122.0000"," ","0.0000","0.0000","10000","11279900","1127.9900"
"20210721","01","11","    65400","JP3426050005","850.0000","850.0000","848.0000","848.0000","847.0000","851.0000","843.0000","851.0000","850.0000","851.0000","843.0000","851.0000"," ","0.0000","0.0000","10100","8578900","849.3960"
"20210721","01","11","    65410","JP3274260003","1431.0000","1452.0000","1421.0000","1424.0000","1430.0000","1435.0000","1421.0000","1428.0000","1431.0000","1452.0000","1421.0000","1428.0000"," ","0.0000","0.0000","509900","731076400","1433.7643"
"20210721","01","11","    65440","JP3389510003","2504.0000","2522.0000","2481.0000","2489.0000","2484.0000","2501.0000","2475.0000","2490.0000","2504.0000","2522.0000","2475.0000","2490.0000"," ","0.0000","0.0000","138800","346187500","2494.1463"
"20210721","01","11","    65460","JP3828350003","1369.0000","1369.0000","1321.0000","1321.0000","1314.0000","1339.0000","1314.0000","1339.0000","1369.0000","1369.0000","1314.0000","1339.0000"," ","0.0000","0.0000","2800","3778700","1349.5357"
"20210721","01","11","    65470","JP3274090004","563.0000","580.0000","563.0000","570.0000","570.0000","573.0000","567.0000","571.0000","563.0000","580.0000","563.0000","571.0000"," ","0.0000","0.0000","33400","19117300","572.3743"
"20210721","01","11","    65510","JP3534100007","348.0000","350.0000","344.0000","346.0000","344.0000","347.0000","340.0000","340.0000","348.0000","350.0000","340.0000","340.0000"," ","0.0000","0.0000","50900","17575600","345.2967"
"20210721","01","11","    65520","JP3282230006","565.0000","566.0000","558.0000","560.0000","563.0000","563.0000","558.0000","562.0000","565.0000","566.0000","558.0000","562.0000"," ","0.0000","0.0000","16800","9445600","562.2381"
"20210721","01","11","    65530","JP3433050006","1824.0000","1824.0000","1791.0000","1797.0000","1811.0000","1820.0000","1798.0000","1806.0000","1824.0000","1824.0000","1791.0000","1806.0000"," ","0.0000","0.0000","8500","15338900","1804.5765"
"20210721","01","11","    65550","JP3167340003","593.0000","600.0000","591.0000","596.0000","594.0000","601.0000","591.0000","591.0000","593.0000","601.0000","591.0000","591.0000"," ","0.0000","0.0000","22000","13089800","594.9909"
"20210721","01","11","    65560","JP3155390002","1313.0000","1314.0000","1304.0000","1306.0000","1310.0000","1314.0000","1305.0000","1311.0000","1313.0000","1314.0000","1304.0000","1311.0000"," ","0.0000","0.0000","64000","83810300","1309.5359"
"20210721","01","11","    65600","JP3167710007","3970.0000","4010.0000","3925.0000","3990.0000","3985.0000","4040.0000","3975.0000","4035.0000","3970.0000","4040.0000","3925.0000","4035.0000"," ","0.0000","0.0000","27900","111460500","3995.0000"
"20210721","01","11","    65640","JP3887800005","4630.0000","4775.0000","4540.0000","4710.0000","4740.0000","4780.0000","4700.0000","4755.0000","4630.0000","4780.0000","4540.0000","4755.0000"," ","0.0000","0.0000","342600","1613393500","4709.2630"
"20210721","01","11","    65690","JP3679860001","820.0000","831.0000","820.0000","827.0000","825.0000","826.0000","814.0000","816.0000","820.0000","831.0000","814.0000","816.0000"," ","0.0000","0.0000","91600","75461100","823.8111"
"20210721","01","11","    65710","JP3244750000","1629.0000","1655.0000","1617.0000","1629.0000","1625.0000","1636.0000","1625.0000","1627.0000","1629.0000","1655.0000","1617.0000","1627.0000"," ","0.0000","0.0000","24500","40039800","1634.2776"
"20210721","01","11","    65720","JP3100550007","681.0000","708.0000","681.0000","682.0000","683.0000","684.0000","678.0000","681.0000","681.0000","708.0000","678.0000","681.0000"," ","0.0000","0.0000","368500","253950800","689.1474"
"20210721","01","11","    65840","JP3325200008","1160.0000","1169.0000","1132.0000","1135.0000","1138.0000","1143.0000","1124.0000","1126.0000","1160.0000","1169.0000","1124.0000","1126.0000"," ","0.0000","0.0000","776000","887753500","1144.0122"
"20210721","01","11","    65860","JP3862400003","5630.0000","5680.0000","5600.0000","5630.0000","5640.0000","5660.0000","5600.0000","5600.0000","5630.0000","5680.0000","5600.0000","5600.0000"," ","0.0000","0.0000","504700","2840328000","5627.7551"
"20210721","01","11","    65880","JP3594000006","4525.0000","4580.0000","4490.0000","4535.0000","4535.0000","4565.0000","4515.0000","4565.0000","4525.0000","4580.0000","4490.0000","4565.0000"," ","0.0000","0.0000","50500","229772000","4549.9406"
"20210721","01","11","    65900","JP3355000005","7590.0000","7590.0000","7380.0000","7400.0000","7420.0000","7460.0000","7360.0000","7400.0000","7590.0000","7590.0000","7360.0000","7400.0000"," ","0.0000","0.0000","53700","399938000","7447.6350"
"20210721","01","11","    65920","JP3870000001","4105.0000","4180.0000","4095.0000","4130.0000","4130.0000","4135.0000","4095.0000","4095.0000","4105.0000","4180.0000","4095.0000","4095.0000"," ","0.0000","0.0000","206600","852386500","4125.7817"
"20210721","01","11","    65940","JP3734800000","12865.0000","13115.0000","12860.0000","13020.0000","13035.0000","13055.0000","12935.0000","13000.0000","12865.0000","13115.0000","12860.0000","13000.0000"," ","0.0000","0.0000","1773600","23046168500","12994.0057"
"20210721","01","11","    66150","JP3944330004","785.0000","785.0000","771.0000","771.0000","782.0000","783.0000","775.0000","783.0000","785.0000","785.0000","771.0000","783.0000"," ","0.0000","0.0000","62000","48342900","779.7242"
"20210721","01","11","    66160","JP3637280003","2890.0000","2925.0000","2847.0000","2910.0000","2919.0000","2940.0000","2880.0000","2928.0000","2890.0000","2940.0000","2847.0000","2928.0000"," ","0.0000","0.0000","301000","874258300","2904.5126"
"20210721","01","11","    66170","JP3591600006","1345.0000","1365.0000","1343.0000","1358.0000","1360.0000","1360.0000","1348.0000","1348.0000","1345.0000","1365.0000","1343.0000","1348.0000"," ","0.0000","0.0000","41000","55513500","1353.9878"
"20210721","01","11","    66190","JP3505970008","731.0000","746.0000","706.0000","710.0000","708.0000","720.0000","704.0000","714.0000","731.0000","746.0000","704.0000","714.0000"," ","0.0000","0.0000","1433200","1033448600","721.0777"
"20210721","01","11","    66200","JP3907850006","1065.0000","1091.0000","1061.0000","1072.0000","1059.0000","1074.0000","1059.0000","1065.0000","1065.0000","1091.0000","1059.0000","1065.0000"," ","0.0000","0.0000","98100","105098100","1071.3364"
"20210721","01","11","    66220","JP3497800007","4785.0000","4810.0000","4770.0000","4770.0000","4785.0000","4815.0000","4760.0000","4775.0000","4785.0000","4815.0000","4760.0000","4775.0000"," ","0.0000","0.0000","51300","245609000","4787.6998"
"20210721","01","11","    66300","JP3930050004","1310.0000","1325.0000","1305.0000","1318.0000","1320.0000","1337.0000","1308.0000","1337.0000","1310.0000","1337.0000","1305.0000","1337.0000"," ","0.0000","0.0000","294000","388880800","1322.7238"
"20210721","01","11","    66320","JP3386410009","247.0000","250.0000","240.0000","240.0000","241.0000","241.0000","237.0000","237.0000","247.0000","250.0000","237.0000","237.0000"," ","0.0000","0.0000","4358800","1051967700","241.3434"
"20210721","01","11","    66380","JP3907150001","775.0000","792.0000","767.0000","791.0000","791.0000","791.0000","781.0000","782.0000","775.0000","792.0000","767.0000","782.0000"," ","0.0000","0.0000","56200","44126800","785.1744"
"20210721","01","11","    66400","JP3476210004","2490.0000","2505.0000","2475.0000","2483.0000","2486.0000","2492.0000","2460.0000","2468.0000","2490.0000","2505.0000","2460.0000","2468.0000"," ","0.0000","0.0000","66200","164392000","2483.2628"
"20210721","01","11","    66410","JP3677600003","1317.0000","1324.0000","1308.0000","1308.0000","1309.0000","1319.0000","1302.0000","1312.0000","1317.0000","1324.0000","1302.0000","1312.0000"," ","0.0000","0.0000","120400","158115400","1313.2508"
"20210721","01","11","    66440","JP3187600006","615.0000","621.0000","614.0000","616.0000","615.0000","619.0000","613.0000","618.0000","615.0000","621.0000","613.0000","618.0000"," ","0.0000","0.0000","186900","115287800","616.8422"
"20210721","01","11","    66450","JP3197800000","8940.0000","9060.0000","8890.0000","8910.0000","8940.0000","8980.0000","8900.0000","8970.0000","8940.0000","9060.0000","8890.0000","8970.0000"," ","0.0000","0.0000","608800","5458422000","8965.8706"
"20210721","01","11","    66510","JP3682400001","1852.0000","1853.0000","1829.0000","1829.0000","1835.0000","1835.0000","1821.0000","1821.0000","1852.0000","1853.0000","1821.0000","1821.0000"," ","0.0000","0.0000","41400","75862600","1832.4300"
"20210721","01","11","    66520","JP3138800002","2175.0000","2176.0000","2142.0000","2157.0000","2160.0000","2160.0000","2144.0000","2149.0000","2175.0000","2176.0000","2142.0000","2149.0000"," ","0.0000","0.0000","63200","136305400","2156.7310"
"20210721","01","11","    66530","JP3414900005","1723.0000","1735.0000","1720.0000","1720.0000","1719.0000","1743.0000","1719.0000","1727.0000","1723.0000","1743.0000","1719.0000","1727.0000"," ","0.0000","0.0000","18100","31280400","1728.1989"
"20210721","01","11","    66540","JP3820500001","1289.0000","1293.0000","1289.0000","1290.0000","1290.0000","1293.0000","1288.0000","1292.0000","1289.0000","1293.0000","1288.0000","1292.0000"," ","0.0000","0.0000","11400","14710500","1290.3947"
"20210721","01","11","    66740","JP3385820000","2749.0000","2755.0000","2688.0000","2690.0000","2695.0000","2696.0000","2671.0000","2681.0000","2749.0000","2755.0000","2671.0000","2681.0000"," ","0.0000","0.0000","461500","1246546700","2701.0763"
"20210721","01","11","    66750","JP3471200000","1334.0000","1348.0000","1334.0000","1342.0000","1338.0000","1338.0000","1333.0000","1333.0000","1334.0000","1348.0000","1333.0000","1333.0000"," ","0.0000","0.0000","9400","12554000","1335.5319"
"20210721","01","11","    66760","JP3921080002","5630.0000","5640.0000","5540.0000","5580.0000","5560.0000","5620.0000","5530.0000","5580.0000","5630.0000","5640.0000","5530.0000","5580.0000"," ","0.0000","0.0000","25500","142488000","5587.7647"
"20210721","01","11","    66780","JP3545110003","1610.0000","1610.0000","1605.0000","1608.0000","1608.0000","1608.0000","1604.0000","1608.0000","1610.0000","1610.0000","1604.0000","1608.0000"," ","0.0000","0.0000","8900","14323600","1609.3933"
"20210721","01","11","    66990","JP3499480006","3445.0000","3445.0000","3250.0000","3305.0000","3305.0000","3355.0000","3290.0000","3320.0000","3445.0000","3445.0000","3250.0000","3320.0000"," ","0.0000","0.0000","263300","875070000","3323.4713"
"20210721","01","11","    67010","JP3733000008","5690.0000","5750.0000","5650.0000","5730.0000","5720.0000","5740.0000","5660.0000","5670.0000","5690.0000","5750.0000","5650.0000","5670.0000"," ","0.0000","0.0000","1282400","7317172000","5705.8422"
"20210721","01","11","    67020","JP3818000006","19945.0000","20135.0000","19855.0000","19860.0000","19855.0000","20080.0000","19855.0000","20040.0000","19945.0000","20135.0000","19855.0000","20040.0000"," ","0.0000","0.0000","511500","10231844500","20003.6061"
"20210721","01","11","    67030","JP3194000000","1021.0000","1032.0000","1015.0000","1018.0000","1021.0000","1022.0000","1011.0000","1011.0000","1021.0000","1032.0000","1011.0000","1011.0000"," ","0.0000","0.0000","358200","365081700","1019.2119"
"20210721","01","11","    67040","JP3150400004","941.0000","946.0000","939.0000","946.0000","946.0000","948.0000","928.0000","948.0000","941.0000","948.0000","928.0000","948.0000"," ","0.0000","0.0000","16400","15461400","942.7683"
"20210721","01","11","    67060","JP3550000008","2250.0000","2278.0000","2242.0000","2260.0000","2270.0000","2270.0000","2253.0000","2257.0000","2250.0000","2278.0000","2242.0000","2257.0000"," ","0.0000","0.0000","64600","146198600","2263.1362"
"20210721","01","11","    67070","JP3329600005","5130.0000","5150.0000","5080.0000","5110.0000","5130.0000","5130.0000","5070.0000","5090.0000","5130.0000","5150.0000","5070.0000","5090.0000"," ","0.0000","0.0000","70400","359320000","5103.9773"
"20210721","01","11","    67150","JP3646800007","1405.0000","1418.0000","1405.0000","1418.0000","1407.0000","1418.0000","1407.0000","1408.0000","1405.0000","1418.0000","1405.0000","1408.0000"," ","0.0000","0.0000","1600","2257100","1410.6875"
"20210721","01","11","    67180","JP3105050003","2047.0000","2047.0000","1966.0000","1970.0000","1974.0000","1975.0000","1944.0000","1955.0000","2047.0000","2047.0000","1944.0000","1955.0000"," ","0.0000","0.0000","100100","198037700","1978.3986"
"20210721","01","11","    67230","JP3164720009","1160.0000","1168.0000","1149.0000","1155.0000","1155.0000","1158.0000","1147.0000","1156.0000","1160.0000","1168.0000","1147.0000","1156.0000"," ","0.0000","0.0000","7572000","8767181800","1157.8423"
"20210721","01","11","    67240","JP3414750004","1920.0000","1934.0000","1884.0000","1888.0000","1894.0000","1899.0000","1876.0000","1887.0000","1920.0000","1934.0000","1876.0000","1887.0000"," ","0.0000","0.0000","1716200","3256557700","1897.5397"
"20210721","01","11","    67270","JP3993400005","681.0000","686.0000","671.0000","671.0000","671.0000","674.0000","668.0000","672.0000","681.0000","686.0000","668.0000","672.0000"," ","0.0000","0.0000","505000","341222300","675.6877"
"20210721","01","11","    67280","JP3126190002","5390.0000","5400.0000","5310.0000","5310.0000","5330.0000","5360.0000","5280.0000","5320.0000","5390.0000","5400.0000","5280.0000","5320.0000"," ","0.0000","0.0000","203000","1082038000","5330.2365"
"20210721","01","11","    67300","JP3108080007","845.0000","853.0000","842.0000","846.0000","846.0000","854.0000","843.0000","850.0000","845.0000","854.0000","842.0000","850.0000"," ","0.0000","0.0000","37300","31601300","847.2198"
"20210721","01","11","    67370","JP3651080008","4755.0000","4810.0000","4735.0000","4770.0000","4770.0000","4770.0000","4710.0000","4710.0000","4755.0000","4810.0000","4710.0000","4710.0000"," ","0.0000","0.0000","39800","188670000","4740.4523"
"20210721","01","11","    67400","JP3389660006","34.0000","34.0000","33.0000","34.0000","33.0000","34.0000","33.0000","33.0000","34.0000","34.0000","33.0000","33.0000"," ","0.0000","0.0000","11806700","396192600","33.5566"
"20210721","01","11","    67410","JP3716000009","908.0000","913.0000","901.0000","901.0000","905.0000","909.0000","902.0000","907.0000","908.0000","913.0000","901.0000","907.0000"," ","0.0000","0.0000","113600","103016000","906.8310"
"20210721","01","11","    67420","JP3248800009","414.0000","418.0000","413.0000","413.0000","414.0000","417.0000","413.0000","415.0000","414.0000","418.0000","413.0000","415.0000"," ","0.0000","0.0000","56200","23337900","415.2651"
"20210721","01","11","    67440","JP3759800000","2113.0000","2116.0000","2099.0000","2106.0000","2105.0000","2112.0000","2100.0000","2102.0000","2113.0000","2116.0000","2099.0000","2102.0000"," ","0.0000","0.0000","27100","57061700","2105.5978"
"20210721","01","11","    67450","JP3837400005","1139.0000","1148.0000","1139.0000","1139.0000","1139.0000","1141.0000","1126.0000","1126.0000","1139.0000","1148.0000","1126.0000","1126.0000"," ","0.0000","0.0000","21500","24391400","1134.4837"
"20210721","01","11","    67480","JP3418400002","511.0000","515.0000","509.0000","514.0000","514.0000","515.0000","509.0000","512.0000","511.0000","515.0000","509.0000","512.0000"," ","0.0000","0.0000","8300","4246500","511.6265"
"20210721","01","11","    67500","JP3168200008","1984.0000","1999.0000","1970.0000","1979.0000","1979.0000","1983.0000","1962.0000","1975.0000","1984.0000","1999.0000","1962.0000","1975.0000"," ","0.0000","0.0000","121800","240967700","1978.3883"
"20210721","01","11","    67520","JP3866800000","1316.0000","1326.5000","1310.0000","1312.5000","1315.0000","1316.0000","1307.5000","1313.0000","1316.0000","1326.5000","1307.5000","1313.0000"," ","0.0000","0.0000","6973500","9175372050","1315.7485"
"20210721","01","11","    67530","JP3359600008","1735.0000","1738.0000","1708.0000","1711.0000","1710.0000","1724.0000","1710.0000","1716.0000","1735.0000","1738.0000","1708.0000","1716.0000"," ","0.0000","0.0000","2365800","4067141800","1719.1402"
"20210721","01","11","    67540","JP3128800004","2041.0000","2066.0000","2032.0000","2035.0000","2040.0000","2040.0000","2014.0000","2021.0000","2041.0000","2066.0000","2014.0000","2021.0000"," ","0.0000","0.0000","1352700","2755556600","2037.0789"
"20210721","01","11","    67550","JP3818400008","2862.0000","2899.0000","2856.0000","2870.0000","2870.0000","2916.0000","2858.0000","2891.0000","2862.0000","2916.0000","2856.0000","2891.0000"," ","0.0000","0.0000","314600","907350500","2884.1402"
"20210721","01","11","    67580","JP3435000009","11000.0000","11025.0000","10870.0000","10905.0000","10920.0000","10970.0000","10900.0000","10905.0000","11000.0000","11025.0000","10870.0000","10905.0000"," ","0.0000","0.0000","3100800","33925510000","10940.8894"
"20210721","01","11","    67620","JP3538800008","13030.0000","13120.0000","12900.0000","12910.0000","12900.0000","13000.0000","12870.0000","12980.0000","13030.0000","13120.0000","12870.0000","12980.0000"," ","0.0000","0.0000","635900","8256197000","12983.4833"
"20210721","01","11","    67630","JP3541600007","1174.0000","1174.0000","1140.0000","1141.0000","1141.0000","1147.0000","1130.0000","1147.0000","1174.0000","1174.0000","1130.0000","1147.0000"," ","0.0000","0.0000","13600","15733900","1156.9044"
"20210721","01","11","    67680","JP3471000004","916.0000","925.0000","902.0000","903.0000","905.0000","910.0000","895.0000","903.0000","916.0000","925.0000","895.0000","903.0000"," ","0.0000","0.0000","4712900","4288873400","910.0285"
"20210721","01","11","    67700","JP3126400005","1170.0000","1175.0000","1146.0000","1148.0000","1148.0000","1153.0000","1142.0000","1151.0000","1170.0000","1175.0000","1142.0000","1151.0000"," ","0.0000","0.0000","2042700","2358207200","1154.4560"
"20210721","01","11","    67710","JP3132000005","839.0000","839.0000","816.0000","818.0000","815.0000","826.0000","814.0000","823.0000","839.0000","839.0000","814.0000","823.0000"," ","0.0000","0.0000","18800","15510800","825.0426"
"20210721","01","11","    67790","JP3737800007","867.0000","885.0000","854.0000","856.0000","863.0000","863.0000","843.0000","851.0000","867.0000","885.0000","843.0000","851.0000"," ","0.0000","0.0000","219300","188663100","860.2969"
"20210721","01","11","    67850","JP3397210000","918.0000","926.0000","918.0000","919.0000","920.0000","920.0000","912.0000","914.0000","918.0000","926.0000","912.0000","914.0000"," ","0.0000","0.0000","42400","38911300","917.7193"
"20210721","01","11","    67870","JP3915350007","3255.0000","3265.0000","3170.0000","3195.0000","3185.0000","3210.0000","3180.0000","3190.0000","3255.0000","3265.0000","3170.0000","3190.0000"," ","0.0000","0.0000","290000","928435000","3201.5000"
"20210721","01","11","    67880","JP3739700007","3695.0000","3695.0000","3655.0000","3665.0000","3650.0000","3655.0000","3645.0000","3645.0000","3695.0000","3695.0000","3645.0000","3645.0000"," ","0.0000","0.0000","7700","28236500","3667.0779"
"20210721","01","11","    67890","JP3983450002","2750.0000","2860.0000","2721.0000","2790.0000","2789.0000","2798.0000","2749.0000","2770.0000","2750.0000","2860.0000","2721.0000","2770.0000"," ","0.0000","0.0000","103300","288910700","2796.8122"
"20210721","01","11","    67940","JP3802800007","918.0000","930.0000","912.0000","917.0000","915.0000","919.0000","914.0000","916.0000","918.0000","930.0000","912.0000","916.0000"," ","0.0000","0.0000","71400","65617200","919.0084"
"20210721","01","11","    67980","JP3162400000","2496.0000","2496.0000","2434.0000","2440.0000","2437.0000","2460.0000","2435.0000","2447.0000","2496.0000","2496.0000","2434.0000","2447.0000"," ","0.0000","0.0000","17100","42120400","2463.1813"
"20210721","01","11","    68000","JP3954200006","2540.0000","2579.0000","2538.0000","2557.0000","2557.0000","2580.0000","2554.0000","2580.0000","2540.0000","2580.0000","2538.0000","2580.0000"," ","0.0000","0.0000","112800","289587000","2567.2606"
"20210721","01","11","    68030","JP3539200000","123.0000","125.0000","123.0000","123.0000","123.0000","124.0000","123.0000","124.0000","123.0000","125.0000","123.0000","124.0000"," ","0.0000","0.0000","239000","29510100","123.4732"
"20210721","01","11","    68040","JP3845800006","998.0000","1005.0000","996.0000","999.0000","998.0000","999.0000","994.0000","994.0000","998.0000","1005.0000","994.0000","994.0000"," ","0.0000","0.0000","147500","147200600","997.9702"
"20210721","01","11","    68060","JP3799000009","16210.0000","16300.0000","16150.0000","16190.0000","16260.0000","16320.0000","16180.0000","16270.0000","16210.0000","16320.0000","16150.0000","16270.0000"," ","0.0000","0.0000","46300","752858000","16260.4320"
"20210721","01","11","    68070","JP3705600009","1775.0000","1794.0000","1769.0000","1771.0000","1768.0000","1775.0000","1754.0000","1764.0000","1775.0000","1794.0000","1754.0000","1764.0000"," ","0.0000","0.0000","184700","327095500","1770.9556"
"20210721","01","11","    68090","JP3538600002","846.0000","848.0000","834.0000","834.0000","834.0000","834.0000","827.0000","831.0000","846.0000","848.0000","827.0000","831.0000"," ","0.0000","0.0000","21300","17854200","838.2254"
"20210721","01","11","    68100","JP3791800000","1261.0000","1275.0000","1258.0000","1258.0000","1263.0000","1266.0000","1259.0000","1259.0000","1261.0000","1275.0000","1258.0000","1259.0000"," ","0.0000","0.0000","47100","59514200","1263.5711"
"20210721","01","11","    68140","JP3828400006","1075.0000","1085.0000","1072.0000","1076.0000","1073.0000","1084.0000","1071.0000","1081.0000","1075.0000","1085.0000","1071.0000","1081.0000"," ","0.0000","0.0000","82100","88561100","1078.6979"
"20210721","01","11","    68150","JP3952000002","2638.0000","2644.0000","2615.0000","2615.0000","2608.0000","2616.0000","2605.0000","2607.0000","2638.0000","2644.0000","2605.0000","2607.0000"," ","0.0000","0.0000","27100","71109000","2623.9483"
"20210721","01","11","    68170","JP3400800003","1313.0000","1322.0000","1305.0000","1311.0000","1317.0000","1327.0000","1304.0000","1325.0000","1313.0000","1327.0000","1304.0000","1325.0000"," ","0.0000","0.0000","135500","178558200","1317.7727"
"20210721","01","11","    68200","JP3101400004","2351.0000","2366.0000","2348.0000","2356.0000","2359.0000","2369.0000","2355.0000","2363.0000","2351.0000","2369.0000","2348.0000","2363.0000"," ","0.0000","0.0000","13400","31618200","2359.5672"
"20210721","01","11","    68230","JP3969700008","2695.0000","2695.0000","2653.0000","2664.0000","2665.0000","2685.0000","2645.0000","2676.0000","2695.0000","2695.0000","2645.0000","2676.0000"," ","0.0000","0.0000","16400","43813000","2671.5244"
"20210721","01","11","    68260","JP3854650003","490.0000","498.0000","490.0000","497.0000","496.0000","497.0000","493.0000","497.0000","490.0000","498.0000","490.0000","497.0000"," ","0.0000","0.0000","15500","7666300","494.6000"
"20210721","01","11","    68390","JP3825850005","917.0000","918.0000","916.0000","917.0000","916.0000","918.0000","916.0000","917.0000","917.0000","918.0000","916.0000","917.0000"," ","0.0000","0.0000","53200","48781100","916.9380"
"20210721","01","11","    68410","JP3955000009","1645.0000","1658.0000","1625.0000","1627.0000","1628.0000","1630.0000","1618.0000","1628.0000","1645.0000","1658.0000","1618.0000","1628.0000"," ","0.0000","0.0000","644200","1051574000","1632.3719"
"20210721","01","11","    68440","JP3377800002","4400.0000","4440.0000","4330.0000","4340.0000","4330.0000","4380.0000","4320.0000","4350.0000","4400.0000","4440.0000","4320.0000","4350.0000"," ","0.0000","0.0000","111500","487644500","4373.4933"
"20210721","01","11","    68450","JP3937200008","4295.0000","4400.0000","4290.0000","4355.0000","4365.0000","4375.0000","4315.0000","4325.0000","4295.0000","4400.0000","4290.0000","4325.0000"," ","0.0000","0.0000","339300","1473970500","4344.1512"
"20210721","01","11","    68480","JP3557200007","797.0000","810.0000","797.0000","809.0000","801.0000","810.0000","800.0000","810.0000","797.0000","810.0000","797.0000","810.0000"," ","0.0000","0.0000","10300","8287100","804.5728"
"20210721","01","11","    68490","JP3706800004","3305.0000","3335.0000","3275.0000","3295.0000","3295.0000","3310.0000","3285.0000","3300.0000","3305.0000","3335.0000","3275.0000","3300.0000"," ","0.0000","0.0000","161700","534235000","3303.8652"
"20210721","01","11","    68500","JP3511000006","1450.0000","1469.0000","1444.0000","1461.0000","1466.0000","1530.0000","1461.0000","1520.0000","1450.0000","1530.0000","1444.0000","1520.0000"," ","0.0000","0.0000","36200","54307000","1500.1934"
"20210721","01","11","    68530","JP3255200002","377.0000","379.0000","376.0000","377.0000","377.0000","378.0000","376.0000","377.0000","377.0000","379.0000","376.0000","377.0000"," ","0.0000","0.0000","22500","8477800","376.7911"
"20210721","01","11","    68550","JP3735300000","1774.0000","1777.0000","1747.0000","1750.0000","1748.0000","1750.0000","1730.0000","1744.0000","1774.0000","1777.0000","1730.0000","1744.0000"," ","0.0000","0.0000","155400","272378600","1752.7580"
"20210721","01","11","    68560","JP3853000002","6840.0000","6930.0000","6800.0000","6800.0000","6800.0000","6840.0000","6790.0000","6840.0000","6840.0000","6930.0000","6790.0000","6840.0000"," ","0.0000","0.0000","118600","812030000","6846.7960"
"20210721","01","11","    68570","JP3122400009","9240.0000","9290.0000","9160.0000","9170.0000","9190.0000","9190.0000","9080.0000","9170.0000","9240.0000","9290.0000","9080.0000","9170.0000"," ","0.0000","0.0000","1403900","12892550000","9183.3820"
"20210721","01","11","    68580","JP3196800001","604.0000","604.0000","588.0000","592.0000","595.0000","595.0000","587.0000","594.0000","604.0000","604.0000","587.0000","594.0000"," ","0.0000","0.0000","17800","10543400","592.3258"
"20210721","01","11","    68590","JP3469800001","2150.0000","2179.0000","2137.0000","2164.0000","2161.0000","2178.0000","2159.0000","2175.0000","2150.0000","2179.0000","2137.0000","2175.0000"," ","0.0000","0.0000","51100","110793100","2168.1624"
"20210721","01","11","    68610","JP3236200006","56070.0000","56370.0000","55440.0000","56030.0000","56030.0000","56120.0000","55420.0000","55930.0000","56070.0000","56370.0000","55420.0000","55930.0000"," ","0.0000","0.0000","437800","24481112000","55918.4833"
"20210721","01","11","    68660","JP3783200003","6870.0000","6950.0000","6660.0000","6670.0000","6670.0000","6720.0000","6650.0000","6680.0000","6870.0000","6950.0000","6650.0000","6680.0000"," ","0.0000","0.0000","34300","231016000","6735.1603"
"20210721","01","11","    68690","JP3351100007","13015.0000","13145.0000","12940.0000","13030.0000","13060.0000","13095.0000","12955.0000","13055.0000","13015.0000","13145.0000","12940.0000","13055.0000"," ","0.0000","0.0000","369900","4824259500","13042.0641"
"20210721","01","11","    68710","JP3750400008","1378.0000","1403.0000","1364.0000","1364.0000","1365.0000","1369.0000","1352.0000","1365.0000","1378.0000","1403.0000","1352.0000","1365.0000"," ","0.0000","0.0000","204900","280916100","1370.9912"
"20210721","01","11","    68750","JP3920860008","3210.0000","3240.0000","3190.0000","3200.0000","3195.0000","3220.0000","3175.0000","3205.0000","3210.0000","3240.0000","3175.0000","3205.0000"," ","0.0000","0.0000","117100","375203000","3204.1247"
"20210721","01","11","    68770","JP3197650009","3785.0000","3830.0000","3785.0000","3800.0000","3800.0000","3810.0000","3770.0000","3795.0000","3785.0000","3830.0000","3770.0000","3795.0000"," ","0.0000","0.0000","32700","124115500","3795.5810"
"20210721","01","11","    68790","JP3802900005","434.0000","439.0000","431.0000","434.0000","434.0000","435.0000","432.0000","434.0000","434.0000","439.0000","431.0000","434.0000"," ","0.0000","0.0000","52500","22794500","434.1810"
"20210721","01","11","    69010","JP3323200000","2104.0000","2104.0000","2077.0000","2084.0000","2086.0000","2091.0000","2065.0000","2075.0000","2104.0000","2104.0000","2065.0000","2075.0000"," ","0.0000","0.0000","9600","20030100","2086.4688"
"20210721","01","11","    69020","JP3551500006","7248.0000","7274.0000","7202.0000","7205.0000","7225.0000","7248.0000","7213.0000","7232.0000","7248.0000","7274.0000","7202.0000","7232.0000"," ","0.0000","0.0000","960300","6948073000","7235.3150"
"20210721","01","11","    69040","JP3772500009","910.0000","915.0000","909.0000","913.0000","913.0000","913.0000","910.0000","911.0000","910.0000","915.0000","909.0000","911.0000"," ","0.0000","0.0000","2300","2097600","912.0000"
"20210721","01","11","    69050","JP3283700007","992.0000","999.0000","987.0000","988.0000","989.0000","995.0000","983.0000","988.0000","992.0000","999.0000","983.0000","988.0000"," ","0.0000","0.0000","69400","68770300","990.9265"
"20210721","01","11","    69080","JP3149800009","5220.0000","5270.0000","5200.0000","5230.0000","5220.0000","5270.0000","5210.0000","5230.0000","5220.0000","5270.0000","5200.0000","5230.0000"," ","0.0000","0.0000","14700","77005000","5238.4354"
"20210721","01","11","    69140","JP3197700002","1745.0000","1773.0000","1722.0000","1742.0000","1746.0000","1748.0000","1732.0000","1745.0000","1745.0000","1773.0000","1722.0000","1745.0000"," ","0.0000","0.0000","132800","231585800","1743.8690"
"20210721","01","11","    69150","JP3528450004","1750.0000","1759.0000","1748.0000","1757.0000","1748.0000","1758.0000","1744.0000","1758.0000","1750.0000","1759.0000","1744.0000","1758.0000"," ","0.0000","0.0000","4800","8411400","1752.3750"
"20210721","01","11","    69160","JP3100750003","992.0000","999.0000","992.0000","997.0000","998.0000","999.0000","994.0000","999.0000","992.0000","999.0000","992.0000","999.0000"," ","0.0000","0.0000","5400","5382000","996.6667"
"20210721","01","11","    69200","JP3979200007","22240.0000","22340.0000","20860.0000","21030.0000","21090.0000","21210.0000","20810.0000","21190.0000","22240.0000","22340.0000","20810.0000","21190.0000"," ","0.0000","0.0000","4757500","100802959000","21188.2205"
"20210721","01","11","    69230","JP3399400005","3060.0000","3085.0000","3040.0000","3050.0000","3055.0000","3065.0000","3030.0000","3050.0000","3060.0000","3085.0000","3030.0000","3050.0000"," ","0.0000","0.0000","439800","1344115500","3056.1971"
"20210721","01","11","    69240","JP3150800005","2065.0000","2065.0000","2047.0000","2051.0000","2051.0000","2059.0000","2039.0000","2042.0000","2065.0000","2065.0000","2039.0000","2042.0000"," ","0.0000","0.0000","19200","39462700","2055.3490"
"20210721","01","11","    69250","JP3156400008","1955.0000","1967.0000","1944.0000","1944.0000","1940.0000","1942.0000","1920.0000","1930.0000","1955.0000","1967.0000","1920.0000","1930.0000"," ","0.0000","0.0000","466600","906229400","1942.1976"
"20210721","01","11","    69260","JP3193600008","360.0000","365.0000","360.0000","360.0000","361.0000","367.0000","361.0000","367.0000","360.0000","367.0000","360.0000","367.0000"," ","0.0000","0.0000","14800","5364700","362.4797"
"20210721","01","11","    69270","JP3802700009","349.0000","349.0000","344.0000","345.0000","345.0000","346.0000","344.0000","346.0000","349.0000","349.0000","344.0000","346.0000"," ","0.0000","0.0000","38200","13214900","345.9398"
"20210721","01","11","    69280","JP3165800008","1682.0000","1682.0000","1657.0000","1660.0000","1660.0000","1669.0000","1655.0000","1662.0000","1682.0000","1682.0000","1655.0000","1662.0000"," ","0.0000","0.0000","28800","47978500","1665.9201"
"20210721","01","11","    69290","JP3725200004","2821.0000","2850.0000","2814.0000","2834.0000","2834.0000","2847.0000","2826.0000","2838.0000","2821.0000","2850.0000","2814.0000","2838.0000"," ","0.0000","0.0000","47200","133877200","2836.3814"
"20210721","01","11","    69320","JP3169600008","734.0000","737.0000","726.0000","731.0000","728.0000","729.0000","724.0000","728.0000","734.0000","737.0000","724.0000","728.0000"," ","0.0000","0.0000","22800","16643800","729.9912"
"20210721","01","11","    69370","JP3827600002","1496.0000","1515.0000","1490.0000","1503.0000","1501.0000","1508.0000","1497.0000","1508.0000","1496.0000","1515.0000","1490.0000","1508.0000"," ","0.0000","0.0000","118300","177808300","1503.0287"
"20210721","01","11","    69380","JP3432400004","565.0000","565.0000","550.0000","555.0000","552.0000","557.0000","550.0000","557.0000","565.0000","565.0000","550.0000","557.0000"," ","0.0000","0.0000","40200","22368500","556.4303"
"20210721","01","11","    69410","JP3934200001","1604.0000","1612.0000","1592.0000","1600.0000","1600.0000","1604.0000","1587.0000","1598.0000","1604.0000","1612.0000","1587.0000","1598.0000"," ","0.0000","0.0000","76300","121857900","1597.0891"
"20210721","01","11","    69470","JP3412000006","3495.0000","3530.0000","3455.0000","3515.0000","3515.0000","3525.0000","3505.0000","3505.0000","3495.0000","3530.0000","3455.0000","3505.0000"," ","0.0000","0.0000","27800","97508500","3507.5000"
"20210721","01","11","    69510","JP3735000006","6590.0000","6610.0000","6480.0000","6490.0000","6490.0000","6620.0000","6470.0000","6610.0000","6590.0000","6620.0000","6470.0000","6610.0000"," ","0.0000","0.0000","404800","2647804000","6541.0178"
"20210721","01","11","    69520","JP3209000003","1794.0000","1835.0000","1793.0000","1814.0000","1811.0000","1815.0000","1794.0000","1796.0000","1794.0000","1835.0000","1793.0000","1796.0000"," ","0.0000","0.0000","735700","1329068200","1806.5355"
"20210721","01","11","    69540","JP3802400006","25565.0000","25600.0000","25160.0000","25160.0000","25180.0000","25235.0000","25045.0000","25230.0000","25565.0000","25600.0000","25045.0000","25230.0000"," ","0.0000","0.0000","657500","16649564500","25322.5316"
"20210721","01","11","    69580","JP3712000003","421.0000","433.0000","419.0000","424.0000","424.0000","425.0000","420.0000","421.0000","421.0000","433.0000","419.0000","421.0000"," ","0.0000","0.0000","150800","63921400","423.8820"
"20210721","01","11","    69610","JP3169800004","3335.0000","3345.0000","3300.0000","3330.0000","3330.0000","3350.0000","3310.0000","3335.0000","3335.0000","3350.0000","3300.0000","3335.0000"," ","0.0000","0.0000","46700","155392500","3327.4625"
"20210721","01","11","    69620","JP3484400001","3510.0000","3540.0000","3480.0000","3480.0000","3475.0000","3485.0000","3425.0000","3435.0000","3510.0000","3540.0000","3425.0000","3435.0000"," ","0.0000","0.0000","68600","238572000","3477.7259"
"20210721","01","11","    69630","JP3982800009","10180.0000","10220.0000","10030.0000","10030.0000","10030.0000","10050.0000","9940.0000","10000.0000","10180.0000","10220.0000","9940.0000","10000.0000"," ","0.0000","0.0000","474300","4768576000","10053.9237"
"20210721","01","11","    69650","JP3771800004","6280.0000","6350.0000","6260.0000","6270.0000","6290.0000","6300.0000","6230.0000","6250.0000","6280.0000","6350.0000","6230.0000","6250.0000"," ","0.0000","0.0000","388500","2441545000","6284.5431"
"20210721","01","11","    69660","JP3892400007","5840.0000","6040.0000","5810.0000","5980.0000","5960.0000","6000.0000","5880.0000","5990.0000","5840.0000","6040.0000","5810.0000","5990.0000"," ","0.0000","0.0000","590700","3513860000","5948.6372"
"20210721","01","11","    69670","JP3375800004","3835.0000","3875.0000","3780.0000","3815.0000","3810.0000","3815.0000","3745.0000","3800.0000","3835.0000","3875.0000","3745.0000","3800.0000"," ","0.0000","0.0000","1020600","3889644500","3811.1351"
"20210721","01","11","    69710","JP3249600002","6730.0000","6774.0000","6662.0000","6670.0000","6684.0000","6693.0000","6655.0000","6682.0000","6730.0000","6774.0000","6655.0000","6682.0000"," ","0.0000","0.0000","934500","6265004000","6704.1241"
"20210721","01","11","    69730","JP3247200003","1422.0000","1424.0000","1407.0000","1424.0000","1414.0000","1424.0000","1412.0000","1424.0000","1422.0000","1424.0000","1407.0000","1424.0000"," ","0.0000","0.0000","4300","6103500","1419.4186"
"20210721","01","11","    69760","JP3452000007","5270.0000","5300.0000","5200.0000","5200.0000","5220.0000","5220.0000","5150.0000","5210.0000","5270.0000","5300.0000","5150.0000","5210.0000"," ","0.0000","0.0000","1091600","5700163000","5221.8422"
"20210721","01","11","    69810","JP3914400001","8837.0000","8932.0000","8801.0000","8856.0000","8878.0000","8881.0000","8741.0000","8774.0000","8837.0000","8932.0000","8741.0000","8774.0000"," ","0.0000","0.0000","2313800","20420472000","8825.5130"
"20210721","01","11","    69860","JP3824400000","791.0000","793.0000","780.0000","783.0000","784.0000","788.0000","782.0000","784.0000","791.0000","793.0000","780.0000","784.0000"," ","0.0000","0.0000","81800","64284300","785.8716"
"20210721","01","11","    69880","JP3684000007","8250.0000","8290.0000","8130.0000","8130.0000","8160.0000","8200.0000","8120.0000","8200.0000","8250.0000","8290.0000","8120.0000","8200.0000"," ","0.0000","0.0000","552700","4530220000","8196.5261"
"20210721","01","11","    69890","JP3844600001","1065.0000","1083.0000","1065.0000","1076.0000","1073.0000","1080.0000","1073.0000","1080.0000","1065.0000","1083.0000","1065.0000","1080.0000"," ","0.0000","0.0000","12400","13313800","1073.6935"
"20210721","01","11","    69950","JP3566600007","1759.0000","1771.0000","1750.0000","1750.0000","1754.0000","1756.0000","1744.0000","1746.0000","1759.0000","1771.0000","1744.0000","1746.0000"," ","0.0000","0.0000","149700","262332000","1752.3848"
"20210721","01","11","    69960","JP3661800007","1140.0000","1150.0000","1130.0000","1130.0000","1128.0000","1136.0000","1124.0000","1126.0000","1140.0000","1150.0000","1124.0000","1126.0000"," ","0.0000","0.0000","256400","291197800","1135.7168"
"20210721","01","11","    69970","JP3701200002","2495.0000","2545.0000","2477.0000","2529.0000","2523.0000","2525.0000","2476.0000","2491.0000","2495.0000","2545.0000","2476.0000","2491.0000"," ","0.0000","0.0000","260100","652082900","2507.0469"
"20210721","01","11","    69990","JP3283400004","1646.0000","1659.0000","1592.0000","1596.0000","1600.0000","1601.0000","1569.0000","1586.0000","1646.0000","1659.0000","1569.0000","1586.0000"," ","0.0000","0.0000","757300","1215568300","1605.1344"
"20210721","01","11","    70030","JP3891600003","510.0000","515.0000","502.0000","503.0000","503.0000","504.0000","499.0000","501.0000","510.0000","515.0000","499.0000","501.0000"," ","0.0000","0.0000","890100","450536700","506.1641"
"20210721","01","11","    70040","JP3789000001","758.0000","764.0000","743.0000","745.0000","748.0000","749.0000","740.0000","743.0000","758.0000","764.0000","740.0000","743.0000"," ","0.0000","0.0000","1701300","1274942800","749.3933"
"20210721","01","11","    70110","JP3900000005","3132.0000","3139.0000","3072.0000","3072.0000","3082.0000","3083.0000","3058.0000","3073.0000","3132.0000","3139.0000","3058.0000","3073.0000"," ","0.0000","0.0000","1436600","4437477000","3088.8744"
"20210721","01","11","    70120","JP3224200000","2278.0000","2279.0000","2229.0000","2229.0000","2232.0000","2234.0000","2208.0000","2212.0000","2278.0000","2279.0000","2208.0000","2212.0000"," ","0.0000","0.0000","1448100","3237805700","2235.8992"
"20210721","01","11","    70130","JP3134800006","2483.0000","2483.0000","2448.0000","2453.0000","2451.0000","2456.0000","2436.0000","2442.0000","2483.0000","2483.0000","2436.0000","2442.0000"," ","0.0000","0.0000","1124200","2763441100","2458.1401"
"20210721","01","11","    70140","JP3651400008","190.0000","209.0000","190.0000","202.0000","201.0000","212.0000","201.0000","208.0000","190.0000","212.0000","190.0000","208.0000"," ","0.0000","0.0000","4107900","832147400","202.5725"
"20210721","01","11","    70220","JP3322810007","151.0000","152.0000","150.0000","152.0000","151.0000","152.0000","151.0000","152.0000","151.0000","152.0000","150.0000","152.0000"," ","0.0000","0.0000","99700","15073500","151.1886"
"20210721","01","11","    70300","JP3400020008","1140.0000","1145.0000","1124.0000","1141.0000","1141.0000","1149.0000","1134.0000","1147.0000","1140.0000","1149.0000","1124.0000","1147.0000"," ","0.0000","0.0000","57100","65160700","1141.1681"
"20210721","01","11","    70330","JP3869980007","2614.0000","2710.0000","2614.0000","2698.0000","2699.0000","2738.0000","2694.0000","2707.0000","2614.0000","2738.0000","2614.0000","2707.0000"," ","0.0000","0.0000","83200","224680200","2700.4832"
"20210721","01","11","    70340","JP3833830007","2976.0000","3015.0000","2900.0000","2941.0000","2941.0000","2961.0000","2923.0000","2953.0000","2976.0000","3015.0000","2900.0000","2953.0000"," ","0.0000","0.0000","68200","201604600","2956.0792"
"20210721","01","11","    70350","JP3128620006","642.0000","652.0000","642.0000","651.0000","651.0000","651.0000","647.0000","648.0000","642.0000","652.0000","642.0000","648.0000"," ","0.0000","0.0000","12400","8038900","648.2984"
"20210721","01","11","    70370","JP3545820007","1167.0000","1167.0000","1158.0000","1158.0000","1155.0000","1155.0000","1155.0000","1155.0000","1167.0000","1167.0000","1155.0000","1155.0000"," ","0.0000","0.0000","600","695300","1158.8333"
"20210721","01","11","    70380","JP3829550007","1105.0000","1130.0000","1102.0000","1106.0000","1106.0000","1114.0000","1099.0000","1101.0000","1105.0000","1130.0000","1099.0000","1101.0000"," ","0.0000","0.0000","28000","31122000","1111.5000"
"20210721","01","11","    70440","JP3801650007","1026.0000","1026.0000","1001.0000","1003.0000","1003.0000","1009.0000","1000.0000","1003.0000","1026.0000","1026.0000","1000.0000","1003.0000"," ","0.0000","0.0000","39700","39993200","1007.3854"
"20210721","01","11","    70590","JP3302000009","1312.0000","1314.0000","1290.0000","1311.0000","1311.0000","1311.0000","1295.0000","1301.0000","1312.0000","1314.0000","1290.0000","1301.0000"," ","0.0000","0.0000","21300","27753200","1302.9671"
"20210721","01","11","    70600","JP3263700001","1617.0000","1633.0000","1587.0000","1623.0000","1623.0000","1629.0000","1587.0000","1599.0000","1617.0000","1633.0000","1587.0000","1599.0000"," ","0.0000","0.0000","23100","37074400","1604.9524"
"20210721","01","11","    70850","JP3205100005","873.0000","881.0000","851.0000","851.0000","853.0000","859.0000","850.0000","852.0000","873.0000","881.0000","850.0000","852.0000"," ","0.0000","0.0000","243500","210103900","862.8497"
"20210721","01","11","    70880","JP3803060007","910.0000","913.0000","906.0000","906.0000","906.0000","906.0000","903.0000","906.0000","910.0000","913.0000","903.0000","906.0000"," ","0.0000","0.0000","19400","17597500","907.0876"
"20210721","01","11","    71020","JP3713600009","2082.0000","2084.0000","2073.0000","2077.0000","2081.0000","2089.0000","2080.0000","2086.0000","2082.0000","2089.0000","2073.0000","2086.0000"," ","0.0000","0.0000","12900","26858900","2082.0853"
"20210721","01","11","    71050","JP3753800006","980.0000","991.0000","970.0000","985.0000","984.0000","991.0000","982.0000","982.0000","980.0000","991.0000","970.0000","982.0000"," ","0.0000","0.0000","68400","67185800","982.2485"
"20210721","01","11","    71220","JP3258800006","1225.0000","1225.0000","1195.0000","1197.0000","1197.0000","1197.0000","1195.0000","1197.0000","1225.0000","1225.0000","1195.0000","1197.0000"," ","0.0000","0.0000","5800","7000400","1206.9655"
"20210721","01","11","    71480","JP3166990006","743.0000","753.0000","740.0000","741.0000","740.0000","741.0000","735.0000","736.0000","743.0000","753.0000","735.0000","736.0000"," ","0.0000","0.0000","210400","156118100","742.0062"
"20210721","01","11","    71500","JP3357800006","607.0000","612.0000","607.0000","608.0000","607.0000","613.0000","605.0000","613.0000","607.0000","613.0000","605.0000","613.0000"," ","0.0000","0.0000","21000","12777400","608.4476"
"20210721","01","11","    71610","JP3387970001","641.0000","644.0000","636.0000","636.0000","638.0000","639.0000","633.0000","639.0000","641.0000","644.0000","633.0000","639.0000"," ","0.0000","0.0000","19100","12188800","638.1571"
"20210721","01","11","    71640","JP3429250008","5020.0000","5020.0000","4975.0000","4985.0000","4995.0000","5010.0000","4960.0000","5010.0000","5020.0000","5020.0000","4960.0000","5010.0000"," ","0.0000","0.0000","174400","871118000","4994.9427"
"20210721","01","11","    71670","JP3117700009","235.0000","237.0000","233.0000","234.0000","234.0000","235.0000","232.0000","232.0000","235.0000","237.0000","232.0000","232.0000"," ","0.0000","0.0000","4424100","1034459100","233.8236"
"20210721","01","11","    71720","JP3389470000","1529.0000","1545.0000","1519.0000","1538.0000","1537.0000","1540.0000","1527.0000","1528.0000","1529.0000","1545.0000","1519.0000","1528.0000"," ","0.0000","0.0000","88200","135252100","1533.4705"
"20210721","01","11","    71730","JP3584400000","1550.0000","1552.0000","1530.0000","1532.0000","1526.0000","1537.0000","1526.0000","1529.0000","1550.0000","1552.0000","1526.0000","1529.0000"," ","0.0000","0.0000","56300","86495400","1536.3304"
"20210721","01","11","    71800","JP3246500007","389.0000","391.0000","383.0000","383.0000","384.0000","389.0000","383.0000","383.0000","389.0000","391.0000","383.0000","383.0000"," ","0.0000","0.0000","730100","281608600","385.7124"
"20210721","01","11","    71810","JP3233250004","1951.0000","1964.0000","1947.0000","1949.0000","1952.0000","1953.0000","1934.0000","1939.0000","1951.0000","1964.0000","1934.0000","1939.0000"," ","0.0000","0.0000","562800","1095498100","1946.5140"
"20210721","01","11","    71820","JP3946750001","928.0000","938.0000","928.0000","932.0000","934.0000","935.0000","929.0000","930.0000","928.0000","938.0000","928.0000","930.0000"," ","0.0000","0.0000","1568400","1461649700","931.9368"
"20210721","01","11","    71830","JP3127650004","344.0000","344.0000","338.0000","339.0000","338.0000","339.0000","337.0000","339.0000","344.0000","344.0000","337.0000","339.0000"," ","0.0000","0.0000","27500","9333700","339.4073"
"20210721","01","11","    71840","JP3632150003","270.0000","272.0000","270.0000","270.0000","270.0000","271.0000","269.0000","271.0000","270.0000","272.0000","269.0000","271.0000"," ","0.0000","0.0000","32300","8738200","270.5325"
"20210721","01","11","    71860","JP3305990008","393.0000","399.0000","392.0000","392.0000","394.0000","394.0000","391.0000","391.0000","393.0000","399.0000","391.0000","391.0000"," ","0.0000","0.0000","2644900","1040737800","393.4885"
"20210721","01","11","    71870","JP3386590008","1646.0000","1669.0000","1543.0000","1562.0000","1561.0000","1608.0000","1552.0000","1585.0000","1646.0000","1669.0000","1543.0000","1585.0000"," ","0.0000","0.0000","1301900","2066803800","1587.5288"
"20210721","01","11","    71890","JP3658850007","619.0000","626.0000","618.0000","619.0000","622.0000","622.0000","616.0000","616.0000","619.0000","626.0000","616.0000","616.0000"," ","0.0000","0.0000","402900","249440900","619.1137"
"20210721","01","11","    71910","JP3153160001","660.0000","665.0000","655.0000","659.0000","660.0000","660.0000","656.0000","656.0000","660.0000","665.0000","655.0000","656.0000"," ","0.0000","0.0000","57700","38064700","659.7002"
"20210721","01","11","    71920","JP3752500003","1018.0000","1018.0000","1010.0000","1012.0000","1010.0000","1011.0000","1007.0000","1011.0000","1018.0000","1018.0000","1007.0000","1011.0000"," ","0.0000","0.0000","7700","7790800","1011.7922"
"20210721","01","11","    71960","JP3204500007","974.0000","977.0000","966.0000","968.0000","969.0000","969.0000","961.0000","965.0000","974.0000","977.0000","961.0000","965.0000"," ","0.0000","0.0000","117700","113950700","968.1453"
"20210721","01","11","    71980","JP3126290000","1402.0000","1420.0000","1401.0000","1413.0000","1413.0000","1414.0000","1400.0000","1402.0000","1402.0000","1420.0000","1400.0000","1402.0000"," ","0.0000","0.0000","217700","306701200","1408.8250"
"20210721","01","11","    71990","JP3833710001","3510.0000","3595.0000","3495.0000","3585.0000","3585.0000","3595.0000","3540.0000","3540.0000","3510.0000","3595.0000","3495.0000","3540.0000"," ","0.0000","0.0000","57700","204479000","3543.8302"
"20210721","01","11","    72010","JP3672400003","556.6000","566.5000","555.7000","560.1000","560.0000","562.0000","554.7000","555.6000","556.6000","566.5000","554.7000","555.6000"," ","0.0000","0.0000","15175400","8496969780","559.9174"
"20210721","01","11","    72020","JP3137200006","1412.0000","1422.0000","1398.0000","1409.0000","1412.0000","1418.0000","1405.0000","1410.0000","1412.0000","1422.0000","1398.0000","1410.0000"," ","0.0000","0.0000","2662000","3758466500","1411.8958"
"20210721","01","11","    72030","JP3633400001","9704.0000","9826.0000","9686.0000","9728.0000","9749.0000","9757.0000","9713.0000","9725.0000","9704.0000","9826.0000","9686.0000","9725.0000"," ","0.0000","0.0000","4142900","40391005200","9749.4521"
"20210721","01","11","    72050","JP3792600003","891.0000","907.0000","891.0000","893.0000","899.0000","911.0000","895.0000","906.0000","891.0000","911.0000","891.0000","906.0000"," ","0.0000","0.0000","1999400","1805225700","902.8837"
"20210721","01","11","    72110","JP3899800001","284.0000","288.0000","282.0000","284.0000","284.0000","284.0000","279.0000","279.0000","284.0000","288.0000","279.0000","279.0000"," ","0.0000","0.0000","11331100","3203462700","282.7142"
"20210721","01","11","    72120","JP3166950000","776.0000","790.0000","774.0000","775.0000","777.0000","780.0000","770.0000","772.0000","776.0000","790.0000","770.0000","772.0000"," ","0.0000","0.0000","114600","89004000","776.6492"
"20210721","01","11","    72130","JP3979550005","572.0000","573.0000","571.0000","572.0000","570.0000","572.0000","570.0000","572.0000","572.0000","573.0000","570.0000","572.0000"," ","0.0000","0.0000","4800","2742600","571.3750"
"20210721","01","11","    72140","JP3385860006","1191.0000","1213.0000","1191.0000","1194.0000","1193.0000","1195.0000","1182.0000","1188.0000","1191.0000","1213.0000","1182.0000","1188.0000"," ","0.0000","0.0000","13600","16243500","1194.3750"
"20210721","01","11","    72150","JP3802660005","737.0000","737.0000","721.0000","721.0000","726.0000","733.0000","716.0000","726.0000","737.0000","737.0000","716.0000","726.0000"," ","0.0000","0.0000","28300","20539300","725.7703"
"20210721","01","11","    72200","JP3912700006","2354.0000","2383.0000","2345.0000","2364.0000","2368.0000","2375.0000","2356.0000","2357.0000","2354.0000","2383.0000","2345.0000","2357.0000"," ","0.0000","0.0000","280800","664185200","2365.3319"
"20210721","01","11","    72220","JP3672000001","722.0000","731.0000","718.0000","723.0000","723.0000","729.0000","722.0000","725.0000","722.0000","731.0000","718.0000","725.0000"," ","0.0000","0.0000","89200","64638300","724.6446"
"20210721","01","11","    72240","JP3384600007","953.0000","953.0000","942.0000","942.0000","941.0000","945.0000","939.0000","939.0000","953.0000","953.0000","939.0000","939.0000"," ","0.0000","0.0000","150200","141705100","943.4427"
"20210721","01","11","    72260","JP3256900006","1514.0000","1537.0000","1514.0000","1520.0000","1530.0000","1530.0000","1519.0000","1521.0000","1514.0000","1537.0000","1514.0000","1521.0000"," ","0.0000","0.0000","52700","80237700","1522.5370"
"20210721","01","11","    72310","JP3630200008","1276.0000","1279.0000","1256.0000","1258.0000","1258.0000","1258.0000","1250.0000","1254.0000","1276.0000","1279.0000","1250.0000","1254.0000"," ","0.0000","0.0000","26400","33357500","1263.5417"
"20210721","01","11","    72360","JP3620200000","2630.0000","2700.0000","2630.0000","2687.0000","2682.0000","2688.0000","2671.0000","2677.0000","2630.0000","2700.0000","2630.0000","2677.0000"," ","0.0000","0.0000","26900","72023600","2677.4572"
"20210721","01","11","    72380","JP3108400007","168.0000","170.0000","165.0000","166.0000","166.0000","167.0000","165.0000","166.0000","168.0000","170.0000","165.0000","166.0000"," ","0.0000","0.0000","815300","136329400","167.2138"
"20210721","01","11","    72390","JP3465400004","1440.0000","1449.0000","1427.0000","1428.0000","1429.0000","1437.0000","1428.0000","1432.0000","1440.0000","1449.0000","1427.0000","1432.0000"," ","0.0000","0.0000","63300","90922100","1436.3681"
"20210721","01","11","    72400","JP3164800009","1551.0000","1559.0000","1473.0000","1484.0000","1481.0000","1483.0000","1425.0000","1440.0000","1551.0000","1559.0000","1425.0000","1440.0000"," ","0.0000","0.0000","2967200","4399488700","1482.7072"
"20210721","01","11","    72410","JP3824000008","553.0000","564.0000","552.0000","557.0000","559.0000","571.0000","555.0000","569.0000","553.0000","571.0000","552.0000","569.0000"," ","0.0000","0.0000","336800","189868000","563.7411"
"20210721","01","11","    72420","JP3220200004","3575.0000","3615.0000","3550.0000","3585.0000","3570.0000","3590.0000","3560.0000","3580.0000","3575.0000","3615.0000","3550.0000","3580.0000"," ","0.0000","0.0000","101900","365260000","3584.4946"
"20210721","01","11","    72440","JP3141600001","694.0000","703.0000","694.0000","698.0000","696.0000","702.0000","695.0000","696.0000","694.0000","703.0000","694.0000","696.0000"," ","0.0000","0.0000","170200","118794500","697.9700"
"20210721","01","11","    72450","JP3491800003","595.0000","603.0000","594.0000","597.0000","595.0000","596.0000","590.0000","590.0000","595.0000","603.0000","590.0000","590.0000"," ","0.0000","0.0000","74700","44442800","594.9505"
"20210721","01","11","    72460","JP3833600004","356.0000","356.0000","351.0000","351.0000","351.0000","353.0000","349.0000","352.0000","356.0000","356.0000","349.0000","352.0000"," ","0.0000","0.0000","400300","141151900","352.6153"
"20210721","01","11","    72470","JP3882800000","318.0000","318.0000","313.0000","314.0000","315.0000","315.0000","311.0000","312.0000","318.0000","318.0000","311.0000","312.0000"," ","0.0000","0.0000","33600","10614100","315.8958"
"20210721","01","11","    72500","JP3448400006","1169.0000","1190.0000","1169.0000","1177.0000","1179.0000","1182.0000","1173.0000","1177.0000","1169.0000","1190.0000","1169.0000","1177.0000"," ","0.0000","0.0000","68900","81262100","1179.4209"
"20210721","01","11","    72560","JP3208600001","393.0000","397.0000","392.0000","396.0000","396.0000","400.0000","395.0000","398.0000","393.0000","400.0000","392.0000","398.0000"," ","0.0000","0.0000","124400","49374600","396.9019"
"20210721","01","11","    72590","JP3102000001","4790.0000","4805.0000","4730.0000","4730.0000","4745.0000","4745.0000","4705.0000","4715.0000","4790.0000","4805.0000","4705.0000","4715.0000"," ","0.0000","0.0000","594800","2821641000","4743.8484"
"20210721","01","11","    72610","JP3868400007","1013.0000","1025.0000","1006.0000","1008.0000","1006.0000","1009.0000","1001.0000","1004.0000","1013.0000","1025.0000","1001.0000","1004.0000"," ","0.0000","0.0000","4058300","4101358000","1010.6099"
"20210721","01","11","    72660","JP3149100004","686.0000","698.0000","685.0000","688.0000","687.0000","689.0000","685.0000","688.0000","686.0000","698.0000","685.0000","688.0000"," ","0.0000","0.0000","21600","14866600","688.2685"
"20210721","01","11","    72670","JP3854600008","3463.0000","3475.0000","3426.0000","3430.0000","3432.0000","3441.0000","3418.0000","3418.0000","3463.0000","3475.0000","3418.0000","3418.0000"," ","0.0000","0.0000","3244800","11152874000","3437.1530"
"20210721","01","11","    72690","JP3397200001","4511.0000","4564.0000","4452.0000","4465.0000","4466.0000","4690.0000","4458.0000","4539.0000","4511.0000","4690.0000","4452.0000","4539.0000"," ","0.0000","0.0000","3912700","17832193400","4557.5161"
"20210721","01","11","    72700","JP3814800003","2080.0000","2098.5000","2071.5000","2072.5000","2081.5000","2085.0000","2071.5000","2076.5000","2080.0000","2098.5000","2071.5000","2076.5000"," ","0.0000","0.0000","2058600","4280934550","2079.5368"
"20210721","01","11","    72710","JP3932850005","1130.0000","1146.0000","1130.0000","1135.0000","1133.0000","1136.0000","1125.0000","1134.0000","1130.0000","1146.0000","1125.0000","1134.0000"," ","0.0000","0.0000","15100","17142000","1135.2318"
"20210721","01","11","    72720","JP3942800008","2688.0000","2708.0000","2656.0000","2680.0000","2695.0000","2697.0000","2677.0000","2684.0000","2688.0000","2708.0000","2656.0000","2684.0000"," ","0.0000","0.0000","1597600","4292056300","2686.5650"
"20210721","01","11","    72760","JP3284600008","6610.0000","6670.0000","6600.0000","6620.0000","6640.0000","6640.0000","6600.0000","6610.0000","6610.0000","6670.0000","6600.0000","6610.0000"," ","0.0000","0.0000","345500","2286857000","6618.9783"
"20210721","01","11","    72770","JP3588200000","410.0000","410.0000","408.0000","410.0000","410.0000","411.0000","409.0000","410.0000","410.0000","411.0000","408.0000","410.0000"," ","0.0000","0.0000","13900","5695800","409.7698"
"20210721","01","11","    72780","JP3161160001","1667.0000","1684.0000","1660.0000","1672.0000","1673.0000","1678.0000","1664.0000","1668.0000","1667.0000","1684.0000","1660.0000","1668.0000"," ","0.0000","0.0000","235400","393542900","1671.8050"
"20210721","01","11","    72800","JP3895200008","790.0000","801.0000","786.0000","788.0000","790.0000","792.0000","781.0000","781.0000","790.0000","801.0000","781.0000","781.0000"," ","0.0000","0.0000","110000","86854400","789.5855"
"20210721","01","11","    72820","JP3634200004","2619.0000","2641.0000","2601.0000","2613.0000","2619.0000","2628.0000","2608.0000","2623.0000","2619.0000","2641.0000","2601.0000","2623.0000"," ","0.0000","0.0000","389400","1020727200","2621.2820"
"20210721","01","11","    72830","JP3101600009","900.0000","906.0000","895.0000","897.0000","903.0000","904.0000","895.0000","901.0000","900.0000","906.0000","895.0000","901.0000"," ","0.0000","0.0000","174500","157119300","900.3971"
"20210721","01","11","    72840","JP3920800004","1010.0000","1010.0000","994.0000","994.0000","999.0000","1005.0000","999.0000","1005.0000","1010.0000","1010.0000","994.0000","1005.0000"," ","0.0000","0.0000","3200","3222800","1007.1250"
"20210721","01","11","    72910","JP3749200006","685.0000","688.0000","680.0000","681.0000","680.0000","683.0000","676.0000","680.0000","685.0000","688.0000","676.0000","680.0000"," ","0.0000","0.0000","55100","37553300","681.5481"
"20210721","01","11","    72940","JP3961400003","1206.0000","1216.0000","1202.0000","1207.0000","1212.0000","1212.0000","1201.0000","1205.0000","1206.0000","1216.0000","1201.0000","1205.0000"," ","0.0000","0.0000","31400","37926800","1207.8599"
"20210721","01","11","    72960","JP3166900005","1552.0000","1565.0000","1546.0000","1547.0000","1551.0000","1556.0000","1545.0000","1546.0000","1552.0000","1565.0000","1545.0000","1546.0000"," ","0.0000","0.0000","138100","214308700","1551.8371"
"20210721","01","11","    73050","JP3125600001","1478.0000","1490.0000","1473.0000","1484.0000","1481.0000","1488.0000","1473.0000","1473.0000","1478.0000","1490.0000","1473.0000","1473.0000"," ","0.0000","0.0000","9700","14342400","1478.5979"
"20210721","01","11","    73090","JP3358000002","27820.0000","27960.0000","27680.0000","27680.0000","27655.0000","27735.0000","27565.0000","27615.0000","27820.0000","27960.0000","27565.0000","27615.0000"," ","0.0000","0.0000","150900","4182908000","27719.7349"
"20210721","01","11","    73130","JP3539230007","1638.0000","1663.0000","1631.0000","1645.0000","1651.0000","1661.0000","1645.0000","1650.0000","1638.0000","1663.0000","1631.0000","1650.0000"," ","0.0000","0.0000","209100","345318000","1651.4491"
"20210721","01","11","    73220","JP3333500001","1422.0000","1425.0000","1415.0000","1415.0000","1416.0000","1420.0000","1416.0000","1416.0000","1422.0000","1425.0000","1415.0000","1416.0000"," ","0.0000","0.0000","45900","65145700","1419.2963"
"20210721","01","11","    73270","JP3483850008","2391.0000","2419.0000","2391.0000","2393.0000","2402.0000","2405.0000","2385.0000","2385.0000","2391.0000","2419.0000","2385.0000","2385.0000"," ","0.0000","0.0000","79100","189628500","2397.3262"
"20210721","01","11","    73370","JP3796150005","579.0000","582.0000","576.0000","576.0000","578.0000","578.0000","575.0000","575.0000","579.0000","582.0000","575.0000","575.0000"," ","0.0000","0.0000","369900","213528400","577.2598"
"20210721","01","11","    73470","JP3860160005","738.0000","738.0000","718.0000","725.0000","723.0000","723.0000","718.0000","722.0000","738.0000","738.0000","718.0000","722.0000"," ","0.0000","0.0000","27700","20144800","727.2491"
"20210721","01","11","    73540","JP3500170000","3790.0000","3880.0000","3790.0000","3865.0000","3855.0000","3865.0000","3825.0000","3835.0000","3790.0000","3880.0000","3790.0000","3835.0000"," ","0.0000","0.0000","33800","129755000","3838.9053"
"20210721","01","11","    73580","JP3856500008","4090.0000","4130.0000","4080.0000","4100.0000","4100.0000","4100.0000","4035.0000","4050.0000","4090.0000","4130.0000","4035.0000","4050.0000"," ","0.0000","0.0000","25000","102016000","4080.6400"
"20210721","01","11","    73660","JP3974470001","5390.0000","5390.0000","5280.0000","5320.0000","5310.0000","5380.0000","5310.0000","5330.0000","5390.0000","5390.0000","5280.0000","5330.0000"," ","0.0000","0.0000","12500","66730000","5338.4000"
"20210721","01","11","    74080","JP3390000002","1030.0000","1038.0000","1008.0000","1008.0000","1003.0000","1020.0000","1003.0000","1017.0000","1030.0000","1038.0000","1003.0000","1017.0000"," ","0.0000","0.0000","62600","63763200","1018.5815"
"20210721","01","11","    74140","JP3196700003","1310.0000","1320.0000","1305.0000","1315.0000","1319.0000","1319.0000","1310.0000","1310.0000","1310.0000","1320.0000","1305.0000","1310.0000"," ","0.0000","0.0000","10400","13659700","1313.4327"
"20210721","01","11","    74160","JP3773600006","635.0000","639.0000","635.0000","635.0000","637.0000","637.0000","631.0000","633.0000","635.0000","639.0000","631.0000","633.0000"," ","0.0000","0.0000","6900","4374100","633.9275"
"20210721","01","11","    74170","JP3653700009","1965.0000","1965.0000","1944.0000","1944.0000","1950.0000","1962.0000","1948.0000","1948.0000","1965.0000","1965.0000","1944.0000","1948.0000"," ","0.0000","0.0000","1800","3518100","1954.5000"
"20210721","01","11","    74190","JP3761600000","2865.0000","2887.0000","2847.0000","2876.0000","2876.0000","2883.0000","2858.0000","2867.0000","2865.0000","2887.0000","2847.0000","2867.0000"," ","0.0000","0.0000","80300","230411900","2869.3885"
"20210721","01","11","    74200","JP3322300009","831.0000","854.0000","831.0000","844.0000","843.0000","847.0000","839.0000","847.0000","831.0000","854.0000","831.0000","847.0000"," ","0.0000","0.0000","42300","35704300","844.0733"
"20210721","01","11","    74210","JP3212400000","1415.0000","1424.0000","1410.0000","1412.0000","1414.0000","1416.0000","1411.0000","1411.0000","1415.0000","1424.0000","1410.0000","1411.0000"," ","0.0000","0.0000","93400","132109200","1414.4454"
"20210721","01","11","    74270","JP3161170000","663.0000","663.0000","652.0000","652.0000","653.0000","658.0000","652.0000","652.0000","663.0000","663.0000","652.0000","652.0000"," ","0.0000","0.0000","5500","3595000","653.6364"
"20210721","01","11","    74330","JP3766400000","1507.0000","1517.0000","1501.0000","1501.0000","1502.0000","1514.0000","1501.0000","1512.0000","1507.0000","1517.0000","1501.0000","1512.0000"," ","0.0000","0.0000","46500","70154300","1508.6946"
"20210721","01","11","    74380","JP3306050000","999.0000","999.0000","990.0000","990.0000","999.0000","999.0000","992.0000","999.0000","999.0000","999.0000","990.0000","999.0000"," ","0.0000","0.0000","9400","9382600","998.1489"
"20210721","01","11","    74420","JP3646600001","444.0000","444.0000","440.0000","440.0000","441.0000","444.0000","438.0000","444.0000","444.0000","444.0000","438.0000","444.0000"," ","0.0000","0.0000","12700","5626500","443.0315"
"20210721","01","11","    74450","JP3965600004","728.0000","730.0000","717.0000","719.0000","721.0000","722.0000","714.0000","714.0000","728.0000","730.0000","714.0000","714.0000"," ","0.0000","0.0000","37100","26794200","722.2156"
"20210721","01","11","    74470","JP3647000003","2575.0000","2598.0000","2563.0000","2584.0000","2579.0000","2597.0000","2576.0000","2590.0000","2575.0000","2598.0000","2563.0000","2590.0000"," ","0.0000","0.0000","35700","92318100","2585.9412"
"20210721","01","11","    74510","JP3976000004","2835.0000","2852.0000","2812.0000","2826.0000","2826.0000","2854.0000","2826.0000","2840.0000","2835.0000","2854.0000","2812.0000","2840.0000"," ","0.0000","0.0000","84400","239544000","2838.1991"
"20210721","01","11","    74530","JP3976300008","2106.0000","2109.0000","2076.0000","2078.0000","2085.0000","2091.0000","2074.0000","2090.0000","2106.0000","2109.0000","2074.0000","2090.0000"," ","0.0000","0.0000","1657000","3461941800","2089.2829"
"20210721","01","11","    74550","JP3882600004","270.0000","271.0000","268.0000","268.0000","270.0000","270.0000","268.0000","270.0000","270.0000","271.0000","268.0000","270.0000"," ","0.0000","0.0000","14600","3934900","269.5137"
"20210721","01","11","    74560","JP3868500004","2096.0000","2121.0000","2092.0000","2098.0000","2094.0000","2112.0000","2094.0000","2107.0000","2096.0000","2121.0000","2092.0000","2107.0000"," ","0.0000","0.0000","15100","31810800","2106.6755"
"20210721","01","11","    74580","JP3475200006","4080.0000","4145.0000","4055.0000","4105.0000","4120.0000","4130.0000","4100.0000","4110.0000","4080.0000","4145.0000","4055.0000","4110.0000"," ","0.0000","0.0000","103400","424766000","4107.9884"
"20210721","01","11","    74590","JP3268950007","2150.0000","2165.0000","2132.0000","2133.0000","2130.0000","2140.0000","2123.0000","2126.0000","2150.0000","2165.0000","2123.0000","2126.0000"," ","0.0000","0.0000","351000","749314700","2134.7997"
"20210721","01","11","    74630","JP3121950004","895.0000","909.0000","895.0000","899.0000","902.0000","902.0000","896.0000","899.0000","895.0000","909.0000","895.0000","899.0000"," ","0.0000","0.0000","18800","16938300","900.9734"
"20210721","01","11","    74660","JP3163800000","1374.0000","1375.0000","1365.0000","1371.0000","1371.0000","1372.0000","1367.0000","1372.0000","1374.0000","1375.0000","1365.0000","1372.0000"," ","0.0000","0.0000","4900","6720800","1371.5918"
"20210721","01","11","    74670","JP3765600006","2261.0000","2274.0000","2230.0000","2248.0000","2243.0000","2279.0000","2233.0000","2277.0000","2261.0000","2279.0000","2230.0000","2277.0000"," ","0.0000","0.0000","20800","46875000","2253.6058"
"20210721","01","11","    74750","JP3126300007","2328.0000","2342.0000","2328.0000","2339.0000","2337.0000","2350.0000","2335.0000","2341.0000","2328.0000","2350.0000","2328.0000","2341.0000"," ","0.0000","0.0000","5200","12165800","2339.5769"
"20210721","01","11","    74760","JP3131300000","14750.0000","15000.0000","14750.0000","14870.0000","14950.0000","15050.0000","14900.0000","14990.0000","14750.0000","15050.0000","14750.0000","14990.0000"," ","0.0000","0.0000","24100","360451000","14956.4730"
"20210721","01","11","    74800","JP3398400006","1447.0000","1452.0000","1447.0000","1452.0000","1457.0000","1458.0000","1447.0000","1452.0000","1447.0000","1458.0000","1447.0000","1452.0000"," ","0.0000","0.0000","3700","5365500","1450.1351"
"20210721","01","11","    74810","JP3174150007","1208.0000","1210.0000","1208.0000","1210.0000","1210.0000","1224.0000","1208.0000","1208.0000","1208.0000","1224.0000","1208.0000","1208.0000"," ","0.0000","0.0000","6100","7380900","1209.9836"
"20210721","01","11","    74820","JP3359500000","1070.0000","1078.0000","1070.0000","1078.0000","1084.0000","1084.0000","1077.0000","1079.0000","1070.0000","1084.0000","1070.0000","1079.0000"," ","0.0000","0.0000","2900","3125600","1077.7931"
"20210721","01","11","    74830","JP3638000004","1700.0000","1728.0000","1696.0000","1714.0000","1715.0000","1720.0000","1714.0000","1715.0000","1700.0000","1728.0000","1696.0000","1715.0000"," ","0.0000","0.0000","64600","110774800","1714.7802"
"20210721","01","11","    74870","JP3196650000","1908.0000","1908.0000","1874.0000","1893.0000","1893.0000","1893.0000","1889.0000","1889.0000","1908.0000","1908.0000","1874.0000","1889.0000"," ","0.0000","0.0000","6200","11729000","1891.7742"
"20210721","01","11","    74940","JP3300000001","342.0000","347.0000","340.0000","342.0000","342.0000","345.0000","342.0000","345.0000","342.0000","347.0000","340.0000","345.0000"," ","0.0000","0.0000","75300","25838200","343.1368"
"20210721","01","11","    75040","JP3288900008","1468.0000","1472.0000","1465.0000","1465.0000","1465.0000","1481.0000","1457.0000","1481.0000","1468.0000","1481.0000","1457.0000","1481.0000"," ","0.0000","0.0000","7800","11453900","1468.4487"
"20210721","01","11","    75060","JP3765300003","1640.0000","1640.0000","1640.0000","1640.0000","1635.0000","1639.0000","1632.0000","1639.0000","1640.0000","1640.0000","1632.0000","1639.0000"," ","0.0000","0.0000","900","1472800","1636.4444"
"20210721","01","11","    75080","JP3172450003","3535.0000","3550.0000","3505.0000","3530.0000","3530.0000","3540.0000","3510.0000","3540.0000","3535.0000","3550.0000","3505.0000","3540.0000"," ","0.0000","0.0000","23300","82314000","3532.7897"
"20210721","01","11","    75100","JP3463100002","1544.0000","1544.0000","1538.0000","1540.0000","1542.0000","1548.0000","1537.0000","1548.0000","1544.0000","1548.0000","1537.0000","1548.0000"," ","0.0000","0.0000","12400","19146100","1544.0403"
"20210721","01","11","    75120","JP3860270002","1003.0000","1019.0000","1001.0000","1015.0000","1017.0000","1021.0000","1013.0000","1019.0000","1003.0000","1021.0000","1001.0000","1019.0000"," ","0.0000","0.0000","40900","41495100","1014.5501"
"20210721","01","11","    75130","JP3297380002","686.0000","695.0000","682.0000","686.0000","685.0000","688.0000","680.0000","682.0000","686.0000","695.0000","680.0000","682.0000"," ","0.0000","0.0000","421100","289020600","686.3467"
"20210721","01","11","    75140","JP3793500004","1073.0000","1079.0000","1056.0000","1073.0000","1073.0000","1073.0000","1063.0000","1067.0000","1073.0000","1079.0000","1056.0000","1067.0000"," ","0.0000","0.0000","76100","81536500","1071.4389"
"20210721","01","11","    75160","JP3283750002","4320.0000","4340.0000","4275.0000","4275.0000","4275.0000","4335.0000","4275.0000","4305.0000","4320.0000","4340.0000","4275.0000","4305.0000"," ","0.0000","0.0000","200300","862740000","4307.2391"
"20210721","01","11","    75180","JP3758200004","3785.0000","3810.0000","3755.0000","3780.0000","3785.0000","3785.0000","3730.0000","3765.0000","3785.0000","3810.0000","3730.0000","3765.0000"," ","0.0000","0.0000","253500","955922000","3770.8955"
"20210721","01","11","    75200","JP3161180009","1889.0000","1901.0000","1889.0000","1896.0000","1896.0000","1902.0000","1894.0000","1894.0000","1889.0000","1902.0000","1889.0000","1894.0000"," ","0.0000","0.0000","12800","24241800","1893.8906"
"20210721","01","11","    75220","JP3993900004","936.0000","938.0000","918.0000","918.0000","918.0000","923.0000","916.0000","916.0000","936.0000","938.0000","916.0000","916.0000"," ","0.0000","0.0000","168100","155491500","924.9941"
"20210721","01","11","    75240","JP3875000006","491.0000","494.0000","491.0000","492.0000","493.0000","493.0000","489.0000","489.0000","491.0000","494.0000","489.0000","489.0000"," ","0.0000","0.0000","9200","4521600","491.4783"
"20210721","01","11","    75250","JP3974500005","1500.0000","1533.0000","1500.0000","1533.0000","1522.0000","1527.0000","1516.0000","1527.0000","1500.0000","1533.0000","1500.0000","1527.0000"," ","0.0000","0.0000","2900","4407400","1519.7931"
"20210721","01","11","    75270","JP3351000009","263.0000","274.0000","257.0000","269.0000","269.0000","281.0000","269.0000","281.0000","263.0000","281.0000","257.0000","281.0000"," ","0.0000","0.0000","8541300","2331501200","272.9680"
"20210721","01","11","    75320","JP3639650005","2370.0000","2412.0000","2363.0000","2386.0000","2398.0000","2404.0000","2377.0000","2381.0000","2370.0000","2412.0000","2363.0000","2381.0000"," ","0.0000","0.0000","920200","2197368000","2387.9244"
"20210721","01","11","    75370","JP3877500003","683.0000","688.0000","668.0000","671.0000","672.0000","676.0000","668.0000","672.0000","683.0000","688.0000","668.0000","672.0000"," ","0.0000","0.0000","57200","38647000","675.6469"
"20210721","01","11","    75450","JP3659300002","1384.0000","1391.0000","1371.0000","1374.0000","1374.0000","1376.0000","1363.0000","1368.0000","1384.0000","1391.0000","1363.0000","1368.0000"," ","0.0000","0.0000","1213700","1673821600","1379.1065"
"20210721","01","11","    75500","JP3429300001","2768.0000","2776.0000","2746.0000","2746.0000","2743.0000","2753.0000","2732.0000","2735.0000","2768.0000","2776.0000","2732.0000","2735.0000"," ","0.0000","0.0000","202300","556026400","2748.5240"
"20210721","01","11","    75520","JP3770300006","1461.0000","1466.0000","1447.0000","1447.0000","1448.0000","1452.0000","1447.0000","1447.0000","1461.0000","1466.0000","1447.0000","1447.0000"," ","0.0000","0.0000","37100","53895200","1452.7008"
"20210721","01","11","    75540","JP3292400003","1476.0000","1488.0000","1467.0000","1468.0000","1464.0000","1464.0000","1454.0000","1454.0000","1476.0000","1488.0000","1454.0000","1454.0000"," ","0.0000","0.0000","52400","76884100","1467.2538"
"20210721","01","11","    75610","JP3765100007","968.0000","988.0000","968.0000","984.0000","983.0000","990.0000","983.0000","985.0000","968.0000","990.0000","968.0000","985.0000"," ","0.0000","0.0000","23200","22537300","971.4353"
"20210721","01","11","    75700","JP3768000006","2853.0000","2853.0000","2833.0000","2853.0000","2882.0000","2882.0000","2879.0000","2879.0000","2853.0000","2882.0000","2833.0000","2879.0000"," ","0.0000","0.0000","800","2293700","2867.1250"
"20210721","01","11","    75750","JP3754500001","1355.0000","1384.0000","1347.0000","1372.0000","1376.0000","1376.0000","1368.0000","1369.0000","1355.0000","1384.0000","1347.0000","1369.0000"," ","0.0000","0.0000","285900","392092700","1371.4330"
"20210721","01","11","    75810","JP3310500008","2599.0000","2600.0000","2549.0000","2575.0000","2570.0000","2577.0000","2558.0000","2565.0000","2599.0000","2600.0000","2549.0000","2565.0000"," ","0.0000","0.0000","396200","1020395000","2575.4543"
"20210721","01","11","    75900","JP3456500002","879.0000","880.0000","864.0000","877.0000","877.0000","885.0000","874.0000","882.0000","879.0000","885.0000","864.0000","882.0000"," ","0.0000","0.0000","58000","50826200","876.3138"
"20210721","01","11","    75930","JP3854700006","484.0000","491.0000","479.0000","487.0000","487.0000","489.0000","483.0000","484.0000","484.0000","491.0000","479.0000","484.0000"," ","0.0000","0.0000","482400","234122700","485.3290"
"20210721","01","11","    75940","JP3873000008","2574.0000","2574.0000","2524.0000","2551.0000","2563.0000","2565.0000","2541.0000","2559.0000","2574.0000","2574.0000","2524.0000","2559.0000"," ","0.0000","0.0000","12400","31679300","2554.7823"
"20210721","01","11","    75950","JP3126110000","3415.0000","3435.0000","3380.0000","3380.0000","3360.0000","3445.0000","3350.0000","3410.0000","3415.0000","3445.0000","3350.0000","3410.0000"," ","0.0000","0.0000","24500","83661500","3414.7551"
"20210721","01","11","    75960","JP3155800000","2110.0000","2122.0000","2094.0000","2096.0000","2096.0000","2103.0000","2092.0000","2092.0000","2110.0000","2122.0000","2092.0000","2092.0000"," ","0.0000","0.0000","9500","19976300","2102.7684"
"20210721","01","11","    75990","JP3235700006","976.0000","976.0000","937.0000","948.0000","947.0000","964.0000","942.0000","963.0000","976.0000","976.0000","937.0000","963.0000"," ","0.0000","0.0000","2964100","2831124000","955.1378"
"20210721","01","11","    76000","JP3689100000","2290.0000","2335.0000","2269.0000","2321.0000","2321.0000","2334.0000","2306.0000","2331.0000","2290.0000","2335.0000","2269.0000","2331.0000"," ","0.0000","0.0000","37200","86187700","2316.8737"
"20210721","01","11","    76010","JP3856600006","258.0000","260.0000","257.0000","260.0000","258.0000","260.0000","258.0000","259.0000","258.0000","260.0000","257.0000","259.0000"," ","0.0000","0.0000","16300","4214900","258.5828"
"20210721","01","11","    76050","JP3812300006","1202.0000","1225.0000","1199.0000","1215.0000","1213.0000","1222.0000","1207.0000","1220.0000","1202.0000","1225.0000","1199.0000","1220.0000"," ","0.0000","0.0000","22300","27128900","1216.5426"
"20210721","01","11","    76060","JP3949400000","1952.0000","1998.0000","1951.0000","1971.0000","1978.0000","1985.0000","1968.0000","1969.0000","1952.0000","1998.0000","1951.0000","1969.0000"," ","0.0000","0.0000","224500","443296500","1974.5947"
"20210721","01","11","    76070","JP3384710004","2271.0000","2284.0000","2232.0000","2232.0000","2232.0000","2296.0000","2232.0000","2296.0000","2271.0000","2296.0000","2232.0000","2296.0000"," ","0.0000","0.0000","19700","44699000","2268.9848"
"20210721","01","11","    76080","JP3162670008","474.0000","483.0000","474.0000","479.0000","481.0000","481.0000","473.0000","473.0000","474.0000","483.0000","473.0000","473.0000"," ","0.0000","0.0000","41100","19693500","479.1606"
"20210721","01","11","    76090","JP3487600003","1952.0000","1952.0000","1919.0000","1920.0000","1928.0000","1931.0000","1915.0000","1931.0000","1952.0000","1952.0000","1915.0000","1931.0000"," ","0.0000","0.0000","16900","32590400","1928.4260"
"20210721","01","11","    76110","JP3765180009","1797.0000","1809.0000","1776.0000","1776.0000","1782.0000","1791.0000","1775.0000","1778.0000","1797.0000","1809.0000","1775.0000","1778.0000"," ","0.0000","0.0000","250300","448288300","1791.0040"
"20210721","01","11","    76130","JP3346700002","1415.0000","1424.0000","1406.0000","1406.0000","1406.0000","1409.0000","1401.0000","1405.0000","1415.0000","1424.0000","1401.0000","1405.0000"," ","0.0000","0.0000","77400","109123000","1409.8579"
"20210721","01","11","    76150","JP3250600008","264.0000","264.0000","260.0000","261.0000","260.0000","260.0000","259.0000","260.0000","264.0000","264.0000","259.0000","260.0000"," ","0.0000","0.0000","13200","3450000","261.3636"
"20210721","01","11","    76160","JP3305970000","1950.0000","1968.0000","1935.0000","1935.0000","1935.0000","1945.0000","1921.0000","1922.0000","1950.0000","1968.0000","1921.0000","1922.0000"," ","0.0000","0.0000","213400","414640500","1943.0201"
"20210721","01","11","    76180","JP3801520002","466.0000","474.0000","466.0000","466.0000","470.0000","470.0000","464.0000","467.0000","466.0000","474.0000","464.0000","467.0000"," ","0.0000","0.0000","49800","23294800","467.7671"
"20210721","01","11","    76190","JP3468820000","662.0000","662.0000","659.0000","660.0000","664.0000","664.0000","658.0000","660.0000","662.0000","664.0000","658.0000","660.0000"," ","0.0000","0.0000","3300","2177400","659.8182"
"20210721","01","11","    76280","JP3173100003","1521.0000","1539.0000","1517.0000","1533.0000","1534.0000","1541.0000","1527.0000","1541.0000","1521.0000","1541.0000","1517.0000","1541.0000"," ","0.0000","0.0000","16900","25850700","1529.6272"
"20210721","01","11","    76300","JP3142150006","4870.0000","4885.0000","4840.0000","4840.0000","4840.0000","4860.0000","4835.0000","4835.0000","4870.0000","4885.0000","4835.0000","4835.0000"," ","0.0000","0.0000","12200","59196000","4852.1311"
"20210721","01","11","    76370","JP3766500007","2145.0000","2167.0000","2130.0000","2144.0000","2145.0000","2149.0000","2133.0000","2142.0000","2145.0000","2167.0000","2130.0000","2142.0000"," ","0.0000","0.0000","49300","105755000","2145.1318"
"20210721","01","11","    76400","JP3629250006","349.0000","349.0000","345.0000","345.0000","345.0000","348.0000","345.0000","348.0000","349.0000","349.0000","345.0000","348.0000"," ","0.0000","0.0000","4400","1526800","347.0000"
"20210721","01","11","    76460","JP3895000002","715.0000","722.0000","715.0000","718.0000","720.0000","722.0000","719.0000","720.0000","715.0000","722.0000","715.0000","720.0000"," ","0.0000","0.0000","3400","2445700","719.3235"
"20210721","01","11","    76490","JP3397060009","8030.0000","8140.0000","8000.0000","8120.0000","8140.0000","8160.0000","8110.0000","8120.0000","8030.0000","8160.0000","8000.0000","8120.0000"," ","0.0000","0.0000","166000","1347054000","8114.7831"
"20210721","01","11","    76730","JP3482700006","1249.0000","1263.0000","1240.0000","1257.0000","1257.0000","1257.0000","1238.0000","1246.0000","1249.0000","1263.0000","1238.0000","1246.0000"," ","0.0000","0.0000","12500","15587500","1247.0000"
"20210721","01","11","    76790","JP3931410009","2268.0000","2296.0000","2252.0000","2295.0000","2296.0000","2300.0000","2282.0000","2296.0000","2268.0000","2300.0000","2252.0000","2296.0000"," ","0.0000","0.0000","17300","39604900","2289.3006"
"20210721","01","11","    77010","JP3357200009","4390.0000","4405.0000","4340.0000","4340.0000","4355.0000","4365.0000","4335.0000","4360.0000","4390.0000","4405.0000","4335.0000","4360.0000"," ","0.0000","0.0000","490600","2140365000","4362.7497"
"20210721","01","11","    77020","JP3386050003","806.0000","811.0000","801.0000","804.0000","805.0000","807.0000","798.0000","807.0000","806.0000","811.0000","798.0000","807.0000"," ","0.0000","0.0000","73500","59158800","804.8816"
"20210721","01","11","    77090","JP3266600000","315.0000","319.0000","315.0000","318.0000","320.0000","321.0000","319.0000","321.0000","315.0000","321.0000","315.0000","321.0000"," ","0.0000","0.0000","19900","6311100","317.1407"
"20210721","01","11","    77150","JP3648350001","1035.0000","1035.0000","1022.0000","1027.0000","1023.0000","1030.0000","1021.0000","1025.0000","1035.0000","1035.0000","1021.0000","1025.0000"," ","0.0000","0.0000","40300","41406400","1027.4541"
"20210721","01","11","    77170","JP3829900004","5010.0000","5020.0000","4930.0000","4940.0000","4935.0000","4935.0000","4860.0000","4900.0000","5010.0000","5020.0000","4860.0000","4900.0000"," ","0.0000","0.0000","94900","467491500","4926.1486"
"20210721","01","11","    77180","JP3399000003","1660.0000","1660.0000","1628.0000","1628.0000","1628.0000","1636.0000","1623.0000","1629.0000","1660.0000","1660.0000","1623.0000","1629.0000"," ","0.0000","0.0000","148100","242103100","1634.7272"
"20210721","01","11","    77210","JP3624000000","1036.0000","1041.0000","1032.0000","1034.0000","1033.0000","1033.0000","1026.0000","1032.0000","1036.0000","1041.0000","1026.0000","1032.0000"," ","0.0000","0.0000","35600","36757700","1032.5197"
"20210721","01","11","    77230","JP3104400001","4375.0000","4375.0000","4375.0000","4375.0000","4375.0000","4375.0000","4365.0000","4375.0000","4375.0000","4375.0000","4365.0000","4375.0000"," ","0.0000","0.0000","800","3499000","4373.7500"
"20210721","01","11","    77250","JP3152720003","2224.0000","2254.0000","2202.0000","2212.0000","2210.0000","2214.0000","2190.0000","2202.0000","2224.0000","2254.0000","2190.0000","2202.0000"," ","0.0000","0.0000","137000","302903000","2210.9708"
"20210721","01","11","    77270","JP3173200001","281.0000","284.0000","281.0000","282.0000","281.0000","283.0000","280.0000","282.0000","281.0000","284.0000","280.0000","282.0000"," ","0.0000","0.0000","30300","8527000","281.4191"
"20210721","01","11","    77290","JP3580200008","4635.0000","4675.0000","4600.0000","4605.0000","4610.0000","4610.0000","4545.0000","4585.0000","4635.0000","4675.0000","4545.0000","4585.0000"," ","0.0000","0.0000","298800","1374754000","4600.9170"
"20210721","01","11","    77300","JP3869920003","2395.0000","2457.0000","2395.0000","2454.0000","2452.0000","2462.0000","2441.0000","2448.0000","2395.0000","2462.0000","2395.0000","2448.0000"," ","0.0000","0.0000","217500","531611700","2444.1917"
"20210721","01","11","    77310","JP3657400002","1018.0000","1020.0000","997.0000","1000.0000","1005.0000","1005.0000","991.0000","998.0000","1018.0000","1020.0000","991.0000","998.0000"," ","0.0000","0.0000","2429600","2439024000","1003.8788"
"20210721","01","11","    77320","JP3630400004","1535.0000","1553.0000","1527.0000","1540.0000","1537.0000","1545.0000","1528.0000","1536.0000","1535.0000","1553.0000","1527.0000","1536.0000"," ","0.0000","0.0000","494500","761394200","1539.7254"
"20210721","01","11","    77330","JP3201200007","2198.0000","2226.0000","2180.5000","2183.5000","2193.5000","2203.0000","2186.0000","2202.5000","2198.0000","2226.0000","2180.5000","2202.5000"," ","0.0000","0.0000","2421600","5333540600","2202.4862"
"20210721","01","11","    77340","JP3971000009","2555.0000","2589.0000","2554.0000","2561.0000","2570.0000","2572.0000","2537.0000","2563.0000","2555.0000","2589.0000","2537.0000","2563.0000"," ","0.0000","0.0000","20800","53291300","2562.0817"
"20210721","01","11","    77350","JP3494600004","9510.0000","9550.0000","9370.0000","9370.0000","9400.0000","9400.0000","9270.0000","9370.0000","9510.0000","9550.0000","9270.0000","9370.0000"," ","0.0000","0.0000","512100","4801764000","9376.6139"
"20210721","01","11","    77390","JP3243200007","1720.0000","1727.0000","1708.0000","1724.0000","1722.0000","1727.0000","1711.0000","1723.0000","1720.0000","1727.0000","1708.0000","1723.0000"," ","0.0000","0.0000","132500","227794400","1719.2030"
"20210721","01","11","    77400","JP3471800007","2423.0000","2434.0000","2419.0000","2420.0000","2422.0000","2471.0000","2416.0000","2466.0000","2423.0000","2471.0000","2416.0000","2466.0000"," ","0.0000","0.0000","70000","171326600","2447.5229"
"20210721","01","11","    77410","JP3837800006","14925.0000","14940.0000","14705.0000","14745.0000","14810.0000","14830.0000","14680.0000","14745.0000","14925.0000","14940.0000","14680.0000","14745.0000"," ","0.0000","0.0000","601300","8896988000","14796.2548"
"20210721","01","11","    77430","JP3347000006","732.0000","733.0000","720.0000","722.0000","725.0000","731.0000","724.0000","731.0000","732.0000","733.0000","720.0000","731.0000"," ","0.0000","0.0000","28200","20546300","728.5922"
"20210721","01","11","    77440","JP3759500006","2393.0000","2405.0000","2369.0000","2377.0000","2381.0000","2391.0000","2365.0000","2378.0000","2393.0000","2405.0000","2365.0000","2378.0000"," ","0.0000","0.0000","96300","229436800","2382.5213"
"20210721","01","11","    77450","JP3160130005","966.0000","972.0000","959.0000","959.0000","962.0000","964.0000","954.0000","956.0000","966.0000","972.0000","954.0000","956.0000"," ","0.0000","0.0000","84800","81641000","962.7476"
"20210721","01","11","    77470","JP3110650003","2918.0000","2983.0000","2896.0000","2940.0000","2960.0000","2965.0000","2925.0000","2927.0000","2918.0000","2983.0000","2896.0000","2927.0000"," ","0.0000","0.0000","1835300","5395637900","2939.9215"
"20210721","01","11","    77510","JP3242800005","2700.5000","2704.0000","2620.0000","2623.5000","2633.0000","2634.0000","2616.5000","2628.5000","2700.5000","2704.0000","2616.5000","2628.5000"," ","0.0000","0.0000","7985100","21062524750","2637.7284"
"20210721","01","11","    77520","JP3973400009","1196.0000","1223.0000","1194.0000","1213.0000","1213.0000","1213.0000","1193.0000","1200.0000","1196.0000","1223.0000","1193.0000","1200.0000"," ","0.0000","0.0000","4162100","5010334300","1203.7996"
"20210721","01","11","    77620","JP3352400000","416.0000","419.0000","410.0000","411.0000","412.0000","413.0000","409.0000","412.0000","416.0000","419.0000","409.0000","412.0000"," ","0.0000","0.0000","1917000","791431100","412.8488"
"20210721","01","11","    77690","JP3974200002","925.0000","956.0000","916.0000","923.0000","932.0000","944.0000","926.0000","928.0000","925.0000","956.0000","916.0000","928.0000"," ","0.0000","0.0000","71600","66911000","934.5112"
"20210721","01","11","    77750","JP3482500000","537.0000","543.0000","534.0000","534.0000","534.0000","536.0000","534.0000","534.0000","537.0000","543.0000","534.0000","534.0000"," ","0.0000","0.0000","37300","20000900","536.2172"
"20210721","01","11","    77800","JP3921270009","7760.0000","7840.0000","7710.0000","7790.0000","7840.0000","7840.0000","7780.0000","7810.0000","7760.0000","7840.0000","7710.0000","7810.0000"," ","0.0000","0.0000","66800","521126000","7801.2874"
"20210721","01","11","    77820","JP3376500009","568.0000","577.0000","568.0000","575.0000","579.0000","579.0000","562.0000","567.0000","568.0000","579.0000","562.0000","567.0000"," ","0.0000","0.0000","10400","5909500","568.2212"
"20210721","01","11","    78110","JP3646100002","1741.0000","1741.0000","1723.0000","1730.0000","1733.0000","1739.0000","1728.0000","1732.0000","1741.0000","1741.0000","1723.0000","1732.0000"," ","0.0000","0.0000","19000","32968600","1735.1895"
"20210721","01","11","    78160","JP3399770001","3815.0000","3890.0000","3785.0000","3865.0000","3875.0000","3910.0000","3865.0000","3910.0000","3815.0000","3910.0000","3785.0000","3910.0000"," ","0.0000","0.0000","495100","1910236000","3858.2832"
"20210721","01","11","    78170","JP3781620004","1985.0000","2023.0000","1981.0000","2005.0000","2014.0000","2022.0000","2005.0000","2009.0000","1985.0000","2023.0000","1981.0000","2009.0000"," ","0.0000","0.0000","78400","157600600","2010.2117"
"20210721","01","11","    78180","JP3635670007","1282.0000","1318.0000","1263.0000","1282.0000","1285.0000","1294.0000","1274.0000","1283.0000","1282.0000","1318.0000","1263.0000","1283.0000"," ","0.0000","0.0000","82600","106454200","1288.7918"
"20210721","01","11","    78190","JP3360150001","422.0000","422.0000","420.0000","421.0000","418.0000","418.0000","417.0000","417.0000","422.0000","422.0000","417.0000","417.0000"," ","0.0000","0.0000","7000","2944000","420.5714"
"20210721","01","11","    78200","JP3756230003","1255.0000","1269.0000","1250.0000","1255.0000","1234.0000","1256.0000","1234.0000","1254.0000","1255.0000","1269.0000","1234.0000","1254.0000"," ","0.0000","0.0000","19700","24678600","1252.7208"
"20210721","01","11","    78210","JP3861250003","3580.0000","3610.0000","3575.0000","3575.0000","3570.0000","3605.0000","3570.0000","3605.0000","3580.0000","3610.0000","3570.0000","3605.0000"," ","0.0000","0.0000","16500","59286000","3593.0909"
"20210721","01","11","    78220","JP3160840009","298.0000","299.0000","297.0000","299.0000","299.0000","299.0000","297.0000","299.0000","298.0000","299.0000","297.0000","299.0000"," ","0.0000","0.0000","12100","3613000","298.5950"
"20210721","01","11","    78230","JP3100210008","670.0000","675.0000","669.0000","670.0000","670.0000","673.0000","669.0000","670.0000","670.0000","675.0000","669.0000","670.0000"," ","0.0000","0.0000","19700","13217600","670.9442"
"20210721","01","11","    78320","JP3778630008","7299.0000","7329.0000","7222.0000","7226.0000","7236.0000","7252.0000","7200.0000","7240.0000","7299.0000","7329.0000","7200.0000","7240.0000"," ","0.0000","0.0000","458200","3323901800","7254.2597"
"20210721","01","11","    78330","JP3105070001","670.0000","673.0000","670.0000","673.0000","672.0000","672.0000","672.0000","672.0000","670.0000","673.0000","670.0000","672.0000"," ","0.0000","0.0000","2300","1543100","670.9130"
"20210721","01","11","    78380","JP3253700003","138.0000","138.0000","137.0000","138.0000","138.0000","139.0000","137.0000","139.0000","138.0000","139.0000","137.0000","139.0000"," ","0.0000","0.0000","29100","4019600","138.1306"
"20210721","01","11","    78390","JP3360900009","4170.0000","4255.0000","4155.0000","4170.0000","4170.0000","4235.0000","4165.0000","4220.0000","4170.0000","4255.0000","4155.0000","4220.0000"," ","0.0000","0.0000","54700","230054000","4205.7404"
"20210721","01","11","    78400","JP3826500005","923.0000","923.0000","914.0000","914.0000","912.0000","917.0000","909.0000","909.0000","923.0000","923.0000","909.0000","909.0000"," ","0.0000","0.0000","30500","27924100","915.5443"
"20210721","01","11","    78440","JP3860230006","759.0000","765.0000","757.0000","757.0000","757.0000","757.0000","752.0000","752.0000","759.0000","765.0000","752.0000","752.0000"," ","0.0000","0.0000","81900","62044000","757.5580"
"20210721","01","11","    78460","JP3780610006","3810.0000","3850.0000","3775.0000","3835.0000","3840.0000","3855.0000","3835.0000","3840.0000","3810.0000","3855.0000","3775.0000","3840.0000"," ","0.0000","0.0000","49700","190595000","3834.9095"
"20210721","01","11","    78560","JP3765500008","1462.0000","1469.0000","1453.0000","1453.0000","1453.0000","1456.0000","1441.0000","1451.0000","1462.0000","1469.0000","1441.0000","1451.0000"," ","0.0000","0.0000","24200","35191800","1454.2066"
"20210721","01","11","    78600","JP3160950006","1655.0000","1673.0000","1637.0000","1667.0000","1665.0000","1686.0000","1664.0000","1678.0000","1655.0000","1686.0000","1637.0000","1678.0000"," ","0.0000","0.0000","412100","686291500","1665.3519"
"20210721","01","11","    78620","JP3629200001","1073.0000","1073.0000","1058.0000","1058.0000","1060.0000","1062.0000","1055.0000","1056.0000","1073.0000","1073.0000","1055.0000","1056.0000"," ","0.0000","0.0000","75400","80359500","1065.7759"
"20210721","01","11","    78640","JP3813800004","2270.0000","2275.0000","2236.0000","2252.0000","2255.0000","2260.0000","2246.0000","2260.0000","2270.0000","2275.0000","2236.0000","2260.0000"," ","0.0000","0.0000","72400","163839600","2262.9779"
"20210721","01","11","    78670","JP3630550006","982.0000","984.0000","967.0000","967.0000","968.0000","970.0000","963.0000","965.0000","982.0000","984.0000","963.0000","965.0000"," ","0.0000","0.0000","236000","229104700","970.7826"
"20210721","01","11","    78680","JP3287700003","820.0000","832.0000","815.0000","819.0000","819.0000","826.0000","818.0000","821.0000","820.0000","832.0000","815.0000","821.0000"," ","0.0000","0.0000","102300","84276400","823.8162"
"20210721","01","11","    78720","JP3163000007","641.0000","646.0000","641.0000","646.0000","642.0000","642.0000","639.0000","639.0000","641.0000","646.0000","639.0000","639.0000"," ","0.0000","0.0000","4100","2629200","641.2683"
"20210721","01","11","    78740","JP3410800001","1123.0000","1138.0000","1122.0000","1122.0000","1131.0000","1131.0000","1122.0000","1128.0000","1123.0000","1138.0000","1122.0000","1128.0000"," ","0.0000","0.0000","31000","34971900","1128.1258"
"20210721","01","11","    78850","JP3457750002","682.0000","734.0000","670.0000","687.0000","687.0000","687.0000","656.0000","669.0000","682.0000","734.0000","656.0000","669.0000"," ","0.0000","0.0000","250600","173969100","694.2103"
"20210721","01","11","    78880","JP3330900006","542.0000","547.0000","534.0000","542.0000","541.0000","548.0000","540.0000","540.0000","542.0000","548.0000","534.0000","540.0000"," ","0.0000","0.0000","846400","458546500","541.7610"
"20210721","01","11","    78930","JP3119000002","1021.0000","1027.0000","1021.0000","1023.0000","1023.0000","1026.0000","1017.0000","1017.0000","1021.0000","1027.0000","1017.0000","1017.0000"," ","0.0000","0.0000","20000","20422300","1021.1150"
"20210721","01","11","    78970","JP3843000005","156.0000","159.0000","156.0000","157.0000","157.0000","157.0000","156.0000","156.0000","156.0000","159.0000","156.0000","156.0000"," ","0.0000","0.0000","173900","27287800","156.9166"
"20210721","01","11","    78980","JP3390600009","1179.0000","1200.0000","1177.0000","1177.0000","1177.0000","1188.0000","1165.0000","1184.0000","1179.0000","1200.0000","1165.0000","1184.0000"," ","0.0000","0.0000","21400","25267900","1180.7430"
"20210721","01","11","    79050","JP3482600008","2172.0000","2220.0000","2141.0000","2205.0000","2200.0000","2214.0000","2200.0000","2200.0000","2172.0000","2220.0000","2141.0000","2200.0000"," ","0.0000","0.0000","70000","153779200","2196.8457"
"20210721","01","11","    79080","JP3242600009","291.0000","293.0000","285.0000","293.0000","291.0000","301.0000","291.0000","298.0000","291.0000","301.0000","285.0000","298.0000"," ","0.0000","0.0000","1138300","336600200","295.7043"
"20210721","01","11","    79110","JP3629000005","1867.0000","1878.0000","1848.0000","1848.0000","1851.0000","1857.0000","1847.0000","1853.0000","1867.0000","1878.0000","1847.0000","1853.0000"," ","0.0000","0.0000","543400","1009376600","1857.5204"
"20210721","01","11","    79120","JP3493800001","2510.0000","2544.0000","2501.0000","2504.0000","2513.0000","2520.0000","2505.0000","2511.0000","2510.0000","2544.0000","2501.0000","2511.0000"," ","0.0000","0.0000","1109700","2796100800","2519.6907"
"20210721","01","11","    79140","JP3252800002","2650.0000","2668.0000","2637.0000","2637.0000","2632.0000","2644.0000","2631.0000","2640.0000","2650.0000","2668.0000","2631.0000","2640.0000"," ","0.0000","0.0000","4900","12943100","2641.4490"
"20210721","01","11","    79150","JP3713200008","1562.0000","1579.0000","1549.0000","1568.0000","1569.0000","1572.0000","1547.0000","1548.0000","1562.0000","1579.0000","1547.0000","1548.0000"," ","0.0000","0.0000","253000","394941200","1561.0324"
"20210721","01","11","    79160","JP3904800004","0.0000","0.0000","0.0000","0.0000","1600.0000","1600.0000","1600.0000","1600.0000","1600.0000","1600.0000","1600.0000","1600.0000"," ","0.0000","0.0000","100","160000","1600.0000"
"20210721","01","11","    79170","JP3821000001","4095.0000","4125.0000","4065.0000","4085.0000","4090.0000","4105.0000","4045.0000","4065.0000","4095.0000","4125.0000","4045.0000","4065.0000"," ","0.0000","0.0000","20700","84550500","4084.5652"
"20210721","01","11","    79180","JP3107200002","187.0000","189.0000","185.0000","186.0000","186.0000","187.0000","185.0000","186.0000","187.0000","189.0000","185.0000","186.0000"," ","0.0000","0.0000","80200","14949700","186.4052"
"20210721","01","11","    79210","JP3459000000","1774.0000","1784.0000","1765.0000","1778.0000","1765.0000","1777.0000","1762.0000","1774.0000","1774.0000","1784.0000","1762.0000","1774.0000"," ","0.0000","0.0000","23600","41840300","1772.8941"
"20210721","01","11","    79250","JP3860250004","1227.0000","1236.0000","1224.0000","1230.0000","1230.0000","1236.0000","1227.0000","1232.0000","1227.0000","1236.0000","1224.0000","1232.0000"," ","0.0000","0.0000","20000","24649800","1232.4900"
"20210721","01","11","    79310","JP3910600000","1648.0000","1652.0000","1642.0000","1642.0000","1638.0000","1653.0000","1638.0000","1653.0000","1648.0000","1653.0000","1638.0000","1653.0000"," ","0.0000","0.0000","5700","9387600","1646.9474"
"20210721","01","11","    79360","JP3118000003","2458.0000","2471.0000","2424.0000","2437.0000","2438.0000","2444.0000","2409.0000","2411.0000","2458.0000","2471.0000","2409.0000","2411.0000"," ","0.0000","0.0000","1077800","2621465300","2432.2372"
"20210721","01","11","    79370","JP3533500009","2374.0000","2390.0000","2360.0000","2360.0000","2372.0000","2372.0000","2372.0000","2372.0000","2374.0000","2390.0000","2360.0000","2372.0000"," ","0.0000","0.0000","3200","7609500","2377.9688"
"20210721","01","11","    79400","JP3687800007","692.0000","697.0000","690.0000","692.0000","691.0000","693.0000","691.0000","692.0000","692.0000","697.0000","690.0000","692.0000"," ","0.0000","0.0000","16900","11720900","693.5444"
"20210721","01","11","    79420","JP3386000008","1619.0000","1627.0000","1610.0000","1610.0000","1610.0000","1621.0000","1610.0000","1620.0000","1619.0000","1627.0000","1610.0000","1620.0000"," ","0.0000","0.0000","16800","27189400","1618.4167"
"20210721","01","11","    79430","JP3662200009","2880.0000","2907.0000","2873.0000","2876.0000","2876.0000","2897.0000","2874.0000","2881.0000","2880.0000","2907.0000","2873.0000","2881.0000"," ","0.0000","0.0000","32600","94107600","2886.7362"
"20210721","01","11","    79440","JP3983400007","5320.0000","5380.0000","5280.0000","5310.0000","5310.0000","5350.0000","5280.0000","5290.0000","5320.0000","5380.0000","5280.0000","5290.0000"," ","0.0000","0.0000","55100","293052000","5318.5481"
"20210721","01","11","    79470","JP3167000003","4115.0000","4165.0000","4095.0000","4150.0000","4160.0000","4190.0000","4145.0000","4165.0000","4115.0000","4190.0000","4095.0000","4165.0000"," ","0.0000","0.0000","132900","552285000","4155.6433"
"20210721","01","11","    79490","JP3303200004","1956.0000","2002.0000","1956.0000","1957.0000","1957.0000","1988.0000","1950.0000","1988.0000","1956.0000","2002.0000","1950.0000","1988.0000"," ","0.0000","0.0000","34100","67196300","1970.5660"
"20210721","01","11","    79510","JP3942600002","6070.0000","6100.0000","6000.0000","6000.0000","6000.0000","6030.0000","5980.0000","6030.0000","6070.0000","6100.0000","5980.0000","6030.0000"," ","0.0000","0.0000","368600","2223855000","6033.2474"
"20210721","01","11","    79520","JP3221400009","4075.0000","4175.0000","4070.0000","4105.0000","4090.0000","4100.0000","4065.0000","4075.0000","4075.0000","4175.0000","4065.0000","4075.0000"," ","0.0000","0.0000","14700","60365500","4106.4966"
"20210721","01","11","    79550","JP3270200003","535.0000","543.0000","534.0000","537.0000","540.0000","540.0000","534.0000","537.0000","535.0000","543.0000","534.0000","537.0000"," ","0.0000","0.0000","18600","9993300","537.2742"
"20210721","01","11","    79560","JP3801600002","3215.0000","3280.0000","3180.0000","3215.0000","3215.0000","3265.0000","3215.0000","3240.0000","3215.0000","3280.0000","3180.0000","3240.0000"," ","0.0000","0.0000","796000","2578756500","3239.6438"
"20210721","01","11","    79580","JP3547800007","2599.0000","2642.0000","2599.0000","2610.0000","2600.0000","2628.0000","2594.0000","2617.0000","2599.0000","2642.0000","2594.0000","2617.0000"," ","0.0000","0.0000","15600","40818400","2616.5641"
"20210721","01","11","    79590","JP3200600009","3780.0000","3780.0000","3775.0000","3780.0000","3780.0000","3780.0000","3775.0000","3780.0000","3780.0000","3780.0000","3775.0000","3780.0000"," ","0.0000","0.0000","6100","23044500","3777.7869"
"20210721","01","11","    79610","JP3217600000","1797.0000","1800.0000","1797.0000","1800.0000","1800.0000","1800.0000","1800.0000","1800.0000","1797.0000","1800.0000","1797.0000","1800.0000"," ","0.0000","0.0000","300","539700","1799.0000"
"20210721","01","11","    79620","JP3262000007","886.0000","895.0000","886.0000","890.0000","890.0000","895.0000","888.0000","892.0000","886.0000","895.0000","886.0000","892.0000"," ","0.0000","0.0000","29000","25867800","891.9931"
"20210721","01","11","    79650","JP3437400009","1555.0000","1584.0000","1555.0000","1573.0000","1580.0000","1583.0000","1574.0000","1575.0000","1555.0000","1584.0000","1555.0000","1575.0000"," ","0.0000","0.0000","61400","96780500","1576.2296"
"20210721","01","11","    79660","JP3977200009","2356.0000","2380.0000","2346.0000","2349.0000","2360.0000","2370.0000","2350.0000","2368.0000","2356.0000","2380.0000","2346.0000","2368.0000"," ","0.0000","0.0000","87800","207566100","2364.0786"
"20210721","01","11","    79700","JP3371600002","1028.0000","1035.0000","1024.0000","1026.0000","1027.0000","1034.0000","1021.0000","1034.0000","1028.0000","1035.0000","1021.0000","1034.0000"," ","0.0000","0.0000","183100","188382100","1028.8482"
"20210721","01","11","    79710","JP3620600001","240.0000","240.0000","239.0000","239.0000","239.0000","239.0000","238.0000","239.0000","240.0000","240.0000","238.0000","239.0000"," ","0.0000","0.0000","28200","6744500","239.1667"
"20210721","01","11","    79720","JP3142700008","351.0000","352.0000","347.0000","348.0000","347.0000","348.0000","346.0000","347.0000","351.0000","352.0000","346.0000","347.0000"," ","0.0000","0.0000","65500","22806100","348.1847"
"20210721","01","11","    79740","JP3756600007","60670.0000","60680.0000","59560.0000","60070.0000","60170.0000","60170.0000","59660.0000","59820.0000","60670.0000","60680.0000","59560.0000","59820.0000"," ","0.0000","0.0000","1071200","64254892000","59984.0291"
"20210721","01","11","    79760","JP3895600009","1424.0000","1444.0000","1424.0000","1435.0000","1434.0000","1435.0000","1417.0000","1417.0000","1424.0000","1444.0000","1417.0000","1417.0000"," ","0.0000","0.0000","34100","48651100","1426.7185"
"20210721","01","11","    79790","JP3363600002","1960.0000","1993.0000","1960.0000","1989.0000","1980.0000","1988.0000","1955.0000","1988.0000","1960.0000","1993.0000","1955.0000","1988.0000"," ","0.0000","0.0000","16800","33088800","1969.5714"
"20210721","01","11","    79810","JP3460000007","1626.0000","1646.0000","1617.0000","1635.0000","1635.0000","1650.0000","1634.0000","1637.0000","1626.0000","1650.0000","1617.0000","1637.0000"," ","0.0000","0.0000","84200","137692600","1635.3040"
"20210721","01","11","    79840","JP3297000006","1758.0000","1781.0000","1753.0000","1763.0000","1763.0000","1774.0000","1763.0000","1765.0000","1758.0000","1781.0000","1753.0000","1765.0000"," ","0.0000","0.0000","93700","165564400","1766.9626"
"20210721","01","11","    79870","JP3644400008","586.0000","587.0000","582.0000","583.0000","583.0000","584.0000","580.0000","581.0000","586.0000","587.0000","580.0000","581.0000"," ","0.0000","0.0000","13800","8042700","582.8043"
"20210721","01","11","    79880","JP3756200006","3650.0000","3705.0000","3645.0000","3655.0000","3675.0000","3675.0000","3630.0000","3630.0000","3650.0000","3705.0000","3630.0000","3630.0000"," ","0.0000","0.0000","179400","655544500","3654.0942"
"20210721","01","11","    79890","JP3466200007","1270.0000","1281.0000","1270.0000","1281.0000","1282.0000","1296.0000","1282.0000","1291.0000","1270.0000","1296.0000","1270.0000","1291.0000"," ","0.0000","0.0000","8100","10394600","1283.2840"
"20210721","01","11","    79900","JP3503800009","5390.0000","5440.0000","5360.0000","5380.0000","5380.0000","5400.0000","5370.0000","5390.0000","5390.0000","5440.0000","5360.0000","5390.0000"," ","0.0000","0.0000","42400","228591000","5391.2972"
"20210721","01","11","    79940","JP3192400004","1496.0000","1509.0000","1489.0000","1493.0000","1494.0000","1500.0000","1490.0000","1494.0000","1496.0000","1509.0000","1489.0000","1494.0000"," ","0.0000","0.0000","113600","169929500","1495.8583"
"20210721","01","11","    79950","JP3744200001","2191.0000","2203.0000","2170.0000","2170.0000","2165.0000","2178.0000","2165.0000","2166.0000","2191.0000","2203.0000","2165.0000","2166.0000"," ","0.0000","0.0000","43700","95277000","2180.2517"
"20210721","01","11","    79990","JP3914000009","1592.0000","1595.0000","1592.0000","1595.0000","1608.0000","1608.0000","1587.0000","1590.0000","1592.0000","1608.0000","1587.0000","1590.0000"," ","0.0000","0.0000","2500","3982600","1593.0400"
"20210721","01","11","    80010","JP3143600009","3264.0000","3284.0000","3242.0000","3242.0000","3250.0000","3250.0000","3224.0000","3225.0000","3264.0000","3284.0000","3224.0000","3225.0000"," ","0.0000","0.0000","2044700","6639463600","3247.1578"
"20210721","01","11","    80020","JP3877600001","947.0000","956.9000","940.5000","943.2000","943.2000","944.3000","932.1000","932.5000","947.0000","956.9000","932.1000","932.5000"," ","0.0000","0.0000","4752800","4483125770","943.2599"
"20210721","01","11","    80050","JP3913600007","859.0000","871.0000","852.0000","860.0000","862.0000","862.0000","852.0000","853.0000","859.0000","871.0000","852.0000","853.0000"," ","0.0000","0.0000","323700","278526200","860.4455"
"20210721","01","11","    80070","JP3455600001","1818.0000","1818.0000","1786.0000","1786.0000","1823.0000","1823.0000","1806.0000","1822.0000","1818.0000","1823.0000","1786.0000","1822.0000"," ","0.0000","0.0000","2700","4900900","1815.1481"
"20210721","01","11","    80080","JP3119950008","1819.0000","1823.0000","1806.0000","1806.0000","1804.0000","1808.0000","1797.0000","1797.0000","1819.0000","1823.0000","1797.0000","1797.0000"," ","0.0000","0.0000","65600","118595800","1807.8628"
"20210721","01","11","    80110","JP3339400008","944.0000","949.0000","931.0000","932.0000","931.0000","932.0000","922.0000","927.0000","944.0000","949.0000","922.0000","927.0000"," ","0.0000","0.0000","103800","96724600","931.8362"
"20210721","01","11","    80120","JP3647800006","1672.0000","1690.0000","1670.0000","1676.0000","1681.0000","1686.0000","1677.0000","1681.0000","1672.0000","1690.0000","1670.0000","1681.0000"," ","0.0000","0.0000","201200","337545400","1677.6610"
"20210721","01","11","    80130","JP3640800003","336.0000","336.0000","331.0000","331.0000","331.0000","331.0000","330.0000","331.0000","336.0000","336.0000","330.0000","331.0000"," ","0.0000","0.0000","11300","3762000","332.9204"
"20210721","01","11","    80140","JP3528200003","1811.0000","1819.0000","1803.0000","1812.0000","1813.0000","1813.0000","1796.0000","1802.0000","1811.0000","1819.0000","1796.0000","1802.0000"," ","0.0000","0.0000","24900","45016800","1807.9036"
"20210721","01","11","    80150","JP3635000007","5170.0000","5230.0000","5140.0000","5140.0000","5140.0000","5160.0000","5120.0000","5120.0000","5170.0000","5230.0000","5120.0000","5120.0000"," ","0.0000","0.0000","638200","3292111000","5158.4315"
"20210721","01","11","    80160","JP3203500008","318.0000","322.0000","316.0000","317.0000","317.0000","318.0000","312.0000","312.0000","318.0000","322.0000","312.0000","312.0000"," ","0.0000","0.0000","1340600","423823500","316.1446"
"20210721","01","11","    80180","JP3328000009","558.0000","559.0000","554.0000","555.0000","558.0000","558.0000","553.0000","554.0000","558.0000","559.0000","553.0000","554.0000"," ","0.0000","0.0000","32800","18254800","556.5488"
"20210721","01","11","    80200","JP3217100001","1477.0000","1485.0000","1470.0000","1470.0000","1470.0000","1478.0000","1469.0000","1469.0000","1477.0000","1485.0000","1469.0000","1469.0000"," ","0.0000","0.0000","97100","143137500","1474.1246"
"20210721","01","11","    80220","JP3905200006","2542.0000","2542.0000","2482.0000","2491.0000","2492.0000","2505.0000","2478.0000","2501.0000","2542.0000","2542.0000","2478.0000","2501.0000"," ","0.0000","0.0000","88700","222693300","2510.6347"
"20210721","01","11","    80250","JP3531400004","1428.0000","1431.0000","1428.0000","1429.0000","1434.0000","1434.0000","1434.0000","1434.0000","1428.0000","1434.0000","1428.0000","1434.0000"," ","0.0000","0.0000","800","1145800","1432.2500"
"20210721","01","11","    80290","JP3981000007","1429.0000","1441.0000","1422.0000","1422.0000","1422.0000","1422.0000","1400.0000","1417.0000","1429.0000","1441.0000","1400.0000","1417.0000"," ","0.0000","0.0000","20100","28426400","1414.2488"
"20210721","01","11","    80310","JP3893600001","2517.0000","2522.0000","2485.5000","2485.5000","2491.0000","2494.5000","2464.0000","2471.5000","2517.0000","2522.0000","2464.0000","2471.5000"," ","0.0000","0.0000","2907500","7235347450","2488.5116"
"20210721","01","11","    80320","JP3694000005","3630.0000","3670.0000","3610.0000","3650.0000","3650.0000","3665.0000","3650.0000","3665.0000","3630.0000","3670.0000","3610.0000","3665.0000"," ","0.0000","0.0000","7300","26665500","3652.8082"
"20210721","01","11","    80350","JP3571400005","44920.0000","45140.0000","44610.0000","44690.0000","44750.0000","44820.0000","44330.0000","44800.0000","44920.0000","45140.0000","44330.0000","44800.0000"," ","0.0000","0.0000","722000","32329298000","44777.4211"
"20210721","01","11","    80370","JP3219400003","1163.0000","1165.0000","1140.0000","1143.0000","1147.0000","1149.0000","1140.0000","1146.0000","1163.0000","1165.0000","1140.0000","1146.0000"," ","0.0000","0.0000","25600","29468300","1151.1055"
"20210721","01","11","    80380","JP3596600001","5120.0000","5150.0000","5120.0000","5150.0000","5090.0000","5120.0000","5090.0000","5100.0000","5120.0000","5150.0000","5090.0000","5100.0000"," ","0.0000","0.0000","4800","24550000","5114.5833"
"20210721","01","11","    80410","JP3180000006","2848.0000","2853.0000","2848.0000","2850.0000","2855.0000","2874.0000","2855.0000","2867.0000","2848.0000","2874.0000","2848.0000","2867.0000"," ","0.0000","0.0000","2500","7143400","2857.3600"
"20210721","01","11","    80430","JP3399100001","2184.0000","2198.0000","2172.0000","2182.0000","2186.0000","2205.0000","2183.0000","2204.0000","2184.0000","2205.0000","2172.0000","2204.0000"," ","0.0000","0.0000","28600","62667300","2191.1643"
"20210721","01","11","    80500","JP3414700009","2280.0000","2300.0000","2233.0000","2233.0000","2233.0000","2267.0000","2226.0000","2260.0000","2280.0000","2300.0000","2226.0000","2260.0000"," ","0.0000","0.0000","135000","304965500","2259.0037"
"20210721","01","11","    80510","JP3936800006","1021.0000","1029.0000","1018.0000","1018.0000","1024.0000","1024.0000","1015.0000","1015.0000","1021.0000","1029.0000","1015.0000","1015.0000"," ","0.0000","0.0000","46500","47376100","1018.8409"
"20210721","01","11","    80520","JP3534600006","3565.0000","3565.0000","3520.0000","3520.0000","3480.0000","3585.0000","3480.0000","3560.0000","3565.0000","3585.0000","3480.0000","3560.0000"," ","0.0000","0.0000","11900","42258500","3551.1345"
"20210721","01","11","    80530","JP3404600003","1480.0000","1490.0000","1466.0000","1467.0000","1470.0000","1471.0000","1458.5000","1460.0000","1480.0000","1490.0000","1458.5000","1460.0000"," ","0.0000","0.0000","2538300","3735467550","1471.6415"
"20210721","01","11","    80560","JP3754200008","3435.0000","3435.0000","3390.0000","3400.0000","3400.0000","3425.0000","3400.0000","3420.0000","3435.0000","3435.0000","3390.0000","3420.0000"," ","0.0000","0.0000","233000","796866000","3420.0258"
"20210721","01","11","    80570","JP3157200001","4725.0000","4760.0000","4695.0000","4710.0000","4725.0000","4735.0000","4665.0000","4705.0000","4725.0000","4760.0000","4665.0000","4705.0000"," ","0.0000","0.0000","60700","286090500","4713.1878"
"20210721","01","11","    80580","JP3898400001","3056.0000","3080.0000","3039.0000","3044.0000","3046.0000","3051.0000","3021.0000","3021.0000","3056.0000","3080.0000","3021.0000","3021.0000"," ","0.0000","0.0000","2571600","7829549400","3044.6218"
"20210721","01","11","    80590","JP3475800003","4505.0000","4540.0000","4490.0000","4520.0000","4505.0000","4540.0000","4505.0000","4510.0000","4505.0000","4540.0000","4490.0000","4510.0000"," ","0.0000","0.0000","11800","53338000","4520.1695"
"20210721","01","11","    80600","JP3243600008","2609.0000","2640.0000","2603.0000","2618.0000","2627.0000","2635.0000","2607.0000","2612.0000","2609.0000","2640.0000","2603.0000","2612.0000"," ","0.0000","0.0000","214200","561600700","2621.8520"
"20210721","01","11","    80610","JP3414200000","1628.0000","1661.0000","1628.0000","1661.0000","1645.0000","1651.0000","1635.0000","1651.0000","1628.0000","1661.0000","1628.0000","1651.0000"," ","0.0000","0.0000","12000","19754200","1646.1833"
"20210721","01","11","    80650","JP3322000005","1109.0000","1118.0000","1109.0000","1115.0000","1114.0000","1114.0000","1107.0000","1111.0000","1109.0000","1118.0000","1107.0000","1111.0000"," ","0.0000","0.0000","10500","11659700","1110.4476"
"20210721","01","11","    80680","JP3976600001","2488.0000","2497.0000","2474.0000","2482.0000","2477.0000","2495.0000","2475.0000","2490.0000","2488.0000","2497.0000","2474.0000","2490.0000"," ","0.0000","0.0000","173800","431783600","2484.3705"
"20210721","01","11","    80700","JP3576600005","660.0000","660.0000","645.0000","650.0000","654.0000","657.0000","653.0000","654.0000","660.0000","660.0000","645.0000","654.0000"," ","0.0000","0.0000","502100","329156400","655.5595"
"20210721","01","11","    80740","JP3945200008","3075.0000","3095.0000","3055.0000","3060.0000","3075.0000","3115.0000","3070.0000","3085.0000","3075.0000","3115.0000","3055.0000","3085.0000"," ","0.0000","0.0000","45500","140356000","3084.7473"
"20210721","01","11","    80750","JP3374000002","2297.0000","2310.0000","2280.0000","2297.0000","2313.0000","2313.0000","2291.0000","2306.0000","2297.0000","2313.0000","2280.0000","2306.0000"," ","0.0000","0.0000","13500","31026300","2298.2444"
"20210721","01","11","    80770","JP3301000000","228.0000","228.0000","227.0000","227.0000","227.0000","230.0000","227.0000","230.0000","228.0000","230.0000","227.0000","230.0000"," ","0.0000","0.0000","9200","2101600","228.4348"
"20210721","01","11","    80780","JP3777800008","3065.0000","3080.0000","3050.0000","3050.0000","3070.0000","3070.0000","3035.0000","3045.0000","3065.0000","3080.0000","3035.0000","3045.0000"," ","0.0000","0.0000","59100","180763000","3058.5956"
"20210721","01","11","    80790","JP3361200003","3935.0000","3935.0000","3915.0000","3925.0000","3925.0000","3925.0000","3905.0000","3915.0000","3935.0000","3935.0000","3905.0000","3915.0000"," ","0.0000","0.0000","7500","29387500","3918.3333"
"20210721","01","11","    80810","JP3215000005","1057.0000","1058.0000","1051.0000","1051.0000","1048.0000","1054.0000","1047.0000","1051.0000","1057.0000","1058.0000","1047.0000","1051.0000"," ","0.0000","0.0000","9500","9992700","1051.8632"
"20210721","01","11","    80840","JP3976200000","1658.0000","1660.0000","1644.0000","1652.0000","1643.0000","1654.0000","1641.0000","1641.0000","1658.0000","1660.0000","1641.0000","1641.0000"," ","0.0000","0.0000","16200","26699300","1648.1049"
"20210721","01","11","    80860","JP3673600007","1334.0000","1347.0000","1329.0000","1340.0000","1338.0000","1340.0000","1333.0000","1333.0000","1334.0000","1347.0000","1329.0000","1333.0000"," ","0.0000","0.0000","251300","336031700","1337.1735"
"20210721","01","11","    80870","JP3828000004","1952.0000","1991.0000","1943.0000","1978.0000","1970.0000","1993.0000","1970.0000","1980.0000","1952.0000","1993.0000","1943.0000","1980.0000"," ","0.0000","0.0000","15000","29656000","1977.0667"
"20210721","01","11","    80880","JP3151600008","6300.0000","6370.0000","6250.0000","6250.0000","6280.0000","6280.0000","6240.0000","6260.0000","6300.0000","6370.0000","6240.0000","6260.0000"," ","0.0000","0.0000","195500","1230305000","6293.1202"
"20210721","01","11","    80890","JP3641300003","2009.0000","2009.0000","1961.0000","1961.0000","1959.0000","1981.0000","1953.0000","1969.0000","2009.0000","2009.0000","1953.0000","1969.0000"," ","0.0000","0.0000","10900","21530700","1975.2936"
"20210721","01","11","    80910","JP3664400003","0.0000","0.0000","0.0000","0.0000","2045.0000","2064.0000","2045.0000","2064.0000","2045.0000","2064.0000","2045.0000","2064.0000"," ","0.0000","0.0000","400","823700","2059.2500"
"20210721","01","11","    80930","JP3257000004","2607.0000","2712.0000","2600.0000","2646.0000","2646.0000","2681.0000","2643.0000","2651.0000","2607.0000","2712.0000","2600.0000","2651.0000"," ","0.0000","0.0000","99700","265360200","2661.5868"
"20210721","01","11","    80950","JP3150000002","577.0000","584.0000","571.0000","573.0000","573.0000","575.0000","568.0000","571.0000","577.0000","584.0000","568.0000","571.0000"," ","0.0000","0.0000","598000","343771700","574.8691"
"20210721","01","11","    80960","JP3217200009","3645.0000","3645.0000","3620.0000","3630.0000","3625.0000","3645.0000","3625.0000","3645.0000","3645.0000","3645.0000","3620.0000","3645.0000"," ","0.0000","0.0000","8500","30902500","3635.5882"
"20210721","01","11","    80970","JP3323600001","1339.0000","1370.0000","1335.0000","1356.0000","1363.0000","1370.0000","1356.0000","1360.0000","1339.0000","1370.0000","1335.0000","1360.0000"," ","0.0000","0.0000","51400","69793800","1357.8560"
"20210721","01","11","    80980","JP3146000009","1677.0000","1677.0000","1654.0000","1656.0000","1656.0000","1665.0000","1653.0000","1654.0000","1677.0000","1677.0000","1653.0000","1654.0000"," ","0.0000","0.0000","111500","185397800","1662.7605"
"20210721","01","11","    81010","JP3276000001","961.0000","965.0000","946.0000","959.0000","958.0000","964.0000","956.0000","960.0000","961.0000","965.0000","946.0000","960.0000"," ","0.0000","0.0000","71600","68650700","958.8087"
"20210721","01","11","    81030","JP3920600008","468.0000","471.0000","468.0000","468.0000","468.0000","470.0000","466.0000","470.0000","468.0000","471.0000","466.0000","470.0000"," ","0.0000","0.0000","14600","6846600","468.9452"
"20210721","01","11","    81040","JP3273200000","610.0000","610.0000","609.0000","610.0000","613.0000","613.0000","610.0000","613.0000","610.0000","613.0000","609.0000","613.0000"," ","0.0000","0.0000","6300","3846400","610.5397"
"20210721","01","11","    81070","JP3242400004","24.0000","24.0000","23.0000","24.0000","23.0000","24.0000","23.0000","23.0000","24.0000","24.0000","23.0000","23.0000"," ","0.0000","0.0000","102800","2378600","23.1381"
"20210721","01","11","    81080","JP3934400007","1098.0000","1098.0000","1087.0000","1091.0000","1090.0000","1092.0000","1080.0000","1092.0000","1098.0000","1098.0000","1080.0000","1092.0000"," ","0.0000","0.0000","17000","18539500","1090.5588"
"20210721","01","11","    81110","JP3306600002","6740.0000","6950.0000","6710.0000","6860.0000","6890.0000","6900.0000","6850.0000","6890.0000","6740.0000","6950.0000","6710.0000","6890.0000"," ","0.0000","0.0000","215900","1482971000","6868.7865"
"20210721","01","11","    81130","JP3951600000","4417.0000","4446.0000","4381.0000","4421.0000","4432.0000","4453.0000","4424.0000","4447.0000","4417.0000","4453.0000","4381.0000","4447.0000"," ","0.0000","0.0000","1034400","4584721300","4432.2518"
"20210721","01","11","    81140","JP3548800006","2990.0000","3020.0000","2972.0000","2980.0000","2982.0000","3010.0000","2982.0000","2990.0000","2990.0000","3020.0000","2972.0000","2990.0000"," ","0.0000","0.0000","341100","1020594100","2992.0671"
"20210721","01","11","    81180","JP3261200004","456.0000","459.0000","452.0000","452.0000","451.0000","455.0000","451.0000","455.0000","456.0000","459.0000","451.0000","455.0000"," ","0.0000","0.0000","8700","3954100","454.4943"
"20210721","01","11","    81250","JP3992000004","1026.0000","1036.0000","1025.0000","1028.0000","1033.0000","1042.0000","1032.0000","1037.0000","1026.0000","1042.0000","1025.0000","1037.0000"," ","0.0000","0.0000","97200","100499200","1033.9424"
"20210721","01","11","    81270","JP3939600007","338.0000","342.0000","338.0000","342.0000","340.0000","340.0000","339.0000","340.0000","338.0000","342.0000","338.0000","340.0000"," ","0.0000","0.0000","85800","29053300","338.6166"
"20210721","01","11","    81290","JP3602600003","1886.0000","1924.0000","1883.0000","1901.0000","1902.0000","1914.0000","1900.0000","1902.0000","1886.0000","1924.0000","1883.0000","1902.0000"," ","0.0000","0.0000","71500","136237600","1905.4210"
"20210721","01","11","    81300","JP3330000005","1613.0000","1636.0000","1613.0000","1621.0000","1618.0000","1631.0000","1618.0000","1619.0000","1613.0000","1636.0000","1613.0000","1619.0000"," ","0.0000","0.0000","60600","98439700","1624.4175"
"20210721","01","11","    81310","JP3894400005","1230.0000","1254.0000","1230.0000","1235.0000","1240.0000","1242.0000","1234.0000","1242.0000","1230.0000","1254.0000","1230.0000","1242.0000"," ","0.0000","0.0000","29400","36486800","1241.0476"
"20210721","01","11","    81320","JP3354000006","3150.0000","3240.0000","3150.0000","3225.0000","3225.0000","3240.0000","3200.0000","3215.0000","3150.0000","3240.0000","3150.0000","3215.0000"," ","0.0000","0.0000","14800","47588000","3215.4054"
"20210721","01","11","    81330","JP3144000001","1028.0000","1032.0000","1019.0000","1025.0000","1029.0000","1031.0000","1021.0000","1021.0000","1028.0000","1032.0000","1019.0000","1021.0000"," ","0.0000","0.0000","255300","262083300","1026.5699"
"20210721","01","11","    81360","JP3343200006","1924.0000","1933.0000","1891.0000","1891.0000","1892.0000","1903.0000","1888.0000","1899.0000","1924.0000","1933.0000","1888.0000","1899.0000"," ","0.0000","0.0000","241900","460172700","1902.3262"
"20210721","01","11","    81370","JP3345400000","1286.0000","1296.0000","1260.0000","1263.0000","1260.0000","1270.0000","1254.0000","1261.0000","1286.0000","1296.0000","1254.0000","1261.0000"," ","0.0000","0.0000","52300","66287800","1267.4532"
"20210721","01","11","    81400","JP3975400007","2116.0000","2139.0000","2115.0000","2115.0000","2115.0000","2121.0000","2109.0000","2119.0000","2116.0000","2139.0000","2109.0000","2119.0000"," ","0.0000","0.0000","17700","37511900","2119.3164"
"20210721","01","11","    81410","JP3374200008","761.0000","780.0000","761.0000","777.0000","774.0000","774.0000","764.0000","766.0000","761.0000","780.0000","761.0000","766.0000"," ","0.0000","0.0000","60300","46322800","768.2056"
"20210721","01","11","    81420","JP3553200001","1523.0000","1540.0000","1523.0000","1532.0000","1532.0000","1533.0000","1520.0000","1533.0000","1523.0000","1540.0000","1520.0000","1533.0000"," ","0.0000","0.0000","7700","11775000","1529.2208"
"20210721","01","11","    81500","JP3333200008","2056.0000","2137.0000","2056.0000","2103.0000","2110.0000","2120.0000","2095.0000","2120.0000","2056.0000","2137.0000","2056.0000","2120.0000"," ","0.0000","0.0000","69900","146622000","2097.5966"
"20210721","01","11","    81510","JP3616600007","1126.0000","1137.0000","1110.0000","1131.0000","1131.0000","1132.0000","1125.0000","1127.0000","1126.0000","1137.0000","1110.0000","1127.0000"," ","0.0000","0.0000","110200","124403300","1128.8866"
"20210721","01","11","    81530","JP3922400001","3105.0000","3140.0000","3105.0000","3120.0000","3125.0000","3125.0000","3105.0000","3105.0000","3105.0000","3140.0000","3105.0000","3105.0000"," ","0.0000","0.0000","22200","69184000","3116.3964"
"20210721","01","11","    81540","JP3206200002","2836.0000","2861.0000","2829.0000","2829.0000","2831.0000","2856.0000","2826.0000","2850.0000","2836.0000","2861.0000","2826.0000","2850.0000"," ","0.0000","0.0000","41500","118080100","2845.3036"
"20210721","01","11","    81550","JP3907200004","2344.0000","2391.0000","2330.0000","2376.0000","2372.0000","2379.0000","2346.0000","2364.0000","2344.0000","2391.0000","2330.0000","2364.0000"," ","0.0000","0.0000","257200","607600900","2362.3674"
"20210721","01","11","    81570","JP3533800003","1567.0000","1590.0000","1549.0000","1584.0000","1584.0000","1592.0000","1576.0000","1587.0000","1567.0000","1592.0000","1549.0000","1587.0000"," ","0.0000","0.0000","22100","34784200","1573.9457"
"20210721","01","11","    81580","JP3431400005","534.0000","538.0000","533.0000","533.0000","534.0000","537.0000","533.0000","535.0000","534.0000","538.0000","533.0000","535.0000"," ","0.0000","0.0000","64200","34347000","535.0000"
"20210721","01","11","    81590","JP3466600008","1469.0000","1477.0000","1459.0000","1461.0000","1465.0000","1466.0000","1456.0000","1461.0000","1469.0000","1477.0000","1456.0000","1461.0000"," ","0.0000","0.0000","49500","72503500","1464.7172"
"20210721","01","11","    81600","JP3237000009","2334.0000","2350.0000","2330.0000","2337.0000","2333.0000","2347.0000","2331.0000","2338.0000","2334.0000","2350.0000","2330.0000","2338.0000"," ","0.0000","0.0000","50300","117561200","2337.2008"
"20210721","01","11","    81630","JP3322350004","806.0000","812.0000","805.0000","805.0000","804.0000","805.0000","800.0000","804.0000","806.0000","812.0000","800.0000","804.0000"," ","0.0000","0.0000","123200","99155500","804.8336"
"20210721","01","11","    81650","JP3424600009","366.0000","370.0000","365.0000","367.0000","367.0000","367.0000","365.0000","365.0000","366.0000","370.0000","365.0000","365.0000"," ","0.0000","0.0000","58200","21349100","366.8230"
"20210721","01","11","    81660","JP3453600003","133.0000","133.0000","132.0000","132.0000","132.0000","132.0000","131.0000","132.0000","133.0000","133.0000","131.0000","132.0000"," ","0.0000","0.0000","30400","4023800","132.3618"
"20210721","01","11","    81670","JP3873200004","1150.0000","1150.0000","1134.0000","1140.0000","1142.0000","1149.0000","1139.0000","1149.0000","1150.0000","1150.0000","1134.0000","1149.0000"," ","0.0000","0.0000","71300","81811400","1147.4250"
"20210721","01","11","    81680","JP3277400002","823.0000","829.0000","818.0000","822.0000","824.0000","826.0000","818.0000","824.0000","823.0000","829.0000","818.0000","824.0000"," ","0.0000","0.0000","139800","115136400","823.5794"
"20210721","01","11","    81730","JP3393000009","2672.0000","2699.0000","2665.0000","2668.0000","2664.0000","2702.0000","2664.0000","2687.0000","2672.0000","2702.0000","2664.0000","2687.0000"," ","0.0000","0.0000","21100","56716300","2687.9763"
"20210721","01","11","    81740","JP3695600001","1948.0000","1979.0000","1940.0000","1963.0000","1972.0000","1987.0000","1966.0000","1984.0000","1948.0000","1987.0000","1940.0000","1984.0000"," ","0.0000","0.0000","360400","710833000","1972.3446"
"20210721","01","11","    81790","JP3983600002","1945.0000","1960.0000","1935.0000","1936.0000","1936.0000","1942.0000","1922.0000","1922.0000","1945.0000","1960.0000","1922.0000","1922.0000"," ","0.0000","0.0000","115500","224094700","1940.2139"
"20210721","01","11","    81810","JP3595800008","1130.0000","1138.0000","1130.0000","1138.0000","1123.0000","1123.0000","1121.0000","1121.0000","1130.0000","1138.0000","1121.0000","1121.0000"," ","0.0000","0.0000","600","676600","1127.6667"
"20210721","01","11","    81820","JP3145200006","1446.0000","1472.0000","1440.0000","1468.0000","1471.0000","1475.0000","1465.0000","1475.0000","1446.0000","1475.0000","1440.0000","1475.0000"," ","0.0000","0.0000","51500","75653600","1469.0019"
"20210721","01","11","    81850","JP3528400009","872.0000","872.0000","858.0000","861.0000","859.0000","862.0000","858.0000","860.0000","872.0000","872.0000","858.0000","860.0000"," ","0.0000","0.0000","95700","82462100","861.6729"
"20210721","01","11","    81940","JP3966600003","3420.0000","3480.0000","3420.0000","3445.0000","3445.0000","3485.0000","3445.0000","3475.0000","3420.0000","3485.0000","3420.0000","3475.0000"," ","0.0000","0.0000","50800","175917500","3462.9429"
"20210721","01","11","    82000","JP3977000003","2235.0000","2265.0000","2220.0000","2240.0000","2238.0000","2259.0000","2232.0000","2235.0000","2235.0000","2265.0000","2220.0000","2235.0000"," ","0.0000","0.0000","210300","471438400","2241.7423"
"20210721","01","11","    82030","JP3885200000","652.0000","661.0000","652.0000","658.0000","658.0000","661.0000","653.0000","653.0000","652.0000","661.0000","652.0000","653.0000"," ","0.0000","0.0000","87100","57222100","656.9701"
"20210721","01","11","    82070","JP3547200000","334.0000","336.0000","334.0000","336.0000","336.0000","337.0000","335.0000","337.0000","334.0000","337.0000","334.0000","337.0000"," ","0.0000","0.0000","14900","4988700","334.8121"
"20210721","01","11","    82140","JP3105400000","669.0000","673.0000","662.0000","662.0000","664.0000","665.0000","661.0000","662.0000","669.0000","673.0000","661.0000","662.0000"," ","0.0000","0.0000","206200","137350100","666.1014"
"20210721","01","11","    82170","JP3172150009","1084.0000","1103.0000","1084.0000","1094.0000","1094.0000","1102.0000","1094.0000","1100.0000","1084.0000","1103.0000","1084.0000","1100.0000"," ","0.0000","0.0000","63300","69460200","1097.3175"
"20210721","01","11","    82180","JP3305600003","2662.0000","2688.0000","2657.0000","2668.0000","2673.0000","2679.0000","2664.0000","2666.0000","2662.0000","2688.0000","2657.0000","2666.0000"," ","0.0000","0.0000","107900","288441900","2673.2335"
"20210721","01","11","    82190","JP3106200003","720.0000","724.0000","708.0000","709.0000","708.0000","710.0000","703.0000","704.0000","720.0000","724.0000","703.0000","704.0000"," ","0.0000","0.0000","469900","335144500","713.2252"
"20210721","01","11","    82270","JP3358200008","10360.0000","10510.0000","10280.0000","10320.0000","10340.0000","10370.0000","10250.0000","10290.0000","10360.0000","10510.0000","10250.0000","10290.0000"," ","0.0000","0.0000","150400","1556552000","10349.4149"
"20210721","01","11","    82300","JP3768400008","277.0000","277.0000","276.0000","277.0000","277.0000","277.0000","275.0000","275.0000","277.0000","277.0000","275.0000","275.0000"," ","0.0000","0.0000","18400","5088600","276.5543"
"20210721","01","11","    82330","JP3456000003","1173.0000","1193.0000","1164.0000","1167.0000","1170.0000","1171.0000","1160.0000","1160.0000","1173.0000","1193.0000","1160.0000","1160.0000"," ","0.0000","0.0000","1112600","1303517900","1171.5962"
"20210721","01","11","    82370","JP3869200000","977.0000","977.0000","955.0000","957.0000","955.0000","960.0000","947.0000","958.0000","977.0000","977.0000","947.0000","958.0000"," ","0.0000","0.0000","183400","175913100","959.1772"
"20210721","01","11","    82420","JP3774600005","881.0000","891.0000","867.0000","869.0000","868.0000","872.0000","865.0000","866.0000","881.0000","891.0000","865.0000","866.0000"," ","0.0000","0.0000","362100","316704200","874.6319"
"20210721","01","11","    82440","JP3250800004","3115.0000","3140.0000","3090.0000","3090.0000","3095.0000","3110.0000","3085.0000","3095.0000","3115.0000","3140.0000","3085.0000","3095.0000"," ","0.0000","0.0000","12100","37618000","3108.9256"
"20210721","01","11","    82520","JP3870400003","1980.0000","2025.0000","1970.0000","1971.0000","1977.0000","1982.0000","1968.0000","1972.0000","1980.0000","2025.0000","1968.0000","1972.0000"," ","0.0000","0.0000","714900","1420461000","1986.9366"
"20210721","01","11","    82530","JP3271400008","1331.0000","1339.0000","1312.0000","1312.0000","1314.0000","1314.0000","1306.0000","1307.0000","1331.0000","1339.0000","1306.0000","1307.0000"," ","0.0000","0.0000","661000","869233000","1315.0272"
"20210721","01","11","    82550","JP3772400002","3825.0000","3845.0000","3785.0000","3830.0000","3850.0000","3870.0000","3835.0000","3850.0000","3825.0000","3870.0000","3785.0000","3850.0000"," ","0.0000","0.0000","24700","94879500","3841.2753"
"20210721","01","11","    82600","JP3142400005","239.0000","239.0000","236.0000","236.0000","236.0000","238.0000","235.0000","237.0000","239.0000","239.0000","235.0000","237.0000"," ","0.0000","0.0000","33500","7986600","238.4060"
"20210721","01","11","    82670","JP3388200002","2949.5000","2970.0000","2933.0000","2938.0000","2945.0000","2953.5000","2937.0000","2952.0000","2949.5000","2970.0000","2933.0000","2952.0000"," ","0.0000","0.0000","1430000","4217277500","2949.1451"
"20210721","01","11","    82730","JP3138400001","3855.0000","3885.0000","3780.0000","3785.0000","3795.0000","3830.0000","3780.0000","3810.0000","3855.0000","3885.0000","3780.0000","3810.0000"," ","0.0000","0.0000","156800","598838500","3819.1231"
"20210721","01","11","    82750","JP3802750004","935.0000","935.0000","925.0000","934.0000","935.0000","940.0000","935.0000","940.0000","935.0000","940.0000","925.0000","940.0000"," ","0.0000","0.0000","4900","4585900","935.8980"
"20210721","01","11","    82760","JP3834400008","2084.0000","2099.0000","2064.0000","2083.0000","2089.0000","2092.0000","2079.0000","2090.0000","2084.0000","2099.0000","2064.0000","2090.0000"," ","0.0000","0.0000","193100","402785000","2085.8881"
"20210721","01","11","    82780","JP3807400001","1943.0000","1963.0000","1932.0000","1952.0000","1957.0000","1970.0000","1957.0000","1965.0000","1943.0000","1970.0000","1932.0000","1965.0000"," ","0.0000","0.0000","60000","117244200","1954.0700"
"20210721","01","11","    82790","JP3930200005","6500.0000","6600.0000","6460.0000","6540.0000","6550.0000","6590.0000","6540.0000","6570.0000","6500.0000","6600.0000","6460.0000","6570.0000"," ","0.0000","0.0000","62400","408901000","6552.9006"
"20210721","01","11","    82810","JP3428800001","995.0000","1005.0000","991.0000","993.0000","994.0000","996.0000","990.0000","995.0000","995.0000","1005.0000","990.0000","995.0000"," ","0.0000","0.0000","68200","67940000","996.1877"
"20210721","01","11","    82820","JP3277150003","1306.0000","1306.0000","1262.0000","1273.0000","1271.0000","1275.0000","1265.0000","1271.0000","1306.0000","1306.0000","1262.0000","1271.0000"," ","0.0000","0.0000","2020400","2588708500","1281.2851"
"20210721","01","11","    82830","JP3782200004","5030.0000","5070.0000","5000.0000","5030.0000","5040.0000","5050.0000","5020.0000","5030.0000","5030.0000","5070.0000","5000.0000","5030.0000"," ","0.0000","0.0000","98500","496236000","5037.9289"
"20210721","01","11","    82850","JP3886600000","378.0000","380.0000","377.0000","378.0000","378.0000","378.0000","376.0000","377.0000","378.0000","380.0000","376.0000","377.0000"," ","0.0000","0.0000","31800","12011700","377.7264"
"20210721","01","11","    82890","JP3201400003","785.0000","794.0000","779.0000","785.0000","783.0000","789.0000","770.0000","787.0000","785.0000","794.0000","770.0000","787.0000"," ","0.0000","0.0000","24800","19465700","784.9073"
"20210721","01","11","    82910","JP3587800008","248.0000","251.0000","247.0000","249.0000","250.0000","251.0000","248.0000","249.0000","248.0000","251.0000","247.0000","249.0000"," ","0.0000","0.0000","66200","16509100","249.3822"
"20210721","01","11","    83030","JP3729000004","1442.0000","1457.0000","1430.0000","1431.0000","1433.0000","1440.0000","1430.0000","1434.0000","1442.0000","1457.0000","1430.0000","1434.0000"," ","0.0000","0.0000","679500","976907600","1437.6859"
"20210721","01","11","    83040","JP3711200000","2450.0000","2464.0000","2433.0000","2433.0000","2433.0000","2439.0000","2426.0000","2431.0000","2450.0000","2464.0000","2426.0000","2431.0000"," ","0.0000","0.0000","429100","1047384000","2440.8856"
"20210721","01","11","    83060","JP3902900004","576.0000","579.9000","572.6000","574.3000","575.0000","575.9000","571.0000","571.0000","576.0000","579.9000","571.0000","571.0000"," ","0.0000","0.0000","45444800","26120144070","574.7664"
"20210721","01","11","    83080","JP3500610005","419.6000","420.8000","416.3000","416.6000","417.9000","417.9000","414.1000","414.1000","419.6000","420.8000","414.1000","414.1000"," ","0.0000","0.0000","7819900","3259474140","416.8179"
"20210721","01","11","    83090","JP3892100003","3524.0000","3536.0000","3487.0000","3497.0000","3498.0000","3501.0000","3480.0000","3480.0000","3524.0000","3536.0000","3480.0000","3480.0000"," ","0.0000","0.0000","803900","2813841500","3500.2382"
"20210721","01","11","    83160","JP3890350006","3714.0000","3737.0000","3696.0000","3696.0000","3702.0000","3702.0000","3677.0000","3677.0000","3714.0000","3737.0000","3677.0000","3677.0000"," ","0.0000","0.0000","4520600","16736069100","3702.1787"
"20210721","01","11","    83310","JP3511800009","640.0000","648.0000","636.0000","637.0000","636.0000","640.0000","633.0000","634.0000","640.0000","648.0000","633.0000","634.0000"," ","0.0000","0.0000","1965100","1253111500","637.6833"
"20210721","01","11","    83340","JP3276400003","346.0000","350.0000","345.0000","346.0000","347.0000","347.0000","344.0000","344.0000","346.0000","350.0000","344.0000","344.0000"," ","0.0000","0.0000","783600","271268800","346.1827"
"20210721","01","11","    83360","JP3912800004","1636.0000","1657.0000","1636.0000","1645.0000","1645.0000","1650.0000","1638.0000","1638.0000","1636.0000","1657.0000","1636.0000","1638.0000"," ","0.0000","0.0000","44200","72651700","1643.7036"
"20210721","01","11","    83370","JP3512200001","254.0000","260.0000","253.0000","255.0000","257.0000","257.0000","255.0000","255.0000","254.0000","260.0000","253.0000","255.0000"," ","0.0000","0.0000","215000","55179800","256.6502"
"20210721","01","11","    83380","JP3231000005","171.0000","171.0000","168.0000","169.0000","169.0000","169.0000","167.0000","169.0000","171.0000","171.0000","167.0000","169.0000"," ","0.0000","0.0000","416500","70670900","169.6780"
"20210721","01","11","    83410","JP3352000008","1150.0000","1157.0000","1144.0000","1144.0000","1144.0000","1146.0000","1140.0000","1140.0000","1150.0000","1157.0000","1140.0000","1140.0000"," ","0.0000","0.0000","123600","141643000","1145.9790"
"20210721","01","11","    83420","JP3106000007","2051.0000","2055.0000","2028.0000","2028.0000","2025.0000","2032.0000","2022.0000","2023.0000","2051.0000","2055.0000","2022.0000","2023.0000"," ","0.0000","0.0000","21400","43536100","2034.3972"
"20210721","01","11","    83430","JP3107600003","1408.0000","1420.0000","1408.0000","1408.0000","1408.0000","1411.0000","1405.0000","1411.0000","1408.0000","1420.0000","1405.0000","1411.0000"," ","0.0000","0.0000","30300","42793300","1412.3201"
"20210721","01","11","    83440","JP3934800008","850.0000","856.0000","844.0000","844.0000","844.0000","849.0000","835.0000","842.0000","850.0000","856.0000","835.0000","842.0000"," ","0.0000","0.0000","59300","50089400","844.6779"
"20210721","01","11","    83450","JP3152400002","1697.0000","1709.0000","1687.0000","1690.0000","1690.0000","1691.0000","1682.0000","1684.0000","1697.0000","1709.0000","1682.0000","1684.0000"," ","0.0000","0.0000","27100","45859800","1692.2435"
"20210721","01","11","    83460","JP3601000007","208.0000","210.0000","206.0000","207.0000","208.0000","208.0000","205.0000","206.0000","208.0000","210.0000","205.0000","206.0000"," ","0.0000","0.0000","316300","65458300","206.9500"
"20210721","01","11","    83490","JP3604200000","998.0000","1001.0000","996.0000","998.0000","998.0000","998.0000","996.0000","998.0000","998.0000","1001.0000","996.0000","998.0000"," ","0.0000","0.0000","4200","4190700","997.7857"
"20210721","01","11","    83500","JP3888000001","926.0000","929.0000","916.0000","919.0000","917.0000","919.0000","915.0000","919.0000","926.0000","929.0000","915.0000","919.0000"," ","0.0000","0.0000","17200","15862600","922.2442"
"20210721","01","11","    83540","JP3805010000","1865.0000","1871.0000","1844.0000","1845.0000","1848.0000","1848.0000","1831.0000","1831.0000","1865.0000","1871.0000","1831.0000","1831.0000"," ","0.0000","0.0000","645000","1191579700","1847.4104"
"20210721","01","11","    83550","JP3351200005","827.0000","831.0000","818.0000","818.0000","818.0000","821.0000","815.0000","816.0000","827.0000","831.0000","815.0000","816.0000"," ","0.0000","0.0000","1079000","884543100","819.7804"
"20210721","01","11","    83560","JP3392600007","1935.0000","1945.0000","1923.0000","1924.0000","1931.0000","1931.0000","1917.0000","1917.0000","1935.0000","1945.0000","1917.0000","1917.0000"," ","0.0000","0.0000","78000","150273300","1926.5808"
"20210721","01","11","    83580","JP3411000007","326.0000","333.0000","325.0000","327.0000","328.0000","328.0000","325.0000","325.0000","326.0000","333.0000","325.0000","325.0000"," ","0.0000","0.0000","1816600","595349000","327.7271"
"20210721","01","11","    83590","JP3769000005","353.0000","356.0000","351.0000","352.0000","351.0000","354.0000","350.0000","351.0000","353.0000","356.0000","350.0000","351.0000"," ","0.0000","0.0000","1064600","374954500","352.2022"
"20210721","01","11","    83600","JP3942000005","818.0000","820.0000","810.0000","810.0000","811.0000","814.0000","807.0000","807.0000","818.0000","820.0000","807.0000","807.0000"," ","0.0000","0.0000","38100","30950200","812.3412"
"20210721","01","11","    83610","JP3176000002","1862.0000","1875.0000","1850.0000","1850.0000","1860.0000","1860.0000","1846.0000","1846.0000","1862.0000","1875.0000","1846.0000","1846.0000"," ","0.0000","0.0000","38600","71653600","1856.3109"
"20210721","01","11","    83620","JP3803600000","1390.0000","1406.0000","1390.0000","1392.0000","1392.0000","1396.0000","1385.0000","1385.0000","1390.0000","1406.0000","1385.0000","1385.0000"," ","0.0000","0.0000","19600","27297400","1392.7245"
"20210721","01","11","    83630","JP3851400006","2102.0000","2111.0000","2079.0000","2080.0000","2073.0000","2085.0000","2065.0000","2065.0000","2102.0000","2111.0000","2065.0000","2065.0000"," ","0.0000","0.0000","73000","151802000","2079.4795"
"20210721","01","11","    83640","JP3358400004","1525.0000","1539.0000","1525.0000","1529.0000","1532.0000","1536.0000","1529.0000","1535.0000","1525.0000","1539.0000","1525.0000","1535.0000"," ","0.0000","0.0000","6100","9349500","1532.7049"
"20210721","01","11","    83650","JP3632000000","2162.0000","2182.0000","2162.0000","2166.0000","2162.0000","2163.0000","2153.0000","2153.0000","2162.0000","2182.0000","2153.0000","2153.0000"," ","0.0000","0.0000","2000","4326100","2163.0500"
"20210721","01","11","    83660","JP3347600003","1903.0000","1910.0000","1890.0000","1891.0000","1891.0000","1894.0000","1879.0000","1879.0000","1903.0000","1910.0000","1879.0000","1879.0000"," ","0.0000","0.0000","91600","173125300","1890.0142"
"20210721","01","11","    83670","JP3653400006","1865.0000","1879.0000","1857.0000","1860.0000","1862.0000","1869.0000","1857.0000","1857.0000","1865.0000","1879.0000","1857.0000","1857.0000"," ","0.0000","0.0000","57300","106772100","1863.3874"
"20210721","01","11","    83680","JP3793800008","307.0000","308.0000","306.0000","306.0000","307.0000","307.0000","305.0000","305.0000","307.0000","308.0000","305.0000","305.0000"," ","0.0000","0.0000","298500","91507600","306.5581"
"20210721","01","11","    83690","JP3251200006","4850.0000","4880.0000","4800.0000","4805.0000","4820.0000","4820.0000","4790.0000","4795.0000","4850.0000","4880.0000","4790.0000","4795.0000"," ","0.0000","0.0000","128900","621322000","4820.1862"
"20210721","01","11","    83700","JP3248000006","1474.0000","1496.0000","1474.0000","1486.0000","1491.0000","1497.0000","1480.0000","1480.0000","1474.0000","1497.0000","1474.0000","1480.0000"," ","0.0000","0.0000","71200","105900300","1487.3638"
"20210721","01","11","    83770","JP3842400008","797.0000","806.0000","791.0000","796.0000","800.0000","800.0000","791.0000","791.0000","797.0000","806.0000","791.0000","791.0000"," ","0.0000","0.0000","233200","185678200","796.2187"
"20210721","01","11","    83810","JP3324000003","545.0000","545.0000","539.0000","539.0000","539.0000","542.0000","537.0000","537.0000","545.0000","545.0000","537.0000","537.0000"," ","0.0000","0.0000","158900","85787600","539.8842"
"20210721","01","11","    83820","JP3521000004","855.0000","861.0000","850.0000","850.0000","849.0000","851.0000","845.0000","849.0000","855.0000","861.0000","845.0000","849.0000"," ","0.0000","0.0000","274500","233804900","851.7483"
"20210721","01","11","    83830","JP3628600003","1128.0000","1132.0000","1126.0000","1126.0000","1126.0000","1126.0000","1126.0000","1126.0000","1128.0000","1132.0000","1126.0000","1126.0000"," ","0.0000","0.0000","1400","1578100","1127.2143"
"20210721","01","11","    83850","JP3149600003","539.0000","540.0000","534.0000","534.0000","535.0000","537.0000","532.0000","533.0000","539.0000","540.0000","532.0000","533.0000"," ","0.0000","0.0000","460200","246364200","535.3416"
"20210721","01","11","    83860","JP3794200000","1507.0000","1518.0000","1503.0000","1506.0000","1502.0000","1509.0000","1500.0000","1500.0000","1507.0000","1518.0000","1500.0000","1500.0000"," ","0.0000","0.0000","34200","51528600","1506.6842"
"20210721","01","11","    83870","JP3350000000","710.0000","715.0000","707.0000","707.0000","707.0000","709.0000","704.0000","708.0000","710.0000","715.0000","704.0000","708.0000"," ","0.0000","0.0000","61800","43810800","708.9126"
"20210721","01","11","    83880","JP3126800006","1998.0000","2012.0000","1991.0000","1994.0000","2003.0000","2010.0000","1993.0000","1993.0000","1998.0000","2012.0000","1991.0000","1993.0000"," ","0.0000","0.0000","39400","78768800","1999.2081"
"20210721","01","11","    83920","JP3175200009","1705.0000","1707.0000","1686.0000","1691.0000","1691.0000","1696.0000","1685.0000","1691.0000","1705.0000","1707.0000","1685.0000","1691.0000"," ","0.0000","0.0000","25300","42863200","1694.1976"
"20210721","01","11","    83930","JP3908000007","2004.0000","2011.0000","1997.0000","1999.0000","1999.0000","2003.0000","1993.0000","1993.0000","2004.0000","2011.0000","1993.0000","1993.0000"," ","0.0000","0.0000","35800","71627600","2000.7709"
"20210721","01","11","    83950","JP3315200000","1377.0000","1381.0000","1367.0000","1367.0000","1368.0000","1370.0000","1365.0000","1365.0000","1377.0000","1381.0000","1365.0000","1365.0000"," ","0.0000","0.0000","25000","34252700","1370.1080"
"20210721","01","11","    83970","JP3194600007","2454.0000","2477.0000","2452.0000","2453.0000","2449.0000","2457.0000","2441.0000","2442.0000","2454.0000","2477.0000","2441.0000","2442.0000"," ","0.0000","0.0000","32800","80405200","2451.3780"
"20210721","01","11","    83990","JP3975000005","719.0000","723.0000","717.0000","718.0000","720.0000","721.0000","714.0000","716.0000","719.0000","723.0000","714.0000","716.0000"," ","0.0000","0.0000","151400","108755100","718.3296"
"20210721","01","11","    84100","JP3105220002","239.0000","241.0000","238.0000","239.0000","239.0000","239.0000","236.0000","236.0000","239.0000","241.0000","236.0000","236.0000"," ","0.0000","0.0000","6250700","1489298000","238.2610"
"20210721","01","11","    84110","JP3885780001","1576.5000","1584.0000","1569.0000","1570.0000","1569.0000","1571.5000","1560.5000","1560.5000","1576.5000","1584.0000","1560.5000","1560.5000"," ","0.0000","0.0000","5229000","8211619650","1570.3996"
"20210721","01","11","    84160","JP3288960002","812.0000","812.0000","801.0000","803.0000","801.0000","806.0000","801.0000","806.0000","812.0000","812.0000","801.0000","806.0000"," ","0.0000","0.0000","14000","11324900","808.9214"
"20210721","01","11","    84180","JP3935300008","624.0000","628.0000","621.0000","624.0000","625.0000","626.0000","621.0000","622.0000","624.0000","628.0000","621.0000","622.0000"," ","0.0000","0.0000","583900","364383000","624.0504"
"20210721","01","11","    84210","JP3429200003","239400.0000","240000.0000","239400.0000","239500.0000","240000.0000","240000.0000","239500.0000","239500.0000","239400.0000","240000.0000","239400.0000","239500.0000"," ","0.0000","0.0000","27","6468900","239588.8889"
"20210721","01","11","    84240","JP3826270005","7140.0000","7140.0000","7080.0000","7080.0000","7080.0000","7100.0000","7060.0000","7070.0000","7140.0000","7140.0000","7060.0000","7070.0000"," ","0.0000","0.0000","17700","125495000","7090.1130"
"20210721","01","11","    84250","JP3286500008","3580.0000","3620.0000","3565.0000","3580.0000","3580.0000","3580.0000","3555.0000","3555.0000","3580.0000","3620.0000","3555.0000","3555.0000"," ","0.0000","0.0000","35500","127105500","3580.4366"
"20210721","01","11","    84390","JP3424950008","5950.0000","6040.0000","5940.0000","6000.0000","6000.0000","6020.0000","5960.0000","5960.0000","5950.0000","6040.0000","5940.0000","5960.0000"," ","0.0000","0.0000","85700","512671000","5982.1587"
"20210721","01","11","    84730","JP3436120004","2608.0000","2625.0000","2565.0000","2567.0000","2565.0000","2570.0000","2550.0000","2556.0000","2608.0000","2625.0000","2550.0000","2556.0000"," ","0.0000","0.0000","1083700","2789780600","2574.3108"
"20210721","01","11","    85110","JP3714400003","815.0000","817.0000","808.0000","808.0000","808.0000","815.0000","808.0000","810.0000","815.0000","817.0000","808.0000","810.0000"," ","0.0000","0.0000","85800","69635700","811.6049"
"20210721","01","11","    85150","JP3105040004","360.0000","362.0000","356.0000","358.0000","357.0000","358.0000","354.0000","355.0000","360.0000","362.0000","354.0000","355.0000"," ","0.0000","0.0000","4054500","1451375800","357.9667"
"20210721","01","11","    85180","JP3686150008","310.0000","316.0000","296.0000","304.0000","305.0000","315.0000","301.0000","305.0000","310.0000","316.0000","296.0000","305.0000"," ","0.0000","0.0000","1303000","401643200","308.2450"
"20210721","01","11","    85210","JP3648300006","1121.0000","1122.0000","1102.0000","1108.0000","1103.0000","1106.0000","1097.0000","1103.0000","1121.0000","1122.0000","1097.0000","1103.0000"," ","0.0000","0.0000","30800","34339200","1114.9091"
"20210721","01","11","    85220","JP3648800005","2449.0000","2452.0000","2416.0000","2421.0000","2421.0000","2421.0000","2396.0000","2396.0000","2449.0000","2452.0000","2396.0000","2396.0000"," ","0.0000","0.0000","26200","63633900","2428.7748"
"20210721","01","11","    85240","JP3843400007","236.0000","238.0000","236.0000","236.0000","235.0000","236.0000","233.0000","233.0000","236.0000","238.0000","233.0000","233.0000"," ","0.0000","0.0000","544600","128299900","235.5856"
"20210721","01","11","    85270","JP3103000000","2792.0000","2828.0000","2792.0000","2810.0000","2811.0000","2833.0000","2811.0000","2819.0000","2792.0000","2833.0000","2792.0000","2819.0000"," ","0.0000","0.0000","15000","42217700","2814.5133"
"20210721","01","11","    85300","JP3520000005","1409.0000","1422.0000","1405.0000","1414.0000","1414.0000","1424.0000","1412.0000","1420.0000","1409.0000","1424.0000","1405.0000","1420.0000"," ","0.0000","0.0000","20400","28909100","1417.1127"
"20210721","01","11","    85370","JP3441600008","1267.0000","1278.0000","1267.0000","1278.0000","1278.0000","1283.0000","1268.0000","1269.0000","1267.0000","1283.0000","1267.0000","1269.0000"," ","0.0000","0.0000","9300","11869100","1276.2473"
"20210721","01","11","    85410","JP3166400006","752.0000","758.0000","751.0000","751.0000","754.0000","754.0000","748.0000","748.0000","752.0000","758.0000","748.0000","748.0000"," ","0.0000","0.0000","86300","64907900","752.1194"
"20210721","01","11","    85420","JP3630500001","1038.0000","1045.0000","1038.0000","1040.0000","1038.0000","1040.0000","1036.0000","1040.0000","1038.0000","1045.0000","1036.0000","1040.0000"," ","0.0000","0.0000","15300","15892900","1038.7516"
"20210721","01","11","    85440","JP3281600001","417.0000","418.0000","414.0000","414.0000","414.0000","415.0000","412.0000","412.0000","417.0000","418.0000","412.0000","412.0000"," ","0.0000","0.0000","212600","88040100","414.1115"
"20210721","01","11","    85500","JP3627800000","171.0000","172.0000","170.0000","170.0000","170.0000","171.0000","169.0000","170.0000","171.0000","172.0000","169.0000","170.0000"," ","0.0000","0.0000","227500","38798500","170.5429"
"20210721","01","11","    85510","JP3238200004","1588.0000","1604.0000","1576.0000","1576.0000","1576.0000","1578.0000","1562.0000","1566.0000","1588.0000","1604.0000","1562.0000","1566.0000"," ","0.0000","0.0000","30600","48279900","1577.7745"
"20210721","01","11","    85580","JP3622400004","494.0000","500.0000","493.0000","494.0000","494.0000","495.0000","492.0000","495.0000","494.0000","500.0000","492.0000","495.0000"," ","0.0000","0.0000","86800","42994000","495.3226"
"20210721","01","11","    85620","JP3805100009","236.0000","239.0000","236.0000","238.0000","239.0000","239.0000","238.0000","238.0000","236.0000","239.0000","236.0000","238.0000"," ","0.0000","0.0000","69300","16493500","238.0014"
"20210721","01","11","    85630","JP3486700002","612.0000","623.0000","610.0000","620.0000","620.0000","620.0000","618.0000","618.0000","612.0000","623.0000","610.0000","618.0000"," ","0.0000","0.0000","19700","12200700","619.3249"
"20210721","01","11","    85660","JP3974100004","3455.0000","3470.0000","3440.0000","3455.0000","3465.0000","3465.0000","3440.0000","3440.0000","3455.0000","3470.0000","3440.0000","3440.0000"," ","0.0000","0.0000","18800","64934000","3453.9362"
"20210721","01","11","    85700","JP3131400008","1365.0000","1383.0000","1354.0000","1363.0000","1361.0000","1367.0000","1357.0000","1362.0000","1365.0000","1383.0000","1354.0000","1362.0000"," ","0.0000","0.0000","700200","956529600","1366.0805"
"20210721","01","11","    85720","JP3108600002","469.0000","474.0000","465.0000","468.0000","468.0000","470.0000","467.0000","469.0000","469.0000","474.0000","465.0000","469.0000"," ","0.0000","0.0000","1037400","486317500","468.7849"
"20210721","01","11","    85840","JP3388600003","2577.0000","2595.0000","2562.0000","2566.0000","2566.0000","2566.0000","2550.0000","2552.0000","2577.0000","2595.0000","2550.0000","2552.0000"," ","0.0000","0.0000","91500","235001700","2568.3246"
"20210721","01","11","    85850","JP3199000005","142.0000","145.0000","142.0000","143.0000","143.0000","144.0000","141.0000","142.0000","142.0000","145.0000","141.0000","142.0000"," ","0.0000","0.0000","5060400","723988800","143.0695"
"20210721","01","11","    85910","JP3200450009","1894.5000","1905.5000","1885.5000","1886.0000","1890.0000","1894.0000","1879.5000","1884.5000","1894.5000","1905.5000","1879.5000","1884.5000"," ","0.0000","0.0000","3037000","5745435900","1891.8129"
"20210721","01","11","    85930","JP3499800005","605.0000","612.0000","602.0000","603.0000","602.0000","604.0000","601.0000","602.0000","605.0000","612.0000","601.0000","602.0000"," ","0.0000","0.0000","2180300","1319480200","605.1829"
"20210721","01","11","    85950","JP3389900006","6310.0000","6390.0000","6260.0000","6320.0000","6420.0000","6500.0000","6250.0000","6280.0000","6310.0000","6500.0000","6250.0000","6280.0000"," ","0.0000","0.0000","365900","2318117000","6335.3840"
"20210721","01","11","    85960","JP3247000007","648.0000","650.0000","648.0000","650.0000","648.0000","649.0000","648.0000","649.0000","648.0000","650.0000","648.0000","649.0000"," ","0.0000","0.0000","2800","1817400","649.0714"
"20210721","01","11","    86000","JP3631700006","299.0000","300.0000","297.0000","297.0000","297.0000","298.0000","296.0000","296.0000","299.0000","300.0000","296.0000","296.0000"," ","0.0000","0.0000","227500","67704200","297.6009"
"20210721","01","11","    86010","JP3502200003","573.2000","577.0000","569.5000","569.8000","572.1000","572.1000","568.5000","570.3000","573.2000","577.0000","568.5000","570.3000"," ","0.0000","0.0000","4397900","2513940820","571.6230"
"20210721","01","11","    86040","JP3762600009","555.0000","557.8000","541.0000","550.8000","551.8000","552.0000","548.3000","549.5000","555.0000","557.8000","541.0000","549.5000"," ","0.0000","0.0000","9364000","5167826520","551.8824"
"20210721","01","11","    86090","JP3190800007","416.0000","417.0000","411.0000","413.0000","413.0000","413.0000","409.0000","409.0000","416.0000","417.0000","409.0000","409.0000"," ","0.0000","0.0000","338500","139574800","412.3332"
"20210721","01","11","    86130","JP3874800000","602.0000","607.0000","600.0000","601.0000","602.0000","602.0000","598.0000","598.0000","602.0000","607.0000","598.0000","598.0000"," ","0.0000","0.0000","194700","117070700","601.2876"
"20210721","01","11","    86140","JP3611800008","154.0000","158.0000","154.0000","155.0000","156.0000","156.0000","154.0000","154.0000","154.0000","158.0000","154.0000","154.0000"," ","0.0000","0.0000","251000","38877500","154.8904"
"20210721","01","11","    86160","JP3577600004","394.0000","397.0000","390.0000","391.0000","391.0000","392.0000","388.0000","389.0000","394.0000","397.0000","388.0000","389.0000"," ","0.0000","0.0000","959000","375372400","391.4206"
"20210721","01","11","    86170","JP3288800000","580.0000","593.0000","579.0000","593.0000","593.0000","612.0000","588.0000","590.0000","580.0000","612.0000","579.0000","590.0000"," ","0.0000","0.0000","31300","18589700","593.9201"
"20210721","01","11","    86220","JP3905400002","298.0000","299.0000","295.0000","295.0000","297.0000","298.0000","294.0000","295.0000","298.0000","299.0000","294.0000","295.0000"," ","0.0000","0.0000","113200","33623900","297.0309"
"20210721","01","11","    86240","JP3142300007","596.0000","601.0000","594.0000","595.0000","597.0000","598.0000","595.0000","598.0000","596.0000","601.0000","594.0000","598.0000"," ","0.0000","0.0000","104300","62306800","597.3806"
"20210721","01","11","    86280","JP3863800003","810.0000","814.0000","805.0000","805.0000","804.0000","806.0000","803.0000","806.0000","810.0000","814.0000","803.0000","806.0000"," ","0.0000","0.0000","376800","304332700","807.6770"
"20210721","01","11","    86300","JP3165000005","4500.0000","4544.0000","4488.0000","4501.0000","4502.0000","4523.0000","4489.0000","4501.0000","4500.0000","4544.0000","4488.0000","4501.0000"," ","0.0000","0.0000","1191800","5373069500","4508.3651"
"20210721","01","11","    86970","JP3183200009","2530.5000","2567.0000","2521.0000","2538.0000","2541.0000","2551.0000","2531.5000","2535.5000","2530.5000","2567.0000","2521.0000","2535.5000"," ","0.0000","0.0000","975700","2478231750","2539.9526"
"20210721","01","11","    86980","JP3869970008","661.0000","666.0000","656.0000","656.0000","656.0000","657.0000","648.0000","652.0000","661.0000","666.0000","648.0000","652.0000"," ","0.0000","0.0000","9291300","6102256300","656.7710"
"20210721","01","11","    87060","JP3256970009","794.0000","799.0000","788.0000","791.0000","795.0000","795.0000","789.0000","792.0000","794.0000","799.0000","788.0000","792.0000"," ","0.0000","0.0000","60100","47569900","791.5125"
"20210721","01","11","    87070","JP3149950002","1435.0000","1447.0000","1408.0000","1422.0000","1425.0000","1428.0000","1408.0000","1416.0000","1435.0000","1447.0000","1408.0000","1416.0000"," ","0.0000","0.0000","306300","436215700","1424.1453"
"20210721","01","11","    87080","JP3101850000","1026.0000","1047.0000","1026.0000","1035.0000","1035.0000","1039.0000","1029.0000","1030.0000","1026.0000","1047.0000","1026.0000","1030.0000"," ","0.0000","0.0000","30400","31410000","1033.2237"
"20210721","01","11","    87130","JP3802940001","122.0000","122.0000","121.0000","121.0000","121.0000","122.0000","119.0000","120.0000","122.0000","122.0000","119.0000","120.0000"," ","0.0000","0.0000","568400","68468100","120.4576"
"20210721","01","11","    87140","JP3132600002","160.0000","161.0000","158.0000","159.0000","159.0000","159.0000","158.0000","159.0000","160.0000","161.0000","158.0000","159.0000"," ","0.0000","0.0000","2124300","338183800","159.1978"
"20210721","01","11","    87150","JP3122440005","867.0000","879.0000","866.0000","870.0000","874.0000","877.0000","867.0000","874.0000","867.0000","879.0000","866.0000","874.0000"," ","0.0000","0.0000","222800","194554000","873.2226"
"20210721","01","11","    87250","JP3890310000","3374.0000","3378.0000","3322.0000","3323.0000","3326.0000","3331.0000","3312.0000","3331.0000","3374.0000","3378.0000","3312.0000","3331.0000"," ","0.0000","0.0000","1284400","4292187500","3341.7841"
"20210721","01","11","    87320","JP3869930002","220.0000","220.0000","217.0000","217.0000","218.0000","218.0000","214.0000","216.0000","220.0000","220.0000","214.0000","216.0000"," ","0.0000","0.0000","96200","20876900","217.0156"
"20210721","01","11","    87390","JP3399900004","255.0000","255.0000","251.0000","253.0000","251.0000","254.0000","250.0000","252.0000","255.0000","255.0000","250.0000","252.0000"," ","0.0000","0.0000","183800","46387600","252.3808"
"20210721","01","11","    87420","JP3301300004","266.0000","269.0000","266.0000","269.0000","267.0000","267.0000","266.0000","266.0000","266.0000","269.0000","266.0000","266.0000"," ","0.0000","0.0000","1700","453400","266.7059"
"20210721","01","11","    87500","JP3476480003","1962.0000","1967.5000","1941.0000","1941.0000","1942.0000","1948.0000","1934.0000","1941.0000","1962.0000","1967.5000","1934.0000","1941.0000"," ","0.0000","0.0000","2707100","5278010550","1949.6918"
"20210721","01","11","    87660","JP3910660004","5235.0000","5282.0000","5219.0000","5250.0000","5253.0000","5253.0000","5212.0000","5220.0000","5235.0000","5282.0000","5212.0000","5220.0000"," ","0.0000","0.0000","1774200","9301432000","5242.6062"
"20210721","01","11","    87690","JP3122410008","1117.0000","1131.0000","1109.0000","1109.0000","1104.0000","1128.0000","1102.0000","1128.0000","1117.0000","1131.0000","1102.0000","1128.0000"," ","0.0000","0.0000","18700","20913200","1118.3529"
"20210721","01","11","    87710","JP3130300001","2388.0000","2399.0000","2358.0000","2380.0000","2384.0000","2404.0000","2379.0000","2397.0000","2388.0000","2404.0000","2358.0000","2397.0000"," ","0.0000","0.0000","84200","201040200","2387.6508"
"20210721","01","11","    87720","JP3109900005","688.0000","692.0000","688.0000","692.0000","689.0000","690.0000","688.0000","689.0000","688.0000","692.0000","688.0000","689.0000"," ","0.0000","0.0000","4000","2758200","689.5500"
"20210721","01","11","    87930","JP3164740007","2162.0000","2165.0000","2150.0000","2150.0000","2145.0000","2154.0000","2133.0000","2133.0000","2162.0000","2165.0000","2133.0000","2133.0000"," ","0.0000","0.0000","16400","35229400","2148.1341"
"20210721","01","11","    87950","JP3539220008","1382.0000","1394.0000","1373.0000","1374.0000","1379.0000","1379.0000","1367.0000","1370.0000","1382.0000","1394.0000","1367.0000","1370.0000"," ","0.0000","0.0000","1646900","2265527600","1375.6316"
"20210721","01","11","    87980","JP3122100005","990.0000","1003.0000","985.0000","996.0000","995.0000","999.0000","994.0000","995.0000","990.0000","1003.0000","985.0000","995.0000"," ","0.0000","0.0000","56100","55809200","994.8164"
"20210721","01","11","    88010","JP3893200000","2600.0000","2633.0000","2576.0000","2576.0000","2583.0000","2583.0000","2547.0000","2547.0000","2600.0000","2633.0000","2547.0000","2547.0000"," ","0.0000","0.0000","2461900","6334231650","2572.9037"
"20210721","01","11","    88020","JP3899600005","1723.5000","1742.5000","1716.0000","1720.0000","1719.0000","1723.5000","1711.0000","1711.0000","1723.5000","1742.5000","1711.0000","1711.0000"," ","0.0000","0.0000","2837100","4889083150","1723.2678"
"20210721","01","11","    88030","JP3834800009","3875.0000","3925.0000","3855.0000","3865.0000","3870.0000","3900.0000","3870.0000","3875.0000","3875.0000","3925.0000","3855.0000","3875.0000"," ","0.0000","0.0000","66600","258677500","3884.0465"
"20210721","01","11","    88040","JP3582600007","1627.0000","1650.0000","1618.0000","1622.0000","1630.0000","1633.0000","1617.0000","1617.0000","1627.0000","1650.0000","1617.0000","1617.0000"," ","0.0000","0.0000","833300","1354424500","1625.3744"
"20210721","01","11","    88060","JP3497200000","1420.0000","1434.0000","1407.0000","1409.0000","1408.0000","1419.0000","1403.0000","1408.0000","1420.0000","1434.0000","1403.0000","1408.0000"," ","0.0000","0.0000","189500","268331800","1415.9989"
"20210721","01","11","    88180","JP3279000008","1390.0000","1410.0000","1376.0000","1396.0000","1399.0000","1407.0000","1399.0000","1403.0000","1390.0000","1410.0000","1376.0000","1403.0000"," ","0.0000","0.0000","133700","187369700","1401.4188"
"20210721","01","11","    88300","JP3409000001","3659.0000","3714.0000","3648.0000","3661.0000","3657.0000","3673.0000","3632.0000","3642.0000","3659.0000","3714.0000","3632.0000","3642.0000"," ","0.0000","0.0000","725800","2656373900","3659.9255"
"20210721","01","11","    88350","JP3448800007","636.0000","636.0000","631.0000","631.0000","634.0000","634.0000","629.0000","629.0000","636.0000","636.0000","629.0000","629.0000"," ","0.0000","0.0000","3700","2338900","632.1351"
"20210721","01","11","    88410","JP3538400007","651.0000","658.0000","650.0000","650.0000","654.0000","654.0000","649.0000","652.0000","651.0000","658.0000","649.0000","652.0000"," ","0.0000","0.0000","38300","24972500","652.0235"
"20210721","01","11","    88420","JP3589800006","4100.0000","4100.0000","4050.0000","4050.0000","4050.0000","4065.0000","4040.0000","4045.0000","4100.0000","4100.0000","4040.0000","4045.0000"," ","0.0000","0.0000","6600","26873000","4071.6667"
"20210721","01","11","    88480","JP3167500002","148.0000","148.0000","145.0000","146.0000","146.0000","147.0000","145.0000","146.0000","148.0000","148.0000","145.0000","146.0000"," ","0.0000","0.0000","1084200","158815400","146.4816"
"20210721","01","11","    88500","JP3399200009","2776.0000","2832.0000","2776.0000","2805.0000","2815.0000","2815.0000","2787.0000","2788.0000","2776.0000","2832.0000","2776.0000","2788.0000"," ","0.0000","0.0000","85600","239575100","2798.7745"
"20210721","01","11","    88600","JP3815000009","640.0000","642.0000","637.0000","639.0000","639.0000","639.0000","634.0000","634.0000","640.0000","642.0000","634.0000","634.0000"," ","0.0000","0.0000","55000","35106400","638.2982"
"20210721","01","11","    88640","JP3266050008","580.0000","580.0000","568.0000","568.0000","568.0000","572.0000","568.0000","571.0000","580.0000","580.0000","568.0000","571.0000"," ","0.0000","0.0000","20400","11681600","572.6275"
"20210721","01","11","    88690","JP3920850009","624.0000","624.0000","615.0000","616.0000","617.0000","617.0000","612.0000","616.0000","624.0000","624.0000","612.0000","616.0000"," ","0.0000","0.0000","20000","12373700","618.6850"
"20210721","01","11","    88710","JP3306800008","1663.0000","1672.0000","1650.0000","1650.0000","1650.0000","1660.0000","1645.0000","1645.0000","1663.0000","1672.0000","1645.0000","1645.0000"," ","0.0000","0.0000","41400","68499500","1654.5773"
"20210721","01","11","    88760","JP3755200007","2409.0000","2430.0000","2385.0000","2389.0000","2386.0000","2406.0000","2383.0000","2400.0000","2409.0000","2430.0000","2383.0000","2400.0000"," ","0.0000","0.0000","300900","723021200","2402.8621"
"20210721","01","11","    88770","JP3688350002","1608.0000","1608.0000","1594.0000","1595.0000","1595.0000","1596.0000","1588.0000","1589.0000","1608.0000","1608.0000","1588.0000","1589.0000"," ","0.0000","0.0000","13200","21079800","1596.9545"
"20210721","01","11","    88810","JP3677900007","475.0000","479.0000","472.0000","472.0000","473.0000","473.0000","471.0000","473.0000","475.0000","479.0000","471.0000","473.0000"," ","0.0000","0.0000","32400","15362900","474.1636"
"20210721","01","11","    88920","JP3688330004","762.0000","771.0000","759.0000","762.0000","761.0000","762.0000","759.0000","761.0000","762.0000","771.0000","759.0000","761.0000"," ","0.0000","0.0000","107600","82100400","763.0149"
"20210721","01","11","    88970","JP3460800000","342.0000","345.0000","340.0000","341.0000","342.0000","342.0000","340.0000","341.0000","342.0000","345.0000","340.0000","341.0000"," ","0.0000","0.0000","145600","49785700","341.9348"
"20210721","01","11","    89040","JP3337500007","908.0000","911.0000","905.0000","905.0000","906.0000","907.0000","900.0000","902.0000","908.0000","911.0000","900.0000","902.0000"," ","0.0000","0.0000","30100","27254500","905.4651"
"20210721","01","11","    89050","JP3131430005","1693.0000","1697.0000","1671.0000","1671.0000","1674.0000","1677.0000","1660.0000","1660.0000","1693.0000","1697.0000","1660.0000","1660.0000"," ","0.0000","0.0000","657200","1099095700","1672.3915"
"20210721","01","11","    89080","JP3860280001","751.0000","760.0000","748.0000","748.0000","747.0000","760.0000","747.0000","758.0000","751.0000","760.0000","747.0000","758.0000"," ","0.0000","0.0000","34500","26051800","755.1246"
"20210721","01","11","    89170","JP3802230007","1125.0000","1138.0000","1124.0000","1129.0000","1134.0000","1135.0000","1127.0000","1131.0000","1125.0000","1138.0000","1124.0000","1131.0000"," ","0.0000","0.0000","17200","19453600","1131.0233"
"20210721","01","11","    89180","JP3968800007","12.0000","12.0000","11.0000","11.0000","12.0000","12.0000","11.0000","12.0000","12.0000","12.0000","11.0000","12.0000"," ","0.0000","0.0000","14269900","169639400","11.8879"
"20210721","01","11","    89190","JP3932950003","3270.0000","3315.0000","3255.0000","3275.0000","3280.0000","3290.0000","3260.0000","3260.0000","3270.0000","3315.0000","3255.0000","3260.0000"," ","0.0000","0.0000","76500","250822500","3278.7255"
"20210721","01","11","    89200","JP3594400008","1741.0000","1799.0000","1735.0000","1780.0000","1784.0000","1786.0000","1758.0000","1759.0000","1741.0000","1799.0000","1735.0000","1759.0000"," ","0.0000","0.0000","150400","266672100","1773.0858"
"20210721","01","11","    89230","JP3595070008","1161.0000","1165.0000","1129.0000","1133.0000","1141.0000","1144.0000","1117.0000","1128.0000","1161.0000","1165.0000","1117.0000","1128.0000"," ","0.0000","0.0000","242500","275228300","1134.9621"
"20210721","01","11","    89280","JP3122430006","1961.0000","1992.0000","1961.0000","1976.0000","1984.0000","1987.0000","1977.0000","1987.0000","1961.0000","1992.0000","1961.0000","1987.0000"," ","0.0000","0.0000","6500","12852200","1977.2615"
"20210721","01","11","    89340","JP3336950005","1090.0000","1092.0000","1051.0000","1052.0000","1054.0000","1060.0000","1045.0000","1050.0000","1090.0000","1092.0000","1045.0000","1050.0000"," ","0.0000","0.0000","274700","290900800","1058.9763"
"20210721","01","11","    89350","JP3166930002","1036.0000","1040.0000","1030.0000","1030.0000","1030.0000","1031.0000","1020.0000","1026.0000","1036.0000","1040.0000","1020.0000","1026.0000"," ","0.0000","0.0000","39600","40698800","1027.7475"
"20210721","01","11","    89400","JP3153150002","699.0000","700.0000","692.0000","692.0000","691.0000","691.0000","682.0000","685.0000","699.0000","700.0000","682.0000","685.0000"," ","0.0000","0.0000","21600","14981000","693.5648"
"20210721","01","11","    89440","JP3968850002","321.0000","329.0000","321.0000","326.0000","329.0000","329.0000","328.0000","329.0000","321.0000","329.0000","321.0000","329.0000"," ","0.0000","0.0000","16300","5309600","325.7423"
"20210721","01","11","    89450","JP3713400004","1019.0000","1019.0000","986.0000","986.0000","995.0000","995.0000","986.0000","994.0000","1019.0000","1019.0000","986.0000","994.0000"," ","0.0000","0.0000","10700","10791900","1008.5888"
"20210721","01","11","    89510","JP3027670003","697000.0000","701000.0000","694000.0000","696000.0000","696000.0000","697000.0000","688000.0000","692000.0000","697000.0000","701000.0000","688000.0000","692000.0000"," ","0.0000","0.0000","4286","2972813000","693610.1260"
"20210721","01","11","    89520","JP3027680002","685000.0000","687000.0000","682000.0000","683000.0000","683000.0000","684000.0000","676000.0000","680000.0000","685000.0000","687000.0000","676000.0000","680000.0000"," ","0.0000","0.0000","3141","2140331000","681417.0646"
"20210721","01","11","    89530","JP3039710003","114600.0000","115300.0000","113800.0000","114100.0000","114200.0000","114200.0000","112200.0000","112400.0000","114600.0000","115300.0000","112200.0000","112400.0000"," ","0.0000","0.0000","16104","1824622600","113302.4466"
"20210721","01","11","    89540","JP3040880001","210500.0000","211200.0000","208600.0000","208600.0000","208700.0000","209300.0000","208000.0000","208600.0000","210500.0000","211200.0000","208000.0000","208600.0000"," ","0.0000","0.0000","5562","1162759200","209054.1532"
"20210721","01","11","    89550","JP3040890000","423500.0000","427500.0000","423000.0000","423000.0000","424500.0000","426000.0000","421500.0000","423500.0000","423500.0000","427500.0000","421500.0000","423500.0000"," ","0.0000","0.0000","2013","853721000","424103.8251"
"20210721","01","11","    89560","JP3041770003","159300.0000","159800.0000","158500.0000","158700.0000","158600.0000","159000.0000","158100.0000","158600.0000","159300.0000","159800.0000","158100.0000","158600.0000"," ","0.0000","0.0000","3153","500459000","158724.7066"
"20210721","01","11","    89570","JP3044510000","204100.0000","205900.0000","204000.0000","205300.0000","205300.0000","206000.0000","204300.0000","205000.0000","204100.0000","206000.0000","204000.0000","205000.0000"," ","0.0000","0.0000","2963","607832300","205140.8370"
"20210721","01","11","    89580","JP3044520009","127500.0000","127900.0000","127000.0000","127400.0000","127400.0000","127500.0000","126500.0000","126600.0000","127500.0000","127900.0000","126500.0000","126600.0000"," ","0.0000","0.0000","1897","241278700","127189.6152"
"20210721","01","11","    89600","JP3045540006","163400.0000","165000.0000","162100.0000","162300.0000","162200.0000","162400.0000","159800.0000","160100.0000","163400.0000","165000.0000","159800.0000","160100.0000"," ","0.0000","0.0000","8055","1301190700","161538.2619"
"20210721","01","11","    89610","JP3046170001","156800.0000","158000.0000","156700.0000","156800.0000","156800.0000","157300.0000","156100.0000","156100.0000","156800.0000","158000.0000","156100.0000","156100.0000"," ","0.0000","0.0000","1917","300780600","156901.7214"
"20210721","01","11","    89630","JP3046190009","42800.0000","43200.0000","42700.0000","43050.0000","43000.0000","43300.0000","42600.0000","42600.0000","42800.0000","43300.0000","42600.0000","42600.0000"," ","0.0000","0.0000","23621","1013946100","42925.6213"
"20210721","01","11","    89640","JP3046200006","510000.0000","511000.0000","505000.0000","506000.0000","506000.0000","508000.0000","504000.0000","505000.0000","510000.0000","511000.0000","504000.0000","505000.0000"," ","0.0000","0.0000","1225","620921000","506874.2857"
"20210721","01","11","    89660","JP3046220004","174100.0000","176900.0000","174100.0000","176300.0000","176000.0000","176800.0000","176000.0000","176200.0000","174100.0000","176900.0000","174100.0000","176200.0000"," ","0.0000","0.0000","1943","342379400","176211.7344"
"20210721","01","11","    89670","JP3046230003","340500.0000","343500.0000","340500.0000","343000.0000","343000.0000","344000.0000","341500.0000","343500.0000","340500.0000","344000.0000","340500.0000","343500.0000"," ","0.0000","0.0000","1117","382851500","342749.7762"
"20210721","01","11","    89680","JP3046240002","181200.0000","182200.0000","181000.0000","181800.0000","181500.0000","182100.0000","180400.0000","181100.0000","181200.0000","182200.0000","180400.0000","181100.0000"," ","0.0000","0.0000","1659","300897800","181372.9958"
"20210721","01","11","    89720","JP3046270009","773000.0000","781000.0000","773000.0000","779000.0000","780000.0000","781000.0000","776000.0000","779000.0000","773000.0000","781000.0000","773000.0000","779000.0000"," ","0.0000","0.0000","1101","857356000","778706.6303"
"20210721","01","11","    89750","JP3046300004","97500.0000","98500.0000","97000.0000","97100.0000","97000.0000","97300.0000","96200.0000","96500.0000","97500.0000","98500.0000","96200.0000","96500.0000"," ","0.0000","0.0000","3283","318633700","97055.6503"
"20210721","01","11","    89760","JP3046310003","771000.0000","779000.0000","769000.0000","773000.0000","775000.0000","776000.0000","768000.0000","771000.0000","771000.0000","779000.0000","768000.0000","771000.0000"," ","0.0000","0.0000","667","515332000","772611.6942"
"20210721","01","11","    89770","JP3046320002","162800.0000","164800.0000","162800.0000","163000.0000","163000.0000","163700.0000","162500.0000","163400.0000","162800.0000","164800.0000","162500.0000","163400.0000"," ","0.0000","0.0000","2681","437979200","163364.1179"
"20210721","01","11","    89790","JP3046340000","251000.0000","252100.0000","249600.0000","249600.0000","249600.0000","251000.0000","249000.0000","249900.0000","251000.0000","252100.0000","249000.0000","249900.0000"," ","0.0000","0.0000","373","93410500","250430.2949"
"20210721","01","11","    89840","JP3046390005","325500.0000","330500.0000","325500.0000","329000.0000","326000.0000","329500.0000","324500.0000","326500.0000","325500.0000","330500.0000","324500.0000","326500.0000"," ","0.0000","0.0000","4364","1427079500","327011.8011"
"20210721","01","11","    89850","JP3046400002","64900.0000","64900.0000","64200.0000","64500.0000","64500.0000","64700.0000","63800.0000","64000.0000","64900.0000","64900.0000","63800.0000","64000.0000"," ","0.0000","0.0000","18160","1168229000","64329.7907"
"20210721","01","11","    89860","JP3046410001","121000.0000","121600.0000","120800.0000","120900.0000","120900.0000","121200.0000","120100.0000","120200.0000","121000.0000","121600.0000","120100.0000","120200.0000"," ","0.0000","0.0000","3025","365271700","120750.9752"
"20210721","01","11","    89870","JP3046420000","149700.0000","150900.0000","149300.0000","150000.0000","150000.0000","150600.0000","149600.0000","150000.0000","149700.0000","150900.0000","149300.0000","150000.0000"," ","0.0000","0.0000","3091","463956100","150099.0294"
"20210721","01","11","    89990","JP3274030000","455.0000","455.0000","434.0000","441.0000","440.0000","440.0000","434.0000","440.0000","455.0000","455.0000","434.0000","440.0000"," ","0.0000","0.0000","181900","81932600","450.4266"
"20210721","01","11","    90010","JP3597800006","2805.0000","2839.0000","2790.0000","2795.0000","2803.0000","2817.0000","2796.0000","2803.0000","2805.0000","2839.0000","2790.0000","2803.0000"," ","0.0000","0.0000","413200","1160377400","2808.2706"
"20210721","01","11","    90030","JP3316400005","2158.0000","2191.0000","2147.0000","2165.0000","2170.0000","2184.0000","2167.0000","2170.0000","2158.0000","2191.0000","2147.0000","2170.0000"," ","0.0000","0.0000","188300","408753000","2170.7541"
"20210721","01","11","    90050","JP3574200006","1481.0000","1500.0000","1470.0000","1472.0000","1475.0000","1483.0000","1474.0000","1477.0000","1481.0000","1500.0000","1470.0000","1477.0000"," ","0.0000","0.0000","1121500","1661104000","1481.1449"
"20210721","01","11","    90060","JP3280200001","1328.0000","1339.0000","1316.0000","1321.0000","1327.0000","1337.0000","1320.0000","1331.0000","1328.0000","1339.0000","1316.0000","1331.0000"," ","0.0000","0.0000","805700","1071457200","1329.8463"
"20210721","01","11","    90070","JP3196000008","2700.0000","2748.0000","2690.0000","2715.0000","2722.0000","2733.0000","2711.0000","2717.0000","2700.0000","2748.0000","2690.0000","2717.0000"," ","0.0000","0.0000","605100","1644101400","2717.0739"
"20210721","01","11","    90080","JP3277800003","6270.0000","6360.0000","6220.0000","6240.0000","6250.0000","6310.0000","6240.0000","6280.0000","6270.0000","6360.0000","6220.0000","6280.0000"," ","0.0000","0.0000","225300","1415012000","6280.5681"
"20210721","01","11","    90090","JP3278600006","3385.0000","3425.0000","3350.0000","3350.0000","3360.0000","3375.0000","3345.0000","3360.0000","3385.0000","3425.0000","3345.0000","3360.0000"," ","0.0000","0.0000","296300","999633000","3373.7192"
"20210721","01","11","    90100","JP3810400006","5050.0000","5070.0000","4975.0000","4975.0000","4975.0000","5010.0000","4960.0000","4965.0000","5050.0000","5070.0000","4960.0000","4965.0000"," ","0.0000","0.0000","69500","347465500","4999.5036"
"20210721","01","11","    90140","JP3372400006","2130.0000","2130.0000","2116.0000","2116.0000","2109.0000","2120.0000","2109.0000","2112.0000","2130.0000","2130.0000","2109.0000","2112.0000"," ","0.0000","0.0000","5100","10836600","2124.8235"
"20210721","01","11","    90200","JP3783600004","7565.0000","7578.0000","7445.0000","7455.0000","7460.0000","7499.0000","7448.0000","7470.0000","7565.0000","7578.0000","7445.0000","7470.0000"," ","0.0000","0.0000","1429300","10718240300","7498.9437"
"20210721","01","11","    90210","JP3659000008","6018.0000","6083.0000","5968.0000","5983.0000","5990.0000","6009.0000","5963.0000","5976.0000","6018.0000","6083.0000","5963.0000","5976.0000"," ","0.0000","0.0000","926400","5565053900","6007.1825"
"20210721","01","11","    90220","JP3566800003","16090.0000","16235.0000","15910.0000","15930.0000","15975.0000","16015.0000","15910.0000","15935.0000","16090.0000","16235.0000","15910.0000","15935.0000"," ","0.0000","0.0000","526700","8442089500","16028.2694"
"20210721","01","11","    90240","JP3417200007","1261.0000","1274.0000","1250.0000","1252.0000","1255.0000","1258.0000","1245.0000","1246.0000","1261.0000","1274.0000","1245.0000","1246.0000"," ","0.0000","0.0000","1048500","1317903900","1256.9422"
"20210721","01","11","    90250","JP3288970001","1225.0000","1236.0000","1219.0000","1223.0000","1223.0000","1225.0000","1215.0000","1215.0000","1225.0000","1236.0000","1215.0000","1215.0000"," ","0.0000","0.0000","57700","70566600","1222.9913"
"20210721","01","11","    90310","JP3658800002","2628.0000","2655.0000","2619.0000","2626.0000","2623.0000","2649.0000","2623.0000","2631.0000","2628.0000","2655.0000","2619.0000","2631.0000"," ","0.0000","0.0000","92300","243211900","2635.0152"
"20210721","01","11","    90370","JP3771150004","3155.0000","3190.0000","3155.0000","3165.0000","3165.0000","3185.0000","3155.0000","3165.0000","3155.0000","3190.0000","3155.0000","3165.0000"," ","0.0000","0.0000","14000","44391000","3170.7857"
"20210721","01","11","    90390","JP3314200001","5660.0000","5740.0000","5650.0000","5680.0000","5650.0000","5750.0000","5650.0000","5750.0000","5660.0000","5750.0000","5650.0000","5750.0000"," ","0.0000","0.0000","23600","134749000","5709.7034"
"20210721","01","11","    90410","JP3260800002","3805.0000","3835.0000","3760.0000","3770.0000","3790.0000","3800.0000","3770.0000","3780.0000","3805.0000","3835.0000","3760.0000","3780.0000"," ","0.0000","0.0000","401800","1524328500","3793.7494"
"20210721","01","11","    90420","JP3774200004","3335.0000","3365.0000","3305.0000","3315.0000","3330.0000","3350.0000","3325.0000","3330.0000","3335.0000","3365.0000","3305.0000","3330.0000"," ","0.0000","0.0000","415100","1384171500","3334.5495"
"20210721","01","11","    90440","JP3653000004","2305.0000","2351.0000","2299.0000","2321.0000","2329.0000","2348.0000","2324.0000","2335.0000","2305.0000","2351.0000","2299.0000","2335.0000"," ","0.0000","0.0000","296500","691539700","2332.3430"
"20210721","01","11","    90450","JP3279400000","3200.0000","3240.0000","3170.0000","3185.0000","3190.0000","3210.0000","3175.0000","3180.0000","3200.0000","3240.0000","3170.0000","3180.0000"," ","0.0000","0.0000","220700","705498000","3196.6380"
"20210721","01","11","    90460","JP3290600000","3450.0000","3455.0000","3440.0000","3440.0000","3445.0000","3460.0000","3445.0000","3455.0000","3450.0000","3460.0000","3440.0000","3455.0000"," ","0.0000","0.0000","53500","184531000","3449.1776"
"20210721","01","11","    90480","JP3649800004","1955.0000","1963.0000","1923.0000","1929.0000","1930.0000","1941.0000","1926.0000","1934.0000","1955.0000","1963.0000","1923.0000","1934.0000"," ","0.0000","0.0000","913100","1770444900","1938.9387"
"20210721","01","11","    90520","JP3341600009","1909.0000","1926.0000","1909.0000","1921.0000","1924.0000","1934.0000","1924.0000","1928.0000","1909.0000","1934.0000","1909.0000","1928.0000"," ","0.0000","0.0000","8500","16354400","1924.0471"
"20210721","01","11","    90550","JP3126450000","934.0000","934.0000","919.0000","919.0000","922.0000","924.0000","918.0000","924.0000","934.0000","934.0000","918.0000","924.0000"," ","0.0000","0.0000","28900","26773200","926.4083"
"20210721","01","11","    90580","JP3635650009","8250.0000","8380.0000","8220.0000","8340.0000","8340.0000","8410.0000","8290.0000","8360.0000","8250.0000","8410.0000","8220.0000","8360.0000"," ","0.0000","0.0000","9500","79214000","8338.3158"
"20210721","01","11","    90620","JP3729400006","8220.0000","8250.0000","8120.0000","8120.0000","8150.0000","8180.0000","8080.0000","8090.0000","8220.0000","8250.0000","8080.0000","8090.0000"," ","0.0000","0.0000","192800","1572421000","8155.7106"
"20210721","01","11","    90640","JP3940000007","3235.0000","3290.0000","3230.0000","3230.0000","3230.0000","3255.0000","3220.0000","3235.0000","3235.0000","3290.0000","3220.0000","3235.0000"," ","0.0000","0.0000","619700","2012058500","3246.8267"
"20210721","01","11","    90650","JP3326000001","4860.0000","4920.0000","4845.0000","4850.0000","4850.0000","4880.0000","4845.0000","4845.0000","4860.0000","4920.0000","4845.0000","4845.0000"," ","0.0000","0.0000","165400","804757500","4865.5230"
"20210721","01","11","    90660","JP3674400001","1486.0000","1487.0000","1471.0000","1483.0000","1474.0000","1484.0000","1466.0000","1468.0000","1486.0000","1487.0000","1466.0000","1468.0000"," ","0.0000","0.0000","18500","27334400","1477.5351"
"20210721","01","11","    90670","JP3871600007","271.0000","272.0000","271.0000","271.0000","273.0000","273.0000","271.0000","272.0000","271.0000","273.0000","271.0000","272.0000"," ","0.0000","0.0000","8300","2255300","271.7229"
"20210721","01","11","    90680","JP3876000005","3310.0000","3415.0000","3275.0000","3405.0000","3410.0000","3430.0000","3400.0000","3410.0000","3310.0000","3430.0000","3275.0000","3410.0000"," ","0.0000","0.0000","29300","99630000","3400.3413"
"20210721","01","11","    90690","JP3423800006","1093.0000","1094.0000","1082.0000","1086.0000","1089.0000","1090.0000","1082.0000","1082.0000","1093.0000","1094.0000","1082.0000","1082.0000"," ","0.0000","0.0000","457700","497852900","1087.7276"
"20210721","01","11","    90700","JP3629400007","4915.0000","4940.0000","4850.0000","4890.0000","4860.0000","4905.0000","4850.0000","4855.0000","4915.0000","4940.0000","4850.0000","4855.0000"," ","0.0000","0.0000","5700","27888000","4892.6316"
"20210721","01","11","    90720","JP3709600005","2379.0000","2396.0000","2365.0000","2365.0000","2367.0000","2379.0000","2364.0000","2364.0000","2379.0000","2396.0000","2364.0000","2364.0000"," ","0.0000","0.0000","51000","120956400","2371.6941"
"20210721","01","11","    90740","JP3724600006","2593.0000","2594.0000","2593.0000","2594.0000","2583.0000","2594.0000","2582.0000","2594.0000","2593.0000","2594.0000","2582.0000","2594.0000"," ","0.0000","0.0000","1300","3369400","2591.8462"
"20210721","01","11","    90750","JP3806800003","4085.0000","4140.0000","4060.0000","4060.0000","4075.0000","4095.0000","4060.0000","4095.0000","4085.0000","4140.0000","4060.0000","4095.0000"," ","0.0000","0.0000","36500","149293000","4090.2192"
"20210721","01","11","    90760","JP3415400005","1392.0000","1406.0000","1389.0000","1390.0000","1394.0000","1403.0000","1390.0000","1398.0000","1392.0000","1406.0000","1389.0000","1398.0000"," ","0.0000","0.0000","270500","378297000","1398.5102"
"20210721","01","11","    90780","JP3164000006","896.0000","901.0000","896.0000","901.0000","898.0000","898.0000","897.0000","898.0000","896.0000","901.0000","896.0000","898.0000"," ","0.0000","0.0000","1800","1617200","898.4444"
"20210721","01","11","    90810","JP3214600003","3480.0000","3480.0000","3455.0000","3455.0000","3455.0000","3480.0000","3435.0000","3435.0000","3480.0000","3480.0000","3435.0000","3435.0000"," ","0.0000","0.0000","3800","13113500","3450.9211"
"20210721","01","11","    90860","JP3791200003","4325.0000","4360.0000","4275.0000","4285.0000","4305.0000","4310.0000","4270.0000","4290.0000","4325.0000","4360.0000","4270.0000","4290.0000"," ","0.0000","0.0000","193400","831871500","4301.3004"
"20210721","01","11","    90900","JP3879170003","1546.0000","1565.0000","1539.0000","1542.0000","1543.0000","1553.0000","1534.0000","1541.0000","1546.0000","1565.0000","1534.0000","1541.0000"," ","0.0000","0.0000","169400","261987900","1546.5638"
"20210721","01","11","    90990","JP3346180007","1570.0000","1606.0000","1570.0000","1592.0000","1594.0000","1599.0000","1580.0000","1594.0000","1570.0000","1606.0000","1570.0000","1594.0000"," ","0.0000","0.0000","16900","26869000","1589.8817"
"20210721","01","11","    91010","JP3753000003","5370.0000","5490.0000","5350.0000","5450.0000","5450.0000","5450.0000","5320.0000","5350.0000","5370.0000","5490.0000","5320.0000","5350.0000"," ","0.0000","0.0000","3515600","19024236000","5411.3767"
"20210721","01","11","    91040","JP3362700001","4995.0000","5040.0000","4950.0000","4965.0000","4960.0000","4975.0000","4895.0000","4920.0000","4995.0000","5040.0000","4895.0000","4920.0000"," ","0.0000","0.0000","2004200","9973137000","4976.1187"
"20210721","01","11","    91070","JP3223800008","3570.0000","3635.0000","3540.0000","3545.0000","3545.0000","3545.0000","3475.0000","3510.0000","3570.0000","3635.0000","3475.0000","3510.0000"," ","0.0000","0.0000","1679900","5975355000","3556.9707"
"20210721","01","11","    91100","JP3385000009","2264.0000","2303.0000","2261.0000","2279.0000","2279.0000","2284.0000","2260.0000","2266.0000","2264.0000","2303.0000","2260.0000","2266.0000"," ","0.0000","0.0000","96200","219149100","2278.0572"
"20210721","01","11","    91150","JP3916200003","468.0000","478.0000","468.0000","473.0000","471.0000","475.0000","470.0000","470.0000","468.0000","478.0000","468.0000","470.0000"," ","0.0000","0.0000","44400","20997000","472.9054"
"20210721","01","11","    91190","JP3131200002","431.0000","435.0000","429.0000","431.0000","430.0000","432.0000","428.0000","428.0000","431.0000","435.0000","428.0000","428.0000"," ","0.0000","0.0000","249100","107422400","431.2421"
"20210721","01","11","    91300","JP3247600004","858.0000","858.0000","848.0000","850.0000","850.0000","851.0000","850.0000","850.0000","858.0000","858.0000","848.0000","850.0000"," ","0.0000","0.0000","7100","6042500","851.0563"
"20210721","01","11","    91420","JP3247010006","2497.0000","2523.0000","2466.0000","2469.0000","2470.0000","2482.0000","2465.0000","2470.0000","2497.0000","2523.0000","2465.0000","2470.0000"," ","0.0000","0.0000","827200","2054791600","2484.0324"
"20210721","01","11","    91430","JP3162770006","2946.0000","3010.0000","2941.0000","2984.0000","2997.0000","2998.0000","2969.0000","2971.0000","2946.0000","3010.0000","2941.0000","2971.0000"," ","0.0000","0.0000","669700","1995862500","2980.2337"
"20210721","01","11","    92010","JP3705200008","2301.0000","2319.0000","2281.0000","2284.0000","2284.0000","2297.0000","2281.0000","2281.0000","2301.0000","2319.0000","2281.0000","2281.0000"," ","0.0000","0.0000","5201400","11940186100","2295.5716"
"20210721","01","11","    92020","JP3429800000","2542.0000","2560.0000","2512.5000","2514.0000","2518.5000","2527.0000","2510.0000","2519.0000","2542.0000","2560.0000","2510.0000","2519.0000"," ","0.0000","0.0000","3037100","7684925250","2530.3498"
"20210721","01","11","    92320","JP3781400001","1509.0000","1533.0000","1509.0000","1526.0000","1532.0000","1535.0000","1520.0000","1524.0000","1509.0000","1535.0000","1509.0000","1524.0000"," ","0.0000","0.0000","9800","14959700","1526.5000"
"20210721","01","11","    92600","JP3659350007","2650.0000","2650.0000","2600.0000","2616.0000","2613.0000","2649.0000","2613.0000","2643.0000","2650.0000","2650.0000","2600.0000","2643.0000"," ","0.0000","0.0000","3800","10004100","2632.6579"
"20210721","01","11","    92620","JP3369800002","1932.0000","2010.0000","1921.0000","1927.0000","1931.0000","1945.0000","1924.0000","1941.0000","1932.0000","2010.0000","1921.0000","1941.0000"," ","0.0000","0.0000","50600","98545900","1947.5474"
"20210721","01","11","    92650","JP3936200009","1720.0000","1750.0000","1720.0000","1736.0000","1742.0000","1742.0000","1730.0000","1732.0000","1720.0000","1750.0000","1720.0000","1732.0000"," ","0.0000","0.0000","4000","6933200","1733.3000"
"20210721","01","11","    92660","JP3142330004","575.0000","577.0000","574.0000","574.0000","574.0000","577.0000","572.0000","572.0000","575.0000","577.0000","572.0000","572.0000"," ","0.0000","0.0000","5100","2928100","574.1373"
"20210721","01","11","    92670","JP3282750003","4150.0000","4210.0000","4140.0000","4210.0000","4185.0000","4210.0000","4155.0000","4195.0000","4150.0000","4210.0000","4140.0000","4195.0000"," ","0.0000","0.0000","39700","166283500","4188.5013"
"20210721","01","11","    92730","JP3283420002","640.0000","654.0000","639.0000","643.0000","642.0000","646.0000","641.0000","646.0000","640.0000","654.0000","639.0000","646.0000"," ","0.0000","0.0000","93600","60558300","646.9904"
"20210721","01","11","    92740","JP3293350009","258.0000","260.0000","257.0000","258.0000","260.0000","260.0000","255.0000","259.0000","258.0000","260.0000","255.0000","259.0000"," ","0.0000","0.0000","24100","6209000","257.6349"
"20210721","01","11","    92750","JP3652010004","1122.0000","1137.0000","1110.0000","1124.0000","1112.0000","1134.0000","1112.0000","1130.0000","1122.0000","1137.0000","1110.0000","1130.0000"," ","0.0000","0.0000","23000","25906100","1126.3522"
"20210721","01","11","    92780","JP3829940000","940.0000","957.0000","940.0000","954.0000","953.0000","953.0000","947.0000","952.0000","940.0000","957.0000","940.0000","952.0000"," ","0.0000","0.0000","17700","16805700","949.4746"
"20210721","01","11","    92790","JP3264860002","2363.0000","2371.0000","2339.0000","2356.0000","2349.0000","2370.0000","2337.0000","2365.0000","2363.0000","2371.0000","2337.0000","2365.0000"," ","0.0000","0.0000","55800","131493500","2356.5143"
"20210721","01","11","    92810","JP3048210003","121900.0000","122500.0000","121900.0000","122000.0000","121900.0000","122200.0000","121900.0000","121900.0000","121900.0000","122500.0000","121900.0000","121900.0000"," ","0.0000","0.0000","345","42142500","122152.1739"
"20210721","01","11","    92820","JP3048360006","66500.0000","66500.0000","66200.0000","66200.0000","66100.0000","66100.0000","65800.0000","66000.0000","66500.0000","66500.0000","65800.0000","66000.0000"," ","0.0000","0.0000","111","7337000","66099.0991"
"20210721","01","11","    92830","JP3048410009","109600.0000","109900.0000","109600.0000","109900.0000","109700.0000","110200.0000","109500.0000","110100.0000","109600.0000","110200.0000","109500.0000","110100.0000"," ","0.0000","0.0000","560","61522300","109861.2500"
"20210721","01","11","    92840","JP3048590008","125800.0000","126300.0000","125800.0000","126100.0000","126000.0000","126200.0000","125800.0000","125800.0000","125800.0000","126300.0000","125800.0000","125800.0000"," ","0.0000","0.0000","418","52688500","126049.0431"
"20210721","01","11","    92850","JP3048780005","102500.0000","102500.0000","101800.0000","102000.0000","102000.0000","102000.0000","101900.0000","101900.0000","102500.0000","102500.0000","101800.0000","101900.0000"," ","0.0000","0.0000","85","8673900","102045.8824"
"20210721","01","11","    92860","JP3048820009","97200.0000","97300.0000","97100.0000","97100.0000","97000.0000","97400.0000","97000.0000","97300.0000","97200.0000","97400.0000","97000.0000","97300.0000"," ","0.0000","0.0000","633","61535200","97212.0063"
"20210721","01","11","    92870","JP3049000007","98700.0000","98700.0000","98300.0000","98300.0000","98300.0000","98700.0000","98300.0000","98600.0000","98700.0000","98700.0000","98300.0000","98600.0000"," ","0.0000","0.0000","371","36551600","98521.8329"
"20210721","01","11","    93010","JP3902000003","3250.0000","3300.0000","3235.0000","3235.0000","3240.0000","3250.0000","3220.0000","3235.0000","3250.0000","3300.0000","3220.0000","3235.0000"," ","0.0000","0.0000","178700","580315000","3247.4259"
"20210721","01","11","    93020","JP3891200002","2517.0000","2544.0000","2511.0000","2531.0000","2529.0000","2541.0000","2514.0000","2524.0000","2517.0000","2544.0000","2511.0000","2524.0000"," ","0.0000","0.0000","56300","142263800","2526.8881"
"20210721","01","11","    93030","JP3407000003","1564.0000","1584.0000","1558.0000","1566.0000","1574.0000","1581.0000","1571.0000","1573.0000","1564.0000","1584.0000","1558.0000","1573.0000"," ","0.0000","0.0000","122100","192235900","1574.4136"
"20210721","01","11","    93040","JP3355600002","2079.0000","2100.0000","2076.0000","2082.0000","2082.0000","2088.0000","2065.0000","2082.0000","2079.0000","2100.0000","2065.0000","2082.0000"," ","0.0000","0.0000","13900","28929300","2081.2446"
"20210721","01","11","    93050","JP3937600009","1567.0000","1567.0000","1550.0000","1556.0000","1555.0000","1566.0000","1555.0000","1559.0000","1567.0000","1567.0000","1550.0000","1559.0000"," ","0.0000","0.0000","14500","22605200","1558.9793"
"20210721","01","11","    93060","JP3615400003","312.0000","314.0000","311.0000","314.0000","315.0000","315.0000","312.0000","314.0000","312.0000","315.0000","311.0000","314.0000"," ","0.0000","0.0000","14300","4474900","312.9301"
"20210721","01","11","    93080","JP3146800002","1213.0000","1233.0000","1206.0000","1206.0000","1206.0000","1206.0000","1191.0000","1199.0000","1213.0000","1233.0000","1191.0000","1199.0000"," ","0.0000","0.0000","23000","27790700","1208.2913"
"20210721","01","11","    93100","JP3739600009","560.0000","573.0000","557.0000","570.0000","572.0000","574.0000","568.0000","571.0000","560.0000","574.0000","557.0000","571.0000"," ","0.0000","0.0000","40600","23054700","567.8498"
"20210721","01","11","    93120","JP3279800001","1354.0000","1354.0000","1354.0000","1354.0000","1357.0000","1368.0000","1353.0000","1353.0000","1354.0000","1368.0000","1353.0000","1353.0000"," ","0.0000","0.0000","2800","3795700","1355.6071"
"20210721","01","11","    93190","JP3516600008","998.0000","1005.0000","998.0000","1004.0000","1004.0000","1004.0000","999.0000","1003.0000","998.0000","1005.0000","998.0000","1003.0000"," ","0.0000","0.0000","6400","6409600","1001.5000"
"20210721","01","11","    93220","JP3226800005","1138.0000","1144.0000","1138.0000","1144.0000","1144.0000","1146.0000","1131.0000","1131.0000","1138.0000","1146.0000","1131.0000","1131.0000"," ","0.0000","0.0000","6800","7739800","1138.2059"
"20210721","01","11","    93240","JP3932820008","958.0000","958.0000","943.0000","952.0000","953.0000","953.0000","948.0000","952.0000","958.0000","958.0000","943.0000","952.0000"," ","0.0000","0.0000","20300","19352600","953.3300"
"20210721","01","11","    93250","JP3802360002","806.0000","824.0000","806.0000","818.0000","813.0000","831.0000","807.0000","831.0000","806.0000","831.0000","806.0000","831.0000"," ","0.0000","0.0000","38400","31398600","817.6719"
"20210721","01","11","    93510","JP3619000007","1471.0000","1471.0000","1452.0000","1452.0000","1441.0000","1441.0000","1422.0000","1428.0000","1471.0000","1471.0000","1422.0000","1428.0000"," ","0.0000","0.0000","4000","5795400","1448.8500"
"20210721","01","11","    93580","JP3157600002","515.0000","517.0000","511.0000","511.0000","508.0000","517.0000","506.0000","516.0000","515.0000","517.0000","506.0000","516.0000"," ","0.0000","0.0000","16600","8512400","512.7952"
"20210721","01","11","    93640","JP3219000001","2298.0000","2307.0000","2277.0000","2278.0000","2294.0000","2303.0000","2283.0000","2284.0000","2298.0000","2307.0000","2277.0000","2284.0000"," ","0.0000","0.0000","183700","420843500","2290.9281"
"20210721","01","11","    93660","JP3343400002","764.0000","766.0000","764.0000","766.0000","762.0000","768.0000","762.0000","768.0000","764.0000","768.0000","762.0000","768.0000"," ","0.0000","0.0000","3000","2296000","765.3333"
"20210721","01","11","    93680","JP3242500001","1287.0000","1308.0000","1287.0000","1306.0000","1301.0000","1301.0000","1293.0000","1297.0000","1287.0000","1308.0000","1287.0000","1297.0000"," ","0.0000","0.0000","5200","6743800","1296.8846"
"20210721","01","11","    93690","JP3244700005","1717.0000","1720.0000","1696.0000","1700.0000","1699.0000","1699.0000","1688.0000","1691.0000","1717.0000","1720.0000","1688.0000","1691.0000"," ","0.0000","0.0000","7000","11952500","1707.5000"
"20210721","01","11","    93750","JP3262900008","2601.0000","2644.0000","2589.0000","2613.0000","2613.0000","2617.0000","2604.0000","2607.0000","2601.0000","2644.0000","2589.0000","2607.0000"," ","0.0000","0.0000","178500","466817800","2615.2258"
"20210721","01","11","    93800","JP3121190007","310.0000","310.0000","305.0000","305.0000","303.0000","305.0000","303.0000","305.0000","310.0000","310.0000","303.0000","305.0000"," ","0.0000","0.0000","24500","7481000","305.3469"
"20210721","01","11","    93810","JP3160050005","1079.0000","1087.0000","1069.0000","1084.0000","1084.0000","1095.0000","1084.0000","1089.0000","1079.0000","1095.0000","1069.0000","1089.0000"," ","0.0000","0.0000","23100","25082700","1085.8312"
"20210721","01","11","    93840","JP3641230002","1853.0000","1902.0000","1853.0000","1885.0000","1881.0000","1885.0000","1868.0000","1885.0000","1853.0000","1902.0000","1853.0000","1885.0000"," ","0.0000","0.0000","17100","32139000","1879.4737"
"20210721","01","11","    93850","JP3360100006","981.0000","987.0000","968.0000","968.0000","968.0000","977.0000","968.0000","977.0000","981.0000","987.0000","968.0000","977.0000"," ","0.0000","0.0000","12200","11881800","973.9180"
"20210721","01","11","    93860","JP3708600006","1978.0000","2041.0000","1972.0000","2031.0000","2023.0000","2038.0000","2015.0000","2024.0000","1978.0000","2041.0000","1972.0000","2024.0000"," ","0.0000","0.0000","18300","36928800","2017.9672"
"20210721","01","11","    94010","JP3588600001","1708.0000","1713.0000","1689.0000","1690.0000","1696.0000","1700.0000","1689.0000","1690.0000","1708.0000","1713.0000","1689.0000","1690.0000"," ","0.0000","0.0000","268100","455209500","1697.9094"
"20210721","01","11","    94040","JP3732200005","1255.0000","1263.0000","1247.0000","1251.0000","1250.0000","1252.0000","1243.0000","1246.0000","1255.0000","1263.0000","1243.0000","1246.0000"," ","0.0000","0.0000","370000","462714300","1250.5792"
"20210721","01","11","    94050","JP3116800008","711.0000","711.0000","705.0000","706.0000","707.0000","707.0000","704.0000","707.0000","711.0000","711.0000","704.0000","707.0000"," ","0.0000","0.0000","13800","9790900","709.4855"
"20210721","01","11","    94090","JP3429000007","1705.0000","1723.0000","1696.0000","1702.0000","1705.0000","1708.0000","1692.0000","1692.0000","1705.0000","1723.0000","1692.0000","1692.0000"," ","0.0000","0.0000","140700","239500300","1702.2054"
"20210721","01","11","    94120","JP3396350005","412.0000","415.0000","409.0000","414.0000","415.0000","416.0000","412.0000","413.0000","412.0000","416.0000","409.0000","413.0000"," ","0.0000","0.0000","1113200","460133200","413.3428"
"20210721","01","11","    94130","JP3547060008","2099.0000","2104.0000","2090.0000","2090.0000","2087.0000","2095.0000","2086.0000","2086.0000","2099.0000","2104.0000","2086.0000","2086.0000"," ","0.0000","0.0000","27100","56672200","2091.2251"
"20210721","01","11","    94140","JP3746000003","1094.0000","1098.0000","1094.0000","1097.0000","1095.0000","1096.0000","1093.0000","1093.0000","1094.0000","1098.0000","1093.0000","1093.0000"," ","0.0000","0.0000","13500","14780200","1094.8296"
"20210721","01","11","    94160","JP3800330007","1060.0000","1087.0000","1060.0000","1078.0000","1083.0000","1089.0000","1073.0000","1079.0000","1060.0000","1089.0000","1060.0000","1079.0000"," ","0.0000","0.0000","427600","461212500","1078.6073"
"20210721","01","11","    94170","JP3400090001","679.0000","683.0000","675.0000","677.0000","674.0000","677.0000","672.0000","675.0000","679.0000","683.0000","672.0000","675.0000"," ","0.0000","0.0000","11500","7788300","677.2435"
"20210721","01","11","    94180","JP3944640006","2425.0000","2469.0000","2416.0000","2418.0000","2419.0000","2456.0000","2400.0000","2409.0000","2425.0000","2469.0000","2400.0000","2409.0000"," ","0.0000","0.0000","318300","774079900","2431.9193"
"20210721","01","11","    94190","JP3990740007","409.0000","420.0000","408.0000","414.0000","412.0000","413.0000","411.0000","413.0000","409.0000","420.0000","408.0000","413.0000"," ","0.0000","0.0000","21700","8954300","412.6406"
"20210721","01","11","    94220","JP3104870005","1574.0000","1577.0000","1561.0000","1569.0000","1569.0000","1575.0000","1568.0000","1568.0000","1574.0000","1577.0000","1561.0000","1568.0000"," ","0.0000","0.0000","33100","52018300","1571.5498"
"20210721","01","11","    94240","JP3729600001","213.0000","219.0000","213.0000","216.0000","216.0000","216.0000","212.0000","212.0000","213.0000","219.0000","212.0000","212.0000"," ","0.0000","0.0000","2084200","448264400","215.0774"
"20210721","01","11","    94280","JP3273100002","911.0000","912.0000","906.0000","908.0000","896.0000","898.0000","896.0000","898.0000","911.0000","912.0000","896.0000","898.0000"," ","0.0000","0.0000","2100","1895100","902.4286"
"20210721","01","11","    94320","JP3735400008","2863.5000","2874.5000","2846.0000","2846.0000","2846.0000","2850.0000","2839.0000","2841.5000","2863.5000","2874.5000","2839.0000","2841.5000"," ","0.0000","0.0000","4672700","13322358950","2851.1051"
"20210721","01","11","    94330","JP3496400007","3479.0000","3489.0000","3447.0000","3453.0000","3451.0000","3461.0000","3447.0000","3450.0000","3479.0000","3489.0000","3447.0000","3450.0000"," ","0.0000","0.0000","2931300","10147188500","3461.6684"
"20210721","01","11","    94340","JP3732000009","1464.0000","1469.5000","1460.5000","1462.0000","1463.0000","1464.0000","1459.5000","1459.5000","1464.0000","1469.5000","1459.5000","1459.5000"," ","0.0000","0.0000","4326200","6328265850","1462.7770"
"20210721","01","11","    94350","JP3783420007","19930.0000","20430.0000","19870.0000","20350.0000","20290.0000","20370.0000","20110.0000","20190.0000","19930.0000","20430.0000","19870.0000","20190.0000"," ","0.0000","0.0000","100400","2027352000","20192.7490"
"20210721","01","11","    94380","JP3167480007","704.0000","710.0000","702.0000","706.0000","707.0000","707.0000","696.0000","696.0000","704.0000","710.0000","696.0000","696.0000"," ","0.0000","0.0000","47600","33527100","704.3508"
"20210721","01","11","    94490","JP3152750000","2947.0000","2948.0000","2892.0000","2893.0000","2893.0000","2901.0000","2860.0000","2865.0000","2947.0000","2948.0000","2860.0000","2865.0000"," ","0.0000","0.0000","360800","1044030600","2893.6547"
"20210721","01","11","    94500","JP3802380000","1382.0000","1408.0000","1382.0000","1385.0000","1384.0000","1392.0000","1370.0000","1384.0000","1382.0000","1408.0000","1370.0000","1384.0000"," ","0.0000","0.0000","67800","94132500","1388.3850"
"20210721","01","11","    94660","JP3105110005","389.0000","389.0000","382.0000","382.0000","383.0000","385.0000","382.0000","382.0000","389.0000","389.0000","382.0000","382.0000"," ","0.0000","0.0000","35300","13540100","383.5722"
"20210721","01","11","    94680","JP3214350005","4235.0000","4310.0000","4205.0000","4265.0000","4285.0000","4350.0000","4285.0000","4335.0000","4235.0000","4350.0000","4205.0000","4335.0000"," ","0.0000","0.0000","199500","857172000","4296.6015"
"20210721","01","11","    94700","JP3234200008","1313.0000","1329.0000","1303.0000","1317.0000","1317.0000","1319.0000","1308.0000","1313.0000","1313.0000","1329.0000","1303.0000","1313.0000"," ","0.0000","0.0000","108600","142991700","1316.6823"
"20210721","01","11","    94740","JP3430400006","1117.0000","1125.0000","1106.0000","1111.0000","1109.0000","1114.0000","1104.0000","1104.0000","1117.0000","1125.0000","1104.0000","1104.0000"," ","0.0000","0.0000","88300","98278000","1113.0011"
"20210721","01","11","    94750","JP3363800008","485.0000","496.0000","483.0000","492.0000","492.0000","493.0000","491.0000","493.0000","485.0000","496.0000","483.0000","493.0000"," ","0.0000","0.0000","10200","5008300","491.0098"
"20210721","01","11","    94790","JP3153900000","236.0000","261.0000","236.0000","250.0000","251.0000","265.0000","250.0000","257.0000","236.0000","265.0000","236.0000","257.0000"," ","0.0000","0.0000","2481800","631435000","254.4262"
"20210721","01","11","    95010","JP3585800000","328.0000","332.0000","325.0000","327.0000","328.0000","328.0000","324.0000","325.0000","328.0000","332.0000","324.0000","325.0000"," ","0.0000","0.0000","14537500","4753861000","327.0068"
"20210721","01","11","    95020","JP3526600006","1332.5000","1343.5000","1328.5000","1330.5000","1333.0000","1335.0000","1326.0000","1327.5000","1332.5000","1343.5000","1326.0000","1327.5000"," ","0.0000","0.0000","1584200","2110142150","1331.9923"
"20210721","01","11","    95030","JP3228600007","1053.5000","1061.0000","1049.5000","1050.5000","1052.5000","1052.5000","1045.5000","1047.5000","1053.5000","1061.0000","1045.5000","1047.5000"," ","0.0000","0.0000","1669000","1755461550","1051.8044"
"20210721","01","11","    95040","JP3522200009","1037.0000","1037.0000","1023.0000","1024.0000","1024.0000","1024.0000","1017.0000","1021.0000","1037.0000","1037.0000","1017.0000","1021.0000"," ","0.0000","0.0000","1272700","1306281300","1026.3859"
"20210721","01","11","    95050","JP3845400005","597.0000","599.0000","590.0000","590.0000","591.0000","592.0000","587.0000","590.0000","597.0000","599.0000","587.0000","590.0000"," ","0.0000","0.0000","750400","444127400","591.8542"
"20210721","01","11","    95060","JP3605400005","860.0000","869.0000","856.0000","861.0000","863.0000","865.0000","860.0000","861.0000","860.0000","869.0000","856.0000","861.0000"," ","0.0000","0.0000","2340700","2017227400","861.8052"
"20210721","01","11","    95070","JP3350800003","763.0000","765.0000","756.0000","759.0000","759.0000","762.0000","757.0000","757.0000","763.0000","765.0000","756.0000","757.0000"," ","0.0000","0.0000","224400","170456400","759.6096"
"20210721","01","11","    95080","JP3246400000","847.0000","854.0000","844.0000","847.0000","847.0000","848.0000","843.0000","844.0000","847.0000","854.0000","843.0000","844.0000"," ","0.0000","0.0000","1119900","948610500","847.0493"
"20210721","01","11","    95090","JP3850200001","508.0000","510.0000","506.0000","507.0000","508.0000","508.0000","502.0000","502.0000","508.0000","510.0000","502.0000","502.0000"," ","0.0000","0.0000","761900","385142500","505.5027"
"20210721","01","11","    95110","JP3194700005","1420.0000","1426.0000","1413.0000","1414.0000","1421.0000","1421.0000","1412.0000","1412.0000","1420.0000","1426.0000","1412.0000","1412.0000"," ","0.0000","0.0000","79100","112045800","1416.5082"
"20210721","01","11","    95130","JP3551200003","1650.0000","1655.0000","1635.0000","1637.0000","1637.0000","1638.0000","1625.0000","1632.0000","1650.0000","1655.0000","1625.0000","1632.0000"," ","0.0000","0.0000","514000","842591100","1639.2823"
"20210721","01","11","    95140","JP3802140008","1013.0000","1091.0000","1012.0000","1077.0000","1088.0000","1112.0000","1087.0000","1107.0000","1013.0000","1112.0000","1012.0000","1107.0000"," ","0.0000","0.0000","959900","1040817200","1084.2975"
"20210721","01","11","    95170","JP3130830007","3060.0000","3070.0000","2991.0000","3045.0000","3050.0000","3100.0000","3045.0000","3085.0000","3060.0000","3100.0000","2991.0000","3085.0000"," ","0.0000","0.0000","1086500","3314063800","3050.2198"
"20210721","01","11","    95190","JP3981200003","4920.0000","4960.0000","4765.0000","4915.0000","4910.0000","4945.0000","4845.0000","4920.0000","4920.0000","4960.0000","4765.0000","4920.0000"," ","0.0000","0.0000","2114500","10324840000","4882.8754"
"20210721","01","11","    95310","JP3573000001","2065.0000","2069.5000","2053.0000","2053.0000","2057.5000","2059.0000","2044.0000","2049.0000","2065.0000","2069.5000","2044.0000","2049.0000"," ","0.0000","0.0000","954000","1960686550","2055.2270"
"20210721","01","11","    95320","JP3180400008","2040.0000","2053.0000","2029.0000","2035.0000","2039.0000","2040.0000","2026.0000","2031.0000","2040.0000","2053.0000","2026.0000","2031.0000"," ","0.0000","0.0000","537600","1094829500","2036.5132"
"20210721","01","11","    95330","JP3600200004","5480.0000","5580.0000","5460.0000","5510.0000","5500.0000","5540.0000","5500.0000","5500.0000","5480.0000","5580.0000","5460.0000","5500.0000"," ","0.0000","0.0000","138900","765712000","5512.6854"
"20210721","01","11","    95340","JP3847000001","1579.0000","1604.0000","1579.0000","1604.0000","1595.0000","1604.0000","1588.0000","1599.0000","1579.0000","1604.0000","1579.0000","1599.0000"," ","0.0000","0.0000","10700","17067700","1595.1121"
"20210721","01","11","    95350","JP3796200008","369.0000","370.0000","368.0000","369.0000","370.0000","372.0000","369.0000","372.0000","369.0000","372.0000","368.0000","372.0000"," ","0.0000","0.0000","19700","7299700","370.5431"
"20210721","01","11","    95360","JP3311600005","2443.0000","2464.0000","2427.0000","2438.0000","2438.0000","2455.0000","2435.0000","2448.0000","2443.0000","2464.0000","2427.0000","2448.0000"," ","0.0000","0.0000","40300","98502500","2444.2308"
"20210721","01","11","    95430","JP3351150002","1075.0000","1109.0000","1074.0000","1092.0000","1097.0000","1099.0000","1090.0000","1096.0000","1075.0000","1109.0000","1074.0000","1096.0000"," ","0.0000","0.0000","259300","283964000","1095.1176"
"20210721","01","11","    95510","JP3921260000","2006.0000","2030.0000","2004.0000","2009.0000","2015.0000","2033.0000","2008.0000","2024.0000","2006.0000","2033.0000","2004.0000","2024.0000"," ","0.0000","0.0000","59600","120305800","2018.5537"
"20210721","01","11","    96000","JP3105010007","1431.0000","1431.0000","1413.0000","1413.0000","1413.0000","1423.0000","1411.0000","1423.0000","1431.0000","1431.0000","1411.0000","1423.0000"," ","0.0000","0.0000","10200","14490800","1420.6667"
"20210721","01","11","    96010","JP3362800009","11750.0000","11970.0000","11680.0000","11690.0000","11690.0000","11870.0000","11680.0000","11860.0000","11750.0000","11970.0000","11680.0000","11860.0000"," ","0.0000","0.0000","39000","460866000","11817.0769"
"20210721","01","11","    96020","JP3598600009","4890.0000","4915.0000","4830.0000","4840.0000","4855.0000","4885.0000","4850.0000","4870.0000","4890.0000","4915.0000","4830.0000","4870.0000"," ","0.0000","0.0000","249100","1213603500","4871.9530"
"20210721","01","11","    96030","JP3160740001","2408.0000","2440.0000","2377.0000","2390.0000","2394.0000","2399.0000","2371.0000","2385.0000","2408.0000","2440.0000","2371.0000","2385.0000"," ","0.0000","0.0000","1619100","3895452800","2405.9371"
"20210721","01","11","    96050","JP3560000006","19560.0000","19840.0000","19560.0000","19680.0000","19670.0000","19840.0000","19670.0000","19800.0000","19560.0000","19840.0000","19560.0000","19800.0000"," ","0.0000","0.0000","11500","227236000","19759.6522"
"20210721","01","11","    96120","JP3968000004","2675.0000","2690.0000","2667.0000","2678.0000","2672.0000","2690.0000","2672.0000","2679.0000","2675.0000","2690.0000","2667.0000","2679.0000"," ","0.0000","0.0000","8300","22228900","2678.1807"
"20210721","01","11","    96130","JP3165700000","1736.0000","1746.0000","1720.0000","1721.0000","1725.0000","1730.0000","1721.0000","1727.0000","1736.0000","1746.0000","1720.0000","1727.0000"," ","0.0000","0.0000","1794600","3105966000","1730.7289"
"20210721","01","11","    96160","JP3253900009","3580.0000","3650.0000","3565.0000","3595.0000","3585.0000","3615.0000","3570.0000","3585.0000","3580.0000","3650.0000","3565.0000","3585.0000"," ","0.0000","0.0000","216400","779281000","3601.1137"
"20210721","01","11","    96190","JP3142100001","1267.0000","1271.0000","1253.0000","1256.0000","1259.0000","1259.0000","1246.0000","1247.0000","1267.0000","1271.0000","1246.0000","1247.0000"," ","0.0000","0.0000","26400","33181100","1256.8598"
"20210721","01","11","    96210","JP3281900005","2233.0000","2246.0000","2210.0000","2237.0000","2240.0000","2240.0000","2220.0000","2232.0000","2233.0000","2246.0000","2210.0000","2232.0000"," ","0.0000","0.0000","25200","56210100","2230.5595"
"20210721","01","11","    96220","JP3400050005","914.0000","920.0000","910.0000","916.0000","916.0000","918.0000","908.0000","915.0000","914.0000","920.0000","908.0000","915.0000"," ","0.0000","0.0000","34400","31438000","913.8953"
"20210721","01","11","    96240","JP3527600005","1928.0000","1928.0000","1916.0000","1921.0000","1913.0000","1913.0000","1900.0000","1908.0000","1928.0000","1928.0000","1900.0000","1908.0000"," ","0.0000","0.0000","7200","13739900","1908.3194"
"20210721","01","11","    96270","JP3105250009","6530.0000","6590.0000","6460.0000","6560.0000","6570.0000","6590.0000","6530.0000","6550.0000","6530.0000","6590.0000","6460.0000","6550.0000"," ","0.0000","0.0000","132700","869441000","6551.9292"
"20210721","01","11","    96280","JP3286300003","1230.0000","1268.0000","1222.0000","1264.0000","1258.0000","1263.0000","1253.0000","1259.0000","1230.0000","1268.0000","1222.0000","1259.0000"," ","0.0000","0.0000","25200","31542400","1251.6825"
"20210721","01","11","    96290","JP3801500004","3935.0000","3935.0000","3870.0000","3910.0000","3930.0000","3935.0000","3910.0000","3935.0000","3935.0000","3935.0000","3870.0000","3935.0000"," ","0.0000","0.0000","8900","34933000","3925.0562"
"20210721","01","11","    96320","JP3399800006","8020.0000","8160.0000","8020.0000","8160.0000","8090.0000","8120.0000","8090.0000","8090.0000","8020.0000","8160.0000","8020.0000","8090.0000"," ","0.0000","0.0000","2900","23459000","8089.3103"
"20210721","01","11","    96330","JP3584200004","1242.0000","1243.0000","1239.0000","1242.0000","1244.0000","1245.0000","1241.0000","1242.0000","1242.0000","1245.0000","1239.0000","1242.0000"," ","0.0000","0.0000","5600","6957000","1242.3214"
"20210721","01","11","    96440","JP3468850007","1448.0000","1449.0000","1448.0000","1449.0000","1449.0000","1453.0000","1441.0000","1453.0000","1448.0000","1453.0000","1441.0000","1453.0000"," ","0.0000","0.0000","2100","3041900","1448.5238"
"20210721","01","11","    96580","JP3800300000","1725.0000","1745.0000","1725.0000","1738.0000","1743.0000","1760.0000","1743.0000","1760.0000","1725.0000","1760.0000","1725.0000","1760.0000"," ","0.0000","0.0000","6000","10488800","1748.1333"
"20210721","01","11","    96630","JP3648700007","8560.0000","8670.0000","8560.0000","8640.0000","8660.0000","8740.0000","8620.0000","8740.0000","8560.0000","8740.0000","8560.0000","8740.0000"," ","0.0000","0.0000","6300","54616000","8669.2063"
"20210721","01","11","    96720","JP3586600003","4555.0000","4625.0000","4530.0000","4535.0000","4520.0000","4550.0000","4510.0000","4535.0000","4555.0000","4625.0000","4510.0000","4535.0000"," ","0.0000","0.0000","185300","843299000","4550.9930"
"20210721","01","11","    96750","JP3393400001","1406.0000","1428.0000","1406.0000","1417.0000","1415.0000","1415.0000","1405.0000","1408.0000","1406.0000","1428.0000","1405.0000","1408.0000"," ","0.0000","0.0000","6200","8768200","1414.2258"
"20210721","01","11","    96780","JP3215200001","2557.0000","2570.0000","2521.0000","2523.0000","2519.0000","2527.0000","2509.0000","2520.0000","2557.0000","2570.0000","2509.0000","2520.0000"," ","0.0000","0.0000","117400","297160100","2531.1763"
"20210721","01","11","    96820","JP3548500002","2700.0000","2709.0000","2668.0000","2668.0000","2680.0000","2702.0000","2672.0000","2690.0000","2700.0000","2709.0000","2668.0000","2690.0000"," ","0.0000","0.0000","76000","204532200","2691.2132"
"20210721","01","11","    96840","JP3164630000","5620.0000","5740.0000","5610.0000","5690.0000","5700.0000","5740.0000","5680.0000","5710.0000","5620.0000","5740.0000","5610.0000","5710.0000"," ","0.0000","0.0000","907000","5165564000","5695.2194"
"20210721","01","11","    96920","JP3346200003","1630.0000","1651.0000","1630.0000","1640.0000","1644.0000","1648.0000","1636.0000","1645.0000","1630.0000","1651.0000","1630.0000","1645.0000"," ","0.0000","0.0000","88900","146113900","1643.5759"
"20210721","01","11","    96970","JP3218900003","3005.0000","3040.0000","2982.0000","3020.0000","3030.0000","3040.0000","3010.0000","3040.0000","3005.0000","3040.0000","2982.0000","3040.0000"," ","0.0000","0.0000","677700","2050311800","3025.3974"
"20210721","01","11","    96990","JP3657500009","3000.0000","3045.0000","2979.0000","2981.0000","3000.0000","3005.0000","2988.0000","2991.0000","3000.0000","3045.0000","2979.0000","2991.0000"," ","0.0000","0.0000","33400","100292000","3002.7545"
"20210721","01","11","    97020","JP3100700008","1464.0000","1477.0000","1455.0000","1468.0000","1468.0000","1477.0000","1463.0000","1470.0000","1464.0000","1477.0000","1455.0000","1470.0000"," ","0.0000","0.0000","98400","144418000","1467.6626"
"20210721","01","11","    97040","JP3561200001","25.0000","26.0000","25.0000","25.0000","25.0000","26.0000","25.0000","25.0000","25.0000","26.0000","25.0000","25.0000"," ","0.0000","0.0000","87500","2194500","25.0800"
"20210721","01","11","    97060","JP3699400002","4840.0000","4840.0000","4700.0000","4715.0000","4710.0000","4730.0000","4680.0000","4695.0000","4840.0000","4840.0000","4680.0000","4695.0000"," ","0.0000","0.0000","523900","2483537000","4740.4791"
"20210721","01","11","    97150","JP3635700002","3115.0000","3135.0000","3100.0000","3110.0000","3110.0000","3115.0000","3100.0000","3100.0000","3115.0000","3135.0000","3100.0000","3100.0000"," ","0.0000","0.0000","72600","225793500","3110.1033"
"20210721","01","11","    97160","JP3762400004","835.0000","853.0000","835.0000","838.0000","837.0000","845.0000","837.0000","839.0000","835.0000","853.0000","835.0000","839.0000"," ","0.0000","0.0000","238100","200218300","840.9000"
"20210721","01","11","    97170","JP3388400008","1198.0000","1207.0000","1193.0000","1198.0000","1200.0000","1201.0000","1195.0000","1199.0000","1198.0000","1207.0000","1193.0000","1199.0000"," ","0.0000","0.0000","27600","33100700","1199.3007"
"20210721","01","11","    97190","JP3400400002","6760.0000","6780.0000","6710.0000","6720.0000","6740.0000","6750.0000","6690.0000","6690.0000","6760.0000","6780.0000","6690.0000","6690.0000"," ","0.0000","0.0000","95900","644626000","6721.8561"
"20210721","01","11","    97220","JP3816800001","2227.0000","2260.0000","2220.0000","2233.0000","2237.0000","2260.0000","2227.0000","2236.0000","2227.0000","2260.0000","2220.0000","2236.0000"," ","0.0000","0.0000","57000","127722800","2240.7509"
"20210721","01","11","    97260","JP3260400001","1284.0000","1313.0000","1262.0000","1298.0000","1296.0000","1305.0000","1286.0000","1295.0000","1284.0000","1313.0000","1262.0000","1295.0000"," ","0.0000","0.0000","85000","110324000","1297.9294"
"20210721","01","11","    97280","JP3695000004","2545.0000","2565.0000","2535.0000","2552.0000","2552.0000","2570.0000","2548.0000","2562.0000","2545.0000","2570.0000","2535.0000","2562.0000"," ","0.0000","0.0000","26200","67024200","2558.1756"
"20210721","01","11","    97290","JP3552250007","2409.0000","2417.0000","2405.0000","2414.0000","2414.0000","2419.0000","2402.0000","2408.0000","2409.0000","2419.0000","2402.0000","2408.0000"," ","0.0000","0.0000","27500","66330400","2412.0145"
"20210721","01","11","    97310","JP3766600005","2257.0000","2257.0000","2210.0000","2210.0000","2213.0000","2218.0000","2210.0000","2216.0000","2257.0000","2257.0000","2210.0000","2216.0000"," ","0.0000","0.0000","3300","7343600","2225.3333"
"20210721","01","11","    97350","JP3421800008","8458.0000","8533.0000","8418.0000","8433.0000","8453.0000","8478.0000","8421.0000","8437.0000","8458.0000","8533.0000","8418.0000","8437.0000"," ","0.0000","0.0000","347900","2942072600","8456.6617"
"20210721","01","11","    97390","JP3712500002","2365.0000","2377.0000","2343.0000","2372.0000","2375.0000","2377.0000","2360.0000","2376.0000","2365.0000","2377.0000","2343.0000","2376.0000"," ","0.0000","0.0000","18300","43335000","2368.0328"
"20210721","01","11","    97400","JP3425400003","3060.0000","3120.0000","3030.0000","3075.0000","3075.0000","3110.0000","3070.0000","3105.0000","3060.0000","3120.0000","3030.0000","3105.0000"," ","0.0000","0.0000","49800","153650000","3085.3414"
"20210721","01","11","    97420","JP3105000008","1390.0000","1392.0000","1371.0000","1382.0000","1384.0000","1387.0000","1375.0000","1382.0000","1390.0000","1392.0000","1371.0000","1382.0000"," ","0.0000","0.0000","69700","96508500","1384.6270"
"20210721","01","11","    97430","JP3472200009","855.0000","865.0000","855.0000","857.0000","861.0000","864.0000","855.0000","855.0000","855.0000","865.0000","855.0000","855.0000"," ","0.0000","0.0000","112400","96541700","858.9119"
"20210721","01","11","    97440","JP3919200000","6250.0000","6250.0000","6150.0000","6150.0000","6130.0000","6190.0000","6120.0000","6180.0000","6250.0000","6250.0000","6120.0000","6180.0000"," ","0.0000","0.0000","67200","416051000","6191.2351"
"20210721","01","11","    97460","JP3539400006","3210.0000","3250.0000","3210.0000","3230.0000","3240.0000","3250.0000","3230.0000","3235.0000","3210.0000","3250.0000","3210.0000","3235.0000"," ","0.0000","0.0000","21500","69578500","3236.2093"
"20210721","01","11","    97490","JP3816600005","5550.0000","5560.0000","5460.0000","5460.0000","5480.0000","5530.0000","5470.0000","5500.0000","5550.0000","5560.0000","5460.0000","5500.0000"," ","0.0000","0.0000","21700","119682000","5515.2995"
"20210721","01","11","    97550","JP3174600001","1286.0000","1303.0000","1278.0000","1278.0000","1280.0000","1286.0000","1276.0000","1281.0000","1286.0000","1303.0000","1276.0000","1281.0000"," ","0.0000","0.0000","113700","146077200","1284.7599"
"20210721","01","11","    97570","JP3825800000","2466.0000","2489.0000","2466.0000","2488.0000","2488.0000","2509.0000","2487.0000","2500.0000","2466.0000","2509.0000","2466.0000","2500.0000"," ","0.0000","0.0000","74400","185728900","2496.3562"
"20210721","01","11","    97590","JP3712600000","1859.0000","1865.0000","1838.0000","1840.0000","1845.0000","1854.0000","1845.0000","1850.0000","1859.0000","1865.0000","1838.0000","1850.0000"," ","0.0000","0.0000","82600","152923100","1851.3692"
"20210721","01","11","    97600","JP3371900006","424.0000","426.0000","424.0000","426.0000","426.0000","426.0000","425.0000","425.0000","424.0000","426.0000","424.0000","425.0000"," ","0.0000","0.0000","11600","4934500","425.3879"
"20210721","01","11","    97630","JP3878000003","1886.0000","1886.0000","1883.0000","1886.0000","1880.0000","1880.0000","1868.0000","1879.0000","1886.0000","1886.0000","1868.0000","1879.0000"," ","0.0000","0.0000","3000","5632900","1877.6333"
"20210721","01","11","    97650","JP3189600004","804.0000","812.0000","804.0000","807.0000","807.0000","809.0000","806.0000","809.0000","804.0000","812.0000","804.0000","809.0000"," ","0.0000","0.0000","10700","8641800","807.6449"
"20210721","01","11","    97660","JP3300200007","6000.0000","6160.0000","6000.0000","6050.0000","6070.0000","6080.0000","6010.0000","6060.0000","6000.0000","6160.0000","6000.0000","6060.0000"," ","0.0000","0.0000","445500","2697397000","6054.7632"
"20210721","01","11","    97680","JP3380200000","1815.0000","1830.0000","1815.0000","1824.0000","1816.0000","1835.0000","1815.0000","1834.0000","1815.0000","1835.0000","1815.0000","1834.0000"," ","0.0000","0.0000","5100","9315400","1826.5490"
"20210721","01","11","    97690","JP3235400003","1364.0000","1364.0000","1349.0000","1351.0000","1351.0000","1352.0000","1345.0000","1345.0000","1364.0000","1364.0000","1345.0000","1345.0000"," ","0.0000","0.0000","13100","17716200","1352.3817"
"20210721","01","11","    97830","JP3835620000","2670.0000","2687.0000","2654.0000","2655.0000","2650.0000","2666.0000","2636.0000","2638.0000","2670.0000","2687.0000","2636.0000","2638.0000"," ","0.0000","0.0000","265700","705527100","2655.3523"
"20210721","01","11","    97870","JP3389700000","3615.0000","3665.0000","3595.0000","3630.0000","3630.0000","3640.0000","3605.0000","3615.0000","3615.0000","3665.0000","3595.0000","3615.0000"," ","0.0000","0.0000","37900","137306500","3622.8628"
"20210721","01","11","    97880","JP3651020004","933.0000","933.0000","920.0000","920.0000","928.0000","928.0000","924.0000","928.0000","933.0000","933.0000","920.0000","928.0000"," ","0.0000","0.0000","11300","10485600","927.9292"
"20210721","01","11","    97900","JP3803800006","3950.0000","4080.0000","3950.0000","4055.0000","4055.0000","4070.0000","4035.0000","4065.0000","3950.0000","4080.0000","3950.0000","4065.0000"," ","0.0000","0.0000","26300","106445500","4047.3574"
"20210721","01","11","    97930","JP3485600005","5040.0000","5120.0000","5000.0000","5100.0000","5120.0000","5160.0000","5090.0000","5120.0000","5040.0000","5160.0000","5000.0000","5120.0000"," ","0.0000","0.0000","178300","909731000","5102.2490"
"20210721","01","11","    97950","JP3399700008","1712.0000","1750.0000","1712.0000","1736.0000","1729.0000","1769.0000","1727.0000","1760.0000","1712.0000","1769.0000","1712.0000","1760.0000"," ","0.0000","0.0000","20900","36470000","1744.9761"
"20210721","01","11","    98100","JP3681000000","4480.0000","4525.0000","4460.0000","4460.0000","4450.0000","4510.0000","4435.0000","4455.0000","4480.0000","4525.0000","4435.0000","4455.0000"," ","0.0000","0.0000","64100","287184000","4480.2496"
"20210721","01","11","    98240","JP3424400004","3925.0000","3940.0000","3870.0000","3940.0000","3930.0000","3940.0000","3915.0000","3915.0000","3925.0000","3940.0000","3870.0000","3915.0000"," ","0.0000","0.0000","8800","34484000","3918.6364"
"20210721","01","11","    98280","JP3282800006","2493.0000","2493.0000","2470.0000","2476.0000","2479.0000","2486.0000","2462.0000","2462.0000","2493.0000","2493.0000","2462.0000","2462.0000"," ","0.0000","0.0000","16700","41390400","2478.4671"
"20210721","01","11","    98300","JP3635500006","2802.0000","2840.0000","2782.0000","2831.0000","2837.0000","2843.0000","2820.0000","2823.0000","2802.0000","2843.0000","2782.0000","2823.0000"," ","0.0000","0.0000","105300","297588700","2826.1035"
"20210721","01","11","    98310","JP3939000000","513.0000","519.0000","511.0000","514.0000","514.0000","517.0000","510.0000","514.0000","513.0000","519.0000","510.0000","514.0000"," ","0.0000","0.0000","6423300","3303423100","514.2875"
"20210721","01","11","    98320","JP3172500005","1546.0000","1556.0000","1538.0000","1542.0000","1544.0000","1549.0000","1542.0000","1543.0000","1546.0000","1556.0000","1538.0000","1543.0000"," ","0.0000","0.0000","271700","420142100","1546.3456"
"20210721","01","11","    98370","JP3926200001","602.0000","607.0000","601.0000","604.0000","606.0000","606.0000","604.0000","605.0000","602.0000","607.0000","601.0000","605.0000"," ","0.0000","0.0000","7000","4228400","604.0571"
"20210721","01","11","    98420","JP3100100001","1448.0000","1468.0000","1443.0000","1446.0000","1451.0000","1451.0000","1438.0000","1440.0000","1448.0000","1468.0000","1438.0000","1440.0000"," ","0.0000","0.0000","137400","199341400","1450.8108"
"20210721","01","11","    98430","JP3756100008","20540.0000","20895.0000","20435.0000","20605.0000","20695.0000","20695.0000","20575.0000","20615.0000","20540.0000","20895.0000","20435.0000","20615.0000"," ","0.0000","0.0000","419800","8677393500","20670.3037"
"20210721","01","11","    98500","JP3274200009","944.0000","961.0000","940.0000","956.0000","953.0000","961.0000","952.0000","956.0000","944.0000","961.0000","940.0000","956.0000"," ","0.0000","0.0000","124300","117668000","946.6452"
"20210721","01","11","    98540","JP3101000002","227.0000","227.0000","226.0000","226.0000","226.0000","227.0000","226.0000","227.0000","227.0000","227.0000","226.0000","227.0000"," ","0.0000","0.0000","4900","1110600","226.6531"
"20210721","01","11","    98560","JP3277300004","1007.0000","1018.0000","1000.0000","1018.0000","1018.0000","1023.0000","1003.0000","1022.0000","1007.0000","1023.0000","1000.0000","1022.0000"," ","0.0000","0.0000","26500","26852600","1013.3057"
"20210721","01","11","    98610","JP3958000006","2072.0000","2080.0000","2053.0000","2053.0000","2055.0000","2058.0000","2044.0000","2045.0000","2072.0000","2080.0000","2044.0000","2045.0000"," ","0.0000","0.0000","287500","591789200","2058.3972"
"20210721","01","11","    98690","JP3213300001","3305.0000","3360.0000","3305.0000","3340.0000","3350.0000","3350.0000","3330.0000","3340.0000","3305.0000","3360.0000","3305.0000","3340.0000"," ","0.0000","0.0000","16000","53406500","3337.9063"
"20210721","01","11","    98720","JP3237400001","977.0000","980.0000","973.0000","980.0000","980.0000","983.0000","980.0000","983.0000","977.0000","983.0000","973.0000","983.0000"," ","0.0000","0.0000","7600","7437700","978.6447"
"20210721","01","11","    98800","JP3147800001","1350.0000","1352.0000","1331.0000","1331.0000","1330.0000","1331.0000","1321.0000","1327.0000","1350.0000","1352.0000","1321.0000","1327.0000"," ","0.0000","0.0000","29900","39801700","1331.1605"
"20210721","01","11","    98820","JP3131350005","2030.0000","2048.0000","2023.0000","2041.0000","2035.0000","2046.0000","2033.0000","2035.0000","2030.0000","2048.0000","2023.0000","2035.0000"," ","0.0000","0.0000","111200","226536800","2037.2014"
"20210721","01","11","    98870","JP3869800007","3570.0000","3570.0000","3545.0000","3555.0000","3570.0000","3600.0000","3550.0000","3600.0000","3570.0000","3600.0000","3545.0000","3600.0000"," ","0.0000","0.0000","16800","60119500","3578.5417"
"20210721","01","11","    98890","JP3746800006","1470.0000","1475.0000","1462.0000","1467.0000","1461.0000","1469.0000","1456.0000","1468.0000","1470.0000","1475.0000","1456.0000","1468.0000"," ","0.0000","0.0000","31200","45815400","1468.4423"
"20210721","01","11","    98960","JP3389570007","808.0000","808.0000","796.0000","796.0000","802.0000","804.0000","798.0000","802.0000","808.0000","808.0000","796.0000","802.0000"," ","0.0000","0.0000","18600","14958800","804.2366"
"20210721","01","11","    99000","JP3316200009","1015.0000","1015.0000","1008.0000","1009.0000","1009.0000","1011.0000","1007.0000","1008.0000","1015.0000","1015.0000","1007.0000","1008.0000"," ","0.0000","0.0000","292000","295886300","1013.3092"
"20210721","01","11","    99020","JP3661950000","2150.0000","2167.0000","2144.0000","2154.0000","2154.0000","2157.0000","2137.0000","2145.0000","2150.0000","2167.0000","2137.0000","2145.0000"," ","0.0000","0.0000","12800","27504300","2148.7734"
"20210721","01","11","    99190","JP3227900002","996.0000","1007.0000","996.0000","1000.0000","998.0000","1009.0000","998.0000","1009.0000","996.0000","1009.0000","996.0000","1009.0000"," ","0.0000","0.0000","11200","11254800","1004.8929"
"20210721","01","11","    99280","JP3910700008","1623.0000","1645.0000","1616.0000","1633.0000","1630.0000","1647.0000","1630.0000","1639.0000","1623.0000","1647.0000","1616.0000","1639.0000"," ","0.0000","0.0000","65800","107582200","1634.9878"
"20210721","01","11","    99300","JP3237600006","249.0000","249.0000","248.0000","249.0000","249.0000","249.0000","248.0000","249.0000","249.0000","249.0000","248.0000","249.0000"," ","0.0000","0.0000","17200","4271900","248.3663"
"20210721","01","11","    99320","JP3397050000","2289.0000","2289.0000","2277.0000","2277.0000","2268.0000","2294.0000","2268.0000","2294.0000","2289.0000","2294.0000","2268.0000","2294.0000"," ","0.0000","0.0000","4200","9603300","2286.5000"
"20210721","01","11","    99340","JP3146200005","2615.0000","2660.0000","2615.0000","2635.0000","2646.0000","2669.0000","2635.0000","2642.0000","2615.0000","2669.0000","2615.0000","2642.0000"," ","0.0000","0.0000","71800","190075500","2647.2911"
"20210721","01","11","    99360","JP3174300008","5820.0000","5820.0000","5780.0000","5780.0000","5800.0000","5800.0000","5770.0000","5780.0000","5820.0000","5820.0000","5770.0000","5780.0000"," ","0.0000","0.0000","16300","94554000","5800.8589"
"20210721","01","11","    99450","JP3833700002","2101.0000","2116.0000","2079.0000","2109.0000","2114.0000","2128.0000","2100.0000","2101.0000","2101.0000","2128.0000","2079.0000","2101.0000"," ","0.0000","0.0000","95800","202030200","2108.8747"
"20210721","01","11","    99460","JP3905950006","1410.0000","1414.0000","1401.0000","1403.0000","1405.0000","1414.0000","1403.0000","1413.0000","1410.0000","1414.0000","1401.0000","1413.0000"," ","0.0000","0.0000","82400","116146300","1409.5425"
"20210721","01","11","    99480","JP3968600001","2205.0000","2226.0000","2194.0000","2197.0000","2202.0000","2213.0000","2199.0000","2211.0000","2205.0000","2226.0000","2194.0000","2211.0000"," ","0.0000","0.0000","59400","131202600","2208.7980"
"20210721","01","11","    99560","JP3778400006","2260.0000","2293.0000","2250.0000","2284.0000","2290.0000","2304.0000","2281.0000","2302.0000","2260.0000","2304.0000","2250.0000","2302.0000"," ","0.0000","0.0000","139800","320064100","2289.4428"
"20210721","01","11","    99600","JP3595300009","2650.0000","2658.0000","2634.0000","2634.0000","2647.0000","2647.0000","2628.0000","2645.0000","2650.0000","2658.0000","2628.0000","2645.0000"," ","0.0000","0.0000","9300","24593600","2644.4731"
"20210721","01","11","    99620","JP3885400006","3840.0000","3870.0000","3810.0000","3815.0000","3820.0000","3835.0000","3805.0000","3825.0000","3840.0000","3870.0000","3805.0000","3825.0000"," ","0.0000","0.0000","542700","2078725000","3830.3390"
"20210721","01","11","    99660","JP3810200000","713.0000","716.0000","710.0000","710.0000","710.0000","710.0000","708.0000","708.0000","713.0000","716.0000","708.0000","708.0000"," ","0.0000","0.0000","9100","6467500","710.7143"
"20210721","01","11","    99720","JP3126150006","325.0000","325.0000","317.0000","317.0000","316.0000","317.0000","314.0000","314.0000","325.0000","325.0000","314.0000","314.0000"," ","0.0000","0.0000","53600","17103800","319.1007"
"20210721","01","11","    99740","JP3835700000","4965.0000","5050.0000","4950.0000","5000.0000","5000.0000","5030.0000","4985.0000","5030.0000","4965.0000","5050.0000","4950.0000","5030.0000"," ","0.0000","0.0000","44700","223767500","5005.9843"
"20210721","01","11","    99790","JP3484000009","1003.0000","1014.0000","1002.0000","1002.0000","1000.0000","1004.0000","995.0000","995.0000","1003.0000","1014.0000","995.0000","995.0000"," ","0.0000","0.0000","33000","33100500","1003.0455"
"20210721","01","11","    99820","JP3462100003","1885.0000","1885.0000","1869.0000","1874.0000","1866.0000","1869.0000","1857.0000","1860.0000","1885.0000","1885.0000","1857.0000","1860.0000"," ","0.0000","0.0000","11400","21406800","1877.7895"
"20210721","01","11","    99830","JP3802300008","76650.0000","76960.0000","75220.0000","75420.0000","75440.0000","75530.0000","74860.0000","75120.0000","76650.0000","76960.0000","74860.0000","75120.0000"," ","0.0000","0.0000","567900","43022853000","75757.7971"
"20210721","01","11","    99840","JP3436100006","7365.0000","7396.0000","7268.0000","7274.0000","7280.0000","7289.0000","7221.0000","7261.0000","7365.0000","7396.0000","7221.0000","7261.0000"," ","0.0000","0.0000","7053300","51540927400","7307.3494"
"20210721","01","11","    99860","JP3345700003","1520.0000","1527.0000","1516.0000","1527.0000","1521.0000","1564.0000","1521.0000","1543.0000","1520.0000","1564.0000","1516.0000","1543.0000"," ","0.0000","0.0000","15600","23913400","1532.9103"
"20210721","01","11","    99870","JP3398000004","3290.0000","3315.0000","3250.0000","3270.0000","3285.0000","3285.0000","3265.0000","3270.0000","3290.0000","3315.0000","3250.0000","3270.0000"," ","0.0000","0.0000","205500","673647500","3278.0900"
"20210721","01","11","    99890","JP3336600006","3655.0000","3680.0000","3640.0000","3655.0000","3670.0000","3680.0000","3655.0000","3660.0000","3655.0000","3680.0000","3640.0000","3660.0000"," ","0.0000","0.0000","420100","1539522500","3664.6572"
"20210721","01","11","    99900","JP3584700003","596.0000","604.0000","596.0000","600.0000","599.0000","606.0000","599.0000","606.0000","596.0000","606.0000","596.0000","606.0000"," ","0.0000","0.0000","49100","29542800","601.6864"
"20210721","01","11","    99910","JP3225500002","893.0000","902.0000","890.0000","890.0000","893.0000","893.0000","886.0000","888.0000","893.0000","902.0000","886.0000","888.0000"," ","0.0000","0.0000","17800","15892400","892.8315"
"20210721","01","11","    99930","JP3935800007","1698.0000","1705.0000","1698.0000","1705.0000","1705.0000","1705.0000","1701.0000","1705.0000","1698.0000","1705.0000","1698.0000","1705.0000"," ","0.0000","0.0000","2800","4760100","1700.0357"
"20210721","01","11","    99940","JP3943800007","2335.0000","2335.0000","2320.0000","2320.0000","2320.0000","2320.0000","2307.0000","2307.0000","2335.0000","2335.0000","2307.0000","2307.0000"," ","0.0000","0.0000","12600","29318800","2326.8889"
"20210721","01","11","    99950","JP3130600004","438.0000","438.0000","433.0000","433.0000","435.0000","435.0000","433.0000","435.0000","438.0000","438.0000","433.0000","435.0000"," ","0.0000","0.0000","22100","9598800","434.3348"
"20210721","01","11","    99970","JP3835650007","918.0000","923.0000","910.0000","912.0000","912.0000","919.0000","908.0000","919.0000","918.0000","923.0000","908.0000","919.0000"," ","0.0000","0.0000","407900","373383800","915.3807"
"20210721","01","12","    13190","JP3013190008","370.0000","370.0000","370.0000","370.0000","370.0000","370.0000","370.0000","370.0000","370.0000","370.0000","370.0000","370.0000"," ","0.0000","0.0000","2000","740000","370.0000"
"20210721","01","12","    13800","JP3107400008","1124.0000","1125.0000","1124.0000","1125.0000","1110.0000","1111.0000","1100.0000","1100.0000","1124.0000","1125.0000","1100.0000","1100.0000"," ","0.0000","0.0000","2200","2442300","1110.1364"
"20210721","01","12","    13810","JP3108030002","3145.0000","3145.0000","3145.0000","3145.0000","3150.0000","3170.0000","3140.0000","3155.0000","3145.0000","3170.0000","3140.0000","3155.0000"," ","0.0000","0.0000","3300","10402000","3152.1212"
"20210721","01","12","    13820","JP3837630007","980.0000","987.0000","980.0000","987.0000","987.0000","989.0000","980.0000","980.0000","980.0000","989.0000","980.0000","980.0000"," ","0.0000","0.0000","1800","1774200","985.6667"
"20210721","01","12","    13830","JP3835730007","2439.0000","2445.0000","2428.0000","2430.0000","0.0000","0.0000","0.0000","0.0000","2439.0000","2445.0000","2428.0000","2430.0000"," ","0.0000","0.0000","1100","2680300","2436.6364"
"20210721","01","12","    14000","JP3124750005","308.0000","310.0000","308.0000","310.0000","310.0000","310.0000","306.0000","307.0000","308.0000","310.0000","306.0000","307.0000"," ","0.0000","0.0000","7300","2252300","308.5342"
"20210721","01","12","    14010","JP3167660004","572.0000","577.0000","566.0000","566.0000","566.0000","569.0000","566.0000","567.0000","572.0000","577.0000","566.0000","567.0000"," ","0.0000","0.0000","15000","8531500","568.7667"
"20210721","01","12","    14070","JP3154750008","4390.0000","4480.0000","4340.0000","4460.0000","4455.0000","4490.0000","4405.0000","4490.0000","4390.0000","4490.0000","4340.0000","4490.0000"," ","0.0000","0.0000","613000","2715210000","4429.3801"
"20210721","01","12","    14180","JP3152860007","208.0000","211.0000","208.0000","210.0000","210.0000","210.0000","209.0000","209.0000","208.0000","211.0000","208.0000","209.0000"," ","0.0000","0.0000","9200","1926000","209.3478"
"20210721","01","12","    14310","JP3162680007","879.0000","879.0000","870.0000","874.0000","874.0000","875.0000","868.0000","872.0000","879.0000","879.0000","868.0000","872.0000"," ","0.0000","0.0000","18300","15975900","873.0000"
"20210721","01","12","    14320","JP3397900006","0.0000","0.0000","0.0000","0.0000","0.0000","0.0000","0.0000","0.0000","0.0000","0.0000","0.0000","0.0000"," ","0.0000","0.0000","0","0","0.0000"
"20210721","01","12","    14340","JP3386570000","555.0000","555.0000","545.0000","545.0000","545.0000","553.0000","542.0000","548.0000","555.0000","555.0000","542.0000","548.0000"," ","0.0000","0.0000","43900","24135200","549.7768"
"20210721","01","12","    14360","JP3802980007","888.0000","891.0000","883.0000","884.0000","883.0000","883.0000","876.0000","879.0000","888.0000","891.0000","876.0000","879.0000"," ","0.0000","0.0000","3700","3265100","882.4595"
"20210721","01","12","    14390","JP3931750008","1135.0000","1150.0000","1125.0000","1150.0000","1155.0000","1163.0000","1155.0000","1162.0000","1135.0000","1163.0000","1125.0000","1162.0000"," ","0.0000","0.0000","3100","3553700","1146.3548"
"20210721","01","12","    14400","JP3937000002","0.0000","0.0000","0.0000","0.0000","0.0000","0.0000","0.0000","0.0000","0.0000","0.0000","0.0000","0.0000"," ","0.0000","0.0000","0","0","0.0000"
"20210721","01","12","    14430","JP3264300009","284.0000","284.0000","282.0000","282.0000","282.0000","283.0000","282.0000","283.0000","284.0000","284.0000","282.0000","283.0000"," ","0.0000","0.0000","53100","14983500","282.1751"
"20210721","01","12","    14450","JP3783430006","0.0000","0.0000","0.0000","0.0000","0.0000","0.0000","0.0000","0.0000","0.0000","0.0000","0.0000","0.0000"," ","0.0000","0.0000","0","0","0.0000"
"20210721","01","12","    14470","JP3104860006","470.0000","485.0000","470.0000","476.0000","474.0000","476.0000","471.0000","472.0000","470.0000","485.0000","470.0000","472.0000"," ","0.0000","0.0000","419300","200445900","478.0489"
"20210721","01","12","    14500","JP3468860006","2377.0000","2377.0000","2327.0000","2374.0000","2362.0000","2362.0000","2331.0000","2331.0000","2377.0000","2377.0000","2327.0000","2331.0000"," ","0.0000","0.0000","1700","4019900","2364.6471"
"20210721","01","12","    14510","JP3277630004","667.0000","669.0000","650.0000","650.0000","650.0000","655.0000","640.0000","654.0000","667.0000","669.0000","640.0000","654.0000"," ","0.0000","0.0000","58600","38001700","648.4932"
"20210721","01","12","    14520","JP3956650000","0.0000","0.0000","0.0000","0.0000","0.0000","0.0000","0.0000","0.0000","0.0000","0.0000","0.0000","0.0000"," ","0.0000","0.0000","0","0","0.0000"
"20210721","01","12","    14910","JP3519000008","32.0000","32.0000","30.0000","30.0000","31.0000","31.0000","30.0000","31.0000","32.0000","32.0000","30.0000","31.0000"," ","0.0000","0.0000","1563800","48360400","30.9249"
"20210721","01","12","    17110","JP3363000005","457.0000","464.0000","457.0000","463.0000","461.0000","465.0000","457.0000","460.0000","457.0000","465.0000","457.0000","460.0000"," ","0.0000","0.0000","16700","7715700","462.0180"
"20210721","01","12","    17180","JP3882700002","4020.0000","4040.0000","4020.0000","4040.0000","4040.0000","4040.0000","4040.0000","4040.0000","4020.0000","4040.0000","4020.0000","4040.0000"," ","0.0000","0.0000","300","1210000","4033.3333"
"20210721","01","12","    17230","JP3734350006","4170.0000","4170.0000","4095.0000","4095.0000","4025.0000","4060.0000","3970.0000","3980.0000","4170.0000","4170.0000","3970.0000","3980.0000"," ","0.0000","0.0000","27200","112232000","4126.1765"
"20210721","01","12","    17240","JP3372200000","1172.0000","1235.0000","1156.0000","1219.0000","1219.0000","1223.0000","1190.0000","1209.0000","1172.0000","1235.0000","1156.0000","1209.0000"," ","0.0000","0.0000","94700","113999500","1203.7962"
"20210721","01","12","    17280","JP3884490008","319.0000","319.0000","319.0000","319.0000","0.0000","0.0000","0.0000","0.0000","319.0000","319.0000","319.0000","319.0000"," ","0.0000","0.0000","2700","861300","319.0000"
"20210721","01","12","    17300","JP3119990004","596.0000","599.0000","596.0000","599.0000","597.0000","599.0000","593.0000","599.0000","596.0000","599.0000","593.0000","599.0000"," ","0.0000","0.0000","5000","2982100","596.4200"
"20210721","01","12","    17360","JP3172410007","2750.0000","2750.0000","2695.0000","2695.0000","2720.0000","2720.0000","2720.0000","2720.0000","2750.0000","2750.0000","2695.0000","2720.0000"," ","0.0000","0.0000","9200","25283800","2748.2391"
"20210721","01","12","    17370","JP3888350000","1002.0000","1003.0000","996.0000","1003.0000","995.0000","1003.0000","995.0000","999.0000","1002.0000","1003.0000","995.0000","999.0000"," ","0.0000","0.0000","3800","3792300","997.9737"
"20210721","01","12","    17390","JP3347010005","831.0000","834.0000","818.0000","818.0000","818.0000","828.0000","816.0000","827.0000","831.0000","834.0000","816.0000","827.0000"," ","0.0000","0.0000","35100","28958600","825.0313"
"20210721","01","12","    17430","JP3283450009","0.0000","0.0000","0.0000","0.0000","5020.0000","5020.0000","5020.0000","5020.0000","5020.0000","5020.0000","5020.0000","5020.0000"," ","0.0000","0.0000","100","502000","5020.0000"
"20210721","01","12","    17570","JP3236100008","68.0000","69.0000","68.0000","68.0000","68.0000","69.0000","67.0000","68.0000","68.0000","69.0000","67.0000","68.0000"," ","0.0000","0.0000","707400","48258800","68.2200"
"20210721","01","12","    17580","JP3450200005","0.0000","0.0000","0.0000","0.0000","5060.0000","5080.0000","5050.0000","5080.0000","5060.0000","5080.0000","5050.0000","5080.0000"," ","0.0000","0.0000","300","1519000","5063.3333"
"20210721","01","12","    17640","JP3266150006","2197.0000","2197.0000","2142.0000","2150.0000","2150.0000","2181.0000","2150.0000","2181.0000","2197.0000","2197.0000","2142.0000","2181.0000"," ","0.0000","0.0000","600","1297200","2162.0000"
"20210721","01","12","    17700","JP3816750008","1071.0000","1090.0000","1069.0000","1078.0000","1071.0000","1081.0000","1068.0000","1068.0000","1071.0000","1090.0000","1068.0000","1068.0000"," ","0.0000","0.0000","5600","6010000","1073.2143"
"20210721","01","12","    17750","JP3820550006","2710.0000","2710.0000","2690.0000","2690.0000","2695.0000","2695.0000","2675.0000","2688.0000","2710.0000","2710.0000","2675.0000","2688.0000"," ","0.0000","0.0000","5700","15365200","2695.6491"
"20210721","01","12","    17760","JP3892200001","1001.0000","1016.0000","1001.0000","1001.0000","1012.0000","1012.0000","1001.0000","1001.0000","1001.0000","1016.0000","1001.0000","1001.0000"," ","0.0000","0.0000","1400","1409200","1006.5714"
"20210721","01","12","    17830","JP3653550008","47.0000","48.0000","47.0000","48.0000","47.0000","48.0000","47.0000","48.0000","47.0000","48.0000","47.0000","48.0000"," ","0.0000","0.0000","46200","2174700","47.0714"
"20210721","01","12","    17870","JP3644600003","6640.0000","6680.0000","6620.0000","6650.0000","6620.0000","6630.0000","6620.0000","6630.0000","6640.0000","6680.0000","6620.0000","6630.0000"," ","0.0000","0.0000","3100","20561000","6632.5806"
"20210721","01","12","    17880","JP3336500008","0.0000","0.0000","0.0000","0.0000","0.0000","0.0000","0.0000","0.0000","0.0000","0.0000","0.0000","0.0000"," ","0.0000","0.0000","0","0","0.0000"
"20210721","01","12","    17890","JP3934500004","1013.0000","1020.0000","999.0000","999.0000","999.0000","1006.0000","998.0000","1000.0000","1013.0000","1020.0000","998.0000","1000.0000"," ","0.0000","0.0000","66000","66319500","1004.8409"
"20210721","01","12","    17930","JP3190500003","5690.0000","5690.0000","5690.0000","5690.0000","5530.0000","5560.0000","5490.0000","5560.0000","5690.0000","5690.0000","5490.0000","5560.0000"," ","0.0000","0.0000","4900","27768000","5666.9388"
"20210721","01","12","    17950","JP3863100008","0.0000","0.0000","0.0000","0.0000","0.0000","0.0000","0.0000","0.0000","0.0000","0.0000","0.0000","0.0000"," ","0.0000","0.0000","0","0","0.0000"
"20210721","01","12","    17980","JP3927400006","2180.0000","2180.0000","2130.0000","2132.0000","2158.0000","2158.0000","2158.0000","2158.0000","2180.0000","2180.0000","2130.0000","2158.0000"," ","0.0000","0.0000","700","1505500","2150.7143"
"20210721","01","12","    17990","JP3474610007","2129.0000","2129.0000","2122.0000","2122.0000","2122.0000","2150.0000","2101.0000","2150.0000","2129.0000","2150.0000","2101.0000","2150.0000"," ","0.0000","0.0000","1100","2341500","2128.6364"
"20210721","01","12","    18070","JP3993800006","3235.0000","3235.0000","3170.0000","3170.0000","0.0000","0.0000","0.0000","0.0000","3235.0000","3235.0000","3170.0000","3170.0000"," ","0.0000","0.0000","2100","6780500","3228.8095"
"20210721","01","12","    18280","JP3468900000","884.0000","890.0000","884.0000","887.0000","890.0000","890.0000","885.0000","885.0000","884.0000","890.0000","884.0000","885.0000"," ","0.0000","0.0000","2200","1953200","887.8182"
"20210721","01","12","    18400","JP3533300004","178.0000","178.0000","176.0000","177.0000","177.0000","178.0000","176.0000","178.0000","178.0000","178.0000","176.0000","178.0000"," ","0.0000","0.0000","55100","9759600","177.1252"
"20210721","01","12","    18410","JP3337200004","893.0000","893.0000","893.0000","893.0000","0.0000","0.0000","0.0000","0.0000","893.0000","893.0000","893.0000","893.0000"," ","0.0000","0.0000","1600","1428800","893.0000"
"20210721","01","12","    18440","JP3190600001","211.0000","211.0000","209.0000","210.0000","211.0000","211.0000","209.0000","209.0000","211.0000","211.0000","209.0000","209.0000"," ","0.0000","0.0000","22700","4769200","210.0969"
"20210721","01","12","    18500","JP3652600002","324.0000","324.0000","315.0000","320.0000","323.0000","325.0000","323.0000","325.0000","324.0000","325.0000","315.0000","325.0000"," ","0.0000","0.0000","8000","2575500","321.9375"
"20210721","01","12","    18530","JP3923600005","314.0000","314.0000","309.0000","309.0000","309.0000","311.0000","308.0000","309.0000","314.0000","314.0000","308.0000","309.0000"," ","0.0000","0.0000","30000","9354400","311.8133"
"20210721","01","12","    18970","JP3216600001","3595.0000","3665.0000","3595.0000","3665.0000","0.0000","0.0000","0.0000","0.0000","3595.0000","3665.0000","3595.0000","3665.0000"," ","0.0000","0.0000","200","726000","3630.0000"
"20210721","01","12","    19040","JP3443000009","1985.0000","1985.0000","1970.0000","1973.0000","1973.0000","1976.0000","1970.0000","1970.0000","1985.0000","1985.0000","1970.0000","1970.0000"," ","0.0000","0.0000","13500","26753300","1981.7259"
"20210721","01","12","    19050","JP3545800009","878.0000","886.0000","875.0000","883.0000","880.0000","883.0000","880.0000","883.0000","878.0000","886.0000","875.0000","883.0000"," ","0.0000","0.0000","8400","7390100","879.7738"
"20210721","01","12","    19480","JP3288600004","4960.0000","4960.0000","4960.0000","4960.0000","4985.0000","5040.0000","4985.0000","5030.0000","4960.0000","5040.0000","4960.0000","5030.0000"," ","0.0000","0.0000","1000","5012500","5012.5000"
"20210721","01","12","    19600","JP3335400002","682.0000","697.0000","682.0000","697.0000","695.0000","711.0000","694.0000","711.0000","682.0000","711.0000","682.0000","711.0000"," ","0.0000","0.0000","7600","5310100","698.6974"
"20210721","01","12","    19650","JP3545040002","919.0000","919.0000","884.0000","889.0000","900.0000","902.0000","884.0000","885.0000","919.0000","919.0000","884.0000","885.0000"," ","0.0000","0.0000","27800","25217000","907.0863"
"20210721","01","12","    19660","JP3457600009","671.0000","673.0000","664.0000","665.0000","665.0000","667.0000","664.0000","665.0000","671.0000","673.0000","664.0000","665.0000"," ","0.0000","0.0000","15900","10623200","668.1258"
"20210721","01","12","    19710","JP3518200005","623.0000","624.0000","623.0000","624.0000","614.0000","614.0000","614.0000","614.0000","623.0000","624.0000","614.0000","614.0000"," ","0.0000","0.0000","1500","926600","617.7333"
"20210721","01","12","    19810","JP3254800000","1191.0000","1192.0000","1191.0000","1192.0000","0.0000","0.0000","0.0000","0.0000","1191.0000","1192.0000","1191.0000","1192.0000"," ","0.0000","0.0000","3400","4052000","1191.7647"
"20210721","01","12","    19920","JP3230000006","960.0000","965.0000","960.0000","965.0000","954.0000","976.0000","954.0000","976.0000","960.0000","976.0000","954.0000","976.0000"," ","0.0000","0.0000","1100","1059500","963.1818"
"20210721","01","12","    19940","JP3457800005","681.0000","681.0000","674.0000","678.0000","677.0000","677.0000","675.0000","675.0000","681.0000","681.0000","674.0000","675.0000"," ","0.0000","0.0000","2600","1765600","679.0769"
"20210721","01","12","    19970","JP3131000006","1613.0000","1620.0000","1613.0000","1620.0000","0.0000","0.0000","0.0000","0.0000","1613.0000","1620.0000","1613.0000","1620.0000"," ","0.0000","0.0000","2200","3556200","1616.4545"
"20210721","01","12","    20550","JP3666400001","326.0000","326.0000","326.0000","326.0000","326.0000","326.0000","325.0000","326.0000","326.0000","326.0000","325.0000","326.0000"," ","0.0000","0.0000","4200","1368900","325.9286"
"20210721","01","12","    21140","JP3722200007","553.0000","554.0000","553.0000","553.0000","555.0000","555.0000","553.0000","553.0000","553.0000","555.0000","553.0000","553.0000"," ","0.0000","0.0000","2000","1106600","553.3000"
"20210721","01","12","    21220","JP3152830000","1037.0000","1037.0000","1015.0000","1015.0000","1050.0000","1057.0000","1033.0000","1057.0000","1037.0000","1057.0000","1015.0000","1057.0000"," ","0.0000","0.0000","2500","2615300","1046.1200"
"20210721","01","12","    21340","JP3325800005","34.0000","35.0000","34.0000","34.0000","34.0000","36.0000","34.0000","35.0000","34.0000","36.0000","34.0000","35.0000"," ","0.0000","0.0000","510500","17782100","34.8327"
"20210721","01","12","    21360","JP3791970001","807.0000","810.0000","807.0000","807.0000","813.0000","813.0000","813.0000","813.0000","807.0000","813.0000","807.0000","813.0000"," ","0.0000","0.0000","2800","2261600","807.7143"
"20210721","01","12","    21380","JP3155270006","1896.0000","1932.0000","1896.0000","1914.0000","1912.0000","1914.0000","1892.0000","1893.0000","1896.0000","1932.0000","1892.0000","1893.0000"," ","0.0000","0.0000","16200","30962100","1911.2407"
"20210721","01","12","    21500","JP3277550004","7800.0000","8210.0000","7750.0000","8150.0000","8160.0000","8250.0000","8100.0000","8170.0000","7800.0000","8250.0000","7750.0000","8170.0000"," ","0.0000","0.0000","250200","2024574000","8091.8225"
"20210721","01","12","    21520","JP3953750001","1079.0000","1079.0000","1046.0000","1051.0000","1051.0000","1056.0000","1045.0000","1056.0000","1079.0000","1079.0000","1045.0000","1056.0000"," ","0.0000","0.0000","12500","13376100","1070.0880"
"20210721","01","12","    21560","JP3413200001","297.0000","297.0000","297.0000","297.0000","297.0000","297.0000","296.0000","296.0000","297.0000","297.0000","296.0000","296.0000"," ","0.0000","0.0000","400","118700","296.7500"
"20210721","01","12","    21580","JP3944630007","1217.0000","1230.0000","1201.0000","1205.0000","1203.0000","1214.0000","1183.0000","1190.0000","1217.0000","1230.0000","1183.0000","1190.0000"," ","0.0000","0.0000","574200","690360500","1202.2997"
"20210721","01","12","    21590","JP3828200000","400.0000","400.0000","397.0000","398.0000","398.0000","398.0000","397.0000","397.0000","400.0000","400.0000","397.0000","397.0000"," ","0.0000","0.0000","4200","1673300","398.4048"
"20210721","01","12","    21600","JP3386370005","1933.0000","1954.0000","1922.0000","1929.0000","1924.0000","1925.0000","1903.0000","1912.0000","1933.0000","1954.0000","1903.0000","1912.0000"," ","0.0000","0.0000","463500","891013100","1922.3584"
"20210721","01","12","    21620","JP3750800009","397.0000","404.0000","393.0000","399.0000","400.0000","400.0000","393.0000","400.0000","397.0000","404.0000","393.0000","400.0000"," ","0.0000","0.0000","144900","57635200","397.7585"
"20210721","01","12","    21640","JP3507500001","720.0000","720.0000","720.0000","720.0000","0.0000","0.0000","0.0000","0.0000","720.0000","720.0000","720.0000","720.0000"," ","0.0000","0.0000","400","288000","720.0000"
"20210721","01","12","    21730","JP3766300002","477.0000","477.0000","463.0000","470.0000","467.0000","468.0000","464.0000","468.0000","477.0000","477.0000","463.0000","468.0000"," ","0.0000","0.0000","18400","8694500","472.5272"
"20210721","01","12","    21760","JP3146300003","709.0000","711.0000","709.0000","711.0000","713.0000","714.0000","713.0000","713.0000","709.0000","714.0000","709.0000","713.0000"," ","0.0000","0.0000","2900","2064200","711.7931"
"20210721","01","12","    21780","JP3635480001","401.0000","405.0000","401.0000","401.0000","402.0000","405.0000","402.0000","402.0000","401.0000","405.0000","401.0000","402.0000"," ","0.0000","0.0000","14200","5715000","402.4648"
"20210721","01","12","    21790","JP3414400006","800.0000","800.0000","799.0000","800.0000","799.0000","799.0000","798.0000","799.0000","800.0000","800.0000","798.0000","799.0000"," ","0.0000","0.0000","2700","2157500","799.0741"
"20210721","01","12","    21850","JP3347170007","2845.0000","2875.0000","2838.0000","2859.0000","2859.0000","2875.0000","2833.0000","2833.0000","2845.0000","2875.0000","2833.0000","2833.0000"," ","0.0000","0.0000","8400","24047700","2862.8214"
"20210721","01","12","    21860","JP3431520000","1063.0000","1071.0000","1063.0000","1070.0000","1070.0000","1073.0000","1065.0000","1066.0000","1063.0000","1073.0000","1063.0000","1066.0000"," ","0.0000","0.0000","4000","4273300","1068.3250"
"20210721","01","12","    21910","JP3545900007","230.0000","244.0000","217.0000","217.0000","217.0000","222.0000","212.0000","212.0000","230.0000","244.0000","212.0000","212.0000"," ","0.0000","0.0000","2733900","618401400","226.1975"
"20210721","01","12","    21950","JP3124440003","0.0000","0.0000","0.0000","0.0000","2829.0000","2829.0000","2829.0000","2829.0000","2829.0000","2829.0000","2829.0000","2829.0000"," ","0.0000","0.0000","100","282900","2829.0000"
"20210721","01","12","    22080","JP3831400001","2360.0000","2391.0000","2330.0000","2349.0000","2331.0000","2413.0000","2331.0000","2408.0000","2360.0000","2413.0000","2330.0000","2408.0000"," ","0.0000","0.0000","19400","46076500","2375.0773"
"20210721","01","12","    22160","JP3233400005","1474.0000","1474.0000","1472.0000","1472.0000","1474.0000","1477.0000","1474.0000","1475.0000","1474.0000","1477.0000","1472.0000","1475.0000"," ","0.0000","0.0000","700","1032100","1474.4286"
"20210721","01","12","    22210","JP3152200006","3955.0000","3960.0000","3955.0000","3960.0000","3960.0000","3965.0000","3960.0000","3965.0000","3955.0000","3965.0000","3955.0000","3965.0000"," ","0.0000","0.0000","700","2772000","3960.0000"
"20210721","01","12","    22240","JP3305700001","2598.0000","2598.0000","2593.0000","2593.0000","2593.0000","2593.0000","2593.0000","2593.0000","2598.0000","2598.0000","2593.0000","2593.0000"," ","0.0000","0.0000","700","1815800","2594.0000"
"20210721","01","12","    22260","JP3829100001","5050.0000","5060.0000","5050.0000","5060.0000","0.0000","0.0000","0.0000","0.0000","5050.0000","5060.0000","5050.0000","5060.0000"," ","0.0000","0.0000","300","1516000","5053.3333"
"20210721","01","12","    22300","JP3309020000","0.0000","0.0000","0.0000","0.0000","0.0000","0.0000","0.0000","0.0000","0.0000","0.0000","0.0000","0.0000"," ","0.0000","0.0000","0","0","0.0000"
"20210721","01","12","    22680","JP3799600006","4080.0000","4085.0000","4015.0000","4035.0000","4035.0000","4040.0000","4035.0000","4035.0000","4080.0000","4085.0000","4015.0000","4035.0000"," ","0.0000","0.0000","4000","16227000","4056.7500"
"20210721","01","12","    22910","JP3806600007","0.0000","0.0000","0.0000","0.0000","0.0000","0.0000","0.0000","0.0000","0.0000","0.0000","0.0000","0.0000"," ","0.0000","0.0000","0","0","0.0000"
"20210721","01","12","    22930","JP3462000005","0.0000","0.0000","0.0000","0.0000","3000.0000","3000.0000","3000.0000","3000.0000","3000.0000","3000.0000","3000.0000","3000.0000"," ","0.0000","0.0000","100","300000","3000.0000"
"20210721","01","12","    23000","JP3256850003","494.0000","494.0000","491.0000","494.0000","493.0000","494.0000","493.0000","493.0000","494.0000","494.0000","491.0000","493.0000"," ","0.0000","0.0000","3000","1479000","493.0000"
"20210721","01","12","    23030","JP3637600002","2443.0000","2476.0000","2441.0000","2441.0000","2441.0000","2444.0000","2407.0000","2407.0000","2443.0000","2476.0000","2407.0000","2407.0000"," ","0.0000","0.0000","45500","110882700","2436.9824"
"20210721","01","12","    23040","JP3425500000","275.0000","275.0000","275.0000","275.0000","276.0000","276.0000","276.0000","276.0000","275.0000","276.0000","275.0000","276.0000"," ","0.0000","0.0000","500","137600","275.2000"
"20210721","01","12","    23150","JP3333400004","179.0000","183.0000","177.0000","180.0000","181.0000","181.0000","177.0000","177.0000","179.0000","183.0000","177.0000","177.0000"," ","0.0000","0.0000","1151000","206545700","179.4489"
"20210721","01","12","    23210","JP3436190007","128.0000","131.0000","128.0000","129.0000","129.0000","131.0000","129.0000","130.0000","128.0000","131.0000","128.0000","130.0000"," ","0.0000","0.0000","116500","15115500","129.7468"
"20210721","01","12","    23230","JP3758080000","468.0000","471.0000","468.0000","471.0000","468.0000","468.0000","467.0000","467.0000","468.0000","471.0000","467.0000","467.0000"," ","0.0000","0.0000","1700","796200","468.3529"
"20210721","01","12","    23290","JP3604400006","667.0000","671.0000","661.0000","661.0000","659.0000","662.0000","659.0000","659.0000","667.0000","671.0000","659.0000","659.0000"," ","0.0000","0.0000","4400","2913300","662.1136"
"20210721","01","12","    23300","JP3802810006","106.0000","107.0000","106.0000","106.0000","106.0000","106.0000","105.0000","105.0000","106.0000","107.0000","105.0000","105.0000"," ","0.0000","0.0000","86600","9189800","106.1178"
"20210721","01","12","    23320","JP3266130008","1774.0000","1774.0000","1736.0000","1749.0000","1742.0000","1742.0000","1710.0000","1723.0000","1774.0000","1774.0000","1710.0000","1723.0000"," ","0.0000","0.0000","18100","31657800","1749.0497"
"20210721","01","12","    23340","JP3131380002","1494.0000","1498.0000","1480.0000","1498.0000","1498.0000","1498.0000","1477.0000","1477.0000","1494.0000","1498.0000","1477.0000","1477.0000"," ","0.0000","0.0000","2600","3868400","1487.8462"
"20210721","01","12","    23360","JP3818770004","0.0000","0.0000","0.0000","0.0000","0.0000","0.0000","0.0000","0.0000","0.0000","0.0000","0.0000","0.0000"," ","0.0000","0.0000","0","0","0.0000"
"20210721","01","12","    23380","JP3345580009","880.0000","880.0000","840.0000","840.0000","850.0000","870.0000","837.0000","858.0000","880.0000","880.0000","837.0000","858.0000"," ","0.0000","0.0000","28600","24426500","854.0734"
"20210721","01","12","    23400","JP3387850005","305.0000","306.0000","304.0000","304.0000","304.0000","305.0000","304.0000","304.0000","305.0000","306.0000","304.0000","304.0000"," ","0.0000","0.0000","46300","14093000","304.3844"
"20210721","01","12","    23410","JP3126180003","160.0000","161.0000","158.0000","159.0000","159.0000","160.0000","158.0000","158.0000","160.0000","161.0000","158.0000","158.0000"," ","0.0000","0.0000","105000","16765700","159.6733"
"20210721","01","12","    23420","JP3635720000","530.0000","545.0000","530.0000","535.0000","535.0000","541.0000","535.0000","537.0000","530.0000","545.0000","530.0000","537.0000"," ","0.0000","0.0000","217700","116850800","536.7515"
"20210721","01","12","    23440","JP3834050001","906.0000","906.0000","903.0000","905.0000","0.0000","0.0000","0.0000","0.0000","906.0000","906.0000","903.0000","905.0000"," ","0.0000","0.0000","500","452400","904.8000"
"20210721","01","12","    23450","JP3351020007","492.0000","501.0000","492.0000","492.0000","492.0000","493.0000","484.0000","488.0000","492.0000","501.0000","484.0000","488.0000"," ","0.0000","0.0000","53700","26328700","490.2924"
"20210721","01","12","    23490","JP3164610002","1488.0000","1501.0000","1477.0000","1500.0000","1515.0000","1516.0000","1506.0000","1516.0000","1488.0000","1516.0000","1477.0000","1516.0000"," ","0.0000","0.0000","5400","8078500","1496.0185"
"20210721","01","12","    23510","JP3122420007","1092.0000","1110.0000","1082.0000","1084.0000","1088.0000","1088.0000","1039.0000","1060.0000","1092.0000","1110.0000","1039.0000","1060.0000"," ","0.0000","0.0000","129400","138337100","1069.0657"
"20210721","01","12","    23540","JP3931800001","567.0000","568.0000","561.0000","561.0000","563.0000","564.0000","556.0000","563.0000","567.0000","568.0000","556.0000","563.0000"," ","0.0000","0.0000","38900","21860500","561.9666"
"20210721","01","12","    23700","JP3920990003","90.0000","91.0000","89.0000","90.0000","90.0000","90.0000","88.0000","89.0000","90.0000","91.0000","88.0000","89.0000"," ","0.0000","0.0000","2916500","261015500","89.4961"
"20210721","01","12","    23730","JP3277500009","893.0000","893.0000","882.0000","882.0000","882.0000","882.0000","877.0000","878.0000","893.0000","893.0000","877.0000","878.0000"," ","0.0000","0.0000","5600","4949800","883.8929"
"20210721","01","12","    23750","JP3410750008","695.0000","703.0000","694.0000","698.0000","698.0000","699.0000","692.0000","692.0000","695.0000","703.0000","692.0000","692.0000"," ","0.0000","0.0000","99700","69474400","696.8345"
"20210721","01","12","    23850","JP3431850001","431.0000","437.0000","430.0000","433.0000","433.0000","433.0000","430.0000","432.0000","431.0000","437.0000","430.0000","432.0000"," ","0.0000","0.0000","98600","42646300","432.5183"
"20210721","01","12","    23880","JP3831450006","108.0000","109.0000","106.0000","108.0000","107.0000","107.0000","106.0000","106.0000","108.0000","109.0000","106.0000","106.0000"," ","0.0000","0.0000","431900","46371700","107.3668"
"20210721","01","12","    23910","JP3833120003","1535.0000","1545.0000","1535.0000","1536.0000","1545.0000","1545.0000","1535.0000","1535.0000","1535.0000","1545.0000","1535.0000","1535.0000"," ","0.0000","0.0000","1200","1845800","1538.1667"
"20210721","01","12","    23930","JP3699800003","1682.0000","1684.0000","1660.0000","1670.0000","1672.0000","1680.0000","1662.0000","1664.0000","1682.0000","1684.0000","1660.0000","1664.0000"," ","0.0000","0.0000","6200","10403000","1677.9032"
"20210721","01","12","    23970","JP3548590003","678.0000","678.0000","668.0000","676.0000","669.0000","674.0000","669.0000","672.0000","678.0000","678.0000","668.0000","672.0000"," ","0.0000","0.0000","22500","15098200","671.0311"
"20210721","01","12","    24020","JP3124200001","607.0000","607.0000","603.0000","605.0000","603.0000","603.0000","602.0000","602.0000","607.0000","607.0000","602.0000","602.0000"," ","0.0000","0.0000","1800","1085200","602.8889"
"20210721","01","12","    24040","JP3545620001","315.0000","320.0000","312.0000","316.0000","314.0000","315.0000","311.0000","311.0000","315.0000","320.0000","311.0000","311.0000"," ","0.0000","0.0000","18600","5868100","315.4892"
"20210721","01","12","    24060","JP3126170004","528.0000","532.0000","528.0000","528.0000","528.0000","528.0000","528.0000","528.0000","528.0000","532.0000","528.0000","528.0000"," ","0.0000","0.0000","600","317300","528.8333"
"20210721","01","12","    24080","JP3277130005","338.0000","338.0000","338.0000","338.0000","338.0000","338.0000","338.0000","338.0000","338.0000","338.0000","338.0000","338.0000"," ","0.0000","0.0000","700","236600","338.0000"
"20210721","01","12","    24110","JP3282850001","320.0000","322.0000","315.0000","320.0000","318.0000","322.0000","316.0000","321.0000","320.0000","322.0000","315.0000","321.0000"," ","0.0000","0.0000","58400","18642700","319.2243"
"20210721","01","12","    24150","JP3794520001","897.0000","897.0000","893.0000","893.0000","886.0000","886.0000","881.0000","882.0000","897.0000","897.0000","881.0000","882.0000"," ","0.0000","0.0000","1100","976700","887.9091"
"20210721","01","12","    24250","JP3277450007","691.0000","699.0000","691.0000","696.0000","696.0000","699.0000","692.0000","692.0000","691.0000","699.0000","691.0000","692.0000"," ","0.0000","0.0000","3700","2571100","694.8919"
"20210721","01","12","    24350","JP3351630003","234.0000","236.0000","233.0000","236.0000","236.0000","236.0000","231.0000","231.0000","234.0000","236.0000","231.0000","231.0000"," ","0.0000","0.0000","35500","8261300","232.7127"
"20210721","01","12","    24360","JP3253500007","876.0000","907.0000","876.0000","898.0000","898.0000","901.0000","898.0000","901.0000","876.0000","907.0000","876.0000","901.0000"," ","0.0000","0.0000","4800","4298500","895.5208"
"20210721","01","12","    24370","JP3384900001","438.0000","450.0000","419.0000","424.0000","424.0000","436.0000","417.0000","431.0000","438.0000","450.0000","417.0000","431.0000"," ","0.0000","0.0000","626100","269817100","430.9489"
"20210721","01","12","    24380","JP3119670002","870.0000","874.0000","863.0000","865.0000","865.0000","870.0000","860.0000","870.0000","870.0000","874.0000","860.0000","870.0000"," ","0.0000","0.0000","57600","49928800","866.8194"
"20210721","01","12","    24490","JP3833050002","1351.0000","1389.0000","1351.0000","1354.0000","1354.0000","1369.0000","1354.0000","1369.0000","1351.0000","1389.0000","1351.0000","1369.0000"," ","0.0000","0.0000","2300","3125300","1358.8261"
"20210721","01","12","    24520","JP3306450002","0.0000","0.0000","0.0000","0.0000","0.0000","0.0000","0.0000","0.0000","0.0000","0.0000","0.0000","0.0000"," ","0.0000","0.0000","0","0","0.0000"
"20210721","01","12","    24540","JP3174050009","796.0000","798.0000","794.0000","794.0000","792.0000","796.0000","790.0000","790.0000","796.0000","798.0000","790.0000","790.0000"," ","0.0000","0.0000","6400","5076000","793.1250"
"20210721","01","12","    24590","JP3105310001","206.0000","208.0000","204.0000","208.0000","208.0000","209.0000","207.0000","209.0000","206.0000","209.0000","204.0000","209.0000"," ","0.0000","0.0000","16800","3486900","207.5536"
"20210721","01","12","    24680","JP3826260006","360.0000","360.0000","357.0000","357.0000","357.0000","358.0000","354.0000","358.0000","360.0000","360.0000","354.0000","358.0000"," ","0.0000","0.0000","8100","2887600","356.4938"
"20210721","01","12","    24690","JP3793200001","1428.0000","1428.0000","1390.0000","1400.0000","1412.0000","1416.0000","1383.0000","1385.0000","1428.0000","1428.0000","1383.0000","1385.0000"," ","0.0000","0.0000","8100","11327700","1398.4815"
"20210721","01","12","    24790","JP3386260008","203.0000","205.0000","200.0000","203.0000","202.0000","203.0000","198.0000","198.0000","203.0000","205.0000","198.0000","198.0000"," ","0.0000","0.0000","64600","12998900","201.2214"
"20210721","01","12","    24800","JP3351080001","1702.0000","1724.0000","1702.0000","1709.0000","1725.0000","1731.0000","1725.0000","1731.0000","1702.0000","1731.0000","1702.0000","1731.0000"," ","0.0000","0.0000","3000","5156100","1718.7000"
"20210721","01","12","    24810","JP3452300001","408.0000","413.0000","408.0000","412.0000","408.0000","408.0000","407.0000","407.0000","408.0000","413.0000","407.0000","407.0000"," ","0.0000","0.0000","3000","1228200","409.4000"
"20210721","01","12","    24830","JP3854900002","1479.0000","1519.0000","1479.0000","1510.0000","1501.0000","1501.0000","1490.0000","1493.0000","1479.0000","1519.0000","1479.0000","1493.0000"," ","0.0000","0.0000","5300","7945100","1499.0755"
"20210721","01","12","    24840","JP3952870008","1389.0000","1390.0000","1354.0000","1356.0000","1352.0000","1367.0000","1352.0000","1355.0000","1389.0000","1390.0000","1352.0000","1355.0000"," ","0.0000","0.0000","608400","830272100","1364.6813"
"20210721","01","12","    24880","JP3710700000","738.0000","738.0000","728.0000","730.0000","729.0000","732.0000","727.0000","729.0000","738.0000","738.0000","727.0000","729.0000"," ","0.0000","0.0000","12200","8924600","731.5246"
"20210721","01","12","    24930","JP3130420007","900.0000","901.0000","898.0000","899.0000","902.0000","902.0000","898.0000","898.0000","900.0000","902.0000","898.0000","898.0000"," ","0.0000","0.0000","2000","1798500","899.2500"
"20210721","01","12","    24970","JP3758130003","1677.0000","1683.0000","1655.0000","1661.0000","1660.0000","1675.0000","1651.0000","1675.0000","1677.0000","1683.0000","1651.0000","1675.0000"," ","0.0000","0.0000","61000","101747500","1667.9918"
"20210721","01","12","    24980","JP3121120004","2650.0000","2650.0000","2625.0000","2625.0000","2630.0000","2654.0000","2630.0000","2654.0000","2650.0000","2654.0000","2625.0000","2654.0000"," ","0.0000","0.0000","1600","4227400","2642.1250"
"20210721","01","12","    24990","JP3756080002","229.0000","229.0000","226.0000","228.0000","227.0000","227.0000","226.0000","227.0000","229.0000","229.0000","226.0000","227.0000"," ","0.0000","0.0000","8700","1985000","228.1609"
"20210721","01","12","    25730","JP3847800004","4030.0000","4045.0000","4030.0000","4045.0000","4025.0000","4025.0000","4025.0000","4025.0000","4030.0000","4045.0000","4025.0000","4025.0000"," ","0.0000","0.0000","500","2017500","4035.0000"
"20210721","01","12","    25860","JP3828300008","209.0000","212.0000","209.0000","212.0000","212.0000","212.0000","208.0000","210.0000","209.0000","212.0000","208.0000","210.0000"," ","0.0000","0.0000","405500","85141800","209.9674"
"20210721","01","12","    25880","JP3155450004","3670.0000","3670.0000","3630.0000","3660.0000","3625.0000","3660.0000","3610.0000","3610.0000","3670.0000","3670.0000","3610.0000","3610.0000"," ","0.0000","0.0000","11100","40516500","3650.1351"
"20210721","01","12","    26520","JP3879700007","644.0000","644.0000","630.0000","630.0000","627.0000","634.0000","627.0000","634.0000","644.0000","644.0000","627.0000","634.0000"," ","0.0000","0.0000","8300","5272700","635.2651"
"20210721","01","12","    26530","JP3245400001","1989.0000","1997.0000","1970.0000","1979.0000","1982.0000","1996.0000","1982.0000","1995.0000","1989.0000","1997.0000","1970.0000","1995.0000"," ","0.0000","0.0000","2200","4368600","1985.7273"
"20210721","01","12","    26540","JP3384720003","558.0000","558.0000","557.0000","557.0000","557.0000","557.0000","557.0000","557.0000","558.0000","558.0000","557.0000","557.0000"," ","0.0000","0.0000","1100","612900","557.1818"
"20210721","01","12","    26560","JP3835400007","289.0000","304.0000","286.0000","296.0000","295.0000","296.0000","286.0000","294.0000","289.0000","304.0000","286.0000","294.0000"," ","0.0000","0.0000","334600","97589100","291.6590"
"20210721","01","12","    26660","JP3172430005","124.0000","128.0000","122.0000","125.0000","125.0000","126.0000","123.0000","123.0000","124.0000","128.0000","122.0000","123.0000"," ","0.0000","0.0000","613500","76435100","124.5886"
"20210721","01","12","    26670","JP3149400008","747.0000","756.0000","742.0000","752.0000","752.0000","752.0000","740.0000","745.0000","747.0000","756.0000","740.0000","745.0000"," ","0.0000","0.0000","143600","107316200","747.3273"
"20210721","01","12","    26680","JP3506100001","1036.0000","1036.0000","1032.0000","1032.0000","0.0000","0.0000","0.0000","0.0000","1036.0000","1036.0000","1032.0000","1032.0000"," ","0.0000","0.0000","200","206800","1034.0000"
"20210721","01","12","    26690","JP3217900004","3000.0000","3010.0000","2999.0000","3000.0000","3005.0000","3010.0000","3000.0000","3005.0000","3000.0000","3010.0000","2999.0000","3005.0000"," ","0.0000","0.0000","3300","9909400","3002.8485"
"20210721","01","12","    26730","JP3952900003","147.0000","148.0000","146.0000","147.0000","145.0000","147.0000","144.0000","144.0000","147.0000","148.0000","144.0000","144.0000"," ","0.0000","0.0000","157300","22865000","145.3592"
"20210721","01","12","    26830","JP3155500006","1305.0000","1319.0000","1300.0000","1311.0000","1318.0000","1318.0000","1310.0000","1310.0000","1305.0000","1319.0000","1300.0000","1310.0000"," ","0.0000","0.0000","3500","4577900","1307.9714"
"20210721","01","12","    26930","JP3990750006","272.0000","276.0000","272.0000","274.0000","274.0000","275.0000","274.0000","275.0000","272.0000","276.0000","272.0000","275.0000"," ","0.0000","0.0000","15600","4263600","273.3077"
"20210721","01","12","    26940","JP3834150009","75.0000","85.0000","74.0000","83.0000","79.0000","80.0000","73.0000","73.0000","75.0000","85.0000","73.0000","73.0000"," ","0.0000","0.0000","3839400","300174100","78.1826"
"20210721","01","12","    27000","JP3240900005","3535.0000","3535.0000","3515.0000","3515.0000","3510.0000","3510.0000","3510.0000","3510.0000","3535.0000","3535.0000","3510.0000","3510.0000"," ","0.0000","0.0000","1000","3529500","3529.5000"
"20210721","01","12","    27020","JP3750500005","4945.0000","4960.0000","4925.0000","4935.0000","4935.0000","4940.0000","4920.0000","4925.0000","4945.0000","4960.0000","4920.0000","4925.0000"," ","0.0000","0.0000","296700","1464708500","4936.6650"
"20210721","01","12","    27050","JP3188300002","2728.0000","2749.0000","2728.0000","2749.0000","2749.0000","2749.0000","2728.0000","2728.0000","2728.0000","2749.0000","2728.0000","2728.0000"," ","0.0000","0.0000","2800","7651600","2732.7143"
"20210721","01","12","    27060","JP3831500008","1500.0000","1521.0000","1498.0000","1503.0000","1505.0000","1505.0000","1493.0000","1493.0000","1500.0000","1521.0000","1493.0000","1493.0000"," ","0.0000","0.0000","17900","26934500","1504.7207"
"20210721","01","12","    27080","JP3266120009","715.0000","715.0000","715.0000","715.0000","708.0000","708.0000","708.0000","708.0000","715.0000","715.0000","708.0000","708.0000"," ","0.0000","0.0000","500","356100","712.2000"
"20210721","01","12","    27210","JP3386180008","250.0000","250.0000","249.0000","249.0000","0.0000","0.0000","0.0000","0.0000","250.0000","250.0000","249.0000","249.0000"," ","0.0000","0.0000","300","74900","249.6667"
"20210721","01","12","    27360","JP3319700005","1714.0000","1714.0000","1690.0000","1692.0000","1699.0000","1705.0000","1699.0000","1705.0000","1714.0000","1714.0000","1690.0000","1705.0000"," ","0.0000","0.0000","1200","2040400","1700.3333"
"20210721","01","12","    27430","JP3765210004","103.0000","103.0000","101.0000","103.0000","102.0000","103.0000","99.0000","99.0000","103.0000","103.0000","99.0000","99.0000"," ","0.0000","0.0000","265400","26818600","101.0497"
"20210721","01","12","    27470","JP3843370002","3140.0000","3140.0000","3140.0000","3140.0000","0.0000","0.0000","0.0000","0.0000","3140.0000","3140.0000","3140.0000","3140.0000"," ","0.0000","0.0000","100","314000","3140.0000"
"20210721","01","12","    27500","JP3136950007","498.0000","498.0000","495.0000","497.0000","494.0000","496.0000","493.0000","493.0000","498.0000","498.0000","493.0000","493.0000"," ","0.0000","0.0000","2400","1186500","494.3750"
"20210721","01","12","    27510","JP3547700009","2170.0000","2170.0000","2148.0000","2152.0000","2148.0000","2163.0000","2143.0000","2149.0000","2170.0000","2170.0000","2143.0000","2149.0000"," ","0.0000","0.0000","5500","11858200","2156.0364"
"20210721","01","12","    27540","JP3854630005","440.0000","440.0000","440.0000","440.0000","445.0000","445.0000","440.0000","440.0000","440.0000","445.0000","440.0000","440.0000"," ","0.0000","0.0000","700","309900","442.7143"
"20210721","01","12","    27610","JP3626400000","0.0000","0.0000","0.0000","0.0000","6390.0000","6390.0000","6390.0000","6390.0000","6390.0000","6390.0000","6390.0000","6390.0000"," ","0.0000","0.0000","200","1278000","6390.0000"
"20210721","01","12","    27620","JP3332520000","269.0000","269.0000","265.0000","266.0000","268.0000","268.0000","265.0000","265.0000","269.0000","269.0000","265.0000","265.0000"," ","0.0000","0.0000","4200","1119700","266.5952"
"20210721","01","12","    27630","JP3166940001","1320.0000","1320.0000","1305.0000","1305.0000","1311.0000","1313.0000","1305.0000","1310.0000","1320.0000","1320.0000","1305.0000","1310.0000"," ","0.0000","0.0000","4500","5891200","1309.1556"
"20210721","01","12","    27690","JP3159960008","1049.0000","1050.0000","1049.0000","1049.0000","1049.0000","1055.0000","1049.0000","1054.0000","1049.0000","1055.0000","1049.0000","1054.0000"," ","0.0000","0.0000","8000","8409600","1051.2000"
"20210721","01","12","    27730","JP3909550000","940.0000","940.0000","932.0000","935.0000","938.0000","938.0000","936.0000","936.0000","940.0000","940.0000","932.0000","936.0000"," ","0.0000","0.0000","8400","7893900","939.7500"
"20210721","01","12","    27760","JP3270600004","74.0000","75.0000","73.0000","74.0000","73.0000","73.0000","69.0000","72.0000","74.0000","75.0000","69.0000","72.0000"," ","0.0000","0.0000","438900","31593000","71.9822"
"20210721","01","12","    27770","JP3212300002","868.0000","868.0000","853.0000","853.0000","0.0000","0.0000","0.0000","0.0000","868.0000","868.0000","853.0000","853.0000"," ","0.0000","0.0000","700","600100","857.2857"
"20210721","01","12","    27780","JP3782800001","188.0000","188.0000","184.0000","184.0000","185.0000","187.0000","184.0000","187.0000","188.0000","188.0000","184.0000","187.0000"," ","0.0000","0.0000","15100","2801200","185.5099"
"20210721","01","12","    27800","JP3305590006","1358.0000","1358.0000","1309.0000","1314.0000","1315.0000","1326.0000","1314.0000","1326.0000","1358.0000","1358.0000","1309.0000","1326.0000"," ","0.0000","0.0000","38800","51307600","1322.3608"
"20210721","01","12","    27820","JP3423520000","3930.0000","3990.0000","3920.0000","3970.0000","3945.0000","3980.0000","3945.0000","3955.0000","3930.0000","3990.0000","3920.0000","3955.0000"," ","0.0000","0.0000","91100","361082000","3963.5785"
"20210721","01","12","    27880","JP3121170009","347.0000","353.0000","337.0000","350.0000","348.0000","351.0000","337.0000","343.0000","347.0000","353.0000","337.0000","343.0000"," ","0.0000","0.0000","708100","244607600","345.4422"
"20210721","01","12","    27890","JP3220800001","427.0000","428.0000","427.0000","428.0000","428.0000","428.0000","424.0000","428.0000","427.0000","428.0000","424.0000","428.0000"," ","0.0000","0.0000","600","256300","427.1667"
"20210721","01","12","    27900","JP3651160008","1915.0000","1937.0000","1914.0000","1916.0000","1925.0000","1931.0000","1906.0000","1920.0000","1915.0000","1937.0000","1906.0000","1920.0000"," ","0.0000","0.0000","52000","99917500","1921.4904"
"20210721","01","12","    27950","JP3749250001","750.0000","750.0000","740.0000","750.0000","0.0000","0.0000","0.0000","0.0000","750.0000","750.0000","740.0000","750.0000"," ","0.0000","0.0000","300","224000","746.6667"
"20210721","01","12","    27980","JP3990760005","1903.0000","1903.0000","1899.0000","1899.0000","1903.0000","1905.0000","1892.0000","1905.0000","1903.0000","1905.0000","1892.0000","1905.0000"," ","0.0000","0.0000","1100","2089400","1899.4545"
"20210721","01","12","    28050","JP3163600004","4725.0000","4755.0000","4725.0000","4755.0000","4755.0000","4785.0000","4730.0000","4765.0000","4725.0000","4785.0000","4725.0000","4765.0000"," ","0.0000","0.0000","2600","12349500","4749.8077"
"20210721","01","12","    28060","JP3949200004","1895.0000","1900.0000","1895.0000","1900.0000","0.0000","0.0000","0.0000","0.0000","1895.0000","1900.0000","1895.0000","1900.0000"," ","0.0000","0.0000","800","1519500","1899.3750"
"20210721","01","12","    28130","JP3993000003","0.0000","0.0000","0.0000","0.0000","0.0000","0.0000","0.0000","0.0000","0.0000","0.0000","0.0000","0.0000"," ","0.0000","0.0000","0","0","0.0000"
"20210721","01","12","    28140","JP3322100003","0.0000","0.0000","0.0000","0.0000","0.0000","0.0000","0.0000","0.0000","0.0000","0.0000","0.0000","0.0000"," ","0.0000","0.0000","0","0","0.0000"
"20210721","01","12","    28160","JP3483900001","1371.0000","1371.0000","1370.0000","1371.0000","1371.0000","1371.0000","1369.0000","1369.0000","1371.0000","1371.0000","1369.0000","1369.0000"," ","0.0000","0.0000","2500","3427000","1370.8000"
"20210721","01","12","    28300","JP3105900009","2500.0000","2510.0000","2493.0000","2502.0000","2505.0000","2515.0000","2496.0000","2500.0000","2500.0000","2515.0000","2493.0000","2500.0000"," ","0.0000","0.0000","6600","16519400","2502.9394"
"20210721","01","12","    28310","JP3767600004","3165.0000","3190.0000","3165.0000","3180.0000","3190.0000","3200.0000","3190.0000","3200.0000","3165.0000","3200.0000","3165.0000","3200.0000"," ","0.0000","0.0000","4900","15611500","3186.0204"
"20210721","01","12","    28720","JP3415600000","3375.0000","3385.0000","3375.0000","3385.0000","3385.0000","3385.0000","3380.0000","3385.0000","3375.0000","3385.0000","3375.0000","3385.0000"," ","0.0000","0.0000","800","2706000","3382.5000"
"20210721","01","12","    28760","JP3385950005","569.0000","570.0000","550.0000","552.0000","543.0000","543.0000","525.0000","539.0000","569.0000","570.0000","525.0000","539.0000"," ","0.0000","0.0000","11000","6009600","546.3273"
"20210721","01","12","    28770","JP3684300001","838.0000","847.0000","838.0000","844.0000","844.0000","849.0000","844.0000","849.0000","838.0000","849.0000","838.0000","849.0000"," ","0.0000","0.0000","3400","2860000","841.1765"
"20210721","01","12","    28920","JP3715600007","1726.0000","1750.0000","1726.0000","1750.0000","1760.0000","1760.0000","1760.0000","1760.0000","1726.0000","1760.0000","1726.0000","1760.0000"," ","0.0000","0.0000","4400","7615000","1730.6818"
"20210721","01","12","    28940","JP3133600001","246.0000","247.0000","246.0000","246.0000","247.0000","248.0000","247.0000","247.0000","246.0000","248.0000","246.0000","247.0000"," ","0.0000","0.0000","18000","4447400","247.0778"
"20210721","01","12","    29010","JP3135600009","185.0000","185.0000","184.0000","184.0000","183.0000","183.0000","180.0000","180.0000","185.0000","185.0000","180.0000","180.0000"," ","0.0000","0.0000","35600","6509800","182.8596"
"20210721","01","12","    29030","JP3354200002","628.0000","628.0000","628.0000","628.0000","627.0000","627.0000","623.0000","624.0000","628.0000","628.0000","623.0000","624.0000"," ","0.0000","0.0000","2400","1502000","625.8333"
"20210721","01","12","    29050","JP3172200002","1108.0000","1130.0000","1108.0000","1130.0000","0.0000","0.0000","0.0000","0.0000","1108.0000","1130.0000","1108.0000","1130.0000"," ","0.0000","0.0000","500","557100","1114.2000"
"20210721","01","12","    29070","JP3119400004","857.0000","864.0000","857.0000","863.0000","861.0000","865.0000","857.0000","857.0000","857.0000","865.0000","857.0000","857.0000"," ","0.0000","0.0000","1900","1637500","861.8421"
"20210721","01","12","    29110","JP3117000004","2211.0000","2211.0000","2211.0000","2211.0000","0.0000","0.0000","0.0000","0.0000","2211.0000","2211.0000","2211.0000","2211.0000"," ","0.0000","0.0000","100","221100","2211.0000"
"20210721","01","12","    29160","JP3426100008","692.0000","692.0000","675.0000","678.0000","679.0000","679.0000","677.0000","678.0000","692.0000","692.0000","675.0000","678.0000"," ","0.0000","0.0000","9100","6255200","687.3846"
"20210721","01","12","    29170","JP3190700009","816.0000","816.0000","816.0000","816.0000","812.0000","812.0000","812.0000","812.0000","816.0000","816.0000","812.0000","812.0000"," ","0.0000","0.0000","900","733200","814.6667"
"20210721","01","12","    29230","JP3322110002","5090.0000","5090.0000","5080.0000","5080.0000","5060.0000","5080.0000","5060.0000","5080.0000","5090.0000","5090.0000","5060.0000","5080.0000"," ","0.0000","0.0000","500","2539000","5078.0000"
"20210721","01","12","    29260","JP3354050001","119.0000","120.0000","118.0000","119.0000","118.0000","122.0000","118.0000","120.0000","119.0000","122.0000","118.0000","120.0000"," ","0.0000","0.0000","449300","53673200","119.4596"
"20210721","01","12","    29270","JP3124700000","1374.0000","1407.0000","1361.0000","1393.0000","1387.0000","1403.0000","1375.0000","1387.0000","1374.0000","1407.0000","1361.0000","1387.0000"," ","0.0000","0.0000","185600","257673500","1388.3270"
"20210721","01","12","    29320","JP3163130002","4055.0000","4070.0000","3995.0000","3995.0000","4000.0000","4005.0000","3960.0000","4000.0000","4055.0000","4070.0000","3960.0000","4000.0000"," ","0.0000","0.0000","11300","45104500","3991.5487"
"20210721","01","12","    29700","JP3273780001","920.0000","944.0000","920.0000","944.0000","945.0000","966.0000","945.0000","966.0000","920.0000","966.0000","920.0000","966.0000"," ","0.0000","0.0000","3000","2847000","949.0000"
"20210721","01","12","    29770","JP3100290000","0.0000","0.0000","0.0000","0.0000","0.0000","0.0000","0.0000","0.0000","0.0000","0.0000","0.0000","0.0000"," ","0.0000","0.0000","0","0","0.0000"
"20210721","01","12","    29780","JP3532950007","1108.0000","1159.0000","1040.0000","1081.0000","1082.0000","1108.0000","1068.0000","1069.0000","1108.0000","1159.0000","1040.0000","1069.0000"," ","0.0000","0.0000","111200","120125500","1080.2653"
"20210721","01","12","    29810","JP3968750004","2170.0000","2340.0000","2132.0000","2151.0000","2151.0000","2271.0000","2136.0000","2249.0000","2170.0000","2340.0000","2132.0000","2249.0000"," ","0.0000","0.0000","57200","127295500","2225.4458"
"20210721","01","12","    29830","JP3100570005","2631.0000","2659.0000","2596.0000","2638.0000","2605.0000","2609.0000","2449.0000","2449.0000","2631.0000","2659.0000","2449.0000","2449.0000"," ","0.0000","0.0000","12100","31298300","2586.6364"
"20210721","01","12","    29850","JP3802240006","0.0000","0.0000","0.0000","0.0000","0.0000","0.0000","0.0000","0.0000","0.0000","0.0000","0.0000","0.0000"," ","0.0000","0.0000","0","0","0.0000"
"20210721","01","12","    29860","JP3968300008","1361.0000","1369.0000","1351.0000","1369.0000","1360.0000","1369.0000","1360.0000","1369.0000","1361.0000","1369.0000","1351.0000","1369.0000"," ","0.0000","0.0000","7300","9955600","1363.7808"
"20210721","01","12","    29870","JP3464300007","1860.0000","1868.0000","1826.0000","1831.0000","1831.0000","1839.0000","1812.0000","1812.0000","1860.0000","1868.0000","1812.0000","1812.0000"," ","0.0000","0.0000","20600","37939400","1841.7184"
"20210721","01","12","    29900","JP3102600008","0.0000","0.0000","0.0000","0.0000","0.0000","0.0000","0.0000","0.0000","0.0000","0.0000","0.0000","0.0000"," ","0.0000","0.0000","0","0","0.0000"
"20210721","01","12","    29910","JP3968860001","5320.0000","5890.0000","4525.0000","4580.0000","4640.0000","5070.0000","4600.0000","4600.0000","5320.0000","5890.0000","4525.0000","4600.0000"," ","0.0000","0.0000","2464200","12582014500","5105.9226"
"20210721","01","12","    30100","JP3393800002","98.0000","98.0000","96.0000","98.0000","97.0000","97.0000","96.0000","97.0000","98.0000","98.0000","96.0000","97.0000"," ","0.0000","0.0000","20100","1951600","97.0945"
"20210721","01","12","    30110","JP3864600006","120.0000","120.0000","119.0000","120.0000","115.0000","119.0000","115.0000","117.0000","120.0000","120.0000","115.0000","117.0000"," ","0.0000","0.0000","34400","3984200","115.8198"
"20210721","01","12","    30200","JP3122630001","2795.0000","2795.0000","2789.0000","2790.0000","2798.0000","2798.0000","2787.0000","2787.0000","2795.0000","2798.0000","2787.0000","2787.0000"," ","0.0000","0.0000","2400","6699700","2791.5417"
"20210721","01","12","    30210","JP3781360007","3085.0000","3305.0000","3085.0000","3290.0000","3285.0000","3295.0000","3225.0000","3265.0000","3085.0000","3305.0000","3085.0000","3265.0000"," ","0.0000","0.0000","108000","351615000","3255.6944"
"20210721","01","12","    30240","JP3269910000","655.0000","685.0000","655.0000","668.0000","667.0000","667.0000","660.0000","660.0000","655.0000","685.0000","655.0000","660.0000"," ","0.0000","0.0000","8200","5462800","666.1951"
"20210721","01","12","    30350","JP3278700004","439.0000","443.0000","435.0000","440.0000","438.0000","440.0000","437.0000","438.0000","439.0000","443.0000","435.0000","438.0000"," ","0.0000","0.0000","16100","7088200","440.2609"
"20210721","01","12","    30390","JP3835000005","0.0000","0.0000","0.0000","0.0000","0.0000","0.0000","0.0000","0.0000","0.0000","0.0000","0.0000","0.0000"," ","0.0000","0.0000","0","0","0.0000"
"20210721","01","12","    30410","JP3800470001","264.0000","264.0000","262.0000","262.0000","263.0000","265.0000","261.0000","261.0000","264.0000","265.0000","261.0000","261.0000"," ","0.0000","0.0000","5800","1529200","263.6552"
"20210721","01","12","    30420","JP3420960001","328.0000","328.0000","323.0000","327.0000","326.0000","328.0000","325.0000","325.0000","328.0000","328.0000","323.0000","325.0000"," ","0.0000","0.0000","15600","5100500","326.9551"
"20210721","01","12","    30450","JP3223200001","1306.0000","1306.0000","1306.0000","1306.0000","1319.0000","1319.0000","1319.0000","1319.0000","1306.0000","1319.0000","1306.0000","1319.0000"," ","0.0000","0.0000","700","920700","1315.2857"
"20210721","01","12","    30580","JP3342100009","935.0000","935.0000","914.0000","914.0000","917.0000","917.0000","917.0000","917.0000","935.0000","935.0000","914.0000","917.0000"," ","0.0000","0.0000","2600","2400500","923.2692"
"20210721","01","12","    30590","JP3795150006","1001.0000","1005.0000","1001.0000","1005.0000","1000.0000","1005.0000","1000.0000","1003.0000","1001.0000","1005.0000","1000.0000","1003.0000"," ","0.0000","0.0000","1500","1501500","1001.0000"
"20210721","01","12","    30630","JP3386320000","555.0000","560.0000","555.0000","558.0000","556.0000","557.0000","550.0000","557.0000","555.0000","560.0000","550.0000","557.0000"," ","0.0000","0.0000","20700","11517000","556.3768"
"20210721","01","12","    30650","JP3966670006","1750.0000","1750.0000","1750.0000","1750.0000","1750.0000","1750.0000","1745.0000","1745.0000","1750.0000","1750.0000","1745.0000","1745.0000"," ","0.0000","0.0000","1100","1924200","1749.2727"
"20210721","01","12","    30680","JP3505930002","1598.0000","1599.0000","1595.0000","1595.0000","1591.0000","1600.0000","1591.0000","1591.0000","1598.0000","1600.0000","1591.0000","1591.0000"," ","0.0000","0.0000","9600","15301000","1593.8542"
"20210721","01","12","    30690","JP3120050004","389.0000","389.0000","388.0000","388.0000","389.0000","389.0000","387.0000","387.0000","389.0000","389.0000","387.0000","387.0000"," ","0.0000","0.0000","9400","3652000","388.5106"
"20210721","01","12","    30700","JP3122670007","303.0000","303.0000","299.0000","300.0000","302.0000","302.0000","298.0000","300.0000","303.0000","303.0000","298.0000","300.0000"," ","0.0000","0.0000","159100","47816100","300.5412"
"20210721","01","12","    30710","JP3399760002","162.0000","164.0000","162.0000","164.0000","163.0000","166.0000","163.0000","166.0000","162.0000","166.0000","162.0000","166.0000"," ","0.0000","0.0000","70300","11518100","163.8421"
"20210721","01","12","    30750","JP3527550002","1140.0000","1140.0000","1133.0000","1140.0000","1140.0000","1146.0000","1136.0000","1136.0000","1140.0000","1146.0000","1133.0000","1136.0000"," ","0.0000","0.0000","4700","5354300","1139.2128"
"20210721","01","12","    30770","JP3852850001","485.0000","493.0000","484.0000","493.0000","492.0000","492.0000","485.0000","485.0000","485.0000","493.0000","484.0000","485.0000"," ","0.0000","0.0000","1600","778800","486.7500"
"20210721","01","12","    30800","JP3386360006","538.0000","540.0000","534.0000","536.0000","537.0000","540.0000","537.0000","540.0000","538.0000","540.0000","534.0000","540.0000"," ","0.0000","0.0000","3400","1828800","537.8824"
"20210721","01","12","    30830","JP3347030003","354.0000","357.0000","353.0000","353.0000","352.0000","352.0000","352.0000","352.0000","354.0000","357.0000","352.0000","352.0000"," ","0.0000","0.0000","800","284200","355.2500"
"20210721","01","12","    30890","JP3545210001","1174.0000","1185.0000","1162.0000","1171.0000","1161.0000","1165.0000","1142.0000","1157.0000","1174.0000","1185.0000","1142.0000","1157.0000"," ","0.0000","0.0000","17500","20285100","1159.1486"
"20210721","01","12","    30940","JP3395600004","596.0000","602.0000","596.0000","602.0000","602.0000","602.0000","597.0000","600.0000","596.0000","602.0000","596.0000","600.0000"," ","0.0000","0.0000","3100","1855000","598.3871"
"20210721","01","12","    30960","JP3172260006","1123.0000","1123.0000","1115.0000","1117.0000","1127.0000","1128.0000","1100.0000","1127.0000","1123.0000","1128.0000","1100.0000","1127.0000"," ","0.0000","0.0000","8600","9560500","1111.6860"
"20210721","01","12","    31110","JP3174000004","371.0000","374.0000","371.0000","373.0000","372.0000","372.0000","369.0000","369.0000","371.0000","374.0000","369.0000","369.0000"," ","0.0000","0.0000","9200","3413100","370.9891"
"20210721","01","12","    31130","JP3795400005","110.0000","112.0000","110.0000","111.0000","111.0000","112.0000","110.0000","112.0000","110.0000","112.0000","110.0000","112.0000"," ","0.0000","0.0000","57900","6411100","110.7271"
"20210721","01","12","    31210","JP3382200008","320.0000","322.0000","317.0000","319.0000","317.0000","325.0000","317.0000","319.0000","320.0000","325.0000","317.0000","319.0000"," ","0.0000","0.0000","33400","10702900","320.4461"
"20210721","01","12","    31230","JP3312000007","459.0000","462.0000","459.0000","460.0000","460.0000","460.0000","460.0000","460.0000","459.0000","462.0000","459.0000","460.0000"," ","0.0000","0.0000","13600","6255900","459.9926"
"20210721","01","12","    31310","JP3377850007","1676.0000","1698.0000","1662.0000","1669.0000","1668.0000","1677.0000","1640.0000","1677.0000","1676.0000","1698.0000","1640.0000","1677.0000"," ","0.0000","0.0000","11100","18416600","1659.1532"
"20210721","01","12","    31330","JP3205670007","683.0000","689.0000","683.0000","689.0000","688.0000","688.0000","684.0000","684.0000","683.0000","689.0000","683.0000","684.0000"," ","0.0000","0.0000","1200","824000","686.6667"
"20210721","01","12","    31370","JP3802970008","630.0000","631.0000","621.0000","621.0000","627.0000","627.0000","617.0000","621.0000","630.0000","631.0000","617.0000","621.0000"," ","0.0000","0.0000","5400","3367800","623.6667"
"20210721","01","12","    31380","JP3813750001","830.0000","830.0000","810.0000","816.0000","825.0000","825.0000","818.0000","818.0000","830.0000","830.0000","810.0000","818.0000"," ","0.0000","0.0000","4800","3934900","819.7708"
"20210721","01","12","    31400","JP3142450000","936.0000","936.0000","928.0000","931.0000","929.0000","930.0000","925.0000","930.0000","936.0000","936.0000","925.0000","930.0000"," ","0.0000","0.0000","10400","9669500","929.7596"
"20210721","01","12","    31430","JP3170150001","1057.0000","1057.0000","1046.0000","1047.0000","1049.0000","1050.0000","1036.0000","1049.0000","1057.0000","1057.0000","1036.0000","1049.0000"," ","0.0000","0.0000","11100","11666600","1051.0450"
"20210721","01","12","    31610","JP3120070002","698.0000","700.0000","694.0000","700.0000","699.0000","700.0000","695.0000","697.0000","698.0000","700.0000","694.0000","697.0000"," ","0.0000","0.0000","13800","9629100","697.7609"
"20210721","01","12","    31740","JP3770280000","959.0000","959.0000","958.0000","959.0000","957.0000","957.0000","957.0000","957.0000","959.0000","959.0000","957.0000","957.0000"," ","0.0000","0.0000","1700","1629500","958.5294"
"20210721","01","12","    31770","JP3125850002","1874.0000","1874.0000","1863.0000","1865.0000","1865.0000","1868.0000","1863.0000","1865.0000","1874.0000","1874.0000","1863.0000","1865.0000"," ","0.0000","0.0000","4600","8600500","1869.6739"
"20210721","01","12","    31810","JP3205620002","694.0000","694.0000","659.0000","668.0000","671.0000","672.0000","665.0000","669.0000","694.0000","694.0000","659.0000","669.0000"," ","0.0000","0.0000","42500","28651100","674.1435"
"20210721","01","12","    31840","JP3101920001","2439.0000","2465.0000","2439.0000","2465.0000","2473.0000","2501.0000","2473.0000","2501.0000","2439.0000","2501.0000","2439.0000","2501.0000"," ","0.0000","0.0000","800","1970400","2463.0000"
"20210721","01","12","    31850","JP3952880007","211.0000","211.0000","209.0000","209.0000","210.0000","211.0000","209.0000","211.0000","211.0000","211.0000","209.0000","211.0000"," ","0.0000","0.0000","14300","3003300","210.0210"
"20210721","01","12","    31870","JP3343950006","401.0000","405.0000","396.0000","405.0000","405.0000","405.0000","398.0000","400.0000","401.0000","405.0000","396.0000","400.0000"," ","0.0000","0.0000","11900","4778300","401.5378"
"20210721","01","12","    31890","JP3160160002","325.0000","327.0000","325.0000","326.0000","326.0000","326.0000","313.0000","318.0000","325.0000","327.0000","313.0000","318.0000"," ","0.0000","0.0000","47000","14999200","319.1319"
"20210721","01","12","    31900","JP3851900005","579.0000","579.0000","574.0000","576.0000","576.0000","581.0000","576.0000","581.0000","579.0000","581.0000","574.0000","581.0000"," ","0.0000","0.0000","2400","1385600","577.3333"
"20210721","01","12","    31920","JP3370200002","274.0000","274.0000","274.0000","274.0000","274.0000","274.0000","271.0000","271.0000","274.0000","274.0000","271.0000","271.0000"," ","0.0000","0.0000","1400","381800","272.7143"
"20210721","01","12","    31950","JP3386510006","495.0000","502.0000","495.0000","502.0000","503.0000","505.0000","498.0000","498.0000","495.0000","505.0000","495.0000","498.0000"," ","0.0000","0.0000","4900","2454700","500.9592"
"20210721","01","12","    32230","JP3162580009","0.0000","0.0000","0.0000","0.0000","600.0000","600.0000","600.0000","600.0000","600.0000","600.0000","600.0000","600.0000"," ","0.0000","0.0000","1000","600000","600.0000"
"20210721","01","12","    32240","JP3794490007","893.0000","893.0000","890.0000","890.0000","890.0000","894.0000","887.0000","888.0000","893.0000","894.0000","887.0000","888.0000"," ","0.0000","0.0000","2500","2225500","890.2000"
"20210721","01","12","    32360","JP3833780004","153.0000","153.0000","152.0000","153.0000","152.0000","153.0000","151.0000","152.0000","153.0000","153.0000","151.0000","152.0000"," ","0.0000","0.0000","90500","13786100","152.3326"
"20210721","01","12","    32370","JP3153170000","75.0000","76.0000","75.0000","75.0000","75.0000","76.0000","75.0000","75.0000","75.0000","76.0000","75.0000","75.0000"," ","0.0000","0.0000","73600","5538400","75.2500"
"20210721","01","12","    32380","JP3425650003","393.0000","393.0000","388.0000","388.0000","388.0000","390.0000","384.0000","390.0000","393.0000","393.0000","384.0000","390.0000"," ","0.0000","0.0000","27500","10673400","388.1236"
"20210721","01","12","    32410","JP3154250009","353.0000","360.0000","345.0000","352.0000","351.0000","353.0000","328.0000","333.0000","353.0000","360.0000","328.0000","333.0000"," ","0.0000","0.0000","94500","32500800","343.9238"
"20210721","01","12","    32420","JP3100230006","296.0000","296.0000","293.0000","294.0000","294.0000","294.0000","293.0000","293.0000","296.0000","296.0000","293.0000","293.0000"," ","0.0000","0.0000","45300","13334500","294.3598"
"20210721","01","12","    32480","JP3100280001","630.0000","630.0000","629.0000","629.0000","630.0000","632.0000","629.0000","629.0000","630.0000","632.0000","629.0000","629.0000"," ","0.0000","0.0000","5300","3338400","629.8868"
"20210721","01","12","    32610","JP3274040009","459.0000","459.0000","455.0000","455.0000","455.0000","455.0000","455.0000","455.0000","459.0000","459.0000","455.0000","455.0000"," ","0.0000","0.0000","1400","640100","457.2143"
"20210721","01","12","    32640","JP3120060003","210.0000","211.0000","195.0000","205.0000","205.0000","207.0000","204.0000","207.0000","210.0000","211.0000","195.0000","207.0000"," ","0.0000","0.0000","221900","45138200","203.4169"
"20210721","01","12","    32660","JP3802920003","92.0000","93.0000","92.0000","92.0000","91.0000","93.0000","90.0000","93.0000","92.0000","93.0000","90.0000","93.0000"," ","0.0000","0.0000","233500","21350400","91.4364"
"20210721","01","12","    32860","JP3635590007","387.0000","395.0000","386.0000","386.0000","385.0000","385.0000","381.0000","382.0000","387.0000","395.0000","381.0000","382.0000"," ","0.0000","0.0000","18900","7293000","385.8730"
"20210721","01","12","    32930","JP3120090000","1503.0000","1503.0000","1503.0000","1503.0000","0.0000","0.0000","0.0000","0.0000","1503.0000","1503.0000","1503.0000","1503.0000"," ","0.0000","0.0000","100","150300","1503.0000"
"20210721","01","12","    32970","JP3597200009","1042.0000","1068.0000","1039.0000","1067.0000","1066.0000","1066.0000","1041.0000","1065.0000","1042.0000","1068.0000","1039.0000","1065.0000"," ","0.0000","0.0000","4000","4240400","1060.1000"
"20210721","01","12","    33000","JP3128650003","698.0000","705.0000","698.0000","698.0000","698.0000","698.0000","697.0000","697.0000","698.0000","705.0000","697.0000","697.0000"," ","0.0000","0.0000","6500","4546600","699.4769"
"20210721","01","12","    33060","JP3723400002","352.0000","357.0000","352.0000","356.0000","355.0000","356.0000","355.0000","356.0000","352.0000","357.0000","352.0000","356.0000"," ","0.0000","0.0000","3800","1344500","353.8158"
"20210721","01","12","    33160","JP3587700000","578.0000","579.0000","574.0000","574.0000","575.0000","585.0000","575.0000","579.0000","578.0000","585.0000","574.0000","579.0000"," ","0.0000","0.0000","1900","1100200","579.0526"
"20210721","01","12","    33170","JP3826350005","1670.0000","1670.0000","1670.0000","1670.0000","1672.0000","1686.0000","1672.0000","1686.0000","1670.0000","1686.0000","1670.0000","1686.0000"," ","0.0000","0.0000","300","502800","1676.0000"
"20210721","01","12","    33200","JP3272700000","988.0000","995.0000","988.0000","991.0000","990.0000","990.0000","985.0000","986.0000","988.0000","995.0000","985.0000","986.0000"," ","0.0000","0.0000","13800","13644300","988.7174"
"20210721","01","12","    33220","JP3126370000","708.0000","708.0000","708.0000","708.0000","0.0000","0.0000","0.0000","0.0000","708.0000","708.0000","708.0000","708.0000"," ","0.0000","0.0000","100","70800","708.0000"
"20210721","01","12","    33230","JP3979500000","102.0000","102.0000","100.0000","101.0000","101.0000","101.0000","100.0000","100.0000","102.0000","102.0000","100.0000","100.0000"," ","0.0000","0.0000","356600","35961300","100.8449"
"20210721","01","12","    33260","JP3968700009","461.0000","465.0000","459.0000","465.0000","460.0000","460.0000","458.0000","458.0000","461.0000","465.0000","458.0000","458.0000"," ","0.0000","0.0000","7100","3266700","460.0986"
"20210721","01","12","    33290","JP3622800005","1464.0000","1464.0000","1448.0000","1452.0000","1452.0000","1460.0000","1452.0000","1460.0000","1464.0000","1464.0000","1448.0000","1460.0000"," ","0.0000","0.0000","2100","3054000","1454.2857"
"20210721","01","12","    33470","JP3635550001","244.0000","244.0000","235.0000","238.0000","237.0000","237.0000","231.0000","234.0000","244.0000","244.0000","231.0000","234.0000"," ","0.0000","0.0000","133700","31604800","236.3859"
"20210721","01","12","    33500","JP3481200008","56.0000","57.0000","56.0000","57.0000","57.0000","57.0000","55.0000","55.0000","56.0000","57.0000","55.0000","55.0000"," ","0.0000","0.0000","67200","3727500","55.4688"
"20210721","01","12","    33520","JP3778360002","1210.0000","1210.0000","1210.0000","1210.0000","1209.0000","1209.0000","1209.0000","1209.0000","1210.0000","1210.0000","1209.0000","1209.0000"," ","0.0000","0.0000","300","362800","1209.3333"
"20210721","01","12","    33530","JP3921040006","2730.0000","2730.0000","2730.0000","2730.0000","0.0000","0.0000","0.0000","0.0000","2730.0000","2730.0000","2730.0000","2730.0000"," ","0.0000","0.0000","400","1092000","2730.0000"
"20210721","01","12","    33550","JP3270810009","747.0000","747.0000","738.0000","741.0000","738.0000","744.0000","737.0000","744.0000","747.0000","747.0000","737.0000","744.0000"," ","0.0000","0.0000","21500","15982200","743.3581"
"20210721","01","12","    33560","JP3546600002","511.0000","520.0000","511.0000","515.0000","515.0000","516.0000","514.0000","515.0000","511.0000","520.0000","511.0000","515.0000"," ","0.0000","0.0000","32400","16715600","515.9136"
"20210721","01","12","    33580","JP3990650008","287.0000","287.0000","284.0000","284.0000","284.0000","286.0000","283.0000","286.0000","287.0000","287.0000","283.0000","286.0000"," ","0.0000","0.0000","5600","1597000","285.1786"
"20210721","01","12","    33590","JP3442910000","672.0000","675.0000","668.0000","668.0000","669.0000","670.0000","665.0000","668.0000","672.0000","675.0000","665.0000","668.0000"," ","0.0000","0.0000","29300","19591700","668.6587"
"20210721","01","12","    33700","JP3817000007","352.0000","352.0000","348.0000","348.0000","346.0000","359.0000","346.0000","350.0000","352.0000","359.0000","346.0000","350.0000"," ","0.0000","0.0000","7700","2715600","352.6753"
"20210721","01","12","    33720","JP3233300007","319.0000","319.0000","317.0000","319.0000","319.0000","319.0000","317.0000","317.0000","319.0000","319.0000","317.0000","317.0000"," ","0.0000","0.0000","3800","1209100","318.1842"
"20210721","01","12","    33740","JP3641220003","3430.0000","3450.0000","3390.0000","3390.0000","3395.0000","3410.0000","3340.0000","3380.0000","3430.0000","3450.0000","3340.0000","3380.0000"," ","0.0000","0.0000","42800","144972000","3387.1963"
"20210721","01","12","    33750","JP3437200003","1156.0000","1166.0000","1156.0000","1166.0000","1167.0000","1167.0000","1150.0000","1152.0000","1156.0000","1167.0000","1150.0000","1152.0000"," ","0.0000","0.0000","1500","1737300","1158.2000"
"20210721","01","12","    33770","JP3101150005","1097.0000","1244.0000","1076.0000","1191.0000","1187.0000","1285.0000","1145.0000","1192.0000","1097.0000","1285.0000","1076.0000","1192.0000"," ","0.0000","0.0000","5895400","7052632600","1196.2942"
"20210721","01","12","    33860","JP3298700000","1248.0000","1258.0000","1242.0000","1253.0000","1254.0000","1259.0000","1247.0000","1259.0000","1248.0000","1259.0000","1242.0000","1259.0000"," ","0.0000","0.0000","28500","35673400","1251.6982"
"20210721","01","12","    33900","JP3952410003","96.0000","97.0000","92.0000","93.0000","93.0000","97.0000","92.0000","95.0000","96.0000","97.0000","92.0000","95.0000"," ","0.0000","0.0000","3804900","359921600","94.5942"
"20210721","01","12","    33990","JP3876450002","1905.0000","1906.0000","1901.0000","1906.0000","1901.0000","1906.0000","1901.0000","1901.0000","1905.0000","1906.0000","1901.0000","1901.0000"," ","0.0000","0.0000","3600","6855800","1904.3889"
"20210721","01","12","    34090","JP3239600004","189.0000","190.0000","188.0000","188.0000","188.0000","193.0000","169.0000","173.0000","189.0000","193.0000","169.0000","173.0000"," ","0.0000","0.0000","259800","46782200","180.0701"
"20210721","01","12","    34160","JP3801630009","1059.0000","1060.0000","1042.0000","1056.0000","1054.0000","1069.0000","1050.0000","1069.0000","1059.0000","1069.0000","1042.0000","1069.0000"," ","0.0000","0.0000","2200","2320000","1054.5455"
"20210721","01","12","    34170","JP3176900003","1151.0000","1151.0000","1151.0000","1151.0000","1151.0000","1151.0000","1151.0000","1151.0000","1151.0000","1151.0000","1151.0000","1151.0000"," ","0.0000","0.0000","200","230200","1151.0000"
"20210721","01","12","    34180","JP3778420004","1150.0000","1157.0000","1135.0000","1135.0000","1134.0000","1141.0000","1131.0000","1131.0000","1150.0000","1157.0000","1131.0000","1131.0000"," ","0.0000","0.0000","9300","10600900","1139.8817"
"20210721","01","12","    34200","JP3277100008","1933.0000","1933.0000","1933.0000","1933.0000","1915.0000","1916.0000","1909.0000","1910.0000","1933.0000","1933.0000","1909.0000","1910.0000"," ","0.0000","0.0000","2000","3831200","1915.6000"
"20210721","01","12","    34220","JP3875400008","1008.0000","1008.0000","999.0000","999.0000","999.0000","999.0000","999.0000","999.0000","1008.0000","1008.0000","999.0000","999.0000"," ","0.0000","0.0000","3700","3718100","1004.8919"
"20210721","01","12","    34230","JP3161570001","350.0000","353.0000","341.0000","346.0000","345.0000","345.0000","332.0000","332.0000","350.0000","353.0000","332.0000","332.0000"," ","0.0000","0.0000","318200","109937300","345.4975"
"20210721","01","12","    34260","JP3121910008","1500.0000","1500.0000","1500.0000","1500.0000","0.0000","0.0000","0.0000","0.0000","1500.0000","1500.0000","1500.0000","1500.0000"," ","0.0000","0.0000","600","900000","1500.0000"
"20210721","01","12","    34350","JP3330500004","908.0000","912.0000","908.0000","912.0000","912.0000","912.0000","911.0000","911.0000","908.0000","912.0000","908.0000","911.0000"," ","0.0000","0.0000","2200","2000400","909.2727"
"20210721","01","12","    34370","JP3624800003","2235.0000","2235.0000","2221.0000","2221.0000","0.0000","0.0000","0.0000","0.0000","2235.0000","2235.0000","2221.0000","2221.0000"," ","0.0000","0.0000","800","1785200","2231.5000"
"20210721","01","12","    34390","JP3895100000","2429.0000","2429.0000","2429.0000","2429.0000","0.0000","0.0000","0.0000","0.0000","2429.0000","2429.0000","2429.0000","2429.0000"," ","0.0000","0.0000","100","242900","2429.0000"
"20210721","01","12","    34400","JP3679830004","777.0000","779.0000","772.0000","775.0000","777.0000","788.0000","777.0000","787.0000","777.0000","788.0000","772.0000","787.0000"," ","0.0000","0.0000","11100","8665300","780.6577"
"20210721","01","12","    34410","JP3336700004","1408.0000","1425.0000","1399.0000","1399.0000","1398.0000","1400.0000","1395.0000","1400.0000","1408.0000","1425.0000","1395.0000","1400.0000"," ","0.0000","0.0000","10200","14339900","1405.8725"
"20210721","01","12","    34440","JP3236730002","795.0000","803.0000","790.0000","799.0000","798.0000","799.0000","791.0000","798.0000","795.0000","803.0000","790.0000","798.0000"," ","0.0000","0.0000","16400","13072600","797.1098"
"20210721","01","12","    34480","JP3396630000","0.0000","0.0000","0.0000","0.0000","0.0000","0.0000","0.0000","0.0000","0.0000","0.0000","0.0000","0.0000"," ","0.0000","0.0000","0","0","0.0000"
"20210721","01","12","    34490","JP3545260006","1005.0000","1013.0000","1003.0000","1013.0000","1010.0000","1011.0000","1006.0000","1007.0000","1005.0000","1013.0000","1003.0000","1007.0000"," ","0.0000","0.0000","5700","5741700","1007.3158"
"20210721","01","12","    34560","JP3538790001","0.0000","0.0000","0.0000","0.0000","0.0000","0.0000","0.0000","0.0000","0.0000","0.0000","0.0000","0.0000"," ","0.0000","0.0000","0","0","0.0000"
"20210721","01","12","    34610","JP3782700003","715.0000","715.0000","704.0000","704.0000","705.0000","707.0000","701.0000","701.0000","715.0000","715.0000","701.0000","701.0000"," ","0.0000","0.0000","5400","3827200","708.7407"
"20210721","01","12","    34690","JP3549250003","618.0000","618.0000","618.0000","618.0000","620.0000","627.0000","616.0000","616.0000","618.0000","627.0000","616.0000","616.0000"," ","0.0000","0.0000","600","371300","618.8333"
"20210721","01","12","    34740","JP3386610004","450.0000","455.0000","450.0000","451.0000","455.0000","455.0000","450.0000","451.0000","450.0000","455.0000","450.0000","451.0000"," ","0.0000","0.0000","6000","2717600","452.9333"
"20210721","01","12","    34770","JP3803020001","1295.0000","1315.0000","1285.0000","1310.0000","1310.0000","1310.0000","1281.0000","1295.0000","1295.0000","1315.0000","1281.0000","1295.0000"," ","0.0000","0.0000","6300","8193300","1300.5238"
"20210721","01","12","    34790","JP3538710009","1893.0000","1902.0000","1851.0000","1866.0000","1867.0000","1884.0000","1859.0000","1875.0000","1893.0000","1902.0000","1851.0000","1875.0000"," ","0.0000","0.0000","406000","760963100","1874.2933"
"20210721","01","12","    34820","JP3982600003","996.0000","1004.0000","984.0000","985.0000","986.0000","995.0000","976.0000","994.0000","996.0000","1004.0000","976.0000","994.0000"," ","0.0000","0.0000","135200","133858400","990.0769"
"20210721","01","12","    34830","JP3360850006","0.0000","0.0000","0.0000","0.0000","0.0000","0.0000","0.0000","0.0000","0.0000","0.0000","0.0000","0.0000"," ","0.0000","0.0000","0","0","0.0000"
"20210721","01","12","    34900","JP3119890006","0.0000","0.0000","0.0000","0.0000","0.0000","0.0000","0.0000","0.0000","0.0000","0.0000","0.0000","0.0000"," ","0.0000","0.0000","0","0","0.0000"
"20210721","01","12","    34910","JP3386670008","1978.0000","2043.0000","1963.0000","2015.0000","2019.0000","2034.0000","2005.0000","2020.0000","1978.0000","2043.0000","1963.0000","2020.0000"," ","0.0000","0.0000","130400","262126300","2010.1710"
"20210721","01","12","    34940","JP3870340001","0.0000","0.0000","0.0000","0.0000","0.0000","0.0000","0.0000","0.0000","0.0000","0.0000","0.0000","0.0000"," ","0.0000","0.0000","0","0","0.0000"
"20210721","01","12","    34950","JP3292700006","0.0000","0.0000","0.0000","0.0000","0.0000","0.0000","0.0000","0.0000","0.0000","0.0000","0.0000","0.0000"," ","0.0000","0.0000","0","0","0.0000"
"20210721","01","12","    34960","JP3119880007","4835.0000","5010.0000","4750.0000","4930.0000","4970.0000","5000.0000","4920.0000","4965.0000","4835.0000","5010.0000","4750.0000","4965.0000"," ","0.0000","0.0000","51000","251499000","4931.3529"
"20210721","01","12","    34970","JP3969250004","1260.0000","1260.0000","1192.0000","1197.0000","1197.0000","1197.0000","1136.0000","1157.0000","1260.0000","1260.0000","1136.0000","1157.0000"," ","0.0000","0.0000","93800","112078000","1194.8614"
"20210721","01","12","    34980","JP3211050004","3865.0000","3875.0000","3780.0000","3800.0000","3800.0000","3810.0000","3760.0000","3810.0000","3865.0000","3875.0000","3760.0000","3810.0000"," ","0.0000","0.0000","13000","49408500","3800.6538"
"20210721","01","12","    35150","JP3812200008","2938.0000","2950.0000","2938.0000","2950.0000","2938.0000","2938.0000","2938.0000","2938.0000","2938.0000","2950.0000","2938.0000","2938.0000"," ","0.0000","0.0000","700","2062500","2946.4286"
"20210721","01","12","    35280","JP3221000007","28.0000","29.0000","27.0000","28.0000","28.0000","28.0000","27.0000","28.0000","28.0000","29.0000","27.0000","28.0000"," ","0.0000","0.0000","1930700","53763300","27.8465"
"20210721","01","12","    35360","JP3108160007","133.0000","133.0000","132.0000","132.0000","132.0000","133.0000","132.0000","132.0000","133.0000","133.0000","132.0000","132.0000"," ","0.0000","0.0000","51700","6844300","132.3849"
"20210721","01","12","    35370","JP3361400009","1004.0000","1004.0000","989.0000","989.0000","991.0000","991.0000","989.0000","990.0000","1004.0000","1004.0000","989.0000","990.0000"," ","0.0000","0.0000","9300","9323100","1002.4839"
"20210721","01","12","    35400","JP3346190006","7400.0000","7560.0000","7400.0000","7480.0000","7470.0000","7500.0000","7420.0000","7500.0000","7400.0000","7560.0000","7400.0000","7500.0000"," ","0.0000","0.0000","7400","55386000","7484.5946"
"20210721","01","12","    35410","JP3759570009","532.0000","533.0000","529.0000","529.0000","530.0000","530.0000","527.0000","528.0000","532.0000","533.0000","527.0000","528.0000"," ","0.0000","0.0000","18300","9698500","529.9727"
"20210721","01","12","    35420","JP3835300009","1147.0000","1195.0000","1140.0000","1175.0000","1175.0000","1195.0000","1163.0000","1179.0000","1147.0000","1195.0000","1140.0000","1179.0000"," ","0.0000","0.0000","103300","121605200","1177.2043"
"20210721","01","12","    35500","JP3399330004","406.0000","410.0000","404.0000","408.0000","410.0000","410.0000","407.0000","409.0000","406.0000","410.0000","404.0000","409.0000"," ","0.0000","0.0000","19000","7758700","408.3526"
"20210721","01","12","    35560","JP3974560009","740.0000","759.0000","738.0000","746.0000","746.0000","746.0000","738.0000","743.0000","740.0000","759.0000","738.0000","743.0000"," ","0.0000","0.0000","85900","64286100","748.3830"
"20210721","01","12","    35570","JP3949420008","1237.0000","1243.0000","1232.0000","1232.0000","1232.0000","1232.0000","1222.0000","1223.0000","1237.0000","1243.0000","1222.0000","1223.0000"," ","0.0000","0.0000","5200","6408400","1232.3846"
"20210721","01","12","    35580","JP3984120000","1500.0000","1506.0000","1455.0000","1460.0000","1456.0000","1462.0000","1421.0000","1427.0000","1500.0000","1506.0000","1421.0000","1427.0000"," ","0.0000","0.0000","374900","544823700","1453.2507"
"20210721","01","12","    35600","JP3852650005","4020.0000","4030.0000","4020.0000","4030.0000","4010.0000","4060.0000","4010.0000","4060.0000","4020.0000","4060.0000","4010.0000","4060.0000"," ","0.0000","0.0000","2300","9258500","4025.4348"
"20210721","01","12","    35620","JP3653590004","1298.0000","1320.0000","1283.0000","1297.0000","1286.0000","1296.0000","1270.0000","1273.0000","1298.0000","1320.0000","1270.0000","1273.0000"," ","0.0000","0.0000","61000","78984700","1294.8311"
"20210721","01","12","    35660","JP3952530008","1786.0000","1800.0000","1786.0000","1800.0000","1782.0000","1800.0000","1782.0000","1800.0000","1786.0000","1800.0000","1782.0000","1800.0000"," ","0.0000","0.0000","900","1614100","1793.4444"
"20210721","01","12","    35780","JP3431800006","0.0000","0.0000","0.0000","0.0000","422.0000","422.0000","422.0000","422.0000","422.0000","422.0000","422.0000","422.0000"," ","0.0000","0.0000","200","84400","422.0000"
"20210721","01","12","    35830","JP3173600002","725.0000","725.0000","725.0000","725.0000","724.0000","724.0000","715.0000","715.0000","725.0000","725.0000","715.0000","715.0000"," ","0.0000","0.0000","2800","2028900","724.6071"
"20210721","01","12","    35970","JP3386400000","6590.0000","6590.0000","6590.0000","6590.0000","6600.0000","6620.0000","6600.0000","6620.0000","6590.0000","6620.0000","6590.0000","6620.0000"," ","0.0000","0.0000","300","1981000","6603.3333"
"20210721","01","12","    35980","JP3935000004","162.0000","164.0000","162.0000","164.0000","164.0000","164.0000","162.0000","163.0000","162.0000","164.0000","162.0000","163.0000"," ","0.0000","0.0000","10500","1705400","162.4190"
"20210721","01","12","    36000","JP3818650008","1585.0000","1585.0000","1585.0000","1585.0000","0.0000","0.0000","0.0000","0.0000","1585.0000","1585.0000","1585.0000","1585.0000"," ","0.0000","0.0000","600","951000","1585.0000"
"20210721","01","12","    36040","JP3227100009","1015.0000","1023.0000","1013.0000","1019.0000","1015.0000","1018.0000","1008.0000","1016.0000","1015.0000","1023.0000","1008.0000","1016.0000"," ","0.0000","0.0000","17200","17462600","1015.2674"
"20210721","01","12","    36220","JP3758180008","696.0000","698.0000","688.0000","688.0000","678.0000","681.0000","678.0000","681.0000","696.0000","698.0000","678.0000","681.0000"," ","0.0000","0.0000","6200","4273000","689.1935"
"20210721","01","12","    36230","JP3800490009","1011.0000","1035.0000","1005.0000","1010.0000","1008.0000","1013.0000","1000.0000","1001.0000","1011.0000","1035.0000","1000.0000","1001.0000"," ","0.0000","0.0000","19300","19579000","1014.4560"
"20210721","01","12","    36240","JP3108130000","420.0000","429.0000","419.0000","419.0000","422.0000","422.0000","415.0000","418.0000","420.0000","429.0000","415.0000","418.0000"," ","0.0000","0.0000","55900","23520300","420.7567"
"20210721","01","12","    36250","JP3545400008","720.0000","720.0000","700.0000","703.0000","703.0000","718.0000","696.0000","718.0000","720.0000","720.0000","696.0000","718.0000"," ","0.0000","0.0000","15400","10874100","706.1104"
"20210721","01","12","    36280","JP3548730005","4265.0000","4270.0000","4190.0000","4190.0000","4190.0000","4235.0000","4185.0000","4195.0000","4265.0000","4270.0000","4185.0000","4195.0000"," ","0.0000","0.0000","4000","16905500","4226.3750"
"20210721","01","12","    36340","JP3433300005","851.0000","851.0000","823.0000","823.0000","830.0000","830.0000","823.0000","825.0000","851.0000","851.0000","823.0000","825.0000"," ","0.0000","0.0000","4600","3817100","829.8043"
"20210721","01","12","    36410","JP3781540004","1719.0000","1729.0000","1657.0000","1663.0000","1662.0000","1666.0000","1616.0000","1618.0000","1719.0000","1729.0000","1616.0000","1618.0000"," ","0.0000","0.0000","117200","194019100","1655.4531"
"20210721","01","12","    36450","JP3752400006","540.0000","548.0000","532.0000","533.0000","533.0000","540.0000","530.0000","534.0000","540.0000","548.0000","530.0000","534.0000"," ","0.0000","0.0000","243700","130961400","537.3878"
"20210721","01","12","    36460","JP3161250000","505.0000","506.0000","500.0000","500.0000","504.0000","504.0000","501.0000","503.0000","505.0000","506.0000","500.0000","503.0000"," ","0.0000","0.0000","5900","2967500","502.9661"
"20210721","01","12","    36470","JP3300950007","548.0000","548.0000","520.0000","522.0000","520.0000","537.0000","514.0000","530.0000","548.0000","548.0000","514.0000","530.0000"," ","0.0000","0.0000","760100","404106200","531.6487"
"20210721","01","12","    36520","JP3548750003","1829.0000","1840.0000","1820.0000","1837.0000","1841.0000","1844.0000","1830.0000","1838.0000","1829.0000","1844.0000","1820.0000","1838.0000"," ","0.0000","0.0000","6400","11736700","1833.8594"
"20210721","01","12","    36530","JP3927550008","1286.0000","1310.0000","1286.0000","1295.0000","1307.0000","1310.0000","1290.0000","1304.0000","1286.0000","1310.0000","1286.0000","1304.0000"," ","0.0000","0.0000","7700","10008900","1299.8571"
"20210721","01","12","    36630","JP3100260003","1056.0000","1059.0000","1017.0000","1024.0000","1025.0000","1029.0000","1007.0000","1018.0000","1056.0000","1059.0000","1007.0000","1018.0000"," ","0.0000","0.0000","726500","746357100","1027.3326"
"20210721","01","12","    36640","JP3922970003","106.0000","107.0000","105.0000","106.0000","105.0000","106.0000","105.0000","106.0000","106.0000","107.0000","105.0000","106.0000"," ","0.0000","0.0000","272700","28772200","105.5086"
"20210721","01","12","    36700","JP3253820009","1681.0000","1681.0000","1680.0000","1680.0000","0.0000","0.0000","0.0000","0.0000","1681.0000","1681.0000","1680.0000","1680.0000"," ","0.0000","0.0000","200","336100","1680.5000"
"20210721","01","12","    36710","JP3436140002","1232.0000","1248.0000","1197.0000","1236.0000","1236.0000","1236.0000","1217.0000","1220.0000","1232.0000","1248.0000","1197.0000","1220.0000"," ","0.0000","0.0000","22500","27591000","1226.2667"
"20210721","01","12","    36740","JP3172070009","1298.0000","1308.0000","1288.0000","1291.0000","1300.0000","1300.0000","1269.0000","1270.0000","1298.0000","1308.0000","1269.0000","1270.0000"," ","0.0000","0.0000","55400","71476000","1290.1805"
"20210721","01","12","    36800","JP3852000003","624.0000","638.0000","622.0000","630.0000","630.0000","633.0000","624.0000","632.0000","624.0000","638.0000","622.0000","632.0000"," ","0.0000","0.0000","228600","143900900","629.4878"
"20210721","01","12","    36900","JP3984180004","1090.0000","1090.0000","1065.0000","1067.0000","1062.0000","1062.0000","1048.0000","1048.0000","1090.0000","1090.0000","1048.0000","1048.0000"," ","0.0000","0.0000","27400","29154100","1064.0182"
"20210721","01","12","    36910","JP3969570005","544.0000","545.0000","536.0000","545.0000","542.0000","545.0000","541.0000","542.0000","544.0000","545.0000","536.0000","542.0000"," ","0.0000","0.0000","7100","3845100","541.5634"
"20210721","01","12","    36920","JP3166830004","1839.0000","1850.0000","1839.0000","1840.0000","1844.0000","1844.0000","1825.0000","1835.0000","1839.0000","1850.0000","1825.0000","1835.0000"," ","0.0000","0.0000","12000","22034900","1836.2417"
"20210721","01","12","    36930","JP3130220001","0.0000","0.0000","0.0000","0.0000","0.0000","0.0000","0.0000","0.0000","0.0000","0.0000","0.0000","0.0000"," ","0.0000","0.0000","0","0","0.0000"
"20210721","01","12","    36950","JP3386530004","2462.0000","2500.0000","2462.0000","2480.0000","2473.0000","2499.0000","2473.0000","2494.0000","2462.0000","2500.0000","2462.0000","2494.0000"," ","0.0000","0.0000","2200","5460300","2481.9545"
"20210721","01","12","    36980","JP3346050002","1603.0000","1616.0000","1600.0000","1602.0000","1602.0000","1602.0000","1576.0000","1578.0000","1603.0000","1616.0000","1576.0000","1578.0000"," ","0.0000","0.0000","26100","41501800","1590.1073"
"20210721","01","12","    37100","JP3394800001","816.0000","816.0000","814.0000","814.0000","814.0000","822.0000","813.0000","818.0000","816.0000","822.0000","813.0000","818.0000"," ","0.0000","0.0000","2200","1796300","816.5000"
"20210721","01","12","    37120","JP3393500008","2970.0000","2970.0000","2930.0000","2944.0000","2945.0000","2956.0000","2930.0000","2930.0000","2970.0000","2970.0000","2930.0000","2930.0000"," ","0.0000","0.0000","2400","7055200","2939.6667"
"20210721","01","12","    37190","JP3800280004","190.0000","193.0000","189.0000","189.0000","190.0000","191.0000","189.0000","190.0000","190.0000","193.0000","189.0000","190.0000"," ","0.0000","0.0000","216800","41320500","190.5927"
"20210721","01","12","    37230","JP3748520008","1548.0000","1580.0000","1495.0000","1512.0000","1529.0000","1538.0000","1512.0000","1538.0000","1548.0000","1580.0000","1495.0000","1538.0000"," ","0.0000","0.0000","29400","45132100","1535.1054"
"20210721","01","12","    37260","JP3163300001","489.0000","493.0000","489.0000","491.0000","491.0000","493.0000","491.0000","493.0000","489.0000","493.0000","489.0000","493.0000"," ","0.0000","0.0000","2900","1426200","491.7931"
"20210721","01","12","    37270","JP3122610003","190.0000","193.0000","188.0000","189.0000","189.0000","190.0000","188.0000","189.0000","190.0000","193.0000","188.0000","189.0000"," ","0.0000","0.0000","139900","26583200","190.0157"
"20210721","01","12","    37330","JP3436020006","10410.0000","10410.0000","10350.0000","10350.0000","10380.0000","10430.0000","10380.0000","10400.0000","10410.0000","10430.0000","10350.0000","10400.0000"," ","0.0000","0.0000","1100","11435000","10395.4545"
"20210721","01","12","    37440","JP3547100002","658.0000","662.0000","656.0000","659.0000","658.0000","658.0000","651.0000","653.0000","658.0000","662.0000","651.0000","653.0000"," ","0.0000","0.0000","10900","7142700","655.2936"
"20210721","01","12","    37470","JP3152810002","501.0000","512.0000","500.0000","507.0000","505.0000","510.0000","503.0000","508.0000","501.0000","512.0000","500.0000","508.0000"," ","0.0000","0.0000","63600","32229100","506.7469"
"20210721","01","12","    37500","JP3426500009","1296.0000","1319.0000","1296.0000","1300.0000","1300.0000","1309.0000","1296.0000","1296.0000","1296.0000","1319.0000","1296.0000","1296.0000"," ","0.0000","0.0000","3000","3911300","1303.7667"
"20210721","01","12","    37530","JP3826280004","513.0000","517.0000","513.0000","513.0000","513.0000","515.0000","513.0000","513.0000","513.0000","517.0000","513.0000","513.0000"," ","0.0000","0.0000","11000","5655900","514.1727"
"20210721","01","12","    37580","JP3105290005","470.0000","474.0000","467.0000","469.0000","470.0000","472.0000","468.0000","470.0000","470.0000","474.0000","467.0000","470.0000"," ","0.0000","0.0000","37400","17606700","470.7674"
"20210721","01","12","    37600","JP3281200000","1110.0000","1119.0000","1088.0000","1099.0000","1094.0000","1094.0000","1071.0000","1081.0000","1110.0000","1119.0000","1071.0000","1081.0000"," ","0.0000","0.0000","53200","58035000","1090.8835"
"20210721","01","12","    37660","JP3350950006","700.0000","700.0000","686.0000","689.0000","697.0000","697.0000","687.0000","687.0000","700.0000","700.0000","686.0000","687.0000"," ","0.0000","0.0000","6700","4645000","693.2836"
"20210721","01","12","    37680","JP3974180006","913.0000","920.0000","913.0000","916.0000","915.0000","921.0000","914.0000","915.0000","913.0000","921.0000","913.0000","915.0000"," ","0.0000","0.0000","14900","13643900","915.6980"
"20210721","01","12","    37720","JP3639550007","2148.0000","2165.0000","2139.0000","2139.0000","2152.0000","2152.0000","2121.0000","2121.0000","2148.0000","2165.0000","2121.0000","2121.0000"," ","0.0000","0.0000","4600","9846600","2140.5652"
"20210721","01","12","    37730","JP3122150000","722.0000","724.0000","718.0000","721.0000","718.0000","719.0000","714.0000","714.0000","722.0000","724.0000","714.0000","714.0000"," ","0.0000","0.0000","43200","31063300","719.0579"
"20210721","01","12","    37760","JP3831480003","226.0000","229.0000","225.0000","228.0000","227.0000","228.0000","226.0000","228.0000","226.0000","229.0000","225.0000","228.0000"," ","0.0000","0.0000","278200","63184900","227.1204"
"20210721","01","12","    37770","JP3440200008","19.0000","19.0000","17.0000","18.0000","18.0000","18.0000","18.0000","18.0000","19.0000","19.0000","17.0000","18.0000"," ","0.0000","0.0000","545800","9930700","18.1948"
"20210721","01","12","    37790","JP3386010007","109.0000","110.0000","109.0000","110.0000","108.0000","110.0000","108.0000","110.0000","109.0000","110.0000","108.0000","110.0000"," ","0.0000","0.0000","21900","2382600","108.7945"
"20210721","01","12","    37820","JP3548620008","210.0000","213.0000","210.0000","212.0000","210.0000","211.0000","209.0000","209.0000","210.0000","213.0000","209.0000","209.0000"," ","0.0000","0.0000","114400","24066700","210.3733"
"20210721","01","12","    37870","JP3545170007","795.0000","802.0000","794.0000","794.0000","0.0000","0.0000","0.0000","0.0000","795.0000","802.0000","794.0000","794.0000"," ","0.0000","0.0000","400","318600","796.5000"
"20210721","01","12","    37910","JP3833770005","1670.0000","1697.0000","1670.0000","1685.0000","1685.0000","1685.0000","1660.0000","1670.0000","1670.0000","1697.0000","1660.0000","1670.0000"," ","0.0000","0.0000","6900","11598800","1680.9855"
"20210721","01","12","    37930","JP3639570005","622.0000","633.0000","609.0000","609.0000","615.0000","615.0000","607.0000","615.0000","622.0000","633.0000","607.0000","615.0000"," ","0.0000","0.0000","273600","169227100","618.5201"
"20210721","01","12","    37960","JP3131050001","452.0000","454.0000","449.0000","454.0000","460.0000","462.0000","454.0000","462.0000","452.0000","462.0000","449.0000","462.0000"," ","0.0000","0.0000","20200","9208800","455.8812"
"20210721","01","12","    37980","JP3159910003","4550.0000","4670.0000","4550.0000","4635.0000","4630.0000","4735.0000","4630.0000","4735.0000","4550.0000","4735.0000","4550.0000","4735.0000"," ","0.0000","0.0000","21600","100734000","4663.6111"
"20210721","01","12","    37990","JP3236150003","719.0000","719.0000","710.0000","710.0000","709.0000","712.0000","707.0000","708.0000","719.0000","719.0000","707.0000","708.0000"," ","0.0000","0.0000","20300","14479600","713.2808"
"20210721","01","12","    38000","JP3799680008","1846.0000","1848.0000","1832.0000","1844.0000","1844.0000","1850.0000","1844.0000","1850.0000","1846.0000","1850.0000","1832.0000","1850.0000"," ","0.0000","0.0000","2100","3873600","1844.5714"
"20210721","01","12","    38020","JP3161220003","560.0000","562.0000","554.0000","554.0000","558.0000","558.0000","551.0000","557.0000","560.0000","562.0000","551.0000","557.0000"," ","0.0000","0.0000","6500","3609900","555.3692"
"20210721","01","12","    38030","JP3149300000","561.0000","573.0000","561.0000","573.0000","570.0000","570.0000","570.0000","570.0000","561.0000","573.0000","561.0000","570.0000"," ","0.0000","0.0000","600","340500","567.5000"
"20210721","01","12","    38040","JP3351040005","1474.0000","1474.0000","1462.0000","1462.0000","1468.0000","1468.0000","1440.0000","1447.0000","1474.0000","1474.0000","1440.0000","1447.0000"," ","0.0000","0.0000","14400","20948300","1454.7431"
"20210721","01","12","    38070","JP3802890008","179.0000","187.0000","178.0000","183.0000","184.0000","187.0000","182.0000","187.0000","179.0000","187.0000","178.0000","187.0000"," ","0.0000","0.0000","446000","82170900","184.2397"
"20210721","01","12","    38100","JP3311520005","671.0000","676.0000","668.0000","668.0000","668.0000","670.0000","665.0000","666.0000","671.0000","676.0000","665.0000","666.0000"," ","0.0000","0.0000","12900","8632500","669.1860"
"20210721","01","12","    38140","JP3126380009","687.0000","692.0000","687.0000","689.0000","689.0000","692.0000","686.0000","688.0000","687.0000","692.0000","686.0000","688.0000"," ","0.0000","0.0000","2500","1722800","689.1200"
"20210721","01","12","    38150","JP3921140004","323.0000","323.0000","321.0000","323.0000","320.0000","322.0000","320.0000","321.0000","323.0000","323.0000","320.0000","321.0000"," ","0.0000","0.0000","2000","643600","321.8000"
"20210721","01","12","    38160","JP3501900009","1058.0000","1066.0000","1058.0000","1065.0000","1065.0000","1065.0000","1057.0000","1057.0000","1058.0000","1066.0000","1057.0000","1057.0000"," ","0.0000","0.0000","1300","1379100","1060.8462"
"20210721","01","12","    38230","JP3108120001","175.0000","175.0000","170.0000","172.0000","172.0000","172.0000","170.0000","170.0000","175.0000","175.0000","170.0000","170.0000"," ","0.0000","0.0000","394600","67830800","171.8976"
"20210721","01","12","    38250","JP3974900007","133.0000","136.0000","132.0000","134.0000","133.0000","134.0000","131.0000","131.0000","133.0000","136.0000","131.0000","131.0000"," ","0.0000","0.0000","610300","81285800","133.1899"
"20210721","01","12","    38400","JP3130250008","113.0000","115.0000","112.0000","112.0000","112.0000","112.0000","109.0000","109.0000","113.0000","115.0000","109.0000","109.0000"," ","0.0000","0.0000","291600","32423000","111.1900"
"20210721","01","12","    38410","JP3386340008","1297.0000","1299.0000","1297.0000","1299.0000","1297.0000","1297.0000","1275.0000","1296.0000","1297.0000","1299.0000","1275.0000","1296.0000"," ","0.0000","0.0000","1200","1548400","1290.3333"
"20210721","01","12","    38420","JP3758150001","1210.0000","1238.0000","1210.0000","1221.0000","1222.0000","1244.0000","1222.0000","1224.0000","1210.0000","1244.0000","1210.0000","1224.0000"," ","0.0000","0.0000","8700","10642900","1223.3218"
"20210721","01","12","    38450","JP3105080000","154.0000","155.0000","153.0000","154.0000","153.0000","155.0000","153.0000","154.0000","154.0000","155.0000","153.0000","154.0000"," ","0.0000","0.0000","18800","2896000","154.0426"
"20210721","01","12","    38470","JP3781340009","0.0000","0.0000","0.0000","0.0000","3335.0000","3335.0000","3335.0000","3335.0000","3335.0000","3335.0000","3335.0000","3335.0000"," ","0.0000","0.0000","100","333500","3335.0000"
"20210721","01","12","    38480","JP3548450000","1650.0000","1650.0000","1641.0000","1641.0000","1650.0000","1650.0000","1634.0000","1650.0000","1650.0000","1650.0000","1634.0000","1650.0000"," ","0.0000","0.0000","1400","2301900","1644.2143"
"20210721","01","12","    38500","JP3165830005","2843.0000","2843.0000","2843.0000","2843.0000","2842.0000","2842.0000","2819.0000","2832.0000","2843.0000","2843.0000","2819.0000","2832.0000"," ","0.0000","0.0000","1400","3970600","2836.1429"
"20210721","01","12","    38510","JP3687000004","1124.0000","1135.0000","1123.0000","1133.0000","1141.0000","1141.0000","1123.0000","1128.0000","1124.0000","1141.0000","1123.0000","1128.0000"," ","0.0000","0.0000","7100","8019100","1129.4507"
"20210721","01","12","    38560","JP3969530009","6330.0000","6370.0000","6210.0000","6330.0000","6310.0000","6320.0000","6190.0000","6200.0000","6330.0000","6370.0000","6190.0000","6200.0000"," ","0.0000","0.0000","77000","482747000","6269.4416"
"20210721","01","12","    38570","JP3967900006","1057.0000","1060.0000","1048.0000","1051.0000","1051.0000","1059.0000","1050.0000","1056.0000","1057.0000","1060.0000","1048.0000","1056.0000"," ","0.0000","0.0000","51700","54514300","1054.4352"
"20210721","01","12","    38580","JP3952840001","607.0000","607.0000","593.0000","598.0000","597.0000","597.0000","588.0000","589.0000","607.0000","607.0000","588.0000","589.0000"," ","0.0000","0.0000","11600","6913200","595.9655"
"20210721","01","12","    38910","JP3707000000","3465.0000","3480.0000","3405.0000","3405.0000","3415.0000","3425.0000","3385.0000","3425.0000","3465.0000","3480.0000","3385.0000","3425.0000"," ","0.0000","0.0000","110100","377280000","3426.7030"
"20210721","01","12","    38920","JP3193900002","934.0000","934.0000","922.0000","922.0000","921.0000","922.0000","921.0000","922.0000","934.0000","934.0000","921.0000","922.0000"," ","0.0000","0.0000","900","835600","928.4444"
"20210721","01","12","    38950","JP3770250003","535.0000","535.0000","535.0000","535.0000","531.0000","531.0000","531.0000","531.0000","535.0000","535.0000","531.0000","531.0000"," ","0.0000","0.0000","200","106600","533.0000"
"20210721","01","12","    39000","JP3267900003","1436.0000","1437.0000","1413.0000","1418.0000","1417.0000","1430.0000","1404.0000","1413.0000","1436.0000","1437.0000","1404.0000","1413.0000"," ","0.0000","0.0000","20100","28563900","1421.0896"
"20210721","01","12","    39040","JP3220100006","820.0000","828.0000","820.0000","825.0000","826.0000","829.0000","823.0000","829.0000","820.0000","829.0000","820.0000","829.0000"," ","0.0000","0.0000","9600","7931300","826.1771"
"20210721","01","12","    39050","JP3548480007","398.0000","400.0000","395.0000","397.0000","399.0000","399.0000","395.0000","398.0000","398.0000","400.0000","395.0000","398.0000"," ","0.0000","0.0000","12100","4800700","396.7521"
"20210721","01","12","    39060","JP3126460009","5100.0000","5120.0000","5040.0000","5060.0000","5060.0000","5060.0000","5010.0000","5010.0000","5100.0000","5120.0000","5010.0000","5010.0000"," ","0.0000","0.0000","8600","43554000","5064.4186"
"20210721","01","12","    39070","JP3369550003","1115.0000","1120.0000","1108.0000","1108.0000","1108.0000","1116.0000","1108.0000","1110.0000","1115.0000","1120.0000","1108.0000","1110.0000"," ","0.0000","0.0000","1600","1778800","1111.7500"
"20210721","01","12","    39080","JP3305890000","481.0000","485.0000","481.0000","485.0000","484.0000","485.0000","484.0000","485.0000","481.0000","485.0000","481.0000","485.0000"," ","0.0000","0.0000","2000","966600","483.3000"
"20210721","01","12","    39100","JP3167410004","577.0000","585.0000","577.0000","580.0000","577.0000","580.0000","576.0000","577.0000","577.0000","585.0000","576.0000","577.0000"," ","0.0000","0.0000","16400","9474900","577.7378"
"20210721","01","12","    39110","JP3161050004","331.0000","334.0000","328.0000","329.0000","328.0000","329.0000","325.0000","326.0000","331.0000","334.0000","325.0000","326.0000"," ","0.0000","0.0000","330700","108831800","329.0953"
"20210721","01","12","    39130","JP3163950003","1080.0000","1099.0000","1080.0000","1083.0000","1081.0000","1106.0000","1081.0000","1097.0000","1080.0000","1106.0000","1080.0000","1097.0000"," ","0.0000","0.0000","6900","7531700","1091.5507"
"20210721","01","12","    39140","JP3386560001","9120.0000","9170.0000","8980.0000","8980.0000","8990.0000","9030.0000","8890.0000","8960.0000","9120.0000","9170.0000","8890.0000","8960.0000"," ","0.0000","0.0000","41600","374641000","9005.7933"
"20210721","01","12","    39170","JP3105190007","778.0000","778.0000","762.0000","762.0000","766.0000","766.0000","759.0000","764.0000","778.0000","778.0000","759.0000","764.0000"," ","0.0000","0.0000","9300","7128000","766.4516"
"20210721","01","12","    39270","JP3100110000","769.0000","778.0000","769.0000","770.0000","773.0000","773.0000","767.0000","767.0000","769.0000","778.0000","767.0000","767.0000"," ","0.0000","0.0000","12300","9528600","774.6829"
"20210721","01","12","    39290","JP3431100001","657.0000","666.0000","657.0000","659.0000","656.0000","662.0000","656.0000","657.0000","657.0000","666.0000","656.0000","657.0000"," ","0.0000","0.0000","4600","3042300","661.3696"
"20210721","01","12","    39300","JP3769650007","1380.0000","1380.0000","1374.0000","1377.0000","1375.0000","1377.0000","1372.0000","1377.0000","1380.0000","1380.0000","1372.0000","1377.0000"," ","0.0000","0.0000","2400","3302100","1375.8750"
"20210721","01","12","    39310","JP3778430003","1699.0000","1699.0000","1698.0000","1698.0000","1710.0000","1710.0000","1710.0000","1710.0000","1699.0000","1710.0000","1698.0000","1710.0000"," ","0.0000","0.0000","300","510700","1702.3333"
"20210721","01","12","    39330","JP3507650004","1078.0000","1140.0000","1077.0000","1102.0000","1101.0000","1104.0000","1092.0000","1098.0000","1078.0000","1140.0000","1077.0000","1098.0000"," ","0.0000","0.0000","26700","29446700","1102.8727"
"20210721","01","12","    39350","JP3164460002","433.0000","440.0000","433.0000","435.0000","435.0000","436.0000","431.0000","433.0000","433.0000","440.0000","431.0000","433.0000"," ","0.0000","0.0000","30400","13213800","434.6645"
"20210721","01","12","    39360","JP3274310006","1124.0000","1126.0000","1099.0000","1111.0000","1111.0000","1121.0000","1103.0000","1103.0000","1124.0000","1126.0000","1099.0000","1103.0000"," ","0.0000","0.0000","1700","1890900","1112.2941"
"20210721","01","12","    39440","JP3828800007","2335.0000","2335.0000","2327.0000","2335.0000","0.0000","0.0000","0.0000","0.0000","2335.0000","2335.0000","2327.0000","2335.0000"," ","0.0000","0.0000","3000","7003100","2334.3667"
"20210721","01","12","    39450","JP3395400009","1143.0000","1143.0000","1143.0000","1143.0000","1153.0000","1153.0000","1153.0000","1153.0000","1143.0000","1153.0000","1143.0000","1153.0000"," ","0.0000","0.0000","200","229600","1148.0000"
"20210721","01","12","    39470","JP3494200003","1413.0000","1413.0000","1413.0000","1413.0000","1440.0000","1441.0000","1440.0000","1441.0000","1413.0000","1441.0000","1413.0000","1441.0000"," ","0.0000","0.0000","400","573500","1433.7500"
"20210721","01","12","    39480","JP3783450004","535.0000","538.0000","529.0000","530.0000","530.0000","533.0000","527.0000","527.0000","535.0000","538.0000","527.0000","527.0000"," ","0.0000","0.0000","15900","8450500","531.4780"
"20210721","01","12","    39510","JP3110600008","916.0000","916.0000","907.0000","907.0000","913.0000","916.0000","908.0000","916.0000","916.0000","916.0000","907.0000","916.0000"," ","0.0000","0.0000","4800","4389400","914.4583"
"20210721","01","12","    39530","JP3190450001","602.0000","603.0000","602.0000","603.0000","603.0000","603.0000","603.0000","603.0000","602.0000","603.0000","602.0000","603.0000"," ","0.0000","0.0000","900","542600","602.8889"
"20210721","01","12","    39540","JP3368600007","1750.0000","1750.0000","1750.0000","1750.0000","1754.0000","1754.0000","1754.0000","1754.0000","1750.0000","1754.0000","1750.0000","1754.0000"," ","0.0000","0.0000","300","525800","1752.6667"
"20210721","01","12","    39550","JP3149150009","1014.0000","1031.0000","1014.0000","1021.0000","1015.0000","1022.0000","1013.0000","1014.0000","1014.0000","1031.0000","1013.0000","1014.0000"," ","0.0000","0.0000","4900","4996200","1019.6327"
"20210721","01","12","    39560","JP3294500008","302.0000","302.0000","300.0000","300.0000","300.0000","301.0000","300.0000","301.0000","302.0000","302.0000","300.0000","301.0000"," ","0.0000","0.0000","1500","451300","300.8667"
"20210721","01","12","    39600","JP3778440002","3600.0000","3610.0000","3600.0000","3610.0000","0.0000","0.0000","0.0000","0.0000","3600.0000","3610.0000","3600.0000","3610.0000"," ","0.0000","0.0000","300","1081000","3603.3333"
"20210721","01","12","    39610","JP3369580000","1121.0000","1133.0000","1121.0000","1130.0000","1130.0000","1137.0000","1130.0000","1131.0000","1121.0000","1137.0000","1121.0000","1131.0000"," ","0.0000","0.0000","3900","4408600","1130.4103"
"20210721","01","12","    39660","JP3944390008","2427.0000","2479.0000","2412.0000","2453.0000","2457.0000","2467.0000","2434.0000","2467.0000","2427.0000","2479.0000","2412.0000","2467.0000"," ","0.0000","0.0000","87900","215118700","2447.3117"
"20210721","01","12","    39670","JP3167700008","1099.0000","1099.0000","1085.0000","1085.0000","1085.0000","1087.0000","1079.0000","1080.0000","1099.0000","1099.0000","1079.0000","1080.0000"," ","0.0000","0.0000","14100","15317900","1086.3759"
"20210721","01","12","    39700","JP3147900009","2970.0000","3035.0000","2970.0000","2990.0000","2978.0000","2996.0000","2970.0000","2979.0000","2970.0000","3035.0000","2970.0000","2979.0000"," ","0.0000","0.0000","11200","33452200","2986.8036"
"20210721","01","12","    39740","JP3544970001","515.0000","518.0000","515.0000","518.0000","521.0000","521.0000","506.0000","506.0000","515.0000","521.0000","506.0000","506.0000"," ","0.0000","0.0000","1700","872600","513.2941"
"20210721","01","12","    39760","JP3359750001","1099.0000","1124.0000","1099.0000","1120.0000","1111.0000","1125.0000","1111.0000","1120.0000","1099.0000","1125.0000","1099.0000","1120.0000"," ","0.0000","0.0000","7500","8373000","1116.4000"
"20210721","01","12","    39790","JP3159920002","3205.0000","3325.0000","3195.0000","3275.0000","3290.0000","3330.0000","3285.0000","3285.0000","3205.0000","3330.0000","3195.0000","3285.0000"," ","0.0000","0.0000","9200","30121000","3274.0217"
"20210721","01","12","    39860","JP3799760008","0.0000","0.0000","0.0000","0.0000","0.0000","0.0000","0.0000","0.0000","0.0000","0.0000","0.0000","0.0000"," ","0.0000","0.0000","0","0","0.0000"
"20210721","01","12","    39870","JP3161290006","792.0000","801.0000","783.0000","801.0000","803.0000","803.0000","790.0000","791.0000","792.0000","803.0000","783.0000","791.0000"," ","0.0000","0.0000","9200","7286000","791.9565"
"20210721","01","12","    39880","JP3164200002","1321.0000","1321.0000","1321.0000","1321.0000","1311.0000","1311.0000","1296.0000","1311.0000","1321.0000","1321.0000","1296.0000","1311.0000"," ","0.0000","0.0000","1000","1304900","1304.9000"
"20210721","01","12","    39890","JP3347190005","256.0000","256.0000","251.0000","251.0000","251.0000","251.0000","247.0000","248.0000","256.0000","256.0000","247.0000","248.0000"," ","0.0000","0.0000","163800","41061100","250.6783"
"20210721","01","12","    39900","JP3154080000","1425.0000","1451.0000","1419.0000","1421.0000","1428.0000","1430.0000","1415.0000","1419.0000","1425.0000","1451.0000","1415.0000","1419.0000"," ","0.0000","0.0000","76500","109011900","1424.9922"
"20210721","01","12","    39910","JP3155850005","2432.0000","2540.0000","2432.0000","2458.0000","2458.0000","2501.0000","2446.0000","2463.0000","2432.0000","2540.0000","2432.0000","2463.0000"," ","0.0000","0.0000","7700","19089000","2479.0909"
"20210721","01","12","    39930","JP3780050005","2211.0000","2226.0000","2190.0000","2190.0000","2190.0000","2197.0000","2174.0000","2187.0000","2211.0000","2226.0000","2174.0000","2187.0000"," ","0.0000","0.0000","147200","323516700","2197.8037"
"20210721","01","12","    39950","JP3396650008","457.0000","457.0000","451.0000","455.0000","455.0000","455.0000","450.0000","451.0000","457.0000","457.0000","450.0000","451.0000"," ","0.0000","0.0000","3900","1772500","454.4872"
"20210721","01","12","    39970","JP3637220009","819.0000","834.0000","818.0000","818.0000","818.0000","832.0000","818.0000","818.0000","819.0000","834.0000","818.0000","818.0000"," ","0.0000","0.0000","6500","5364500","825.3077"
"20210721","01","12","    39980","JP3410450005","2103.0000","2140.0000","2095.0000","2101.0000","2106.0000","2107.0000","2071.0000","2106.0000","2103.0000","2140.0000","2071.0000","2106.0000"," ","0.0000","0.0000","40000","84236600","2105.9150"
"20210721","01","12","    39990","JP3652100003","787.0000","790.0000","770.0000","777.0000","782.0000","814.0000","782.0000","787.0000","787.0000","814.0000","770.0000","787.0000"," ","0.0000","0.0000","7400","5851300","790.7162"
"20210721","01","12","    40110","JP3835050000","7770.0000","7800.0000","7730.0000","7750.0000","7790.0000","7790.0000","7750.0000","7750.0000","7770.0000","7800.0000","7730.0000","7750.0000"," ","0.0000","0.0000","1200","9322000","7768.3333"
"20210721","01","12","    40120","JP3108210000","1581.0000","1586.0000","1570.0000","1574.0000","1587.0000","1587.0000","1574.0000","1574.0000","1581.0000","1587.0000","1570.0000","1574.0000"," ","0.0000","0.0000","8600","13581500","1579.2442"
"20210721","01","12","    40130","JP3680630005","1997.0000","2025.0000","1992.0000","2019.0000","2019.0000","2042.0000","2011.0000","2012.0000","1997.0000","2042.0000","1992.0000","2012.0000"," ","0.0000","0.0000","33700","67952900","2016.4065"
"20210721","01","12","    40140","JP3220270007","1400.0000","1414.0000","1389.0000","1394.0000","1394.0000","1401.0000","1387.0000","1396.0000","1400.0000","1414.0000","1387.0000","1396.0000"," ","0.0000","0.0000","41800","58459600","1398.5550"
"20210721","01","12","    40150","JP3125700009","1255.0000","1267.0000","1254.0000","1257.0000","1256.0000","1257.0000","1236.0000","1248.0000","1255.0000","1267.0000","1236.0000","1248.0000"," ","0.0000","0.0000","55100","68941400","1251.2051"
"20210721","01","12","    40160","JP3895150005","950.0000","953.0000","950.0000","953.0000","953.0000","960.0000","953.0000","953.0000","950.0000","960.0000","950.0000","953.0000"," ","0.0000","0.0000","4200","4014100","955.7381"
"20210721","01","12","    40170","JP3269770008","3585.0000","3590.0000","3430.0000","3485.0000","3500.0000","3500.0000","3470.0000","3485.0000","3585.0000","3590.0000","3430.0000","3485.0000"," ","0.0000","0.0000","33800","118288500","3499.6598"
"20210721","01","12","    40180","JP3386740009","0.0000","0.0000","0.0000","0.0000","0.0000","0.0000","0.0000","0.0000","0.0000","0.0000","0.0000","0.0000"," ","0.0000","0.0000","0","0","0.0000"
"20210721","01","12","    40190","JP3399350002","934.0000","962.0000","934.0000","962.0000","946.0000","958.0000","936.0000","946.0000","934.0000","962.0000","934.0000","946.0000"," ","0.0000","0.0000","21600","20402000","944.5370"
"20210721","01","12","    40200","JP3799720002","2746.0000","2771.0000","2691.0000","2691.0000","2703.0000","2723.0000","2703.0000","2723.0000","2746.0000","2771.0000","2691.0000","2723.0000"," ","0.0000","0.0000","1200","3262600","2718.8333"
"20210721","01","12","    40260","JP3289000006","2168.0000","2213.0000","2168.0000","2182.0000","2185.0000","2229.0000","2160.0000","2212.0000","2168.0000","2229.0000","2160.0000","2212.0000"," ","0.0000","0.0000","96700","213383000","2206.6494"
"20210721","01","12","    40510","JP3386710002","20360.0000","21010.0000","20120.0000","20240.0000","20190.0000","20200.0000","19960.0000","20050.0000","20360.0000","21010.0000","19960.0000","20050.0000"," ","0.0000","0.0000","18700","379419000","20289.7861"
"20210721","01","12","    40520","JP3803080005","1090.0000","1128.0000","1090.0000","1117.0000","1106.0000","1117.0000","1104.0000","1117.0000","1090.0000","1128.0000","1090.0000","1117.0000"," ","0.0000","0.0000","7000","7717500","1102.5000"
"20210721","01","12","    40530","JP3323800007","2045.0000","2059.0000","2011.0000","2013.0000","2011.0000","2025.0000","2008.0000","2012.0000","2045.0000","2059.0000","2008.0000","2012.0000"," ","0.0000","0.0000","59500","120255900","2021.1076"
"20210721","01","12","    40540","JP3718700002","1620.0000","1625.0000","1602.0000","1607.0000","1602.0000","1610.0000","1592.0000","1592.0000","1620.0000","1625.0000","1592.0000","1592.0000"," ","0.0000","0.0000","26000","41729400","1604.9769"
"20210721","01","12","    40550","JP3539210009","4550.0000","4590.0000","4510.0000","4515.0000","4530.0000","4545.0000","4505.0000","4505.0000","4550.0000","4590.0000","4505.0000","4505.0000"," ","0.0000","0.0000","34700","157196500","4530.1585"
"20210721","01","12","    40560","JP3756370007","4325.0000","4395.0000","4310.0000","4340.0000","4340.0000","4350.0000","4260.0000","4325.0000","4325.0000","4395.0000","4260.0000","4325.0000"," ","0.0000","0.0000","54000","233744500","4328.6019"
"20210721","01","12","    40570","JP3152710004","1732.0000","1732.0000","1638.0000","1640.0000","1639.0000","1649.0000","1600.0000","1617.0000","1732.0000","1732.0000","1600.0000","1617.0000"," ","0.0000","0.0000","90200","147946900","1640.2095"
"20210721","01","12","    40580","JP3632650002","2159.0000","2196.0000","2097.0000","2134.0000","2122.0000","2132.0000","2047.0000","2079.0000","2159.0000","2196.0000","2047.0000","2079.0000"," ","0.0000","0.0000","31900","67391900","2112.5987"
"20210721","01","12","    40590","JP3863060004","1093.0000","1131.0000","1093.0000","1106.0000","1103.0000","1104.0000","1090.0000","1095.0000","1093.0000","1131.0000","1090.0000","1095.0000"," ","0.0000","0.0000","6600","7253300","1098.9848"
"20210721","01","12","    40600","JP3967270004","1326.0000","1360.0000","1325.0000","1329.0000","1329.0000","1331.0000","1321.0000","1323.0000","1326.0000","1360.0000","1321.0000","1323.0000"," ","0.0000","0.0000","24400","32572700","1334.9467"
"20210721","01","12","    40680","JP3835270004","10440.0000","10700.0000","9750.0000","9920.0000","9940.0000","10030.0000","8900.0000","9200.0000","10440.0000","10700.0000","8900.0000","9200.0000"," ","0.0000","0.0000","2100900","20474312000","9745.4957"
"20210721","01","12","    40690","JP3831120005","2692.0000","2734.0000","2652.0000","2652.0000","2652.0000","2675.0000","2602.0000","2658.0000","2692.0000","2734.0000","2602.0000","2658.0000"," ","0.0000","0.0000","77100","205825000","2669.5850"
"20210721","01","12","    40710","JP3832700003","2750.0000","2750.0000","2685.0000","2721.0000","2704.0000","2718.0000","2683.0000","2698.0000","2750.0000","2750.0000","2683.0000","2698.0000"," ","0.0000","0.0000","167800","455000700","2711.5656"
"20210721","01","12","    40740","JP3967020003","2745.0000","2835.0000","2366.0000","2376.0000","2377.0000","2431.0000","2236.0000","2265.0000","2745.0000","2835.0000","2236.0000","2265.0000"," ","0.0000","0.0000","2882000","7241864100","2512.7912"
"20210721","01","12","    40800","JP3468810001","879.0000","889.0000","873.0000","873.0000","875.0000","881.0000","870.0000","875.0000","879.0000","889.0000","870.0000","875.0000"," ","0.0000","0.0000","73200","64233500","877.5068"
"20210721","01","12","    40940","JP3692000007","1300.0000","1313.0000","1293.0000","1301.0000","1301.0000","1305.0000","1290.0000","1296.0000","1300.0000","1313.0000","1290.0000","1296.0000"," ","0.0000","0.0000","6700","8709900","1299.9851"
"20210721","01","12","    41020","JP3872800002","0.0000","0.0000","0.0000","0.0000","0.0000","0.0000","0.0000","0.0000","0.0000","0.0000","0.0000","0.0000"," ","0.0000","0.0000","0","0","0.0000"
"20210721","01","12","    41070","JP3139300002","3260.0000","3320.0000","3260.0000","3295.0000","3295.0000","3320.0000","3270.0000","3270.0000","3260.0000","3320.0000","3260.0000","3270.0000"," ","0.0000","0.0000","2800","9207000","3288.2143"
"20210721","01","12","    41130","JP3452400009","11630.0000","11800.0000","11630.0000","11710.0000","11660.0000","11800.0000","11590.0000","11720.0000","11630.0000","11800.0000","11590.0000","11720.0000"," ","0.0000","0.0000","11700","136763000","11689.1453"
"20210721","01","12","    41150","JP3853400004","0.0000","0.0000","0.0000","0.0000","0.0000","0.0000","0.0000","0.0000","0.0000","0.0000","0.0000","0.0000"," ","0.0000","0.0000","0","0","0.0000"
"20210721","01","12","    41190","JP3747000002","2220.0000","2249.0000","2220.0000","2245.0000","2245.0000","2245.0000","2238.0000","2238.0000","2220.0000","2249.0000","2220.0000","2238.0000"," ","0.0000","0.0000","1000","2235100","2235.1000"
"20210721","01","12","    41200","JP3396600003","1519.0000","1529.0000","1519.0000","1525.0000","1523.0000","1523.0000","1523.0000","1523.0000","1519.0000","1529.0000","1519.0000","1523.0000"," ","0.0000","0.0000","1900","2890500","1521.3158"
"20210721","01","12","    41240","JP3187100007","2621.0000","2625.0000","2559.0000","2570.0000","2563.0000","2567.0000","2525.0000","2546.0000","2621.0000","2625.0000","2525.0000","2546.0000"," ","0.0000","0.0000","25700","66342700","2581.4280"
"20210721","01","12","    41650","JP3833270006","2659.0000","2668.0000","2575.0000","2605.0000","2605.0000","2609.0000","2542.0000","2570.0000","2659.0000","2668.0000","2542.0000","2570.0000"," ","0.0000","0.0000","569200","1477689700","2596.0817"
"20210721","01","12","    41660","JP3212250009","2692.0000","2725.0000","2692.0000","2693.0000","2693.0000","2699.0000","2682.0000","2683.0000","2692.0000","2725.0000","2682.0000","2683.0000"," ","0.0000","0.0000","5900","15903400","2695.4915"
"20210721","01","12","    41670","JP3297370003","3910.0000","3945.0000","3860.0000","3915.0000","3885.0000","3905.0000","3835.0000","3905.0000","3910.0000","3945.0000","3835.0000","3905.0000"," ","0.0000","0.0000","44500","173077500","3889.3820"
"20210721","01","12","    41680","JP3933850004","3335.0000","3430.0000","3315.0000","3395.0000","3400.0000","3420.0000","3355.0000","3355.0000","3335.0000","3430.0000","3315.0000","3355.0000"," ","0.0000","0.0000","57400","193837000","3376.9512"
"20210721","01","12","    41690","JP3165870001","1718.0000","1762.0000","1682.0000","1745.0000","1745.0000","1805.0000","1736.0000","1791.0000","1718.0000","1805.0000","1682.0000","1791.0000"," ","0.0000","0.0000","142200","250635600","1762.5570"
"20210721","01","12","    41700","JP3205610003","1435.0000","1445.0000","1380.0000","1381.0000","1380.0000","1386.0000","1373.0000","1374.0000","1435.0000","1445.0000","1373.0000","1374.0000"," ","0.0000","0.0000","149300","207622700","1390.6410"
"20210721","01","12","    41710","JP3274340003","1852.0000","1861.0000","1804.0000","1813.0000","1812.0000","1812.0000","1795.0000","1795.0000","1852.0000","1861.0000","1795.0000","1795.0000"," ","0.0000","0.0000","15200","27552500","1812.6645"
"20210721","01","12","    41720","JP3622700007","3350.0000","3380.0000","3330.0000","3335.0000","3335.0000","3345.0000","3330.0000","3345.0000","3350.0000","3380.0000","3330.0000","3345.0000"," ","0.0000","0.0000","3300","11037500","3344.6970"
"20210721","01","12","    41730","JP3991800008","2888.0000","2894.0000","2758.0000","2791.0000","2795.0000","2795.0000","2711.0000","2721.0000","2888.0000","2894.0000","2711.0000","2721.0000"," ","0.0000","0.0000","56800","158197500","2785.1673"
"20210721","01","12","    41740","JP3122490000","2623.0000","2626.0000","2579.0000","2579.0000","2529.0000","2578.0000","2529.0000","2562.0000","2623.0000","2626.0000","2529.0000","2562.0000"," ","0.0000","0.0000","6200","15985000","2578.2258"
"20210721","01","12","    41750","JP3305910006","4630.0000","4630.0000","4565.0000","4565.0000","4565.0000","4580.0000","4530.0000","4555.0000","4630.0000","4630.0000","4530.0000","4555.0000"," ","0.0000","0.0000","8900","40685000","4571.3483"
"20210721","01","12","    41760","JP3297320008","1949.0000","1978.0000","1922.0000","1925.0000","1925.0000","1944.0000","1907.0000","1932.0000","1949.0000","1978.0000","1907.0000","1932.0000"," ","0.0000","0.0000","229300","444912000","1940.3053"
"20210721","01","12","    41770","JP3104830009","6630.0000","7300.0000","6630.0000","7050.0000","7070.0000","7370.0000","7070.0000","7240.0000","6630.0000","7370.0000","6630.0000","7240.0000"," ","0.0000","0.0000","99900","709384000","7100.9409"
"20210721","01","12","    41780","JP3347180006","3370.0000","3370.0000","3230.0000","3230.0000","3230.0000","3310.0000","3205.0000","3225.0000","3370.0000","3370.0000","3205.0000","3225.0000"," ","0.0000","0.0000","12800","41585500","3248.8672"
"20210721","01","12","    41790","JP3386760007","1250.0000","1330.0000","1250.0000","1290.0000","1285.0000","1288.0000","1220.0000","1231.0000","1250.0000","1330.0000","1220.0000","1231.0000"," ","0.0000","0.0000","15300","19409700","1268.6078"
"20210721","01","12","    41800","JP3160960005","1507.0000","1533.0000","1494.0000","1515.0000","1484.0000","1498.0000","1476.0000","1483.0000","1507.0000","1533.0000","1476.0000","1483.0000"," ","0.0000","0.0000","146400","219157300","1496.9761"
"20210721","01","12","    41920","JP3399950009","1870.0000","1896.0000","1819.0000","1819.0000","1815.0000","1841.0000","1810.0000","1828.0000","1870.0000","1896.0000","1810.0000","1828.0000"," ","0.0000","0.0000","35300","64872400","1837.7450"
"20210721","01","12","    41930","JP3802470009","4750.0000","4770.0000","4530.0000","4605.0000","4570.0000","4685.0000","4480.0000","4655.0000","4750.0000","4770.0000","4480.0000","4655.0000"," ","0.0000","0.0000","212500","984832000","4634.5035"
"20210721","01","12","    41940","JP3800270005","5910.0000","5910.0000","5750.0000","5750.0000","5740.0000","5770.0000","5660.0000","5680.0000","5910.0000","5910.0000","5660.0000","5680.0000"," ","0.0000","0.0000","50900","292499000","5746.5422"
"20210721","01","12","    41960","JP3758260008","3060.0000","3065.0000","2991.0000","2994.0000","2999.0000","3020.0000","2987.0000","2987.0000","3060.0000","3065.0000","2987.0000","2987.0000"," ","0.0000","0.0000","29100","87652400","3012.1100"
"20210721","01","12","    41980","JP3547620009","3670.0000","3670.0000","3595.0000","3595.0000","3595.0000","3595.0000","3515.0000","3570.0000","3670.0000","3670.0000","3515.0000","3570.0000"," ","0.0000","0.0000","10500","37591000","3580.0952"
"20210721","01","12","    41990","JP3994700007","2868.0000","2880.0000","2730.0000","2733.0000","2733.0000","2734.0000","2637.0000","2637.0000","2868.0000","2880.0000","2637.0000","2637.0000"," ","0.0000","0.0000","102700","280282100","2729.1344"
"20210721","01","12","    42000","JP3160980003","1635.0000","1635.0000","1612.0000","1615.0000","1614.0000","1614.0000","1604.0000","1607.0000","1635.0000","1635.0000","1604.0000","1607.0000"," ","0.0000","0.0000","14200","22914700","1613.7113"
"20210721","01","12","    42220","JP3299000004","468.0000","468.0000","462.0000","462.0000","465.0000","465.0000","462.0000","463.0000","468.0000","468.0000","462.0000","463.0000"," ","0.0000","0.0000","6200","2878400","464.2581"
"20210721","01","12","    42240","JP3985200009","1515.0000","1515.0000","1502.0000","1508.0000","1508.0000","1508.0000","1502.0000","1502.0000","1515.0000","1515.0000","1502.0000","1502.0000"," ","0.0000","0.0000","4100","6168000","1504.3902"
"20210721","01","12","    42340","JP3324600000","544.0000","544.0000","544.0000","544.0000","543.0000","543.0000","543.0000","543.0000","544.0000","544.0000","543.0000","543.0000"," ","0.0000","0.0000","7100","3861900","543.9296"
"20210721","01","12","    42350","JP3473600009","1356.0000","1356.0000","1344.0000","1344.0000","1352.0000","1352.0000","1341.0000","1341.0000","1356.0000","1356.0000","1341.0000","1341.0000"," ","0.0000","0.0000","600","809400","1349.0000"
"20210721","01","12","    42370","JP3820720005","337.0000","341.0000","335.0000","336.0000","336.0000","340.0000","335.0000","339.0000","337.0000","341.0000","335.0000","339.0000"," ","0.0000","0.0000","29200","9853800","337.4589"
"20210721","01","12","    42400","JP3268810003","379.0000","379.0000","374.0000","374.0000","374.0000","375.0000","372.0000","373.0000","379.0000","379.0000","372.0000","373.0000"," ","0.0000","0.0000","5900","2210400","374.6441"
"20210721","01","12","    42410","JP3121300002","1014.0000","1014.0000","1003.0000","1011.0000","1002.0000","1002.0000","995.0000","995.0000","1014.0000","1014.0000","995.0000","995.0000"," ","0.0000","0.0000","3900","3903100","1000.7949"
"20210721","01","12","    42420","JP3453900007","1852.0000","1852.0000","1852.0000","1852.0000","1851.0000","1851.0000","1851.0000","1851.0000","1852.0000","1852.0000","1851.0000","1851.0000"," ","0.0000","0.0000","300","555500","1851.6667"
"20210721","01","12","    42430","JP3668300001","861.0000","868.0000","860.0000","860.0000","864.0000","864.0000","863.0000","864.0000","861.0000","868.0000","860.0000","864.0000"," ","0.0000","0.0000","900","777500","863.8889"
"20210721","01","12","    42500","JP3829500002","0.0000","0.0000","0.0000","0.0000","0.0000","0.0000","0.0000","0.0000","0.0000","0.0000","0.0000","0.0000"," ","0.0000","0.0000","0","0","0.0000"
"20210721","01","12","    42740","JP3846200008","1152.0000","1166.0000","1150.0000","1151.0000","1153.0000","1153.0000","1147.0000","1152.0000","1152.0000","1166.0000","1147.0000","1152.0000"," ","0.0000","0.0000","11300","13029000","1153.0088"
"20210721","01","12","    42870","JP3388470001","398.0000","398.0000","393.0000","396.0000","394.0000","394.0000","392.0000","392.0000","398.0000","398.0000","392.0000","392.0000"," ","0.0000","0.0000","6300","2479700","393.6032"
"20210721","01","12","    42880","JP3119910002","1229.0000","1230.0000","1208.0000","1210.0000","1237.0000","1237.0000","1206.0000","1212.0000","1229.0000","1237.0000","1206.0000","1212.0000"," ","0.0000","0.0000","3000","3646200","1215.4000"
"20210721","01","12","    42930","JP3423300007","499.0000","507.0000","487.0000","502.0000","502.0000","505.0000","494.0000","497.0000","499.0000","507.0000","487.0000","497.0000"," ","0.0000","0.0000","1698200","848921500","499.8949"
"20210721","01","12","    43040","JP3130500006","1962.0000","1986.0000","1958.0000","1961.0000","1961.0000","1974.0000","1951.0000","1966.0000","1962.0000","1986.0000","1951.0000","1966.0000"," ","0.0000","0.0000","9000","17671700","1963.5222"
"20210721","01","12","    43080","JP3386170009","3255.0000","3300.0000","3225.0000","3255.0000","3250.0000","3250.0000","3220.0000","3250.0000","3255.0000","3300.0000","3220.0000","3250.0000"," ","0.0000","0.0000","75800","246349000","3249.9868"
"20210721","01","12","    43160","JP3799750009","608.0000","611.0000","605.0000","605.0000","604.0000","606.0000","601.0000","604.0000","608.0000","611.0000","601.0000","604.0000"," ","0.0000","0.0000","10100","6105800","604.5347"
"20210721","01","12","    43170","JP3979230004","326.0000","331.0000","324.0000","330.0000","329.0000","329.0000","324.0000","324.0000","326.0000","331.0000","324.0000","324.0000"," ","0.0000","0.0000","13300","4341100","326.3985"
"20210721","01","12","    43270","JP3688320005","2837.0000","2837.0000","2837.0000","2837.0000","2837.0000","2852.0000","2837.0000","2852.0000","2837.0000","2852.0000","2837.0000","2852.0000"," ","0.0000","0.0000","700","1991900","2845.5714"
"20210721","01","12","    43340","JP3944350002","359.0000","361.0000","359.0000","361.0000","361.0000","361.0000","358.0000","358.0000","359.0000","361.0000","358.0000","358.0000"," ","0.0000","0.0000","1600","575900","359.9375"
"20210721","01","12","    43350","JP3104980002","937.0000","943.0000","933.0000","933.0000","932.0000","932.0000","922.0000","922.0000","937.0000","943.0000","922.0000","922.0000"," ","0.0000","0.0000","12100","11276200","931.9174"
"20210721","01","12","    43360","JP3269830000","0.0000","0.0000","0.0000","0.0000","0.0000","0.0000","0.0000","0.0000","0.0000","0.0000","0.0000","0.0000"," ","0.0000","0.0000","0","0","0.0000"
"20210721","01","12","    43410","JP3418100008","882.0000","891.0000","882.0000","891.0000","890.0000","890.0000","885.0000","885.0000","882.0000","891.0000","882.0000","885.0000"," ","0.0000","0.0000","600","532100","886.8333"
"20210721","01","12","    43420","JP3421850003","0.0000","0.0000","0.0000","0.0000","0.0000","0.0000","0.0000","0.0000","0.0000","0.0000","0.0000","0.0000"," ","0.0000","0.0000","0","0","0.0000"
"20210721","01","12","    43470","JP3268830001","86.0000","86.0000","84.0000","84.0000","84.0000","85.0000","84.0000","85.0000","86.0000","86.0000","84.0000","85.0000"," ","0.0000","0.0000","458200","38909200","84.9175"
"20210721","01","12","    43510","JP3938900002","796.0000","797.0000","796.0000","797.0000","797.0000","797.0000","796.0000","796.0000","796.0000","797.0000","796.0000","796.0000"," ","0.0000","0.0000","800","637000","796.2500"
"20210721","01","12","    43550","JP3756070003","301.0000","311.0000","300.0000","304.0000","305.0000","307.0000","304.0000","307.0000","301.0000","311.0000","300.0000","307.0000"," ","0.0000","0.0000","95000","28738300","302.5084"
"20210721","01","12","    43560","JP3174500003","3795.0000","3795.0000","3700.0000","3770.0000","3770.0000","3770.0000","3740.0000","3765.0000","3795.0000","3795.0000","3700.0000","3765.0000"," ","0.0000","0.0000","3500","13147500","3756.4286"
"20210721","01","12","    43610","JP3222600003","1340.0000","1343.0000","1326.0000","1326.0000","1329.0000","1329.0000","1301.0000","1315.0000","1340.0000","1343.0000","1301.0000","1315.0000"," ","0.0000","0.0000","4300","5679800","1320.8837"
"20210721","01","12","    43640","JP3869900005","823.0000","824.0000","823.0000","824.0000","816.0000","824.0000","816.0000","820.0000","823.0000","824.0000","816.0000","820.0000"," ","0.0000","0.0000","900","738200","820.2222"
"20210721","01","12","    43650","JP3869100002","10210.0000","10370.0000","10210.0000","10370.0000","0.0000","0.0000","0.0000","0.0000","10210.0000","10370.0000","10210.0000","10370.0000"," ","0.0000","0.0000","200","2058000","10290.0000"
"20210721","01","12","    43660","JP3486500006","931.0000","936.0000","922.0000","922.0000","923.0000","930.0000","918.0000","926.0000","931.0000","936.0000","918.0000","926.0000"," ","0.0000","0.0000","16800","15561300","926.2679"
"20210721","01","12","    43670","JP3286100007","2568.0000","2586.0000","2546.0000","2546.0000","2546.0000","2556.0000","2545.0000","2550.0000","2568.0000","2586.0000","2545.0000","2550.0000"," ","0.0000","0.0000","12100","30902300","2553.9091"
"20210721","01","12","    43800","JP3167490006","1126.0000","1131.0000","1100.0000","1122.0000","1122.0000","1122.0000","1110.0000","1118.0000","1126.0000","1131.0000","1100.0000","1118.0000"," ","0.0000","0.0000","8800","9805700","1114.2841"
"20210721","01","12","    43810","JP3799780006","1951.0000","2100.0000","1950.0000","2050.0000","2045.0000","2049.0000","1857.0000","1857.0000","1951.0000","2100.0000","1857.0000","1857.0000"," ","0.0000","0.0000","78900","157584700","1997.2712"
"20210721","01","12","    43830","JP3800420006","0.0000","0.0000","0.0000","0.0000","0.0000","0.0000","0.0000","0.0000","0.0000","0.0000","0.0000","0.0000"," ","0.0000","0.0000","0","0","0.0000"
"20210721","01","12","    43850","JP3921290007","5700.0000","5830.0000","5610.0000","5720.0000","5730.0000","5790.0000","5670.0000","5680.0000","5700.0000","5830.0000","5610.0000","5680.0000"," ","0.0000","0.0000","906500","5169755000","5702.9840"
"20210721","01","12","    43860","JP3161590009","639.0000","641.0000","636.0000","640.0000","639.0000","639.0000","631.0000","631.0000","639.0000","641.0000","631.0000","631.0000"," ","0.0000","0.0000","3500","2227500","636.4286"
"20210721","01","12","    43870","JP3411810009","1698.0000","1748.0000","1698.0000","1745.0000","1728.0000","1733.0000","1710.0000","1718.0000","1698.0000","1748.0000","1698.0000","1718.0000"," ","0.0000","0.0000","6700","11561200","1725.5522"
"20210721","01","12","    43880","JP3160020008","1725.0000","1766.0000","1725.0000","1748.0000","1759.0000","1765.0000","1740.0000","1764.0000","1725.0000","1766.0000","1725.0000","1764.0000"," ","0.0000","0.0000","6600","11561300","1751.7121"
"20210721","01","12","    43890","JP3833820008","1600.0000","1661.0000","1600.0000","1653.0000","1653.0000","1656.0000","1630.0000","1641.0000","1600.0000","1661.0000","1600.0000","1641.0000"," ","0.0000","0.0000","30300","49643000","1638.3828"
"20210721","01","12","    43910","JP3984140008","1949.0000","1970.0000","1913.0000","1925.0000","1926.0000","1950.0000","1915.0000","1920.0000","1949.0000","1970.0000","1913.0000","1920.0000"," ","0.0000","0.0000","19000","36847900","1939.3632"
"20210721","01","12","    43930","JP3778460000","2702.0000","2770.0000","2702.0000","2734.0000","2734.0000","2734.0000","2666.0000","2666.0000","2702.0000","2770.0000","2666.0000","2666.0000"," ","0.0000","0.0000","29400","79808200","2714.5646"
"20210721","01","12","    43940","JP3161310002","1282.0000","1292.0000","1282.0000","1292.0000","0.0000","0.0000","0.0000","0.0000","1282.0000","1292.0000","1282.0000","1292.0000"," ","0.0000","0.0000","700","898500","1283.5714"
"20210721","01","12","    43950","JP3108180005","1911.0000","1932.0000","1862.0000","1869.0000","1866.0000","1873.0000","1828.0000","1844.0000","1911.0000","1932.0000","1828.0000","1844.0000"," ","0.0000","0.0000","123200","230464900","1870.6567"
"20210721","01","12","    43970","JP3507200008","1009.0000","1026.0000","994.0000","1004.0000","1000.0000","1009.0000","999.0000","999.0000","1009.0000","1026.0000","994.0000","999.0000"," ","0.0000","0.0000","166300","167275000","1005.8629"
"20210721","01","12","    43980","JP3831470004","1273.0000","1289.0000","1272.0000","1289.0000","1282.0000","1282.0000","1275.0000","1278.0000","1273.0000","1289.0000","1272.0000","1278.0000"," ","0.0000","0.0000","3600","4612600","1281.2778"
"20210721","01","12","    43990","JP3266300007","535.0000","544.0000","529.0000","539.0000","539.0000","544.0000","536.0000","542.0000","535.0000","544.0000","529.0000","542.0000"," ","0.0000","0.0000","48600","26190000","538.8889"
"20210721","01","12","    44090","JP3599800004","533.0000","533.0000","526.0000","530.0000","530.0000","530.0000","528.0000","529.0000","533.0000","533.0000","526.0000","529.0000"," ","0.0000","0.0000","29900","15931900","532.8395"
"20210721","01","12","    44210","JP3548810005","1132.0000","1132.0000","1085.0000","1104.0000","1103.0000","1110.0000","1086.0000","1091.0000","1132.0000","1132.0000","1085.0000","1091.0000"," ","0.0000","0.0000","35600","39411500","1107.0646"
"20210721","01","12","    44220","JP3778470009","1017.0000","1017.0000","1017.0000","1017.0000","1020.0000","1024.0000","1020.0000","1024.0000","1017.0000","1024.0000","1017.0000","1024.0000"," ","0.0000","0.0000","1400","1428500","1020.3571"
"20210721","01","12","    44240","JP3124740006","1221.0000","1231.0000","1204.0000","1223.0000","1223.0000","1223.0000","1210.0000","1217.0000","1221.0000","1231.0000","1204.0000","1217.0000"," ","0.0000","0.0000","12100","14764700","1220.2231"
"20210721","01","12","    44250","JP3266220007","3355.0000","3415.0000","3330.0000","3340.0000","3340.0000","3350.0000","3310.0000","3345.0000","3355.0000","3415.0000","3310.0000","3345.0000"," ","0.0000","0.0000","59300","199086500","3357.2766"
"20210721","01","12","    44260","JP3781440007","0.0000","0.0000","0.0000","0.0000","0.0000","0.0000","0.0000","0.0000","0.0000","0.0000","0.0000","0.0000"," ","0.0000","0.0000","0","0","0.0000"
"20210721","01","12","    44280","JP3977010002","1481.0000","1481.0000","1463.0000","1463.0000","1448.0000","1479.0000","1448.0000","1456.0000","1481.0000","1481.0000","1448.0000","1456.0000"," ","0.0000","0.0000","5000","7331900","1466.3800"
"20210721","01","12","    44290","JP3974510004","1812.0000","1845.0000","1800.0000","1822.0000","1822.0000","1832.0000","1800.0000","1800.0000","1812.0000","1845.0000","1800.0000","1800.0000"," ","0.0000","0.0000","15800","28729400","1818.3165"
"20210721","01","12","    44310","JP3400110007","7510.0000","7740.0000","7470.0000","7600.0000","7650.0000","7650.0000","7490.0000","7570.0000","7510.0000","7740.0000","7470.0000","7570.0000"," ","0.0000","0.0000","108300","821402000","7584.5060"
"20210721","01","12","    44350","JP3205900008","3175.0000","3325.0000","3175.0000","3265.0000","3275.0000","3285.0000","3215.0000","3230.0000","3175.0000","3325.0000","3175.0000","3230.0000"," ","0.0000","0.0000","46700","152399500","3263.3726"
"20210721","01","12","    44360","JP3911000002","3580.0000","3675.0000","3580.0000","3660.0000","3660.0000","3695.0000","3595.0000","3615.0000","3580.0000","3695.0000","3580.0000","3615.0000"," ","0.0000","0.0000","505000","1833470000","3630.6337"
"20210721","01","12","    44370","JP3273760003","1158.0000","1158.0000","1133.0000","1133.0000","1127.0000","1135.0000","1126.0000","1135.0000","1158.0000","1158.0000","1126.0000","1135.0000"," ","0.0000","0.0000","1500","1718100","1145.4000"
"20210721","01","12","    44380","JP3155410008","1112.0000","1124.0000","1112.0000","1124.0000","1111.0000","1115.0000","1110.0000","1112.0000","1112.0000","1124.0000","1110.0000","1112.0000"," ","0.0000","0.0000","3600","4018200","1116.1667"
"20210721","01","12","    44420","JP3778480008","1613.0000","1637.0000","1580.0000","1581.0000","1582.0000","1599.0000","1564.0000","1580.0000","1613.0000","1637.0000","1564.0000","1580.0000"," ","0.0000","0.0000","33200","52965400","1595.3434"
"20210721","01","12","    44440","JP3153490002","1319.0000","1347.0000","1309.0000","1309.0000","1310.0000","1319.0000","1310.0000","1319.0000","1319.0000","1347.0000","1309.0000","1319.0000"," ","0.0000","0.0000","4500","5921400","1315.8667"
"20210721","01","12","    44450","JP3974710000","2765.0000","2798.0000","2765.0000","2798.0000","2786.0000","2838.0000","2786.0000","2838.0000","2765.0000","2838.0000","2765.0000","2838.0000"," ","0.0000","0.0000","1500","4180900","2787.2667"
"20210721","01","12","    44480","JP3512900006","1010.0000","1024.0000","1010.0000","1018.0000","1023.0000","1023.0000","1008.0000","1008.0000","1010.0000","1024.0000","1008.0000","1008.0000"," ","0.0000","0.0000","94200","95461600","1013.3928"
"20210721","01","12","    44500","JP3782930006","2144.0000","2144.0000","2101.0000","2101.0000","2115.0000","2115.0000","2100.0000","2100.0000","2144.0000","2144.0000","2100.0000","2100.0000"," ","0.0000","0.0000","700","1483400","2119.1429"
"20210721","01","12","    44640","JP3436030005","1330.0000","1356.0000","1316.0000","1344.0000","1345.0000","1355.0000","1274.0000","1297.0000","1330.0000","1356.0000","1274.0000","1297.0000"," ","0.0000","0.0000","22400","29494000","1316.6964"
"20210721","01","12","    44750","JP3835150008","3700.0000","3750.0000","3675.0000","3675.0000","3680.0000","3680.0000","3580.0000","3605.0000","3700.0000","3750.0000","3580.0000","3605.0000"," ","0.0000","0.0000","135100","492125500","3642.6758"
"20210721","01","12","    44760","JP3160030007","2131.0000","2161.0000","2089.0000","2107.0000","2107.0000","2107.0000","2038.0000","2058.0000","2131.0000","2161.0000","2038.0000","2058.0000"," ","0.0000","0.0000","69800","145630100","2086.3911"
"20210721","01","12","    44770","JP3835260005","1571.0000","1585.0000","1546.0000","1551.0000","1550.0000","1553.0000","1508.0000","1525.0000","1571.0000","1585.0000","1508.0000","1525.0000"," ","0.0000","0.0000","1795100","2771975000","1544.1897"
"20210721","01","12","    44780","JP3826520003","9640.0000","9990.0000","9620.0000","9920.0000","9870.0000","9960.0000","9820.0000","9890.0000","9640.0000","9990.0000","9620.0000","9890.0000"," ","0.0000","0.0000","169500","1670817000","9857.3274"
"20210721","01","12","    44790","JP3862920000","6560.0000","6860.0000","6550.0000","6800.0000","6790.0000","6810.0000","6680.0000","6750.0000","6560.0000","6860.0000","6550.0000","6750.0000"," ","0.0000","0.0000","199900","1349584000","6751.2956"
"20210721","01","12","    44800","JP3921310003","4485.0000","4620.0000","4480.0000","4570.0000","4530.0000","4575.0000","4510.0000","4550.0000","4485.0000","4620.0000","4480.0000","4550.0000"," ","0.0000","0.0000","140000","637119500","4550.8536"
"20210721","01","12","    44820","JP3154190007","956.0000","975.0000","942.0000","960.0000","960.0000","964.0000","950.0000","953.0000","956.0000","975.0000","942.0000","953.0000"," ","0.0000","0.0000","40400","38796800","960.3168"
"20210721","01","12","    44830","JP3386690006","5930.0000","6040.0000","5900.0000","5980.0000","6000.0000","6010.0000","5950.0000","5980.0000","5930.0000","6040.0000","5900.0000","5980.0000"," ","0.0000","0.0000","224700","1343214000","5977.8104"
"20210721","01","12","    44840","JP3968650006","518.0000","521.0000","511.0000","517.0000","511.0000","515.0000","511.0000","511.0000","518.0000","521.0000","511.0000","511.0000"," ","0.0000","0.0000","26400","13593100","514.8902"
"20210721","01","12","    44850","JP3386700003","6360.0000","6600.0000","6360.0000","6480.0000","6480.0000","6520.0000","6420.0000","6490.0000","6360.0000","6600.0000","6360.0000","6490.0000"," ","0.0000","0.0000","204100","1325877000","6496.2126"
"20210721","01","12","    44860","JP3949550002","1568.0000","1587.0000","1530.0000","1562.0000","1559.0000","1560.0000","1537.0000","1560.0000","1568.0000","1587.0000","1530.0000","1560.0000"," ","0.0000","0.0000","22100","34526800","1562.2986"
"20210721","01","12","    44870","JP3400040006","869.0000","869.0000","863.0000","869.0000","868.0000","868.0000","851.0000","858.0000","869.0000","869.0000","851.0000","858.0000"," ","0.0000","0.0000","11400","9818200","861.2456"
"20210721","01","12","    44880","JP3160040006","11720.0000","11850.0000","11620.0000","11630.0000","11630.0000","11630.0000","11380.0000","11450.0000","11720.0000","11850.0000","11380.0000","11450.0000"," ","0.0000","0.0000","57100","659656000","11552.6445"
"20210721","01","12","    44890","JP3836150007","1229.0000","1234.0000","1168.0000","1176.0000","1176.0000","1190.0000","1115.0000","1154.0000","1229.0000","1234.0000","1115.0000","1154.0000"," ","0.0000","0.0000","237500","277922700","1170.2008"
"20210721","01","12","    44900","JP3800220000","4160.0000","4430.0000","4160.0000","4270.0000","4290.0000","4290.0000","4135.0000","4230.0000","4160.0000","4430.0000","4135.0000","4230.0000"," ","0.0000","0.0000","236400","1011422000","4278.4349"
"20210721","01","12","    44910","JP3306200001","2978.0000","2978.0000","2966.0000","2966.0000","2980.0000","2980.0000","2980.0000","2980.0000","2978.0000","2980.0000","2966.0000","2980.0000"," ","0.0000","0.0000","400","1189600","2974.0000"
"20210721","01","12","    44920","JP3428000008","1657.0000","1657.0000","1651.0000","1651.0000","1652.0000","1652.0000","1652.0000","1652.0000","1657.0000","1657.0000","1651.0000","1652.0000"," ","0.0000","0.0000","500","826800","1653.6000"
"20210721","01","12","    44930","JP3311590008","2950.0000","2988.0000","2931.0000","2946.0000","2946.0000","2949.0000","2911.0000","2928.0000","2950.0000","2988.0000","2911.0000","2928.0000"," ","0.0000","0.0000","44100","129705400","2941.1655"
"20210721","01","12","    44940","JP3778490007","1401.0000","1407.0000","1395.0000","1402.0000","1402.0000","1407.0000","1396.0000","1403.0000","1401.0000","1407.0000","1395.0000","1403.0000"," ","0.0000","0.0000","16200","22682100","1400.1296"
"20210721","01","12","    44950","JP3101050007","4320.0000","4400.0000","4320.0000","4355.0000","4320.0000","4385.0000","4305.0000","4330.0000","4320.0000","4400.0000","4305.0000","4330.0000"," ","0.0000","0.0000","4700","20394500","4339.2553"
"20210721","01","12","    44960","JP3302400001","2056.0000","2081.0000","2056.0000","2060.0000","2063.0000","2067.0000","2038.0000","2055.0000","2056.0000","2081.0000","2038.0000","2055.0000"," ","0.0000","0.0000","10300","21207300","2058.9612"
"20210721","01","12","    44970","JP3984130009","2146.0000","2194.0000","2145.0000","2169.0000","2168.0000","2179.0000","2158.0000","2158.0000","2146.0000","2194.0000","2145.0000","2158.0000"," ","0.0000","0.0000","10700","23229800","2171.0093"
"20210721","01","12","    44980","JP3311490001","6420.0000","6420.0000","6130.0000","6130.0000","6140.0000","6220.0000","6120.0000","6130.0000","6420.0000","6420.0000","6120.0000","6130.0000"," ","0.0000","0.0000","44400","275457000","6203.9865"
"20210721","01","12","    44990","JP3400010009","4320.0000","4330.0000","4200.0000","4210.0000","4200.0000","4210.0000","4040.0000","4115.0000","4320.0000","4330.0000","4040.0000","4115.0000"," ","0.0000","0.0000","30600","127310000","4160.4575"
"20210721","01","12","    45240","JP3924400009","1927.0000","1934.0000","1925.0000","1925.0000","1924.0000","1930.0000","1920.0000","1920.0000","1927.0000","1934.0000","1920.0000","1920.0000"," ","0.0000","0.0000","1500","2888300","1925.5333"
"20210721","01","12","    45560","JP3205650009","1111.0000","1111.0000","1102.0000","1105.0000","1102.0000","1116.0000","1101.0000","1115.0000","1111.0000","1116.0000","1101.0000","1115.0000"," ","0.0000","0.0000","16600","18402000","1108.5542"
"20210721","01","12","    45580","JP3519900009","301.0000","305.0000","298.0000","299.0000","299.0000","300.0000","298.0000","299.0000","301.0000","305.0000","298.0000","299.0000"," ","0.0000","0.0000","64300","19261300","299.5537"
"20210721","01","12","    45630","JP3127700007","777.0000","777.0000","760.0000","762.0000","761.0000","762.0000","753.0000","756.0000","777.0000","777.0000","753.0000","756.0000"," ","0.0000","0.0000","1185200","903164100","762.0352"
"20210721","01","12","    45640","JP3202150003","82.0000","82.0000","80.0000","80.0000","80.0000","82.0000","80.0000","82.0000","82.0000","82.0000","80.0000","82.0000"," ","0.0000","0.0000","2494900","201970800","80.9535"
"20210721","01","12","    45650","JP3431300007","1747.0000","1770.0000","1732.0000","1759.0000","1759.0000","1763.0000","1742.0000","1751.0000","1747.0000","1770.0000","1732.0000","1751.0000"," ","0.0000","0.0000","441700","775165000","1754.9581"
"20210721","01","12","    45700","JP3921300004","508.0000","512.0000","508.0000","508.0000","506.0000","509.0000","506.0000","507.0000","508.0000","512.0000","506.0000","507.0000"," ","0.0000","0.0000","5500","2796800","508.5091"
"20210721","01","12","    45710","JP3651120002","292.0000","298.0000","292.0000","295.0000","297.0000","297.0000","291.0000","293.0000","292.0000","298.0000","291.0000","293.0000"," ","0.0000","0.0000","219600","64490700","293.6735"
"20210721","01","12","    45720","JP3220550002","1253.0000","1285.0000","1253.0000","1263.0000","1263.0000","1270.0000","1255.0000","1267.0000","1253.0000","1285.0000","1253.0000","1267.0000"," ","0.0000","0.0000","62400","79102700","1267.6715"
"20210721","01","12","    45750","JP3244570002","382.0000","388.0000","373.0000","381.0000","381.0000","382.0000","372.0000","375.0000","382.0000","388.0000","372.0000","375.0000"," ","0.0000","0.0000","91200","34557900","378.9243"
"20210721","01","12","    45760","JP3548740004","276.0000","282.0000","276.0000","277.0000","277.0000","277.0000","276.0000","276.0000","276.0000","282.0000","276.0000","276.0000"," ","0.0000","0.0000","62400","17420300","279.1715"
"20210721","01","12","    45790","JP3967150008","980.0000","989.0000","975.0000","977.0000","977.0000","980.0000","972.0000","973.0000","980.0000","989.0000","972.0000","973.0000"," ","0.0000","0.0000","75400","73774800","978.4456"
"20210721","01","12","    45820","JP3383050006","2105.0000","2115.0000","2010.0000","2011.0000","2011.0000","2028.0000","1983.0000","1992.0000","2105.0000","2115.0000","1983.0000","1992.0000"," ","0.0000","0.0000","1951100","3962182300","2030.7428"
"20210721","01","12","    45830","JP3205350006","289.0000","298.0000","288.0000","288.0000","288.0000","288.0000","278.0000","278.0000","289.0000","298.0000","278.0000","278.0000"," ","0.0000","0.0000","1339200","382333100","285.4937"
"20210721","01","12","    45840","JP3386460004","560.0000","568.0000","552.0000","558.0000","558.0000","561.0000","556.0000","558.0000","560.0000","568.0000","552.0000","558.0000"," ","0.0000","0.0000","61400","34386700","560.0440"
"20210721","01","12","    45860","JP3921220004","195.0000","198.0000","194.0000","196.0000","195.0000","197.0000","194.0000","195.0000","195.0000","198.0000","194.0000","195.0000"," ","0.0000","0.0000","253300","49557100","195.6459"
"20210721","01","12","    45880","JP3202170001","1301.0000","1330.0000","1292.0000","1306.0000","1309.0000","1325.0000","1302.0000","1310.0000","1301.0000","1330.0000","1292.0000","1310.0000"," ","0.0000","0.0000","289900","379931400","1310.5602"
"20210721","01","12","    45910","JP3974850004","306.0000","311.0000","306.0000","308.0000","308.0000","308.0000","304.0000","306.0000","306.0000","311.0000","304.0000","306.0000"," ","0.0000","0.0000","110800","34026700","307.1002"
"20210721","01","12","    45920","JP3336750009","1217.0000","1242.0000","1215.0000","1231.0000","1231.0000","1236.0000","1216.0000","1220.0000","1217.0000","1242.0000","1215.0000","1220.0000"," ","0.0000","0.0000","258900","317961500","1228.1248"
"20210721","01","12","    45930","JP3835100003","1678.0000","1728.0000","1665.0000","1712.0000","1728.0000","1730.0000","1702.0000","1720.0000","1678.0000","1730.0000","1665.0000","1720.0000"," ","0.0000","0.0000","101800","174170800","1710.9116"
"20210721","01","12","    45940","JP3274140007","174.0000","176.0000","174.0000","174.0000","174.0000","175.0000","172.0000","172.0000","174.0000","176.0000","172.0000","172.0000"," ","0.0000","0.0000","144800","25137600","173.6022"
"20210721","01","12","    45950","JP3885900005","2402.0000","2434.0000","2394.0000","2410.0000","2425.0000","2425.0000","2403.0000","2421.0000","2402.0000","2434.0000","2394.0000","2421.0000"," ","0.0000","0.0000","51100","123381700","2414.5147"
"20210721","01","12","    45960","JP3266500002","234.0000","236.0000","232.0000","232.0000","234.0000","234.0000","232.0000","232.0000","234.0000","236.0000","232.0000","232.0000"," ","0.0000","0.0000","155700","36387400","233.7020"
"20210721","01","12","    45970","JP3436500007","142.0000","145.0000","141.0000","143.0000","144.0000","144.0000","141.0000","141.0000","142.0000","145.0000","141.0000","141.0000"," ","0.0000","0.0000","657800","93890200","142.7337"
"20210721","01","12","    45980","JP3549370009","1821.0000","1879.0000","1789.0000","1846.0000","1850.0000","1911.0000","1844.0000","1886.0000","1821.0000","1911.0000","1789.0000","1886.0000"," ","0.0000","0.0000","170300","317750000","1865.8250"
"20210721","01","12","    45990","JP3399690001","712.0000","717.0000","706.0000","706.0000","706.0000","712.0000","702.0000","712.0000","712.0000","717.0000","702.0000","712.0000"," ","0.0000","0.0000","175400","124359300","709.0040"
"20210721","01","12","    46160","JP3221800000","1506.0000","1507.0000","1475.0000","1500.0000","1500.0000","1530.0000","1500.0000","1513.0000","1506.0000","1530.0000","1475.0000","1513.0000"," ","0.0000","0.0000","3100","4666600","1505.3548"
"20210721","01","12","    46210","JP3984400006","825.0000","825.0000","825.0000","825.0000","826.0000","830.0000","824.0000","828.0000","825.0000","830.0000","824.0000","828.0000"," ","0.0000","0.0000","1100","908100","825.5455"
"20210721","01","12","    46230","JP3116400007","1858.0000","1871.0000","1856.0000","1871.0000","1871.0000","1871.0000","1871.0000","1871.0000","1858.0000","1871.0000","1856.0000","1871.0000"," ","0.0000","0.0000","400","745600","1864.0000"
"20210721","01","12","    46240","JP3133200000","0.0000","0.0000","0.0000","0.0000","0.0000","0.0000","0.0000","0.0000","0.0000","0.0000","0.0000","0.0000"," ","0.0000","0.0000","0","0","0.0000"
"20210721","01","12","    46250","JP3121800001","0.0000","0.0000","0.0000","0.0000","706.0000","710.0000","700.0000","709.0000","706.0000","710.0000","700.0000","709.0000"," ","0.0000","0.0000","1400","990500","707.5000"
"20210721","01","12","    46270","JP3651050001","1601.0000","1601.0000","1601.0000","1601.0000","1590.0000","1590.0000","1590.0000","1590.0000","1601.0000","1601.0000","1590.0000","1590.0000"," ","0.0000","0.0000","1900","3040800","1600.4211"
"20210721","01","12","    46280","JP3162650000","40500.0000","40500.0000","40500.0000","40500.0000","40500.0000","40500.0000","40500.0000","40500.0000","40500.0000","40500.0000","40500.0000","40500.0000"," ","0.0000","0.0000","400","16200000","40500.0000"
"20210721","01","12","    46290","JP3484300003","1423.0000","1430.0000","1423.0000","1430.0000","0.0000","0.0000","0.0000","0.0000","1423.0000","1430.0000","1423.0000","1430.0000"," ","0.0000","0.0000","7200","10247600","1423.2778"
"20210721","01","12","    46350","JP3571000003","2257.0000","2260.0000","2241.0000","2241.0000","2241.0000","2260.0000","2241.0000","2260.0000","2257.0000","2260.0000","2241.0000","2260.0000"," ","0.0000","0.0000","1400","3154400","2253.1429"
"20210721","01","12","    46420","JP3200200008","944.0000","945.0000","941.0000","945.0000","940.0000","957.0000","940.0000","956.0000","944.0000","957.0000","940.0000","956.0000"," ","0.0000","0.0000","1900","1794500","944.4737"
"20210721","01","12","    46440","JP3149000006","1042.0000","1049.0000","1037.0000","1045.0000","1045.0000","1045.0000","1033.0000","1033.0000","1042.0000","1049.0000","1033.0000","1033.0000"," ","0.0000","0.0000","33600","35008900","1041.9315"
"20210721","01","12","    46450","JP3141800007","346.0000","346.0000","344.0000","345.0000","343.0000","346.0000","343.0000","346.0000","346.0000","346.0000","343.0000","346.0000"," ","0.0000","0.0000","3700","1277800","345.3514"
"20210721","01","12","    46500","JP3396400008","377.0000","380.0000","377.0000","378.0000","378.0000","380.0000","378.0000","378.0000","377.0000","380.0000","377.0000","378.0000"," ","0.0000","0.0000","6800","2572300","378.2794"
"20210721","01","12","    46570","JP3227300005","577.0000","585.0000","572.0000","580.0000","579.0000","581.0000","574.0000","580.0000","577.0000","585.0000","572.0000","580.0000"," ","0.0000","0.0000","26500","15348900","579.2038"
"20210721","01","12","    46590","JP3160720003","3610.0000","3640.0000","3585.0000","3640.0000","3620.0000","3620.0000","3545.0000","3545.0000","3610.0000","3640.0000","3545.0000","3545.0000"," ","0.0000","0.0000","1800","6443500","3579.7222"
"20210721","01","12","    46640","JP3100300007","560.0000","560.0000","551.0000","551.0000","545.0000","555.0000","545.0000","546.0000","560.0000","560.0000","545.0000","546.0000"," ","0.0000","0.0000","2700","1487800","551.0370"
"20210721","01","12","    46670","JP3101800005","1786.0000","1786.0000","1741.0000","1746.0000","1747.0000","1747.0000","1727.0000","1727.0000","1786.0000","1786.0000","1727.0000","1727.0000"," ","0.0000","0.0000","6000","10446400","1741.0667"
"20210721","01","12","    46690","JP3685100004","1046.0000","1047.0000","1046.0000","1047.0000","1047.0000","1047.0000","1046.0000","1047.0000","1046.0000","1047.0000","1046.0000","1047.0000"," ","0.0000","0.0000","2000","2093700","1046.8500"
"20210721","01","12","    46730","JP3224900005","3010.0000","3015.0000","3010.0000","3015.0000","2990.0000","2990.0000","2952.0000","2952.0000","3010.0000","3015.0000","2952.0000","2952.0000"," ","0.0000","0.0000","2700","8034200","2975.6296"
"20210721","01","12","    46850","JP3976500003","2134.0000","2134.0000","2134.0000","2134.0000","0.0000","0.0000","0.0000","0.0000","2134.0000","2134.0000","2134.0000","2134.0000"," ","0.0000","0.0000","2000","4268000","2134.0000"
"20210721","01","12","    46900","JP3745100002","1341.0000","1343.0000","1321.0000","1321.0000","1321.0000","1334.0000","1321.0000","1322.0000","1341.0000","1343.0000","1321.0000","1322.0000"," ","0.0000","0.0000","3200","4277200","1336.6250"
"20210721","01","12","    46910","JP3993700008","726.0000","750.0000","726.0000","747.0000","748.0000","755.0000","738.0000","751.0000","726.0000","755.0000","726.0000","751.0000"," ","0.0000","0.0000","11300","8391500","742.6106"
"20210721","01","12","    46990","JP3156600003","3045.0000","3045.0000","3040.0000","3040.0000","3035.0000","3035.0000","3005.0000","3005.0000","3045.0000","3045.0000","3005.0000","3005.0000"," ","0.0000","0.0000","1600","4839000","3024.3750"
"20210721","01","12","    47050","JP3270100005","0.0000","0.0000","0.0000","0.0000","860.0000","860.0000","860.0000","860.0000","860.0000","860.0000","860.0000","860.0000"," ","0.0000","0.0000","100","86000","860.0000"
"20210721","01","12","    47070","JP3238100006","350.0000","359.0000","345.0000","345.0000","345.0000","347.0000","343.0000","344.0000","350.0000","359.0000","343.0000","344.0000"," ","0.0000","0.0000","39000","13641100","349.7718"
"20210721","01","12","    47120","JP3348900006","861.0000","870.0000","856.0000","856.0000","860.0000","860.0000","852.0000","858.0000","861.0000","870.0000","852.0000","858.0000"," ","0.0000","0.0000","48600","41815400","860.3992"
"20210721","01","12","    47200","JP3393100007","414.0000","414.0000","414.0000","414.0000","413.0000","413.0000","413.0000","413.0000","414.0000","414.0000","413.0000","413.0000"," ","0.0000","0.0000","600","248300","413.8333"
"20210721","01","12","    47350","JP3249250006","558.0000","560.0000","558.0000","560.0000","557.0000","558.0000","557.0000","558.0000","558.0000","560.0000","557.0000","558.0000"," ","0.0000","0.0000","2200","1228500","558.4091"
"20210721","01","12","    47360","JP3754650004","646.0000","647.0000","643.0000","643.0000","643.0000","646.0000","643.0000","643.0000","646.0000","647.0000","643.0000","643.0000"," ","0.0000","0.0000","6600","4255900","644.8333"
"20210721","01","12","    47480","JP3288950003","2798.0000","2798.0000","2775.0000","2783.0000","2771.0000","2784.0000","2770.0000","2770.0000","2798.0000","2798.0000","2770.0000","2770.0000"," ","0.0000","0.0000","2900","8057500","2778.4483"
"20210721","01","12","    47500","JP3483200006","630.0000","633.0000","630.0000","633.0000","633.0000","638.0000","633.0000","638.0000","630.0000","638.0000","630.0000","638.0000"," ","0.0000","0.0000","1800","1139700","633.1667"
"20210721","01","12","    47520","JP3366900003","760.0000","760.0000","760.0000","760.0000","760.0000","768.0000","759.0000","759.0000","760.0000","768.0000","759.0000","759.0000"," ","0.0000","0.0000","1200","912100","760.0833"
"20210721","01","12","    47540","JP3626950004","0.0000","0.0000","0.0000","0.0000","0.0000","0.0000","0.0000","0.0000","0.0000","0.0000","0.0000","0.0000"," ","0.0000","0.0000","0","0","0.0000"
"20210721","01","12","    47600","JP3126320005","1501.0000","1511.0000","1501.0000","1511.0000","0.0000","0.0000","0.0000","0.0000","1501.0000","1511.0000","1501.0000","1511.0000"," ","0.0000","0.0000","1100","1661100","1510.0909"
"20210721","01","12","    47610","JP3317500001","850.0000","850.0000","850.0000","850.0000","844.0000","845.0000","839.0000","845.0000","850.0000","850.0000","839.0000","845.0000"," ","0.0000","0.0000","1900","1606000","845.2632"
"20210721","01","12","    47640","JP3549100000","147.0000","152.0000","147.0000","148.0000","148.0000","149.0000","146.0000","148.0000","147.0000","152.0000","146.0000","148.0000"," ","0.0000","0.0000","594100","88471800","148.9174"
"20210721","01","12","    47660","JP3801200001","195.0000","195.0000","190.0000","192.0000","191.0000","192.0000","190.0000","192.0000","195.0000","195.0000","190.0000","192.0000"," ","0.0000","0.0000","14000","2684500","191.7500"
"20210721","01","12","    47690","JP3153800002","876.0000","876.0000","874.0000","874.0000","872.0000","872.0000","861.0000","862.0000","876.0000","876.0000","861.0000","862.0000"," ","0.0000","0.0000","900","784400","871.5556"
"20210721","01","12","    47700","JP3167800006","316.0000","316.0000","316.0000","316.0000","316.0000","316.0000","307.0000","309.0000","316.0000","316.0000","307.0000","309.0000"," ","0.0000","0.0000","15400","4766000","309.4805"
"20210721","01","12","    47710","JP3166700009","1387.0000","1394.0000","1380.0000","1385.0000","1388.0000","1394.0000","1373.0000","1386.0000","1387.0000","1394.0000","1373.0000","1386.0000"," ","0.0000","0.0000","7300","10105000","1384.2466"
"20210721","01","12","    47720","JP3549050007","214.0000","218.0000","214.0000","218.0000","217.0000","217.0000","215.0000","215.0000","214.0000","218.0000","214.0000","215.0000"," ","0.0000","0.0000","10600","2285400","215.6038"
"20210721","01","12","    47770","JP3233700008","232.0000","235.0000","229.0000","230.0000","229.0000","229.0000","227.0000","229.0000","232.0000","235.0000","227.0000","229.0000"," ","0.0000","0.0000","34900","8064800","231.0831"
"20210721","01","12","    47810","JP3742500006","3750.0000","3750.0000","3750.0000","3750.0000","3750.0000","3750.0000","3750.0000","3750.0000","3750.0000","3750.0000","3750.0000","3750.0000"," ","0.0000","0.0000","2000","7500000","3750.0000"
"20210721","01","12","    47830","JP3709100006","663.0000","663.0000","659.0000","660.0000","660.0000","664.0000","660.0000","663.0000","663.0000","664.0000","659.0000","663.0000"," ","0.0000","0.0000","8400","5554900","661.2976"
"20210721","01","12","    47840","JP3863050005","509.0000","524.0000","509.0000","516.0000","511.0000","516.0000","511.0000","516.0000","509.0000","524.0000","509.0000","516.0000"," ","0.0000","0.0000","4800","2473500","515.3125"
"20210721","01","12","    48000","JP3200140006","914.0000","934.0000","909.0000","919.0000","918.0000","924.0000","912.0000","916.0000","914.0000","934.0000","909.0000","916.0000"," ","0.0000","0.0000","29100","26789000","920.5842"
"20210721","01","12","    48140","JP3758030005","190.0000","192.0000","190.0000","192.0000","192.0000","192.0000","188.0000","190.0000","190.0000","192.0000","188.0000","190.0000"," ","0.0000","0.0000","53000","10065700","189.9189"
"20210721","01","12","    48160","JP3560200002","13790.0000","13930.0000","13690.0000","13830.0000","13760.0000","13950.0000","13760.0000","13870.0000","13790.0000","13950.0000","13690.0000","13870.0000"," ","0.0000","0.0000","18100","250829000","13857.9558"
"20210721","01","12","    48240","JP3920930009","649.0000","663.0000","638.0000","645.0000","643.0000","650.0000","633.0000","634.0000","649.0000","663.0000","633.0000","634.0000"," ","0.0000","0.0000","135500","87250200","643.9129"
"20210721","01","12","    48320","JP3226650004","1703.0000","1712.0000","1696.0000","1701.0000","1701.0000","1704.0000","1701.0000","1704.0000","1703.0000","1712.0000","1696.0000","1704.0000"," ","0.0000","0.0000","4300","7317800","1701.8140"
"20210721","01","12","    48330","JP3781520006","237.0000","239.0000","233.0000","235.0000","234.0000","237.0000","234.0000","237.0000","237.0000","239.0000","233.0000","237.0000"," ","0.0000","0.0000","25100","5913300","235.5896"
"20210721","01","12","    48370","JP3351650001","308.0000","309.0000","305.0000","307.0000","307.0000","308.0000","307.0000","308.0000","308.0000","309.0000","305.0000","308.0000"," ","0.0000","0.0000","18600","5713300","307.1667"
"20210721","01","12","    48380","JP3400070003","463.0000","466.0000","462.0000","465.0000","463.0000","464.0000","462.0000","462.0000","463.0000","466.0000","462.0000","462.0000"," ","0.0000","0.0000","5800","2684400","462.8276"
"20210721","01","12","    48400","JP3639450000","352.0000","352.0000","349.0000","350.0000","348.0000","348.0000","348.0000","348.0000","352.0000","352.0000","348.0000","348.0000"," ","0.0000","0.0000","7300","2558000","350.4110"
"20210721","01","12","    48800","JP3423580004","14830.0000","15150.0000","14830.0000","15020.0000","15100.0000","15100.0000","14940.0000","15030.0000","14830.0000","15150.0000","14830.0000","15030.0000"," ","0.0000","0.0000","30200","453438000","15014.5033"
"20210721","01","12","    48810","JP3802640007","406.0000","410.0000","406.0000","407.0000","406.0000","411.0000","404.0000","411.0000","406.0000","411.0000","404.0000","411.0000"," ","0.0000","0.0000","44700","18213000","407.4497"
"20210721","01","12","    48820","JP3836800007","731.0000","738.0000","726.0000","726.0000","727.0000","730.0000","726.0000","726.0000","731.0000","738.0000","726.0000","726.0000"," ","0.0000","0.0000","45800","33399500","729.2467"
"20210721","01","12","    48830","JP3922600006","1503.0000","1571.0000","1503.0000","1538.0000","1559.0000","1559.0000","1527.0000","1527.0000","1503.0000","1571.0000","1503.0000","1527.0000"," ","0.0000","0.0000","95800","147606300","1540.7756"
"20210721","01","12","    48840","JP3270790003","961.0000","975.0000","961.0000","964.0000","965.0000","965.0000","940.0000","946.0000","961.0000","975.0000","940.0000","946.0000"," ","0.0000","0.0000","17000","16210900","953.5824"
"20210721","01","12","    48850","JP3914800002","1315.0000","1315.0000","1282.0000","1304.0000","1300.0000","1323.0000","1293.0000","1300.0000","1315.0000","1323.0000","1282.0000","1300.0000"," ","0.0000","0.0000","125100","163194800","1304.5148"
"20210721","01","12","    48880","JP3399680002","498.0000","499.0000","490.0000","492.0000","492.0000","492.0000","482.0000","482.0000","498.0000","499.0000","482.0000","482.0000"," ","0.0000","0.0000","300900","147174600","489.1147"
"20210721","01","12","    49180","JP3104990001","1031.0000","1032.0000","997.0000","1004.0000","1004.0000","1015.0000","993.0000","1012.0000","1031.0000","1032.0000","993.0000","1012.0000"," ","0.0000","0.0000","67500","68532000","1015.2889"
"20210721","01","12","    49200","JP3712200009","1233.0000","1233.0000","1207.0000","1220.0000","1213.0000","1213.0000","1129.0000","1174.0000","1233.0000","1233.0000","1129.0000","1174.0000"," ","0.0000","0.0000","19000","22114900","1163.9421"
"20210721","01","12","    49250","JP3765130004","4010.0000","4010.0000","3915.0000","3915.0000","3910.0000","3920.0000","3890.0000","3900.0000","4010.0000","4010.0000","3890.0000","3900.0000"," ","0.0000","0.0000","23800","93498500","3928.5084"
"20210721","01","12","    49300","JP3273870000","4065.0000","4085.0000","3965.0000","4085.0000","4085.0000","4105.0000","4005.0000","4045.0000","4065.0000","4105.0000","3965.0000","4045.0000"," ","0.0000","0.0000","13900","56290000","4049.6403"
"20210721","01","12","    49320","JP3126480007","1050.0000","1062.0000","993.0000","998.0000","996.0000","1013.0000","980.0000","994.0000","1050.0000","1062.0000","980.0000","994.0000"," ","0.0000","0.0000","1572800","1596348600","1014.9724"
"20210721","01","12","    49330","JP3100680002","5630.0000","5750.0000","5530.0000","5640.0000","5640.0000","5670.0000","5540.0000","5650.0000","5630.0000","5750.0000","5530.0000","5650.0000"," ","0.0000","0.0000","52600","296279000","5632.6806"
"20210721","01","12","    49340","JP3833690005","17220.0000","17280.0000","16670.0000","16760.0000","16760.0000","16930.0000","16500.0000","16770.0000","17220.0000","17280.0000","16500.0000","16770.0000"," ","0.0000","0.0000","516900","8691410000","16814.4902"
"20210721","01","12","    49350","JP3974810008","1090.0000","1090.0000","1060.0000","1060.0000","1064.0000","1069.0000","1054.0000","1069.0000","1090.0000","1090.0000","1054.0000","1069.0000"," ","0.0000","0.0000","10200","10885500","1067.2059"
"20210721","01","12","    49360","JP3108220009","1458.0000","1472.0000","1442.0000","1442.0000","1441.0000","1443.0000","1422.0000","1426.0000","1458.0000","1472.0000","1422.0000","1426.0000"," ","0.0000","0.0000","127000","182999400","1440.9402"
"20210721","01","12","    49370","JP3992050009","2025.0000","2040.0000","1906.0000","1914.0000","1925.0000","1927.0000","1852.0000","1880.0000","2025.0000","2040.0000","1852.0000","1880.0000"," ","0.0000","0.0000","72500","139524700","1924.4786"
"20210721","01","12","    49520","JP3163200003","1436.0000","1436.0000","1436.0000","1436.0000","1436.0000","1436.0000","1436.0000","1436.0000","1436.0000","1436.0000","1436.0000","1436.0000"," ","0.0000","0.0000","5600","8041600","1436.0000"
"20210721","01","12","    49570","JP3932900008","593.0000","593.0000","593.0000","593.0000","598.0000","598.0000","598.0000","598.0000","593.0000","598.0000","593.0000","598.0000"," ","0.0000","0.0000","200","119100","595.5000"
"20210721","01","12","    49600","JP3281650006","242.0000","242.0000","240.0000","240.0000","242.0000","242.0000","238.0000","238.0000","242.0000","242.0000","238.0000","238.0000"," ","0.0000","0.0000","30100","7229200","240.1728"
"20210721","01","12","    49620","JP3307900005","1074.0000","1089.0000","1074.0000","1089.0000","1088.0000","1089.0000","1081.0000","1089.0000","1074.0000","1089.0000","1074.0000","1089.0000"," ","0.0000","0.0000","1800","1945700","1080.9444"
"20210721","01","12","    49660","JP3155350006","4710.0000","4745.0000","4650.0000","4680.0000","4690.0000","4705.0000","4610.0000","4610.0000","4710.0000","4745.0000","4610.0000","4610.0000"," ","0.0000","0.0000","28300","132750500","4690.8304"
"20210721","01","12","    49700","JP3610400008","11600.0000","11880.0000","11490.0000","11760.0000","11760.0000","11810.0000","11680.0000","11740.0000","11600.0000","11880.0000","11490.0000","11740.0000"," ","0.0000","0.0000","31400","367589000","11706.6561"
"20210721","01","12","    49720","JP3431550007","1913.0000","1953.0000","1913.0000","1932.0000","1946.0000","1950.0000","1933.0000","1947.0000","1913.0000","1953.0000","1913.0000","1947.0000"," ","0.0000","0.0000","10900","21076600","1933.6330"
"20210721","01","12","    49760","JP3617600006","0.0000","0.0000","0.0000","0.0000","0.0000","0.0000","0.0000","0.0000","0.0000","0.0000","0.0000","0.0000"," ","0.0000","0.0000","0","0","0.0000"
"20210721","01","12","    49780","JP3974770004","318.0000","322.0000","317.0000","318.0000","318.0000","319.0000","314.0000","315.0000","318.0000","322.0000","314.0000","315.0000"," ","0.0000","0.0000","628800","199701800","317.5919"
"20210721","01","12","    49870","JP3546000005","375.0000","375.0000","371.0000","372.0000","372.0000","375.0000","370.0000","375.0000","375.0000","375.0000","370.0000","375.0000"," ","0.0000","0.0000","19300","7178600","371.9482"
"20210721","01","12","    49900","JP3364800007","474.0000","476.0000","474.0000","476.0000","472.0000","475.0000","464.0000","464.0000","474.0000","476.0000","464.0000","464.0000"," ","0.0000","0.0000","2900","1369400","472.2069"
"20210721","01","12","    49980","JP3826000006","1436.0000","1436.0000","1410.0000","1411.0000","1411.0000","1418.0000","1411.0000","1414.0000","1436.0000","1436.0000","1410.0000","1414.0000"," ","0.0000","0.0000","18600","26384400","1418.5161"
"20210721","01","12","    49990","JP3423400005","817.0000","817.0000","806.0000","806.0000","806.0000","806.0000","801.0000","801.0000","817.0000","817.0000","801.0000","801.0000"," ","0.0000","0.0000","2600","2118800","814.9231"
"20210721","01","12","    50080","JP3556800005","2680.0000","2680.0000","2612.0000","2614.0000","2624.0000","2665.0000","2605.0000","2665.0000","2680.0000","2680.0000","2605.0000","2665.0000"," ","0.0000","0.0000","84800","227078700","2677.8149"
"20210721","01","12","    50100","JP3723800003","190.0000","190.0000","190.0000","190.0000","191.0000","191.0000","191.0000","191.0000","190.0000","191.0000","190.0000","191.0000"," ","0.0000","0.0000","1100","209800","190.7273"
"20210721","01","12","    50700","JP3639350002","854.0000","864.0000","854.0000","858.0000","857.0000","879.0000","857.0000","878.0000","854.0000","879.0000","854.0000","878.0000"," ","0.0000","0.0000","12500","10826200","866.0960"
"20210721","01","12","    50710","JP3159890007","545.0000","548.0000","545.0000","545.0000","545.0000","549.0000","544.0000","548.0000","545.0000","549.0000","544.0000","548.0000"," ","0.0000","0.0000","2900","1583600","546.0690"
"20210721","01","12","    50720","JP3100310006","0.0000","0.0000","0.0000","0.0000","0.0000","0.0000","0.0000","0.0000","0.0000","0.0000","0.0000","0.0000"," ","0.0000","0.0000","0","0","0.0000"
"20210721","01","12","    50730","JP3386750008","0.0000","0.0000","0.0000","0.0000","0.0000","0.0000","0.0000","0.0000","0.0000","0.0000","0.0000","0.0000"," ","0.0000","0.0000","0","0","0.0000"
"20210721","01","12","    50750","JP3121210003","975.0000","975.0000","975.0000","975.0000","0.0000","0.0000","0.0000","0.0000","975.0000","975.0000","975.0000","975.0000"," ","0.0000","0.0000","1200","1170000","975.0000"
"20210721","01","12","    51030","JP3366000002","56.0000","57.0000","55.0000","56.0000","56.0000","57.0000","55.0000","57.0000","56.0000","57.0000","55.0000","57.0000"," ","0.0000","0.0000","333300","18687900","56.0693"
"20210721","01","12","    51040","JP3681600007","424.0000","426.0000","414.0000","421.0000","422.0000","422.0000","422.0000","422.0000","424.0000","426.0000","414.0000","422.0000"," ","0.0000","0.0000","3900","1626800","417.1282"
"20210721","01","12","    51610","JP3657550004","1599.0000","1640.0000","1599.0000","1635.0000","1607.0000","1631.0000","1595.0000","1595.0000","1599.0000","1640.0000","1595.0000","1595.0000"," ","0.0000","0.0000","10800","17353400","1606.7963"
"20210721","01","12","    51620","JP3117300008","625.0000","625.0000","625.0000","625.0000","624.0000","626.0000","623.0000","625.0000","625.0000","626.0000","623.0000","625.0000"," ","0.0000","0.0000","3100","1936600","624.7097"
"20210721","01","12","    51840","JP3665000000","1630.0000","1633.0000","1604.0000","1610.0000","1609.0000","1613.0000","1596.0000","1602.0000","1630.0000","1633.0000","1596.0000","1602.0000"," ","0.0000","0.0000","51300","82659900","1611.3041"
"20210721","01","12","    51890","JP3317600009","3975.0000","3975.0000","3975.0000","3975.0000","0.0000","0.0000","0.0000","0.0000","3975.0000","3975.0000","3975.0000","3975.0000"," ","0.0000","0.0000","100","397500","3975.0000"
"20210721","01","12","    51940","JP3316000003","1036.0000","1046.0000","1036.0000","1037.0000","1030.0000","1052.0000","1030.0000","1049.0000","1036.0000","1052.0000","1030.0000","1049.0000"," ","0.0000","0.0000","20300","21150500","1041.8966"
"20210721","01","12","    51990","JP3821600008","2648.0000","2700.0000","2648.0000","2700.0000","2650.0000","2650.0000","2641.0000","2641.0000","2648.0000","2700.0000","2641.0000","2641.0000"," ","0.0000","0.0000","1300","3491200","2685.5385"
"20210721","01","12","    52120","JP3808400000","1408.0000","1408.0000","1408.0000","1408.0000","1400.0000","1400.0000","1392.0000","1396.0000","1408.0000","1408.0000","1392.0000","1396.0000"," ","0.0000","0.0000","800","1120800","1401.0000"
"20210721","01","12","    52160","JP3268900002","152.0000","154.0000","151.0000","152.0000","152.0000","153.0000","151.0000","152.0000","152.0000","154.0000","151.0000","152.0000"," ","0.0000","0.0000","61900","9436000","152.4394"
"20210721","01","12","    52170","JP3545080008","31100.0000","31750.0000","31100.0000","31750.0000","31050.0000","31650.0000","31050.0000","31650.0000","31100.0000","31750.0000","31050.0000","31650.0000"," ","0.0000","0.0000","600","18825000","31375.0000"
"20210721","01","12","    52370","JP3761400005","724.0000","724.0000","715.0000","721.0000","721.0000","721.0000","721.0000","721.0000","724.0000","724.0000","715.0000","721.0000"," ","0.0000","0.0000","2000","1443800","721.9000"
"20210721","01","12","    52680","JP3113200004","661.0000","667.0000","661.0000","666.0000","663.0000","666.0000","662.0000","662.0000","661.0000","667.0000","661.0000","662.0000"," ","0.0000","0.0000","1700","1128400","663.7647"
"20210721","01","12","    52710","JP3554200000","1709.0000","1709.0000","1693.0000","1693.0000","1715.0000","1722.0000","1715.0000","1722.0000","1709.0000","1722.0000","1693.0000","1722.0000"," ","0.0000","0.0000","700","1197900","1711.2857"
"20210721","01","12","    52770","JP3400000000","332.0000","332.0000","332.0000","332.0000","332.0000","332.0000","332.0000","332.0000","332.0000","332.0000","332.0000","332.0000"," ","0.0000","0.0000","200","66400","332.0000"
"20210721","01","12","    52790","JP3704410004","0.0000","0.0000","0.0000","0.0000","769.0000","773.0000","768.0000","773.0000","769.0000","773.0000","768.0000","773.0000"," ","0.0000","0.0000","300","231000","770.0000"
"20210721","01","12","    52800","JP3957100005","1110.0000","1113.0000","1109.0000","1109.0000","1106.0000","1106.0000","1106.0000","1106.0000","1110.0000","1113.0000","1106.0000","1106.0000"," ","0.0000","0.0000","1700","1887800","1110.4706"
"20210721","01","12","    52820","JP3386250009","357.0000","357.0000","353.0000","354.0000","354.0000","354.0000","351.0000","351.0000","357.0000","357.0000","351.0000","351.0000"," ","0.0000","0.0000","8400","2968800","353.4286"
"20210721","01","12","    52830","JP3458200007","2352.0000","2352.0000","2352.0000","2352.0000","2370.0000","2370.0000","2370.0000","2370.0000","2352.0000","2370.0000","2352.0000","2370.0000"," ","0.0000","0.0000","400","944400","2361.0000"
"20210721","01","12","    52840","JP3934250006","676.0000","676.0000","658.0000","664.0000","662.0000","662.0000","655.0000","656.0000","676.0000","676.0000","655.0000","656.0000"," ","0.0000","0.0000","13100","8683400","662.8550"
"20210721","01","12","    52850","JP3939400002","549.0000","549.0000","543.0000","543.0000","546.0000","546.0000","546.0000","546.0000","549.0000","549.0000","543.0000","546.0000"," ","0.0000","0.0000","2200","1205000","547.7273"
"20210721","01","12","    52870","JP3142900004","1163.0000","1178.0000","1162.0000","1162.0000","1159.0000","1160.0000","1159.0000","1160.0000","1163.0000","1178.0000","1159.0000","1160.0000"," ","0.0000","0.0000","3600","4186400","1162.8889"
"20210721","01","12","    52900","JP3835790001","3180.0000","3180.0000","3140.0000","3165.0000","3145.0000","3180.0000","3135.0000","3180.0000","3180.0000","3180.0000","3135.0000","3180.0000"," ","0.0000","0.0000","17400","55109000","3167.1839"
"20210721","01","12","    53040","JP3161600006","6430.0000","6430.0000","6380.0000","6380.0000","6380.0000","6440.0000","6350.0000","6390.0000","6430.0000","6440.0000","6350.0000","6390.0000"," ","0.0000","0.0000","9600","61430000","6398.9583"
"20210721","01","12","    53410","JP3110800004","698.0000","705.0000","696.0000","702.0000","702.0000","703.0000","689.0000","703.0000","698.0000","705.0000","689.0000","703.0000"," ","0.0000","0.0000","19800","13829300","698.4495"
"20210721","01","12","    53550","JP3755400003","557.0000","560.0000","553.0000","555.0000","551.0000","558.0000","544.0000","549.0000","557.0000","560.0000","544.0000","549.0000"," ","0.0000","0.0000","7500","4140300","552.0400"
"20210721","01","12","    53680","JP3687500003","1010.0000","1055.0000","1010.0000","1043.0000","1042.0000","1042.0000","1001.0000","1001.0000","1010.0000","1055.0000","1001.0000","1001.0000"," ","0.0000","0.0000","9700","9925800","1023.2784"
"20210721","01","12","    53800","JP3377900000","0.0000","0.0000","0.0000","0.0000","0.0000","0.0000","0.0000","0.0000","0.0000","0.0000","0.0000","0.0000"," ","0.0000","0.0000","0","0","0.0000"
"20210721","01","12","    53810","JP3751300009","799.0000","818.0000","775.0000","798.0000","814.0000","818.0000","782.0000","796.0000","799.0000","818.0000","775.0000","796.0000"," ","0.0000","0.0000","1440200","1152801600","800.4455"
"20210721","01","12","    53860","JP3536800000","410.0000","411.0000","410.0000","411.0000","409.0000","410.0000","409.0000","410.0000","410.0000","411.0000","409.0000","410.0000"," ","0.0000","0.0000","1100","451000","410.0000"
"20210721","01","12","    53870","JP3528500006","422.0000","427.0000","422.0000","427.0000","425.0000","428.0000","422.0000","428.0000","422.0000","428.0000","422.0000","428.0000"," ","0.0000","0.0000","1700","722300","424.8824"
"20210721","01","12","    53950","JP3971800002","0.0000","0.0000","0.0000","0.0000","1965.0000","2028.0000","1965.0000","1998.0000","1965.0000","2028.0000","1965.0000","1998.0000"," ","0.0000","0.0000","1300","2596400","1997.2308"
"20210721","01","12","    54460","JP3842200002","1142.0000","1142.0000","1140.0000","1140.0000","1142.0000","1142.0000","1142.0000","1142.0000","1142.0000","1142.0000","1140.0000","1142.0000"," ","0.0000","0.0000","400","456600","1141.5000"
"20210721","01","12","    54580","JP3454800008","0.0000","0.0000","0.0000","0.0000","0.0000","0.0000","0.0000","0.0000","0.0000","0.0000","0.0000","0.0000"," ","0.0000","0.0000","0","0","0.0000"
"20210721","01","12","    54840","JP3605800006","1738.0000","1738.0000","1710.0000","1710.0000","0.0000","0.0000","0.0000","0.0000","1738.0000","1738.0000","1710.0000","1710.0000"," ","0.0000","0.0000","1000","1735100","1735.1000"
"20210721","01","12","    55420","JP3383400003","1202.0000","1208.0000","1202.0000","1203.0000","1200.0000","1206.0000","1200.0000","1200.0000","1202.0000","1208.0000","1200.0000","1200.0000"," ","0.0000","0.0000","1300","1562900","1202.2308"
"20210721","01","12","    56090","JP3728200001","958.0000","980.0000","954.0000","961.0000","961.0000","976.0000","955.0000","960.0000","958.0000","980.0000","954.0000","960.0000"," ","0.0000","0.0000","177500","171196700","964.4885"
"20210721","01","12","    56100","JP3503400008","804.0000","810.0000","804.0000","810.0000","796.0000","796.0000","796.0000","796.0000","804.0000","810.0000","796.0000","796.0000"," ","0.0000","0.0000","600","483100","805.1667"
"20210721","01","12","    56440","JP3920900002","1815.0000","1815.0000","1801.0000","1807.0000","1815.0000","1845.0000","1815.0000","1826.0000","1815.0000","1845.0000","1801.0000","1826.0000"," ","0.0000","0.0000","9900","18046100","1822.8384"
"20210721","01","12","    56600","JP3373200009","918.0000","920.0000","914.0000","915.0000","915.0000","918.0000","912.0000","915.0000","918.0000","920.0000","912.0000","915.0000"," ","0.0000","0.0000","8700","7964600","915.4713"
"20210721","01","12","    56900","JP3974570008","1434.0000","1441.0000","1404.0000","1429.0000","1423.0000","1424.0000","1400.0000","1414.0000","1434.0000","1441.0000","1400.0000","1414.0000"," ","0.0000","0.0000","177500","251571300","1417.3031"
"20210721","01","12","    56950","JP3781200005","2850.0000","2852.0000","2820.0000","2820.0000","2804.0000","2818.0000","2800.0000","2818.0000","2850.0000","2852.0000","2800.0000","2818.0000"," ","0.0000","0.0000","3000","8486100","2828.7000"
"20210721","01","12","    56970","JP3337400000","450.0000","455.0000","450.0000","454.0000","450.0000","450.0000","449.0000","449.0000","450.0000","455.0000","449.0000","449.0000"," ","0.0000","0.0000","1800","813600","452.0000"
"20210721","01","12","    56990","JP3148970001","4150.0000","4150.0000","4025.0000","4060.0000","4075.0000","4110.0000","4005.0000","4110.0000","4150.0000","4150.0000","4005.0000","4110.0000"," ","0.0000","0.0000","44700","182299000","4078.2774"
"20210721","01","12","    57040","JP3386620003","729.0000","730.0000","726.0000","730.0000","727.0000","730.0000","726.0000","730.0000","729.0000","730.0000","726.0000","730.0000"," ","0.0000","0.0000","4500","3280500","729.0000"
"20210721","01","12","    57240","JP3109000004","1337.0000","1365.0000","1335.0000","1358.0000","1341.0000","1389.0000","1339.0000","1361.0000","1337.0000","1389.0000","1335.0000","1361.0000"," ","0.0000","0.0000","24700","33392100","1351.9069"
"20210721","01","12","    57290","JP3721000002","2800.0000","2800.0000","2796.0000","2796.0000","2770.0000","2770.0000","2765.0000","2765.0000","2800.0000","2800.0000","2765.0000","2765.0000"," ","0.0000","0.0000","700","1949800","2785.4286"
"20210721","01","12","    57420","JP3164760005","1061.0000","1080.0000","1051.0000","1080.0000","1079.0000","1090.0000","1062.0000","1090.0000","1061.0000","1090.0000","1051.0000","1090.0000"," ","0.0000","0.0000","12600","13489500","1070.5952"
"20210721","01","12","    57530","JP3716800002","1480.0000","1480.0000","1473.0000","1473.0000","1470.0000","1470.0000","1460.0000","1464.0000","1480.0000","1480.0000","1460.0000","1464.0000"," ","0.0000","0.0000","2600","3827000","1471.9231"
"20210721","01","12","    57590","JP3732980002","3535.0000","3550.0000","3310.0000","3340.0000","3350.0000","3375.0000","3210.0000","3275.0000","3535.0000","3550.0000","3210.0000","3275.0000"," ","0.0000","0.0000","972300","3268436000","3361.5510"
"20210721","01","12","    57810","JP3600600005","1003.0000","1003.0000","990.0000","990.0000","994.0000","994.0000","989.0000","989.0000","1003.0000","1003.0000","989.0000","989.0000"," ","0.0000","0.0000","1200","1193800","994.8333"
"20210721","01","12","    58160","JP3172800009","748.0000","756.0000","743.0000","747.0000","747.0000","749.0000","737.0000","740.0000","748.0000","756.0000","737.0000","740.0000"," ","0.0000","0.0000","123300","92046000","746.5207"
"20210721","01","12","    58170","JP3736400007","531.0000","542.0000","529.0000","534.0000","531.0000","531.0000","525.0000","525.0000","531.0000","542.0000","525.0000","525.0000"," ","0.0000","0.0000","38800","20586900","530.5902"
"20210721","01","12","    58200","JP3903800005","1350.0000","1370.0000","1339.0000","1350.0000","1338.0000","1370.0000","1338.0000","1340.0000","1350.0000","1370.0000","1338.0000","1340.0000"," ","0.0000","0.0000","9500","12853400","1352.9895"
"20210721","01","12","    58560","JP3620800007","70.0000","71.0000","70.0000","70.0000","70.0000","71.0000","70.0000","70.0000","70.0000","71.0000","70.0000","70.0000"," ","0.0000","0.0000","33000","2311800","70.0545"
"20210721","01","12","    58580","JP3163050002","0.0000","0.0000","0.0000","0.0000","0.0000","0.0000","0.0000","0.0000","0.0000","0.0000","0.0000","0.0000"," ","0.0000","0.0000","0","0","0.0000"
"20210721","01","12","    59000","JP3482400003","738.0000","738.0000","738.0000","738.0000","738.0000","738.0000","738.0000","738.0000","738.0000","738.0000","738.0000","738.0000"," ","0.0000","0.0000","500","369000","738.0000"
"20210721","01","12","    59030","JP3383600008","1380.0000","1381.0000","1335.0000","1365.0000","1361.0000","1361.0000","1360.0000","1360.0000","1380.0000","1381.0000","1335.0000","1360.0000"," ","0.0000","0.0000","3200","4356100","1361.2813"
"20210721","01","12","    59050","JP3720400005","1118.0000","1118.0000","1118.0000","1118.0000","1118.0000","1133.0000","1117.0000","1133.0000","1118.0000","1133.0000","1117.0000","1133.0000"," ","0.0000","0.0000","1400","1566600","1119.0000"
"20210721","01","12","    59060","JP3167450000","408.0000","410.0000","408.0000","410.0000","412.0000","413.0000","412.0000","412.0000","408.0000","413.0000","408.0000","412.0000"," ","0.0000","0.0000","2200","901400","409.7273"
"20210721","01","12","    59070","JP3226550006","4675.0000","4740.0000","4660.0000","4740.0000","0.0000","0.0000","0.0000","0.0000","4675.0000","4740.0000","4660.0000","4740.0000"," ","0.0000","0.0000","1500","7040000","4693.3333"
"20210721","01","12","    59180","JP3461400008","0.0000","0.0000","0.0000","0.0000","0.0000","0.0000","0.0000","0.0000","0.0000","0.0000","0.0000","0.0000"," ","0.0000","0.0000","0","0","0.0000"
"20210721","01","12","    59210","JP3222200002","2969.0000","2980.0000","2969.0000","2980.0000","2980.0000","2985.0000","2980.0000","2985.0000","2969.0000","2985.0000","2969.0000","2985.0000"," ","0.0000","0.0000","1800","5363300","2979.6111"
"20210721","01","12","    59220","JP3651000006","8160.0000","8340.0000","8160.0000","8250.0000","8250.0000","8250.0000","8160.0000","8190.0000","8160.0000","8340.0000","8160.0000","8190.0000"," ","0.0000","0.0000","7900","64933000","8219.3671"
"20210721","01","12","    59280","JP3126500002","279.0000","288.0000","279.0000","282.0000","281.0000","281.0000","280.0000","281.0000","279.0000","288.0000","279.0000","281.0000"," ","0.0000","0.0000","28400","8079800","284.5000"
"20210721","01","12","    59350","JP3235800004","4995.0000","5400.0000","4995.0000","5400.0000","5410.0000","5570.0000","5410.0000","5570.0000","4995.0000","5570.0000","4995.0000","5570.0000","2","5570.0000","0.0000","2700","14550500","5389.0741"
"20210721","01","12","    59390","JP3187800002","5100.0000","5200.0000","5100.0000","5200.0000","5170.0000","5170.0000","5170.0000","5170.0000","5100.0000","5200.0000","5100.0000","5170.0000"," ","0.0000","0.0000","400","2067000","5167.5000"
"20210721","01","12","    59400","JP3813500000","79.0000","79.0000","78.0000","78.0000","79.0000","79.0000","78.0000","78.0000","79.0000","79.0000","78.0000","78.0000"," ","0.0000","0.0000","57300","4504600","78.6143"
"20210721","01","12","    59410","JP3642600005","1200.0000","1210.0000","1200.0000","1210.0000","1202.0000","1202.0000","1202.0000","1202.0000","1200.0000","1210.0000","1200.0000","1202.0000"," ","0.0000","0.0000","8500","10212800","1201.5059"
"20210721","01","12","    59450","JP3547900005","0.0000","0.0000","0.0000","0.0000","2760.0000","2760.0000","2760.0000","2760.0000","2760.0000","2760.0000","2760.0000","2760.0000"," ","0.0000","0.0000","100","276000","2760.0000"
"20210721","01","12","    59500","JP3745200000","125.0000","125.0000","123.0000","124.0000","124.0000","124.0000","123.0000","123.0000","125.0000","125.0000","123.0000","123.0000"," ","0.0000","0.0000","27100","3340500","123.2657"
"20210721","01","12","    59520","JP3124000005","166.0000","167.0000","166.0000","167.0000","166.0000","167.0000","164.0000","166.0000","166.0000","167.0000","164.0000","166.0000"," ","0.0000","0.0000","58100","9612300","165.4441"
"20210721","01","12","    59550","JP3936400005","78.0000","78.0000","77.0000","77.0000","77.0000","78.0000","77.0000","78.0000","78.0000","78.0000","77.0000","78.0000"," ","0.0000","0.0000","535500","41358400","77.2332"
"20210721","01","12","    59560","JP3552500005","523.0000","523.0000","519.0000","519.0000","522.0000","522.0000","518.0000","518.0000","523.0000","523.0000","518.0000","518.0000"," ","0.0000","0.0000","2500","1306100","522.4400"
"20210721","01","12","    59620","JP3108800008","0.0000","0.0000","0.0000","0.0000","0.0000","0.0000","0.0000","0.0000","0.0000","0.0000","0.0000","0.0000"," ","0.0000","0.0000","0","0","0.0000"
"20210721","01","12","    59640","JP3617800002","1235.0000","1255.0000","1235.0000","1251.0000","1245.0000","1245.0000","1228.0000","1228.0000","1235.0000","1255.0000","1228.0000","1228.0000"," ","0.0000","0.0000","1100","1364100","1240.0909"
"20210721","01","12","    59650","JP3820850000","816.0000","816.0000","815.0000","815.0000","813.0000","813.0000","810.0000","810.0000","816.0000","816.0000","810.0000","810.0000"," ","0.0000","0.0000","2100","1702500","810.7143"
"20210721","01","12","    59660","JP3250400003","2024.0000","2024.0000","2024.0000","2024.0000","0.0000","0.0000","0.0000","0.0000","2024.0000","2024.0000","2024.0000","2024.0000"," ","0.0000","0.0000","100","202400","2024.0000"
"20210721","01","12","    59670","JP3860800006","3135.0000","3195.0000","3135.0000","3195.0000","3200.0000","3210.0000","3200.0000","3200.0000","3135.0000","3210.0000","3135.0000","3200.0000"," ","0.0000","0.0000","1300","4147500","3190.3846"
"20210721","01","12","    59690","JP3985000003","0.0000","0.0000","0.0000","0.0000","0.0000","0.0000","0.0000","0.0000","0.0000","0.0000","0.0000","0.0000"," ","0.0000","0.0000","0","0","0.0000"
"20210721","01","12","    59710","JP3254850005","0.0000","0.0000","0.0000","0.0000","0.0000","0.0000","0.0000","0.0000","0.0000","0.0000","0.0000","0.0000"," ","0.0000","0.0000","0","0","0.0000"
"20210721","01","12","    59730","JP3552190005","511.0000","515.0000","511.0000","515.0000","513.0000","513.0000","513.0000","513.0000","511.0000","515.0000","511.0000","513.0000"," ","0.0000","0.0000","500","256100","512.2000"
"20210721","01","12","    59740","JP3521400006","791.0000","796.0000","788.0000","792.0000","792.0000","794.0000","789.0000","792.0000","791.0000","796.0000","788.0000","792.0000"," ","0.0000","0.0000","5300","4198800","792.2264"
"20210721","01","12","    59820","JP3875610002","2408.0000","2439.0000","2408.0000","2408.0000","2379.0000","2397.0000","2372.0000","2378.0000","2408.0000","2439.0000","2372.0000","2378.0000"," ","0.0000","0.0000","3200","7674200","2398.1875"
"20210721","01","12","    59830","JP3152600007","5750.0000","5750.0000","5750.0000","5750.0000","0.0000","0.0000","0.0000","0.0000","5750.0000","5750.0000","5750.0000","5750.0000"," ","0.0000","0.0000","100","575000","5750.0000"
"20210721","01","12","    59840","JP3216800007","623.0000","624.0000","620.0000","622.0000","622.0000","624.0000","622.0000","624.0000","623.0000","624.0000","620.0000","624.0000"," ","0.0000","0.0000","7200","4484900","622.9028"
"20210721","01","12","    59870","JP3173000005","986.0000","988.0000","986.0000","988.0000","989.0000","990.0000","984.0000","985.0000","986.0000","990.0000","984.0000","985.0000"," ","0.0000","0.0000","5100","5030100","986.2941"
"20210721","01","12","    59900","JP3395300001","2222.0000","2222.0000","2222.0000","2222.0000","0.0000","0.0000","0.0000","0.0000","2222.0000","2222.0000","2222.0000","2222.0000"," ","0.0000","0.0000","100","222200","2222.0000"
"20210721","01","12","    59940","JP3577400009","1825.0000","1833.0000","1808.0000","1808.0000","1808.0000","1821.0000","1808.0000","1821.0000","1825.0000","1833.0000","1808.0000","1821.0000"," ","0.0000","0.0000","5600","10213300","1823.8036"
"20210721","01","12","    59970","JP3253800001","589.0000","589.0000","589.0000","589.0000","0.0000","0.0000","0.0000","0.0000","589.0000","589.0000","589.0000","589.0000"," ","0.0000","0.0000","200","117800","589.0000"
"20210721","01","12","    59990","JP3148400009","1915.0000","1935.0000","1908.0000","1928.0000","1930.0000","1939.0000","1924.0000","1925.0000","1915.0000","1939.0000","1908.0000","1925.0000"," ","0.0000","0.0000","5300","10205500","1925.5660"
"20210721","01","12","    60160","JP3291000002","1065.0000","1066.0000","1051.0000","1051.0000","1054.0000","1063.0000","1041.0000","1059.0000","1065.0000","1066.0000","1041.0000","1059.0000"," ","0.0000","0.0000","23100","24523300","1061.6147"
"20210721","01","12","    60180","JP3776600003","1830.0000","1830.0000","1795.0000","1812.0000","1804.0000","1806.0000","1797.0000","1806.0000","1830.0000","1830.0000","1795.0000","1806.0000"," ","0.0000","0.0000","10700","19517200","1824.0374"
"20210721","01","12","    60220","JP3106800000","0.0000","0.0000","0.0000","0.0000","1675.0000","1675.0000","1675.0000","1675.0000","1675.0000","1675.0000","1675.0000","1675.0000"," ","0.0000","0.0000","500","837500","1675.0000"
"20210721","01","12","    60230","JP3497000004","483.0000","489.0000","482.0000","483.0000","483.0000","502.0000","481.0000","500.0000","483.0000","502.0000","481.0000","500.0000"," ","0.0000","0.0000","190800","94469900","495.1253"
"20210721","01","12","    60260","JP3386540003","0.0000","0.0000","0.0000","0.0000","2081.0000","2129.0000","2080.0000","2129.0000","2081.0000","2129.0000","2080.0000","2129.0000"," ","0.0000","0.0000","300","629000","2096.6667"
"20210721","01","12","    60270","JP3835870001","9100.0000","9180.0000","8870.0000","8970.0000","8960.0000","8980.0000","8890.0000","8900.0000","9100.0000","9180.0000","8870.0000","8900.0000"," ","0.0000","0.0000","103500","930445000","8989.8068"
"20210721","01","12","    60300","JP3122380003","6890.0000","7120.0000","6880.0000","7000.0000","6960.0000","7060.0000","6930.0000","6930.0000","6890.0000","7120.0000","6880.0000","6930.0000"," ","0.0000","0.0000","19700","137813000","6995.5838"
"20210721","01","12","    60310","JP3310450006","2677.0000","2677.0000","2658.0000","2677.0000","2675.0000","2700.0000","2675.0000","2688.0000","2677.0000","2700.0000","2658.0000","2688.0000"," ","0.0000","0.0000","2200","5887600","2676.1818"
"20210721","01","12","    60330","JP3161270008","1092.0000","1105.0000","1092.0000","1100.0000","1097.0000","1100.0000","1082.0000","1093.0000","1092.0000","1105.0000","1082.0000","1093.0000"," ","0.0000","0.0000","5100","5578100","1093.7451"
"20210721","01","12","    60340","JP3167260003","1500.0000","1543.0000","1500.0000","1533.0000","1532.0000","1533.0000","1513.0000","1523.0000","1500.0000","1543.0000","1500.0000","1523.0000"," ","0.0000","0.0000","35100","53301300","1518.5556"
"20210721","01","12","    60380","JP3130840006","833.0000","833.0000","826.0000","827.0000","830.0000","830.0000","821.0000","830.0000","833.0000","833.0000","821.0000","830.0000"," ","0.0000","0.0000","12600","10413900","826.5000"
"20210721","01","12","    60390","JP3740000009","1900.0000","1900.0000","1896.0000","1899.0000","1899.0000","1900.0000","1894.0000","1895.0000","1900.0000","1900.0000","1894.0000","1895.0000"," ","0.0000","0.0000","1700","3226400","1897.8824"
"20210721","01","12","    60400","JP3719000006","684.0000","684.0000","681.0000","682.0000","681.0000","681.0000","678.0000","681.0000","684.0000","684.0000","678.0000","681.0000"," ","0.0000","0.0000","7500","5106700","680.8933"
"20210721","01","12","    60420","JP3696800006","1854.0000","1854.0000","1854.0000","1854.0000","0.0000","0.0000","0.0000","0.0000","1854.0000","1854.0000","1854.0000","1854.0000"," ","0.0000","0.0000","400","741600","1854.0000"
"20210721","01","12","    60450","JP3981850005","616.0000","633.0000","616.0000","618.0000","626.0000","628.0000","621.0000","628.0000","616.0000","633.0000","616.0000","628.0000"," ","0.0000","0.0000","16200","10138900","625.8580"
"20210721","01","12","    60460","JP3977040009","319.0000","320.0000","317.0000","319.0000","319.0000","319.0000","317.0000","317.0000","319.0000","320.0000","317.0000","317.0000"," ","0.0000","0.0000","4800","1525500","317.8125"
"20210721","01","12","    60490","JP3144600008","1070.0000","1070.0000","1051.0000","1051.0000","1052.0000","1055.0000","1045.0000","1046.0000","1070.0000","1070.0000","1045.0000","1046.0000"," ","0.0000","0.0000","69300","72821100","1050.8095"
"20210721","01","12","    60600","JP3297340006","945.0000","1000.0000","945.0000","984.0000","969.0000","976.0000","954.0000","976.0000","945.0000","1000.0000","945.0000","976.0000"," ","0.0000","0.0000","2900","2875800","991.6552"
"20210721","01","12","    60610","JP3952300006","1830.0000","1830.0000","1804.0000","1804.0000","1812.0000","1823.0000","1812.0000","1823.0000","1830.0000","1830.0000","1804.0000","1823.0000"," ","0.0000","0.0000","700","1275900","1822.7143"
"20210721","01","12","    60630","JP3688900004","1475.0000","1512.0000","1461.0000","1463.0000","1471.0000","1480.0000","1450.0000","1470.0000","1475.0000","1512.0000","1450.0000","1470.0000"," ","0.0000","0.0000","46000","67832800","1474.6261"
"20210721","01","12","    60660","JP3377950005","0.0000","0.0000","0.0000","0.0000","0.0000","0.0000","0.0000","0.0000","0.0000","0.0000","0.0000","0.0000"," ","0.0000","0.0000","0","0","0.0000"
"20210721","01","12","    60670","JP3921210005","3180.0000","3180.0000","3065.0000","3085.0000","3090.0000","3135.0000","3075.0000","3130.0000","3180.0000","3180.0000","3065.0000","3130.0000"," ","0.0000","0.0000","52700","164101000","3113.8710"
"20210721","01","12","    60690","JP3637290002","669.0000","681.0000","669.0000","670.0000","674.0000","674.0000","666.0000","667.0000","669.0000","681.0000","666.0000","667.0000"," ","0.0000","0.0000","19700","13237600","671.9594"
"20210721","01","12","    60720","JP3387880002","210.0000","213.0000","210.0000","211.0000","211.0000","211.0000","209.0000","210.0000","210.0000","213.0000","209.0000","210.0000"," ","0.0000","0.0000","115800","24430800","210.9741"
"20210721","01","12","    60740","JP3386470003","569.0000","571.0000","569.0000","571.0000","583.0000","594.0000","582.0000","594.0000","569.0000","594.0000","569.0000","594.0000"," ","0.0000","0.0000","3000","1768600","589.5333"
"20210721","01","12","    60810","JP3124850003","914.0000","914.0000","887.0000","890.0000","892.0000","899.0000","887.0000","893.0000","914.0000","914.0000","887.0000","893.0000"," ","0.0000","0.0000","202600","181690200","896.7927"
"20210721","01","12","    60850","JP3100030000","1035.0000","1040.0000","1010.0000","1040.0000","1040.0000","1040.0000","1010.0000","1035.0000","1035.0000","1040.0000","1010.0000","1035.0000"," ","0.0000","0.0000","2300","2377300","1033.6087"
"20210721","01","12","    60860","JP3383300005","1090.0000","1120.0000","1090.0000","1091.0000","1090.0000","1144.0000","1040.0000","1129.0000","1090.0000","1144.0000","1040.0000","1129.0000"," ","0.0000","0.0000","52900","57837600","1093.3384"
"20210721","01","12","    60900","JP3794530000","818.0000","819.0000","807.0000","807.0000","808.0000","815.0000","807.0000","807.0000","818.0000","819.0000","807.0000","807.0000"," ","0.0000","0.0000","6000","4881200","813.5333"
"20210721","01","12","    60910","JP3154650000","476.0000","478.0000","474.0000","474.0000","474.0000","483.0000","474.0000","478.0000","476.0000","483.0000","474.0000","478.0000"," ","0.0000","0.0000","55300","26341100","476.3309"
"20210721","01","12","    60920","JP3169730003","610.0000","611.0000","605.0000","609.0000","608.0000","609.0000","604.0000","607.0000","610.0000","611.0000","604.0000","607.0000"," ","0.0000","0.0000","21600","13106600","606.7870"
"20210721","01","12","    60940","JP3826550000","1501.0000","1573.0000","1501.0000","1555.0000","1551.0000","1558.0000","1537.0000","1553.0000","1501.0000","1573.0000","1501.0000","1553.0000"," ","0.0000","0.0000","50200","77715600","1548.1195"
"20210721","01","12","    61250","JP3193200007","6000.0000","6000.0000","5750.0000","5770.0000","5800.0000","5840.0000","5730.0000","5810.0000","6000.0000","6000.0000","5730.0000","5810.0000"," ","0.0000","0.0000","54000","314667000","5827.1667"
"20210721","01","12","    61310","JP3770600009","1197.0000","1207.0000","1190.0000","1197.0000","1191.0000","1194.0000","1186.0000","1187.0000","1197.0000","1207.0000","1186.0000","1187.0000"," ","0.0000","0.0000","10300","12306500","1194.8058"
"20210721","01","12","    61370","JP3284200007","2300.0000","2323.0000","2300.0000","2323.0000","2311.0000","2320.0000","2305.0000","2306.0000","2300.0000","2323.0000","2300.0000","2306.0000"," ","0.0000","0.0000","3800","8770200","2307.9474"
"20210721","01","12","    61440","JP3416600009","1297.0000","1300.0000","1297.0000","1300.0000","1317.0000","1317.0000","1317.0000","1317.0000","1297.0000","1317.0000","1297.0000","1317.0000"," ","0.0000","0.0000","800","1041100","1301.3750"
"20210721","01","12","    61450","JP3684700002","3900.0000","3965.0000","3900.0000","3900.0000","3890.0000","3890.0000","3845.0000","3845.0000","3900.0000","3965.0000","3845.0000","3845.0000"," ","0.0000","0.0000","29600","115106500","3888.7331"
"20210721","01","12","    61470","JP3935400006","432.0000","432.0000","422.0000","422.0000","422.0000","427.0000","422.0000","427.0000","432.0000","432.0000","422.0000","427.0000"," ","0.0000","0.0000","6700","2880800","429.9701"
"20210721","01","12","    61490","JP3196600005","2450.0000","2450.0000","2405.0000","2419.0000","2419.0000","2422.0000","2370.0000","2416.0000","2450.0000","2450.0000","2370.0000","2416.0000"," ","0.0000","0.0000","12700","30544900","2405.1102"
"20210721","01","12","    61500","JP3462800008","2388.0000","2388.0000","2388.0000","2388.0000","0.0000","0.0000","0.0000","0.0000","2388.0000","2388.0000","2388.0000","2388.0000"," ","0.0000","0.0000","800","1910400","2388.0000"
"20210721","01","12","    61550","JP3457850000","719.0000","729.0000","719.0000","728.0000","728.0000","729.0000","711.0000","727.0000","719.0000","729.0000","711.0000","727.0000"," ","0.0000","0.0000","2100","1515300","721.5714"
"20210721","01","12","    61560","JP3160660001","1347.0000","1347.0000","1346.0000","1346.0000","1346.0000","1346.0000","1344.0000","1344.0000","1347.0000","1347.0000","1344.0000","1344.0000"," ","0.0000","0.0000","5900","7946000","1346.7797"
"20210721","01","12","    61580","JP3990790002","1443.0000","1443.0000","1416.0000","1433.0000","1428.0000","1448.0000","1421.0000","1421.0000","1443.0000","1448.0000","1416.0000","1421.0000"," ","0.0000","0.0000","21000","30018400","1429.4476"
"20210721","01","12","    61590","JP3883700001","1146.0000","1146.0000","1146.0000","1146.0000","1140.0000","1140.0000","1133.0000","1133.0000","1146.0000","1146.0000","1133.0000","1133.0000"," ","0.0000","0.0000","1100","1256200","1142.0000"
"20210721","01","12","    61610","JP3163150000","0.0000","0.0000","0.0000","0.0000","4400.0000","4430.0000","4400.0000","4430.0000","4400.0000","4430.0000","4400.0000","4430.0000"," ","0.0000","0.0000","200","883000","4415.0000"
"20210721","01","12","    61640","JP3450900000","1186.0000","1186.0000","1186.0000","1186.0000","1179.0000","1179.0000","1157.0000","1174.0000","1186.0000","1186.0000","1157.0000","1174.0000"," ","0.0000","0.0000","1100","1297500","1179.5455"
"20210721","01","12","    61660","JP3645800008","636.0000","642.0000","630.0000","634.0000","634.0000","637.0000","628.0000","634.0000","636.0000","642.0000","628.0000","634.0000"," ","0.0000","0.0000","84300","53577600","635.5587"
"20210721","01","12","    61680","JP3172280004","0.0000","0.0000","0.0000","0.0000","0.0000","0.0000","0.0000","0.0000","0.0000","0.0000","0.0000","0.0000"," ","0.0000","0.0000","0","0","0.0000"
"20210721","01","12","    61720","JP3921280008","1210.0000","1242.0000","1177.0000","1180.0000","1182.0000","1195.0000","1160.0000","1172.0000","1210.0000","1242.0000","1160.0000","1172.0000"," ","0.0000","0.0000","563500","670722200","1190.2790"
"20210721","01","12","    61730","JP3107990008","773.0000","773.0000","764.0000","771.0000","771.0000","771.0000","771.0000","771.0000","773.0000","773.0000","764.0000","771.0000"," ","0.0000","0.0000","2700","2077700","769.5185"
"20210721","01","12","    61740","JP3551510005","0.0000","0.0000","0.0000","0.0000","0.0000","0.0000","0.0000","0.0000","0.0000","0.0000","0.0000","0.0000"," ","0.0000","0.0000","0","0","0.0000"
"20210721","01","12","    61760","JP3830700005","475.0000","476.0000","467.0000","467.0000","468.0000","468.0000","466.0000","466.0000","475.0000","476.0000","466.0000","466.0000"," ","0.0000","0.0000","19000","8989100","473.1105"
"20210721","01","12","    61770","JP3121180008","175.0000","178.0000","175.0000","176.0000","176.0000","176.0000","174.0000","174.0000","175.0000","178.0000","174.0000","174.0000"," ","0.0000","0.0000","66500","11674800","175.5609"
"20210721","01","12","    61800","JP3386580009","2000.0000","2000.0000","2000.0000","2000.0000","2000.0000","2000.0000","2000.0000","2000.0000","2000.0000","2000.0000","2000.0000","2000.0000"," ","0.0000","0.0000","300","600000","2000.0000"
"20210721","01","12","    61810","JP3780150003","122.0000","123.0000","121.0000","122.0000","122.0000","123.0000","122.0000","122.0000","122.0000","123.0000","121.0000","122.0000"," ","0.0000","0.0000","154100","18804300","122.0266"
"20210721","01","12","    61820","JP3984160006","1600.0000","1648.0000","1592.0000","1601.0000","1601.0000","1612.0000","1596.0000","1596.0000","1600.0000","1648.0000","1592.0000","1596.0000"," ","0.0000","0.0000","187200","302141600","1614.0043"
"20210721","01","12","    61880","JP3816650000","388.0000","388.0000","382.0000","385.0000","383.0000","386.0000","381.0000","385.0000","388.0000","388.0000","381.0000","385.0000"," ","0.0000","0.0000","17600","6750000","383.5227"
"20210721","01","12","    61900","JP3803010002","623.0000","624.0000","614.0000","614.0000","624.0000","624.0000","615.0000","615.0000","623.0000","624.0000","614.0000","615.0000"," ","0.0000","0.0000","600","372300","620.5000"
"20210721","01","12","    61920","JP3765170000","149.0000","151.0000","149.0000","151.0000","151.0000","151.0000","149.0000","150.0000","149.0000","151.0000","149.0000","150.0000"," ","0.0000","0.0000","26000","3892300","149.7038"
"20210721","01","12","    61930","JP3778230007","0.0000","0.0000","0.0000","0.0000","671.0000","671.0000","662.0000","662.0000","671.0000","671.0000","662.0000","662.0000"," ","0.0000","0.0000","800","533200","666.5000"
"20210721","01","12","    61950","JP3837640006","726.0000","749.0000","725.0000","732.0000","730.0000","739.0000","726.0000","732.0000","726.0000","749.0000","725.0000","732.0000"," ","0.0000","0.0000","57100","41946400","734.6130"
"20210721","01","12","    61980","JP3244430009","466.0000","472.0000","454.0000","456.0000","455.0000","462.0000","455.0000","456.0000","466.0000","472.0000","454.0000","456.0000"," ","0.0000","0.0000","98800","45479000","460.3138"
"20210721","01","12","    62280","JP3386770006","0.0000","0.0000","0.0000","0.0000","0.0000","0.0000","0.0000","0.0000","0.0000","0.0000","0.0000","0.0000"," ","0.0000","0.0000","0","0","0.0000"
"20210721","01","12","    62290","JP3172170007","1237.0000","1237.0000","1206.0000","1206.0000","1204.0000","1210.0000","1198.0000","1199.0000","1237.0000","1237.0000","1198.0000","1199.0000"," ","0.0000","0.0000","45300","54863800","1211.1214"
"20210721","01","12","    62300","JP3324650005","3180.0000","3185.0000","3170.0000","3185.0000","3150.0000","3150.0000","3075.0000","3085.0000","3180.0000","3185.0000","3075.0000","3085.0000"," ","0.0000","0.0000","6000","18742500","3123.7500"
"20210721","01","12","    62310","JP3242200008","0.0000","0.0000","0.0000","0.0000","0.0000","0.0000","0.0000","0.0000","0.0000","0.0000","0.0000","0.0000"," ","0.0000","0.0000","0","0","0.0000"
"20210721","01","12","    62320","JP3394900009","2500.0000","2512.0000","2468.0000","2473.0000","2475.0000","2477.0000","2433.0000","2443.0000","2500.0000","2512.0000","2433.0000","2443.0000"," ","0.0000","0.0000","121300","299825000","2471.7642"
"20210721","01","12","    62330","JP3256960000","630.0000","632.0000","624.0000","626.0000","626.0000","645.0000","626.0000","638.0000","630.0000","645.0000","624.0000","638.0000"," ","0.0000","0.0000","21300","13489000","633.2864"
"20210721","01","12","    62390","JP3647100001","858.0000","858.0000","832.0000","835.0000","835.0000","836.0000","832.0000","834.0000","858.0000","858.0000","832.0000","834.0000"," ","0.0000","0.0000","22500","18900300","840.0133"
"20210721","01","12","    62450","JP3795800006","2738.0000","2770.0000","2692.0000","2694.0000","2692.0000","2727.0000","2680.0000","2714.0000","2738.0000","2770.0000","2680.0000","2714.0000"," ","0.0000","0.0000","19600","53005900","2704.3827"
"20210721","01","12","    62460","JP3147200004","1300.0000","1314.0000","1285.0000","1308.0000","1305.0000","1315.0000","1301.0000","1303.0000","1300.0000","1315.0000","1285.0000","1303.0000"," ","0.0000","0.0000","11300","14717800","1302.4602"
"20210721","01","12","    62480","JP3955250000","1150.0000","1150.0000","1150.0000","1150.0000","1150.0000","1153.0000","1150.0000","1153.0000","1150.0000","1153.0000","1150.0000","1153.0000"," ","0.0000","0.0000","1900","2186900","1151.0000"
"20210721","01","12","    62490","JP3282270002","1250.0000","1250.0000","1240.0000","1247.0000","1249.0000","1250.0000","1244.0000","1244.0000","1250.0000","1250.0000","1240.0000","1244.0000"," ","0.0000","0.0000","1900","2364800","1244.6316"
"20210721","01","12","    62550","JP3165840004","921.0000","928.0000","901.0000","915.0000","915.0000","924.0000","906.0000","918.0000","921.0000","928.0000","901.0000","918.0000"," ","0.0000","0.0000","2713300","2483762500","915.4028"
"20210721","01","12","    62570","JP3814600007","918.0000","918.0000","902.0000","905.0000","905.0000","907.0000","900.0000","900.0000","918.0000","918.0000","900.0000","900.0000"," ","0.0000","0.0000","24700","22378600","906.0162"
"20210721","01","12","    62650","JP3910200009","0.0000","0.0000","0.0000","0.0000","0.0000","0.0000","0.0000","0.0000","0.0000","0.0000","0.0000","0.0000"," ","0.0000","0.0000","0","0","0.0000"
"20210721","01","12","    62670","JP3428700003","2491.0000","2491.0000","2490.0000","2490.0000","2456.0000","2499.0000","2456.0000","2469.0000","2491.0000","2499.0000","2456.0000","2469.0000"," ","0.0000","0.0000","1300","3235600","2488.9231"
"20210721","01","12","    62710","JP3678400007","1070.0000","1071.0000","1050.0000","1069.0000","1055.0000","1069.0000","1054.0000","1058.0000","1070.0000","1071.0000","1050.0000","1058.0000"," ","0.0000","0.0000","5000","5336400","1067.2800"
"20210721","01","12","    62760","JP3651100004","373.0000","377.0000","372.0000","377.0000","375.0000","375.0000","372.0000","372.0000","373.0000","377.0000","372.0000","372.0000"," ","0.0000","0.0000","8900","3328500","373.9888"
"20210721","01","12","    62790","JP3411900008","1004.0000","1004.0000","1004.0000","1004.0000","999.0000","999.0000","995.0000","995.0000","1004.0000","1004.0000","995.0000","995.0000"," ","0.0000","0.0000","700","699900","999.8571"
"20210721","01","12","    62810","JP3861400004","531.0000","545.0000","530.0000","541.0000","541.0000","548.0000","541.0000","541.0000","531.0000","548.0000","530.0000","541.0000"," ","0.0000","0.0000","8900","4793200","538.5618"
"20210721","01","12","    62860","JP3414800007","0.0000","0.0000","0.0000","0.0000","629.0000","629.0000","624.0000","624.0000","629.0000","629.0000","624.0000","624.0000"," ","0.0000","0.0000","900","563500","626.1111"
"20210721","01","12","    62970","JP3286800002","498.0000","498.0000","497.0000","497.0000","497.0000","498.0000","497.0000","498.0000","498.0000","498.0000","497.0000","498.0000"," ","0.0000","0.0000","6700","3331100","497.1791"
"20210721","01","12","    62990","JP3376000000","2885.0000","2885.0000","2860.0000","2864.0000","2854.0000","2854.0000","2854.0000","2854.0000","2885.0000","2885.0000","2854.0000","2854.0000"," ","0.0000","0.0000","5800","16711800","2881.3448"
"20210721","01","12","    63030","JP3319000000","2505.0000","2552.0000","2505.0000","2551.0000","0.0000","0.0000","0.0000","0.0000","2505.0000","2552.0000","2505.0000","2551.0000"," ","0.0000","0.0000","4100","10281200","2507.6098"
"20210721","01","12","    63070","JP3334500000","0.0000","0.0000","0.0000","0.0000","450.0000","452.0000","444.0000","448.0000","450.0000","452.0000","444.0000","448.0000"," ","0.0000","0.0000","1100","492000","447.2727"
"20210721","01","12","    63120","JP3829400005","813.0000","832.0000","813.0000","816.0000","812.0000","812.0000","806.0000","807.0000","813.0000","832.0000","806.0000","807.0000"," ","0.0000","0.0000","11000","8943500","813.0455"
"20210721","01","12","    63220","JP3462620000","1168.0000","1168.0000","1154.0000","1155.0000","0.0000","0.0000","0.0000","0.0000","1168.0000","1168.0000","1154.0000","1155.0000"," ","0.0000","0.0000","2300","2673300","1162.3043"
"20210721","01","12","    63240","JP3765150002","5940.0000","6070.0000","5930.0000","5970.0000","5960.0000","5970.0000","5890.0000","5930.0000","5940.0000","6070.0000","5890.0000","5930.0000"," ","0.0000","0.0000","193600","1153537000","5958.3523"
"20210721","01","12","    63270","JP3237150002","610.0000","628.0000","610.0000","620.0000","620.0000","624.0000","616.0000","623.0000","610.0000","628.0000","610.0000","623.0000"," ","0.0000","0.0000","62800","38953400","620.2771"
"20210721","01","12","    63340","JP3916600004","268.0000","268.0000","263.0000","265.0000","265.0000","265.0000","263.0000","263.0000","268.0000","268.0000","263.0000","263.0000"," ","0.0000","0.0000","29800","7857400","263.6711"
"20210721","01","12","    63360","JP3134450000","716.0000","721.0000","716.0000","721.0000","723.0000","723.0000","715.0000","715.0000","716.0000","723.0000","715.0000","715.0000"," ","0.0000","0.0000","4100","2944300","718.1220"
"20210721","01","12","    63370","JP3545160008","2836.0000","2856.0000","2756.0000","2810.0000","2800.0000","2823.0000","2770.0000","2801.0000","2836.0000","2856.0000","2756.0000","2801.0000"," ","0.0000","0.0000","65100","182671100","2806.0077"
"20210721","01","12","    63380","JP3457720005","1037.0000","1047.0000","1021.0000","1026.0000","1028.0000","1029.0000","1015.0000","1027.0000","1037.0000","1047.0000","1015.0000","1027.0000"," ","0.0000","0.0000","49000","50463300","1029.8633"
"20210721","01","12","    63420","JP3446400008","1846.0000","1846.0000","1841.0000","1841.0000","0.0000","0.0000","0.0000","0.0000","1846.0000","1846.0000","1841.0000","1841.0000"," ","0.0000","0.0000","1800","3322300","1845.7222"
"20210721","01","12","    63430","JP3826600003","122.0000","123.0000","121.0000","121.0000","122.0000","123.0000","121.0000","121.0000","122.0000","123.0000","121.0000","121.0000"," ","0.0000","0.0000","120600","14702200","121.9088"
"20210721","01","12","    63460","JP3236400002","3900.0000","3900.0000","3890.0000","3890.0000","3960.0000","4130.0000","3960.0000","3995.0000","3900.0000","4130.0000","3890.0000","3995.0000"," ","0.0000","0.0000","1800","7180000","3988.8889"
"20210721","01","12","    63470","JP3832400000","483.0000","487.0000","480.0000","485.0000","480.0000","482.0000","460.0000","475.0000","483.0000","487.0000","460.0000","475.0000"," ","0.0000","0.0000","6600","3154900","478.0152"
"20210721","01","12","    63570","JP3334800004","816.0000","829.0000","812.0000","819.0000","816.0000","821.0000","809.0000","821.0000","816.0000","829.0000","809.0000","821.0000"," ","0.0000","0.0000","64900","53240400","820.3451"
"20210721","01","12","    63600","JP3578200002","1720.0000","1720.0000","1720.0000","1720.0000","1720.0000","1720.0000","1700.0000","1700.0000","1720.0000","1720.0000","1700.0000","1700.0000"," ","0.0000","0.0000","400","684000","1710.0000"
"20210721","01","12","    63650","JP3550800001","3850.0000","3895.0000","3850.0000","3895.0000","3890.0000","3920.0000","3890.0000","3915.0000","3850.0000","3920.0000","3850.0000","3915.0000"," ","0.0000","0.0000","3600","13987000","3885.2778"
"20210721","01","12","    63660","JP3528600004","455.0000","455.0000","446.0000","450.0000","453.0000","453.0000","447.0000","450.0000","455.0000","455.0000","446.0000","450.0000"," ","0.0000","0.0000","1852600","834072100","450.2170"
"20210721","01","12","    63800","JP3198800009","659.0000","680.0000","659.0000","670.0000","660.0000","670.0000","660.0000","661.0000","659.0000","680.0000","659.0000","661.0000","2","662.0000","0.0000","3900","2593900","665.1026"
"20210721","01","12","    63820","JP3637000005","841.0000","841.0000","835.0000","835.0000","837.0000","847.0000","836.0000","847.0000","841.0000","847.0000","835.0000","847.0000"," ","0.0000","0.0000","5100","4272200","837.6863"
"20210721","01","12","    63840","JP3366950008","1560.0000","1574.0000","1560.0000","1570.0000","1563.0000","1582.0000","1561.0000","1561.0000","1560.0000","1582.0000","1560.0000","1561.0000"," ","0.0000","0.0000","6400","10060300","1571.9219"
"20210721","01","12","    63910","JP3212200004","5270.0000","5270.0000","5120.0000","5160.0000","5140.0000","5160.0000","5130.0000","5160.0000","5270.0000","5270.0000","5120.0000","5160.0000"," ","0.0000","0.0000","5500","28355000","5155.4545"
"20210721","01","12","    63920","JP3938600008","2306.0000","2308.0000","2306.0000","2308.0000","2300.0000","2300.0000","2300.0000","2300.0000","2306.0000","2308.0000","2300.0000","2300.0000"," ","0.0000","0.0000","900","2071400","2301.5556"
"20210721","01","12","    63960","JP3158000004","2535.0000","2535.0000","2535.0000","2535.0000","2535.0000","2535.0000","2535.0000","2535.0000","2535.0000","2535.0000","2535.0000","2535.0000"," ","0.0000","0.0000","800","2028000","2535.0000"
"20210721","01","12","    64000","JP3815100007","620.0000","625.0000","615.0000","615.0000","615.0000","618.0000","612.0000","612.0000","620.0000","625.0000","612.0000","612.0000"," ","0.0000","0.0000","48300","29880900","618.6522"
"20210721","01","12","    64020","JP3217300007","1350.0000","1366.0000","1350.0000","1359.0000","1390.0000","1400.0000","1348.0000","1348.0000","1350.0000","1400.0000","1348.0000","1348.0000"," ","0.0000","0.0000","18000","24596600","1366.4778"
"20210721","01","12","    64030","JP3395800000","1992.0000","1997.0000","1992.0000","1993.0000","2000.0000","2010.0000","2000.0000","2010.0000","1992.0000","2010.0000","1992.0000","2010.0000"," ","0.0000","0.0000","1800","3605900","2003.2778"
"20210721","01","12","    64050","JP3398700009","1789.0000","1789.0000","1788.0000","1788.0000","1789.0000","1789.0000","1764.0000","1764.0000","1789.0000","1789.0000","1764.0000","1764.0000"," ","0.0000","0.0000","600","1068200","1780.3333"
"20210721","01","12","    64080","JP3195200005","0.0000","0.0000","0.0000","0.0000","2781.0000","2820.0000","2781.0000","2820.0000","2781.0000","2820.0000","2781.0000","2820.0000"," ","0.0000","0.0000","400","1118600","2796.5000"
"20210721","01","12","    64110","JP3644000006","5180.0000","5180.0000","5130.0000","5130.0000","5180.0000","5180.0000","5150.0000","5150.0000","5180.0000","5180.0000","5130.0000","5150.0000"," ","0.0000","0.0000","1500","7736000","5157.3333"
"20210721","01","12","    64140","JP3225600000","1365.0000","1365.0000","1342.0000","1342.0000","1334.0000","1355.0000","1334.0000","1355.0000","1365.0000","1365.0000","1334.0000","1355.0000"," ","0.0000","0.0000","1300","1755400","1350.3077"
"20210721","01","12","    64160","JP3212800001","635.0000","636.0000","634.0000","634.0000","0.0000","0.0000","0.0000","0.0000","635.0000","636.0000","634.0000","634.0000"," ","0.0000","0.0000","1000","635200","635.2000"
"20210721","01","12","    64240","JP3458300005","915.0000","915.0000","915.0000","915.0000","915.0000","917.0000","915.0000","917.0000","915.0000","917.0000","915.0000","917.0000"," ","0.0000","0.0000","4500","4117900","915.0889"
"20210721","01","12","    64250","JP3126130008","2377.0000","2387.0000","2347.0000","2351.0000","2352.0000","2355.0000","2324.0000","2337.0000","2377.0000","2387.0000","2324.0000","2337.0000"," ","0.0000","0.0000","37100","86870100","2341.5121"
"20210721","01","12","    64330","JP3783050002","429.0000","440.0000","428.0000","428.0000","427.0000","431.0000","426.0000","428.0000","429.0000","440.0000","426.0000","428.0000"," ","0.0000","0.0000","35500","15335200","431.9775"
"20210721","01","12","    64660","JP3558810002","2172.0000","2182.0000","2172.0000","2182.0000","2182.0000","2192.0000","2174.0000","2174.0000","2172.0000","2192.0000","2172.0000","2174.0000"," ","0.0000","0.0000","700","1528200","2183.1429"
"20210721","01","12","    64670","JP3661940001","478.0000","479.0000","475.0000","478.0000","476.0000","494.0000","476.0000","485.0000","478.0000","494.0000","475.0000","485.0000"," ","0.0000","0.0000","9300","4491700","482.9785"
"20210721","01","12","    64690","JP3839600008","845.0000","862.0000","845.0000","848.0000","847.0000","851.0000","846.0000","847.0000","845.0000","862.0000","845.0000","847.0000"," ","0.0000","0.0000","7900","6734500","852.4684"
"20210721","01","12","    64840","JP3277250001","2190.0000","2235.0000","2190.0000","2235.0000","2234.0000","2234.0000","2201.0000","2201.0000","2190.0000","2235.0000","2190.0000","2201.0000"," ","0.0000","0.0000","900","2001500","2223.8889"
"20210721","01","12","    64880","JP3957200003","547.0000","547.0000","547.0000","547.0000","547.0000","548.0000","546.0000","546.0000","547.0000","548.0000","546.0000","546.0000"," ","0.0000","0.0000","3000","1640900","546.9667"
"20210721","01","12","    64920","JP3191600000","2586.0000","2595.0000","2586.0000","2595.0000","0.0000","0.0000","0.0000","0.0000","2586.0000","2595.0000","2586.0000","2595.0000"," ","0.0000","0.0000","200","518100","2590.5000"
"20210721","01","12","    64930","JP3680000001","320.0000","337.0000","320.0000","325.0000","325.0000","329.0000","320.0000","327.0000","320.0000","337.0000","320.0000","327.0000"," ","0.0000","0.0000","578500","189816200","328.1179"
"20210721","01","12","    64940","JP3748200007","120.0000","122.0000","120.0000","121.0000","121.0000","121.0000","119.0000","119.0000","120.0000","122.0000","119.0000","119.0000"," ","0.0000","0.0000","142800","17167400","120.2199"
"20210721","01","12","    64950","JP3907600005","131.0000","133.0000","130.0000","131.0000","133.0000","133.0000","131.0000","131.0000","131.0000","133.0000","130.0000","131.0000"," ","0.0000","0.0000","101700","13397800","131.7384"
"20210721","01","12","    64960","JP3642000008","2603.0000","2606.0000","2603.0000","2606.0000","2607.0000","2607.0000","2607.0000","2607.0000","2603.0000","2607.0000","2603.0000","2607.0000"," ","0.0000","0.0000","300","781600","2605.3333"
"20210721","01","12","    64970","JP3770400004","916.0000","928.0000","915.0000","915.0000","913.0000","913.0000","908.0000","910.0000","916.0000","928.0000","908.0000","910.0000"," ","0.0000","0.0000","2200","2011100","914.1364"
"20210721","01","12","    65180","JP3335300004","0.0000","0.0000","0.0000","0.0000","995.0000","995.0000","995.0000","995.0000","995.0000","995.0000","995.0000","995.0000"," ","0.0000","0.0000","100","99500","995.0000"
"20210721","01","12","    65210","JP3193930009","8060.0000","8100.0000","7660.0000","7660.0000","7610.0000","7710.0000","7500.0000","7670.0000","8060.0000","8100.0000","7500.0000","7670.0000"," ","0.0000","0.0000","287600","2225494000","7738.1572"
"20210721","01","12","    65370","JP3155550001","601.0000","601.0000","598.0000","598.0000","597.0000","598.0000","592.0000","597.0000","601.0000","601.0000","592.0000","597.0000"," ","0.0000","0.0000","2500","1490600","596.2400"
"20210721","01","12","    65420","JP3166960009","815.0000","820.0000","815.0000","816.0000","820.0000","821.0000","817.0000","821.0000","815.0000","821.0000","815.0000","821.0000"," ","0.0000","0.0000","2800","2290300","817.9643"
"20210721","01","12","    65430","JP3679810006","1260.0000","1278.0000","1260.0000","1278.0000","1292.0000","1292.0000","1278.0000","1278.0000","1260.0000","1292.0000","1260.0000","1278.0000"," ","0.0000","0.0000","2000","2545500","1272.7500"
"20210721","01","12","    65450","JP3152880005","543.0000","555.0000","543.0000","552.0000","552.0000","552.0000","541.0000","541.0000","543.0000","555.0000","541.0000","541.0000"," ","0.0000","0.0000","9700","5287400","545.0928"
"20210721","01","12","    65480","JP3470000005","1090.0000","1090.0000","1060.0000","1084.0000","1084.0000","1084.0000","1060.0000","1064.0000","1090.0000","1090.0000","1060.0000","1064.0000"," ","0.0000","0.0000","14600","15645300","1071.5959"
"20210721","01","12","    65490","JP3548790009","1135.0000","1168.0000","1135.0000","1148.0000","1140.0000","1150.0000","1130.0000","1130.0000","1135.0000","1168.0000","1130.0000","1130.0000"," ","0.0000","0.0000","9000","10284800","1142.7556"
"20210721","01","12","    65500","JP3826780003","348.0000","348.0000","343.0000","345.0000","344.0000","352.0000","344.0000","352.0000","348.0000","352.0000","343.0000","352.0000"," ","0.0000","0.0000","67300","23393200","347.5958"
"20210721","01","12","    65540","JP3163970001","439.0000","439.0000","429.0000","429.0000","429.0000","429.0000","425.0000","427.0000","439.0000","439.0000","425.0000","427.0000"," ","0.0000","0.0000","7900","3385200","428.5063"
"20210721","01","12","    65570","JP3274360001","1239.0000","1239.0000","1165.0000","1186.0000","1186.0000","1210.0000","1065.0000","1115.0000","1239.0000","1239.0000","1065.0000","1115.0000"," ","0.0000","0.0000","56500","63138200","1117.4903"
"20210721","01","12","    65580","JP3266210008","1151.0000","1151.0000","1130.0000","1130.0000","1120.0000","1120.0000","1110.0000","1112.0000","1151.0000","1151.0000","1110.0000","1112.0000"," ","0.0000","0.0000","1300","1465400","1127.2308"
"20210721","01","12","    65610","JP3769900006","841.0000","879.0000","841.0000","866.0000","869.0000","870.0000","853.0000","862.0000","841.0000","879.0000","841.0000","862.0000"," ","0.0000","0.0000","13600","11743100","863.4632"
"20210721","01","12","    65620","JP3386640001","1245.0000","1260.0000","1235.0000","1240.0000","1237.0000","1242.0000","1226.0000","1235.0000","1245.0000","1260.0000","1226.0000","1235.0000"," ","0.0000","0.0000","34500","42804300","1240.7043"
"20210721","01","12","    65630","JP3910630007","1161.0000","1184.0000","1140.0000","1178.0000","1170.0000","1189.0000","1170.0000","1182.0000","1161.0000","1189.0000","1140.0000","1182.0000"," ","0.0000","0.0000","18700","21818800","1166.7807"
"20210721","01","12","    65650","JP3160610006","1149.0000","1155.0000","1136.0000","1142.0000","1146.0000","1146.0000","1125.0000","1130.0000","1149.0000","1155.0000","1125.0000","1130.0000"," ","0.0000","0.0000","24300","27718800","1140.6914"
"20210721","01","12","    65660","JP3215150008","877.0000","877.0000","877.0000","877.0000","877.0000","892.0000","877.0000","880.0000","877.0000","892.0000","877.0000","880.0000"," ","0.0000","0.0000","2400","2106600","877.7500"
"20210721","01","12","    65670","JP3423560006","784.0000","793.0000","770.0000","772.0000","770.0000","772.0000","757.0000","767.0000","784.0000","793.0000","757.0000","767.0000"," ","0.0000","0.0000","59700","46273700","775.1039"
"20210721","01","12","    65680","JP3290400005","1264.0000","1264.0000","1247.0000","1249.0000","1248.0000","1248.0000","1237.0000","1238.0000","1264.0000","1264.0000","1237.0000","1238.0000"," ","0.0000","0.0000","5900","7397700","1253.8475"
"20210721","01","12","    65700","JP3254830007","489.0000","492.0000","487.0000","487.0000","487.0000","487.0000","484.0000","484.0000","489.0000","492.0000","484.0000","484.0000"," ","0.0000","0.0000","3500","1708700","488.2000"
"20210721","01","12","    65730","JP3119610008","485.0000","486.0000","482.0000","482.0000","481.0000","483.0000","477.0000","477.0000","485.0000","486.0000","477.0000","477.0000"," ","0.0000","0.0000","5900","2840100","481.3729"
"20210721","01","12","    65740","JP3305980009","716.0000","736.0000","703.0000","730.0000","708.0000","708.0000","706.0000","706.0000","716.0000","736.0000","703.0000","706.0000"," ","0.0000","0.0000","3100","2218300","715.5806"
"20210721","01","12","    65750","JP3794480008","745.0000","760.0000","745.0000","750.0000","754.0000","754.0000","754.0000","754.0000","745.0000","760.0000","745.0000","754.0000"," ","0.0000","0.0000","900","673400","748.2222"
"20210721","01","12","    65760","JP3953630005","0.0000","0.0000","0.0000","0.0000","0.0000","0.0000","0.0000","0.0000","0.0000","0.0000","0.0000","0.0000"," ","0.0000","0.0000","0","0","0.0000"
"20210721","01","12","    65770","JP3835590005","2480.0000","2570.0000","2480.0000","2509.0000","2509.0000","2509.0000","2380.0000","2392.0000","2480.0000","2570.0000","2380.0000","2392.0000"," ","0.0000","0.0000","9400","23128400","2460.4681"
"20210721","01","12","    65780","JP3165860002","348.0000","350.0000","340.0000","346.0000","346.0000","350.0000","343.0000","348.0000","348.0000","350.0000","340.0000","348.0000"," ","0.0000","0.0000","9000","3108400","345.3778"
"20210721","01","12","    65790","JP3984110001","1053.0000","1053.0000","1024.0000","1024.0000","1024.0000","1024.0000","1012.0000","1012.0000","1053.0000","1053.0000","1012.0000","1012.0000"," ","0.0000","0.0000","8400","8661200","1031.0952"
"20210721","01","12","    65800","JP3965450004","2780.0000","2825.0000","2762.0000","2786.0000","2781.0000","2781.0000","2757.0000","2771.0000","2780.0000","2825.0000","2757.0000","2771.0000"," ","0.0000","0.0000","30200","84091100","2784.4735"
"20210721","01","12","    65960","JP3532900002","0.0000","0.0000","0.0000","0.0000","0.0000","0.0000","0.0000","0.0000","0.0000","0.0000","0.0000","0.0000"," ","0.0000","0.0000","0","0","0.0000"
"20210721","01","12","    65970","JP3160940007","3350.0000","3380.0000","3315.0000","3325.0000","3290.0000","3450.0000","3280.0000","3370.0000","3350.0000","3450.0000","3280.0000","3370.0000"," ","0.0000","0.0000","127300","426639000","3351.4454"
"20210721","01","12","    65990","JP3167220007","3295.0000","3340.0000","3295.0000","3300.0000","3300.0000","3335.0000","3175.0000","3335.0000","3295.0000","3340.0000","3175.0000","3335.0000"," ","0.0000","0.0000","5400","17805500","3297.3148"
"20210721","01","12","    66120","JP3778510002","5750.0000","5880.0000","5730.0000","5810.0000","5800.0000","5800.0000","5720.0000","5740.0000","5750.0000","5880.0000","5720.0000","5740.0000"," ","0.0000","0.0000","38300","221196000","5775.3525"
"20210721","01","12","    66130","JP3244720003","1436.0000","1445.0000","1400.0000","1402.0000","1400.0000","1406.0000","1389.0000","1402.0000","1436.0000","1445.0000","1389.0000","1402.0000"," ","0.0000","0.0000","799800","1128475900","1410.9476"
"20210721","01","12","    66140","JP3348850003","4530.0000","4670.0000","4285.0000","4315.0000","4305.0000","4325.0000","4165.0000","4300.0000","4530.0000","4670.0000","4165.0000","4300.0000"," ","0.0000","0.0000","551500","2431469000","4408.8286"
"20210721","01","12","    66180","JP3174900005","1179.0000","1214.0000","1169.0000","1205.0000","1202.0000","1203.0000","1183.0000","1196.0000","1179.0000","1214.0000","1169.0000","1196.0000"," ","0.0000","0.0000","320300","381324200","1190.5220"
"20210721","01","12","    66250","JP3390220006","184.0000","186.0000","184.0000","184.0000","185.0000","185.0000","183.0000","185.0000","184.0000","186.0000","183.0000","185.0000"," ","0.0000","0.0000","126300","23289700","184.3998"
"20210721","01","12","    66260","JP3423350002","5460.0000","5520.0000","5390.0000","5440.0000","5440.0000","5580.0000","5420.0000","5540.0000","5460.0000","5580.0000","5390.0000","5540.0000"," ","0.0000","0.0000","16000","87745000","5484.0625"
"20210721","01","12","    66270","JP3546550009","1749.0000","1749.0000","1661.0000","1666.0000","1668.0000","1680.0000","1655.0000","1674.0000","1749.0000","1749.0000","1655.0000","1674.0000"," ","0.0000","0.0000","262700","445230600","1694.8253"
"20210721","01","12","    66280","JP3202110007","2.0000","3.0000","2.0000","3.0000","2.0000","3.0000","2.0000","2.0000","2.0000","3.0000","2.0000","2.0000"," ","0.0000","0.0000","5918400","13543600","2.2884"
"20210721","01","12","    66290","JP3545220000","2041.0000","2056.0000","1959.0000","1972.0000","1972.0000","1998.0000","1953.0000","1975.0000","2041.0000","2056.0000","1953.0000","1975.0000"," ","0.0000","0.0000","927900","1844047200","1987.3340"
"20210721","01","12","    66330","JP3126390008","363.0000","367.0000","363.0000","367.0000","363.0000","366.0000","363.0000","366.0000","363.0000","367.0000","363.0000","366.0000"," ","0.0000","0.0000","5300","1933900","364.8868"
"20210721","01","12","    66340","JP3758170009","178.0000","178.0000","175.0000","177.0000","177.0000","178.0000","174.0000","176.0000","178.0000","178.0000","174.0000","176.0000"," ","0.0000","0.0000","14900","2624900","176.1678"
"20210721","01","12","    66350","JP3493200004","560.0000","576.0000","560.0000","576.0000","576.0000","577.0000","565.0000","565.0000","560.0000","577.0000","560.0000","565.0000"," ","0.0000","0.0000","15400","8735800","567.2597"
"20210721","01","12","    66370","JP3546100003","1390.0000","1390.0000","1384.0000","1384.0000","1384.0000","1388.0000","1382.0000","1386.0000","1390.0000","1390.0000","1382.0000","1386.0000"," ","0.0000","0.0000","2400","3328100","1386.7083"
"20210721","01","12","    66390","JP3306030002","1900.0000","1900.0000","1888.0000","1888.0000","1888.0000","1899.0000","1875.0000","1894.0000","1900.0000","1900.0000","1875.0000","1894.0000"," ","0.0000","0.0000","3800","7203300","1895.6053"
"20210721","01","12","    66430","JP3623400003","0.0000","0.0000","0.0000","0.0000","0.0000","0.0000","0.0000","0.0000","0.0000","0.0000","0.0000","0.0000"," ","0.0000","0.0000","0","0","0.0000"
"20210721","01","12","    66470","JP3923200004","0.0000","0.0000","0.0000","0.0000","1862.0000","1862.0000","1862.0000","1862.0000","1862.0000","1862.0000","1862.0000","1862.0000"," ","0.0000","0.0000","100","186200","1862.0000"
"20210721","01","12","    66480","JP3225000003","2499.0000","2499.0000","2499.0000","2499.0000","2499.0000","2499.0000","2499.0000","2499.0000","2499.0000","2499.0000","2499.0000","2499.0000"," ","0.0000","0.0000","1800","4498200","2499.0000"
"20210721","01","12","    66560","JP3152650002","2001.0000","2016.0000","1991.0000","1993.0000","1994.0000","1994.0000","1985.0000","1985.0000","2001.0000","2016.0000","1985.0000","1985.0000"," ","0.0000","0.0000","34200","68243400","1995.4211"
"20210721","01","12","    66580","JP3369500008","254.0000","256.0000","253.0000","253.0000","253.0000","254.0000","252.0000","252.0000","254.0000","256.0000","252.0000","252.0000"," ","0.0000","0.0000","22000","5602300","254.6500"
"20210721","01","12","    66590","JP3921120006","480.0000","492.0000","473.0000","476.0000","475.0000","493.0000","472.0000","477.0000","480.0000","493.0000","472.0000","477.0000"," ","0.0000","0.0000","245900","118538400","482.0594"
"20210721","01","12","    66620","JP3100620008","286.0000","287.0000","285.0000","285.0000","286.0000","286.0000","285.0000","286.0000","286.0000","287.0000","285.0000","286.0000"," ","0.0000","0.0000","26200","7492200","285.9618"
"20210721","01","12","    66630","JP3451100006","643.0000","670.0000","638.0000","670.0000","671.0000","683.0000","646.0000","654.0000","643.0000","683.0000","638.0000","654.0000"," ","0.0000","0.0000","168700","111056600","658.3082"
"20210721","01","12","    66640","JP3197740008","738.0000","760.0000","724.0000","738.0000","737.0000","747.0000","727.0000","746.0000","738.0000","760.0000","724.0000","746.0000"," ","0.0000","0.0000","446400","330082800","739.4328"
"20210721","01","12","    66660","JP3974550000","1501.0000","1517.0000","1465.0000","1466.0000","1460.0000","1474.0000","1450.0000","1461.0000","1501.0000","1517.0000","1450.0000","1461.0000"," ","0.0000","0.0000","161200","237946400","1476.0943"
"20210721","01","12","    66680","JP3122010006","1854.0000","1885.0000","1830.0000","1830.0000","1827.0000","1853.0000","1822.0000","1845.0000","1854.0000","1885.0000","1822.0000","1845.0000"," ","0.0000","0.0000","72300","133893600","1851.9170"
"20210721","01","12","    66700","JP3167420003","1338.0000","1343.0000","1321.0000","1321.0000","1320.0000","1320.0000","1300.0000","1310.0000","1338.0000","1343.0000","1300.0000","1310.0000"," ","0.0000","0.0000","387300","509658100","1315.9259"
"20210721","01","12","    66770","JP3162640001","1008.0000","1009.0000","993.0000","993.0000","994.0000","994.0000","986.0000","987.0000","1008.0000","1009.0000","986.0000","987.0000"," ","0.0000","0.0000","39200","38926300","993.0179"
"20210721","01","12","    66940","JP3411820008","4060.0000","4060.0000","3925.0000","3960.0000","3950.0000","3980.0000","3865.0000","3940.0000","4060.0000","4060.0000","3865.0000","3940.0000"," ","0.0000","0.0000","26000","102866000","3956.3846"
"20210721","01","12","    66950","JP3637100003","0.0000","0.0000","0.0000","0.0000","0.0000","0.0000","0.0000","0.0000","0.0000","0.0000","0.0000","0.0000"," ","0.0000","0.0000","0","0","0.0000"
"20210721","01","12","    66960","JP3635680006","534.0000","539.0000","532.0000","534.0000","534.0000","536.0000","525.0000","526.0000","534.0000","539.0000","525.0000","526.0000"," ","0.0000","0.0000","9500","5050700","531.6526"
"20210721","01","12","    66980","JP3159970007","1069.0000","1069.0000","1043.0000","1043.0000","1047.0000","1050.0000","1037.0000","1045.0000","1069.0000","1069.0000","1037.0000","1045.0000"," ","0.0000","0.0000","9900","10408000","1051.3131"
"20210721","01","12","    67090","JP3918600002","1033.0000","1042.0000","1025.0000","1025.0000","1025.0000","1029.0000","1020.0000","1020.0000","1033.0000","1042.0000","1020.0000","1020.0000"," ","0.0000","0.0000","59100","60961700","1031.5008"
"20210721","01","12","    67210","JP3154370005","270.0000","274.0000","269.0000","269.0000","269.0000","275.0000","268.0000","274.0000","270.0000","275.0000","268.0000","274.0000"," ","0.0000","0.0000","97700","26493400","271.1709"
"20210721","01","12","    67310","JP3801620000","21.0000","22.0000","21.0000","22.0000","22.0000","22.0000","21.0000","21.0000","21.0000","22.0000","21.0000","21.0000"," ","0.0000","0.0000","668700","14249200","21.3088"
"20210721","01","12","    67340","JP3756250001","1418.0000","1421.0000","1418.0000","1421.0000","1427.0000","1427.0000","1416.0000","1427.0000","1418.0000","1427.0000","1416.0000","1427.0000"," ","0.0000","0.0000","1600","2271900","1419.9375"
"20210721","01","12","    67360","JP3336450006","3180.0000","3180.0000","3025.0000","3070.0000","3070.0000","3085.0000","2980.0000","3015.0000","3180.0000","3180.0000","2980.0000","3015.0000"," ","0.0000","0.0000","187000","571527600","3056.2973"
"20210721","01","12","    67430","JP3490600008","650.0000","650.0000","650.0000","650.0000","630.0000","630.0000","630.0000","630.0000","650.0000","650.0000","630.0000","630.0000"," ","0.0000","0.0000","600","384000","640.0000"
"20210721","01","12","    67570","JP3171000007","1253.0000","1290.0000","1253.0000","1279.0000","1279.0000","1297.0000","1273.0000","1297.0000","1253.0000","1297.0000","1253.0000","1297.0000"," ","0.0000","0.0000","21800","27717100","1271.4266"
"20210721","01","12","    67690","JP3345600005","918.0000","918.0000","876.0000","889.0000","888.0000","895.0000","875.0000","882.0000","918.0000","918.0000","875.0000","882.0000"," ","0.0000","0.0000","138000","123861500","897.5471"
"20210721","01","12","    67720","JP3576200004","1238.0000","1245.0000","1223.0000","1241.0000","1243.0000","1270.0000","1243.0000","1260.0000","1238.0000","1270.0000","1223.0000","1260.0000"," ","0.0000","0.0000","6500","8102300","1246.5077"
"20210721","01","12","    67750","JP3623100009","230.0000","238.0000","204.0000","207.0000","205.0000","207.0000","197.0000","201.0000","230.0000","238.0000","197.0000","201.0000"," ","0.0000","0.0000","3301700","722102500","218.7063"
"20210721","01","12","    67760","JP3547600001","475.0000","481.0000","473.0000","475.0000","477.0000","477.0000","471.0000","475.0000","475.0000","481.0000","471.0000","475.0000"," ","0.0000","0.0000","22300","10583800","474.6099"
"20210721","01","12","    67770","JP3335410001","1507.0000","1507.0000","1485.0000","1485.0000","1481.0000","1481.0000","1461.0000","1475.0000","1507.0000","1507.0000","1461.0000","1475.0000"," ","0.0000","0.0000","29900","44370200","1483.9532"
"20210721","01","12","    67780","JP3126140007","1387.0000","1394.0000","1379.0000","1380.0000","1380.0000","1380.0000","1368.0000","1378.0000","1387.0000","1394.0000","1368.0000","1378.0000"," ","0.0000","0.0000","69400","95651100","1378.2579"
"20210721","01","12","    67860","JP3969550007","71.0000","73.0000","71.0000","72.0000","71.0000","71.0000","69.0000","70.0000","71.0000","73.0000","69.0000","70.0000"," ","0.0000","0.0000","189200","13368000","70.6554"
"20210721","01","12","    68190","JP3855600007","102.0000","103.0000","102.0000","102.0000","102.0000","103.0000","101.0000","103.0000","102.0000","103.0000","101.0000","103.0000"," ","0.0000","0.0000","29700","3021900","101.7475"
"20210721","01","12","    68220","JP3175400005","2543.0000","2543.0000","2522.0000","2522.0000","2491.0000","2491.0000","2491.0000","2491.0000","2543.0000","2543.0000","2491.0000","2491.0000"," ","0.0000","0.0000","1000","2534100","2534.1000"
"20210721","01","12","    68240","JP3376400002","2153.0000","2153.0000","2153.0000","2153.0000","0.0000","0.0000","0.0000","0.0000","2153.0000","2153.0000","2153.0000","2153.0000"," ","0.0000","0.0000","100","215300","2153.0000"
"20210721","01","12","    68320","JP3105280006","2218.0000","2218.0000","2189.0000","2205.0000","2205.0000","2205.0000","2190.0000","2201.0000","2218.0000","2218.0000","2189.0000","2201.0000"," ","0.0000","0.0000","18500","40948000","2213.4054"
"20210721","01","12","    68340","JP3414870000","2212.0000","2234.0000","2190.0000","2199.0000","2199.0000","2212.0000","2199.0000","2212.0000","2212.0000","2234.0000","2190.0000","2212.0000"," ","0.0000","0.0000","3700","8162600","2206.1081"
"20210721","01","12","    68350","JP3124900006","114.0000","114.0000","113.0000","113.0000","113.0000","113.0000","111.0000","111.0000","114.0000","114.0000","111.0000","111.0000"," ","0.0000","0.0000","972800","109727900","112.7959"
"20210721","01","12","    68360","JP3833000007","1276.0000","1278.0000","1276.0000","1277.0000","1275.0000","1275.0000","1275.0000","1275.0000","1276.0000","1278.0000","1275.0000","1275.0000"," ","0.0000","0.0000","600","765900","1276.5000"
"20210721","01","12","    68370","JP3249230008","337.0000","341.0000","337.0000","340.0000","340.0000","346.0000","337.0000","346.0000","337.0000","346.0000","337.0000","346.0000"," ","0.0000","0.0000","50800","17329200","341.1260"
"20210721","01","12","    68380","JP3470700000","1300.0000","1329.0000","1284.0000","1323.0000","1315.0000","1323.0000","1292.0000","1292.0000","1300.0000","1329.0000","1284.0000","1292.0000"," ","0.0000","0.0000","61700","80822400","1309.9254"
"20210721","01","12","    68400","JP3121980001","638.0000","638.0000","617.0000","619.0000","619.0000","629.0000","616.0000","616.0000","638.0000","638.0000","616.0000","616.0000"," ","0.0000","0.0000","72000","45081900","626.1375"
"20210721","01","12","    68620","JP3905800003","453.0000","459.0000","451.0000","451.0000","451.0000","452.0000","445.0000","450.0000","453.0000","459.0000","445.0000","450.0000"," ","0.0000","0.0000","39800","17961600","451.2965"
"20210721","01","12","    68630","JP3756400002","937.0000","937.0000","910.0000","910.0000","910.0000","913.0000","891.0000","891.0000","937.0000","937.0000","891.0000","891.0000"," ","0.0000","0.0000","11400","10494400","920.5614"
"20210721","01","12","    68640","JP3164680005","1782.0000","1809.0000","1782.0000","1786.0000","1786.0000","1787.0000","1773.0000","1780.0000","1782.0000","1809.0000","1773.0000","1780.0000"," ","0.0000","0.0000","17300","30832000","1782.1965"
"20210721","01","12","    68670","JP3969350002","670.0000","670.0000","664.0000","665.0000","666.0000","670.0000","666.0000","667.0000","670.0000","670.0000","664.0000","667.0000"," ","0.0000","0.0000","2900","1937300","668.0345"
"20210721","01","12","    68700","JP3749100008","1625.0000","1625.0000","1597.0000","1600.0000","1600.0000","1600.0000","1586.0000","1590.0000","1625.0000","1625.0000","1586.0000","1590.0000"," ","0.0000","0.0000","6500","10402700","1600.4154"
"20210721","01","12","    68740","JP3253850006","2079.0000","2079.0000","2079.0000","2079.0000","2079.0000","2079.0000","2079.0000","2079.0000","2079.0000","2079.0000","2079.0000","2079.0000"," ","0.0000","0.0000","900","1871100","2079.0000"
"20210721","01","12","    68810","JP3250200007","350.0000","350.0000","346.0000","347.0000","347.0000","348.0000","346.0000","346.0000","350.0000","350.0000","346.0000","346.0000"," ","0.0000","0.0000","61500","21391000","347.8211"
"20210721","01","12","    68820","JP3332600000","1113.0000","1124.0000","1074.0000","1074.0000","1075.0000","1099.0000","1070.0000","1086.0000","1113.0000","1124.0000","1070.0000","1086.0000"," ","0.0000","0.0000","230900","252067800","1091.6752"
"20210721","01","12","    68880","JP3108100003","396.0000","397.0000","395.0000","395.0000","395.0000","395.0000","392.0000","393.0000","396.0000","397.0000","392.0000","393.0000"," ","0.0000","0.0000","14200","5599500","394.3310"
"20210721","01","12","    68900","JP3802720007","2988.0000","2994.0000","2922.0000","2956.0000","2948.0000","2956.0000","2912.0000","2942.0000","2988.0000","2994.0000","2912.0000","2942.0000"," ","0.0000","0.0000","784500","2313038100","2948.4233"
"20210721","01","12","    68940","JP3782000008","1697.0000","1697.0000","1686.0000","1686.0000","0.0000","0.0000","0.0000","0.0000","1697.0000","1697.0000","1686.0000","1686.0000"," ","0.0000","0.0000","800","1354300","1692.8750"
"20210721","01","12","    68970","JP3531100000","1173.0000","1192.0000","1171.0000","1180.0000","1180.0000","1180.0000","1158.0000","1160.0000","1173.0000","1192.0000","1158.0000","1160.0000"," ","0.0000","0.0000","97300","114307200","1174.7914"
"20210721","01","12","    68980","JP3630700007","1319.0000","1319.0000","1250.0000","1288.0000","1270.0000","1270.0000","1261.0000","1270.0000","1319.0000","1319.0000","1250.0000","1270.0000"," ","0.0000","0.0000","4300","5498100","1278.6279"
"20210721","01","12","    68990","JP3119960007","2930.0000","2961.0000","2888.0000","2888.0000","2896.0000","2916.0000","2879.0000","2907.0000","2930.0000","2961.0000","2879.0000","2907.0000"," ","0.0000","0.0000","14100","41072000","2912.9078"
"20210721","01","12","    69070","JP3386300002","912.0000","925.0000","903.0000","904.0000","905.0000","912.0000","902.0000","903.0000","912.0000","925.0000","902.0000","903.0000"," ","0.0000","0.0000","20700","18889900","912.5556"
"20210721","01","12","    69120","JP3236700005","955.0000","970.0000","940.0000","970.0000","966.0000","968.0000","947.0000","948.0000","955.0000","970.0000","940.0000","948.0000"," ","0.0000","0.0000","8200","7803900","951.6951"
"20210721","01","12","    69180","JP3122500006","3880.0000","3880.0000","3775.0000","3800.0000","3800.0000","3820.0000","3755.0000","3795.0000","3880.0000","3880.0000","3755.0000","3795.0000"," ","0.0000","0.0000","22300","84877500","3806.1659"
"20210721","01","12","    69190","JP3281700009","987.0000","990.0000","985.0000","985.0000","986.0000","992.0000","986.0000","987.0000","987.0000","992.0000","985.0000","987.0000"," ","0.0000","0.0000","9100","8983500","987.1978"
"20210721","01","12","    69300","JP3686600002","889.0000","889.0000","889.0000","889.0000","880.0000","886.0000","879.0000","886.0000","889.0000","889.0000","879.0000","886.0000"," ","0.0000","0.0000","1000","886800","886.8000"
"20210721","01","12","    69420","JP3436000008","1300.0000","1308.0000","1300.0000","1301.0000","1295.0000","1298.0000","1287.0000","1287.0000","1300.0000","1308.0000","1287.0000","1287.0000"," ","0.0000","0.0000","1300","1692200","1301.6923"
"20210721","01","12","    69430","JP3691400000","3800.0000","3800.0000","3800.0000","3800.0000","3750.0000","3750.0000","3750.0000","3750.0000","3800.0000","3800.0000","3750.0000","3750.0000"," ","0.0000","0.0000","400","1510000","3775.0000"
"20210721","01","12","    69460","JP3686200001","3280.0000","3320.0000","3260.0000","3260.0000","3275.0000","3325.0000","3235.0000","3320.0000","3280.0000","3325.0000","3235.0000","3320.0000"," ","0.0000","0.0000","24700","81256000","3289.7166"
"20210721","01","12","    69550","JP3820400004","1108.0000","1123.0000","1104.0000","1110.0000","1110.0000","1119.0000","1105.0000","1113.0000","1108.0000","1123.0000","1104.0000","1113.0000"," ","0.0000","0.0000","144800","161352800","1114.3149"
"20210721","01","12","    69570","JP3354800009","4990.0000","5110.0000","4990.0000","5010.0000","5000.0000","5050.0000","4960.0000","4995.0000","4990.0000","5110.0000","4960.0000","4995.0000"," ","0.0000","0.0000","34200","172225000","5035.8187"
"20210721","01","12","    69600","JP3806000000","10450.0000","10450.0000","10150.0000","10150.0000","10150.0000","10240.0000","10150.0000","10150.0000","10450.0000","10450.0000","10150.0000","10150.0000"," ","0.0000","0.0000","13100","134480000","10265.6489"
"20210721","01","12","    69640","JP3330400007","507.0000","513.0000","504.0000","504.0000","503.0000","512.0000","499.0000","512.0000","507.0000","513.0000","499.0000","512.0000"," ","0.0000","0.0000","15900","7988300","502.4088"
"20210721","01","12","    69690","JP3864400001","750.0000","802.0000","750.0000","785.0000","783.0000","806.0000","776.0000","786.0000","750.0000","806.0000","750.0000","786.0000"," ","0.0000","0.0000","68300","53556600","784.1376"
"20210721","01","12","    69770","JP3730600008","1069.0000","1070.0000","1050.0000","1055.0000","1051.0000","1051.0000","1050.0000","1050.0000","1069.0000","1070.0000","1050.0000","1050.0000"," ","0.0000","0.0000","1500","1586100","1057.4000"
"20210721","01","12","    69820","JP3969400005","673.0000","685.0000","672.0000","673.0000","668.0000","670.0000","662.0000","662.0000","673.0000","685.0000","662.0000","662.0000"," ","0.0000","0.0000","12900","8658200","671.1783"
"20210721","01","12","    69930","JP3926000005","112.0000","117.0000","107.0000","115.0000","115.0000","118.0000","111.0000","114.0000","112.0000","118.0000","107.0000","114.0000"," ","0.0000","0.0000","34905200","3947720700","113.0984"
"20210721","01","12","    69940","JP3352800001","699.0000","712.0000","699.0000","708.0000","708.0000","720.0000","700.0000","720.0000","699.0000","720.0000","699.0000","720.0000"," ","0.0000","0.0000","32000","22706300","709.5719"
"20210721","01","12","    69980","JP3727000006","1932.0000","1932.0000","1919.0000","1920.0000","1921.0000","1921.0000","1917.0000","1917.0000","1932.0000","1932.0000","1917.0000","1917.0000"," ","0.0000","0.0000","12300","23707900","1927.4715"
"20210721","01","12","    70180","JP3640400002","1064.0000","1068.0000","1038.0000","1050.0000","1055.0000","1055.0000","1050.0000","1050.0000","1064.0000","1068.0000","1038.0000","1050.0000"," ","0.0000","0.0000","1300","1376100","1058.5385"
"20210721","01","12","    70210","JP3680400003","1511.0000","1518.0000","1511.0000","1518.0000","0.0000","0.0000","0.0000","0.0000","1511.0000","1518.0000","1511.0000","1518.0000"," ","0.0000","0.0000","800","1209500","1511.8750"
"20210721","01","12","    70310","JP3153190008","3330.0000","3330.0000","3260.0000","3295.0000","3295.0000","3300.0000","3265.0000","3300.0000","3330.0000","3330.0000","3260.0000","3300.0000"," ","0.0000","0.0000","2400","7900500","3291.8750"
"20210721","01","12","    70360","JP3130210002","4990.0000","4990.0000","4920.0000","4920.0000","4920.0000","4980.0000","4850.0000","4850.0000","4990.0000","4990.0000","4850.0000","4850.0000"," ","0.0000","0.0000","3300","16284500","4934.6970"
"20210721","01","12","    70390","JP3831050004","2479.0000","2571.0000","2479.0000","2518.0000","2518.0000","2539.0000","2510.0000","2518.0000","2479.0000","2571.0000","2479.0000","2518.0000"," ","0.0000","0.0000","35000","88444000","2526.9714"
"20210721","01","12","    70400","JP3342700006","791.0000","791.0000","791.0000","791.0000","789.0000","789.0000","789.0000","789.0000","791.0000","791.0000","789.0000","789.0000"," ","0.0000","0.0000","500","395100","790.2000"
"20210721","01","12","    70410","JP3346110004","506.0000","516.0000","506.0000","510.0000","508.0000","511.0000","507.0000","510.0000","506.0000","516.0000","506.0000","510.0000"," ","0.0000","0.0000","2800","1426300","509.3929"
"20210721","01","12","    70420","JP3108190004","922.0000","933.0000","910.0000","910.0000","910.0000","925.0000","906.0000","910.0000","922.0000","933.0000","906.0000","910.0000"," ","0.0000","0.0000","5300","4844200","914.0000"
"20210721","01","12","    70430","JP3126050008","968.0000","968.0000","917.0000","917.0000","921.0000","930.0000","919.0000","920.0000","968.0000","968.0000","917.0000","920.0000"," ","0.0000","0.0000","5800","5407900","932.3966"
"20210721","01","12","    70450","JP3532850009","1652.0000","1652.0000","1652.0000","1652.0000","1660.0000","1660.0000","1660.0000","1660.0000","1652.0000","1660.0000","1652.0000","1660.0000"," ","0.0000","0.0000","1100","1818000","1652.7273"
"20210721","01","12","    70460","JP3545250007","1850.0000","1863.0000","1848.0000","1850.0000","1850.0000","1862.0000","1844.0000","1862.0000","1850.0000","1863.0000","1844.0000","1862.0000"," ","0.0000","0.0000","5500","10180700","1851.0364"
"20210721","01","12","    70470","JP3855850008","848.0000","848.0000","825.0000","838.0000","838.0000","838.0000","829.0000","838.0000","848.0000","848.0000","825.0000","838.0000"," ","0.0000","0.0000","43400","36331900","837.1406"
"20210721","01","12","    70480","JP3835830005","672.0000","681.0000","667.0000","668.0000","668.0000","679.0000","666.0000","673.0000","672.0000","681.0000","666.0000","673.0000"," ","0.0000","0.0000","303400","204305200","673.3856"
"20210721","01","12","    70490","JP3348200001","1455.0000","1485.0000","1455.0000","1466.0000","1462.0000","1468.0000","1443.0000","1454.0000","1455.0000","1485.0000","1443.0000","1454.0000"," ","0.0000","0.0000","26800","39254000","1464.7015"
"20210721","01","12","    70500","JP3829520000","1575.0000","1583.0000","1570.0000","1575.0000","1559.0000","1562.0000","1557.0000","1560.0000","1575.0000","1583.0000","1557.0000","1560.0000"," ","0.0000","0.0000","8300","13048000","1572.0482"
"20210721","01","12","    70560","JP3873750008","0.0000","0.0000","0.0000","0.0000","0.0000","0.0000","0.0000","0.0000","0.0000","0.0000","0.0000","0.0000"," ","0.0000","0.0000","0","0","0.0000"
"20210721","01","12","    70570","JP3165050000","1265.0000","1265.0000","1235.0000","1244.0000","1235.0000","1239.0000","1228.0000","1229.0000","1265.0000","1265.0000","1228.0000","1229.0000"," ","0.0000","0.0000","3600","4487500","1246.5278"
"20210721","01","12","    70580","JP3247500006","2895.0000","2895.0000","2895.0000","2895.0000","2905.0000","2905.0000","2877.0000","2889.0000","2895.0000","2905.0000","2877.0000","2889.0000"," ","0.0000","0.0000","1700","4914300","2890.7647"
"20210721","01","12","    70610","JP3750000006","1855.0000","1855.0000","1815.0000","1817.0000","1815.0000","1835.0000","1814.0000","1828.0000","1855.0000","1855.0000","1814.0000","1828.0000"," ","0.0000","0.0000","13900","25399300","1827.2878"
"20210721","01","12","    70620","JP3828950000","1158.0000","1159.0000","1129.0000","1159.0000","1155.0000","1164.0000","1130.0000","1137.0000","1158.0000","1164.0000","1129.0000","1137.0000"," ","0.0000","0.0000","6300","7189800","1141.2381"
"20210721","01","12","    70630","JP3160590000","1349.0000","1349.0000","1349.0000","1349.0000","1319.0000","1329.0000","1319.0000","1326.0000","1349.0000","1349.0000","1319.0000","1326.0000"," ","0.0000","0.0000","1500","1996900","1331.2667"
"20210721","01","12","    70640","JP3765460005","2000.0000","2000.0000","2000.0000","2000.0000","0.0000","0.0000","0.0000","0.0000","2000.0000","2000.0000","2000.0000","2000.0000"," ","0.0000","0.0000","500","1000000","2000.0000"
"20210721","01","12","    70650","JP3944660004","2350.0000","2374.0000","2288.0000","2367.0000","2365.0000","2439.0000","2349.0000","2439.0000","2350.0000","2439.0000","2288.0000","2439.0000"," ","0.0000","0.0000","58800","139528300","2372.9303"
"20210721","01","12","    70660","JP3801660006","1762.0000","1762.0000","1726.0000","1744.0000","1761.0000","1795.0000","1760.0000","1776.0000","1762.0000","1795.0000","1726.0000","1776.0000"," ","0.0000","0.0000","1900","3324900","1749.9474"
"20210721","01","12","    70670","JP3830750000","1157.0000","1157.0000","1157.0000","1157.0000","1160.0000","1193.0000","1160.0000","1193.0000","1157.0000","1193.0000","1157.0000","1193.0000"," ","0.0000","0.0000","700","815000","1164.2857"
"20210721","01","12","    70680","JP3803040009","850.0000","872.0000","850.0000","855.0000","851.0000","858.0000","850.0000","853.0000","850.0000","872.0000","850.0000","853.0000"," ","0.0000","0.0000","55100","47178600","856.2359"
"20210721","01","12","    70690","JP3311580009","1989.0000","2011.0000","1989.0000","2010.0000","2018.0000","2018.0000","2010.0000","2010.0000","1989.0000","2018.0000","1989.0000","2010.0000"," ","0.0000","0.0000","1600","3205100","2003.1875"
"20210721","01","12","    70700","JP3161610005","596.0000","598.0000","596.0000","598.0000","0.0000","0.0000","0.0000","0.0000","596.0000","598.0000","596.0000","598.0000"," ","0.0000","0.0000","3700","2205400","596.0541"
"20210721","01","12","    70710","JP3128660002","6250.0000","6360.0000","6250.0000","6270.0000","6280.0000","6380.0000","6280.0000","6350.0000","6250.0000","6380.0000","6250.0000","6350.0000"," ","0.0000","0.0000","27700","175245000","6326.5343"
"20210721","01","12","    70720","JP3152890004","997.0000","998.0000","995.0000","996.0000","997.0000","1000.0000","992.0000","993.0000","997.0000","1000.0000","992.0000","993.0000"," ","0.0000","0.0000","5300","5279400","996.1132"
"20210721","01","12","    70730","JP3386680007","0.0000","0.0000","0.0000","0.0000","0.0000","0.0000","0.0000","0.0000","0.0000","0.0000","0.0000","0.0000"," ","0.0000","0.0000","0","0","0.0000"
"20210721","01","12","    70740","JP3560570008","986.0000","1011.0000","986.0000","1000.0000","994.0000","1002.0000","994.0000","1002.0000","986.0000","1011.0000","986.0000","1002.0000"," ","0.0000","0.0000","2600","2593200","997.3846"
"20210721","01","12","    70750","JP3244580001","0.0000","0.0000","0.0000","0.0000","0.0000","0.0000","0.0000","0.0000","0.0000","0.0000","0.0000","0.0000"," ","0.0000","0.0000","0","0","0.0000"
"20210721","01","12","    70770","JP3126030000","1925.0000","1937.0000","1925.0000","1937.0000","1936.0000","1936.0000","1936.0000","1936.0000","1925.0000","1937.0000","1925.0000","1936.0000"," ","0.0000","0.0000","500","964800","1929.6000"
"20210721","01","12","    70780","JP3152620005","1041.0000","1120.0000","1034.0000","1070.0000","1068.0000","1068.0000","1036.0000","1042.0000","1041.0000","1120.0000","1034.0000","1042.0000"," ","0.0000","0.0000","88700","94309900","1063.2458"
"20210721","01","12","    70790","JP3506010002","3735.0000","3835.0000","3735.0000","3835.0000","3815.0000","3815.0000","3740.0000","3745.0000","3735.0000","3835.0000","3735.0000","3745.0000"," ","0.0000","0.0000","2000","7528500","3764.2500"
"20210721","01","12","    70800","JP3400030007","2120.0000","2120.0000","2119.0000","2119.0000","2128.0000","2128.0000","2128.0000","2128.0000","2120.0000","2128.0000","2119.0000","2128.0000"," ","0.0000","0.0000","600","1275100","2125.1667"
"20210721","01","12","    70810","JP3283850000","1258.0000","1267.0000","1235.0000","1235.0000","1237.0000","1250.0000","1233.0000","1247.0000","1258.0000","1267.0000","1233.0000","1247.0000"," ","0.0000","0.0000","10000","12447300","1244.7300"
"20210721","01","12","    70820","JP3387960002","1955.0000","1985.0000","1955.0000","1955.0000","1955.0000","1958.0000","1901.0000","1924.0000","1955.0000","1985.0000","1901.0000","1924.0000"," ","0.0000","0.0000","28200","54320400","1926.2553"
"20210721","01","12","    70830","JP3160170001","1177.0000","1181.0000","1165.0000","1181.0000","1181.0000","1181.0000","1141.0000","1141.0000","1177.0000","1181.0000","1141.0000","1141.0000"," ","0.0000","0.0000","3300","3848600","1166.2424"
"20210721","01","12","    70840","JP3240500003","1574.0000","1574.0000","1530.0000","1530.0000","1511.0000","1519.0000","1503.0000","1504.0000","1574.0000","1574.0000","1503.0000","1504.0000"," ","0.0000","0.0000","1700","2584500","1520.2941"
"20210721","01","12","    70860","JP3236900001","2360.0000","2370.0000","2230.0000","2280.0000","2300.0000","2343.0000","2282.0000","2311.0000","2360.0000","2370.0000","2230.0000","2311.0000"," ","0.0000","0.0000","68600","157689500","2298.6808"
"20210721","01","12","    70870","JP3154220002","1730.0000","1816.0000","1730.0000","1771.0000","1771.0000","1790.0000","1720.0000","1721.0000","1730.0000","1816.0000","1720.0000","1721.0000"," ","0.0000","0.0000","121900","215823100","1770.4930"
"20210721","01","12","    70890","JP3803070006","1600.0000","1625.0000","1557.0000","1559.0000","1562.0000","1600.0000","1561.0000","1600.0000","1600.0000","1625.0000","1557.0000","1600.0000"," ","0.0000","0.0000","8700","13892300","1596.8161"
"20210721","01","12","    70900","JP3970350009","3740.0000","3740.0000","3640.0000","3640.0000","3635.0000","3675.0000","3605.0000","3605.0000","3740.0000","3740.0000","3605.0000","3605.0000"," ","0.0000","0.0000","2100","7680500","3657.3810"
"20210721","01","12","    70910","JP3974790002","3955.0000","3955.0000","3945.0000","3950.0000","3910.0000","3955.0000","3910.0000","3935.0000","3955.0000","3955.0000","3910.0000","3935.0000"," ","0.0000","0.0000","1100","4337500","3943.1818"
"20210721","01","12","    70920","JP3802390009","4570.0000","4685.0000","4570.0000","4635.0000","4635.0000","4665.0000","4565.0000","4595.0000","4570.0000","4685.0000","4565.0000","4595.0000"," ","0.0000","0.0000","59000","272758500","4623.0254"
"20210721","01","12","    70930","JP3121500007","1420.0000","1420.0000","1414.0000","1414.0000","1415.0000","1418.0000","1415.0000","1418.0000","1420.0000","1420.0000","1414.0000","1418.0000"," ","0.0000","0.0000","1000","1416500","1416.5000"
"20210721","01","12","    70940","JP3758240000","4155.0000","4305.0000","4140.0000","4275.0000","4265.0000","4285.0000","4210.0000","4275.0000","4155.0000","4305.0000","4140.0000","4275.0000"," ","0.0000","0.0000","159500","675822000","4237.1285"
"20210721","01","12","    70950","JP3862970005","7100.0000","7120.0000","6920.0000","6930.0000","6920.0000","6930.0000","6730.0000","6910.0000","7100.0000","7120.0000","6730.0000","6910.0000"," ","0.0000","0.0000","79600","549322000","6901.0302"
"20210721","01","12","    70960","JP3399640006","6300.0000","6460.0000","5570.0000","5630.0000","5620.0000","5910.0000","5430.0000","5910.0000","6300.0000","6460.0000","5430.0000","5910.0000"," ","0.0000","0.0000","771900","4506181000","5837.7782"
"20210721","01","12","    70970","JP3317700007","2062.0000","2130.0000","2062.0000","2118.0000","2118.0000","2316.0000","2118.0000","2251.0000","2062.0000","2316.0000","2062.0000","2251.0000"," ","0.0000","0.0000","66200","144445500","2181.9562"
"20210721","01","12","    70980","JP3160480004","0.0000","0.0000","0.0000","0.0000","0.0000","0.0000","0.0000","0.0000","0.0000","0.0000","0.0000","0.0000"," ","0.0000","0.0000","0","0","0.0000"
"20210721","01","12","    71570","JP3966660007","1160.0000","1166.0000","1152.0000","1162.0000","1165.0000","1166.0000","1156.0000","1158.0000","1160.0000","1166.0000","1152.0000","1158.0000"," ","0.0000","0.0000","70600","81923000","1160.3824"
"20210721","01","12","    71620","JP3120080001","257.0000","264.0000","257.0000","258.0000","259.0000","262.0000","259.0000","260.0000","257.0000","264.0000","257.0000","260.0000"," ","0.0000","0.0000","43400","11250200","259.2212"
"20210721","01","12","    71690","JP3756270009","1971.0000","1971.0000","1970.0000","1970.0000","1966.0000","1966.0000","1961.0000","1961.0000","1971.0000","1971.0000","1961.0000","1961.0000"," ","0.0000","0.0000","600","1180000","1966.6667"
"20210721","01","12","    71700","JP3513850002","0.0000","0.0000","0.0000","0.0000","0.0000","0.0000","0.0000","0.0000","0.0000","0.0000","0.0000","0.0000"," ","0.0000","0.0000","0","0","0.0000"
"20210721","01","12","    71750","JP3149120002","1860.0000","1860.0000","1856.0000","1856.0000","0.0000","0.0000","0.0000","0.0000","1860.0000","1860.0000","1856.0000","1856.0000"," ","0.0000","0.0000","300","557600","1858.6667"
"20210721","01","12","    71760","JP3383250002","0.0000","0.0000","0.0000","0.0000","0.0000","0.0000","0.0000","0.0000","0.0000","0.0000","0.0000","0.0000"," ","0.0000","0.0000","0","0","0.0000"
"20210721","01","12","    71770","JP3386550002","833.0000","834.0000","823.0000","823.0000","824.0000","825.0000","815.0000","815.0000","833.0000","834.0000","815.0000","815.0000"," ","0.0000","0.0000","497200","409088800","822.7852"
"20210721","01","12","    71850","JP3798800003","2335.0000","2359.0000","2335.0000","2356.0000","2351.0000","2360.0000","2345.0000","2348.0000","2335.0000","2360.0000","2335.0000","2348.0000"," ","0.0000","0.0000","7000","16411000","2344.4286"
"20210721","01","12","    72080","JP3217950009","748.0000","748.0000","745.0000","747.0000","750.0000","750.0000","748.0000","750.0000","748.0000","750.0000","745.0000","750.0000"," ","0.0000","0.0000","2600","1944700","747.9615"
"20210721","01","12","    72170","JP3544980000","1321.0000","1351.0000","1321.0000","1350.0000","1348.0000","1349.0000","1336.0000","1348.0000","1321.0000","1351.0000","1321.0000","1348.0000"," ","0.0000","0.0000","4100","5505700","1342.8537"
"20210721","01","12","    72180","JP3468790005","635.0000","641.0000","631.0000","631.0000","640.0000","643.0000","614.0000","628.0000","635.0000","643.0000","614.0000","628.0000"," ","0.0000","0.0000","8000","5067900","633.4875"
"20210721","01","12","    72190","JP3164450003","1957.0000","1957.0000","1933.0000","1933.0000","1935.0000","1935.0000","1935.0000","1935.0000","1957.0000","1957.0000","1933.0000","1935.0000"," ","0.0000","0.0000","400","776000","1940.0000"
"20210721","01","12","    72280","JP3548650005","3695.0000","3695.0000","3595.0000","3595.0000","3595.0000","3655.0000","3595.0000","3625.0000","3695.0000","3695.0000","3595.0000","3625.0000"," ","0.0000","0.0000","4600","16657000","3621.0870"
"20210721","01","12","    72290","JP3948900000","2003.0000","2013.0000","2003.0000","2013.0000","2016.0000","2016.0000","1998.0000","1998.0000","2003.0000","2016.0000","1998.0000","1998.0000"," ","0.0000","0.0000","900","1804000","2004.4444"
"20210721","01","12","    72350","JP3590200006","601.0000","604.0000","600.0000","600.0000","598.0000","599.0000","595.0000","595.0000","601.0000","604.0000","595.0000","595.0000"," ","0.0000","0.0000","12000","7180100","598.3417"
"20210721","01","12","    72540","JP3821400003","299.0000","306.0000","297.0000","302.0000","302.0000","305.0000","299.0000","305.0000","299.0000","306.0000","297.0000","305.0000"," ","0.0000","0.0000","129200","38958800","301.5387"
"20210721","01","12","    72550","JP3317200008","503.0000","504.0000","488.0000","495.0000","495.0000","496.0000","493.0000","496.0000","503.0000","504.0000","488.0000","496.0000"," ","0.0000","0.0000","22700","11236000","494.9780"
"20210721","01","12","    72640","JP3914700004","1264.0000","1270.0000","1264.0000","1270.0000","1272.0000","1272.0000","1272.0000","1272.0000","1264.0000","1272.0000","1264.0000","1272.0000"," ","0.0000","0.0000","1800","2278400","1265.7778"
"20210721","01","12","    72650","JP3160690008","3135.0000","3190.0000","3135.0000","3190.0000","3190.0000","3240.0000","3190.0000","3230.0000","3135.0000","3240.0000","3135.0000","3230.0000"," ","0.0000","0.0000","1800","5740000","3188.8889"
"20210721","01","12","    72680","JP3467600007","0.0000","0.0000","0.0000","0.0000","326.0000","326.0000","326.0000","326.0000","326.0000","326.0000","326.0000","326.0000"," ","0.0000","0.0000","1100","358600","326.0000"
"20210721","01","12","    72730","JP3131500005","1350.0000","1350.0000","1320.0000","1320.0000","0.0000","0.0000","0.0000","0.0000","1350.0000","1350.0000","1320.0000","1320.0000"," ","0.0000","0.0000","200","267000","1335.0000"
"20210721","01","12","    72790","JP3699600007","1703.0000","1714.0000","1695.0000","1696.0000","1696.0000","1706.0000","1686.0000","1700.0000","1703.0000","1714.0000","1686.0000","1700.0000"," ","0.0000","0.0000","39200","66694300","1701.3852"
"20210721","01","12","    72870","JP3720600000","1242.0000","1247.0000","1224.0000","1236.0000","1234.0000","1237.0000","1220.0000","1230.0000","1242.0000","1247.0000","1220.0000","1230.0000"," ","0.0000","0.0000","112200","138305600","1232.6702"
"20210721","01","12","    72920","JP3914200005","3200.0000","3215.0000","3190.0000","3210.0000","3210.0000","3245.0000","3210.0000","3245.0000","3200.0000","3245.0000","3190.0000","3245.0000"," ","0.0000","0.0000","2400","7716000","3215.0000"
"20210721","01","12","    72970","JP3205300001","1022.0000","1022.0000","1022.0000","1022.0000","1037.0000","1040.0000","1037.0000","1040.0000","1022.0000","1040.0000","1022.0000","1040.0000"," ","0.0000","0.0000","700","721900","1031.2857"
"20210721","01","12","    72980","JP3933000006","587.0000","592.0000","587.0000","592.0000","592.0000","593.0000","588.0000","588.0000","587.0000","593.0000","587.0000","588.0000"," ","0.0000","0.0000","10000","5892400","589.2400"
"20210721","01","12","    72990","JP3807750009","3950.0000","4035.0000","3950.0000","3990.0000","4030.0000","4075.0000","4025.0000","4075.0000","3950.0000","4075.0000","3950.0000","4075.0000"," ","0.0000","0.0000","4100","16454000","4013.1707"
"20210721","01","12","    73140","JP3196610004","556.0000","556.0000","556.0000","556.0000","546.0000","555.0000","546.0000","555.0000","556.0000","556.0000","546.0000","555.0000"," ","0.0000","0.0000","2700","1488400","551.2593"
"20210721","01","12","    73150","JP3102310004","705.0000","712.0000","698.0000","700.0000","697.0000","711.0000","697.0000","706.0000","705.0000","712.0000","697.0000","706.0000"," ","0.0000","0.0000","48400","34030700","703.1136"
"20210721","01","12","    73170","JP3869400006","4065.0000","4100.0000","3960.0000","4015.0000","4085.0000","4085.0000","3945.0000","3980.0000","4065.0000","4100.0000","3945.0000","3980.0000"," ","0.0000","0.0000","22800","91241500","4001.8202"
"20210721","01","12","    73180","JP3423750003","1107.0000","1114.0000","1080.0000","1080.0000","1080.0000","1080.0000","1061.0000","1062.0000","1107.0000","1114.0000","1061.0000","1062.0000"," ","0.0000","0.0000","47600","51491200","1081.7479"
"20210721","01","12","    73200","JP3755100009","2577.0000","2590.0000","2535.0000","2566.0000","2566.0000","2605.0000","2558.0000","2599.0000","2577.0000","2605.0000","2535.0000","2599.0000"," ","0.0000","0.0000","8100","20869900","2576.5309"
"20210721","01","12","    73250","JP3105230001","972.0000","972.0000","950.0000","950.0000","948.0000","949.0000","943.0000","945.0000","972.0000","972.0000","943.0000","945.0000"," ","0.0000","0.0000","21000","20001600","952.4571"
"20210721","01","12","    73260","JP3163420007","1346.0000","1351.0000","1332.0000","1348.0000","1322.0000","1350.0000","1322.0000","1340.0000","1346.0000","1351.0000","1322.0000","1340.0000"," ","0.0000","0.0000","10500","14064900","1339.5143"
"20210721","01","12","    73380","JP3152610006","720.0000","720.0000","720.0000","720.0000","719.0000","719.0000","719.0000","719.0000","720.0000","720.0000","719.0000","719.0000"," ","0.0000","0.0000","500","359700","719.4000"
"20210721","01","12","    73390","JP3104840008","0.0000","0.0000","0.0000","0.0000","2324.0000","2330.0000","2298.0000","2330.0000","2324.0000","2330.0000","2298.0000","2330.0000"," ","0.0000","0.0000","600","1387500","2312.5000"
"20210721","01","12","    73420","JP3155360005","3915.0000","3920.0000","3855.0000","3880.0000","3885.0000","3935.0000","3875.0000","3935.0000","3915.0000","3935.0000","3855.0000","3935.0000"," ","0.0000","0.0000","495800","1933641000","3900.0424"
"20210721","01","12","    73430","JP3831510007","1041.0000","1059.0000","1029.0000","1039.0000","1040.0000","1045.0000","1025.0000","1039.0000","1041.0000","1059.0000","1025.0000","1039.0000"," ","0.0000","0.0000","39600","41153700","1039.2348"
"20210721","01","12","    73450","JP3104820000","6300.0000","6350.0000","5610.0000","5630.0000","5630.0000","5810.0000","5630.0000","5690.0000","6300.0000","6350.0000","5610.0000","5690.0000"," ","0.0000","0.0000","62400","365274000","5853.7500"
"20210721","01","12","    73510","JP3273790000","2811.0000","2832.0000","2770.0000","2781.0000","2781.0000","2796.0000","2755.0000","2769.0000","2811.0000","2832.0000","2755.0000","2769.0000"," ","0.0000","0.0000","76000","211915900","2788.3671"
"20210721","01","12","    73520","JP3830720003","1670.0000","1687.0000","1650.0000","1672.0000","1661.0000","1680.0000","1661.0000","1663.0000","1670.0000","1687.0000","1650.0000","1663.0000"," ","0.0000","0.0000","5400","9036700","1673.4630"
"20210721","01","12","    73530","JP3257300008","1732.0000","1760.0000","1710.0000","1747.0000","1742.0000","1758.0000","1701.0000","1701.0000","1732.0000","1760.0000","1701.0000","1701.0000"," ","0.0000","0.0000","21800","37704800","1729.5780"
"20210721","01","12","    73550","JP3142370000","0.0000","0.0000","0.0000","0.0000","0.0000","0.0000","0.0000","0.0000","0.0000","0.0000","0.0000","0.0000"," ","0.0000","0.0000","0","0","0.0000"
"20210721","01","12","    73560","JP3980350007","1274.0000","1290.0000","1242.0000","1271.0000","1270.0000","1288.0000","1241.0000","1288.0000","1274.0000","1290.0000","1241.0000","1288.0000"," ","0.0000","0.0000","29800","37851400","1270.1812"
"20210721","01","12","    73570","JP3386730000","1320.0000","1337.0000","1320.0000","1329.0000","1334.0000","1336.0000","1288.0000","1336.0000","1320.0000","1337.0000","1288.0000","1336.0000"," ","0.0000","0.0000","10800","14110100","1306.4907"
"20210721","01","12","    73590","JP3583950005","1350.0000","1350.0000","1320.0000","1330.0000","1328.0000","1328.0000","1310.0000","1322.0000","1350.0000","1350.0000","1310.0000","1322.0000"," ","0.0000","0.0000","26400","35241600","1334.9091"
"20210721","01","12","    73600","JP3203000009","2583.0000","2583.0000","2501.0000","2532.0000","2529.0000","2533.0000","2500.0000","2501.0000","2583.0000","2583.0000","2500.0000","2501.0000"," ","0.0000","0.0000","15400","39013600","2533.3506"
"20210721","01","12","    73610","JP3794470009","4300.0000","4420.0000","4105.0000","4165.0000","4150.0000","4300.0000","4100.0000","4200.0000","4300.0000","4420.0000","4100.0000","4200.0000"," ","0.0000","0.0000","178200","759281500","4260.8389"
"20210721","01","12","    73620","JP3538730007","1936.0000","1937.0000","1925.0000","1925.0000","1925.0000","1938.0000","1925.0000","1938.0000","1936.0000","1938.0000","1925.0000","1938.0000"," ","0.0000","0.0000","2000","3869300","1934.6500"
"20210721","01","12","    73630","JP3835690003","5950.0000","5970.0000","5600.0000","5670.0000","5660.0000","5740.0000","5600.0000","5620.0000","5950.0000","5970.0000","5600.0000","5620.0000"," ","0.0000","0.0000","25200","145302000","5765.9524"
"20210721","01","12","    73640","JP3974950002","0.0000","0.0000","0.0000","0.0000","0.0000","0.0000","0.0000","0.0000","0.0000","0.0000","0.0000","0.0000"," ","0.0000","0.0000","0","0","0.0000"
"20210721","01","12","    73650","JP3352600005","710.0000","716.0000","710.0000","713.0000","712.0000","715.0000","709.0000","714.0000","710.0000","716.0000","709.0000","714.0000"," ","0.0000","0.0000","22300","15877800","712.0090"
"20210721","01","12","    73670","JP3423590003","980.0000","1010.0000","965.0000","971.0000","986.0000","986.0000","968.0000","973.0000","980.0000","1010.0000","965.0000","973.0000"," ","0.0000","0.0000","24600","24350300","989.8496"
"20210721","01","12","    73680","JP3795060007","2501.0000","2517.0000","2476.0000","2481.0000","2477.0000","2506.0000","2477.0000","2495.0000","2501.0000","2517.0000","2476.0000","2495.0000"," ","0.0000","0.0000","7800","19456600","2494.4359"
"20210721","01","12","    73690","JP3920280009","2431.0000","2431.0000","2350.0000","2368.0000","2391.0000","2391.0000","2330.0000","2347.0000","2431.0000","2431.0000","2330.0000","2347.0000"," ","0.0000","0.0000","13300","31419100","2362.3383"
"20210721","01","12","    73700","JP3168750002","3905.0000","3945.0000","3570.0000","3615.0000","3620.0000","3660.0000","3505.0000","3650.0000","3905.0000","3945.0000","3505.0000","3650.0000"," ","0.0000","0.0000","2493300","9210515500","3694.1064"
"20210721","01","12","    73710","JP3428970002","1100.0000","1110.0000","1070.0000","1075.0000","1081.0000","1082.0000","1025.0000","1030.0000","1100.0000","1110.0000","1025.0000","1030.0000"," ","0.0000","0.0000","252400","266267100","1054.9410"
"20210721","01","12","    73720","JP3548830003","1035.0000","1046.0000","1010.0000","1010.0000","1010.0000","1018.0000","996.0000","1002.0000","1035.0000","1046.0000","996.0000","1002.0000"," ","0.0000","0.0000","65900","66521100","1009.4249"
"20210721","01","12","    73730","JP3105340008","5080.0000","5220.0000","4540.0000","4565.0000","4570.0000","5060.0000","4445.0000","5020.0000","5080.0000","5220.0000","4445.0000","5020.0000"," ","0.0000","0.0000","1288400","6263994500","4861.8399"
"20210721","01","12","    73740","JP3306470000","3120.0000","3200.0000","2960.0000","2960.0000","2950.0000","3025.0000","2865.0000","3000.0000","3120.0000","3200.0000","2865.0000","3000.0000"," ","0.0000","0.0000","233100","698536500","2996.7246"
"20210721","01","12","    73750","JP3974820007","1194.0000","1230.0000","1156.0000","1183.0000","1182.0000","1412.0000","1173.0000","1412.0000","1194.0000","1412.0000","1156.0000","1412.0000"," ","0.0000","0.0000","245200","335132400","1366.7716"
"20210721","01","12","    73760","JP3799790005","2905.0000","2915.0000","2615.0000","2620.0000","2613.0000","2715.0000","2613.0000","2670.0000","2905.0000","2915.0000","2613.0000","2670.0000"," ","0.0000","0.0000","101200","277666700","2743.7421"
"20210721","01","12","    73770","JP3548840002","1245.0000","1250.0000","1240.0000","1240.0000","1240.0000","1240.0000","1225.0000","1230.0000","1245.0000","1250.0000","1225.0000","1230.0000"," ","0.0000","0.0000","4900","6065500","1237.8571"
"20210721","01","12","    73780","JP3118600000","1318.0000","1384.0000","1224.0000","1245.0000","1245.0000","1287.0000","1230.0000","1280.0000","1318.0000","1384.0000","1224.0000","1280.0000"," ","0.0000","0.0000","9020300","11774781000","1305.3647"
"20210721","01","12","    73990","JP3653300008","584.0000","584.0000","581.0000","581.0000","581.0000","590.0000","581.0000","582.0000","584.0000","590.0000","581.0000","582.0000"," ","0.0000","0.0000","1200","698500","582.0833"
"20210721","01","12","    74120","JP3121900009","771.0000","775.0000","769.0000","769.0000","770.0000","774.0000","770.0000","770.0000","771.0000","775.0000","769.0000","770.0000"," ","0.0000","0.0000","244200","188562500","772.1642"
"20210721","01","12","    74130","JP3431600000","0.0000","0.0000","0.0000","0.0000","2322.0000","2322.0000","2322.0000","2322.0000","2322.0000","2322.0000","2322.0000","2322.0000"," ","0.0000","0.0000","100","232200","2322.0000"
"20210721","01","12","    74220","JP3603200001","2980.0000","2980.0000","2980.0000","2980.0000","2980.0000","2980.0000","2980.0000","2980.0000","2980.0000","2980.0000","2980.0000","2980.0000"," ","0.0000","0.0000","400","1192000","2980.0000"
"20210721","01","12","    74250","JP3769600002","0.0000","0.0000","0.0000","0.0000","1640.0000","1640.0000","1630.0000","1630.0000","1640.0000","1640.0000","1630.0000","1630.0000"," ","0.0000","0.0000","600","979000","1631.6667"
"20210721","01","12","    74260","JP3938200007","1071.0000","1130.0000","1071.0000","1105.0000","1105.0000","1105.0000","1071.0000","1105.0000","1071.0000","1130.0000","1071.0000","1105.0000"," ","0.0000","0.0000","5300","5765000","1087.7358"
"20210721","01","12","    74340","JP3172300000","1600.0000","1610.0000","1600.0000","1610.0000","0.0000","0.0000","0.0000","0.0000","1600.0000","1610.0000","1600.0000","1610.0000"," ","0.0000","0.0000","600","961000","1601.6667"
"20210721","01","12","    74350","JP3651030003","730.0000","734.0000","722.0000","734.0000","730.0000","731.0000","725.0000","731.0000","730.0000","734.0000","722.0000","731.0000"," ","0.0000","0.0000","3800","2767800","728.3684"
"20210721","01","12","    74430","JP3955300003","547.0000","547.0000","546.0000","546.0000","556.0000","556.0000","553.0000","553.0000","547.0000","556.0000","546.0000","553.0000"," ","0.0000","0.0000","1700","939900","552.8824"
"20210721","01","12","    74440","JP3772800003","1801.0000","1801.0000","1800.0000","1800.0000","1802.0000","1825.0000","1802.0000","1825.0000","1801.0000","1825.0000","1800.0000","1825.0000"," ","0.0000","0.0000","900","1629300","1810.3333"
"20210721","01","12","    74460","JP3603600002","3700.0000","3700.0000","3670.0000","3670.0000","3670.0000","3720.0000","3670.0000","3670.0000","3700.0000","3720.0000","3670.0000","3670.0000"," ","0.0000","0.0000","1000","3693000","3693.0000"
"20210721","01","12","    74500","JP3336100007","1520.0000","1524.0000","1516.0000","1524.0000","1524.0000","1526.0000","1524.0000","1526.0000","1520.0000","1526.0000","1516.0000","1526.0000"," ","0.0000","0.0000","1100","1674200","1522.0000"
"20210721","01","12","    74600","JP3930600006","1525.0000","1525.0000","1514.0000","1514.0000","1511.0000","1511.0000","1501.0000","1508.0000","1525.0000","1525.0000","1501.0000","1508.0000"," ","0.0000","0.0000","2800","4259000","1521.0714"
"20210721","01","12","    74610","JP3241900004","545.0000","549.0000","545.0000","547.0000","546.0000","548.0000","546.0000","548.0000","545.0000","549.0000","545.0000","548.0000"," ","0.0000","0.0000","4200","2296400","546.7619"
"20210721","01","12","    74620","JP3499450009","0.0000","0.0000","0.0000","0.0000","540.0000","540.0000","540.0000","540.0000","540.0000","540.0000","540.0000","540.0000"," ","0.0000","0.0000","100","54000","540.0000"
"20210721","01","12","    74640","JP3422900005","8410.0000","8410.0000","8410.0000","8410.0000","0.0000","0.0000","0.0000","0.0000","8410.0000","8410.0000","8410.0000","8410.0000"," ","0.0000","0.0000","100","841000","8410.0000"
"20210721","01","12","    74720","JP3629700000","2694.0000","2700.0000","2694.0000","2700.0000","2696.0000","2710.0000","2692.0000","2696.0000","2694.0000","2710.0000","2692.0000","2696.0000"," ","0.0000","0.0000","900","2428900","2698.7778"
"20210721","01","12","    74770","JP3914300003","1015.0000","1015.0000","990.0000","990.0000","1018.0000","1018.0000","1018.0000","1018.0000","1015.0000","1018.0000","990.0000","1018.0000"," ","0.0000","0.0000","800","809400","1011.7500"
"20210721","01","12","    74860","JP3343800003","759.0000","759.0000","758.0000","759.0000","761.0000","761.0000","761.0000","761.0000","759.0000","761.0000","758.0000","761.0000"," ","0.0000","0.0000","2700","2049400","759.0370"
"20210721","01","12","    74900","JP3675400000","938.0000","938.0000","922.0000","922.0000","933.0000","933.0000","933.0000","933.0000","938.0000","938.0000","922.0000","933.0000"," ","0.0000","0.0000","1300","1217200","936.3077"
"20210721","01","12","    75000","JP3657530006","4700.0000","4735.0000","4685.0000","4685.0000","4695.0000","4700.0000","4685.0000","4700.0000","4700.0000","4735.0000","4685.0000","4700.0000"," ","0.0000","0.0000","700","3290000","4700.0000"
"20210721","01","12","    75010","JP3544990009","719.0000","719.0000","718.0000","718.0000","718.0000","718.0000","716.0000","716.0000","719.0000","719.0000","716.0000","716.0000"," ","0.0000","0.0000","1000","717900","717.9000"
"20210721","01","12","    75020","JP3832600005","403.0000","403.0000","395.0000","401.0000","400.0000","402.0000","400.0000","402.0000","403.0000","403.0000","395.0000","402.0000"," ","0.0000","0.0000","4500","1808600","401.9111"
"20210721","01","12","    75050","JP3823400001","2418.0000","2427.0000","2410.0000","2410.0000","2427.0000","2429.0000","2413.0000","2429.0000","2418.0000","2429.0000","2410.0000","2429.0000"," ","0.0000","0.0000","1200","2902200","2418.5000"
"20210721","01","12","    75090","JP3100630007","0.0000","0.0000","0.0000","0.0000","3550.0000","3550.0000","3550.0000","3550.0000","3550.0000","3550.0000","3550.0000","3550.0000"," ","0.0000","0.0000","100","355000","3550.0000"
"20210721","01","12","    75150","JP3879020000","0.0000","0.0000","0.0000","0.0000","0.0000","0.0000","0.0000","0.0000","0.0000","0.0000","0.0000","0.0000"," ","0.0000","0.0000","0","0","0.0000"
"20210721","01","12","    75190","JP3308800006","11.0000","18.0000","10.0000","10.0000","10.0000","11.0000","9.0000","9.0000","11.0000","18.0000","9.0000","9.0000"," ","0.0000","0.0000","9566400","123613100","12.9216"
"20210721","01","12","    75210","JP3912600008","1965.0000","1968.0000","1962.0000","1962.0000","1969.0000","1975.0000","1963.0000","1963.0000","1965.0000","1975.0000","1962.0000","1963.0000"," ","0.0000","0.0000","2000","3932100","1966.0500"
"20210721","01","12","    75230","JP3100500002","648.0000","656.0000","648.0000","648.0000","648.0000","650.0000","646.0000","647.0000","648.0000","656.0000","646.0000","647.0000"," ","0.0000","0.0000","4500","2914700","647.7111"
"20210721","01","12","    75310","JP3418250001","2463.0000","2463.0000","2463.0000","2463.0000","0.0000","0.0000","0.0000","0.0000","2463.0000","2463.0000","2463.0000","2463.0000"," ","0.0000","0.0000","100","246300","2463.0000"
"20210721","01","12","    75380","JP3485200004","248.0000","251.0000","248.0000","249.0000","249.0000","250.0000","249.0000","250.0000","248.0000","251.0000","248.0000","250.0000"," ","0.0000","0.0000","3100","772400","249.1613"
"20210721","01","12","    75390","JP3122570009","1058.0000","1064.0000","1039.0000","1043.0000","1042.0000","1049.0000","1042.0000","1047.0000","1058.0000","1064.0000","1039.0000","1047.0000"," ","0.0000","0.0000","14300","15023100","1050.5664"
"20210721","01","12","    75440","JP3410700003","317.0000","320.0000","310.0000","314.0000","315.0000","315.0000","313.0000","313.0000","317.0000","320.0000","310.0000","313.0000"," ","0.0000","0.0000","54500","17187200","315.3615"
"20210721","01","12","    75510","JP3154900009","530.0000","534.0000","530.0000","532.0000","532.0000","533.0000","531.0000","531.0000","530.0000","534.0000","530.0000","531.0000"," ","0.0000","0.0000","4400","2337400","531.2273"
"20210721","01","12","    75550","JP3187650001","749.0000","749.0000","749.0000","749.0000","749.0000","749.0000","749.0000","749.0000","749.0000","749.0000","749.0000","749.0000"," ","0.0000","0.0000","2600","1947400","749.0000"
"20210721","01","12","    75590","JP3385830009","1442.0000","1442.0000","1438.0000","1438.0000","0.0000","0.0000","0.0000","0.0000","1442.0000","1442.0000","1438.0000","1438.0000"," ","0.0000","0.0000","3900","5623400","1441.8974"
"20210721","01","12","    75620","JP3128700006","5550.0000","5550.0000","5550.0000","5550.0000","5550.0000","5550.0000","5550.0000","5550.0000","5550.0000","5550.0000","5550.0000","5550.0000"," ","0.0000","0.0000","800","4440000","5550.0000"
"20210721","01","12","    75640","JP3990100004","7450.0000","7530.0000","7420.0000","7440.0000","7430.0000","7440.0000","7390.0000","7420.0000","7450.0000","7530.0000","7390.0000","7420.0000"," ","0.0000","0.0000","150900","1124455000","7451.6567"
"20210721","01","12","    75650","JP3879320004","0.0000","0.0000","0.0000","0.0000","0.0000","0.0000","0.0000","0.0000","0.0000","0.0000","0.0000","0.0000"," ","0.0000","0.0000","0","0","0.0000"
"20210721","01","12","    75670","JP3314300009","516.0000","517.0000","515.0000","515.0000","515.0000","518.0000","513.0000","515.0000","516.0000","518.0000","513.0000","515.0000"," ","0.0000","0.0000","9500","4899700","515.7579"
"20210721","01","12","    75710","JP3218000002","70.0000","70.0000","68.0000","69.0000","69.0000","70.0000","69.0000","70.0000","70.0000","70.0000","68.0000","70.0000"," ","0.0000","0.0000","141100","9824300","69.6265"
"20210721","01","12","    75780","JP3664900002","207.0000","209.0000","204.0000","207.0000","205.0000","207.0000","205.0000","207.0000","207.0000","209.0000","204.0000","207.0000"," ","0.0000","0.0000","84000","17331200","206.3238"
"20210721","01","12","    75850","JP3233100001","504.0000","504.0000","504.0000","504.0000","510.0000","510.0000","510.0000","510.0000","504.0000","510.0000","504.0000","510.0000"," ","0.0000","0.0000","1100","559800","508.9091"
"20210721","01","12","    75870","JP3782600005","678.0000","678.0000","678.0000","678.0000","678.0000","678.0000","678.0000","678.0000","678.0000","678.0000","678.0000","678.0000"," ","0.0000","0.0000","3100","2101800","678.0000"
"20210721","01","12","    75970","JP3574000000","1920.0000","1920.0000","1920.0000","1920.0000","0.0000","0.0000","0.0000","0.0000","1920.0000","1920.0000","1920.0000","1920.0000"," ","0.0000","0.0000","600","1152000","1920.0000"
"20210721","01","12","    76020","JP3388550000","318.0000","328.0000","313.0000","318.0000","315.0000","316.0000","310.0000","313.0000","318.0000","328.0000","310.0000","313.0000"," ","0.0000","0.0000","98400","31206900","317.1433"
"20210721","01","12","    76030","JP3865000008","405.0000","407.0000","405.0000","407.0000","407.0000","409.0000","407.0000","408.0000","405.0000","409.0000","405.0000","408.0000"," ","0.0000","0.0000","2600","1056900","406.5000"
"20210721","01","12","    76040","JP3159850001","1237.0000","1242.0000","1230.0000","1241.0000","1230.0000","1245.0000","1225.0000","1230.0000","1237.0000","1245.0000","1225.0000","1230.0000"," ","0.0000","0.0000","6100","7538000","1235.7377"
"20210721","01","12","    76100","JP3544600004","77.0000","78.0000","73.0000","74.0000","73.0000","74.0000","72.0000","73.0000","77.0000","78.0000","72.0000","73.0000"," ","0.0000","0.0000","5159600","382308900","74.0966"
"20210721","01","12","    76140","JP3177000001","1267.0000","1267.0000","1267.0000","1267.0000","1267.0000","1268.0000","1266.0000","1266.0000","1267.0000","1268.0000","1266.0000","1266.0000"," ","0.0000","0.0000","2800","3549400","1267.6429"
"20210721","01","12","    76210","JP3155900008","0.0000","0.0000","0.0000","0.0000","3090.0000","3095.0000","3090.0000","3095.0000","3090.0000","3095.0000","3090.0000","3095.0000"," ","0.0000","0.0000","200","618500","3092.5000"
"20210721","01","12","    76230","JP3325150005","424.0000","432.0000","424.0000","426.0000","429.0000","431.0000","424.0000","428.0000","424.0000","432.0000","424.0000","428.0000"," ","0.0000","0.0000","8600","3683500","428.3140"
"20210721","01","12","    76240","JP3641350008","180.0000","180.0000","179.0000","180.0000","180.0000","180.0000","179.0000","179.0000","180.0000","180.0000","179.0000","179.0000"," ","0.0000","0.0000","7900","1418700","179.5823"
"20210721","01","12","    76250","JP3274350002","473.0000","482.0000","470.0000","473.0000","473.0000","477.0000","470.0000","477.0000","473.0000","482.0000","470.0000","477.0000"," ","0.0000","0.0000","103200","48974700","474.5610"
"20210721","01","12","    76340","JP3845750003","3610.0000","3620.0000","3610.0000","3620.0000","3610.0000","3615.0000","3605.0000","3605.0000","3610.0000","3620.0000","3605.0000","3605.0000"," ","0.0000","0.0000","900","3252000","3613.3333"
"20210721","01","12","    76350","JP3396700001","1006.0000","1007.0000","1003.0000","1003.0000","1002.0000","1010.0000","1002.0000","1010.0000","1006.0000","1010.0000","1002.0000","1010.0000"," ","0.0000","0.0000","3600","3622800","1006.3333"
"20210721","01","12","    76360","JP3777500004","1628.0000","1628.0000","1614.0000","1618.0000","1619.0000","1619.0000","1581.0000","1581.0000","1628.0000","1628.0000","1581.0000","1581.0000"," ","0.0000","0.0000","3300","5289000","1602.7273"
"20210721","01","12","    76380","JP3347150009","1301.0000","1325.0000","1301.0000","1301.0000","1301.0000","1309.0000","1295.0000","1296.0000","1301.0000","1325.0000","1295.0000","1296.0000"," ","0.0000","0.0000","42300","55276100","1306.7636"
"20210721","01","12","    76430","JP3473410003","883.0000","884.0000","875.0000","880.0000","876.0000","878.0000","876.0000","877.0000","883.0000","884.0000","875.0000","877.0000"," ","0.0000","0.0000","3000","2637600","879.2000"
"20210721","01","12","    76470","JP3202200006","29.0000","29.0000","28.0000","29.0000","29.0000","29.0000","28.0000","28.0000","29.0000","29.0000","28.0000","28.0000"," ","0.0000","0.0000","69858200","2025130000","28.9892"
"20210721","01","12","    76700","JP3170180008","616.0000","616.0000","616.0000","616.0000","618.0000","618.0000","618.0000","618.0000","616.0000","618.0000","616.0000","618.0000"," ","0.0000","0.0000","200","123400","617.0000"
"20210721","01","12","    76710","JP3124460001","660.0000","660.0000","660.0000","660.0000","655.0000","665.0000","653.0000","660.0000","660.0000","665.0000","653.0000","660.0000"," ","0.0000","0.0000","1200","791700","659.7500"
"20210721","01","12","    76720","JP3457740003","0.0000","0.0000","0.0000","0.0000","0.0000","0.0000","0.0000","0.0000","0.0000","0.0000","0.0000","0.0000"," ","0.0000","0.0000","0","0","0.0000"
"20210721","01","12","    76740","JP3651040002","3255.0000","3290.0000","3250.0000","3290.0000","3275.0000","3275.0000","3250.0000","3270.0000","3255.0000","3290.0000","3250.0000","3270.0000"," ","0.0000","0.0000","1700","5549500","3264.4118"
"20210721","01","12","    76760","JP3273770002","2507.0000","2586.0000","2371.0000","2430.0000","2405.0000","2433.0000","2384.0000","2420.0000","2507.0000","2586.0000","2371.0000","2420.0000"," ","0.0000","0.0000","68200","168067400","2464.3314"
"20210721","01","12","    76770","JP3931650000","0.0000","0.0000","0.0000","0.0000","0.0000","0.0000","0.0000","0.0000","0.0000","0.0000","0.0000","0.0000"," ","0.0000","0.0000","0","0","0.0000"
"20210721","01","12","    76780","JP3109700009","1541.0000","1542.0000","1540.0000","1540.0000","1548.0000","1550.0000","1548.0000","1550.0000","1541.0000","1550.0000","1540.0000","1550.0000"," ","0.0000","0.0000","600","926200","1543.6667"
"20210721","01","12","    76800","JP3278400001","0.0000","0.0000","0.0000","0.0000","0.0000","0.0000","0.0000","0.0000","0.0000","0.0000","0.0000","0.0000"," ","0.0000","0.0000","0","0","0.0000"
"20210721","01","12","    76810","JP3979320003","2651.0000","2738.0000","2651.0000","2738.0000","2702.0000","2702.0000","2700.0000","2700.0000","2651.0000","2738.0000","2651.0000","2700.0000"," ","0.0000","0.0000","800","2159600","2699.5000"
"20210721","01","12","    76820","JP3771900002","3675.0000","3685.0000","3640.0000","3640.0000","3635.0000","3680.0000","3575.0000","3575.0000","3675.0000","3685.0000","3575.0000","3575.0000"," ","0.0000","0.0000","4200","15335500","3651.3095"
"20210721","01","12","    76830","JP3505990006","2923.0000","2923.0000","2857.0000","2881.0000","2867.0000","2900.0000","2867.0000","2871.0000","2923.0000","2923.0000","2857.0000","2871.0000"," ","0.0000","0.0000","12900","37477200","2905.2093"
"20210721","01","12","    76850","JP3778270003","4195.0000","4225.0000","4115.0000","4145.0000","4160.0000","4170.0000","4105.0000","4130.0000","4195.0000","4225.0000","4105.0000","4130.0000"," ","0.0000","0.0000","30600","127251000","4158.5294"
"20210721","01","12","    76860","JP3206700001","1719.0000","1719.0000","1650.0000","1672.0000","1677.0000","1711.0000","1670.0000","1711.0000","1719.0000","1719.0000","1650.0000","1711.0000"," ","0.0000","0.0000","9100","15559700","1709.8571"
"20210721","01","12","    76870","JP3883650008","993.0000","1019.0000","990.0000","1015.0000","1000.0000","1007.0000","995.0000","997.0000","993.0000","1019.0000","990.0000","997.0000"," ","0.0000","0.0000","5400","5400600","1000.1111"
"20210721","01","12","    76880","JP3880300003","1166.0000","1167.0000","1150.0000","1150.0000","1154.0000","1161.0000","1154.0000","1161.0000","1166.0000","1167.0000","1150.0000","1161.0000"," ","0.0000","0.0000","2000","2313500","1156.7500"
"20210721","01","12","    76890","JP3301380006","2660.0000","2683.0000","2660.0000","2661.0000","2670.0000","2799.0000","2660.0000","2722.0000","2660.0000","2799.0000","2660.0000","2722.0000"," ","0.0000","0.0000","12800","34864600","2723.7969"
"20210721","01","12","    76900","JP3220900009","0.0000","0.0000","0.0000","0.0000","0.0000","0.0000","0.0000","0.0000","0.0000","0.0000","0.0000","0.0000"," ","0.0000","0.0000","0","0","0.0000"
"20210721","01","12","    76910","JP3347050001","0.0000","0.0000","0.0000","0.0000","0.0000","0.0000","0.0000","0.0000","0.0000","0.0000","0.0000","0.0000"," ","0.0000","0.0000","0","0","0.0000"
"20210721","01","12","    76920","JP3100080005","2580.0000","2640.0000","2566.0000","2607.0000","2590.0000","2603.0000","2556.0000","2556.0000","2580.0000","2640.0000","2556.0000","2556.0000"," ","0.0000","0.0000","9000","23298900","2588.7667"
"20210721","01","12","    76930","JP3848000000","0.0000","0.0000","0.0000","0.0000","0.0000","0.0000","0.0000","0.0000","0.0000","0.0000","0.0000","0.0000"," ","0.0000","0.0000","0","0","0.0000"
"20210721","01","12","    76940","JP3142380009","2910.0000","3030.0000","2910.0000","3015.0000","3020.0000","3045.0000","2953.0000","3040.0000","2910.0000","3045.0000","2910.0000","3040.0000"," ","0.0000","0.0000","31700","94877300","2992.9748"
"20210721","01","12","    76950","JP3286350008","4280.0000","4400.0000","4280.0000","4350.0000","4305.0000","4310.0000","4270.0000","4275.0000","4280.0000","4400.0000","4270.0000","4275.0000"," ","0.0000","0.0000","6000","25889500","4314.9167"
"20210721","01","12","    76970","JP3979520008","382.0000","387.0000","380.0000","384.0000","384.0000","384.0000","380.0000","382.0000","382.0000","387.0000","380.0000","382.0000"," ","0.0000","0.0000","30800","11774700","382.2955"
"20210721","01","12","    76980","JP3102330002","2061.0000","2109.0000","2061.0000","2091.0000","2073.0000","2080.0000","2065.0000","2071.0000","2061.0000","2109.0000","2061.0000","2071.0000"," ","0.0000","0.0000","5100","10613300","2081.0392"
"20210721","01","12","    77050","JP3385850007","2613.0000","2630.0000","2590.0000","2624.0000","2617.0000","2629.0000","2588.0000","2607.0000","2613.0000","2630.0000","2588.0000","2607.0000"," ","0.0000","0.0000","35500","92792600","2613.8761"
"20210721","01","12","    77070","JP3833400009","772.0000","779.0000","766.0000","771.0000","770.0000","771.0000","763.0000","765.0000","772.0000","779.0000","763.0000","765.0000"," ","0.0000","0.0000","98400","75763700","769.9563"
"20210721","01","12","    77110","JP3397100003","892.0000","901.0000","892.0000","897.0000","894.0000","899.0000","890.0000","894.0000","892.0000","901.0000","890.0000","894.0000"," ","0.0000","0.0000","10400","9310000","895.1923"
"20210721","01","12","    77130","JP3349000004","1936.0000","2027.0000","1930.0000","1971.0000","1931.0000","1969.0000","1930.0000","1949.0000","1936.0000","2027.0000","1930.0000","1949.0000"," ","0.0000","0.0000","105900","209496000","1978.2436"
"20210721","01","12","    77160","JP3642500007","2301.0000","2330.0000","2301.0000","2315.0000","2312.0000","2319.0000","2298.0000","2311.0000","2301.0000","2330.0000","2298.0000","2311.0000"," ","0.0000","0.0000","67300","155573800","2311.6464"
"20210721","01","12","    77190","JP3575800002","285.0000","287.0000","279.0000","280.0000","280.0000","281.0000","272.0000","272.0000","285.0000","287.0000","272.0000","272.0000"," ","0.0000","0.0000","72400","20211400","279.1630"
"20210721","01","12","    77220","JP3293700005","699.0000","700.0000","696.0000","699.0000","698.0000","702.0000","696.0000","702.0000","699.0000","702.0000","696.0000","702.0000"," ","0.0000","0.0000","7300","5102400","698.9589"
"20210721","01","12","    77260","JP3272800008","2649.0000","2650.0000","2551.0000","2564.0000","2564.0000","2586.0000","2531.0000","2577.0000","2649.0000","2650.0000","2531.0000","2577.0000"," ","0.0000","0.0000","31600","81678000","2584.7468"
"20210721","01","12","    77460","JP3193000001","188.0000","189.0000","186.0000","188.0000","188.0000","188.0000","186.0000","188.0000","188.0000","189.0000","186.0000","188.0000"," ","0.0000","0.0000","91900","17227300","187.4570"
"20210721","01","12","    77480","JP3853250003","2890.0000","2910.0000","2868.0000","2868.0000","2869.0000","2879.0000","2851.0000","2871.0000","2890.0000","2910.0000","2851.0000","2871.0000"," ","0.0000","0.0000","21100","60683500","2875.9953"
"20210721","01","12","    77490","JP3921060004","3255.0000","3270.0000","3235.0000","3270.0000","3250.0000","3250.0000","3215.0000","3230.0000","3255.0000","3270.0000","3215.0000","3230.0000"," ","0.0000","0.0000","2900","9422500","3249.1379"
"20210721","01","12","    77580","JP3421400007","1075.0000","1075.0000","1075.0000","1075.0000","1075.0000","1075.0000","1066.0000","1066.0000","1075.0000","1075.0000","1066.0000","1066.0000"," ","0.0000","0.0000","3300","3545200","1074.3030"
"20210721","01","12","    77600","JP3100760002","704.0000","715.0000","700.0000","701.0000","701.0000","705.0000","699.0000","701.0000","704.0000","715.0000","699.0000","701.0000"," ","0.0000","0.0000","62900","44337400","704.8871"
"20210721","01","12","    77710","JP3723600007","74.0000","74.0000","73.0000","73.0000","73.0000","74.0000","72.0000","73.0000","74.0000","74.0000","72.0000","73.0000"," ","0.0000","0.0000","38600","2817000","72.9793"
"20210721","01","12","    77740","JP3389610001","710.0000","712.0000","707.0000","710.0000","713.0000","713.0000","707.0000","711.0000","710.0000","713.0000","707.0000","711.0000"," ","0.0000","0.0000","21800","15460700","709.2064"
"20210721","01","12","    77760","JP3423530009","239.0000","244.0000","236.0000","238.0000","239.0000","239.0000","234.0000","236.0000","239.0000","244.0000","234.0000","236.0000"," ","0.0000","0.0000","184300","44167000","239.6473"
"20210721","01","12","    77770","JP3410730000","346.0000","349.0000","335.0000","337.0000","337.0000","340.0000","329.0000","332.0000","346.0000","349.0000","329.0000","332.0000"," ","0.0000","0.0000","910800","306406100","336.4143"
"20210721","01","12","    77790","JP3311530004","464.0000","468.0000","458.0000","462.0000","465.0000","465.0000","460.0000","463.0000","464.0000","468.0000","458.0000","463.0000"," ","0.0000","0.0000","520400","240755100","462.6347"
"20210721","01","12","    77810","JP3796100000","1240.0000","1261.0000","1219.0000","1235.0000","1250.0000","1263.0000","1248.0000","1260.0000","1240.0000","1263.0000","1219.0000","1260.0000"," ","0.0000","0.0000","5000","6246500","1249.3000"
"20210721","01","12","    77900","JP3778310007","0.0000","0.0000","0.0000","0.0000","0.0000","0.0000","0.0000","0.0000","0.0000","0.0000","0.0000","0.0000"," ","0.0000","0.0000","0","0","0.0000"
"20210721","01","12","    77910","JP3639560006","1091.0000","1099.0000","1080.0000","1095.0000","1086.0000","1086.0000","1057.0000","1064.0000","1091.0000","1099.0000","1057.0000","1064.0000"," ","0.0000","0.0000","13800","14860500","1076.8478"
"20210721","01","12","    77920","JP3305920005","1400.0000","1406.0000","1313.0000","1364.0000","1348.0000","1354.0000","1280.0000","1328.0000","1400.0000","1406.0000","1280.0000","1328.0000"," ","0.0000","0.0000","682400","916390800","1342.8939"
"20210721","01","12","    78000","JP3124470000","714.0000","714.0000","706.0000","713.0000","706.0000","711.0000","704.0000","705.0000","714.0000","714.0000","704.0000","705.0000"," ","0.0000","0.0000","9900","7022100","709.3030"
"20210721","01","12","    78030","JP3829930001","2374.0000","2390.0000","2351.0000","2352.0000","2362.0000","2366.0000","2341.0000","2343.0000","2374.0000","2390.0000","2341.0000","2343.0000"," ","0.0000","0.0000","53900","127128400","2358.5974"
"20210721","01","12","    78040","JP3799630003","1008.0000","1031.0000","1006.0000","1024.0000","1030.0000","1030.0000","1011.0000","1011.0000","1008.0000","1031.0000","1006.0000","1011.0000"," ","0.0000","0.0000","89400","90720100","1014.7662"
"20210721","01","12","    78050","JP3833250008","750.0000","766.0000","749.0000","764.0000","760.0000","764.0000","750.0000","757.0000","750.0000","766.0000","749.0000","757.0000"," ","0.0000","0.0000","8000","6067500","758.4375"
"20210721","01","12","    78060","JP3167430002","1936.0000","1946.0000","1909.0000","1910.0000","1911.0000","1912.0000","1880.0000","1891.0000","1936.0000","1946.0000","1880.0000","1891.0000"," ","0.0000","0.0000","193500","368969800","1906.8207"
"20210721","01","12","    78070","JP3292900002","1278.0000","1278.0000","1209.0000","1227.0000","1200.0000","1213.0000","1161.0000","1176.0000","1278.0000","1278.0000","1161.0000","1176.0000"," ","0.0000","0.0000","102400","124485400","1215.6777"
"20210721","01","12","    78080","JP3346520004","1869.0000","1930.0000","1869.0000","1928.0000","1900.0000","1908.0000","1888.0000","1908.0000","1869.0000","1930.0000","1869.0000","1908.0000"," ","0.0000","0.0000","3200","6087600","1902.3750"
"20210721","01","12","    78090","JP3299810006","2027.0000","2051.0000","2018.0000","2029.0000","2030.0000","2060.0000","2029.0000","2044.0000","2027.0000","2060.0000","2018.0000","2044.0000"," ","0.0000","0.0000","4600","9348500","2032.2826"
"20210721","01","12","    78100","JP3272650007","270.0000","272.0000","269.0000","269.0000","269.0000","270.0000","267.0000","267.0000","270.0000","272.0000","267.0000","267.0000"," ","0.0000","0.0000","43100","11609600","269.3643"
"20210721","01","12","    78120","JP3271150009","1220.0000","1235.0000","1220.0000","1233.0000","1229.0000","1238.0000","1225.0000","1226.0000","1220.0000","1238.0000","1220.0000","1226.0000"," ","0.0000","0.0000","3500","4307600","1230.7429"
"20210721","01","12","    78130","JP3832900009","1575.0000","1575.0000","1553.0000","1558.0000","1560.0000","1563.0000","1548.0000","1549.0000","1575.0000","1575.0000","1548.0000","1549.0000"," ","0.0000","0.0000","5800","9052500","1560.7759"
"20210721","01","12","    78140","JP3726500006","329.0000","332.0000","329.0000","331.0000","332.0000","332.0000","329.0000","329.0000","329.0000","332.0000","329.0000","329.0000"," ","0.0000","0.0000","4500","1485800","330.1778"
"20210721","01","12","    78150","JP3588800007","512.0000","512.0000","512.0000","512.0000","504.0000","504.0000","504.0000","504.0000","512.0000","512.0000","504.0000","504.0000"," ","0.0000","0.0000","1300","659200","507.0769"
"20210721","01","12","    78260","JP3828850002","6640.0000","6760.0000","6620.0000","6650.0000","6650.0000","6660.0000","6550.0000","6610.0000","6640.0000","6760.0000","6550.0000","6610.0000"," ","0.0000","0.0000","52000","346157000","6656.8654"
"20210721","01","12","    78270","JP3173300009","895.0000","905.0000","893.0000","893.0000","900.0000","902.0000","900.0000","902.0000","895.0000","905.0000","893.0000","902.0000"," ","0.0000","0.0000","1700","1529000","899.4118"
"20210721","01","12","    78290","JP3322830005","135.0000","138.0000","135.0000","137.0000","137.0000","138.0000","136.0000","136.0000","135.0000","138.0000","135.0000","136.0000"," ","0.0000","0.0000","43700","5972800","136.6773"
"20210721","01","12","    78310","JP3154170009","182.0000","185.0000","182.0000","182.0000","183.0000","183.0000","180.0000","182.0000","182.0000","185.0000","180.0000","182.0000"," ","0.0000","0.0000","125100","22778100","182.0791"
"20210721","01","12","    78360","JP3122530003","119.0000","120.0000","117.0000","117.0000","118.0000","118.0000","117.0000","117.0000","119.0000","120.0000","117.0000","117.0000"," ","0.0000","0.0000","204400","24132700","118.0660"
"20210721","01","12","    78370","JP3100450000","829.0000","829.0000","829.0000","829.0000","829.0000","829.0000","829.0000","829.0000","829.0000","829.0000","829.0000","829.0000"," ","0.0000","0.0000","900","746100","829.0000"
"20210721","01","12","    78410","JP3169700006","718.0000","722.0000","710.0000","711.0000","711.0000","717.0000","708.0000","717.0000","718.0000","722.0000","708.0000","717.0000"," ","0.0000","0.0000","15900","11332200","712.7170"
"20210721","01","12","    78470","JP3273850002","619.0000","619.0000","610.0000","610.0000","607.0000","607.0000","596.0000","599.0000","619.0000","619.0000","596.0000","599.0000"," ","0.0000","0.0000","3500","2120700","605.9143"
"20210721","01","12","    78490","JP3399210008","2870.0000","2900.0000","2870.0000","2900.0000","0.0000","0.0000","0.0000","0.0000","2870.0000","2900.0000","2870.0000","2900.0000"," ","0.0000","0.0000","300","864000","2880.0000"
"20210721","01","12","    78500","JP3432000002","803.0000","803.0000","797.0000","797.0000","798.0000","798.0000","783.0000","798.0000","803.0000","803.0000","783.0000","798.0000"," ","0.0000","0.0000","11200","8921300","796.5446"
"20210721","01","12","    78510","JP3225850001","283.0000","287.0000","282.0000","287.0000","279.0000","283.0000","279.0000","283.0000","283.0000","287.0000","279.0000","283.0000"," ","0.0000","0.0000","27200","7664600","281.7868"
"20210721","01","12","    78550","JP3204800001","535.0000","535.0000","525.0000","532.0000","0.0000","0.0000","0.0000","0.0000","535.0000","535.0000","525.0000","532.0000"," ","0.0000","0.0000","1200","634900","529.0833"
"20210721","01","12","    78570","JP3419200005","0.0000","0.0000","0.0000","0.0000","0.0000","0.0000","0.0000","0.0000","0.0000","0.0000","0.0000","0.0000"," ","0.0000","0.0000","0","0","0.0000"
"20210721","01","12","    78590","JP3126520000","171.0000","175.0000","171.0000","172.0000","172.0000","172.0000","171.0000","171.0000","171.0000","175.0000","171.0000","171.0000"," ","0.0000","0.0000","141600","24325200","171.7881"
"20210721","01","12","    78630","JP3795100001","1010.0000","1010.0000","1010.0000","1010.0000","1010.0000","1045.0000","1010.0000","1037.0000","1010.0000","1045.0000","1010.0000","1037.0000"," ","0.0000","0.0000","3700","3802100","1027.5946"
"20210721","01","12","    78650","JP3801560008","1008.0000","1008.0000","999.0000","999.0000","999.0000","1004.0000","999.0000","1004.0000","1008.0000","1008.0000","999.0000","1004.0000"," ","0.0000","0.0000","1100","1105700","1005.1818"
"20210721","01","12","    78710","JP3806720003","543.0000","543.0000","536.0000","536.0000","538.0000","539.0000","535.0000","535.0000","543.0000","543.0000","535.0000","535.0000"," ","0.0000","0.0000","4700","2532500","538.8298"
"20210721","01","12","    78750","JP3462700000","610.0000","610.0000","609.0000","609.0000","607.0000","607.0000","607.0000","607.0000","610.0000","610.0000","607.0000","607.0000"," ","0.0000","0.0000","500","304000","608.0000"
"20210721","01","12","    78770","JP3160760009","1650.0000","1650.0000","1650.0000","1650.0000","1655.0000","1655.0000","1655.0000","1655.0000","1650.0000","1655.0000","1650.0000","1655.0000"," ","0.0000","0.0000","200","330500","1652.5000"
"20210721","01","12","    78780","JP3287600005","0.0000","0.0000","0.0000","0.0000","0.0000","0.0000","0.0000","0.0000","0.0000","0.0000","0.0000","0.0000"," ","0.0000","0.0000","0","0","0.0000"
"20210721","01","12","    78790","JP3761700008","821.0000","821.0000","818.0000","818.0000","818.0000","818.0000","800.0000","801.0000","821.0000","821.0000","800.0000","801.0000"," ","0.0000","0.0000","2400","1946600","811.0833"
"20210721","01","12","    78830","JP3337150001","384.0000","384.0000","384.0000","384.0000","384.0000","384.0000","383.0000","383.0000","384.0000","384.0000","383.0000","383.0000"," ","0.0000","0.0000","400","153500","383.7500"
"20210721","01","12","    78860","JP3939800003","680.0000","680.0000","680.0000","680.0000","682.0000","682.0000","682.0000","682.0000","680.0000","682.0000","680.0000","682.0000"," ","0.0000","0.0000","200","136200","681.0000"
"20210721","01","12","    78870","JP3653200000","0.0000","0.0000","0.0000","0.0000","5580.0000","5580.0000","5580.0000","5580.0000","5580.0000","5580.0000","5580.0000","5580.0000"," ","0.0000","0.0000","100","558000","5580.0000"
"20210721","01","12","    78950","JP3514000003","436.0000","436.0000","428.0000","432.0000","432.0000","442.0000","428.0000","439.0000","436.0000","442.0000","428.0000","439.0000"," ","0.0000","0.0000","23300","10167400","436.3691"
"20210721","01","12","    78960","JP3423200009","524.0000","526.0000","521.0000","526.0000","523.0000","528.0000","523.0000","524.0000","524.0000","528.0000","521.0000","524.0000"," ","0.0000","0.0000","2700","1415000","524.0741"
"20210721","01","12","    78990","JP3195400001","345.0000","348.0000","345.0000","346.0000","345.0000","348.0000","345.0000","346.0000","345.0000","348.0000","345.0000","346.0000"," ","0.0000","0.0000","8900","3076500","345.6742"
"20210721","01","12","    79010","JP3868900006","2150.0000","2150.0000","2150.0000","2150.0000","0.0000","0.0000","0.0000","0.0000","2150.0000","2150.0000","2150.0000","2150.0000"," ","0.0000","0.0000","100","215000","2150.0000"
"20210721","01","12","    79020","JP3435900000","835.0000","835.0000","835.0000","835.0000","850.0000","850.0000","850.0000","850.0000","835.0000","850.0000","835.0000","850.0000"," ","0.0000","0.0000","4200","3508500","835.3571"
"20210721","01","12","    79060","JP3960000002","766.0000","793.0000","766.0000","787.0000","778.0000","798.0000","775.0000","797.0000","766.0000","798.0000","766.0000","797.0000"," ","0.0000","0.0000","201800","158811200","786.9732"
"20210721","01","12","    79190","JP3760600001","137.0000","137.0000","137.0000","137.0000","137.0000","141.0000","136.0000","138.0000","137.0000","141.0000","136.0000","138.0000"," ","0.0000","0.0000","53000","7319000","138.0943"
"20210721","01","12","    79220","JP3331000004","346.0000","346.0000","345.0000","345.0000","345.0000","345.0000","336.0000","341.0000","346.0000","346.0000","336.0000","341.0000"," ","0.0000","0.0000","30300","10287500","339.5215"
"20210721","01","12","    79230","JP3552210001","520.0000","520.0000","520.0000","520.0000","519.0000","520.0000","517.0000","520.0000","520.0000","520.0000","517.0000","520.0000"," ","0.0000","0.0000","2200","1142600","519.3636"
"20210721","01","12","    79270","JP3913400002","596.0000","607.0000","596.0000","599.0000","599.0000","602.0000","598.0000","602.0000","596.0000","607.0000","596.0000","602.0000"," ","0.0000","0.0000","4600","2761100","600.2391"
"20210721","01","12","    79280","JP3111000000","1072.0000","1072.0000","1048.0000","1053.0000","1053.0000","1055.0000","1027.0000","1045.0000","1072.0000","1072.0000","1027.0000","1045.0000"," ","0.0000","0.0000","52300","54899200","1049.6979"
"20210721","01","12","    79320","JP3685200002","3600.0000","3600.0000","3580.0000","3580.0000","3595.0000","3600.0000","3555.0000","3580.0000","3600.0000","3600.0000","3555.0000","3580.0000"," ","0.0000","0.0000","1000","3588000","3588.0000"
"20210721","01","12","    79380","JP3969200009","1987.0000","1990.0000","1987.0000","1990.0000","1990.0000","1992.0000","1990.0000","1992.0000","1987.0000","1992.0000","1987.0000","1992.0000"," ","0.0000","0.0000","1600","3181500","1988.4375"
"20210721","01","12","    79390","JP3282000003","445.0000","445.0000","445.0000","445.0000","445.0000","445.0000","445.0000","445.0000","445.0000","445.0000","445.0000","445.0000"," ","0.0000","0.0000","1700","756500","445.0000"
"20210721","01","12","    79450","JP3305500005","1168.0000","1173.0000","1167.0000","1170.0000","1173.0000","1179.0000","1160.0000","1160.0000","1168.0000","1179.0000","1160.0000","1160.0000"," ","0.0000","0.0000","2900","3391700","1169.5517"
"20210721","01","12","    79460","JP3292000001","0.0000","0.0000","0.0000","0.0000","0.0000","0.0000","0.0000","0.0000","0.0000","0.0000","0.0000","0.0000","1","1280.0000","0.0000","0","0","0.0000"
"20210721","01","12","    79530","JP3236600007","403.0000","403.0000","395.0000","395.0000","397.0000","397.0000","395.0000","397.0000","403.0000","403.0000","395.0000","397.0000"," ","0.0000","0.0000","40100","16139700","402.4863"
"20210721","01","12","    79570","JP3813400003","0.0000","0.0000","0.0000","0.0000","0.0000","0.0000","0.0000","0.0000","0.0000","0.0000","0.0000","0.0000"," ","0.0000","0.0000","0","0","0.0000"
"20210721","01","12","    79630","JP3286600006","1855.0000","1868.0000","1847.0000","1854.0000","1858.0000","1885.0000","1855.0000","1880.0000","1855.0000","1885.0000","1847.0000","1880.0000"," ","0.0000","0.0000","11600","21551600","1857.8966"
"20210721","01","12","    79750","JP3974600003","0.0000","0.0000","0.0000","0.0000","1749.0000","1749.0000","1749.0000","1749.0000","1749.0000","1749.0000","1749.0000","1749.0000"," ","0.0000","0.0000","100","174900","1749.0000"
"20210721","01","12","    79800","JP3349200000","992.0000","1004.0000","981.0000","997.0000","997.0000","1000.0000","994.0000","994.0000","992.0000","1004.0000","981.0000","994.0000"," ","0.0000","0.0000","13700","13630000","994.8905"
"20210721","01","12","    79830","JP3910800006","1600.0000","1619.0000","1600.0000","1619.0000","1605.0000","1605.0000","1605.0000","1605.0000","1600.0000","1619.0000","1600.0000","1605.0000"," ","0.0000","0.0000","400","642900","1607.2500"
"20210721","01","12","    79850","JP3758400000","1499.0000","1499.0000","1499.0000","1499.0000","1496.0000","1496.0000","1496.0000","1496.0000","1499.0000","1499.0000","1496.0000","1496.0000"," ","0.0000","0.0000","600","898500","1497.5000"
"20210721","01","12","    79860","JP3261600005","1378.0000","1378.0000","1378.0000","1378.0000","1377.0000","1377.0000","1377.0000","1377.0000","1378.0000","1378.0000","1377.0000","1377.0000"," ","0.0000","0.0000","200","275500","1377.5000"
"20210721","01","12","    79910","JP3870300005","665.0000","675.0000","665.0000","669.0000","669.0000","669.0000","667.0000","667.0000","665.0000","675.0000","665.0000","667.0000"," ","0.0000","0.0000","3800","2533600","666.7368"
"20210721","01","12","    79920","JP3413400007","181.0000","186.0000","180.0000","180.0000","182.0000","183.0000","180.0000","183.0000","181.0000","186.0000","180.0000","183.0000"," ","0.0000","0.0000","30000","5466800","182.2267"
"20210721","01","12","    79970","JP3272000005","710.0000","717.0000","710.0000","717.0000","715.0000","742.0000","712.0000","727.0000","710.0000","742.0000","710.0000","727.0000"," ","0.0000","0.0000","3300","2376700","720.2121"
"20210721","01","12","    80060","JP3946000001","2966.0000","2966.0000","2966.0000","2966.0000","0.0000","0.0000","0.0000","0.0000","2966.0000","2966.0000","2966.0000","2966.0000"," ","0.0000","0.0000","100","296600","2966.0000"
"20210721","01","12","    80230","JP3483000000","559.0000","559.0000","540.0000","540.0000","537.0000","542.0000","537.0000","541.0000","559.0000","559.0000","537.0000","541.0000"," ","0.0000","0.0000","20100","11095100","551.9950"
"20210721","01","12","    80300","JP3514600000","2907.0000","2953.0000","2907.0000","2927.0000","2927.0000","2948.0000","2927.0000","2948.0000","2907.0000","2953.0000","2907.0000","2948.0000"," ","0.0000","0.0000","1500","4376900","2917.9333"
"20210721","01","12","    80390","JP3532600008","2062.0000","2074.0000","2050.0000","2060.0000","2060.0000","2064.0000","2052.0000","2052.0000","2062.0000","2074.0000","2050.0000","2052.0000"," ","0.0000","0.0000","3400","7000500","2058.9706"
"20210721","01","12","    80400","JP3582200006","1018.0000","1018.0000","993.0000","993.0000","1000.0000","1010.0000","1000.0000","1010.0000","1018.0000","1018.0000","993.0000","1010.0000"," ","0.0000","0.0000","1500","1511300","1007.5333"
"20210721","01","12","    80450","JP3956600005","850.0000","850.0000","847.0000","847.0000","849.0000","849.0000","849.0000","849.0000","850.0000","850.0000","847.0000","849.0000"," ","0.0000","0.0000","900","764500","849.4444"
"20210721","01","12","    80460","JP3877200000","2080.0000","2080.0000","2080.0000","2080.0000","2068.0000","2068.0000","2068.0000","2068.0000","2080.0000","2080.0000","2068.0000","2068.0000"," ","0.0000","0.0000","2500","5196400","2078.5600"
"20210721","01","12","    80660","JP3886800006","7590.0000","7620.0000","7530.0000","7620.0000","7610.0000","7670.0000","7600.0000","7670.0000","7590.0000","7670.0000","7530.0000","7670.0000"," ","0.0000","0.0000","4100","31190000","7607.3171"
"20210721","01","12","    80720","JP3714000001","0.0000","0.0000","0.0000","0.0000","0.0000","0.0000","0.0000","0.0000","0.0000","0.0000","0.0000","0.0000"," ","0.0000","0.0000","0","0","0.0000"
"20210721","01","12","    80850","JP3651800009","2133.0000","2133.0000","2133.0000","2133.0000","2150.0000","2189.0000","2130.0000","2145.0000","2133.0000","2189.0000","2130.0000","2145.0000"," ","0.0000","0.0000","3400","7303900","2148.2059"
"20210721","01","12","    81050","JP3875200002","64.0000","64.0000","64.0000","64.0000","64.0000","64.0000","63.0000","63.0000","64.0000","64.0000","63.0000","63.0000"," ","0.0000","0.0000","49200","3114400","63.3008"
"20210721","01","12","    81150","JP3912400003","532.0000","539.0000","522.0000","530.0000","530.0000","530.0000","524.0000","528.0000","532.0000","539.0000","522.0000","528.0000"," ","0.0000","0.0000","7300","3859600","528.7123"
"20210721","01","12","    81170","JP3515400004","3225.0000","3245.0000","3160.0000","3235.0000","3205.0000","3240.0000","3200.0000","3235.0000","3225.0000","3245.0000","3160.0000","3235.0000"," ","0.0000","0.0000","5200","16714000","3214.2308"
"20210721","01","12","    81190","JP3324800006","2044.0000","2044.0000","2044.0000","2044.0000","2044.0000","2044.0000","2044.0000","2044.0000","2044.0000","2044.0000","2044.0000","2044.0000"," ","0.0000","0.0000","300","613200","2044.0000"
"20210721","01","12","    81230","JP3227000001","0.0000","0.0000","0.0000","0.0000","0.0000","0.0000","0.0000","0.0000","0.0000","0.0000","0.0000","0.0000"," ","0.0000","0.0000","0","0","0.0000"
"20210721","01","12","    81350","JP3427000009","299.0000","309.0000","297.0000","302.0000","301.0000","307.0000","298.0000","300.0000","299.0000","309.0000","297.0000","300.0000"," ","0.0000","0.0000","289100","87581800","302.9464"
"20210721","01","12","    81380","JP3327200006","0.0000","0.0000","0.0000","0.0000","0.0000","0.0000","0.0000","0.0000","0.0000","0.0000","0.0000","0.0000"," ","0.0000","0.0000","0","0","0.0000"
"20210721","01","12","    81390","JP3648600009","181.0000","181.0000","180.0000","181.0000","180.0000","186.0000","180.0000","181.0000","181.0000","186.0000","180.0000","181.0000"," ","0.0000","0.0000","47300","8613700","182.1078"
"20210721","01","12","    81430","JP3968200000","360.0000","361.0000","359.0000","359.0000","360.0000","363.0000","357.0000","357.0000","360.0000","363.0000","357.0000","357.0000"," ","0.0000","0.0000","4000","1441200","360.3000"
"20210721","01","12","    81440","JP3550400000","1386.0000","1406.0000","1385.0000","1385.0000","1393.0000","1393.0000","1389.0000","1389.0000","1386.0000","1406.0000","1385.0000","1389.0000"," ","0.0000","0.0000","1100","1527600","1388.7273"
"20210721","01","12","    81470","JP3630600009","970.0000","981.0000","970.0000","980.0000","978.0000","979.0000","978.0000","979.0000","970.0000","981.0000","970.0000","979.0000"," ","0.0000","0.0000","2400","2333600","972.3333"
"20210721","01","12","    81520","JP3436200004","1900.0000","1900.0000","1899.0000","1900.0000","1870.0000","1870.0000","1866.0000","1870.0000","1900.0000","1900.0000","1866.0000","1870.0000"," ","0.0000","0.0000","5200","9831500","1890.6731"
"20210721","01","12","    81860","JP3188000008","295.0000","300.0000","295.0000","298.0000","296.0000","298.0000","296.0000","297.0000","295.0000","300.0000","295.0000","297.0000"," ","0.0000","0.0000","424800","126518300","297.8303"
"20210721","01","12","    81980","JP3930400001","2503.0000","2513.0000","2503.0000","2513.0000","2512.0000","2527.0000","2509.0000","2510.0000","2503.0000","2527.0000","2503.0000","2510.0000"," ","0.0000","0.0000","5200","13069500","2513.3654"
"20210721","01","12","    82020","JP3967000005","227.0000","241.0000","225.0000","232.0000","233.0000","233.0000","224.0000","226.0000","227.0000","241.0000","224.0000","226.0000"," ","0.0000","0.0000","1473300","342180300","232.2543"
"20210721","01","12","    82080","JP3169200007","1005.0000","1005.0000","1005.0000","1005.0000","1016.0000","1016.0000","1016.0000","1016.0000","1005.0000","1016.0000","1005.0000","1016.0000"," ","0.0000","0.0000","200","202100","1010.5000"
"20210721","01","12","    82090","JP3829200009","408.0000","408.0000","408.0000","408.0000","412.0000","412.0000","406.0000","406.0000","408.0000","412.0000","406.0000","406.0000"," ","0.0000","0.0000","1400","570800","407.7143"
"20210721","01","12","    82150","JP3265000004","861.0000","869.0000","861.0000","869.0000","863.0000","863.0000","863.0000","863.0000","861.0000","869.0000","861.0000","863.0000"," ","0.0000","0.0000","300","259300","864.3333"
"20210721","01","12","    82250","JP3457700007","0.0000","0.0000","0.0000","0.0000","0.0000","0.0000","0.0000","0.0000","0.0000","0.0000","0.0000","0.0000"," ","0.0000","0.0000","0","0","0.0000"
"20210721","01","12","    82260","JP3970400002","222.0000","224.0000","222.0000","222.0000","221.0000","221.0000","218.0000","218.0000","222.0000","224.0000","218.0000","218.0000"," ","0.0000","0.0000","104300","22991500","220.4362"
"20210721","01","12","    82470","JP3500200005","313.0000","313.0000","310.0000","312.0000","304.0000","310.0000","304.0000","309.0000","313.0000","313.0000","304.0000","309.0000"," ","0.0000","0.0000","2300","707400","307.5652"
"20210721","01","12","    82490","JP3619200003","1091.0000","1094.0000","1061.0000","1068.0000","1064.0000","1070.0000","1064.0000","1070.0000","1091.0000","1094.0000","1061.0000","1070.0000"," ","0.0000","0.0000","14800","15946300","1077.4527"
"20210721","01","12","    82540","JP3310400001","399.0000","399.0000","391.0000","393.0000","391.0000","393.0000","391.0000","391.0000","399.0000","399.0000","391.0000","391.0000"," ","0.0000","0.0000","6100","2403100","393.9508"
"20210721","01","12","    82560","JP3833800000","368.0000","387.0000","344.0000","352.0000","352.0000","373.0000","341.0000","372.0000","368.0000","387.0000","341.0000","372.0000"," ","0.0000","0.0000","4746900","1718218600","361.9665"
"20210721","01","12","    82870","JP3864900000","1833.0000","1833.0000","1817.0000","1821.0000","1823.0000","1828.0000","1822.0000","1822.0000","1833.0000","1833.0000","1817.0000","1822.0000"," ","0.0000","0.0000","3300","6022200","1824.9091"
"20210721","01","12","    82980","JP3802500003","0.0000","0.0000","0.0000","0.0000","0.0000","0.0000","0.0000","0.0000","0.0000","0.0000","0.0000","0.0000"," ","0.0000","0.0000","0","0","0.0000"
"20210721","01","12","    83010","JP3699200006","29480.0000","29480.0000","29480.0000","29480.0000","29500.0000","29500.0000","29500.0000","29500.0000","29480.0000","29500.0000","29480.0000","29500.0000"," ","0.0000","0.0000","200","5898000","29490.0000"
"20210721","01","12","    84620","JP3826250007","670.0000","673.0000","668.0000","670.0000","670.0000","670.0000","663.0000","669.0000","670.0000","673.0000","663.0000","669.0000"," ","0.0000","0.0000","24000","16022300","667.5958"
"20210721","01","12","    85080","JP3142350002","353.0000","360.0000","341.0000","347.0000","344.0000","347.0000","343.0000","345.0000","353.0000","360.0000","341.0000","345.0000"," ","0.0000","0.0000","590000","204795500","347.1110"
"20210721","01","12","    86990","JP3160790006","1022.0000","1022.0000","1005.0000","1010.0000","1010.0000","1010.0000","987.0000","998.0000","1022.0000","1022.0000","987.0000","998.0000"," ","0.0000","0.0000","28000","28049600","1001.7714"
"20210721","01","12","    87000","JP3876750005","1361.0000","1379.0000","1361.0000","1370.0000","0.0000","0.0000","0.0000","0.0000","1361.0000","1379.0000","1361.0000","1370.0000"," ","0.0000","0.0000","400","548000","1370.0000"
"20210721","01","12","    87040","JP3637250006","333.0000","337.0000","333.0000","334.0000","336.0000","336.0000","333.0000","335.0000","333.0000","337.0000","333.0000","335.0000"," ","0.0000","0.0000","29000","9714800","334.9931"
"20210721","01","12","    87050","JP3191550007","161.0000","161.0000","157.0000","158.0000","158.0000","159.0000","158.0000","159.0000","161.0000","161.0000","157.0000","159.0000"," ","0.0000","0.0000","39200","6237600","159.1224"
"20210721","01","12","    87370","JP3292300005","381.0000","381.0000","379.0000","380.0000","380.0000","384.0000","379.0000","382.0000","381.0000","384.0000","379.0000","382.0000"," ","0.0000","0.0000","20400","7785900","381.6618"
"20210721","01","12","    87400","JP3820620007","259.0000","261.0000","257.0000","257.0000","257.0000","259.0000","257.0000","257.0000","259.0000","261.0000","257.0000","257.0000"," ","0.0000","0.0000","3300","851500","258.0303"
"20210721","01","12","    87460","JP3475600007","216.0000","219.0000","213.0000","215.0000","215.0000","219.0000","215.0000","217.0000","216.0000","219.0000","213.0000","217.0000"," ","0.0000","0.0000","311600","67536500","216.7410"
"20210721","01","12","    87470","JP3949000008","794.0000","795.0000","772.0000","772.0000","780.0000","790.0000","780.0000","790.0000","794.0000","795.0000","772.0000","790.0000"," ","0.0000","0.0000","2100","1650000","785.7143"
"20210721","01","12","    87830","JP3273830004","147.0000","151.0000","147.0000","149.0000","147.0000","148.0000","145.0000","145.0000","147.0000","151.0000","145.0000","145.0000"," ","0.0000","0.0000","124600","18383200","147.5377"
"20210721","01","12","    87890","JP3802830004","58.0000","58.0000","57.0000","58.0000","57.0000","58.0000","57.0000","57.0000","58.0000","58.0000","57.0000","57.0000"," ","0.0000","0.0000","836300","48111100","57.5285"
"20210721","01","12","    88360","JP3794400006","26.0000","26.0000","26.0000","26.0000","26.0000","27.0000","26.0000","26.0000","26.0000","27.0000","26.0000","26.0000"," ","0.0000","0.0000","79200","2062000","26.0354"
"20210721","01","12","    88440","JP3970200006","468.0000","468.0000","462.0000","462.0000","465.0000","465.0000","460.0000","463.0000","468.0000","468.0000","460.0000","463.0000"," ","0.0000","0.0000","8200","3810900","464.7439"
"20210721","01","12","    88540","JP3661900005","1648.0000","1672.0000","1648.0000","1672.0000","0.0000","0.0000","0.0000","0.0000","1648.0000","1672.0000","1648.0000","1672.0000"," ","0.0000","0.0000","400","663800","1659.5000"
"20210721","01","12","    88860","JP3157300009","3775.0000","3780.0000","3665.0000","3665.0000","3650.0000","3720.0000","3650.0000","3720.0000","3775.0000","3780.0000","3650.0000","3720.0000"," ","0.0000","0.0000","9000","33332000","3703.5556"
"20210721","01","12","    88870","JP3974800009","790.0000","793.0000","790.0000","790.0000","792.0000","792.0000","789.0000","789.0000","790.0000","793.0000","789.0000","789.0000"," ","0.0000","0.0000","8900","7038500","790.8427"
"20210721","01","12","    88890","JP3122510005","580.0000","580.0000","573.0000","573.0000","576.0000","577.0000","576.0000","577.0000","580.0000","580.0000","573.0000","577.0000"," ","0.0000","0.0000","1900","1092900","575.2105"
"20210721","01","12","    88900","JP3979100009","848.0000","850.0000","836.0000","836.0000","844.0000","844.0000","833.0000","834.0000","848.0000","850.0000","833.0000","834.0000"," ","0.0000","0.0000","27200","22903200","842.0294"
"20210721","01","12","    88910","JP3167440001","912.0000","920.0000","912.0000","920.0000","916.0000","919.0000","907.0000","919.0000","912.0000","920.0000","907.0000","919.0000"," ","0.0000","0.0000","2400","2188500","911.8750"
"20210721","01","12","    88930","JP3381600000","407.0000","407.0000","403.0000","404.0000","405.0000","405.0000","402.0000","405.0000","407.0000","407.0000","402.0000","405.0000"," ","0.0000","0.0000","99500","40226900","404.2905"
"20210721","01","12","    88940","JP3772300004","29.0000","30.0000","29.0000","29.0000","29.0000","30.0000","29.0000","30.0000","29.0000","30.0000","29.0000","30.0000"," ","0.0000","0.0000","646300","18924300","29.2810"
"20210721","01","12","    88980","JP3424880007","1057.0000","1057.0000","1054.0000","1054.0000","1052.0000","1055.0000","1052.0000","1055.0000","1057.0000","1057.0000","1052.0000","1055.0000"," ","0.0000","0.0000","700","738700","1055.2857"
"20210721","01","12","    89030","JP3324450000","582.0000","582.0000","577.0000","582.0000","579.0000","579.0000","578.0000","578.0000","582.0000","582.0000","577.0000","578.0000"," ","0.0000","0.0000","6700","3880700","579.2090"
"20210721","01","12","    89090","JP3354100004","1271.0000","1277.0000","1268.0000","1269.0000","1267.0000","1280.0000","1266.0000","1278.0000","1271.0000","1280.0000","1266.0000","1278.0000"," ","0.0000","0.0000","52900","67344800","1273.0586"
"20210721","01","12","    89120","JP3167610009","103.0000","104.0000","103.0000","104.0000","103.0000","103.0000","102.0000","103.0000","103.0000","104.0000","102.0000","103.0000"," ","0.0000","0.0000","42800","4410000","103.0374"
"20210721","01","12","    89140","JP3167620008","1496.0000","1500.0000","1482.0000","1496.0000","1496.0000","1543.0000","1493.0000","1534.0000","1496.0000","1543.0000","1482.0000","1534.0000"," ","0.0000","0.0000","78400","118554600","1512.1760"
"20210721","01","12","    89210","JP3346960002","0.0000","0.0000","0.0000","0.0000","0.0000","0.0000","0.0000","0.0000","0.0000","0.0000","0.0000","0.0000"," ","0.0000","0.0000","0","0","0.0000"
"20210721","01","12","    89220","JP3104930007","110.0000","111.0000","110.0000","110.0000","110.0000","111.0000","110.0000","110.0000","110.0000","111.0000","110.0000","110.0000"," ","0.0000","0.0000","41700","4591000","110.0959"
"20210721","01","12","    89250","JP3126160005","68.0000","69.0000","67.0000","68.0000","72.0000","77.0000","72.0000","77.0000","68.0000","77.0000","67.0000","77.0000"," ","0.0000","0.0000","11207900","832786500","74.3035"
"20210721","01","12","    89270","JP3920300005","231.0000","248.0000","228.0000","244.0000","244.0000","249.0000","235.0000","249.0000","231.0000","249.0000","228.0000","249.0000"," ","0.0000","0.0000","16072800","3869290900","240.7353"
"20210721","01","12","    89290","JP3825750007","1591.0000","1603.0000","1586.0000","1593.0000","1593.0000","1598.0000","1585.0000","1597.0000","1591.0000","1603.0000","1585.0000","1597.0000"," ","0.0000","0.0000","14400","22958000","1594.3056"
"20210721","01","12","    89310","JP3993920002","816.0000","816.0000","811.0000","814.0000","812.0000","812.0000","812.0000","812.0000","816.0000","816.0000","811.0000","812.0000"," ","0.0000","0.0000","4500","3658800","813.0667"
"20210721","01","12","    89380","JP3984150007","1618.0000","1626.0000","1589.0000","1616.0000","1618.0000","1645.0000","1608.0000","1637.0000","1618.0000","1645.0000","1589.0000","1637.0000"," ","0.0000","0.0000","55800","90314800","1618.5448"
"20210721","01","12","    89460","JP3953650003","93.0000","94.0000","93.0000","94.0000","94.0000","94.0000","93.0000","93.0000","93.0000","94.0000","93.0000","93.0000"," ","0.0000","0.0000","16300","1518200","93.1411"
"20210721","01","12","    89950","JP3863070003","600.0000","600.0000","595.0000","595.0000","0.0000","0.0000","0.0000","0.0000","600.0000","600.0000","595.0000","595.0000"," ","0.0000","0.0000","4200","2514100","598.5952"
"20210721","01","12","    90120","JP3509800003","2262.0000","2278.0000","2262.0000","2278.0000","0.0000","0.0000","0.0000","0.0000","2262.0000","2278.0000","2262.0000","2278.0000"," ","0.0000","0.0000","500","1134100","2268.2000"
"20210721","01","12","    90170","JP3654400005","0.0000","0.0000","0.0000","0.0000","0.0000","0.0000","0.0000","0.0000","0.0000","0.0000","0.0000","0.0000"," ","0.0000","0.0000","0","0","0.0000"
"20210721","01","12","    90280","JP3428870004","1450.0000","1490.0000","1450.0000","1465.0000","1465.0000","1483.0000","1465.0000","1468.0000","1450.0000","1490.0000","1450.0000","1468.0000"," ","0.0000","0.0000","4400","6468200","1470.0455"
"20210721","01","12","    90290","JP3783480001","730.0000","735.0000","726.0000","730.0000","731.0000","731.0000","728.0000","730.0000","730.0000","735.0000","726.0000","730.0000"," ","0.0000","0.0000","5700","4161400","730.0702"
"20210721","01","12","    90330","JP3798600007","921.0000","925.0000","921.0000","925.0000","921.0000","921.0000","921.0000","921.0000","921.0000","925.0000","921.0000","921.0000"," ","0.0000","0.0000","500","461600","923.2000"
"20210721","01","12","    90340","JP3653350003","1207.0000","1223.0000","1207.0000","1223.0000","0.0000","0.0000","0.0000","0.0000","1207.0000","1223.0000","1207.0000","1223.0000"," ","0.0000","0.0000","500","607300","1214.6000"
"20210721","01","12","    90360","JP3598000002","938.0000","939.0000","930.0000","930.0000","933.0000","944.0000","933.0000","944.0000","938.0000","944.0000","930.0000","944.0000"," ","0.0000","0.0000","1400","1309500","935.3571"
"20210721","01","12","    90490","JP3281000004","0.0000","0.0000","0.0000","0.0000","0.0000","0.0000","0.0000","0.0000","0.0000","0.0000","0.0000","0.0000"," ","0.0000","0.0000","0","0","0.0000"
"20210721","01","12","    90510","JP3424100000","0.0000","0.0000","0.0000","0.0000","0.0000","0.0000","0.0000","0.0000","0.0000","0.0000","0.0000","0.0000"," ","0.0000","0.0000","0","0","0.0000"
"20210721","01","12","    90570","JP3168600009","2516.0000","2516.0000","2506.0000","2506.0000","2506.0000","2520.0000","2506.0000","2519.0000","2516.0000","2520.0000","2506.0000","2519.0000"," ","0.0000","0.0000","2400","6036300","2515.1250"
"20210721","01","12","    90590","JP3229980002","1000.0000","1009.0000","1000.0000","1009.0000","1009.0000","1014.0000","1004.0000","1004.0000","1000.0000","1014.0000","1000.0000","1004.0000"," ","0.0000","0.0000","2900","2926500","1009.1379"
"20210721","01","12","    90600","JP3756050005","0.0000","0.0000","0.0000","0.0000","0.0000","0.0000","0.0000","0.0000","0.0000","0.0000","0.0000","0.0000"," ","0.0000","0.0000","0","0","0.0000"
"20210721","01","12","    90630","JP3193800004","3000.0000","3020.0000","3000.0000","3020.0000","3020.0000","3050.0000","3020.0000","3050.0000","3000.0000","3050.0000","3000.0000","3050.0000"," ","0.0000","0.0000","600","1812000","3020.0000"
"20210721","01","12","    90730","JP3248400008","620.0000","620.0000","601.0000","601.0000","601.0000","601.0000","590.0000","590.0000","620.0000","620.0000","590.0000","590.0000"," ","0.0000","0.0000","700","422300","603.2857"
"20210721","01","12","    90820","JP3503000006","805.0000","805.0000","805.0000","805.0000","809.0000","809.0000","805.0000","805.0000","805.0000","809.0000","805.0000","805.0000"," ","0.0000","0.0000","400","322400","806.0000"
"20210721","01","12","    90830","JP3372000004","0.0000","0.0000","0.0000","0.0000","3270.0000","3270.0000","3270.0000","3270.0000","3270.0000","3270.0000","3270.0000","3270.0000"," ","0.0000","0.0000","100","327000","3270.0000"
"20210721","01","12","    90870","JP3456600000","2040.0000","2044.0000","2040.0000","2044.0000","2047.0000","2047.0000","2047.0000","2047.0000","2040.0000","2047.0000","2040.0000","2047.0000"," ","0.0000","0.0000","300","613100","2043.6667"
"20210721","01","12","    91270","JP3470600002","749.0000","762.0000","749.0000","762.0000","755.0000","755.0000","755.0000","755.0000","749.0000","762.0000","749.0000","755.0000"," ","0.0000","0.0000","1800","1353800","752.1111"
"20210721","01","12","    91450","JP3799660000","1422.0000","1464.0000","1422.0000","1452.0000","1456.0000","1456.0000","1440.0000","1449.0000","1422.0000","1464.0000","1422.0000","1449.0000"," ","0.0000","0.0000","12400","17898900","1443.4597"
"20210721","01","12","    91710","JP3270400009","399.0000","399.0000","390.0000","390.0000","393.0000","395.0000","393.0000","394.0000","399.0000","399.0000","390.0000","394.0000"," ","0.0000","0.0000","1700","673800","396.3529"
"20210721","01","12","    91730","JP3562000004","2310.0000","2320.0000","2310.0000","2320.0000","2321.0000","2321.0000","2321.0000","2321.0000","2310.0000","2321.0000","2310.0000","2321.0000"," ","0.0000","0.0000","700","1622200","2317.4286"
"20210721","01","12","    91760","JP3322400007","247.0000","247.0000","246.0000","246.0000","246.0000","248.0000","245.0000","246.0000","247.0000","248.0000","245.0000","246.0000"," ","0.0000","0.0000","7400","1824900","246.6081"
"20210721","01","12","    91790","JP3224000004","3010.0000","3010.0000","3000.0000","3005.0000","2977.0000","2979.0000","2955.0000","2955.0000","3010.0000","3010.0000","2955.0000","2955.0000"," ","0.0000","0.0000","3600","10801000","3000.2778"
"20210721","01","12","    91930","JP3573800004","594.0000","598.0000","594.0000","595.0000","593.0000","596.0000","592.0000","596.0000","594.0000","598.0000","592.0000","596.0000"," ","0.0000","0.0000","2500","1485700","594.2800"
"20210721","01","12","    92060","JP3399320005","2880.0000","2880.0000","2880.0000","2880.0000","2865.0000","2865.0000","2865.0000","2865.0000","2880.0000","2880.0000","2865.0000","2865.0000"," ","0.0000","0.0000","300","862500","2875.0000"
"20210721","01","12","    92330","JP3118800006","1051.0000","1058.0000","1023.0000","1031.0000","1031.0000","1041.0000","1029.0000","1034.0000","1051.0000","1058.0000","1023.0000","1034.0000"," ","0.0000","0.0000","85400","88683500","1038.4485"
"20210721","01","12","    92610","JP3266700008","0.0000","0.0000","0.0000","0.0000","0.0000","0.0000","0.0000","0.0000","0.0000","0.0000","0.0000","0.0000"," ","0.0000","0.0000","0","0","0.0000"
"20210721","01","12","    92630","JP3800340006","320.0000","327.0000","318.0000","323.0000","325.0000","325.0000","317.0000","320.0000","320.0000","327.0000","317.0000","320.0000"," ","0.0000","0.0000","202400","65047500","321.3809"
"20210721","01","12","    92640","JP3856100007","2495.0000","2495.0000","2447.0000","2452.0000","2453.0000","2453.0000","2453.0000","2453.0000","2495.0000","2495.0000","2447.0000","2453.0000"," ","0.0000","0.0000","2200","5431100","2468.6818"
"20210721","01","12","    92680","JP3197720000","1279.0000","1288.0000","1256.0000","1288.0000","1294.0000","1297.0000","1276.0000","1281.0000","1279.0000","1297.0000","1256.0000","1281.0000"," ","0.0000","0.0000","3000","3842000","1280.6667"
"20210721","01","12","    92700","JP3431540008","2840.0000","2884.0000","2749.0000","2819.0000","2835.0000","2835.0000","2796.0000","2803.0000","2840.0000","2884.0000","2749.0000","2803.0000"," ","0.0000","0.0000","27800","78249100","2814.7158"
"20210721","01","12","    92710","JP3993500002","495.0000","506.0000","494.0000","496.0000","496.0000","496.0000","484.0000","489.0000","495.0000","506.0000","484.0000","489.0000"," ","0.0000","0.0000","5700","2797700","490.8246"
"20210721","01","12","    92720","JP3829980006","1763.0000","1805.0000","1763.0000","1770.0000","1765.0000","1807.0000","1765.0000","1767.0000","1763.0000","1807.0000","1763.0000","1767.0000"," ","0.0000","0.0000","3500","6232500","1780.7143"
"20210721","01","12","    92760","JP3117370001","0.0000","0.0000","0.0000","0.0000","0.0000","0.0000","0.0000","0.0000","0.0000","0.0000","0.0000","0.0000"," ","0.0000","0.0000","0","0","0.0000"
"20210721","01","12","    93070","JP3397000005","547.0000","550.0000","539.0000","541.0000","542.0000","543.0000","539.0000","539.0000","547.0000","550.0000","539.0000","539.0000"," ","0.0000","0.0000","20500","11123200","542.5951"
"20210721","01","12","    93110","JP3109600001","3990.0000","3990.0000","3990.0000","3990.0000","0.0000","0.0000","0.0000","0.0000","3990.0000","3990.0000","3990.0000","3990.0000"," ","0.0000","0.0000","1100","4389000","3990.0000"
"20210721","01","12","    93130","JP3876800008","751.0000","751.0000","751.0000","751.0000","753.0000","753.0000","753.0000","753.0000","751.0000","753.0000","751.0000","753.0000"," ","0.0000","0.0000","200","150400","752.0000"
"20210721","01","12","    93180","JP3743800009","9.0000","9.0000","8.0000","8.0000","8.0000","9.0000","8.0000","8.0000","9.0000","9.0000","8.0000","8.0000"," ","0.0000","0.0000","2444200","20568300","8.4151"
"20210721","01","12","    93260","JP3230300000","4330.0000","4550.0000","4280.0000","4340.0000","4345.0000","4750.0000","4335.0000","4380.0000","4330.0000","4750.0000","4280.0000","4380.0000"," ","0.0000","0.0000","379600","1700529500","4479.7932"
"20210721","01","12","    93270","JP3130850005","1844.0000","1885.0000","1844.0000","1875.0000","1874.0000","1879.0000","1824.0000","1846.0000","1844.0000","1885.0000","1824.0000","1846.0000"," ","0.0000","0.0000","41600","77483100","1862.5745"
"20210721","01","12","    93530","JP3318000001","1642.0000","1642.0000","1621.0000","1625.0000","1625.0000","1625.0000","1606.0000","1614.0000","1642.0000","1642.0000","1606.0000","1614.0000"," ","0.0000","0.0000","1200","1951200","1626.0000"
"20210721","01","12","    93550","JP3977100001","1815.0000","1815.0000","1815.0000","1815.0000","0.0000","0.0000","0.0000","0.0000","1815.0000","1815.0000","1815.0000","1815.0000"," ","0.0000","0.0000","100","181500","1815.0000"
"20210721","01","12","    93600","JP3398800007","1720.0000","1720.0000","1680.0000","1690.0000","1681.0000","1750.0000","1650.0000","1743.0000","1720.0000","1750.0000","1650.0000","1743.0000"," ","0.0000","0.0000","4100","6910700","1685.5366"
"20210721","01","12","    93610","JP3807200005","1280.0000","1280.0000","1280.0000","1280.0000","0.0000","0.0000","0.0000","0.0000","1280.0000","1280.0000","1280.0000","1280.0000"," ","0.0000","0.0000","100","128000","1280.0000"
"20210721","01","12","    93620","JP3794600001","1300.0000","1300.0000","1300.0000","1300.0000","0.0000","0.0000","0.0000","0.0000","1300.0000","1300.0000","1300.0000","1300.0000"," ","0.0000","0.0000","100","130000","1300.0000"
"20210721","01","12","    93630","JP3479800009","364.0000","364.0000","361.0000","362.0000","360.0000","363.0000","358.0000","363.0000","364.0000","364.0000","358.0000","363.0000"," ","0.0000","0.0000","10000","3607700","360.7700"
"20210721","01","12","    93650","JP3637200001","1375.0000","1375.0000","1371.0000","1371.0000","0.0000","0.0000","0.0000","0.0000","1375.0000","1375.0000","1371.0000","1371.0000"," ","0.0000","0.0000","300","412100","1373.6667"
"20210721","01","12","    93670","JP3486900008","617.0000","635.0000","617.0000","635.0000","634.0000","634.0000","634.0000","634.0000","617.0000","635.0000","617.0000","634.0000"," ","0.0000","0.0000","600","377100","628.5000"
"20210721","01","12","    93760","JP3944650005","498.0000","514.0000","498.0000","504.0000","514.0000","514.0000","507.0000","507.0000","498.0000","514.0000","498.0000","507.0000"," ","0.0000","0.0000","5600","2817400","503.1071"
"20210721","01","12","    93770","JP3160470005","566.0000","566.0000","556.0000","556.0000","0.0000","0.0000","0.0000","0.0000","566.0000","566.0000","556.0000","556.0000"," ","0.0000","0.0000","3000","1693000","564.3333"
"20210721","01","12","    93880","JP3781530005","0.0000","0.0000","0.0000","0.0000","0.0000","0.0000","0.0000","0.0000","0.0000","0.0000","0.0000","0.0000"," ","0.0000","0.0000","0","0","0.0000"
"20210721","01","12","    94080","JP3656400003","1295.0000","1300.0000","1295.0000","1300.0000","0.0000","0.0000","0.0000","0.0000","1295.0000","1300.0000","1295.0000","1300.0000"," ","0.0000","0.0000","700","907500","1296.4286"
"20210721","01","12","    94210","JP3758300002","945.0000","945.0000","945.0000","945.0000","945.0000","945.0000","945.0000","945.0000","945.0000","945.0000","945.0000","945.0000"," ","0.0000","0.0000","300","283500","945.0000"
"20210721","01","12","    94230","JP3826700001","110.0000","110.0000","105.0000","106.0000","106.0000","107.0000","105.0000","106.0000","110.0000","110.0000","105.0000","106.0000"," ","0.0000","0.0000","514500","55011600","106.9224"
"20210721","01","12","    94250","JP3732400001","418.0000","430.0000","418.0000","422.0000","421.0000","422.0000","411.0000","419.0000","418.0000","430.0000","411.0000","419.0000"," ","0.0000","0.0000","99600","41767500","419.3524"
"20210721","01","12","    94360","JP3194650002","5250.0000","5260.0000","5190.0000","5210.0000","5210.0000","5220.0000","5160.0000","5180.0000","5250.0000","5260.0000","5160.0000","5180.0000"," ","0.0000","0.0000","24100","125388000","5202.8216"
"20210721","01","12","    94390","JP3799620004","200.0000","202.0000","200.0000","200.0000","200.0000","201.0000","199.0000","201.0000","200.0000","202.0000","199.0000","201.0000"," ","0.0000","0.0000","12100","2422700","200.2231"
"20210721","01","12","    94410","JP3835850003","6810.0000","6850.0000","6810.0000","6820.0000","6980.0000","6980.0000","6980.0000","6980.0000","6810.0000","6980.0000","6810.0000","6980.0000"," ","0.0000","0.0000","400","2746000","6865.0000"
"20210721","01","12","    94440","JP3552420006","643.0000","643.0000","638.0000","638.0000","640.0000","640.0000","635.0000","635.0000","643.0000","643.0000","635.0000","635.0000"," ","0.0000","0.0000","5000","3200100","640.0200"
"20210721","01","12","    94450","JP3802760003","364.0000","364.0000","360.0000","360.0000","360.0000","360.0000","359.0000","359.0000","364.0000","364.0000","359.0000","359.0000"," ","0.0000","0.0000","2200","797400","362.4545"
"20210721","01","12","    94460","JP3162630002","710.0000","713.0000","702.0000","713.0000","710.0000","710.0000","705.0000","705.0000","710.0000","713.0000","702.0000","705.0000"," ","0.0000","0.0000","2300","1629300","708.3913"
"20210721","01","12","    94650","JP3241700008","0.0000","0.0000","0.0000","0.0000","0.0000","0.0000","0.0000","0.0000","0.0000","0.0000","0.0000","0.0000"," ","0.0000","0.0000","0","0","0.0000"
"20210721","01","12","    94670","JP3126410004","3500.0000","3595.0000","3465.0000","3500.0000","3480.0000","3500.0000","3450.0000","3475.0000","3500.0000","3595.0000","3450.0000","3475.0000"," ","0.0000","0.0000","39100","137203000","3509.0281"
"20210721","01","12","    94760","JP3514800006","0.0000","0.0000","0.0000","0.0000","0.0000","0.0000","0.0000","0.0000","0.0000","0.0000","0.0000","0.0000"," ","0.0000","0.0000","0","0","0.0000"
"20210721","01","12","    94780","JP3361000007","186.0000","186.0000","185.0000","186.0000","186.0000","186.0000","185.0000","186.0000","186.0000","186.0000","185.0000","186.0000"," ","0.0000","0.0000","26400","4899800","185.5985"
"20210721","01","12","    95370","JP3843800008","0.0000","0.0000","0.0000","0.0000","3120.0000","3130.0000","3120.0000","3130.0000","3120.0000","3130.0000","3120.0000","3130.0000"," ","0.0000","0.0000","700","2186000","3122.8571"
"20210721","01","12","    95390","JP3281400006","3400.0000","3400.0000","3380.0000","3380.0000","3380.0000","3380.0000","3380.0000","3380.0000","3400.0000","3400.0000","3380.0000","3380.0000"," ","0.0000","0.0000","1400","4754000","3395.7143"
"20210721","01","12","    96100","JP3154200004","206.0000","208.0000","206.0000","206.0000","206.0000","209.0000","206.0000","209.0000","206.0000","209.0000","206.0000","209.0000"," ","0.0000","0.0000","13400","2772000","206.8657"
"20210721","01","12","    96250","JP3423600000","753.0000","771.0000","749.0000","757.0000","757.0000","786.0000","757.0000","779.0000","753.0000","786.0000","749.0000","779.0000"," ","0.0000","0.0000","92800","71551500","771.0291"
"20210721","01","12","    96310","JP3569800000","4785.0000","4825.0000","4785.0000","4785.0000","4785.0000","4785.0000","4785.0000","4785.0000","4785.0000","4825.0000","4785.0000","4785.0000"," ","0.0000","0.0000","700","3353500","4790.7143"
"20210721","01","12","    96350","JP3913200006","2163.0000","2163.0000","2163.0000","2163.0000","2160.0000","2160.0000","2160.0000","2160.0000","2163.0000","2163.0000","2160.0000","2160.0000"," ","0.0000","0.0000","400","864300","2160.7500"
"20210721","01","12","    96360","JP3258400005","3170.0000","3180.0000","3170.0000","3170.0000","3180.0000","3190.0000","3180.0000","3190.0000","3170.0000","3190.0000","3170.0000","3190.0000"," ","0.0000","0.0000","1000","3178000","3178.0000"
"20210721","01","12","    96370","JP3170400000","3075.0000","3080.0000","3075.0000","3080.0000","3080.0000","3090.0000","3080.0000","3090.0000","3075.0000","3090.0000","3075.0000","3090.0000"," ","0.0000","0.0000","1400","4312500","3080.3571"
"20210721","01","12","    96390","JP3328200005","4160.0000","4230.0000","4160.0000","4180.0000","4145.0000","4180.0000","4145.0000","4165.0000","4160.0000","4230.0000","4145.0000","4165.0000"," ","0.0000","0.0000","6900","28859500","4182.5362"
"20210721","01","12","    96400","JP3422150007","2070.0000","2080.0000","2065.0000","2065.0000","2074.0000","2080.0000","2073.0000","2080.0000","2070.0000","2080.0000","2065.0000","2080.0000"," ","0.0000","0.0000","2200","4563500","2074.3182"
"20210721","01","12","    96410","JP3318600008","378.0000","381.0000","375.0000","379.0000","380.0000","388.0000","380.0000","386.0000","378.0000","388.0000","375.0000","386.0000"," ","0.0000","0.0000","10600","4060000","383.0189"
"20210721","01","12","    96470","JP3254900008","3190.0000","3195.0000","3190.0000","3195.0000","0.0000","0.0000","0.0000","0.0000","3190.0000","3195.0000","3190.0000","3195.0000"," ","0.0000","0.0000","300","957500","3191.6667"
"20210721","01","12","    96510","JP3749300004","778.0000","780.0000","778.0000","780.0000","780.0000","781.0000","780.0000","781.0000","778.0000","781.0000","778.0000","781.0000"," ","0.0000","0.0000","800","623900","779.8750"
"20210721","01","12","    96560","JP3889000000","409.0000","410.0000","409.0000","410.0000","409.0000","410.0000","409.0000","409.0000","409.0000","410.0000","409.0000","409.0000"," ","0.0000","0.0000","10400","4254800","409.1154"
"20210721","01","12","    96610","JP3218600009","4915.0000","4950.0000","4915.0000","4945.0000","4935.0000","4935.0000","4935.0000","4935.0000","4915.0000","4950.0000","4915.0000","4935.0000"," ","0.0000","0.0000","1000","4936500","4936.5000"
"20210721","01","12","    96790","JP3840300002","3150.0000","3150.0000","3150.0000","3150.0000","0.0000","0.0000","0.0000","0.0000","3150.0000","3150.0000","3150.0000","3150.0000"," ","0.0000","0.0000","200","630000","3150.0000"
"20210721","01","12","    96850","JP3253000008","598.0000","599.0000","597.0000","599.0000","597.0000","597.0000","595.0000","595.0000","598.0000","599.0000","595.0000","595.0000"," ","0.0000","0.0000","4100","2448600","597.2195"
"20210721","01","12","    96860","JP3616800003","989.0000","998.0000","989.0000","990.0000","0.0000","0.0000","0.0000","0.0000","989.0000","998.0000","989.0000","990.0000"," ","0.0000","0.0000","2100","2079800","990.3810"
"20210721","01","12","    96870","JP3294000009","2331.0000","2331.0000","2331.0000","2331.0000","2326.0000","2338.0000","2322.0000","2329.0000","2331.0000","2338.0000","2322.0000","2329.0000"," ","0.0000","0.0000","6800","15850300","2330.9265"
"20210721","01","12","    96910","JP3976400006","2257.0000","2257.0000","2257.0000","2257.0000","2260.0000","2269.0000","2260.0000","2269.0000","2257.0000","2269.0000","2257.0000","2269.0000"," ","0.0000","0.0000","1500","3388000","2258.6667"
"20210721","01","12","    96950","JP3220000008","260.0000","269.0000","254.0000","261.0000","262.0000","262.0000","260.0000","262.0000","260.0000","269.0000","254.0000","262.0000"," ","0.0000","0.0000","11300","2934100","259.6549"
"20210721","01","12","    96960","JP3234010001","607.0000","607.0000","597.0000","604.0000","605.0000","605.0000","599.0000","605.0000","607.0000","607.0000","597.0000","605.0000"," ","0.0000","0.0000","5300","3198100","603.4151"
"20210721","01","12","    96980","JP3271000006","1292.0000","1292.0000","1248.0000","1253.0000","1251.0000","1257.0000","1244.0000","1248.0000","1292.0000","1292.0000","1244.0000","1248.0000"," ","0.0000","0.0000","13200","16848800","1276.4242"
"20210721","01","12","    97010","JP3572200008","0.0000","0.0000","0.0000","0.0000","3025.0000","3025.0000","3025.0000","3025.0000","3025.0000","3025.0000","3025.0000","3025.0000"," ","0.0000","0.0000","200","605000","3025.0000"
"20210721","01","12","    97080","JP3542800002","1844.0000","1846.0000","1815.0000","1834.0000","1833.0000","1835.0000","1828.0000","1835.0000","1844.0000","1846.0000","1815.0000","1835.0000"," ","0.0000","0.0000","11900","21871200","1837.9160"
"20210721","01","12","    97090","JP3709000008","464.0000","469.0000","463.0000","466.0000","463.0000","465.0000","461.0000","463.0000","464.0000","469.0000","461.0000","463.0000"," ","0.0000","0.0000","15600","7241200","464.1795"
"20210721","01","12","    97130","JP3984000004","1202.0000","1222.0000","1200.0000","1206.0000","1216.0000","1216.0000","1201.0000","1201.0000","1202.0000","1222.0000","1200.0000","1201.0000"," ","0.0000","0.0000","4600","5544300","1205.2826"
"20210721","01","12","    97200","JP3852200009","0.0000","0.0000","0.0000","0.0000","0.0000","0.0000","0.0000","0.0000","0.0000","0.0000","0.0000","0.0000"," ","0.0000","0.0000","0","0","0.0000"
"20210721","01","12","    97230","JP3252400001","0.0000","0.0000","0.0000","0.0000","0.0000","0.0000","0.0000","0.0000","0.0000","0.0000","0.0000","0.0000"," ","0.0000","0.0000","0","0","0.0000"
"20210721","01","12","    97330","JP3647600000","5790.0000","5790.0000","5790.0000","5790.0000","5590.0000","5590.0000","5570.0000","5570.0000","5790.0000","5790.0000","5570.0000","5570.0000"," ","0.0000","0.0000","1300","7465000","5742.3077"
"20210721","01","12","    97340","JP3417800004","869.0000","869.0000","869.0000","869.0000","860.0000","860.0000","841.0000","849.0000","869.0000","869.0000","841.0000","849.0000"," ","0.0000","0.0000","900","774100","860.1111"
"20210721","01","12","    97530","JP3100720006","755.0000","760.0000","754.0000","756.0000","756.0000","757.0000","751.0000","757.0000","755.0000","760.0000","751.0000","757.0000"," ","0.0000","0.0000","14300","10795200","754.9091"
"20210721","01","12","    97610","JP3566200006","1557.0000","1568.0000","1557.0000","1568.0000","1570.0000","1570.0000","1570.0000","1570.0000","1557.0000","1570.0000","1557.0000","1570.0000"," ","0.0000","0.0000","900","1408600","1565.1111"
"20210721","01","12","    97670","JP3668800000","1893.0000","1893.0000","1836.0000","1852.0000","1848.0000","1848.0000","1844.0000","1844.0000","1893.0000","1893.0000","1836.0000","1844.0000"," ","0.0000","0.0000","1000","1860500","1860.5000"
"20210721","01","12","    97760","JP3321100004","1540.0000","1545.0000","1540.0000","1545.0000","1531.0000","1531.0000","1531.0000","1531.0000","1540.0000","1545.0000","1531.0000","1531.0000"," ","0.0000","0.0000","600","924600","1541.0000"
"20210721","01","12","    97780","JP3399750003","4640.0000","4640.0000","4640.0000","4640.0000","4635.0000","4640.0000","4635.0000","4640.0000","4640.0000","4640.0000","4635.0000","4640.0000"," ","0.0000","0.0000","500","2319000","4638.0000"
"20210721","01","12","    97800","JP3773200005","3755.0000","3755.0000","3755.0000","3755.0000","3785.0000","3825.0000","3785.0000","3825.0000","3755.0000","3825.0000","3755.0000","3825.0000"," ","0.0000","0.0000","700","2654000","3791.4286"
"20210721","01","12","    97820","JP3548550007","1607.0000","1607.0000","1560.0000","1590.0000","1590.0000","1600.0000","1560.0000","1600.0000","1607.0000","1607.0000","1560.0000","1600.0000"," ","0.0000","0.0000","3400","5359700","1576.3824"
"20210721","01","12","    97910","JP3800000006","846.0000","860.0000","846.0000","860.0000","860.0000","866.0000","860.0000","863.0000","846.0000","866.0000","846.0000","863.0000"," ","0.0000","0.0000","3200","2741700","856.7813"
"20210721","01","12","    97990","JP3113400000","1400.0000","1400.0000","1301.0000","1350.0000","1350.0000","1375.0000","1344.0000","1359.0000","1400.0000","1400.0000","1301.0000","1359.0000"," ","0.0000","0.0000","32400","44531700","1374.4352"
"20210721","01","12","    98120","JP3538300009","705.0000","845.0000","693.0000","713.0000","707.0000","747.0000","592.0000","620.0000","705.0000","845.0000","592.0000","620.0000"," ","0.0000","0.0000","2411800","1790563500","742.4179"
"20210721","01","12","    98160","JP3778220008","277.0000","280.0000","277.0000","279.0000","280.0000","281.0000","277.0000","278.0000","277.0000","281.0000","277.0000","278.0000"," ","0.0000","0.0000","15800","4401300","278.5633"
"20210721","01","12","    98180","JP3499200008","1599.0000","1599.0000","1580.0000","1580.0000","0.0000","0.0000","0.0000","0.0000","1599.0000","1599.0000","1580.0000","1580.0000"," ","0.0000","0.0000","1300","2076800","1597.5385"
"20210721","01","12","    98200","JP3297300000","2613.0000","2615.0000","2613.0000","2615.0000","2615.0000","2615.0000","2598.0000","2598.0000","2613.0000","2615.0000","2598.0000","2598.0000"," ","0.0000","0.0000","700","1828000","2611.4286"
"20210721","01","12","    98230","JP3870200007","2258.0000","2277.0000","2258.0000","2277.0000","2277.0000","2280.0000","2277.0000","2280.0000","2258.0000","2280.0000","2258.0000","2280.0000"," ","0.0000","0.0000","2300","5223800","2271.2174"
"20210721","01","12","    98270","JP3976800007","189.0000","191.0000","189.0000","189.0000","189.0000","191.0000","189.0000","191.0000","189.0000","191.0000","189.0000","191.0000"," ","0.0000","0.0000","38600","7326200","189.7979"
"20210721","01","12","    98350","JP3392800003","688.0000","688.0000","688.0000","688.0000","689.0000","689.0000","684.0000","685.0000","688.0000","689.0000","684.0000","685.0000"," ","0.0000","0.0000","2500","1714300","685.7200"
"20210721","01","12","    98450","JP3780000000","544.0000","553.0000","544.0000","550.0000","550.0000","555.0000","549.0000","555.0000","544.0000","555.0000","544.0000","555.0000"," ","0.0000","0.0000","13500","7419100","549.5630"
"20210721","01","12","    98460","JP3547850002","1155.0000","1155.0000","1155.0000","1155.0000","1161.0000","1171.0000","1161.0000","1171.0000","1155.0000","1171.0000","1155.0000","1171.0000"," ","0.0000","0.0000","1000","1161700","1161.7000"
"20210721","01","12","    98490","JP3226400004","4810.0000","4810.0000","4810.0000","4810.0000","0.0000","0.0000","0.0000","0.0000","4810.0000","4810.0000","4810.0000","4810.0000"," ","0.0000","0.0000","100","481000","4810.0000"
"20210721","01","12","    98520","JP3518400001","2800.0000","2800.0000","2795.0000","2795.0000","2787.0000","2787.0000","2787.0000","2787.0000","2800.0000","2800.0000","2787.0000","2787.0000"," ","0.0000","0.0000","8000","22397700","2799.7125"
"20210721","01","12","    98530","JP3265200000","831.0000","832.0000","828.0000","832.0000","817.0000","817.0000","817.0000","817.0000","831.0000","832.0000","817.0000","817.0000"," ","0.0000","0.0000","1600","1315300","822.0625"
"20210721","01","12","    98570","JP3161100007","1312.0000","1335.0000","1312.0000","1334.0000","1320.0000","1331.0000","1320.0000","1328.0000","1312.0000","1335.0000","1312.0000","1328.0000"," ","0.0000","0.0000","4300","5697900","1325.0930"
"20210721","01","12","    98670","JP3301200006","0.0000","0.0000","0.0000","0.0000","6450.0000","6460.0000","6450.0000","6460.0000","6450.0000","6460.0000","6450.0000","6460.0000"," ","0.0000","0.0000","200","1291000","6455.0000"
"20210721","01","12","    98730","JP3702200001","2877.0000","2877.0000","2840.0000","2842.0000","2842.0000","2858.0000","2835.0000","2858.0000","2877.0000","2877.0000","2835.0000","2858.0000"," ","0.0000","0.0000","71600","204136700","2851.0712"
"20210721","01","12","    98760","JP3299200000","175.0000","175.0000","173.0000","174.0000","173.0000","173.0000","172.0000","173.0000","175.0000","175.0000","172.0000","173.0000"," ","0.0000","0.0000","29700","5152800","173.4949"
"20210721","01","12","    98780","JP3420900007","1653.0000","1725.0000","1625.0000","1694.0000","1696.0000","1696.0000","1655.0000","1685.0000","1653.0000","1725.0000","1625.0000","1685.0000"," ","0.0000","0.0000","100700","169393000","1682.1549"
"20210721","01","12","    98850","JP3359800004","374.0000","374.0000","370.0000","371.0000","371.0000","371.0000","371.0000","371.0000","374.0000","374.0000","370.0000","371.0000"," ","0.0000","0.0000","3600","1337900","371.6389"
"20210721","01","12","    98880","JP3154850006","443.0000","443.0000","432.0000","435.0000","435.0000","439.0000","435.0000","439.0000","443.0000","443.0000","432.0000","439.0000"," ","0.0000","0.0000","20800","9130200","438.9519"
"20210721","01","12","    98900","JP3862900002","899.0000","904.0000","896.0000","904.0000","899.0000","899.0000","896.0000","896.0000","899.0000","904.0000","896.0000","896.0000"," ","0.0000","0.0000","2100","1889300","899.6667"
"20210721","01","12","    98950","JP3306000005","1297.0000","1319.0000","1297.0000","1319.0000","1320.0000","1320.0000","1294.0000","1320.0000","1297.0000","1320.0000","1294.0000","1320.0000"," ","0.0000","0.0000","500","655000","1310.0000"
"20210721","01","12","    99030","JP3229950005","2739.0000","2752.0000","2730.0000","2730.0000","2739.0000","2739.0000","2730.0000","2730.0000","2739.0000","2752.0000","2730.0000","2730.0000"," ","0.0000","0.0000","2200","6016900","2734.9545"
"20210721","01","12","    99040","JP3392700005","446.0000","449.0000","445.0000","446.0000","446.0000","447.0000","445.0000","445.0000","446.0000","449.0000","445.0000","445.0000"," ","0.0000","0.0000","41200","18386700","446.2791"
"20210721","01","12","    99060","JP3807650001","1477.0000","1503.0000","1477.0000","1503.0000","1503.0000","1503.0000","1495.0000","1503.0000","1477.0000","1503.0000","1477.0000","1503.0000"," ","0.0000","0.0000","2200","3273400","1487.9091"
"20210721","01","12","    99080","JP3734400009","1760.0000","1767.0000","1757.0000","1767.0000","1758.0000","1761.0000","1754.0000","1758.0000","1760.0000","1767.0000","1754.0000","1758.0000"," ","0.0000","0.0000","3000","5278100","1759.3667"
"20210721","01","12","    99090","JP3101300006","1775.0000","1775.0000","1760.0000","1760.0000","1775.0000","1775.0000","1770.0000","1775.0000","1775.0000","1775.0000","1760.0000","1775.0000"," ","0.0000","0.0000","1100","1945100","1768.2727"
"20210721","01","12","    99130","JP3686100003","567.0000","583.0000","560.0000","565.0000","565.0000","565.0000","556.0000","556.0000","567.0000","583.0000","556.0000","556.0000"," ","0.0000","0.0000","26400","14974600","567.2197"
"20210721","01","12","    99140","JP3155300001","714.0000","729.0000","700.0000","720.0000","721.0000","740.0000","721.0000","740.0000","714.0000","740.0000","700.0000","740.0000"," ","0.0000","0.0000","4400","3169800","720.4091"
"20210721","01","12","    99270","JP3994000002","2710.0000","2710.0000","2660.0000","2691.0000","2660.0000","2670.0000","2660.0000","2660.0000","2710.0000","2710.0000","2660.0000","2660.0000"," ","0.0000","0.0000","4300","11510500","2676.8605"
"20210721","01","12","    99290","JP3834300000","414.0000","414.0000","410.0000","410.0000","412.0000","414.0000","412.0000","414.0000","414.0000","414.0000","410.0000","414.0000"," ","0.0000","0.0000","2500","1032500","413.0000"
"20210721","01","12","    99410","JP3451800001","586.0000","588.0000","571.0000","581.0000","575.0000","576.0000","571.0000","576.0000","586.0000","588.0000","571.0000","576.0000"," ","0.0000","0.0000","4300","2485600","578.0465"
"20210721","01","12","    99500","JP3769200001","3045.0000","3045.0000","3040.0000","3040.0000","3035.0000","3035.0000","3035.0000","3035.0000","3045.0000","3045.0000","3035.0000","3035.0000"," ","0.0000","0.0000","400","1216000","3040.0000"
"20210721","01","12","    99550","JP3962200006","2268.0000","2268.0000","2251.0000","2251.0000","0.0000","0.0000","0.0000","0.0000","2268.0000","2268.0000","2251.0000","2251.0000"," ","0.0000","0.0000","600","1355700","2259.5000"
"20210721","01","12","    99590","JP3117400006","518.0000","518.0000","514.0000","517.0000","517.0000","519.0000","517.0000","519.0000","518.0000","519.0000","514.0000","519.0000"," ","0.0000","0.0000","4400","2278400","517.8182"
"20210721","01","12","    99640","JP3104900000","1401.0000","1401.0000","1400.0000","1400.0000","0.0000","0.0000","0.0000","0.0000","1401.0000","1401.0000","1400.0000","1400.0000"," ","0.0000","0.0000","200","280100","1400.5000"
"20210721","01","12","    99670","JP3313000006","2238.0000","2245.0000","2210.0000","2245.0000","0.0000","0.0000","0.0000","0.0000","2238.0000","2245.0000","2210.0000","2245.0000"," ","0.0000","0.0000","500","1116900","2233.8000"
"20210721","01","12","    99690","JP3369300003","277.0000","278.0000","276.0000","277.0000","276.0000","278.0000","276.0000","278.0000","277.0000","278.0000","276.0000","278.0000"," ","0.0000","0.0000","13800","3816700","276.5725"
"20210721","01","12","    99730","JP3298800008","55.0000","56.0000","54.0000","56.0000","55.0000","56.0000","54.0000","55.0000","55.0000","56.0000","54.0000","55.0000"," ","0.0000","0.0000","1113900","61275300","55.0097"
"20210721","01","12","    99760","JP3420850004","1758.0000","1758.0000","1758.0000","1758.0000","0.0000","0.0000","0.0000","0.0000","1758.0000","1758.0000","1758.0000","1758.0000"," ","0.0000","0.0000","700","1230600","1758.0000"
"20210721","01","12","    99770","JP3105700003","0.0000","0.0000","0.0000","0.0000","3090.0000","3135.0000","3090.0000","3135.0000","3090.0000","3135.0000","3090.0000","3135.0000"," ","0.0000","0.0000","700","2167500","3096.4286"
"20210721","01","12","    99780","JP3831750009","80.0000","81.0000","79.0000","80.0000","80.0000","80.0000","79.0000","79.0000","80.0000","81.0000","79.0000","79.0000"," ","0.0000","0.0000","147700","11807100","79.9397"
"20210721","01","12","    99800","JP3873800001","141.0000","142.0000","141.0000","142.0000","141.0000","142.0000","140.0000","142.0000","141.0000","142.0000","140.0000","142.0000"," ","0.0000","0.0000","41400","5851000","141.3285"
"20210721","01","12","    99960","JP3321500005","1598.0000","1598.0000","1593.0000","1593.0000","1590.0000","1597.0000","1590.0000","1590.0000","1598.0000","1598.0000","1590.0000","1590.0000"," ","0.0000","0.0000","1200","1912000","1593.3333"
"20210721","01","13","    13130","","4285.0000","4285.0000","4285.0000","4285.0000","4145.0000","4220.0000","4105.0000","4105.0000","4285.0000","4285.0000","4105.0000","4105.0000"," ","0.0000","0.0000","400","1661050","4152.6250"
"20210721","01","13","    13260","","18610.0000","18610.0000","18570.0000","18580.0000","18590.0000","18610.0000","18580.0000","18590.0000","18610.0000","18610.0000","18570.0000","18590.0000"," ","0.0000","0.0000","3999","74355800","18593.5984"
"20210721","01","13","    13270","","3760.0000","3840.0000","3760.0000","3785.0000","3765.0000","3875.0000","3765.0000","3875.0000","3760.0000","3875.0000","3760.0000","3875.0000"," ","0.0000","0.0000","356","1356350","3809.9719"
"20210721","01","13","    13490","","13310.0000","13310.0000","13310.0000","13310.0000","13310.0000","13310.0000","13310.0000","13310.0000","13310.0000","13310.0000","13310.0000","13310.0000"," ","0.0000","0.0000","4","53240","13310.0000"
"20210721","01","13","    13850","","5290.0000","5320.0000","5290.0000","5300.0000","5290.0000","5300.0000","5210.0000","5210.0000","5290.0000","5320.0000","5210.0000","5210.0000"," ","0.0000","0.0000","164","863620","5265.9756"
"20210721","01","13","    13860","","9630.0000","9630.0000","9610.0000","9610.0000","9550.0000","9690.0000","9550.0000","9690.0000","9630.0000","9690.0000","9550.0000","9690.0000"," ","0.0000","0.0000","85","814070","9577.2941"
"20210721","01","13","    13870","","18440.0000","18880.0000","18440.0000","18530.0000","18470.0000","18790.0000","18470.0000","18710.0000","18440.0000","18880.0000","18440.0000","18710.0000"," ","0.0000","0.0000","200","3704550","18522.7500"
"20210721","01","13","    13880","","0.0000","0.0000","0.0000","0.0000","0.0000","0.0000","0.0000","0.0000","0.0000","0.0000","0.0000","0.0000"," ","0.0000","0.0000","0","0","0.0000"
"20210721","01","13","    13890","","9750.0000","9790.0000","9660.0000","9790.0000","9730.0000","9730.0000","9630.0000","9630.0000","9750.0000","9790.0000","9630.0000","9630.0000"," ","0.0000","0.0000","176","1704680","9685.6818"
"20210721","01","13","    13900","","5990.0000","6100.0000","5980.0000","5990.0000","6000.0000","6060.0000","6000.0000","6060.0000","5990.0000","6100.0000","5980.0000","6060.0000"," ","0.0000","0.0000","235","1419820","6041.7872"
"20210721","01","13","    13910","","2781.0000","2811.0000","2781.0000","2807.0000","2807.0000","2807.0000","2768.0000","2800.0000","2781.0000","2811.0000","2768.0000","2800.0000"," ","0.0000","0.0000","349","972252","2785.8223"
"20210721","01","13","    13920","","2608.0000","2630.0000","2608.0000","2630.0000","2615.0000","2620.0000","2615.0000","2620.0000","2608.0000","2630.0000","2608.0000","2620.0000"," ","0.0000","0.0000","504","1319315","2617.6885"
"20210721","01","13","    13930","","46850.0000","47800.0000","46850.0000","47800.0000","47550.0000","47550.0000","47150.0000","47500.0000","46850.0000","47800.0000","46850.0000","47500.0000"," ","0.0000","0.0000","118","5535400","46910.1695"
"20210721","01","13","    13940","","0.0000","0.0000","0.0000","0.0000","0.0000","0.0000","0.0000","0.0000","0.0000","0.0000","0.0000","0.0000"," ","0.0000","0.0000","0","0","0.0000"
"20210721","01","13","    15570","","47450.0000","47550.0000","47300.0000","47350.0000","47350.0000","47450.0000","47300.0000","47350.0000","47450.0000","47550.0000","47300.0000","47350.0000"," ","0.0000","0.0000","7558","358317050","47408.9772"
"20210721","01","13","    15750","","816.0000","836.0000","816.0000","836.0000","835.0000","835.0000","823.0000","824.0000","816.0000","836.0000","816.0000","824.0000"," ","0.0000","0.0000","3970","3259700","821.0831"
"20210721","01","13","    15840","","0.0000","0.0000","0.0000","0.0000","0.0000","0.0000","0.0000","0.0000","0.0000","0.0000","0.0000","0.0000"," ","0.0000","0.0000","0","0","0.0000"
"20210721","01","13","    16720","","18850.0000","18850.0000","18850.0000","18850.0000","18720.0000","18760.0000","18700.0000","18760.0000","18850.0000","18850.0000","18700.0000","18760.0000"," ","0.0000","0.0000","18","337140","18730.0000"
"20210721","01","13","    16730","","2570.0000","2570.0000","2518.0000","2535.0000","2553.0000","2556.0000","2553.0000","2556.0000","2570.0000","2570.0000","2518.0000","2556.0000"," ","0.0000","0.0000","650","1651740","2541.1385"
"20210721","01","13","    16740","","11110.0000","11110.0000","10940.0000","10940.0000","10940.0000","10940.0000","10760.0000","10910.0000","11110.0000","11110.0000","10760.0000","10910.0000"," ","0.0000","0.0000","355","3859780","10872.6197"
"20210721","01","13","    16750","","27450.0000","27450.0000","27450.0000","27450.0000","27000.0000","27000.0000","26860.0000","26860.0000","27450.0000","27450.0000","26860.0000","26860.0000"," ","0.0000","0.0000","8","216760","27095.0000"
"20210721","01","13","    16760","","0.0000","0.0000","0.0000","0.0000","0.0000","0.0000","0.0000","0.0000","0.0000","0.0000","0.0000","0.0000"," ","0.0000","0.0000","0","0","0.0000"
"20210721","01","13","    16840","","0.0000","0.0000","0.0000","0.0000","0.0000","0.0000","0.0000","0.0000","0.0000","0.0000","0.0000","0.0000"," ","0.0000","0.0000","0","0","0.0000"
"20210721","01","13","    16850","","328.0000","328.0000","328.0000","328.0000","336.0000","336.0000","336.0000","336.0000","328.0000","336.0000","328.0000","336.0000"," ","0.0000","0.0000","1050","352400","335.6190"
"20210721","01","13","    16860","","1670.0000","1694.0000","1670.0000","1694.0000","1645.0000","1645.0000","1645.0000","1645.0000","1670.0000","1694.0000","1645.0000","1645.0000"," ","0.0000","0.0000","60","100910","1681.8333"
"20210721","01","13","    16870","","620.0000","620.0000","617.0000","619.0000","614.0000","617.0000","613.0000","617.0000","620.0000","620.0000","613.0000","617.0000"," ","0.0000","0.0000","2880","1773050","615.6424"
"20210721","01","13","    16880","","458.0000","459.0000","457.0000","458.0000","456.0000","456.0000","455.0000","455.0000","458.0000","459.0000","455.0000","455.0000"," ","0.0000","0.0000","9070","4144950","456.9956"
"20210721","01","13","    16890","","1.0000","2.0000","1.0000","2.0000","2.0000","2.0000","1.0000","2.0000","1.0000","2.0000","1.0000","2.0000"," ","0.0000","0.0000","10841500","17787600","1.6407"
"20210721","01","13","    16900","","667.0000","672.0000","667.0000","668.0000","667.0000","670.0000","666.0000","670.0000","667.0000","672.0000","666.0000","670.0000"," ","0.0000","0.0000","58800","39344550","669.1250"
"20210721","01","13","    16910","","2949.0000","2949.0000","2949.0000","2949.0000","2910.0000","2920.0000","2910.0000","2920.0000","2949.0000","2949.0000","2910.0000","2920.0000"," ","0.0000","0.0000","153","449140","2935.5556"
"20210721","01","13","    16920","","381.0000","381.0000","381.0000","381.0000","0.0000","0.0000","0.0000","0.0000","381.0000","381.0000","381.0000","381.0000"," ","0.0000","0.0000","100","38100","381.0000"
"20210721","01","13","    16930","","4155.0000","4155.0000","4120.0000","4120.0000","4050.0000","4110.0000","4050.0000","4110.0000","4155.0000","4155.0000","4050.0000","4110.0000"," ","0.0000","0.0000","660","2701050","4092.5000"
"20210721","01","13","    16940","","1890.0000","1902.0000","1880.0000","1880.0000","1880.0000","1886.0000","1875.0000","1875.0000","1890.0000","1902.0000","1875.0000","1875.0000"," ","0.0000","0.0000","1870","3533080","1889.3476"
"20210721","01","13","    16950","","84.0000","85.0000","84.0000","85.0000","84.0000","85.0000","84.0000","84.0000","84.0000","85.0000","84.0000","84.0000"," ","0.0000","0.0000","130400","11019800","84.5077"
"20210721","01","13","    16960","","120.0000","123.0000","120.0000","121.0000","120.0000","122.0000","120.0000","121.0000","120.0000","123.0000","120.0000","121.0000"," ","0.0000","0.0000","175000","21272000","121.5543"
"20210721","01","13","    16970","","2827.0000","2845.0000","2827.0000","2832.0000","2833.0000","2833.0000","2823.0000","2823.0000","2827.0000","2845.0000","2823.0000","2823.0000"," ","0.0000","0.0000","680","1925660","2831.8529"
"20210721","01","13","    17730","","17.0000","17.0000","16.0000","16.0000","17.0000","17.0000","17.0000","17.0000","17.0000","17.0000","16.0000","17.0000"," ","0.0000","0.0000","17000","278000","16.3529"
"20210721","01","13","    20310","","10500.0000","10850.0000","10500.0000","10580.0000","10440.0000","10460.0000","10440.0000","10460.0000","10500.0000","10850.0000","10440.0000","10460.0000"," ","0.0000","0.0000","90","955340","10614.8889"
"20210721","01","13","    20320","","5460.0000","5470.0000","5390.0000","5460.0000","5430.0000","5460.0000","5430.0000","5440.0000","5460.0000","5470.0000","5390.0000","5440.0000"," ","0.0000","0.0000","285","1546310","5425.6491"
"20210721","01","13","    20330","","19630.0000","19630.0000","19390.0000","19390.0000","19170.0000","19170.0000","19170.0000","19170.0000","19630.0000","19630.0000","19170.0000","19170.0000"," ","0.0000","0.0000","11","212650","19331.8182"
"20210721","01","13","    20340","","5780.0000","5780.0000","5680.0000","5710.0000","5750.0000","5790.0000","5740.0000","5750.0000","5780.0000","5790.0000","5680.0000","5750.0000"," ","0.0000","0.0000","1470","8418910","5727.1497"
"20210721","01","13","    20350","","182.0000","188.0000","180.0000","187.0000","187.0000","188.0000","184.0000","188.0000","182.0000","188.0000","180.0000","188.0000"," ","0.0000","0.0000","713967","131207273","183.7722"
"20210721","01","13","    20360","","17830.0000","17900.0000","17790.0000","17850.0000","17810.0000","17870.0000","17810.0000","17850.0000","17830.0000","17900.0000","17790.0000","17850.0000"," ","0.0000","0.0000","1240","22103450","17825.3629"
"20210721","01","13","    20370","","5490.0000","5490.0000","5470.0000","5480.0000","5470.0000","5490.0000","5460.0000","5460.0000","5490.0000","5490.0000","5460.0000","5460.0000"," ","0.0000","0.0000","53","290290","5477.1698"
"20210721","01","13","    20380","","535.0000","540.0000","534.0000","536.0000","534.0000","536.0000","532.0000","536.0000","535.0000","540.0000","532.0000","536.0000"," ","0.0000","0.0000","4400538","2356814855","535.5743"
"20210721","01","13","    20390","","3500.0000","3500.0000","3480.0000","3500.0000","3510.0000","3510.0000","3480.0000","3480.0000","3500.0000","3510.0000","3480.0000","3480.0000"," ","0.0000","0.0000","25092","87629910","3492.3446"
"20210721","01","13","    20400","","31150.0000","31150.0000","30750.0000","30750.0000","30800.0000","30850.0000","30750.0000","30750.0000","31150.0000","31150.0000","30750.0000","30750.0000"," ","0.0000","0.0000","11623","359470300","30927.4972"
"20210721","01","13","    20410","","2998.0000","3000.0000","2989.0000","3000.0000","3000.0000","3010.0000","2997.0000","3000.0000","2998.0000","3010.0000","2989.0000","3000.0000"," ","0.0000","0.0000","21536","64599396","2999.6005"
"20210721","01","13","    20420","","12200.0000","12210.0000","12150.0000","12150.0000","12150.0000","12150.0000","12060.0000","12060.0000","12200.0000","12210.0000","12060.0000","12060.0000"," ","0.0000","0.0000","1924","23429300","12177.3909"
"20210721","01","13","    20430","","12660.0000","12660.0000","12660.0000","12660.0000","0.0000","0.0000","0.0000","0.0000","12660.0000","12660.0000","12660.0000","12660.0000"," ","0.0000","0.0000","4","50640","12660.0000"
"20210721","01","13","    20440","","18790.0000","18790.0000","18610.0000","18610.0000","18600.0000","18670.0000","18600.0000","18650.0000","18790.0000","18790.0000","18600.0000","18650.0000"," ","0.0000","0.0000","440","8196990","18629.5227"
"20210721","01","13","    20450","","13410.0000","13430.0000","13410.0000","13430.0000","0.0000","0.0000","0.0000","0.0000","13410.0000","13430.0000","13410.0000","13430.0000"," ","0.0000","0.0000","5","67130","13426.0000"
"20210721","01","13","    20460","","14350.0000","14350.0000","14210.0000","14210.0000","14220.0000","14240.0000","14050.0000","14050.0000","14350.0000","14350.0000","14050.0000","14050.0000"," ","0.0000","0.0000","255","3627640","14226.0392"
"20210721","01","13","    20470","","4365.0000","4365.0000","4275.0000","4320.0000","4320.0000","4325.0000","4320.0000","4325.0000","4365.0000","4365.0000","4275.0000","4325.0000"," ","0.0000","0.0000","278","1200870","4319.6763"
"20210721","01","13","    20480","","0.0000","0.0000","0.0000","0.0000","0.0000","0.0000","0.0000","0.0000","0.0000","0.0000","0.0000","0.0000"," ","0.0000","0.0000","0","0","0.0000"
"20210721","01","13","    20500","","0.0000","0.0000","0.0000","0.0000","0.0000","0.0000","0.0000","0.0000","0.0000","0.0000","0.0000","0.0000"," ","0.0000","0.0000","0","0","0.0000"
"20210721","01","13","    20650","","12750.0000","12750.0000","12750.0000","12750.0000","12750.0000","12750.0000","12750.0000","12750.0000","12750.0000","12750.0000","12750.0000","12750.0000"," ","0.0000","0.0000","2","25500","12750.0000"
"20210721","01","13","    20660","","0.0000","0.0000","0.0000","0.0000","0.0000","0.0000","0.0000","0.0000","0.0000","0.0000","0.0000","0.0000"," ","0.0000","0.0000","0","0","0.0000"
"20210721","01","13","    20670","","0.0000","0.0000","0.0000","0.0000","0.0000","0.0000","0.0000","0.0000","0.0000","0.0000","0.0000","0.0000"," ","0.0000","0.0000","0","0","0.0000"
"20210721","01","13","    20680","","0.0000","0.0000","0.0000","0.0000","0.0000","0.0000","0.0000","0.0000","0.0000","0.0000","0.0000","0.0000"," ","0.0000","0.0000","0","0","0.0000"
"20210721","01","13","    20690","","0.0000","0.0000","0.0000","0.0000","0.0000","0.0000","0.0000","0.0000","0.0000","0.0000","0.0000","0.0000"," ","0.0000","0.0000","0","0","0.0000"
"20210721","01","13","    20700","","0.0000","0.0000","0.0000","0.0000","0.0000","0.0000","0.0000","0.0000","0.0000","0.0000","0.0000","0.0000"," ","0.0000","0.0000","0","0","0.0000"
"20210721","01","13","    20710","","10690.0000","10690.0000","10690.0000","10690.0000","10700.0000","10700.0000","10700.0000","10700.0000","10690.0000","10700.0000","10690.0000","10700.0000"," ","0.0000","0.0000","199","2127400","10690.4523"
"20210721","01","13","    20720","","0.0000","0.0000","0.0000","0.0000","0.0000","0.0000","0.0000","0.0000","0.0000","0.0000","0.0000","0.0000"," ","0.0000","0.0000","0","0","0.0000"
"20210721","01","13","    48750","","420.0000","428.0000","419.0000","426.0000","425.0000","428.0000","424.0000","426.0000","420.0000","428.0000","419.0000","426.0000"," ","0.0000","0.0000","57500","24455400","425.3113"
"20210721","01","13","    66970","","1835.0000","1875.0000","1789.0000","1836.0000","1835.0000","1879.0000","1825.0000","1867.0000","1835.0000","1879.0000","1789.0000","1867.0000"," ","0.0000","0.0000","119600","221023900","1848.0259"
"20210721","01","13","    76990","","1015.0000","1050.0000","1000.0000","1015.0000","1012.0000","1015.0000","992.0000","997.0000","1015.0000","1050.0000","992.0000","997.0000"," ","0.0000","0.0000","66600","67690900","1016.3799"
"20210721","01","13","    93990","","71.0000","71.0000","70.0000","70.0000","70.0000","71.0000","69.0000","70.0000","71.0000","71.0000","69.0000","70.0000"," ","0.0000","0.0000","227600","15956313","70.1068"
"20210721","01","51","900011379","JP384325PJ71","0.0000","0.0000","0.0000","0.0000","0.0000","0.0000","0.0000","0.0000","0.0000","0.0000","0.0000","0.0000"," ","0.0000","0.0000","0","0","0.0000"
"20210721","01","51","900022733","JP312510PJ77","0.0000","0.0000","0.0000","0.0000","0.0000","0.0000","0.0000","0.0000","0.0000","0.0000","0.0000","0.0000"," ","0.0000","0.0000","0","0","0.0000"
"20210721","01","51","900031822","JP349860PL89","0.0000","0.0000","0.0000","0.0000","0.0000","0.0000","0.0000","0.0000","0.0000","0.0000","0.0000","0.0000"," ","0.0000","0.0000","0","0","0.0000"
"20210721","01","51","900053946","JP355400PH30","0.0000","0.0000","0.0000","0.0000","0.0000","0.0000","0.0000","0.0000","0.0000","0.0000","0.0000","0.0000"," ","0.0000","0.0000","0","0","0.0000"
"20210721","01","51","900064046","JP348590PH92","0.0000","0.0000","0.0000","0.0000","0.0000","0.0000","0.0000","0.0000","0.0000","0.0000","0.0000","0.0000"," ","0.0000","0.0000","0","0","0.0000"
"20210721","01","51","900066758","JP343500PF78","0.0000","0.0000","0.0000","0.0000","0.0000","0.0000","0.0000","0.0000","0.0000","0.0000","0.0000","0.0000"," ","0.0000","0.0000","0","0","0.0000"
